iteration,total_iterations,elapsed_seconds,loss,pg_loss,vf_loss,entropy,approx_kl,clip_frac,grad_norm,explained_variance,reward,episodes,wins,losses,draws,win_pct,loss_pct,draw_pct,episode_length,cities,lr,sps,eval_wins,eval_losses,eval_draws,eval_win_pct
2001,8000,228,1.7924,-0.0137,3.5354,4.927,0.0178,0.1,6.69,0.83,0.0,663.0,410,253,0,62,38,0,395.0,0.01,0.0001,2806.0,,,,
2002,8000,254,1.6772,-0.0142,3.3092,5.308,0.0113,0.09,3.96,0.87,0.0,567.0,298,269,0,53,47,0,462.0,0.02,0.0001,21523.0,,,,
2003,8000,271,1.7488,-0.0124,3.4452,5.013,0.0119,0.09,4.87,0.9,0.0,727.0,302,425,0,42,58,0,361.0,0.05,0.0001,31852.0,,,,
2004,8000,288,1.7986,0.004,3.5099,4.797,0.0112,0.09,4.63,0.91,0.0,1063.0,483,550,30,45,52,3,247.0,0.03,0.0001,31849.0,,,,
2005,8000,304,1.7934,0.0197,3.4683,4.781,0.0121,0.09,4.88,0.92,0.0,1100.0,600,480,20,55,44,2,238.0,0.01,0.0001,31838.0,,,,
2006,8000,321,1.686,-0.024,3.3405,4.813,0.011,0.08,8.58,0.93,0.0,850.0,426,419,5,50,49,1,308.0,0.01,0.0001,31845.0,,,,
2007,8000,337,1.5926,-0.0103,3.1273,4.974,0.0087,0.07,6.21,0.93,0.0,531.0,242,289,0,46,54,0,494.0,0.05,0.0001,31849.0,,,,
2008,8000,354,1.5742,-0.0091,3.0892,4.912,0.011,0.07,9.19,0.92,0.0,426.0,161,255,10,38,60,2,615.0,0.11,0.0001,31810.0,,,,
2009,8000,371,1.631,0.0091,3.1677,4.928,0.0113,0.09,5.13,0.83,0.0,558.0,191,353,14,34,63,3,470.0,0.09,0.0001,31793.0,,,,
2010,8000,387,1.8026,0.0362,3.4555,4.58,0.0181,0.11,3.2,0.81,0.0,790.0,325,434,31,41,55,4,332.0,0.07,0.0001,31805.0,,,,
2011,8000,404,1.8901,0.034,3.6324,4.43,0.0127,0.11,3.11,0.8,0.0,1106.0,562,531,13,51,48,1,237.0,0.05,0.0001,31841.0,,,,
2012,8000,420,1.841,0.0392,3.5244,4.559,0.013,0.11,4.05,0.83,0.0,1169.0,608,548,13,52,47,1,224.0,0.03,0.0001,31795.0,,,,
2013,8000,437,1.7434,-0.0226,3.4531,4.684,0.0116,0.1,3.39,0.85,0.0,977.0,541,431,5,55,44,1,268.0,0.02,0.0001,31792.0,,,,
2014,8000,453,1.7005,0.017,3.292,5.095,0.0105,0.09,3.1,0.88,0.0,661.0,325,332,4,49,50,1,397.0,0.02,0.0001,31812.0,,,,
2015,8000,470,1.6696,0.0158,3.2319,5.116,0.007,0.06,5.12,0.9,0.0,552.0,276,271,5,50,49,1,475.0,0.03,0.0001,31866.0,,,,
2016,8000,486,1.6662,0.0155,3.2249,4.96,0.0081,0.07,4.93,0.91,0.0,595.0,305,278,12,51,47,2,441.0,0.03,0.0001,31796.0,,,,
2017,8000,503,1.707,0.0138,3.3079,4.747,0.0088,0.07,4.84,0.92,0.0,719.0,394,302,23,55,42,3,365.0,0.01,0.0001,31805.0,,,,
2018,8000,519,1.7501,0.0138,3.3908,4.445,0.008,0.07,7.06,0.93,0.0,824.0,419,389,16,51,47,2,318.0,0.02,0.0001,31808.0,,,,
2019,8000,536,1.7767,0.0304,3.4105,4.447,0.0093,0.08,5.03,0.93,0.0,912.0,470,429,13,52,47,1,287.0,0.02,0.0001,31806.0,,,,
2020,8000,552,1.7546,0.034,3.36,4.548,0.0095,0.08,6.21,0.94,0.0,832.0,417,407,8,50,49,1,315.0,0.01,0.0001,31866.0,,,,
2021,8000,570,1.6944,0.006,3.2973,4.724,0.0094,0.08,6.43,0.93,0.0,664.0,354,306,4,53,46,1,395.0,0.01,0.0001,30671.0,,,,
2022,8000,586,1.6127,0.0073,3.136,5.262,0.0091,0.07,9.4,0.95,0.0,370.0,192,174,4,52,47,1,708.0,0.01,0.0001,31824.0,,,,
2023,8000,603,1.6022,0.0251,3.0782,5.083,0.01,0.08,5.2,0.94,0.0,373.0,158,207,8,42,55,2,703.0,0.02,0.0001,31818.0,,,,
2024,8000,619,1.6957,0.0177,3.277,4.688,0.0075,0.07,7.09,0.93,0.0,559.0,216,325,18,39,58,3,469.0,0.03,0.0001,31814.0,,,,
2025,8000,636,1.712,0.0109,3.3215,4.548,0.0101,0.08,6.87,0.92,0.0,733.0,270,393,70,37,54,10,358.0,0.02,0.0001,31891.0,,,,
2026,8000,652,1.7447,0.0191,3.3685,4.407,0.0106,0.09,5.96,0.92,0.0,783.0,334,412,37,43,53,5,335.0,0.01,0.0001,31791.0,,,,
2027,8000,669,1.7303,0.0161,3.3466,4.497,0.0103,0.09,5.55,0.93,0.0,750.0,341,392,17,45,52,2,350.0,0.0,0.0001,31878.0,,,,
2028,8000,685,1.7255,0.0168,3.3359,4.512,0.0113,0.09,7.24,0.92,0.0,744.0,358,366,20,48,49,3,352.0,0.0,0.0001,31816.0,,,,
2029,8000,702,1.7675,0.0169,3.4182,4.389,0.0128,0.1,5.23,0.92,0.0,829.0,400,396,33,48,48,4,316.0,0.01,0.0001,31831.0,,,,
2030,8000,718,1.788,0.0327,3.4266,4.281,0.012,0.1,6.56,0.92,0.0,814.0,365,424,25,45,52,3,322.0,0.01,0.0001,31811.0,,,,
2031,8000,735,1.7805,0.0463,3.3857,4.362,0.0115,0.09,4.95,0.92,0.0,745.0,355,373,17,48,50,2,352.0,0.01,0.0001,31818.0,,,,
2032,8000,752,1.7133,0.0206,3.3037,4.511,0.0093,0.08,5.57,0.92,0.0,634.0,304,311,19,48,49,3,413.0,0.02,0.0001,31878.0,,,,
2033,8000,768,1.6987,0.015,3.2856,4.525,0.0118,0.09,4.75,0.92,0.0,600.0,260,314,26,43,52,4,437.0,0.02,0.0001,31880.0,,,,
2034,8000,785,1.7509,0.0198,3.3801,4.431,0.0128,0.11,3.67,0.9,0.0,672.0,275,377,20,41,56,3,390.0,0.02,0.0001,31821.0,,,,
2035,8000,801,1.7475,0.0237,3.3664,4.435,0.0108,0.1,4.53,0.91,0.0,668.0,255,392,21,38,59,3,392.0,0.01,0.0001,31809.0,,,,
2036,8000,818,1.7207,0.0291,3.3038,4.589,0.0117,0.1,5.01,0.92,0.0,645.0,240,390,15,37,60,2,406.0,0.02,0.0001,31806.0,,,,
2037,8000,834,1.7161,0.025,3.3031,4.642,0.0112,0.09,5.44,0.92,0.0,633.0,233,389,11,37,61,2,414.0,0.04,0.0001,31873.0,,,,
2038,8000,851,1.7039,0.0303,3.2682,4.699,0.0102,0.09,3.47,0.92,0.0,547.0,244,296,7,45,54,1,479.0,0.05,0.0001,31795.0,,,,
2039,8000,867,1.7151,0.0208,3.3087,4.636,0.0106,0.09,4.17,0.91,0.0,598.0,288,306,4,48,51,1,438.0,0.05,0.0001,31805.0,,,,
2040,8000,884,1.7455,0.0228,3.3646,4.547,0.0125,0.1,4.46,0.9,0.0,641.0,361,275,5,56,43,1,409.0,0.05,0.0001,31802.0,,,,
2041,8000,901,1.7621,0.0271,3.3905,4.668,0.0122,0.09,4.6,0.88,0.0,747.0,334,409,4,45,55,1,351.0,0.03,0.0001,30700.0,,,,
2042,8000,918,1.73,0.0242,3.3337,4.897,0.0102,0.09,5.79,0.89,0.0,656.0,268,386,2,41,59,0,400.0,0.03,0.0001,31885.0,,,,
2043,8000,934,1.7224,0.0329,3.2981,4.629,0.0115,0.09,5.05,0.89,0.0,612.0,266,346,0,43,57,0,428.0,0.03,0.0001,31813.0,,,,
2044,8000,951,1.7856,0.0268,3.4361,4.475,0.0105,0.09,4.96,0.88,0.0,712.0,357,354,1,50,50,0,368.0,0.05,0.0001,31861.0,,,,
2045,8000,967,1.7828,0.0178,3.4465,4.326,0.0092,0.08,5.88,0.89,0.0,795.0,334,449,12,42,56,2,330.0,0.06,0.0001,31822.0,,,,
2046,8000,984,1.7309,0.0093,3.3596,4.402,0.0085,0.08,6.49,0.91,0.0,723.0,315,399,9,44,55,1,363.0,0.05,0.0001,31881.0,,,,
2047,8000,1000,1.7313,-0.0024,3.3843,4.38,0.0087,0.07,7.57,0.91,0.0,751.0,335,408,8,45,54,1,349.0,0.04,0.0001,31882.0,,,,
2048,8000,1017,1.7328,0.0016,3.3792,4.433,0.0082,0.07,8.97,0.91,0.0,688.0,278,406,4,40,59,1,381.0,0.04,0.0001,31807.0,,,,
2049,8000,1033,1.7,0.0061,3.3061,4.577,0.01,0.07,8.83,0.92,0.0,621.0,266,350,5,43,56,1,422.0,0.07,0.0001,31808.0,487,2,23,95
2050,8000,1170,1.9332,0.0046,3.7755,4.468,0.0182,0.11,4.94,0.84,0.0,1102.0,491,611,0,45,55,0,238.0,0.01,0.0001,4682.0,,,,
2051,8000,1187,1.7661,0.0414,3.3696,4.726,0.0123,0.1,8.57,0.86,0.0,742.0,438,304,0,59,41,0,353.0,0.01,0.0001,31846.0,,,,
2052,8000,1203,1.6916,0.0278,3.2514,5.14,0.0112,0.09,17.78,0.91,0.0,438.0,246,192,0,56,44,0,599.0,0.01,0.0001,31853.0,,,,
2053,8000,1220,1.6226,0.0157,3.1361,4.969,0.0153,0.1,3.65,0.92,0.0,485.0,276,196,13,57,40,3,541.0,0.01,0.0001,31833.0,,,,
2054,8000,1236,1.597,0.0014,3.1145,5.088,0.0119,0.09,3.77,0.92,0.0,496.0,286,210,0,58,42,0,529.0,0.0,0.0001,31832.0,,,,
2055,8000,1253,1.5421,0.0026,3.0047,5.193,0.0134,0.09,3.38,0.94,0.0,427.0,212,194,21,50,45,5,614.0,0.0,0.0001,31846.0,,,,
2056,8000,1270,1.5362,-0.0073,3.0126,5.104,0.0101,0.08,4.36,0.94,0.0,457.0,215,208,34,47,46,7,574.0,0.0,0.0001,31842.0,,,,
2057,8000,1286,1.5167,-0.007,2.9737,5.141,0.0085,0.07,5.63,0.94,0.0,439.0,206,194,39,47,44,9,597.0,0.0,0.0001,31869.0,,,,
2058,8000,1303,1.5488,-0.01,3.0434,4.996,0.009,0.07,8.1,0.94,0.0,482.0,216,184,82,45,38,17,544.0,0.0,0.0001,31839.0,,,,
2059,8000,1319,1.5863,-0.0128,3.1213,4.843,0.0098,0.07,10.92,0.94,0.0,594.0,276,261,57,46,44,10,441.0,0.0,0.0001,31846.0,,,,
2060,8000,1336,1.5879,-0.0172,3.1333,4.809,0.006,0.05,9.72,0.95,0.0,612.0,321,248,43,52,41,7,428.0,0.0,0.0001,31853.0,,,,
2061,8000,1353,1.721,-0.0387,3.4409,4.728,0.008,0.07,10.41,0.92,0.0,813.0,438,332,43,54,41,5,322.0,0.0,0.0001,30721.0,,,,
2062,8000,1369,1.699,-0.0544,3.4292,4.889,0.0097,0.07,5.05,0.93,0.0,895.0,508,357,30,57,40,3,293.0,0.0,0.0001,31843.0,,,,
2063,8000,1386,1.7382,-0.0006,3.4004,5.001,0.0114,0.08,8.68,0.94,0.0,711.0,405,296,10,57,42,1,369.0,0.0,0.0001,31846.0,,,,
2064,8000,1402,1.7613,0.0091,3.4263,4.84,0.01,0.08,6.31,0.94,0.0,835.0,413,398,24,49,48,3,314.0,0.01,0.0001,31856.0,,,,
2065,8000,1419,1.8427,0.0294,3.5471,4.686,0.0114,0.08,6.02,0.93,0.0,971.0,493,476,2,51,49,0,270.0,0.0,0.0001,31840.0,,,,
2066,8000,1435,1.8173,0.0072,3.5388,4.448,0.0123,0.1,4.28,0.92,0.0,1006.0,505,492,9,50,49,1,261.0,0.0,0.0001,31909.0,,,,
2067,8000,1452,1.7456,-0.0466,3.503,4.503,0.0097,0.08,6.65,0.93,0.0,1001.0,475,524,2,47,52,0,262.0,0.0,0.0001,31831.0,,,,
2068,8000,1468,1.7443,-0.026,3.4593,4.513,0.0106,0.09,6.93,0.94,0.0,937.0,419,514,4,45,55,0,280.0,0.0,0.0001,31831.0,,,,
2069,8000,1485,1.7725,0.0095,3.4442,4.48,0.0119,0.09,6.76,0.94,0.0,844.0,392,445,7,46,53,1,311.0,0.0,0.0001,31845.0,,,,
2070,8000,1501,1.7467,0.0099,3.3917,4.468,0.0109,0.09,7.83,0.94,0.0,739.0,351,385,3,47,52,0,355.0,0.0,0.0001,31821.0,,,,
2071,8000,1518,1.7275,0.0155,3.3422,4.525,0.0114,0.09,5.98,0.94,0.0,668.0,293,366,9,44,55,1,392.0,0.01,0.0001,31854.0,,,,
2072,8000,1535,1.6975,0.0017,3.3099,4.549,0.0124,0.09,6.26,0.93,0.0,663.0,299,352,12,45,53,2,395.0,0.02,0.0001,31904.0,,,,
2073,8000,1551,1.678,0.0046,3.267,4.684,0.0122,0.1,4.53,0.92,0.0,645.0,276,358,11,43,56,2,406.0,0.04,0.0001,31837.0,,,,
2074,8000,1568,1.5958,-0.0003,3.116,5.093,0.0058,0.06,12.28,0.92,0.0,417.0,168,224,25,40,54,6,629.0,0.03,0.0001,31856.0,,,,
2075,8000,1584,1.5055,-0.0036,2.9442,5.282,0.0101,0.08,4.58,0.94,0.0,326.0,126,176,24,39,54,7,804.0,0.02,0.0001,31907.0,,,,
2076,8000,1601,1.4782,-0.0062,2.8967,5.459,0.01,0.07,5.52,0.94,0.0,256.0,103,133,20,40,52,8,1024.0,0.01,0.0001,31840.0,,,,
2077,8000,1617,1.4927,-0.0187,2.9505,5.279,0.0119,0.09,3.88,0.93,0.0,386.0,163,163,60,42,42,16,679.0,0.01,0.0001,31907.0,,,,
2078,8000,1634,1.628,-0.0271,3.2349,4.96,0.0094,0.08,9.41,0.92,0.0,574.0,240,264,70,42,46,12,457.0,0.0,0.0001,31829.0,,,,
2079,8000,1650,1.6775,-0.0221,3.3212,4.742,0.0148,0.1,4.36,0.92,0.0,750.0,302,366,82,40,49,11,350.0,0.0,0.0001,31851.0,,,,
2080,8000,1667,1.7101,-0.0205,3.3835,4.695,0.0124,0.1,4.56,0.92,0.0,814.0,331,429,54,41,53,7,322.0,0.0,0.0001,31806.0,,,,
2081,8000,1684,1.7018,-0.0092,3.3428,4.809,0.0129,0.1,7.07,0.9,0.0,702.0,279,359,64,40,51,9,373.0,0.01,0.0001,30710.0,,,,
2082,8000,1701,1.7083,-0.0095,3.3584,4.924,0.0101,0.08,5.89,0.91,0.0,635.0,285,333,17,45,52,3,413.0,0.03,0.0001,31809.0,,,,
2083,8000,1717,1.7523,0.008,3.4088,4.648,0.0105,0.09,4.72,0.9,0.0,724.0,383,334,7,53,46,1,362.0,0.02,0.0001,31810.0,,,,
2084,8000,1734,1.8358,-0.0048,3.5995,4.405,0.0103,0.09,5.57,0.89,0.0,903.0,504,396,3,56,44,0,290.0,0.01,0.0001,31818.0,,,,
2085,8000,1750,1.8072,-0.0169,3.5663,4.405,0.0094,0.09,6.96,0.89,0.0,865.0,456,407,2,53,47,0,303.0,0.02,0.0001,31805.0,,,,
2086,8000,1767,1.741,-0.0267,3.455,4.539,0.0115,0.1,4.51,0.88,0.0,771.0,432,338,1,56,44,0,340.0,0.02,0.0001,31818.0,,,,
2087,8000,1783,1.7539,-0.0151,3.4585,4.626,0.009,0.08,6.75,0.87,0.0,728.0,394,332,2,54,46,0,360.0,0.05,0.0001,31816.0,,,,
2088,8000,1800,1.7887,0.0219,3.4539,4.57,0.0117,0.1,4.18,0.86,0.0,779.0,394,382,3,51,49,0,337.0,0.07,0.0001,31757.0,,,,
2089,8000,1816,1.8282,0.0203,3.535,4.49,0.0114,0.1,3.98,0.88,0.0,924.0,489,432,3,53,47,0,284.0,0.05,0.0001,31840.0,,,,
2090,8000,1833,1.8679,0.0269,3.6006,4.421,0.0129,0.1,4.36,0.9,0.0,1011.0,455,554,2,45,55,0,259.0,0.04,0.0001,31836.0,,,,
2091,8000,1849,1.8807,0.0176,3.6431,4.32,0.0093,0.08,10.3,0.92,0.0,1032.0,513,519,0,50,50,0,254.0,0.03,0.0001,31804.0,,,,
2092,8000,1866,1.8414,0.019,3.561,4.271,0.0084,0.07,7.33,0.93,0.0,1050.0,566,484,0,54,46,0,250.0,0.02,0.0001,31845.0,,,,
2093,8000,1882,1.8444,0.0071,3.5903,4.228,0.0108,0.08,11.46,0.93,0.0,1039.0,574,465,0,55,45,0,252.0,0.01,0.0001,31777.0,,,,
2094,8000,1899,1.846,-0.007,3.623,4.341,0.0073,0.07,12.99,0.93,0.0,971.0,509,462,0,52,48,0,270.0,0.01,0.0001,31799.0,,,,
2095,8000,1916,1.7774,0.0063,3.46,4.461,0.006,0.06,10.11,0.93,0.0,785.0,403,381,1,51,49,0,334.0,0.03,0.0001,31755.0,,,,
2096,8000,1932,1.7189,0.0086,3.3403,4.612,0.0094,0.08,6.25,0.93,0.0,722.0,378,342,2,52,47,0,363.0,0.02,0.0001,31783.0,,,,
2097,8000,1949,1.7181,0.0066,3.3441,4.746,0.007,0.07,7.67,0.93,0.0,666.0,312,353,1,47,53,0,394.0,0.03,0.0001,31766.0,,,,
2098,8000,1965,1.7643,0.0187,3.411,4.621,0.0141,0.1,6.09,0.92,0.0,808.0,364,443,1,45,55,0,324.0,0.02,0.0001,31751.0,,,,
2099,8000,1982,1.7698,0.0103,3.4381,4.532,0.0099,0.09,6.39,0.93,0.0,807.0,360,444,3,45,55,0,325.0,0.03,0.0001,31855.0,382,2,128,75
2100,8000,2111,1.9437,-0.0016,3.8085,4.466,0.0171,0.11,4.85,0.88,0.0,1066.0,591,475,0,55,45,0,246.0,0.01,0.0001,5025.0,,,,
2101,8000,2128,1.8148,0.0082,3.5304,4.497,0.0114,0.09,6.7,0.88,0.0,620.0,385,235,0,62,38,0,423.0,0.01,0.0001,30732.0,,,,
2102,8000,2145,1.736,0.0116,3.3668,4.498,0.0113,0.09,6.03,0.91,0.0,621.0,335,286,0,54,46,0,422.0,0.03,0.0001,31858.0,,,,
2103,8000,2161,1.7591,0.02,3.395,4.345,0.015,0.11,4.56,0.89,0.0,757.0,390,363,4,52,48,1,346.0,0.04,0.0001,31852.0,,,,
2104,8000,2178,1.7027,0.0027,3.3181,4.467,0.0088,0.08,6.61,0.92,0.0,798.0,452,346,0,57,43,0,329.0,0.03,0.0001,31871.0,,,,
2105,8000,2194,1.6908,-0.0051,3.3106,4.514,0.0121,0.1,4.69,0.93,0.0,768.0,433,335,0,56,44,0,341.0,0.01,0.0001,31841.0,,,,
2106,8000,2211,1.7763,0.011,3.4492,4.464,0.0122,0.1,4.73,0.91,0.0,894.0,493,400,1,55,45,0,293.0,0.01,0.0001,31825.0,,,,
2107,8000,2227,1.7479,0.0069,3.4023,4.655,0.0098,0.08,5.41,0.93,0.0,870.0,458,412,0,53,47,0,301.0,0.0,0.0001,31852.0,,,,
2108,8000,2244,1.7416,-0.0107,3.4251,4.655,0.0092,0.08,8.21,0.94,0.0,841.0,417,424,0,50,50,0,312.0,0.0,0.0001,31821.0,,,,
2109,8000,2260,1.7272,0.003,3.3701,4.756,0.0107,0.09,12.74,0.94,0.0,720.0,401,319,0,56,44,0,364.0,0.0,0.0001,31899.0,,,,
2110,8000,2277,1.61,-0.0062,3.1552,4.903,0.0101,0.09,3.75,0.94,0.0,551.0,314,237,0,57,43,0,476.0,0.01,0.0001,31851.0,,,,
2111,8000,2293,1.6681,0.001,3.254,4.591,0.012,0.1,3.74,0.92,0.0,559.0,307,251,1,55,45,0,469.0,0.02,0.0001,31823.0,,,,
2112,8000,2310,1.6776,0.0061,3.2632,4.605,0.013,0.11,2.71,0.92,0.0,547.0,238,307,2,44,56,0,479.0,0.03,0.0001,31855.0,,,,
2113,8000,2326,1.6441,0.004,3.2016,4.782,0.0108,0.09,3.01,0.93,0.0,521.0,253,267,1,49,51,0,503.0,0.04,0.0001,31899.0,,,,
2114,8000,2343,1.6461,0.001,3.2105,4.706,0.0109,0.09,3.16,0.92,0.0,551.0,263,288,0,48,52,0,476.0,0.03,0.0001,31831.0,,,,
2115,8000,2359,1.7016,-0.0013,3.3249,4.544,0.0105,0.09,3.23,0.92,0.0,583.0,265,318,0,45,55,0,450.0,0.03,0.0001,31841.0,,,,
2116,8000,2376,1.7051,0.0073,3.3148,4.566,0.0108,0.1,4.15,0.92,0.0,619.0,291,328,0,47,53,0,423.0,0.03,0.0001,31863.0,,,,
2117,8000,2392,1.7159,0.0154,3.32,4.55,0.009,0.08,3.84,0.93,0.0,605.0,265,339,1,44,56,0,433.0,0.03,0.0001,31850.0,,,,
2118,8000,2409,1.7059,0.0107,3.3083,4.48,0.0087,0.08,4.4,0.92,0.0,589.0,252,336,1,43,57,0,445.0,0.03,0.0001,31882.0,,,,
2119,8000,2426,1.7383,0.0173,3.3601,4.448,0.0075,0.07,7.31,0.93,0.0,618.0,286,329,3,46,53,0,424.0,0.01,0.0001,31851.0,,,,
2120,8000,2442,1.7611,0.008,3.4233,4.351,0.007,0.07,9.84,0.93,0.0,701.0,314,385,2,45,55,0,374.0,0.01,0.0001,31830.0,,,,
2121,8000,2459,1.7647,0.0291,3.3912,4.588,0.008,0.07,7.04,0.92,0.0,748.0,337,411,0,45,55,0,350.0,0.01,0.0001,30696.0,,,,
2122,8000,2476,1.7157,0.0339,3.2868,4.951,0.0087,0.07,5.13,0.9,0.0,631.0,277,352,2,44,56,0,415.0,0.02,0.0001,31803.0,,,,
2123,8000,2492,1.7596,0.0154,3.4093,4.701,0.0079,0.07,5.4,0.91,0.0,668.0,319,348,1,48,52,0,392.0,0.03,0.0001,31839.0,,,,
2124,8000,2509,1.7512,0.0203,3.382,4.619,0.0116,0.1,4.38,0.91,0.0,739.0,351,388,0,47,53,0,355.0,0.05,0.0001,31821.0,,,,
2125,8000,2525,1.7593,0.0314,3.376,4.594,0.0103,0.09,4.87,0.91,0.0,709.0,340,367,2,48,52,0,370.0,0.03,0.0001,31898.0,,,,
2126,8000,2542,1.7762,0.0393,3.3933,4.553,0.0103,0.1,4.16,0.92,0.0,738.0,367,371,0,50,50,0,355.0,0.02,0.0001,31816.0,,,,
2127,8000,2558,1.8383,0.0521,3.4903,4.351,0.0125,0.11,3.81,0.92,0.0,872.0,478,393,1,55,45,0,301.0,0.04,0.0001,31817.0,,,,
2128,8000,2575,1.8297,0.0211,3.5353,4.359,0.012,0.1,3.83,0.91,0.0,921.0,502,418,1,55,45,0,285.0,0.05,0.0001,31873.0,,,,
2129,8000,2591,1.8303,0.026,3.5271,4.402,0.0118,0.1,4.12,0.91,0.0,988.0,540,448,0,55,45,0,265.0,0.04,0.0001,31821.0,,,,
2130,8000,2608,1.7645,0.0187,3.4125,4.669,0.0081,0.07,7.21,0.92,0.0,775.0,446,328,1,58,42,0,338.0,0.02,0.0001,31835.0,,,,
2131,8000,2624,1.7792,0.0276,3.4239,4.641,0.0099,0.08,4.67,0.91,0.0,827.0,442,385,0,53,47,0,317.0,0.01,0.0001,31882.0,,,,
2132,8000,2641,1.7762,0.0295,3.4147,4.711,0.0093,0.08,5.33,0.91,0.0,785.0,443,342,0,56,44,0,334.0,0.01,0.0001,31825.0,,,,
2133,8000,2658,1.7255,0.0217,3.3297,4.789,0.0093,0.08,4.2,0.91,0.0,691.0,356,334,1,52,48,0,379.0,0.01,0.0001,31829.0,,,,
2134,8000,2674,1.7121,0.029,3.2877,4.758,0.0096,0.08,3.88,0.91,0.0,623.0,296,325,2,48,52,0,421.0,0.01,0.0001,31826.0,,,,
2135,8000,2691,1.7747,0.0262,3.4176,4.653,0.0106,0.09,7.16,0.89,0.0,694.0,331,359,4,48,52,1,378.0,0.02,0.0001,31847.0,,,,
2136,8000,2707,1.7711,0.0406,3.3819,4.64,0.0107,0.09,4.3,0.91,0.0,698.0,306,383,9,44,55,1,376.0,0.02,0.0001,31809.0,,,,
2137,8000,2724,1.7381,0.0409,3.3162,4.785,0.0111,0.09,3.32,0.92,0.0,743.0,359,383,1,48,52,0,353.0,0.01,0.0001,31814.0,,,,
2138,8000,2740,1.7719,0.0427,3.3799,4.765,0.0111,0.09,3.8,0.91,0.0,823.0,392,431,0,48,52,0,319.0,0.01,0.0001,31816.0,,,,
2139,8000,2757,1.7767,0.0419,3.3913,4.792,0.0109,0.09,4.01,0.91,0.0,832.0,397,434,1,48,52,0,315.0,0.03,0.0001,31879.0,,,,
2140,8000,2773,1.827,0.0365,3.5009,4.587,0.0102,0.09,3.84,0.9,0.0,978.0,459,519,0,47,53,0,268.0,0.05,0.0001,31828.0,,,,
2141,8000,2790,1.8382,0.0223,3.5508,4.491,0.0119,0.09,3.65,0.9,0.0,877.0,438,439,0,50,50,0,299.0,0.08,0.0001,30775.0,,,,
2142,8000,2807,1.79,0.014,3.4721,4.594,0.0101,0.09,5.0,0.91,0.0,797.0,394,402,1,49,50,0,329.0,0.09,0.0001,31845.0,,,,
2143,8000,2823,1.749,0.0339,3.3505,4.641,0.0091,0.08,5.21,0.9,0.0,652.0,301,347,4,46,53,1,402.0,0.07,0.0001,31850.0,,,,
2144,8000,2840,1.7036,0.0334,3.2613,4.711,0.013,0.08,5.22,0.92,0.0,591.0,292,293,6,49,50,1,444.0,0.06,0.0001,31843.0,,,,
2145,8000,2857,1.7096,0.0423,3.2552,4.74,0.007,0.06,7.34,0.93,0.0,577.0,285,286,6,49,50,1,454.0,0.04,0.0001,31855.0,,,,
2146,8000,2873,1.7267,0.039,3.2969,4.75,0.0084,0.07,8.96,0.93,0.0,638.0,298,325,15,47,51,2,411.0,0.02,0.0001,31851.0,,,,
2147,8000,2890,1.6846,0.0324,3.2258,4.711,0.0084,0.07,7.92,0.94,0.0,619.0,323,277,19,52,45,3,423.0,0.01,0.0001,31853.0,,,,
2148,8000,2906,1.6924,0.0287,3.2492,4.675,0.0093,0.07,7.87,0.94,0.0,655.0,346,279,30,53,43,5,400.0,0.01,0.0001,31836.0,,,,
2149,8000,2923,1.6844,0.0329,3.2257,4.647,0.0123,0.08,4.63,0.94,0.0,673.0,352,286,35,52,42,5,390.0,0.01,0.0001,31816.0,239,2,271,47
2150,8000,2964,1.7028,0.0227,3.2833,4.661,0.0076,0.07,7.8,0.94,0.0,631.0,324,268,39,51,42,6,415.0,0.01,0.0001,31974.0,,,,
2151,8000,2981,1.6951,0.027,3.2558,4.533,0.0105,0.08,7.58,0.94,0.0,588.0,295,277,16,50,47,3,446.0,0.01,0.0001,31848.0,,,,
2152,8000,2997,1.7022,0.0259,3.2718,4.552,0.0094,0.07,7.28,0.94,0.0,636.0,326,303,7,51,48,1,412.0,0.01,0.0001,31896.0,,,,
2153,8000,3014,1.6623,0.0281,3.1893,4.721,0.0101,0.07,7.35,0.95,0.0,563.0,271,283,9,48,50,2,466.0,0.01,0.0001,31851.0,,,,
2154,8000,3030,1.6505,0.0209,3.1807,4.763,0.0113,0.08,6.28,0.95,0.0,575.0,291,268,16,51,47,3,456.0,0.02,0.0001,31829.0,,,,
2155,8000,3047,1.6847,0.0149,3.2604,4.726,0.0086,0.07,9.54,0.94,0.0,557.0,276,269,12,50,48,2,471.0,0.02,0.0001,31860.0,,,,
2156,8000,3063,1.7132,0.0111,3.3252,4.632,0.0104,0.08,9.07,0.94,0.0,632.0,284,328,20,45,52,3,415.0,0.02,0.0001,31890.0,,,,
2157,8000,3080,1.6713,0.0132,3.2374,4.669,0.012,0.09,6.0,0.94,0.0,587.0,248,323,16,42,55,3,447.0,0.02,0.0001,31849.0,,,,
2158,8000,3096,1.6138,0.0043,3.1418,4.84,0.0121,0.08,5.89,0.95,0.0,541.0,184,338,19,34,62,4,485.0,0.02,0.0001,31853.0,,,,
2159,8000,3113,1.6003,0.002,3.1201,4.99,0.01,0.06,7.41,0.94,0.0,449.0,159,272,18,35,61,4,584.0,0.02,0.0001,31846.0,,,,
2160,8000,3129,1.5362,-0.0067,3.0106,5.099,0.0136,0.08,6.06,0.95,0.0,405.0,126,242,37,31,60,9,647.0,0.02,0.0001,31844.0,,,,
2161,8000,3146,1.6238,0.0176,3.1372,5.142,0.0176,0.08,4.31,0.91,0.0,462.0,192,241,29,42,52,6,567.0,0.01,0.0001,30633.0,,,,
2162,8000,3163,1.5497,-0.0009,3.0262,5.27,0.0104,0.07,5.04,0.9,0.0,284.0,192,85,7,68,30,2,923.0,0.01,0.0001,31824.0,,,,
2163,8000,3179,1.6215,-0.0105,3.1849,4.826,0.0089,0.07,9.22,0.91,0.0,342.0,264,68,10,77,20,3,767.0,0.02,0.0001,31920.0,,,,
2164,8000,3196,1.6511,0.0227,3.1753,4.59,0.023,0.12,3.68,0.88,0.0,363.0,248,108,7,68,30,2,722.0,0.07,0.0001,31887.0,,,,
2165,8000,3212,1.5683,0.0035,3.053,4.856,0.0121,0.1,3.43,0.89,0.0,379.0,215,123,41,57,32,11,692.0,0.1,0.0001,31851.0,,,,
2166,8000,3229,1.5703,0.001,3.0639,5.05,0.0128,0.1,3.35,0.86,0.0,402.0,222,154,26,55,38,6,652.0,0.12,0.0001,31859.0,,,,
2167,8000,3246,1.5888,0.0025,3.0978,5.091,0.0117,0.09,3.75,0.87,0.0,443.0,265,150,28,60,34,6,592.0,0.13,0.0001,31821.0,,,,
2168,8000,3262,1.5667,-0.0026,3.0647,5.201,0.0083,0.07,4.77,0.89,0.0,395.0,239,137,19,61,35,5,664.0,0.06,0.0001,31851.0,,,,
2169,8000,3279,1.5743,-0.0034,3.0801,5.142,0.0075,0.06,7.42,0.92,0.0,388.0,198,185,5,51,48,1,676.0,0.02,0.0001,31827.0,,,,
2170,8000,3295,1.6001,-0.0049,3.1341,5.037,0.0076,0.06,7.32,0.94,0.0,448.0,204,236,8,46,53,2,585.0,0.02,0.0001,31847.0,,,,
2171,8000,3312,1.5892,0.0013,3.0995,4.986,0.0091,0.07,8.62,0.95,0.0,473.0,207,256,10,44,54,2,554.0,0.02,0.0001,31824.0,,,,
2172,8000,3328,1.5927,-0.0002,3.1109,5.094,0.0087,0.06,10.74,0.95,0.0,486.0,183,293,10,38,60,2,539.0,0.02,0.0001,31823.0,,,,
2173,8000,3345,1.5802,0.0103,3.0646,5.058,0.0103,0.07,10.59,0.96,0.0,508.0,198,295,15,39,58,3,516.0,0.02,0.0001,31827.0,,,,
2174,8000,3361,1.5223,0.0136,2.9443,5.185,0.0112,0.07,6.34,0.96,0.0,454.0,184,252,18,41,56,4,577.0,0.01,0.0001,31886.0,,,,
2175,8000,3378,1.5211,0.0155,2.9381,5.148,0.0085,0.06,7.26,0.95,0.0,370.0,144,205,21,39,55,6,708.0,0.01,0.0001,31890.0,,,,
2176,8000,3394,1.5327,0.0256,2.9422,5.178,0.0097,0.07,4.78,0.94,0.0,354.0,144,186,24,41,53,7,741.0,0.02,0.0001,31825.0,,,,
2177,8000,3411,1.5986,0.0297,3.0672,5.09,0.012,0.08,6.46,0.93,0.0,438.0,188,193,57,43,44,13,599.0,0.01,0.0001,31811.0,,,,
2178,8000,3427,1.6954,0.0292,3.2543,4.747,0.0114,0.09,6.83,0.9,0.0,588.0,289,260,39,49,44,7,446.0,0.01,0.0001,31835.0,,,,
2179,8000,3444,1.7459,0.0352,3.3438,4.756,0.0128,0.1,5.48,0.9,0.0,671.0,299,333,39,45,50,6,391.0,0.01,0.0001,31820.0,,,,
2180,8000,3461,1.8453,0.0323,3.5464,4.556,0.0136,0.1,8.85,0.87,0.0,837.0,408,414,15,49,49,2,313.0,0.01,0.0001,31830.0,,,,
2181,8000,3478,1.8554,0.0069,3.6172,4.575,0.0111,0.09,7.36,0.88,0.0,967.0,576,387,4,60,40,0,271.0,0.01,0.0001,30681.0,,,,
2182,8000,3494,1.8058,0.0162,3.5004,4.695,0.0126,0.1,4.98,0.9,0.0,957.0,548,406,3,57,42,0,274.0,0.01,0.0001,31820.0,,,,
2183,8000,3511,1.7654,0.0232,3.4053,4.675,0.0098,0.08,6.23,0.92,0.0,826.0,424,399,3,51,48,0,317.0,0.01,0.0001,31883.0,,,,
2184,8000,3527,1.7348,0.0308,3.3291,4.707,0.0122,0.09,4.39,0.93,0.0,739.0,391,348,0,53,47,0,355.0,0.01,0.0001,31820.0,,,,
2185,8000,3544,1.7483,0.0349,3.3473,4.626,0.0125,0.1,6.88,0.92,0.0,699.0,376,318,5,54,45,1,375.0,0.01,0.0001,31825.0,,,,
2186,8000,3561,1.7365,0.0422,3.3106,4.691,0.0102,0.09,5.32,0.92,0.0,652.0,358,279,15,55,43,2,402.0,0.01,0.0001,31826.0,,,,
2187,8000,3577,1.7403,0.0477,3.3071,4.708,0.0092,0.08,7.11,0.93,0.0,634.0,340,283,11,54,45,2,413.0,0.02,0.0001,31837.0,,,,
2188,8000,3594,1.6793,0.0371,3.2082,4.845,0.0085,0.08,8.97,0.93,0.0,539.0,290,229,20,54,42,4,486.0,0.02,0.0001,31824.0,,,,
2189,8000,3610,1.6628,0.0242,3.201,4.778,0.0068,0.06,7.82,0.94,0.0,522.0,229,268,25,44,51,5,502.0,0.01,0.0001,31822.0,,,,
2190,8000,3627,1.6486,0.0234,3.1773,4.909,0.0089,0.08,5.92,0.92,0.0,521.0,223,255,43,43,49,8,503.0,0.01,0.0001,31851.0,,,,
2191,8000,3643,1.6482,0.0119,3.1984,4.858,0.0079,0.07,5.4,0.92,0.0,521.0,223,258,40,43,50,8,503.0,0.01,0.0001,31822.0,,,,
2192,8000,3660,1.7252,0.0181,3.336,4.571,0.0095,0.09,7.54,0.93,0.0,606.0,244,331,31,40,55,5,433.0,0.01,0.0001,31829.0,,,,
2193,8000,3676,1.7794,0.0113,3.4554,4.367,0.0111,0.1,10.89,0.92,0.0,706.0,354,330,22,50,47,3,371.0,0.01,0.0001,31827.0,,,,
2194,8000,3693,1.8031,0.011,3.5026,4.335,0.0097,0.09,9.31,0.91,0.0,759.0,380,363,16,50,48,2,345.0,0.02,0.0001,31826.0,,,,
2195,8000,3709,1.7822,0.0108,3.4615,4.356,0.01,0.09,6.8,0.91,0.0,764.0,366,391,7,48,51,1,343.0,0.02,0.0001,31830.0,,,,
2196,8000,3726,1.7229,0.0051,3.3554,4.493,0.0092,0.08,9.02,0.92,0.0,664.0,364,296,4,55,45,1,395.0,0.02,0.0001,31846.0,,,,
2197,8000,3742,1.7237,0.0015,3.3657,4.654,0.0088,0.08,9.42,0.92,0.0,661.0,342,314,5,52,48,1,397.0,0.01,0.0001,31841.0,,,,
2198,8000,3759,1.7506,0.0144,3.3926,4.53,0.0111,0.1,5.11,0.9,0.0,649.0,331,316,2,51,49,0,404.0,0.01,0.0001,31838.0,,,,
2199,8000,3775,1.7822,0.0116,3.4604,4.408,0.009,0.09,6.52,0.9,0.0,732.0,393,337,2,54,46,0,358.0,0.02,0.0001,31820.0,236,1,275,46
2200,8000,3807,1.7694,0.0134,3.4314,4.372,0.0101,0.1,5.11,0.91,0.0,710.0,364,343,3,51,48,0,369.0,0.02,0.0001,31988.0,,,,
2201,8000,3824,1.7323,0.0068,3.3714,4.508,0.0128,0.11,4.27,0.91,0.0,715.0,343,370,2,48,52,0,367.0,0.01,0.0001,30711.0,,,,
2202,8000,3841,1.6358,0.0013,3.1927,4.899,0.0109,0.09,4.9,0.93,0.0,526.0,244,281,1,46,53,0,498.0,0.03,0.0001,31843.0,,,,
2203,8000,3857,1.67,0.0064,3.2495,4.755,0.0099,0.09,4.23,0.91,0.0,501.0,229,272,0,46,54,0,523.0,0.02,0.0001,31800.0,,,,
2204,8000,3874,1.6783,0.0192,3.238,4.533,0.0117,0.1,3.85,0.91,0.0,466.0,228,238,0,49,51,0,563.0,0.03,0.0001,31807.0,,,,
2205,8000,3890,1.7356,0.0174,3.3563,4.462,0.0137,0.12,3.35,0.9,0.0,627.0,309,315,3,49,50,0,418.0,0.03,0.0001,31812.0,,,,
2206,8000,3907,1.7065,0.0136,3.3062,4.517,0.0113,0.11,3.47,0.92,0.0,584.0,279,303,2,48,52,0,449.0,0.02,0.0001,31782.0,,,,
2207,8000,3923,1.7406,0.0074,3.3862,4.426,0.0118,0.11,3.64,0.91,0.0,653.0,324,328,1,50,50,0,401.0,0.01,0.0001,31823.0,,,,
2208,8000,3940,1.7619,0.0071,3.4273,4.216,0.0117,0.1,4.86,0.92,0.0,722.0,332,389,1,46,54,0,363.0,0.01,0.0001,31790.0,,,,
2209,8000,3956,1.7417,0.0011,3.3992,4.227,0.0111,0.1,4.28,0.93,0.0,738.0,338,398,2,46,54,0,355.0,0.02,0.0001,31850.0,,,,
2210,8000,3973,1.7345,-0.0057,3.3985,4.268,0.0101,0.1,4.48,0.93,0.0,767.0,361,404,2,47,53,0,342.0,0.02,0.0001,31785.0,,,,
2211,8000,3990,1.7867,0.0023,3.4866,4.213,0.0114,0.1,5.08,0.93,0.0,810.0,403,407,0,50,50,0,324.0,0.01,0.0001,31798.0,,,,
2212,8000,4006,1.7702,0.0087,3.4396,4.083,0.0121,0.11,5.43,0.94,0.0,809.0,419,387,3,52,48,0,324.0,0.01,0.0001,31757.0,,,,
2213,8000,4023,1.7691,0.0126,3.429,4.08,0.0094,0.09,4.82,0.94,0.0,790.0,368,420,2,47,53,0,332.0,0.01,0.0001,31770.0,,,,
2214,8000,4039,1.8364,0.0201,3.5484,4.049,0.0115,0.1,4.16,0.94,0.0,878.0,496,382,0,56,44,0,299.0,0.01,0.0001,31814.0,,,,
2215,8000,4056,1.8355,0.0155,3.5555,3.963,0.0093,0.09,5.73,0.94,0.0,884.0,472,408,4,53,46,0,297.0,0.01,0.0001,31771.0,,,,
2216,8000,4072,1.7781,0.0157,3.441,4.091,0.0104,0.1,5.99,0.95,0.0,836.0,450,385,1,54,46,0,314.0,0.02,0.0001,31793.0,,,,
2217,8000,4089,1.7801,-0.0047,3.4876,4.275,0.0073,0.07,8.59,0.94,0.0,797.0,430,366,1,54,46,0,329.0,0.02,0.0001,31788.0,,,,
2218,8000,4105,1.7825,-0.0066,3.4955,4.182,0.01,0.09,6.5,0.94,0.0,784.0,408,375,1,52,48,0,334.0,0.01,0.0001,31843.0,,,,
2219,8000,4122,1.7849,0.0023,3.4833,4.226,0.009,0.09,7.0,0.93,0.0,776.0,397,378,1,51,49,0,338.0,0.01,0.0001,31808.0,,,,
2220,8000,4139,1.7847,-0.0091,3.5046,4.14,0.0109,0.1,5.13,0.93,0.0,848.0,435,412,1,51,49,0,309.0,0.01,0.0001,31803.0,,,,
2221,8000,4156,1.8374,-0.0059,3.6063,4.371,0.0141,0.11,3.59,0.9,0.0,950.0,408,536,6,43,56,1,276.0,0.02,0.0001,30676.0,,,,
2222,8000,4172,1.829,-0.009,3.5963,4.44,0.0113,0.1,5.14,0.92,0.0,1026.0,496,529,1,48,52,0,256.0,0.02,0.0001,31809.0,,,,
2223,8000,4189,1.8243,-0.0013,3.5715,4.438,0.011,0.1,4.22,0.92,0.0,1039.0,512,525,2,49,51,0,252.0,0.03,0.0001,31806.0,,,,
2224,8000,4205,1.8543,-0.0052,3.6384,4.313,0.0108,0.1,5.0,0.92,0.0,1151.0,583,566,2,51,49,0,228.0,0.02,0.0001,31791.0,,,,
2225,8000,4222,1.8809,-0.0034,3.6878,4.3,0.011,0.1,5.35,0.91,0.0,1234.0,612,620,2,50,50,0,212.0,0.02,0.0001,31807.0,,,,
2226,8000,4238,1.8977,-0.0045,3.723,4.239,0.0145,0.12,5.67,0.92,0.0,1348.0,653,692,3,48,51,0,194.0,0.01,0.0001,31813.0,,,,
2227,8000,4255,1.9354,0.0024,3.7838,4.166,0.0115,0.1,7.28,0.92,0.0,1256.0,610,644,2,49,51,0,209.0,0.01,0.0001,31802.0,,,,
2228,8000,4271,1.8586,-0.0146,3.6657,4.367,0.0107,0.09,6.98,0.93,0.0,1224.0,630,594,0,51,49,0,214.0,0.0,0.0001,31819.0,,,,
2229,8000,4288,1.8439,-0.0204,3.648,4.385,0.0111,0.09,12.95,0.93,0.0,1193.0,638,551,4,53,46,0,220.0,0.0,0.0001,31834.0,,,,
2230,8000,4305,1.8257,-0.0187,3.6078,4.365,0.0101,0.09,5.5,0.93,0.0,1133.0,584,547,2,52,48,0,231.0,0.0,0.0001,31804.0,,,,
2231,8000,4321,1.8762,-0.0052,3.6822,4.357,0.0117,0.1,5.34,0.92,0.0,1206.0,652,549,5,54,46,0,217.0,0.01,0.0001,31819.0,,,,
2232,8000,4338,1.8851,-0.0033,3.6966,4.405,0.0104,0.09,6.36,0.93,0.0,1233.0,648,583,2,53,47,0,213.0,0.0,0.0001,31785.0,,,,
2233,8000,4354,1.8587,0.0104,3.6156,4.362,0.0115,0.1,4.39,0.93,0.0,1078.0,532,546,0,49,51,0,243.0,0.01,0.0001,31808.0,,,,
2234,8000,4371,1.8363,-0.006,3.6044,4.463,0.014,0.1,4.95,0.93,0.0,1027.0,521,503,3,51,49,0,255.0,0.01,0.0001,31796.0,,,,
2235,8000,4387,1.8038,-0.0018,3.5309,4.427,0.0138,0.1,4.52,0.93,0.0,1010.0,484,526,0,48,52,0,260.0,0.02,0.0001,31793.0,,,,
2236,8000,4404,1.8132,0.0027,3.5401,4.378,0.0115,0.09,4.99,0.93,0.0,992.0,497,491,4,50,49,0,264.0,0.02,0.0001,31814.0,,,,
2237,8000,4420,1.805,0.0025,3.5235,4.324,0.0112,0.1,4.35,0.93,0.0,975.0,486,484,5,50,50,1,269.0,0.02,0.0001,31816.0,,,,
2238,8000,4437,1.7997,-0.0038,3.5261,4.415,0.0111,0.09,8.29,0.93,0.0,954.0,471,483,0,49,51,0,275.0,0.01,0.0001,31818.0,,,,
2239,8000,4454,1.7779,0.0002,3.4753,4.488,0.0096,0.08,6.79,0.93,0.0,962.0,441,518,3,46,54,0,272.0,0.02,0.0001,31858.0,,,,
2240,8000,4470,1.7987,0.005,3.5073,4.519,0.0114,0.09,6.8,0.93,0.0,951.0,442,507,2,46,53,0,276.0,0.02,0.0001,31807.0,,,,
2241,8000,4487,1.8792,-0.0021,3.6833,4.558,0.0189,0.11,7.06,0.89,0.0,1114.0,557,554,3,50,50,0,235.0,0.01,0.0001,30662.0,,,,
2242,8000,4504,1.8611,-0.0138,3.6704,4.496,0.0178,0.11,3.76,0.88,0.0,1093.0,550,539,4,50,49,0,240.0,0.02,0.0001,31795.0,,,,
2243,8000,4520,1.8609,-0.0034,3.6496,4.574,0.0155,0.1,4.19,0.89,0.0,1117.0,527,588,2,47,53,0,235.0,0.02,0.0001,31852.0,,,,
2244,8000,4537,1.8724,0.0024,3.6603,4.497,0.0138,0.1,3.42,0.89,0.0,1169.0,602,565,2,51,48,0,224.0,0.05,0.0001,31847.0,,,,
2245,8000,4553,1.8635,-0.0127,3.6728,4.51,0.0133,0.1,4.26,0.9,0.0,1253.0,647,598,8,52,48,1,209.0,0.04,0.0001,31815.0,,,,
2246,8000,4570,1.8815,0.0026,3.678,4.489,0.0116,0.09,4.17,0.9,0.0,1148.0,558,583,7,49,51,1,228.0,0.03,0.0001,31794.0,,,,
2247,8000,4586,1.853,-0.0114,3.6483,4.382,0.0138,0.11,3.75,0.91,0.0,1123.0,544,575,4,48,51,0,233.0,0.01,0.0001,31809.0,,,,
2248,8000,4603,1.8649,-0.0118,3.6723,4.367,0.0149,0.1,5.44,0.92,0.0,1154.0,553,600,1,48,52,0,227.0,0.01,0.0001,31781.0,,,,
2249,8000,4620,1.8497,0.0058,3.6067,4.36,0.0112,0.1,4.57,0.92,0.0,1090.0,554,535,1,51,49,0,240.0,0.01,0.0001,31818.0,201,10,301,39
2250,8000,4651,1.8378,0.0157,3.5644,4.517,0.0114,0.09,4.43,0.93,0.0,995.0,542,451,2,54,45,0,263.0,0.01,0.0001,31968.0,,,,
2251,8000,4668,1.8128,0.0063,3.5332,4.432,0.0135,0.11,3.5,0.93,0.0,989.0,548,439,2,55,44,0,265.0,0.01,0.0001,31812.0,,,,
2252,8000,4684,1.8257,-0.0064,3.5833,4.315,0.0126,0.1,4.16,0.92,0.0,1063.0,605,457,1,57,43,0,247.0,0.01,0.0001,31804.0,,,,
2253,8000,4701,1.8592,-0.0001,3.6366,4.172,0.0116,0.1,4.56,0.91,0.0,1123.0,594,524,5,53,47,0,233.0,0.0,0.0001,31796.0,,,,
2254,8000,4717,1.8498,-0.0008,3.6183,4.079,0.0129,0.11,3.4,0.9,0.0,1122.0,635,487,0,57,43,0,234.0,0.01,0.0001,31822.0,,,,
2255,8000,4734,1.8494,0.0091,3.5983,4.133,0.013,0.11,3.96,0.9,0.0,1086.0,618,465,3,57,43,0,241.0,0.01,0.0001,31808.0,,,,
2256,8000,4750,1.7977,0.0041,3.5056,4.207,0.0112,0.1,6.45,0.91,0.0,980.0,506,473,1,52,48,0,267.0,0.01,0.0001,31801.0,,,,
2257,8000,4767,1.7895,0.004,3.4888,4.198,0.0113,0.08,12.73,0.92,0.0,976.0,536,437,3,55,45,0,269.0,0.01,0.0001,31821.0,,,,
2258,8000,4783,1.7728,-0.0166,3.4969,4.258,0.0098,0.09,9.72,0.93,0.0,1037.0,567,468,2,55,45,0,253.0,0.0,0.0001,31790.0,,,,
2259,8000,4800,1.8172,0.023,3.5056,4.182,0.0105,0.09,7.61,0.93,0.0,1107.0,576,527,4,52,48,0,237.0,0.0,0.0001,31802.0,,,,
2260,8000,4817,1.8101,0.0015,3.5345,4.245,0.0105,0.09,14.85,0.94,0.0,1041.0,529,509,3,51,49,0,252.0,0.0,0.0001,31797.0,,,,
2261,8000,4834,1.8754,0.0238,3.623,4.41,0.0255,0.11,5.51,0.9,0.0,942.0,495,447,0,53,47,0,278.0,0.01,0.0001,30678.0,,,,
2262,8000,4850,1.8755,0.0347,3.5995,4.264,0.0156,0.12,3.89,0.89,0.0,856.0,444,409,3,52,48,0,306.0,0.06,0.0001,31811.0,,,,
2263,8000,4867,1.8407,0.0425,3.5142,4.249,0.0136,0.11,3.62,0.9,0.0,795.0,429,360,6,54,45,1,330.0,0.09,0.0001,31805.0,,,,
2264,8000,4883,1.8166,0.0383,3.4754,4.337,0.0136,0.11,3.09,0.91,0.0,867.0,428,434,5,49,50,1,302.0,0.08,0.0001,31846.0,,,,
2265,8000,4900,1.8276,0.0448,3.4846,4.343,0.0115,0.1,4.85,0.93,0.0,859.0,470,386,3,55,45,0,305.0,0.05,0.0001,31821.0,,,,
2266,8000,4916,1.8027,0.0289,3.4662,4.313,0.0113,0.1,5.08,0.93,0.0,848.0,463,383,2,55,45,0,309.0,0.05,0.0001,31782.0,,,,
2267,8000,4933,1.8202,0.0328,3.493,4.253,0.0116,0.1,5.93,0.94,0.0,916.0,493,421,2,54,46,0,286.0,0.03,0.0001,31786.0,,,,
2268,8000,4950,1.8557,0.0411,3.5478,4.292,0.0109,0.1,7.89,0.93,0.0,908.0,487,420,1,54,46,0,289.0,0.04,0.0001,31816.0,,,,
2269,8000,4966,1.8159,0.0383,3.4749,4.44,0.0109,0.09,6.21,0.94,0.0,838.0,433,403,2,52,48,0,313.0,0.03,0.0001,31795.0,,,,
2270,8000,4983,1.7611,0.0378,3.3655,4.416,0.0091,0.08,8.1,0.95,0.0,647.0,341,306,0,53,47,0,405.0,0.04,0.0001,31812.0,,,,
2271,8000,4999,1.7885,0.0283,3.4402,4.477,0.0078,0.07,12.01,0.93,0.0,710.0,361,347,2,51,49,0,369.0,0.04,0.0001,31798.0,,,,
2272,8000,5016,1.8076,0.0422,3.45,4.394,0.0097,0.08,12.41,0.93,0.0,735.0,378,354,3,51,48,0,357.0,0.03,0.0001,31794.0,,,,
2273,8000,5032,1.8204,0.0428,3.4745,4.379,0.0118,0.09,13.29,0.94,0.0,790.0,394,387,9,50,49,1,332.0,0.02,0.0001,31810.0,,,,
2274,8000,5049,1.8659,0.0449,3.5601,4.281,0.0094,0.09,17.27,0.94,0.0,816.0,404,403,9,50,49,1,321.0,0.02,0.0001,31795.0,,,,
2275,8000,5065,1.832,0.0445,3.4927,4.224,0.0116,0.1,12.8,0.93,0.0,848.0,462,382,4,54,45,0,309.0,0.03,0.0001,31844.0,,,,
2276,8000,5082,1.8876,0.0795,3.532,3.988,0.0123,0.1,5.92,0.92,0.0,891.0,484,397,10,54,45,1,294.0,0.02,0.0001,31808.0,,,,
2277,8000,5098,1.8224,0.0399,3.4815,4.114,0.0126,0.1,10.32,0.93,0.0,813.0,484,322,7,60,40,1,322.0,0.01,0.0001,31850.0,,,,
2278,8000,5115,1.8065,0.0506,3.4308,4.214,0.013,0.1,7.11,0.92,0.0,813.0,442,346,25,54,43,3,322.0,0.01,0.0001,31810.0,,,,
2279,8000,5131,1.7947,0.0457,3.4161,4.158,0.011,0.1,11.0,0.93,0.0,748.0,461,273,14,62,36,2,350.0,0.02,0.0001,31829.0,,,,
2280,8000,5148,1.8109,0.0558,3.4264,3.973,0.0106,0.09,11.34,0.93,0.0,689.0,439,233,17,64,34,2,380.0,0.02,0.0001,31822.0,,,,
2281,8000,5165,1.8421,0.031,3.541,4.185,0.0118,0.1,14.33,0.91,0.0,775.0,445,312,18,57,40,2,338.0,0.02,0.0001,30731.0,,,,
2282,8000,5182,1.818,0.0245,3.5049,4.079,0.0169,0.13,6.02,0.9,0.0,849.0,441,390,18,52,46,2,309.0,0.02,0.0001,31787.0,,,,
2283,8000,5198,1.7856,0.0214,3.448,4.255,0.0157,0.12,4.83,0.91,0.0,871.0,462,392,17,53,45,2,301.0,0.02,0.0001,31788.0,,,,
2284,8000,5215,1.8384,0.026,3.5437,4.213,0.0166,0.12,5.77,0.9,0.0,935.0,490,427,18,52,46,2,280.0,0.01,0.0001,31793.0,,,,
2285,8000,5231,1.8751,0.043,3.5822,4.214,0.0166,0.13,3.93,0.9,0.0,1028.0,555,471,2,54,46,0,255.0,0.02,0.0001,31788.0,,,,
2286,8000,5248,1.8355,0.0301,3.5283,4.218,0.016,0.12,5.73,0.9,0.0,948.0,519,426,3,55,45,0,277.0,0.01,0.0001,31820.0,,,,
2287,8000,5264,1.7699,0.035,3.3891,4.382,0.0155,0.12,3.94,0.91,0.0,829.0,480,328,21,58,40,3,316.0,0.01,0.0001,31783.0,,,,
2288,8000,5281,1.7119,0.0259,3.2919,4.479,0.0148,0.11,6.16,0.91,0.0,706.0,375,301,30,53,43,4,371.0,0.01,0.0001,31768.0,,,,
2289,8000,5298,1.7124,0.0247,3.2969,4.688,0.0125,0.09,5.45,0.92,0.0,686.0,351,305,30,51,44,4,382.0,0.01,0.0001,31848.0,,,,
2290,8000,5314,1.7183,0.036,3.2861,4.647,0.016,0.11,5.06,0.92,0.0,685.0,332,306,47,48,45,7,383.0,0.01,0.0001,31793.0,,,,
2291,8000,5331,1.7669,0.0256,3.4027,4.484,0.0126,0.1,10.5,0.92,0.0,770.0,360,355,55,47,46,7,340.0,0.01,0.0001,31793.0,,,,
2292,8000,5347,1.7725,0.0106,3.4429,4.437,0.0152,0.11,5.36,0.92,0.0,841.0,423,370,48,50,44,6,312.0,0.0,0.0001,31776.0,,,,
2293,8000,5364,1.7821,0.0258,3.4317,4.417,0.0163,0.11,5.42,0.92,0.0,854.0,432,392,30,51,46,4,307.0,0.0,0.0001,31777.0,,,,
2294,8000,5380,1.7735,0.0223,3.421,4.452,0.0145,0.11,5.64,0.92,0.0,899.0,414,439,46,46,49,5,292.0,0.0,0.0001,31810.0,,,,
2295,8000,5397,1.8077,0.0141,3.5058,4.395,0.014,0.1,4.02,0.91,0.0,1079.0,495,551,33,46,51,3,243.0,0.0,0.0001,31830.0,,,,
2296,8000,5413,1.7943,0.0026,3.503,4.449,0.014,0.1,3.4,0.92,0.0,1094.0,489,573,32,45,52,3,240.0,0.0,0.0001,31822.0,,,,
2297,8000,5430,1.7523,-0.0002,3.4261,4.589,0.0114,0.09,4.25,0.92,0.0,989.0,462,497,30,47,50,3,265.0,0.0,0.0001,31811.0,,,,
2298,8000,5447,1.7307,0.0021,3.3793,4.701,0.0155,0.09,4.31,0.92,0.0,874.0,393,460,21,45,53,2,300.0,0.0,0.0001,31819.0,,,,
2299,8000,5463,1.6781,-0.0046,3.2888,4.784,0.0121,0.08,4.49,0.92,0.0,742.0,379,341,22,51,46,3,353.0,0.01,0.0001,31820.0,190,7,315,37
2300,8000,5495,1.6946,-0.0013,3.3153,4.723,0.0117,0.08,4.08,0.91,0.0,777.0,428,318,31,55,41,4,337.0,0.02,0.0001,31963.0,,,,
2301,8000,5512,1.763,0.0244,3.4015,4.751,0.0123,0.09,6.11,0.89,0.0,708.0,310,367,31,44,52,4,370.0,0.02,0.0001,30644.0,,,,
2302,8000,5528,1.7315,0.0191,3.3487,4.647,0.0101,0.08,5.53,0.88,0.0,651.0,284,331,36,44,51,6,403.0,0.03,0.0001,31797.0,,,,
2303,8000,5545,1.6372,0.0244,3.1521,4.938,0.0124,0.08,3.55,0.9,0.0,521.0,230,259,32,44,50,6,503.0,0.04,0.0001,31795.0,,,,
2304,8000,5561,1.5422,0.0116,2.988,5.14,0.0082,0.07,7.24,0.92,0.0,398.0,186,179,33,47,45,8,659.0,0.06,0.0001,31829.0,,,,
2305,8000,5578,1.5529,0.0199,2.9978,5.15,0.0106,0.08,3.09,0.9,0.0,458.0,175,201,82,38,44,18,572.0,0.03,0.0001,31826.0,,,,
2306,8000,5594,1.6158,0.0096,3.1418,4.892,0.01,0.08,4.91,0.91,0.0,561.0,216,256,89,39,46,16,467.0,0.03,0.0001,31868.0,,,,
2307,8000,5611,1.6433,0.0169,3.1807,4.857,0.0108,0.08,4.68,0.91,0.0,606.0,236,305,65,39,50,11,433.0,0.03,0.0001,31794.0,,,,
2308,8000,5628,1.6368,0.0255,3.1518,4.835,0.0102,0.08,6.06,0.91,0.0,586.0,230,287,69,39,49,12,447.0,0.03,0.0001,31798.0,,,,
2309,8000,5644,1.6763,0.0246,3.2286,4.605,0.0091,0.08,5.41,0.91,0.0,628.0,289,289,50,46,46,8,417.0,0.02,0.0001,31767.0,,,,
2310,8000,5661,1.6314,0.0301,3.1285,4.738,0.0102,0.08,4.48,0.92,0.0,551.0,209,295,47,38,54,9,476.0,0.01,0.0001,31777.0,,,,
2311,8000,5677,1.6684,0.0314,3.201,4.633,0.0089,0.07,6.49,0.91,0.0,610.0,257,289,64,42,47,10,430.0,0.0,0.0001,31768.0,,,,
2312,8000,5694,1.6778,0.0292,3.2256,4.529,0.0092,0.08,4.96,0.91,0.0,631.0,249,317,65,39,50,10,415.0,0.01,0.0001,31827.0,,,,
2313,8000,5710,1.7116,0.0375,3.2762,4.652,0.0124,0.09,8.47,0.91,0.0,685.0,276,355,54,40,52,8,383.0,0.0,0.0001,31803.0,,,,
2314,8000,5727,1.733,0.0236,3.3464,4.561,0.0118,0.09,4.44,0.91,0.0,739.0,318,365,56,43,49,8,355.0,0.01,0.0001,31894.0,,,,
2315,8000,5743,1.743,0.033,3.3475,4.54,0.0122,0.09,4.57,0.91,0.0,756.0,333,373,50,44,49,7,347.0,0.01,0.0001,31802.0,,,,
2316,8000,5760,1.7317,0.0419,3.3095,4.607,0.0113,0.09,5.91,0.91,0.0,751.0,309,385,57,41,51,8,349.0,0.01,9.9e-05,31797.0,,,,
2317,8000,5776,1.7181,0.0502,3.2657,4.618,0.0139,0.1,3.71,0.92,0.0,765.0,311,399,55,41,52,7,343.0,0.01,9.9e-05,31787.0,,,,
2318,8000,5793,1.6925,0.0427,3.2301,4.635,0.0125,0.09,3.88,0.92,0.0,691.0,320,316,55,46,46,8,379.0,0.01,9.9e-05,31803.0,,,,
2319,8000,5810,1.6849,0.0459,3.2065,4.558,0.0117,0.09,3.52,0.93,0.0,641.0,259,322,60,40,50,9,409.0,0.02,9.9e-05,31875.0,,,,
2320,8000,5826,1.715,0.0419,3.2753,4.592,0.0101,0.08,9.45,0.93,0.0,653.0,253,343,57,39,53,9,401.0,0.01,9.9e-05,31794.0,,,,
2321,8000,5843,1.6837,0.0608,3.1713,4.772,0.0103,0.08,5.82,0.91,0.0,489.0,216,231,42,44,47,9,536.0,0.01,9.9e-05,30662.0,,,,
2322,8000,5860,1.5886,0.0381,3.0296,5.02,0.0083,0.07,5.8,0.91,0.0,405.0,200,142,63,49,35,16,647.0,0.02,9.9e-05,31878.0,,,,
2323,8000,5876,1.5266,0.0385,2.9084,5.181,0.01,0.07,4.54,0.93,0.0,356.0,166,129,61,47,36,17,736.0,0.02,9.9e-05,31806.0,,,,
2324,8000,5893,1.5113,0.0385,2.8798,5.25,0.0109,0.08,3.15,0.92,0.0,374.0,151,147,76,40,39,20,701.0,0.03,9.9e-05,31872.0,,,,
2325,8000,5909,1.5315,0.0392,2.9248,5.264,0.0106,0.08,3.67,0.93,0.0,418.0,162,155,101,39,37,24,627.0,0.03,9.9e-05,31827.0,,,,
2326,8000,5926,1.6005,0.0354,3.0611,5.007,0.0092,0.08,4.36,0.92,0.0,484.0,215,204,65,44,42,13,542.0,0.02,9.9e-05,31820.0,,,,
2327,8000,5942,1.5805,0.0387,3.0144,5.024,0.0112,0.08,3.79,0.92,0.0,468.0,208,213,47,44,46,10,560.0,0.02,9.9e-05,31821.0,,,,
2328,8000,5959,1.5834,0.0416,3.0131,5.033,0.0109,0.08,3.33,0.92,0.0,466.0,212,203,51,45,44,11,563.0,0.02,9.9e-05,31894.0,,,,
2329,8000,5975,1.5099,0.0298,2.8917,5.26,0.0088,0.07,3.86,0.94,0.0,375.0,155,184,36,41,49,10,699.0,0.02,9.9e-05,31804.0,,,,
2330,8000,5992,1.5623,0.0348,2.9865,5.208,0.0096,0.07,4.4,0.92,0.0,425.0,168,205,52,40,48,12,617.0,0.03,9.9e-05,31855.0,,,,
2331,8000,6008,1.616,0.0394,3.0818,4.951,0.0095,0.08,4.18,0.92,0.0,500.0,217,239,44,43,48,9,524.0,0.04,9.9e-05,31823.0,,,,
2332,8000,6025,1.6611,0.0383,3.1719,4.793,0.0089,0.07,7.2,0.93,0.0,538.0,244,251,43,45,47,8,487.0,0.02,9.9e-05,31878.0,,,,
2333,8000,6042,1.6301,0.0247,3.1356,4.655,0.0079,0.07,5.23,0.93,0.0,525.0,249,234,42,47,45,8,499.0,0.02,9.9e-05,31805.0,,,,
2334,8000,6058,1.6586,0.0289,3.1823,4.614,0.0099,0.08,4.59,0.92,0.0,589.0,269,286,34,46,49,6,445.0,0.02,9.9e-05,31828.0,,,,
2335,8000,6075,1.7429,0.0185,3.3702,4.452,0.0089,0.08,6.47,0.92,0.0,686.0,318,338,30,46,49,4,382.0,0.02,9.9e-05,31811.0,,,,
2336,8000,6091,1.7178,0.0199,3.3174,4.429,0.0105,0.08,6.92,0.93,0.0,675.0,315,333,27,47,49,4,388.0,0.03,9.9e-05,31812.0,,,,
2337,8000,6108,1.6966,0.0188,3.2766,4.525,0.0135,0.09,3.99,0.92,0.0,641.0,289,337,15,45,53,2,409.0,0.02,9.9e-05,31816.0,,,,
2338,8000,6124,1.6676,0.0124,3.2313,4.596,0.0089,0.07,6.11,0.93,0.0,568.0,270,293,5,48,52,1,462.0,0.02,9.8e-05,31862.0,,,,
2339,8000,6141,1.6388,0.0138,3.1699,4.549,0.0095,0.08,4.8,0.94,0.0,487.0,257,223,7,53,46,1,538.0,0.03,9.8e-05,31827.0,,,,
2340,8000,6157,1.6402,0.014,3.1728,4.57,0.0093,0.08,5.44,0.94,0.0,493.0,235,244,14,48,49,3,532.0,0.03,9.8e-05,31815.0,,,,
2341,8000,6174,1.7085,0.0261,3.2869,4.681,0.0118,0.09,6.88,0.92,0.0,567.0,273,275,19,48,49,3,462.0,0.02,9.8e-05,30660.0,,,,
2342,8000,6191,1.7739,0.0269,3.4154,4.582,0.012,0.09,4.99,0.9,0.0,686.0,345,324,17,50,47,2,382.0,0.03,9.8e-05,31810.0,,,,
2343,8000,6208,1.7327,0.0186,3.3506,4.649,0.0115,0.09,5.33,0.91,0.0,658.0,301,344,13,46,52,2,398.0,0.02,9.8e-05,31819.0,,,,
2344,8000,6224,1.7047,0.0131,3.3046,4.559,0.0139,0.1,3.49,0.92,0.0,587.0,260,312,15,44,53,3,447.0,0.02,9.8e-05,31804.0,,,,
2345,8000,6241,1.661,0.0161,3.2131,4.712,0.0114,0.09,3.94,0.93,0.0,535.0,222,294,19,41,55,4,490.0,0.01,9.8e-05,31796.0,,,,
2346,8000,6257,1.6601,0.0107,3.2214,4.718,0.0092,0.08,4.86,0.93,0.0,555.0,247,292,16,45,53,3,472.0,0.02,9.8e-05,31878.0,,,,
2347,8000,6274,1.6801,0.0249,3.2322,4.642,0.0112,0.09,5.43,0.93,0.0,533.0,243,267,23,46,50,4,492.0,0.03,9.8e-05,31896.0,,,,
2348,8000,6290,1.6669,0.0215,3.2123,4.619,0.0097,0.08,4.49,0.93,0.0,548.0,251,277,20,46,51,4,478.0,0.04,9.8e-05,31898.0,,,,
2349,8000,6307,1.6651,0.0152,3.2226,4.64,0.0096,0.08,4.62,0.93,0.0,574.0,253,288,33,44,50,6,457.0,0.03,9.8e-05,31819.0,188,2,322,37
2350,8000,6338,1.704,0.018,3.2935,4.556,0.0082,0.07,8.79,0.93,0.0,558.0,253,279,26,45,50,5,470.0,0.02,9.8e-05,31977.0,,,,
2351,8000,6355,1.7487,0.0195,3.3786,4.43,0.0094,0.08,8.03,0.92,0.0,621.0,292,308,21,47,50,3,422.0,0.02,9.8e-05,31834.0,,,,
2352,8000,6371,1.7135,0.0243,3.299,4.489,0.0119,0.1,4.36,0.93,0.0,664.0,300,352,12,45,53,2,395.0,0.01,9.8e-05,31830.0,,,,
2353,8000,6388,1.6722,0.0288,3.2085,4.609,0.0108,0.09,4.56,0.94,0.0,556.0,262,279,15,47,50,3,471.0,0.02,9.8e-05,31803.0,,,,
2354,8000,6404,1.6614,0.0268,3.1914,4.708,0.0119,0.09,4.58,0.94,0.0,533.0,234,288,11,44,54,2,492.0,0.02,9.8e-05,31785.0,,,,
2355,8000,6421,1.5982,0.0175,3.0844,4.711,0.0086,0.07,6.63,0.96,0.0,486.0,189,276,21,39,57,4,539.0,0.02,9.8e-05,31795.0,,,,
2356,8000,6438,1.6136,0.0182,3.1138,4.719,0.0093,0.07,5.7,0.95,0.0,489.0,204,260,25,42,53,5,536.0,0.02,9.8e-05,31789.0,,,,
2357,8000,6454,1.6499,0.0168,3.1913,4.715,0.0071,0.06,12.32,0.95,0.0,513.0,216,259,38,42,50,7,511.0,0.01,9.8e-05,31798.0,,,,
2358,8000,6471,1.6263,0.0235,3.1296,4.728,0.0117,0.08,4.73,0.95,0.0,553.0,204,321,28,37,58,5,474.0,0.02,9.8e-05,31784.0,,,,
2359,8000,6487,1.6215,0.0141,3.1417,4.768,0.0107,0.08,3.94,0.95,0.0,576.0,243,280,53,42,49,9,455.0,0.02,9.7e-05,31804.0,,,,
2360,8000,6504,1.6152,0.0146,3.1285,4.706,0.01,0.08,5.24,0.95,0.0,583.0,223,304,56,38,52,10,450.0,0.01,9.7e-05,31779.0,,,,
2361,8000,6521,1.6582,0.0114,3.2197,4.85,0.0116,0.09,5.51,0.93,0.0,573.0,217,295,61,38,51,11,457.0,0.01,9.7e-05,30659.0,,,,
2362,8000,6538,1.6519,0.0091,3.2129,4.942,0.0117,0.09,9.91,0.93,0.0,564.0,264,247,53,47,44,9,465.0,0.02,9.7e-05,31843.0,,,,
2363,8000,6554,1.6398,0.0034,3.1993,4.905,0.0073,0.06,9.52,0.94,0.0,505.0,230,226,49,46,45,10,519.0,0.02,9.7e-05,31832.0,,,,
2364,8000,6571,1.6974,0.0066,3.3045,4.638,0.0096,0.07,11.9,0.92,0.0,577.0,255,274,48,44,47,8,454.0,0.03,9.7e-05,31885.0,,,,
2365,8000,6587,1.6996,0.0164,3.2886,4.618,0.0121,0.09,5.06,0.92,0.0,578.0,276,272,30,48,47,5,454.0,0.02,9.7e-05,31796.0,,,,
2366,8000,6604,1.7003,0.023,3.2782,4.638,0.013,0.09,4.48,0.92,0.0,672.0,339,301,32,50,45,5,390.0,0.02,9.7e-05,31806.0,,,,
2367,8000,6620,1.7411,0.0263,3.3527,4.533,0.0126,0.09,5.27,0.91,0.0,727.0,369,320,38,51,44,5,361.0,0.02,9.7e-05,31799.0,,,,
2368,8000,6637,1.779,0.0432,3.3942,4.467,0.0104,0.09,5.64,0.92,0.0,774.0,408,328,38,53,42,5,339.0,0.01,9.7e-05,31802.0,,,,
2369,8000,6653,1.7644,0.0421,3.3649,4.355,0.0101,0.09,5.54,0.92,0.0,721.0,346,356,19,48,49,3,364.0,0.01,9.7e-05,31867.0,,,,
2370,8000,6670,1.7849,0.0434,3.4016,4.225,0.0108,0.1,4.3,0.92,0.0,783.0,414,347,22,53,44,3,335.0,0.03,9.7e-05,31793.0,,,,
2371,8000,6687,1.7687,0.0522,3.3514,4.266,0.011,0.09,5.54,0.92,0.0,783.0,403,375,5,51,48,1,335.0,0.03,9.7e-05,31829.0,,,,
2372,8000,6703,1.8197,0.0641,3.4287,4.144,0.0114,0.1,5.24,0.92,0.0,776.0,394,369,13,51,48,2,338.0,0.03,9.7e-05,31832.0,,,,
2373,8000,6720,1.8646,0.0483,3.5482,3.899,0.0099,0.09,5.83,0.92,0.0,876.0,409,457,10,47,52,1,299.0,0.04,9.7e-05,31794.0,,,,
2374,8000,6736,1.8819,0.027,3.6244,3.781,0.0099,0.09,6.79,0.92,0.0,977.0,466,505,6,48,52,1,268.0,0.05,9.7e-05,31791.0,,,,
2375,8000,6753,1.9209,0.0399,3.6767,3.813,0.0117,0.1,6.11,0.92,0.0,1079.0,493,585,1,46,54,0,243.0,0.03,9.7e-05,31857.0,,,,
2376,8000,6769,1.9235,0.0368,3.6877,3.782,0.0119,0.11,6.86,0.93,0.0,1111.0,508,601,2,46,54,0,236.0,0.02,9.7e-05,31867.0,,,,
2377,8000,6786,1.9452,0.0554,3.6931,3.722,0.0116,0.1,6.5,0.93,0.0,1152.0,549,602,1,48,52,0,228.0,0.01,9.7e-05,31853.0,,,,
2378,8000,6802,1.901,0.0489,3.6188,3.845,0.0126,0.1,5.16,0.93,0.0,1077.0,533,541,3,49,50,0,243.0,0.01,9.7e-05,31781.0,,,,
2379,8000,6819,1.8567,0.0542,3.521,3.941,0.0096,0.09,13.19,0.94,0.0,964.0,490,468,6,51,49,1,272.0,0.02,9.7e-05,31794.0,,,,
2380,8000,6835,1.8263,0.0288,3.5111,3.976,0.0077,0.07,12.23,0.95,0.0,889.0,481,402,6,54,45,1,295.0,0.01,9.7e-05,31802.0,,,,
2381,8000,6852,1.8527,0.0422,3.5389,4.161,0.0133,0.09,8.5,0.93,0.0,848.0,495,349,4,58,41,0,309.0,0.02,9.7e-05,30676.0,,,,
2382,8000,6869,1.8348,0.0427,3.5042,4.199,0.0146,0.11,4.77,0.91,0.0,789.0,420,354,15,53,45,2,332.0,0.02,9.6e-05,31780.0,,,,
2383,8000,6886,1.8346,0.0455,3.4998,4.205,0.0147,0.11,6.06,0.92,0.0,816.0,459,339,18,56,42,2,321.0,0.03,9.6e-05,31804.0,,,,
2384,8000,6902,1.8015,0.0447,3.4366,4.295,0.0126,0.1,5.11,0.92,0.0,857.0,450,389,18,53,45,2,306.0,0.03,9.6e-05,31788.0,,,,
2385,8000,6919,1.7783,0.0429,3.391,4.382,0.0144,0.11,3.33,0.92,0.0,810.0,443,357,10,55,44,1,324.0,0.03,9.6e-05,31805.0,,,,
2386,8000,6935,1.7212,0.0417,3.2808,4.568,0.0124,0.09,4.03,0.93,0.0,658.0,331,315,12,50,48,2,398.0,0.02,9.6e-05,31803.0,,,,
2387,8000,6952,1.7012,0.0407,3.2423,4.613,0.0089,0.07,6.45,0.93,0.0,614.0,288,321,5,47,52,1,427.0,0.02,9.6e-05,31854.0,,,,
2388,8000,6968,1.7065,0.0336,3.2671,4.461,0.0118,0.09,5.35,0.91,0.0,623.0,299,310,14,48,50,2,421.0,0.01,9.6e-05,31790.0,,,,
2389,8000,6985,1.6613,0.0428,3.1626,4.72,0.0112,0.08,5.28,0.94,0.0,565.0,275,257,33,49,45,6,464.0,0.01,9.6e-05,31854.0,,,,
2390,8000,7001,1.6173,0.037,3.0914,4.922,0.0118,0.07,6.85,0.94,0.0,499.0,229,228,42,46,46,8,525.0,0.01,9.6e-05,31801.0,,,,
2391,8000,7018,1.5766,0.0269,3.0336,4.889,0.0067,0.06,8.34,0.94,0.0,473.0,205,216,52,43,46,11,554.0,0.01,9.6e-05,31871.0,,,,
2392,8000,7034,1.5826,0.0357,3.0315,4.925,0.0065,0.05,8.57,0.94,0.0,462.0,181,201,80,39,44,17,567.0,0.01,9.6e-05,31784.0,,,,
2393,8000,7051,1.6001,0.0334,3.0705,4.91,0.0091,0.07,7.98,0.94,0.0,487.0,200,207,80,41,43,16,538.0,0.01,9.6e-05,31862.0,,,,
2394,8000,7067,1.6027,0.0396,3.0652,4.822,0.0103,0.07,8.85,0.94,0.0,502.0,209,215,78,42,43,16,522.0,0.0,9.6e-05,31853.0,,,,
2395,8000,7084,1.5674,0.0208,3.0309,4.955,0.0078,0.06,9.33,0.94,0.0,451.0,183,192,76,41,43,17,581.0,0.0,9.6e-05,31787.0,,,,
2396,8000,7101,1.5457,0.0182,2.9939,4.904,0.0103,0.07,8.55,0.94,0.0,429.0,176,181,72,41,42,17,611.0,0.01,9.6e-05,31786.0,,,,
2397,8000,7117,1.5839,0.0231,3.0607,4.853,0.0083,0.07,7.87,0.93,0.0,456.0,202,168,86,44,37,19,575.0,0.01,9.6e-05,31786.0,,,,
2398,8000,7134,1.5727,0.026,3.0325,4.857,0.0101,0.08,7.77,0.92,0.0,470.0,191,178,101,41,38,21,558.0,0.01,9.6e-05,31792.0,,,,
2399,8000,7150,1.5512,0.0283,2.9854,4.921,0.014,0.09,4.07,0.92,0.0,461.0,180,200,81,39,43,18,569.0,0.01,9.6e-05,31866.0,135,6,371,26
2400,8000,7182,1.513,0.0216,2.9211,4.981,0.0103,0.08,4.78,0.93,0.0,388.0,169,136,83,44,35,21,676.0,0.01,9.6e-05,32012.0,,,,
2401,8000,7199,1.4873,0.0216,2.8779,5.175,0.0117,0.07,5.58,0.93,0.0,386.0,150,144,92,39,37,24,679.0,0.01,9.6e-05,30701.0,,,,
2402,8000,7215,1.5117,0.0268,2.9197,5.163,0.0119,0.07,7.14,0.91,0.0,399.0,133,157,109,33,39,27,657.0,0.0,9.6e-05,31838.0,,,,
2403,8000,7232,1.4571,0.014,2.8348,5.225,0.0139,0.07,5.33,0.92,0.0,390.0,122,175,93,31,45,24,672.0,0.0,9.6e-05,31845.0,,,,
2404,8000,7248,1.4746,0.0228,2.8495,5.259,0.0113,0.07,6.66,0.91,0.0,329.0,132,114,83,40,35,25,797.0,0.0,9.5e-05,31851.0,,,,
2405,8000,7265,1.5018,0.0206,2.9056,5.281,0.008,0.06,11.44,0.92,0.0,336.0,108,128,100,32,38,30,780.0,0.01,9.5e-05,31830.0,,,,
2406,8000,7282,1.4946,0.0216,2.8893,5.195,0.0121,0.08,3.61,0.92,0.0,405.0,136,177,92,34,44,23,647.0,0.01,9.5e-05,31852.0,,,,
2407,8000,7298,1.5514,0.0253,2.9986,5.038,0.0112,0.09,5.1,0.92,0.0,495.0,180,210,105,36,42,21,530.0,0.01,9.5e-05,31917.0,,,,
2408,8000,7315,1.5561,0.026,3.0032,5.008,0.0124,0.09,3.07,0.91,0.0,499.0,187,225,87,37,45,17,525.0,0.02,9.5e-05,31846.0,,,,
2409,8000,7331,1.5855,0.0328,3.0473,5.043,0.0107,0.08,4.93,0.91,0.0,494.0,195,222,77,39,45,16,531.0,0.02,9.5e-05,31828.0,,,,
2410,8000,7348,1.5538,0.029,2.9896,4.999,0.0117,0.09,2.55,0.92,0.0,451.0,174,209,68,39,46,15,581.0,0.02,9.5e-05,31849.0,,,,
2411,8000,7364,1.5739,0.0263,3.0321,4.893,0.0091,0.08,4.17,0.92,0.0,444.0,166,212,66,37,48,15,590.0,0.03,9.5e-05,31835.0,,,,
2412,8000,7381,1.5694,0.0268,3.0211,4.85,0.0093,0.08,4.0,0.91,0.0,447.0,149,216,82,33,48,18,586.0,0.06,9.5e-05,31836.0,,,,
2413,8000,7397,1.5592,0.026,2.9995,4.845,0.0066,0.06,7.31,0.92,0.0,417.0,140,202,75,34,48,18,629.0,0.08,9.5e-05,31850.0,,,,
2414,8000,7414,1.5408,0.0254,2.966,4.968,0.0078,0.07,3.76,0.92,0.0,404.0,166,172,66,41,43,16,649.0,0.07,9.5e-05,31871.0,,,,
2415,8000,7430,1.5094,0.0293,2.8995,5.024,0.009,0.07,3.29,0.92,0.0,384.0,127,171,86,33,45,22,683.0,0.08,9.5e-05,31836.0,,,,
2416,8000,7447,1.5514,0.038,2.9599,4.817,0.0111,0.08,3.93,0.92,0.0,378.0,150,152,76,40,40,20,694.0,0.09,9.5e-05,31904.0,,,,
2417,8000,7463,1.5595,0.032,2.9898,4.913,0.0096,0.08,4.0,0.92,0.0,419.0,168,161,90,40,38,21,626.0,0.08,9.5e-05,31872.0,,,,
2418,8000,7480,1.5806,0.0316,3.0309,4.757,0.0082,0.08,4.6,0.92,0.0,468.0,209,172,87,45,37,19,560.0,0.06,9.5e-05,31849.0,,,,
2419,8000,7496,1.6038,0.0256,3.088,4.76,0.0066,0.06,6.51,0.91,0.0,464.0,195,192,77,42,41,17,565.0,0.05,9.5e-05,31844.0,,,,
2420,8000,7513,1.6348,0.0236,3.1496,4.584,0.007,0.07,5.73,0.91,0.0,498.0,218,206,74,44,41,15,526.0,0.03,9.5e-05,31844.0,,,,
2421,8000,7530,1.7268,0.0304,3.3197,4.596,0.0082,0.07,6.14,0.89,0.0,638.0,281,281,76,44,44,12,411.0,0.03,9.5e-05,30738.0,,,,
2422,8000,7547,1.8005,0.0331,3.4601,4.634,0.0095,0.08,14.82,0.9,0.0,761.0,349,335,77,46,44,10,344.0,0.04,9.5e-05,31855.0,,,,
2423,8000,7563,1.8166,0.0254,3.5053,4.465,0.0059,0.06,21.49,0.91,0.0,781.0,384,339,58,49,43,7,336.0,0.03,9.5e-05,31796.0,,,,
2424,8000,7580,1.7577,0.0289,3.3813,4.481,0.0085,0.08,8.75,0.92,0.0,764.0,344,364,56,45,48,7,343.0,0.02,9.5e-05,31807.0,,,,
2425,8000,7596,1.7282,0.0269,3.325,4.57,0.0079,0.07,8.6,0.92,0.0,617.0,290,297,30,47,48,5,425.0,0.01,9.5e-05,31801.0,,,,
2426,8000,7613,1.6946,0.0248,3.2644,4.728,0.0089,0.07,13.57,0.93,0.0,541.0,232,273,36,43,50,7,485.0,0.01,9.5e-05,31876.0,,,,
2427,8000,7629,1.6777,0.0238,3.2337,4.577,0.0074,0.07,11.67,0.92,0.0,564.0,267,236,61,47,42,11,465.0,0.01,9.4e-05,31840.0,,,,
2428,8000,7646,1.7009,0.0293,3.2696,4.519,0.009,0.07,9.22,0.93,0.0,621.0,271,267,83,44,43,13,422.0,0.01,9.4e-05,31794.0,,,,
2429,8000,7662,1.6842,0.0247,3.2462,4.589,0.0082,0.07,10.01,0.93,0.0,605.0,270,265,70,45,44,12,433.0,0.01,9.4e-05,31793.0,,,,
2430,8000,7679,1.6084,0.0157,3.1143,4.781,0.0084,0.08,12.37,0.93,0.0,474.0,204,213,57,43,45,12,553.0,0.01,9.4e-05,31861.0,,,,
2431,8000,7695,1.5804,0.0195,3.0516,4.867,0.0068,0.06,11.81,0.93,0.0,428.0,181,197,50,42,46,12,612.0,0.01,9.4e-05,31798.0,,,,
2432,8000,7712,1.5352,0.0246,2.9577,4.967,0.0081,0.06,9.27,0.94,0.0,411.0,155,178,78,38,43,19,638.0,0.01,9.4e-05,31795.0,,,,
2433,8000,7729,1.6054,0.0265,3.0994,4.711,0.0093,0.07,9.92,0.93,0.0,508.0,193,213,102,38,42,20,516.0,0.01,9.4e-05,31810.0,,,,
2434,8000,7745,1.6423,0.0191,3.1803,4.587,0.0113,0.09,7.47,0.93,0.0,568.0,236,253,79,42,45,14,462.0,0.01,9.4e-05,31788.0,,,,
2435,8000,7762,1.6683,0.0155,3.2409,4.603,0.0107,0.08,13.6,0.93,0.0,612.0,253,281,78,41,46,13,428.0,0.02,9.4e-05,31871.0,,,,
2436,8000,7778,1.6353,0.0202,3.1654,4.619,0.0099,0.08,7.81,0.93,0.0,564.0,237,258,69,42,46,12,465.0,0.02,9.4e-05,31854.0,,,,
2437,8000,7795,1.6278,0.0149,3.1589,4.584,0.0105,0.08,8.48,0.94,0.0,567.0,251,256,60,44,45,11,462.0,0.01,9.4e-05,31800.0,,,,
2438,8000,7811,1.5872,0.0207,3.0687,4.704,0.0115,0.08,10.38,0.94,0.0,496.0,204,227,65,41,46,13,529.0,0.01,9.4e-05,31808.0,,,,
2439,8000,7828,1.5727,0.0151,3.0569,4.793,0.0087,0.07,17.7,0.95,0.0,463.0,191,185,87,41,40,19,566.0,0.01,9.4e-05,31807.0,,,,
2440,8000,7844,1.5768,0.0203,3.051,4.714,0.0105,0.08,10.31,0.94,0.0,471.0,215,185,71,46,39,15,557.0,0.01,9.4e-05,31865.0,,,,
2441,8000,7862,1.6318,0.0169,3.1686,4.981,0.0125,0.08,28.52,0.91,0.0,481.0,183,211,87,38,44,18,545.0,0.01,9.4e-05,30676.0,,,,
2442,8000,7878,1.5248,0.0139,2.9639,5.074,0.0133,0.09,3.95,0.93,0.0,437.0,198,156,83,45,36,19,600.0,0.01,9.4e-05,31814.0,,,,
2443,8000,7895,1.5441,0.0245,2.9803,4.99,0.0145,0.09,3.77,0.93,0.0,472.0,226,163,83,48,35,18,555.0,0.01,9.4e-05,31817.0,,,,
2444,8000,7911,1.5837,0.0125,3.0828,4.998,0.0109,0.07,8.94,0.92,0.0,509.0,226,197,86,44,39,17,515.0,0.01,9.4e-05,31820.0,,,,
2445,8000,7928,1.6453,0.0102,3.2071,4.865,0.0106,0.08,15.01,0.92,0.0,585.0,247,245,93,42,42,16,448.0,0.01,9.4e-05,31814.0,,,,
2446,8000,7944,1.6645,0.0104,3.2392,4.735,0.0111,0.08,9.36,0.92,0.0,650.0,301,273,76,46,42,12,403.0,0.0,9.4e-05,31833.0,,,,
2447,8000,7961,1.6318,0.0097,3.1766,4.813,0.0122,0.08,5.54,0.92,0.0,629.0,294,271,64,47,43,10,417.0,0.01,9.4e-05,31868.0,,,,
2448,8000,7977,1.6594,0.0122,3.2274,4.803,0.0122,0.09,4.11,0.91,0.0,646.0,295,276,75,46,43,12,406.0,0.01,9.4e-05,31804.0,,,,
2449,8000,7994,1.664,0.01,3.2393,4.87,0.0123,0.09,4.24,0.91,0.0,666.0,301,310,55,45,47,8,394.0,0.01,9.4e-05,31803.0,149,8,355,29
2450,8000,8025,1.6598,0.0178,3.2157,4.833,0.0116,0.08,3.28,0.91,0.0,627.0,291,271,65,46,43,10,418.0,0.0,9.4e-05,31951.0,,,,
2451,8000,8042,1.6946,0.0159,3.2911,4.789,0.0103,0.08,4.79,0.9,0.0,643.0,266,294,83,41,46,13,408.0,0.01,9.3e-05,31858.0,,,,
2452,8000,8058,1.7123,0.0234,3.3093,4.662,0.0105,0.09,4.07,0.91,0.0,671.0,321,284,66,48,42,10,391.0,0.0,9.3e-05,31795.0,,,,
2453,8000,8075,1.7059,0.0198,3.3037,4.702,0.0076,0.07,7.22,0.91,0.0,685.0,303,312,70,44,46,10,383.0,0.01,9.3e-05,31827.0,,,,
2454,8000,8091,1.6931,0.0247,3.2635,4.572,0.0099,0.08,3.61,0.92,0.0,659.0,299,307,53,45,47,8,398.0,0.01,9.3e-05,31801.0,,,,
2455,8000,8108,1.7151,0.0266,3.3056,4.604,0.0088,0.07,7.82,0.92,0.0,707.0,325,309,73,46,44,10,371.0,0.01,9.3e-05,31878.0,,,,
2456,8000,8124,1.7331,0.0296,3.3328,4.472,0.009,0.07,4.56,0.92,0.0,709.0,348,316,45,49,45,6,370.0,0.01,9.3e-05,31884.0,,,,
2457,8000,8141,1.7913,0.0372,3.4321,4.365,0.0096,0.08,4.82,0.92,0.0,816.0,415,346,55,51,42,7,321.0,0.01,9.3e-05,31815.0,,,,
2458,8000,8158,1.7849,0.0337,3.4253,4.354,0.0104,0.09,4.33,0.92,0.0,859.0,401,416,42,47,48,5,305.0,0.01,9.3e-05,31813.0,,,,
2459,8000,8174,1.7605,0.0238,3.3965,4.375,0.0099,0.08,4.31,0.92,0.0,815.0,416,359,40,51,44,5,322.0,0.01,9.3e-05,31828.0,,,,
2460,8000,8191,1.7752,0.0241,3.4251,4.383,0.0099,0.08,3.78,0.92,0.0,790.0,398,355,37,50,45,5,332.0,0.02,9.3e-05,31803.0,,,,
2461,8000,8208,1.7582,0.0409,3.357,4.464,0.0133,0.09,4.21,0.93,0.0,699.0,324,341,34,46,49,5,375.0,0.01,9.3e-05,30708.0,,,,
2462,8000,8224,1.7206,0.0337,3.2971,4.631,0.0091,0.07,6.52,0.93,0.0,633.0,265,325,43,42,51,7,414.0,0.0,9.3e-05,31843.0,,,,
2463,8000,8241,1.7173,0.0365,3.2853,4.637,0.0105,0.08,4.81,0.93,0.0,660.0,308,315,37,47,48,6,397.0,0.01,9.3e-05,31817.0,,,,
2464,8000,8257,1.752,0.035,3.3563,4.544,0.0096,0.08,4.52,0.92,0.0,689.0,335,323,31,49,47,4,380.0,0.01,9.3e-05,31848.0,,,,
2465,8000,8274,1.7528,0.0333,3.3617,4.601,0.0107,0.08,4.59,0.92,0.0,726.0,283,381,62,39,52,9,361.0,0.02,9.3e-05,31869.0,,,,
2466,8000,8290,1.7257,0.0307,3.312,4.553,0.0107,0.08,5.02,0.93,0.0,694.0,308,343,43,44,49,6,378.0,0.02,9.3e-05,31817.0,,,,
2467,8000,8307,1.6829,0.0335,3.2225,4.751,0.01,0.08,4.4,0.93,0.0,626.0,244,346,36,39,55,6,419.0,0.02,9.3e-05,31844.0,,,,
2468,8000,8323,1.7108,0.0302,3.2842,4.689,0.0097,0.08,4.38,0.92,0.0,654.0,277,349,28,42,53,4,401.0,0.02,9.3e-05,31838.0,,,,
2469,8000,8340,1.7609,0.0305,3.3833,4.537,0.0095,0.08,4.04,0.92,0.0,774.0,329,415,30,43,54,4,339.0,0.02,9.3e-05,31823.0,,,,
2470,8000,8356,1.7441,0.0247,3.3618,4.509,0.0097,0.09,3.75,0.91,0.0,746.0,350,365,31,47,49,4,351.0,0.01,9.3e-05,31825.0,,,,
2471,8000,8373,1.7725,0.0355,3.3962,4.512,0.0096,0.09,9.28,0.92,0.0,782.0,335,427,20,43,55,3,335.0,0.01,9.3e-05,31817.0,,,,
2472,8000,8390,1.7286,0.0291,3.3207,4.492,0.0093,0.08,4.53,0.93,0.0,736.0,306,412,18,42,56,2,356.0,0.02,9.3e-05,31838.0,,,,
2473,8000,8406,1.7522,0.0238,3.3787,4.526,0.0087,0.07,6.98,0.92,0.0,716.0,335,370,11,47,52,2,366.0,0.01,9.3e-05,31854.0,,,,
2474,8000,8423,1.7224,0.0179,3.3315,4.573,0.007,0.07,7.09,0.93,0.0,672.0,275,376,21,41,56,3,390.0,0.02,9.3e-05,31828.0,,,,
2475,8000,8439,1.7528,0.0266,3.3748,4.561,0.0081,0.07,9.85,0.92,0.0,709.0,293,407,9,41,57,1,370.0,0.02,9.2e-05,31842.0,,,,
2476,8000,8456,1.7407,0.0218,3.3601,4.529,0.0082,0.08,7.48,0.92,0.0,646.0,308,326,12,48,50,2,406.0,0.02,9.2e-05,31830.0,,,,
2477,8000,8472,1.7684,0.0089,3.4402,4.407,0.01,0.08,6.59,0.91,0.0,746.0,362,378,6,49,51,1,351.0,0.04,9.2e-05,31840.0,,,,
2478,8000,8489,1.7685,0.0249,3.4091,4.445,0.0095,0.08,8.26,0.91,0.0,706.0,359,337,10,51,48,1,371.0,0.03,9.2e-05,31839.0,,,,
2479,8000,8505,1.7844,0.0174,3.4563,4.506,0.0101,0.08,8.11,0.92,0.0,754.0,382,364,8,51,48,1,348.0,0.03,9.2e-05,31864.0,,,,
2480,8000,8522,1.8183,0.023,3.5125,4.452,0.0088,0.08,6.76,0.92,0.0,810.0,394,411,5,49,51,1,324.0,0.03,9.2e-05,31868.0,,,,
2481,8000,8539,1.8491,0.0305,3.5577,4.365,0.012,0.09,4.91,0.9,0.0,898.0,438,460,0,49,51,0,292.0,0.02,9.2e-05,30665.0,,,,
2482,8000,8555,1.8305,0.0267,3.5298,4.463,0.0115,0.1,4.88,0.9,0.0,848.0,427,418,3,50,49,0,309.0,0.02,9.2e-05,31831.0,,,,
2483,8000,8572,1.7911,0.0192,3.4664,4.529,0.0086,0.08,6.17,0.92,0.0,769.0,455,311,3,59,40,0,341.0,0.03,9.2e-05,31843.0,,,,
2484,8000,8588,1.8047,0.0215,3.4864,4.326,0.0123,0.1,4.29,0.91,0.0,839.0,479,359,1,57,43,0,312.0,0.05,9.2e-05,31896.0,,,,
2485,8000,8605,1.7762,0.0168,3.44,4.439,0.0104,0.09,3.95,0.92,0.0,811.0,462,341,8,57,42,1,323.0,0.04,9.2e-05,31791.0,,,,
2486,8000,8622,1.7699,0.0212,3.4196,4.51,0.0082,0.07,4.6,0.92,0.0,744.0,372,365,7,50,49,1,352.0,0.05,9.2e-05,31798.0,,,,
2487,8000,8638,1.7728,0.0121,3.4428,4.478,0.0094,0.09,4.78,0.91,0.0,768.0,399,365,4,52,48,1,341.0,0.07,9.2e-05,31788.0,,,,
2488,8000,8655,1.8053,-0.0042,3.5392,4.322,0.0077,0.07,8.21,0.91,0.0,822.0,443,374,5,54,45,1,319.0,0.05,9.2e-05,31801.0,,,,
2489,8000,8671,1.7884,-0.0123,3.5212,4.26,0.009,0.09,4.33,0.92,0.0,912.0,475,436,1,52,48,0,287.0,0.06,9.2e-05,31800.0,,,,
2490,8000,8688,1.8009,0.0037,3.5147,4.304,0.0096,0.09,3.8,0.92,0.0,907.0,506,399,2,56,44,0,289.0,0.03,9.2e-05,31793.0,,,,
2491,8000,8704,1.7559,-0.0009,3.4344,4.409,0.0087,0.08,6.66,0.93,0.0,799.0,444,355,0,56,44,0,328.0,0.03,9.2e-05,31803.0,,,,
2492,8000,8721,1.769,-0.0193,3.4972,4.36,0.0092,0.08,4.68,0.92,0.0,852.0,481,370,1,56,43,0,308.0,0.05,9.2e-05,31795.0,,,,
2493,8000,8737,1.8085,-0.0126,3.5627,4.313,0.0104,0.09,5.49,0.91,0.0,914.0,488,425,1,53,46,0,287.0,0.04,9.2e-05,31857.0,,,,
2494,8000,8754,1.7781,-0.0167,3.5103,4.335,0.0096,0.09,5.43,0.92,0.0,880.0,456,423,1,52,48,0,298.0,0.03,9.2e-05,31816.0,,,,
2495,8000,8770,1.778,-0.0085,3.4942,4.346,0.0109,0.09,4.02,0.92,0.0,885.0,464,418,3,52,47,0,296.0,0.05,9.2e-05,31839.0,,,,
2496,8000,8787,1.7644,-0.0047,3.4589,4.365,0.0112,0.09,5.08,0.91,0.0,854.0,430,424,0,50,50,0,307.0,0.03,9.2e-05,31813.0,,,,
2497,8000,8804,1.7885,-0.0057,3.5083,4.277,0.009,0.08,5.86,0.92,0.0,833.0,415,416,2,50,50,0,315.0,0.01,9.2e-05,31787.0,,,,
2498,8000,8820,1.8268,0.012,3.5485,4.161,0.0115,0.09,5.38,0.91,0.0,877.0,454,423,0,52,48,0,299.0,0.02,9.2e-05,31801.0,,,,
2499,8000,8837,1.8066,0.0136,3.5057,4.259,0.0107,0.09,4.64,0.92,0.0,948.0,497,451,0,52,48,0,277.0,0.01,9.2e-05,31807.0,270,0,242,53
2500,8000,8868,1.7945,0.0182,3.472,4.225,0.0118,0.09,4.1,0.92,0.0,873.0,455,416,2,52,48,0,300.0,0.02,9.1e-05,31960.0,,,,
2501,8000,8885,1.8453,0.037,3.5372,4.37,0.0115,0.09,8.61,0.91,0.0,944.0,458,484,2,49,51,0,278.0,0.01,9.1e-05,30731.0,,,,
2502,8000,8902,1.7863,0.0292,3.4355,4.452,0.0115,0.09,4.21,0.91,0.0,785.0,377,406,2,48,52,0,334.0,0.02,9.1e-05,31857.0,,,,
2503,8000,8918,1.7891,0.0221,3.4545,4.39,0.011,0.09,7.0,0.92,0.0,778.0,363,415,0,47,53,0,337.0,0.03,9.1e-05,31862.0,,,,
2504,8000,8935,1.789,0.0079,3.4818,4.288,0.0095,0.08,9.49,0.93,0.0,786.0,377,407,2,48,52,0,334.0,0.02,9.1e-05,31849.0,,,,
2505,8000,8951,1.7263,0.0033,3.3654,4.257,0.0117,0.09,5.11,0.93,0.0,734.0,376,353,5,51,48,1,357.0,0.04,9.1e-05,31908.0,,,,
2506,8000,8968,1.7822,0.0117,3.4606,4.233,0.0118,0.09,6.17,0.92,0.0,797.0,383,407,7,48,51,1,329.0,0.04,9.1e-05,31849.0,,,,
2507,8000,8984,1.7718,0.0021,3.459,4.234,0.0109,0.09,5.61,0.92,0.0,847.0,440,402,5,52,47,1,309.0,0.04,9.1e-05,31839.0,,,,
2508,8000,9001,1.7989,0.0269,3.464,4.324,0.0114,0.09,6.97,0.92,0.0,834.0,412,419,3,49,50,0,314.0,0.04,9.1e-05,31822.0,,,,
2509,8000,9017,1.8265,0.0284,3.5153,4.238,0.0124,0.09,6.66,0.92,0.0,865.0,439,425,1,51,49,0,303.0,0.02,9.1e-05,31868.0,,,,
2510,8000,9034,1.7931,0.0118,3.4817,4.213,0.0114,0.09,4.16,0.91,0.0,890.0,440,450,0,49,51,0,295.0,0.01,9.1e-05,31847.0,,,,
2511,8000,9050,1.8033,0.0053,3.5152,4.215,0.0125,0.09,4.49,0.92,0.0,855.0,430,423,2,50,49,0,307.0,0.01,9.1e-05,31838.0,,,,
2512,8000,9067,1.8261,0.0248,3.5213,4.159,0.0123,0.09,7.12,0.92,0.0,893.0,448,444,1,50,50,0,294.0,0.01,9.1e-05,31899.0,,,,
2513,8000,9083,1.8366,0.036,3.5202,4.163,0.0125,0.09,5.57,0.92,0.0,914.0,487,425,2,53,46,0,287.0,0.02,9.1e-05,31837.0,,,,
2514,8000,9100,1.8783,0.034,3.6071,4.116,0.0114,0.09,8.56,0.92,0.0,997.0,519,478,0,52,48,0,263.0,0.01,9.1e-05,31857.0,,,,
2515,8000,9116,1.8841,0.0372,3.6117,4.062,0.0114,0.09,8.74,0.92,0.0,1032.0,520,511,1,50,50,0,254.0,0.01,9.1e-05,31920.0,,,,
2516,8000,9133,1.8931,0.0255,3.6525,4.009,0.0124,0.09,6.99,0.91,0.0,1068.0,501,566,1,47,53,0,245.0,0.02,9.1e-05,31909.0,,,,
2517,8000,9149,1.8379,0.0094,3.5745,4.03,0.0108,0.08,6.29,0.92,0.0,1038.0,505,532,1,49,51,0,253.0,0.01,9.1e-05,31892.0,,,,
2518,8000,9166,1.8459,0.0258,3.5575,4.048,0.0133,0.1,13.81,0.92,0.0,943.0,442,501,0,47,53,0,278.0,0.02,9.1e-05,31846.0,,,,
2519,8000,9182,1.8573,0.0253,3.5816,4.037,0.0099,0.08,12.34,0.93,0.0,944.0,438,505,1,46,53,0,278.0,0.02,9.1e-05,31852.0,,,,
2520,8000,9199,1.8766,0.0213,3.6279,4.014,0.0116,0.08,9.33,0.92,0.0,921.0,447,471,3,49,51,0,285.0,0.02,9.1e-05,31913.0,,,,
2521,8000,9216,1.8434,0.0168,3.5724,4.21,0.0161,0.11,7.48,0.9,0.0,961.0,482,478,1,50,50,0,273.0,0.03,9.1e-05,30734.0,,,,
2522,8000,9233,1.8029,0.0288,3.4685,4.391,0.0148,0.1,3.44,0.89,0.0,830.0,430,400,0,52,48,0,316.0,0.02,9.1e-05,31837.0,,,,
2523,8000,9249,1.8251,0.0313,3.5071,4.28,0.0114,0.09,8.71,0.9,0.0,818.0,433,384,1,53,47,0,320.0,0.02,9.1e-05,31830.0,,,,
2524,8000,9266,1.795,0.015,3.4794,4.295,0.01,0.08,5.44,0.92,0.0,826.0,445,380,1,54,46,0,317.0,0.02,9.1e-05,31829.0,,,,
2525,8000,9282,1.7986,0.0333,3.4486,4.185,0.0112,0.09,6.56,0.92,0.0,787.0,432,354,1,55,45,0,333.0,0.01,9e-05,31906.0,,,,
2526,8000,9299,1.792,0.0368,3.4294,4.279,0.0113,0.08,6.95,0.92,0.0,796.0,432,364,0,54,46,0,329.0,0.01,9e-05,31900.0,,,,
2527,8000,9315,1.7876,0.024,3.4463,4.286,0.0111,0.08,4.9,0.92,0.0,788.0,427,360,1,54,46,0,333.0,0.01,9e-05,31871.0,,,,
2528,8000,9332,1.7336,0.0171,3.352,4.334,0.0127,0.09,4.39,0.93,0.0,703.0,392,310,1,56,44,0,373.0,0.01,9e-05,31839.0,,,,
2529,8000,9348,1.7352,0.0177,3.3551,4.423,0.0132,0.09,4.22,0.93,0.0,717.0,405,312,0,56,44,0,366.0,0.01,9e-05,31847.0,,,,
2530,8000,9365,1.706,0.0148,3.3017,4.383,0.0124,0.09,4.94,0.93,0.0,678.0,344,334,0,51,49,0,387.0,0.01,9e-05,31905.0,,,,
2531,8000,9381,1.7262,0.013,3.3463,4.39,0.0103,0.08,4.92,0.92,0.0,652.0,327,325,0,50,50,0,402.0,0.01,9e-05,31826.0,,,,
2532,8000,9398,1.7501,0.0164,3.3879,4.469,0.0144,0.08,13.13,0.93,0.0,623.0,312,311,0,50,50,0,421.0,0.01,9e-05,31883.0,,,,
2533,8000,9414,1.7404,0.0289,3.343,4.42,0.0129,0.08,5.55,0.93,0.0,661.0,339,321,1,51,49,0,397.0,0.02,9e-05,31882.0,,,,
2534,8000,9431,1.7455,0.0332,3.3454,4.488,0.012,0.08,5.58,0.92,0.0,633.0,329,303,1,52,48,0,414.0,0.01,9e-05,31898.0,,,,
2535,8000,9447,1.6828,0.0227,3.2422,4.604,0.0123,0.08,3.83,0.93,0.0,577.0,298,278,1,52,48,0,454.0,0.01,9e-05,31841.0,,,,
2536,8000,9464,1.724,0.0264,3.3172,4.617,0.0107,0.08,7.89,0.92,0.0,610.0,307,303,0,50,50,0,430.0,0.01,9e-05,31838.0,,,,
2537,8000,9480,1.6995,0.0324,3.2547,4.462,0.0107,0.08,5.53,0.93,0.0,618.0,353,264,1,57,43,0,424.0,0.02,9e-05,31836.0,,,,
2538,8000,9497,1.7293,0.0329,3.3139,4.534,0.0111,0.08,19.05,0.93,0.0,612.0,341,269,2,56,44,0,428.0,0.02,9e-05,31844.0,,,,
2539,8000,9513,1.731,0.0359,3.3091,4.339,0.0093,0.07,9.99,0.93,0.0,610.0,327,283,0,54,46,0,430.0,0.01,9e-05,31875.0,,,,
2540,8000,9530,1.7737,0.0388,3.3885,4.268,0.0115,0.08,5.23,0.93,0.0,667.0,350,317,0,52,48,0,393.0,0.01,9e-05,31840.0,,,,
2541,8000,9547,1.812,0.0314,3.4811,4.367,0.0134,0.09,4.65,0.9,0.0,772.0,398,374,0,52,48,0,340.0,0.02,9e-05,30742.0,,,,
2542,8000,9564,1.818,0.0441,3.4677,4.392,0.0136,0.09,5.65,0.91,0.0,777.0,409,368,0,53,47,0,337.0,0.02,9e-05,31862.0,,,,
2543,8000,9580,1.8028,0.0331,3.4596,4.427,0.0124,0.08,7.97,0.92,0.0,735.0,380,355,0,52,48,0,357.0,0.02,9e-05,31866.0,,,,
2544,8000,9597,1.837,0.0288,3.5367,4.442,0.0129,0.08,17.87,0.92,0.0,769.0,385,384,0,50,50,0,341.0,0.03,9e-05,31843.0,,,,
2545,8000,9613,1.7265,0.0317,3.3104,4.491,0.0146,0.09,4.15,0.93,0.0,699.0,379,320,0,54,46,0,375.0,0.04,9e-05,31841.0,,,,
2546,8000,9630,1.738,0.0248,3.3481,4.537,0.011,0.08,8.97,0.91,0.0,670.0,354,312,4,53,47,1,391.0,0.04,9e-05,31846.0,,,,
2547,8000,9646,1.7695,0.0313,3.398,4.487,0.0107,0.08,16.01,0.92,0.0,704.0,362,335,7,51,48,1,372.0,0.03,9e-05,31858.0,,,,
2548,8000,9663,1.7297,0.0141,3.3528,4.557,0.0071,0.06,11.73,0.93,0.0,681.0,357,320,4,52,47,1,385.0,0.03,9e-05,31858.0,,,,
2549,8000,9679,1.7193,0.0203,3.3193,4.555,0.0114,0.08,6.81,0.93,0.0,636.0,345,286,5,54,45,1,412.0,0.03,9e-05,31863.0,224,2,286,44
2550,8000,9711,1.7259,0.0253,3.3212,4.444,0.0113,0.08,7.06,0.94,0.0,689.0,373,313,3,54,45,0,380.0,0.02,8.9e-05,31998.0,,,,
2551,8000,9727,1.698,0.0279,3.2621,4.617,0.0107,0.08,6.02,0.94,0.0,641.0,334,301,6,52,47,1,409.0,0.03,8.9e-05,31865.0,,,,
2552,8000,9744,1.7222,0.0127,3.3407,4.555,0.007,0.06,25.97,0.95,0.0,624.0,355,260,9,57,42,1,420.0,0.02,8.9e-05,31923.0,,,,
2553,8000,9760,1.6972,0.0125,3.2911,4.609,0.0128,0.08,6.12,0.94,0.0,669.0,361,295,13,54,44,2,392.0,0.02,8.9e-05,31901.0,,,,
2554,8000,9777,1.7384,0.0125,3.3726,4.457,0.0098,0.07,9.66,0.94,0.0,686.0,381,298,7,56,43,1,382.0,0.02,8.9e-05,31910.0,,,,
2555,8000,9793,1.746,0.0142,3.3854,4.56,0.0129,0.08,6.47,0.93,0.0,746.0,385,357,4,52,48,1,351.0,0.02,8.9e-05,31844.0,,,,
2556,8000,9810,1.7361,0.0008,3.3925,4.592,0.0107,0.08,6.04,0.93,0.0,796.0,409,382,5,51,48,1,329.0,0.02,8.9e-05,31853.0,,,,
2557,8000,9826,1.6911,0.0051,3.2948,4.698,0.0136,0.09,4.8,0.94,0.0,692.0,369,319,4,53,46,1,379.0,0.02,8.9e-05,31896.0,,,,
2558,8000,9843,1.7043,-0.0056,3.3424,4.654,0.0125,0.08,4.87,0.93,0.0,677.0,355,320,2,52,47,0,387.0,0.03,8.9e-05,31852.0,,,,
2559,8000,9859,1.7304,-0.004,3.39,4.532,0.0105,0.08,6.56,0.93,0.0,664.0,344,318,2,52,48,0,395.0,0.04,8.9e-05,31840.0,,,,
2560,8000,9876,1.6867,-0.0076,3.3109,4.616,0.0125,0.08,5.5,0.94,0.0,624.0,361,256,7,58,41,1,420.0,0.03,8.9e-05,31853.0,,,,
2561,8000,9893,1.7118,-0.0185,3.3826,4.601,0.0137,0.09,4.67,0.92,0.0,678.0,367,306,5,54,45,1,387.0,0.04,8.9e-05,30702.0,,,,
2562,8000,9910,1.6481,-0.0236,3.2657,4.684,0.0097,0.07,5.81,0.94,0.0,561.0,309,248,4,55,44,1,467.0,0.03,8.9e-05,31806.0,,,,
2563,8000,9926,1.6573,-0.0255,3.2868,4.579,0.0141,0.09,3.04,0.93,0.0,611.0,322,283,6,53,46,1,429.0,0.09,8.9e-05,31846.0,,,,
2564,8000,9943,1.7231,-0.0087,3.3854,4.569,0.014,0.09,4.14,0.92,0.0,702.0,374,325,3,53,46,0,373.0,0.08,8.9e-05,31862.0,,,,
2565,8000,9959,1.7064,-0.0124,3.36,4.621,0.0111,0.08,4.1,0.92,0.0,701.0,380,319,2,54,46,0,374.0,0.05,8.9e-05,31801.0,,,,
2566,8000,9976,1.6687,-0.0084,3.2773,4.709,0.0112,0.08,4.22,0.94,0.0,680.0,336,344,0,49,51,0,386.0,0.04,8.9e-05,31790.0,,,,
2567,8000,9992,1.7199,-0.0077,3.3776,4.629,0.011,0.08,4.44,0.93,0.0,758.0,422,336,0,56,44,0,346.0,0.04,8.9e-05,31799.0,,,,
2568,8000,10009,1.7383,-0.0091,3.4161,4.529,0.0109,0.08,3.96,0.93,0.0,837.0,426,411,0,51,49,0,313.0,0.03,8.9e-05,31797.0,,,,
2569,8000,10025,1.7449,-0.0029,3.4167,4.468,0.0123,0.08,4.62,0.93,0.0,814.0,449,363,2,55,45,0,322.0,0.04,8.9e-05,31810.0,,,,
2570,8000,10042,1.7037,-0.0003,3.3308,4.617,0.0112,0.08,3.59,0.94,0.0,737.0,378,356,3,51,48,0,356.0,0.04,8.9e-05,31816.0,,,,
2571,8000,10059,1.7264,-0.0043,3.3838,4.616,0.0101,0.08,4.94,0.93,0.0,722.0,372,348,2,52,48,0,363.0,0.06,8.9e-05,31851.0,,,,
2572,8000,10075,1.7167,-0.005,3.3655,4.568,0.0118,0.09,3.98,0.93,0.0,729.0,375,351,3,51,48,0,360.0,0.06,8.9e-05,31807.0,,,,
2573,8000,10092,1.7022,-0.0056,3.3384,4.671,0.0109,0.08,5.67,0.93,0.0,710.0,376,332,2,53,47,0,369.0,0.04,8.9e-05,31801.0,,,,
2574,8000,10108,1.7027,0.006,3.3166,4.696,0.0108,0.08,4.77,0.94,0.0,645.0,327,316,2,51,49,0,406.0,0.03,8.9e-05,31794.0,,,,
2575,8000,10125,1.7058,-0.0027,3.3402,4.706,0.0096,0.08,4.89,0.94,0.0,662.0,346,314,2,52,47,0,396.0,0.03,8.9e-05,31806.0,,,,
2576,8000,10141,1.7156,0.0144,3.3253,4.643,0.0111,0.09,3.66,0.93,0.0,700.0,377,323,0,54,46,0,374.0,0.03,8.8e-05,31820.0,,,,
2577,8000,10158,1.7226,0.0167,3.3355,4.751,0.0098,0.07,5.14,0.93,0.0,648.0,376,272,0,58,42,0,405.0,0.03,8.8e-05,31809.0,,,,
2578,8000,10174,1.6998,0.0069,3.3091,4.685,0.0106,0.08,3.52,0.93,0.0,652.0,345,304,3,53,47,0,402.0,0.04,8.8e-05,31815.0,,,,
2579,8000,10191,1.6968,0.0104,3.297,4.779,0.0093,0.07,5.32,0.93,0.0,626.0,319,304,3,51,49,0,419.0,0.03,8.8e-05,31876.0,,,,
2580,8000,10207,1.7183,0.0042,3.3511,4.661,0.0096,0.07,4.33,0.94,0.0,665.0,332,330,3,50,50,0,394.0,0.05,8.8e-05,31825.0,,,,
2581,8000,10225,1.7794,0.0258,3.4308,4.679,0.012,0.08,4.53,0.92,0.0,727.0,338,385,4,46,53,1,361.0,0.03,8.8e-05,30724.0,,,,
2582,8000,10241,1.7683,0.0248,3.4112,4.747,0.0118,0.08,3.77,0.92,0.0,767.0,359,407,1,47,53,0,342.0,0.03,8.8e-05,31803.0,,,,
2583,8000,10258,1.7677,0.0333,3.3924,4.712,0.0128,0.09,3.14,0.92,0.0,721.0,362,359,0,50,50,0,364.0,0.02,8.8e-05,31823.0,,,,
2584,8000,10274,1.8063,0.0417,3.4518,4.622,0.0113,0.09,4.34,0.91,0.0,820.0,408,411,1,50,50,0,320.0,0.04,8.8e-05,31887.0,,,,
2585,8000,10291,1.7735,0.0359,3.3999,4.786,0.0102,0.07,4.26,0.91,0.0,742.0,396,342,4,53,46,1,353.0,0.03,8.8e-05,31828.0,,,,
2586,8000,10307,1.7745,0.0267,3.4184,4.615,0.0107,0.08,4.11,0.91,0.0,755.0,360,392,3,48,52,0,347.0,0.04,8.8e-05,31813.0,,,,
2587,8000,10324,1.7627,0.0183,3.4121,4.653,0.0116,0.08,3.67,0.9,0.0,787.0,387,399,1,49,51,0,333.0,0.04,8.8e-05,31811.0,,,,
2588,8000,10340,1.7692,0.0154,3.4307,4.614,0.0105,0.08,3.71,0.9,0.0,817.0,420,391,6,51,48,1,321.0,0.04,8.8e-05,31813.0,,,,
2589,8000,10357,1.7697,0.0111,3.4398,4.57,0.0103,0.08,3.44,0.91,0.0,857.0,406,444,7,47,52,1,306.0,0.04,8.8e-05,31821.0,,,,
2590,8000,10373,1.7834,0.0202,3.4499,4.649,0.0116,0.08,3.43,0.91,0.0,901.0,402,498,1,45,55,0,291.0,0.02,8.8e-05,31891.0,,,,
2591,8000,10390,1.7912,0.0351,3.4352,4.601,0.0102,0.07,4.32,0.91,0.0,874.0,385,488,1,44,56,0,300.0,0.02,8.8e-05,31813.0,,,,
2592,8000,10406,1.7357,0.0196,3.3561,4.718,0.012,0.08,3.33,0.92,0.0,861.0,387,472,2,45,55,0,304.0,0.02,8.8e-05,31823.0,,,,
2593,8000,10423,1.7158,0.0144,3.327,4.754,0.0095,0.07,3.77,0.92,0.0,792.0,344,447,1,43,56,0,331.0,0.03,8.8e-05,31805.0,,,,
2594,8000,10440,1.6967,0.0127,3.2922,4.783,0.0106,0.07,3.35,0.93,0.0,768.0,345,422,1,45,55,0,341.0,0.01,8.8e-05,31829.0,,,,
2595,8000,10456,1.7013,0.0215,3.2839,4.809,0.0093,0.06,5.47,0.94,0.0,698.0,311,386,1,45,55,0,376.0,0.01,8.8e-05,31819.0,,,,
2596,8000,10473,1.7404,0.0332,3.3373,4.651,0.0105,0.07,5.22,0.94,0.0,811.0,381,430,0,47,53,0,323.0,0.01,8.8e-05,31803.0,,,,
2597,8000,10489,1.7326,0.0278,3.3324,4.598,0.0116,0.07,4.4,0.94,0.0,789.0,373,411,5,47,52,1,332.0,0.02,8.8e-05,31824.0,,,,
2598,8000,10506,1.7484,0.0285,3.3634,4.66,0.0125,0.08,5.44,0.94,0.0,853.0,412,432,9,48,51,1,307.0,0.01,8.8e-05,31797.0,,,,
2599,8000,10522,1.7734,0.0115,3.4475,4.676,0.0106,0.07,8.11,0.94,0.0,884.0,461,419,4,52,47,0,297.0,0.01,8.8e-05,31884.0,324,1,187,63
2600,8000,10642,1.8661,0.0688,3.5146,4.335,0.0219,0.09,5.63,0.91,0.0,711.0,285,426,0,40,60,0,369.0,0.0,8.8e-05,4997.0,,,,
2601,8000,10660,1.6503,-0.0481,3.3215,4.814,0.0168,0.07,7.67,0.89,0.0,717.0,433,284,0,60,40,0,366.0,0.02,8.8e-05,30662.0,,,,
2602,8000,10676,1.6133,-0.0034,3.1591,4.979,0.0134,0.1,2.82,0.92,0.0,337.0,210,127,0,62,38,0,778.0,0.03,8.8e-05,31849.0,,,,
2603,8000,10693,1.6632,0.0094,3.2296,4.587,0.0137,0.12,2.54,0.93,0.0,328.0,191,136,1,58,41,0,799.0,0.07,8.7e-05,31823.0,,,,
2604,8000,10709,1.6367,0.0273,3.141,4.621,0.0114,0.1,2.63,0.91,0.0,349.0,194,155,0,56,44,0,751.0,0.08,8.7e-05,31830.0,,,,
2605,8000,10726,1.6187,0.0239,3.113,4.693,0.0148,0.1,2.84,0.92,0.0,372.0,207,156,9,56,42,2,705.0,0.07,8.7e-05,31848.0,,,,
2606,8000,10742,1.7078,0.0185,3.3016,4.637,0.0137,0.1,3.61,0.92,0.0,654.0,370,280,4,57,43,1,401.0,0.05,8.7e-05,31839.0,,,,
2607,8000,10759,1.7807,0.0228,3.4395,4.717,0.0099,0.08,11.8,0.93,0.0,782.0,437,343,2,56,44,0,335.0,0.02,8.7e-05,31830.0,,,,
2608,8000,10775,1.7666,0.0033,3.45,4.694,0.0105,0.08,6.42,0.94,0.0,908.0,504,404,0,56,44,0,289.0,0.01,8.7e-05,31831.0,,,,
2609,8000,10792,1.8174,0.0147,3.5289,4.69,0.011,0.07,5.38,0.93,0.0,1078.0,573,505,0,53,47,0,243.0,0.01,8.7e-05,31820.0,,,,
2610,8000,10808,1.7881,0.0185,3.463,4.725,0.0084,0.07,6.69,0.93,0.0,1016.0,526,490,0,52,48,0,258.0,0.01,8.7e-05,31826.0,,,,
2611,8000,10825,1.7961,0.0157,3.486,4.83,0.011,0.07,5.38,0.92,0.0,933.0,515,418,0,55,45,0,281.0,0.02,8.7e-05,31849.0,,,,
2612,8000,10841,1.7693,0.0232,3.4185,4.956,0.0092,0.07,6.12,0.92,0.0,881.0,438,443,0,50,50,0,298.0,0.02,8.7e-05,31831.0,,,,
2613,8000,10858,1.7457,0.0318,3.3546,5.005,0.0095,0.07,4.82,0.92,0.0,753.0,399,354,0,53,47,0,348.0,0.02,8.7e-05,31832.0,,,,
2614,8000,10874,1.6792,0.0269,3.2321,5.103,0.0111,0.07,5.35,0.93,0.0,663.0,323,336,4,49,51,1,395.0,0.02,8.7e-05,31845.0,,,,
2615,8000,10891,1.6536,0.0254,3.1843,5.178,0.0112,0.07,6.7,0.94,0.0,575.0,277,296,2,48,51,0,456.0,0.02,8.7e-05,31855.0,,,,
2616,8000,10907,1.6575,0.0176,3.2066,5.048,0.0117,0.07,4.34,0.92,0.0,561.0,277,284,0,49,51,0,467.0,0.03,8.7e-05,31852.0,,,,
2617,8000,10924,1.6863,0.0334,3.2313,4.867,0.0121,0.08,4.15,0.92,0.0,642.0,322,319,1,50,50,0,408.0,0.03,8.7e-05,31845.0,,,,
2618,8000,10941,1.6864,0.0325,3.233,4.826,0.0092,0.07,5.19,0.92,0.0,634.0,327,307,0,52,48,0,413.0,0.02,8.7e-05,31836.0,,,,
2619,8000,10957,1.6917,0.0309,3.2477,4.91,0.0131,0.08,4.68,0.92,0.0,594.0,293,300,1,49,51,0,441.0,0.01,8.7e-05,31852.0,,,,
2620,8000,10974,1.718,0.0188,3.3237,4.815,0.0119,0.08,5.78,0.91,0.0,612.0,352,259,1,58,42,0,428.0,0.01,8.7e-05,31899.0,,,,
2621,8000,10991,1.7671,0.0284,3.4025,4.825,0.0137,0.08,4.31,0.91,0.0,682.0,365,315,2,54,46,0,384.0,0.02,8.7e-05,30675.0,,,,
2622,8000,11007,1.7147,0.0321,3.2916,4.921,0.0155,0.08,4.31,0.93,0.0,646.0,352,289,5,54,45,1,406.0,0.02,8.7e-05,31824.0,,,,
2623,8000,11024,1.6772,0.0205,3.2402,5.033,0.0127,0.08,3.78,0.93,0.0,589.0,348,239,2,59,41,0,445.0,0.03,8.7e-05,31820.0,,,,
2624,8000,11040,1.6784,0.0326,3.2184,5.026,0.0106,0.07,4.31,0.92,0.0,572.0,325,245,2,57,43,0,458.0,0.04,8.7e-05,31802.0,,,,
2625,8000,11057,1.6607,0.035,3.1789,5.095,0.0111,0.07,4.09,0.93,0.0,615.0,303,306,6,49,50,1,426.0,0.05,8.7e-05,31851.0,,,,
2626,8000,11073,1.6696,0.0384,3.1897,5.062,0.0084,0.06,9.73,0.94,0.0,609.0,286,314,9,47,52,1,430.0,0.03,8.7e-05,31869.0,,,,
2627,8000,11090,1.6575,0.0302,3.1824,5.111,0.0103,0.07,4.95,0.93,0.0,597.0,264,319,14,44,53,2,439.0,0.03,8.7e-05,31820.0,,,,
2628,8000,11106,1.689,0.0268,3.2521,5.078,0.0107,0.06,6.03,0.93,0.0,662.0,316,332,14,48,50,2,396.0,0.02,8.7e-05,31883.0,,,,
2629,8000,11123,1.7413,0.0365,3.3362,4.92,0.0144,0.08,3.63,0.92,0.0,770.0,315,439,16,41,57,2,340.0,0.04,8.7e-05,31801.0,,,,
2630,8000,11139,1.7819,0.0279,3.4339,4.858,0.0101,0.08,5.79,0.91,0.0,878.0,336,532,10,38,61,1,299.0,0.05,8.7e-05,31880.0,,,,
2631,8000,11156,1.7944,0.027,3.4599,4.748,0.0136,0.08,5.5,0.92,0.0,969.0,357,604,8,37,62,1,271.0,0.04,8.6e-05,31893.0,,,,
2632,8000,11172,1.8235,0.0258,3.5191,4.61,0.0143,0.09,5.82,0.92,0.0,952.0,372,577,3,39,61,0,275.0,0.03,8.6e-05,31850.0,,,,
2633,8000,11189,1.8165,0.0372,3.4819,4.536,0.015,0.09,4.2,0.92,0.0,991.0,408,582,1,41,59,0,265.0,0.02,8.6e-05,31834.0,,,,
2634,8000,11206,1.7908,0.0141,3.476,4.489,0.0165,0.09,4.4,0.93,0.0,969.0,460,506,3,47,52,0,271.0,0.01,8.6e-05,31869.0,,,,
2635,8000,11222,1.7898,-0.0051,3.5112,4.378,0.0129,0.09,3.95,0.92,0.0,1064.0,523,541,0,49,51,0,246.0,0.02,8.6e-05,31820.0,,,,
2636,8000,11239,1.8395,0.0446,3.5119,4.465,0.0133,0.09,4.59,0.93,0.0,1095.0,479,616,0,44,56,0,239.0,0.01,8.6e-05,31816.0,,,,
2637,8000,11255,1.8052,0.0107,3.5108,4.409,0.0158,0.09,4.62,0.92,0.0,1129.0,564,565,0,50,50,0,232.0,0.0,8.6e-05,31811.0,,,,
2638,8000,11272,1.7963,0.0042,3.5069,4.523,0.0158,0.09,4.6,0.91,0.0,1243.0,645,598,0,52,48,0,211.0,0.0,8.6e-05,31831.0,,,,
2639,8000,11288,1.7918,0.0256,3.4558,4.579,0.0142,0.09,4.63,0.93,0.0,1106.0,633,473,0,57,43,0,237.0,0.0,8.6e-05,31902.0,,,,
2640,8000,11305,1.803,0.0184,3.4923,4.566,0.0152,0.09,5.47,0.93,0.0,1194.0,666,528,0,56,44,0,220.0,0.0,8.6e-05,31834.0,,,,
2641,8000,11322,1.7548,-0.0334,3.5,4.631,0.0149,0.09,6.31,0.91,0.0,1020.0,553,467,0,54,46,0,257.0,0.0,8.6e-05,30661.0,,,,
2642,8000,11338,1.6594,-0.0134,3.2722,5.039,0.0131,0.08,6.29,0.93,0.0,694.0,360,329,5,52,47,1,378.0,0.0,8.6e-05,31843.0,,,,
2643,8000,11355,1.6537,0.0049,3.2244,5.086,0.0102,0.07,8.85,0.94,0.0,567.0,309,256,2,54,45,0,462.0,0.01,8.6e-05,31853.0,,,,
2644,8000,11372,1.6018,-0.0002,3.1314,5.186,0.0073,0.05,7.07,0.94,0.0,481.0,231,248,2,48,52,0,545.0,0.01,8.6e-05,31840.0,,,,
2645,8000,11388,1.5731,-0.0085,3.0921,5.22,0.0093,0.06,5.54,0.94,0.0,536.0,230,268,38,43,50,7,489.0,0.01,8.6e-05,31842.0,,,,
2646,8000,11405,1.5641,-0.0002,3.0567,5.163,0.0101,0.07,4.13,0.95,0.0,489.0,211,253,25,43,52,5,536.0,0.01,8.6e-05,31889.0,,,,
2647,8000,11421,1.5812,0.0105,3.0717,5.265,0.0099,0.06,5.07,0.95,0.0,503.0,252,227,24,50,45,5,521.0,0.01,8.6e-05,31840.0,,,,
2648,8000,11438,1.5701,0.0076,3.0547,5.309,0.0097,0.06,7.02,0.95,0.0,448.0,202,230,16,45,51,4,585.0,0.01,8.6e-05,31911.0,,,,
2649,8000,11454,1.5911,0.0139,3.0843,5.298,0.0109,0.06,7.21,0.95,0.0,425.0,191,221,13,45,52,3,617.0,0.01,8.6e-05,31837.0,102,1,409,20
2650,8000,11495,1.5831,0.0108,3.0769,5.343,0.0124,0.06,5.38,0.95,0.0,514.0,240,248,26,47,48,5,510.0,0.01,8.6e-05,32025.0,,,,
2651,8000,11512,1.5984,0.0208,3.085,5.322,0.0122,0.06,6.08,0.95,0.0,519.0,269,240,10,52,46,2,505.0,0.01,8.6e-05,31830.0,,,,
2652,8000,11528,1.6266,0.0128,3.1575,5.254,0.0134,0.06,5.0,0.94,0.0,560.0,288,258,14,51,46,2,468.0,0.01,8.6e-05,31835.0,,,,
2653,8000,11545,1.6929,0.0225,3.2693,5.182,0.0152,0.07,5.83,0.94,0.0,636.0,315,313,8,50,49,1,412.0,0.01,8.6e-05,31853.0,,,,
2654,8000,11561,1.6841,0.0085,3.2792,5.11,0.0122,0.06,6.5,0.94,0.0,642.0,326,308,8,51,48,1,408.0,0.01,8.6e-05,31840.0,,,,
2655,8000,11578,1.6923,0.0135,3.2854,5.137,0.0112,0.07,6.9,0.95,0.0,661.0,321,334,6,49,51,1,397.0,0.01,8.6e-05,31912.0,,,,
2656,8000,11594,1.7184,0.0212,3.3214,5.031,0.0099,0.07,16.65,0.95,0.0,663.0,354,304,5,53,46,1,395.0,0.01,8.6e-05,31903.0,,,,
2657,8000,11611,1.6637,0.007,3.2403,5.053,0.0107,0.07,6.45,0.95,0.0,661.0,329,328,4,50,50,1,397.0,0.02,8.6e-05,31839.0,,,,
2658,8000,11628,1.6342,-0.0063,3.2089,5.138,0.0121,0.08,3.82,0.95,0.0,612.0,309,299,4,50,49,1,428.0,0.01,8.5e-05,31836.0,,,,
2659,8000,11644,1.7241,0.003,3.3695,5.098,0.0096,0.07,25.89,0.95,0.0,641.0,330,303,8,51,47,1,409.0,0.03,8.5e-05,31827.0,,,,
2660,8000,11661,1.6751,0.0157,3.246,5.052,0.014,0.08,4.47,0.95,0.0,639.0,335,301,3,52,47,0,410.0,0.02,8.5e-05,31828.0,,,,
2661,8000,11678,1.6833,-0.0152,3.3249,5.112,0.0178,0.09,5.17,0.93,0.0,664.0,347,313,4,52,47,1,395.0,0.02,8.5e-05,30668.0,,,,
2662,8000,11694,1.6735,-0.0036,3.2817,5.114,0.0162,0.09,3.38,0.94,0.0,618.0,326,289,3,53,47,0,424.0,0.05,8.5e-05,31830.0,,,,
2663,8000,11711,1.677,0.0061,3.2695,5.092,0.013,0.08,4.03,0.94,0.0,546.0,255,286,5,47,52,1,480.0,0.04,8.5e-05,31828.0,,,,
2664,8000,11727,1.6738,-0.0004,3.2765,5.069,0.0118,0.08,4.55,0.94,0.0,649.0,296,343,10,46,53,2,404.0,0.05,8.5e-05,31850.0,,,,
2665,8000,11744,1.6705,0.0009,3.2662,5.033,0.0169,0.08,3.96,0.94,0.0,675.0,242,429,4,36,64,1,388.0,0.05,8.5e-05,31837.0,,,,
2666,8000,11760,1.6618,-0.0026,3.2558,4.971,0.0126,0.08,4.53,0.95,0.0,664.0,250,405,9,38,61,1,395.0,0.04,8.5e-05,31852.0,,,,
2667,8000,11777,1.6733,-0.0073,3.2875,4.915,0.0124,0.08,3.94,0.95,0.0,733.0,316,409,8,43,56,1,358.0,0.04,8.5e-05,31828.0,,,,
2668,8000,11794,1.7178,-0.002,3.3657,4.867,0.0143,0.08,4.76,0.95,0.0,762.0,329,424,9,43,56,1,344.0,0.05,8.5e-05,31834.0,,,,
2669,8000,11810,1.7145,0.0257,3.3032,4.819,0.01,0.07,9.5,0.95,0.0,722.0,333,383,6,46,53,1,363.0,0.05,8.5e-05,31884.0,,,,
2670,8000,11827,1.7104,0.0125,3.3204,4.763,0.0114,0.07,6.75,0.95,0.0,716.0,358,355,3,50,50,0,366.0,0.05,8.5e-05,31827.0,,,,
2671,8000,11843,1.7037,-0.0002,3.3317,4.71,0.0103,0.08,5.87,0.94,0.0,654.0,312,340,2,48,52,0,401.0,0.05,8.5e-05,31842.0,,,,
2672,8000,11860,1.7458,0.0154,3.384,4.616,0.0118,0.08,8.3,0.94,0.0,721.0,342,376,3,47,52,0,364.0,0.04,8.5e-05,31833.0,,,,
2673,8000,11876,1.7842,0.0224,3.4463,4.544,0.0139,0.08,9.44,0.94,0.0,808.0,349,456,3,43,56,0,324.0,0.04,8.5e-05,31828.0,,,,
2674,8000,11893,1.7897,0.0213,3.4599,4.526,0.0172,0.1,5.46,0.94,0.0,877.0,402,471,4,46,54,0,299.0,0.02,8.5e-05,31836.0,,,,
2675,8000,11909,1.7296,0.0005,3.3814,4.591,0.0127,0.08,4.68,0.94,0.0,862.0,386,473,3,45,55,0,304.0,0.01,8.5e-05,31821.0,,,,
2676,8000,11926,1.8131,0.0416,3.4665,4.566,0.0168,0.09,6.88,0.94,0.0,873.0,456,414,3,52,47,0,300.0,0.01,8.5e-05,31871.0,,,,
2677,8000,11942,1.7519,0.0292,3.3699,4.683,0.0155,0.09,5.66,0.94,0.0,749.0,396,352,1,53,47,0,350.0,0.01,8.5e-05,31822.0,,,,
2678,8000,11959,1.7248,0.0164,3.3418,4.672,0.0099,0.08,7.46,0.95,0.0,688.0,326,358,4,47,52,1,381.0,0.03,8.5e-05,31826.0,,,,
2679,8000,11976,1.7752,0.0173,3.4414,4.792,0.0095,0.08,24.21,0.94,0.0,676.0,291,382,3,43,57,0,388.0,0.01,8.5e-05,31835.0,,,,
2680,8000,11992,1.7237,0.0349,3.3033,4.771,0.0114,0.09,5.89,0.94,0.0,663.0,302,355,6,46,54,1,395.0,0.02,8.5e-05,31868.0,,,,
2681,8000,12009,1.7529,0.0231,3.3846,4.759,0.0189,0.09,4.46,0.92,0.0,705.0,337,364,4,48,52,1,372.0,0.04,8.5e-05,30689.0,,,,
2682,8000,12026,1.6809,0.0185,3.2524,5.04,0.0161,0.09,4.08,0.93,0.0,581.0,268,305,8,46,52,1,451.0,0.03,8.5e-05,31850.0,,,,
2683,8000,12042,1.6389,0.0197,3.1663,5.125,0.0102,0.07,6.64,0.94,0.0,450.0,213,226,11,47,50,2,583.0,0.03,8.5e-05,31846.0,,,,
2684,8000,12059,1.5646,0.0249,3.0091,5.36,0.008,0.06,5.53,0.95,0.0,299.0,169,125,5,57,42,2,877.0,0.02,8.5e-05,31848.0,,,,
2685,8000,12075,1.6378,0.038,3.1321,5.135,0.0127,0.07,3.89,0.93,0.0,437.0,192,187,58,44,43,13,600.0,0.02,8.5e-05,31841.0,,,,
2686,8000,12092,1.6478,0.0236,3.1789,4.973,0.0085,0.06,9.01,0.93,0.0,548.0,240,248,60,44,45,11,478.0,0.01,8.5e-05,31826.0,,,,
2687,8000,12108,1.7016,0.0215,3.2924,5.035,0.0083,0.06,12.87,0.93,0.0,583.0,234,284,65,40,49,11,450.0,0.02,8.4e-05,31851.0,,,,
2688,8000,12125,1.6889,0.0301,3.2458,4.972,0.0106,0.08,7.24,0.94,0.0,582.0,246,308,28,42,53,5,450.0,0.02,8.4e-05,31841.0,,,,
2689,8000,12141,1.7296,0.0406,3.3046,4.893,0.0113,0.09,4.9,0.94,0.0,641.0,301,321,19,47,50,3,409.0,0.04,8.4e-05,31881.0,,,,
2690,8000,12158,1.7385,0.0147,3.373,4.76,0.0127,0.09,4.26,0.93,0.0,692.0,330,346,16,48,50,2,379.0,0.03,8.4e-05,31835.0,,,,
2691,8000,12175,1.7457,0.0052,3.4068,4.798,0.0123,0.09,3.55,0.93,0.0,727.0,326,393,8,45,54,1,361.0,0.02,8.4e-05,31829.0,,,,
2692,8000,12191,1.7635,0.0258,3.4018,4.859,0.01,0.07,7.05,0.93,0.0,696.0,286,406,4,41,58,1,377.0,0.01,8.4e-05,31846.0,,,,
2693,8000,12208,1.737,0.037,3.3268,4.935,0.0158,0.09,3.9,0.92,0.0,703.0,299,399,5,43,57,1,373.0,0.02,8.4e-05,31825.0,,,,
2694,8000,12224,1.7288,0.0405,3.3031,4.883,0.0133,0.09,3.79,0.92,0.0,678.0,259,415,4,38,61,1,387.0,0.02,8.4e-05,31844.0,,,,
2695,8000,12241,1.7812,0.027,3.4327,4.651,0.0134,0.09,5.71,0.91,0.0,812.0,369,438,5,45,54,1,323.0,0.03,8.4e-05,31824.0,,,,
2696,8000,12257,1.7296,0.0336,3.3159,4.652,0.014,0.09,6.88,0.92,0.0,692.0,283,407,2,41,59,0,379.0,0.03,8.4e-05,31852.0,,,,
2697,8000,12274,1.7248,0.0351,3.3033,4.63,0.0145,0.09,4.76,0.93,0.0,625.0,271,348,6,43,56,1,419.0,0.03,8.4e-05,31827.0,,,,
2698,8000,12290,1.6464,0.0319,3.1543,4.786,0.0123,0.08,4.44,0.94,0.0,509.0,225,278,6,44,55,1,515.0,0.03,8.4e-05,31831.0,,,,
2699,8000,12307,1.5803,0.0151,3.058,5.038,0.012,0.07,12.6,0.95,0.0,388.0,206,170,12,53,44,3,676.0,0.02,8.4e-05,31828.0,76,0,436,15
2700,8000,12338,1.6071,0.0169,3.109,5.027,0.0068,0.05,14.16,0.94,0.0,382.0,189,175,18,49,46,5,686.0,0.03,8.4e-05,31958.0,,,,
2701,8000,12356,1.6229,-0.0075,3.1892,4.958,0.008,0.06,13.6,0.93,0.0,422.0,199,180,43,47,43,10,621.0,0.03,8.4e-05,30699.0,,,,
2702,8000,12372,1.5068,-0.0126,2.9698,5.113,0.0114,0.08,3.56,0.93,0.0,366.0,167,147,52,46,40,14,716.0,0.02,8.4e-05,31851.0,,,,
2703,8000,12389,1.4906,-0.0081,2.9296,5.323,0.0124,0.08,3.22,0.92,0.0,338.0,139,152,47,41,45,14,776.0,0.02,8.4e-05,31857.0,,,,
2704,8000,12405,1.495,-0.0135,2.9511,5.391,0.0109,0.07,3.91,0.91,0.0,377.0,140,182,55,37,48,15,695.0,0.03,8.4e-05,31855.0,,,,
2705,8000,12422,1.5251,-0.0031,2.9926,5.341,0.0104,0.07,3.86,0.92,0.0,447.0,178,197,72,40,44,16,586.0,0.05,8.4e-05,31855.0,,,,
2706,8000,12438,1.5172,0.0014,2.9698,5.4,0.0126,0.07,3.41,0.92,0.0,443.0,222,152,69,50,34,16,592.0,0.04,8.4e-05,31846.0,,,,
2707,8000,12455,1.5452,0.0038,3.02,5.365,0.0108,0.07,3.36,0.91,0.0,450.0,230,168,52,51,37,12,583.0,0.04,8.4e-05,31844.0,,,,
2708,8000,12471,1.5397,0.0058,3.0015,5.265,0.009,0.06,4.15,0.93,0.0,398.0,208,147,43,52,37,11,659.0,0.05,8.4e-05,31820.0,,,,
2709,8000,12488,1.5908,0.0187,3.0761,5.139,0.0111,0.07,4.36,0.92,0.0,473.0,243,191,39,51,40,8,554.0,0.06,8.4e-05,31859.0,,,,
2710,8000,12504,1.5926,0.0154,3.0856,5.159,0.0101,0.06,3.81,0.92,0.0,483.0,239,198,46,49,41,10,543.0,0.04,8.4e-05,31839.0,,,,
2711,8000,12521,1.6019,0.0082,3.1188,5.026,0.0093,0.07,4.25,0.93,0.0,487.0,250,186,51,51,38,10,538.0,0.04,8.4e-05,31849.0,,,,
2712,8000,12537,1.6918,0.0119,3.2875,4.81,0.0073,0.06,13.77,0.93,0.0,563.0,279,248,36,50,44,6,466.0,0.05,8.4e-05,31848.0,,,,
2713,8000,12554,1.6488,-0.0084,3.2417,4.845,0.0068,0.06,9.45,0.93,0.0,563.0,320,210,33,57,37,6,466.0,0.06,8.4e-05,31831.0,,,,
2714,8000,12570,1.6572,-0.0109,3.2639,4.936,0.009,0.05,9.79,0.93,0.0,600.0,323,247,30,54,41,5,437.0,0.05,8.4e-05,31843.0,,,,
2715,8000,12587,1.6361,0.0071,3.1861,4.897,0.0115,0.07,6.72,0.93,0.0,571.0,290,254,27,51,44,5,459.0,0.05,8.4e-05,31864.0,,,,
2716,8000,12603,1.62,0.0033,3.1613,4.89,0.0114,0.07,5.89,0.94,0.0,554.0,290,239,25,52,43,5,473.0,0.02,8.3e-05,31841.0,,,,
2717,8000,12620,1.6204,-0.0077,3.1856,4.869,0.011,0.07,5.81,0.94,0.0,572.0,276,261,35,48,46,6,458.0,0.01,8.3e-05,31834.0,,,,
2718,8000,12636,1.6308,-0.0059,3.2037,4.924,0.0085,0.06,8.75,0.95,0.0,569.0,293,242,34,51,43,6,461.0,0.02,8.3e-05,31841.0,,,,
2719,8000,12653,1.6288,-0.0053,3.2005,4.995,0.0089,0.06,7.57,0.95,0.0,576.0,300,232,44,52,40,8,455.0,0.01,8.3e-05,31854.0,,,,
2720,8000,12670,1.6477,0.0021,3.2195,4.942,0.0103,0.07,5.82,0.95,0.0,573.0,325,223,25,57,39,4,457.0,0.01,8.3e-05,31835.0,,,,
2721,8000,12687,1.6338,-0.0017,3.2005,4.976,0.0109,0.06,8.64,0.93,0.0,542.0,252,264,26,46,49,5,484.0,0.01,8.3e-05,30691.0,,,,
2722,8000,12703,1.6305,0.0006,3.1912,5.231,0.0068,0.05,27.52,0.94,0.0,442.0,170,247,25,38,56,6,593.0,0.02,8.3e-05,31877.0,,,,
2723,8000,12720,1.5826,-0.0039,3.1043,5.179,0.0077,0.06,7.51,0.92,0.0,428.0,192,206,30,45,48,7,612.0,0.02,8.3e-05,31846.0,,,,
2724,8000,12736,1.5431,0.0018,3.0147,5.275,0.0098,0.07,3.02,0.92,0.0,408.0,182,200,26,45,49,6,643.0,0.02,8.3e-05,31840.0,,,,
2725,8000,12753,1.5689,-0.0088,3.0927,5.211,0.0104,0.07,4.21,0.92,0.0,498.0,213,232,53,43,47,11,526.0,0.01,8.3e-05,31821.0,,,,
2726,8000,12769,1.5989,-0.001,3.1332,5.139,0.0118,0.07,3.69,0.91,0.0,559.0,235,281,43,42,50,8,469.0,0.02,8.3e-05,31834.0,,,,
2727,8000,12786,1.6568,-0.0016,3.2469,5.039,0.0111,0.07,3.96,0.91,0.0,699.0,348,322,29,50,46,4,375.0,0.03,8.3e-05,31841.0,,,,
2728,8000,12802,1.6696,-0.0002,3.2669,4.919,0.0111,0.08,3.05,0.92,0.0,697.0,356,331,10,51,47,1,376.0,0.05,8.3e-05,31835.0,,,,
2729,8000,12819,1.7159,0.012,3.335,4.848,0.0121,0.08,2.9,0.91,0.0,756.0,405,339,12,54,45,2,347.0,0.04,8.3e-05,31848.0,,,,
2730,8000,12835,1.8032,0.0147,3.5024,4.648,0.0127,0.09,3.39,0.9,0.0,919.0,453,458,8,49,50,1,285.0,0.03,8.3e-05,31892.0,,,,
2731,8000,12852,1.7856,0.0196,3.4574,4.692,0.0117,0.08,3.64,0.9,0.0,933.0,434,495,4,47,53,0,281.0,0.02,8.3e-05,31851.0,,,,
2732,8000,12868,1.718,0.0037,3.3549,4.87,0.0138,0.08,3.16,0.92,0.0,945.0,495,449,1,52,48,0,277.0,0.02,8.3e-05,31853.0,,,,
2733,8000,12885,1.726,0.0069,3.3638,4.806,0.0097,0.07,3.99,0.92,0.0,871.0,455,415,1,52,48,0,301.0,0.02,8.3e-05,31895.0,,,,
2734,8000,12901,1.7095,0.0106,3.3232,4.795,0.0098,0.07,4.68,0.93,0.0,947.0,489,456,2,52,48,0,277.0,0.03,8.3e-05,31895.0,,,,
2735,8000,12918,1.6991,0.0084,3.3074,4.859,0.0125,0.07,3.93,0.93,0.0,918.0,470,445,3,51,48,0,286.0,0.03,8.3e-05,31848.0,,,,
2736,8000,12934,1.7086,0.0033,3.3357,4.77,0.0118,0.07,6.93,0.93,0.0,802.0,403,397,2,50,50,0,327.0,0.03,8.3e-05,31823.0,,,,
2737,8000,12951,1.6826,0.0054,3.2807,4.946,0.008,0.06,8.47,0.93,0.0,754.0,376,377,1,50,50,0,348.0,0.02,8.3e-05,31895.0,,,,
2738,8000,12968,1.678,0.0064,3.2699,4.92,0.0116,0.07,4.6,0.93,0.0,701.0,362,334,5,52,48,1,374.0,0.03,8.3e-05,31819.0,,,,
2739,8000,12984,1.6536,0.0219,3.1921,4.99,0.0135,0.07,4.54,0.94,0.0,796.0,425,356,15,53,45,2,329.0,0.03,8.3e-05,31895.0,,,,
2740,8000,13001,1.6696,0.0136,3.2395,4.999,0.0106,0.07,4.93,0.94,0.0,746.0,402,335,9,54,45,1,351.0,0.03,8.3e-05,31815.0,,,,
2741,8000,13018,1.7174,0.0296,3.3035,5.0,0.0115,0.07,4.48,0.91,0.0,646.0,326,308,12,50,48,2,406.0,0.04,8.3e-05,30651.0,,,,
2742,8000,13034,1.7256,0.0076,3.3621,4.874,0.0132,0.07,3.28,0.9,0.0,758.0,416,332,10,55,44,1,346.0,0.04,8.3e-05,31863.0,,,,
2743,8000,13051,1.6611,-0.0115,3.2728,4.997,0.0114,0.07,4.64,0.92,0.0,753.0,401,339,13,53,45,2,348.0,0.02,8.3e-05,31800.0,,,,
2744,8000,13067,1.6089,-0.0051,3.1556,5.049,0.013,0.07,5.42,0.93,0.0,635.0,342,279,14,54,44,2,413.0,0.02,8.3e-05,31875.0,,,,
2745,8000,13084,1.6319,0.0048,3.1813,5.043,0.0099,0.06,7.16,0.94,0.0,587.0,260,314,13,44,53,2,447.0,0.01,8.3e-05,31814.0,,,,
2746,8000,13100,1.732,0.0293,3.3307,4.802,0.0105,0.07,3.92,0.93,0.0,729.0,316,398,15,43,55,2,360.0,0.02,8.2e-05,31808.0,,,,
2747,8000,13117,1.7428,0.0167,3.3778,4.818,0.009,0.06,14.29,0.93,0.0,684.0,306,364,14,45,53,2,383.0,0.01,8.2e-05,31798.0,,,,
2748,8000,13134,1.6931,0.0213,3.2686,4.773,0.0089,0.07,5.82,0.94,0.0,622.0,294,326,2,47,52,0,421.0,0.01,8.2e-05,31811.0,,,,
2749,8000,13150,1.6623,0.012,3.2259,4.811,0.0117,0.07,6.44,0.94,0.0,593.0,289,301,3,49,51,1,442.0,0.01,8.2e-05,31877.0,128,1,383,25
2750,8000,13182,1.6761,0.0012,3.2755,4.803,0.01,0.06,7.1,0.93,0.0,613.0,282,326,5,46,53,1,428.0,0.02,8.2e-05,31952.0,,,,
2751,8000,13198,1.6918,0.0093,3.2903,4.676,0.0112,0.08,4.48,0.94,0.0,623.0,289,318,16,46,51,3,421.0,0.03,8.2e-05,31800.0,,,,
2752,8000,13215,1.6462,0.018,3.1825,4.737,0.0116,0.08,5.59,0.95,0.0,552.0,240,296,16,43,54,3,475.0,0.02,8.2e-05,31807.0,,,,
2753,8000,13231,1.6346,0.0142,3.1684,4.884,0.0091,0.07,4.57,0.95,0.0,491.0,223,244,24,45,50,5,534.0,0.01,8.2e-05,31815.0,,,,
2754,8000,13248,1.6163,0.0215,3.1175,4.909,0.0118,0.07,4.27,0.95,0.0,492.0,214,252,26,43,51,5,533.0,0.01,8.2e-05,31878.0,,,,
2755,8000,13264,1.6542,0.0162,3.2031,4.848,0.0103,0.08,6.99,0.95,0.0,544.0,262,255,27,48,47,5,482.0,0.02,8.2e-05,31804.0,,,,
2756,8000,13281,1.6665,0.026,3.2073,4.759,0.0114,0.07,4.49,0.95,0.0,658.0,293,342,23,45,52,3,398.0,0.02,8.2e-05,31823.0,,,,
2757,8000,13297,1.6728,0.0188,3.2336,4.801,0.0086,0.07,6.3,0.95,0.0,634.0,258,370,6,41,58,1,413.0,0.01,8.2e-05,31792.0,,,,
2758,8000,13314,1.6911,0.0245,3.2583,4.755,0.0107,0.07,6.87,0.95,0.0,676.0,284,384,8,42,57,1,388.0,0.0,8.2e-05,31817.0,,,,
2759,8000,13331,1.7079,0.0203,3.2999,4.735,0.0101,0.07,6.82,0.95,0.0,679.0,292,385,2,43,57,0,386.0,0.0,8.2e-05,31800.0,,,,
2760,8000,13347,1.7384,0.0189,3.3635,4.692,0.0087,0.07,8.56,0.95,0.0,810.0,402,405,3,50,50,0,324.0,0.01,8.2e-05,31809.0,,,,
2761,8000,13364,1.6948,0.0133,3.289,4.853,0.0122,0.08,7.53,0.94,0.0,705.0,348,354,3,49,50,0,372.0,0.01,8.2e-05,30653.0,,,,
2762,8000,13381,1.7102,0.0042,3.3414,5.245,0.009,0.06,28.5,0.95,0.0,483.0,279,202,2,58,42,0,543.0,0.01,8.2e-05,31788.0,,,,
2763,8000,13397,1.6238,0.0092,3.1581,5.207,0.0139,0.08,3.43,0.95,0.0,488.0,268,219,1,55,45,0,537.0,0.01,8.2e-05,31786.0,,,,
2764,8000,13414,1.5713,0.0083,3.0561,5.309,0.0094,0.07,4.1,0.96,0.0,409.0,199,208,2,49,51,0,641.0,0.02,8.2e-05,31798.0,,,,
2765,8000,13431,1.5729,0.0075,3.0613,5.28,0.0095,0.06,4.1,0.96,0.0,438.0,230,193,15,53,44,3,599.0,0.02,8.2e-05,31851.0,,,,
2766,8000,13447,1.5683,0.011,3.0454,5.262,0.0107,0.07,4.36,0.96,0.0,447.0,240,187,20,54,42,4,586.0,0.02,8.2e-05,31792.0,,,,
2767,8000,13464,1.5103,0.0126,2.9291,5.534,0.0075,0.04,8.52,0.97,0.0,346.0,173,152,21,50,44,6,758.0,0.01,8.2e-05,31803.0,,,,
2768,8000,13480,1.4958,0.0117,2.9039,5.567,0.0086,0.05,5.07,0.97,0.0,313.0,173,98,42,55,31,13,838.0,0.01,8.2e-05,31796.0,,,,
2769,8000,13497,1.5273,0.0146,2.9618,5.52,0.0097,0.05,3.8,0.96,0.0,416.0,211,153,52,51,37,12,630.0,0.01,8.2e-05,31790.0,,,,
2770,8000,13513,1.4936,0.0163,2.8921,5.67,0.0067,0.04,6.08,0.97,0.0,287.0,145,98,44,51,34,15,913.0,0.02,8.2e-05,31846.0,,,,
2771,8000,13530,1.4761,0.0072,2.876,5.676,0.008,0.05,6.66,0.97,0.0,317.0,140,121,56,44,38,18,827.0,0.0,8.2e-05,31793.0,,,,
2772,8000,13546,1.4777,0.0063,2.8792,5.631,0.006,0.04,6.93,0.96,0.0,310.0,150,116,44,48,37,14,846.0,0.0,8.2e-05,31786.0,,,,
2773,8000,13563,1.5109,0.0084,2.947,5.476,0.0118,0.06,3.9,0.96,0.0,399.0,168,149,82,42,37,21,657.0,0.0,8.2e-05,31777.0,,,,
2774,8000,13579,1.5098,0.0017,2.9549,5.534,0.0089,0.05,8.07,0.96,0.0,363.0,156,156,51,43,43,14,722.0,0.0,8.2e-05,31852.0,,,,
2775,8000,13596,1.4762,0.017,2.8574,5.659,0.0099,0.05,5.91,0.96,0.0,306.0,134,122,50,44,40,16,857.0,0.0,8.2e-05,31802.0,,,,
2776,8000,13613,1.4747,0.0113,2.8661,5.599,0.0105,0.06,5.37,0.96,0.0,315.0,132,140,43,42,44,14,832.0,0.0,8.2e-05,31796.0,,,,
2777,8000,13629,1.4954,0.0173,2.8944,5.487,0.0093,0.06,4.32,0.96,0.0,362.0,168,151,43,46,42,12,724.0,0.0,8.1e-05,31773.0,,,,
2778,8000,13646,1.5378,0.0211,2.9706,5.329,0.0143,0.07,3.68,0.95,0.0,431.0,189,188,54,44,44,13,608.0,0.01,8.1e-05,31855.0,,,,
2779,8000,13662,1.5981,0.017,3.0941,5.259,0.0138,0.07,5.47,0.94,0.0,487.0,223,243,21,46,50,4,538.0,0.01,8.1e-05,31806.0,,,,
2780,8000,13679,1.6296,0.0107,3.1675,5.057,0.0101,0.07,4.54,0.94,0.0,549.0,258,272,19,47,50,3,477.0,0.01,8.1e-05,31785.0,,,,
2781,8000,13696,1.6354,0.0061,3.1883,5.133,0.0135,0.07,6.23,0.94,0.0,547.0,279,255,13,51,47,2,479.0,0.01,8.1e-05,30744.0,,,,
2782,8000,13712,1.5952,0.0108,3.0985,5.173,0.0121,0.06,5.31,0.95,0.0,484.0,262,209,13,54,43,3,542.0,0.01,8.1e-05,31883.0,,,,
2783,8000,13729,1.566,0.0105,3.0426,5.249,0.0085,0.06,6.39,0.95,0.0,458.0,245,187,26,53,41,6,572.0,0.01,8.1e-05,31869.0,,,,
2784,8000,13745,1.5471,0.0084,3.0101,5.211,0.0093,0.06,7.8,0.95,0.0,431.0,224,165,42,52,38,10,608.0,0.01,8.1e-05,31905.0,,,,
2785,8000,13762,1.5536,0.0158,3.0076,5.195,0.0095,0.06,5.56,0.95,0.0,424.0,218,176,30,51,42,7,618.0,0.01,8.1e-05,31937.0,,,,
2786,8000,13778,1.6265,0.0099,3.1636,5.155,0.0057,0.05,16.92,0.94,0.0,436.0,224,185,27,51,42,6,601.0,0.02,8.1e-05,31852.0,,,,
2787,8000,13795,1.5785,0.0167,3.0567,5.214,0.0095,0.06,5.67,0.94,0.0,480.0,211,226,43,44,47,9,546.0,0.02,8.1e-05,31865.0,,,,
2788,8000,13811,1.6002,0.0255,3.0821,5.258,0.011,0.08,4.89,0.94,0.0,499.0,225,244,30,45,49,6,525.0,0.02,8.1e-05,31872.0,,,,
2789,8000,13828,1.6401,0.0162,3.1795,5.188,0.0085,0.07,7.37,0.94,0.0,549.0,251,274,24,46,50,4,477.0,0.02,8.1e-05,31912.0,,,,
2790,8000,13844,1.6875,0.0189,3.2689,5.068,0.0094,0.07,7.8,0.93,0.0,578.0,285,261,32,49,45,6,454.0,0.02,8.1e-05,31884.0,,,,
2791,8000,13861,1.6376,0.0197,3.1685,5.246,0.0116,0.08,4.09,0.94,0.0,557.0,265,268,24,48,48,4,471.0,0.02,8.1e-05,31872.0,,,,
2792,8000,13877,1.6065,0.0167,3.1135,5.305,0.0113,0.08,3.36,0.94,0.0,538.0,233,267,38,43,50,7,487.0,0.01,8.1e-05,31862.0,,,,
2793,8000,13894,1.5962,0.0131,3.1001,5.356,0.0092,0.06,3.87,0.95,0.0,527.0,251,242,34,48,46,6,497.0,0.01,8.1e-05,31821.0,,,,
2794,8000,13911,1.5645,0.0092,3.0442,5.34,0.008,0.06,6.5,0.96,0.0,507.0,219,252,36,43,50,7,517.0,0.02,8.1e-05,31817.0,,,,
2795,8000,13927,1.5948,0.0067,3.1089,5.311,0.0091,0.06,11.37,0.95,0.0,495.0,234,228,33,47,46,7,530.0,0.02,8.1e-05,31833.0,,,,
2796,8000,13944,1.6239,0.0056,3.1716,5.197,0.0088,0.06,5.98,0.95,0.0,561.0,225,286,50,40,51,9,467.0,0.02,8.1e-05,31827.0,,,,
2797,8000,13960,1.6079,0.0039,3.1407,5.303,0.0108,0.07,3.94,0.95,0.0,503.0,211,265,27,42,53,5,521.0,0.02,8.1e-05,31838.0,,,,
2798,8000,13977,1.6175,0.0062,3.1563,5.28,0.0093,0.07,4.95,0.95,0.0,541.0,244,258,39,45,48,7,485.0,0.02,8.1e-05,31886.0,,,,
2799,8000,13993,1.6304,0.0033,3.1855,5.223,0.0119,0.07,3.82,0.95,0.0,611.0,289,298,24,47,49,4,429.0,0.02,8.1e-05,31809.0,91,2,419,18
2800,8000,14025,1.6202,0.0048,3.1644,5.33,0.0085,0.06,5.1,0.95,0.0,564.0,293,246,25,52,44,4,465.0,0.01,8.1e-05,31954.0,,,,
2801,8000,14042,1.6883,-0.0165,3.3408,5.123,0.0121,0.09,4.57,0.92,0.0,644.0,272,340,32,42,53,5,407.0,0.02,8.1e-05,30729.0,,,,
2802,8000,14058,1.667,-0.0122,3.2902,5.233,0.0085,0.07,6.19,0.94,0.0,539.0,252,271,16,47,50,3,486.0,0.02,8.1e-05,31852.0,,,,
2803,8000,14075,1.6841,0.0029,3.2962,5.135,0.0086,0.07,4.63,0.93,0.0,621.0,297,289,35,48,47,6,422.0,0.03,8.1e-05,31851.0,,,,
2804,8000,14091,1.7414,0.0092,3.3952,5.127,0.0073,0.06,10.41,0.93,0.0,693.0,329,344,20,47,50,3,378.0,0.03,8.1e-05,31893.0,,,,
2805,8000,14108,1.7104,0.0077,3.3346,5.035,0.0095,0.07,5.35,0.92,0.0,730.0,367,347,16,50,48,2,359.0,0.04,8.1e-05,31905.0,,,,
2806,8000,14124,1.7663,0.0095,3.4421,5.072,0.0094,0.07,23.81,0.92,0.0,668.0,355,306,7,53,46,1,392.0,0.03,8.1e-05,31845.0,,,,
2807,8000,14141,1.7568,0.0072,3.4265,4.877,0.009,0.07,6.51,0.93,0.0,743.0,392,344,7,53,46,1,353.0,0.04,8.1e-05,31908.0,,,,
2808,8000,14157,1.7446,0.0142,3.388,4.871,0.0112,0.09,3.75,0.92,0.0,788.0,406,379,3,52,48,0,333.0,0.03,8e-05,31910.0,,,,
2809,8000,14174,1.8153,0.0215,3.5143,4.828,0.0129,0.09,4.07,0.91,0.0,878.0,469,408,1,53,46,0,299.0,0.03,8e-05,31842.0,,,,
2810,8000,14190,1.7988,0.0113,3.5011,4.738,0.0125,0.08,3.23,0.92,0.0,974.0,556,412,6,57,42,1,269.0,0.04,8e-05,31894.0,,,,
2811,8000,14207,1.8122,0.0015,3.5466,4.686,0.0096,0.07,6.45,0.92,0.0,963.0,532,425,6,55,44,1,272.0,0.04,8e-05,31847.0,,,,
2812,8000,14223,1.7978,0.0188,3.4833,4.667,0.0099,0.08,4.48,0.93,0.0,916.0,496,414,6,54,45,1,286.0,0.03,8e-05,31840.0,,,,
2813,8000,14240,1.8083,0.0327,3.4757,4.613,0.0099,0.08,4.52,0.92,0.0,912.0,496,412,4,54,45,0,287.0,0.05,8e-05,31850.0,,,,
2814,8000,14256,1.7903,0.0187,3.4689,4.756,0.0085,0.07,5.96,0.92,0.0,765.0,407,352,6,53,46,1,343.0,0.05,8e-05,31908.0,,,,
2815,8000,14273,1.7098,0.0273,3.2917,4.862,0.0089,0.07,6.82,0.93,0.0,644.0,319,315,10,50,49,2,407.0,0.04,8e-05,31850.0,,,,
2816,8000,14289,1.6905,0.0201,3.2695,5.11,0.0058,0.05,26.04,0.93,0.0,498.0,266,222,10,53,45,2,526.0,0.04,8e-05,31866.0,,,,
2817,8000,14306,1.6133,0.0204,3.1149,5.175,0.0067,0.05,11.2,0.94,0.0,407.0,199,194,14,49,48,3,644.0,0.03,8e-05,31851.0,,,,
2818,8000,14322,1.5932,0.0153,3.0886,5.185,0.0064,0.05,6.49,0.94,0.0,448.0,211,191,46,47,43,10,585.0,0.02,8e-05,31897.0,,,,
2819,8000,14339,1.6091,0.0202,3.111,5.123,0.0107,0.07,5.62,0.93,0.0,526.0,246,227,53,47,43,10,498.0,0.01,8e-05,31861.0,,,,
2820,8000,14356,1.5917,0.0217,3.0743,5.22,0.0113,0.07,4.76,0.93,0.0,504.0,233,213,58,46,42,12,520.0,0.01,8e-05,31867.0,,,,
2821,8000,14373,1.6261,0.0141,3.1563,5.262,0.0103,0.07,4.83,0.92,0.0,512.0,220,250,42,43,49,8,512.0,0.01,8e-05,30713.0,,,,
2822,8000,14389,1.6025,0.0127,3.1115,5.29,0.0107,0.07,4.05,0.93,0.0,487.0,204,239,44,42,49,9,538.0,0.01,8e-05,31797.0,,,,
2823,8000,14406,1.6085,0.0112,3.1269,5.236,0.0108,0.07,3.86,0.92,0.0,524.0,224,253,47,43,48,9,500.0,0.01,8e-05,31819.0,,,,
2824,8000,14422,1.6028,0.0055,3.1264,5.267,0.0103,0.07,3.67,0.93,0.0,494.0,217,242,35,44,49,7,531.0,0.01,8e-05,31800.0,,,,
2825,8000,14439,1.6149,0.0115,3.1404,5.225,0.0098,0.07,3.21,0.92,0.0,553.0,220,284,49,40,51,9,474.0,0.01,8e-05,31872.0,,,,
2826,8000,14455,1.5808,0.0098,3.0767,5.237,0.0095,0.07,5.37,0.94,0.0,480.0,173,265,42,36,55,9,546.0,0.01,8e-05,31829.0,,,,
2827,8000,14472,1.5392,0.0003,3.0146,5.368,0.0082,0.06,6.89,0.94,0.0,468.0,181,234,53,39,50,11,560.0,0.0,8e-05,31808.0,,,,
2828,8000,14488,1.5453,0.0102,3.0063,5.313,0.0094,0.07,3.94,0.95,0.0,424.0,152,218,54,36,51,13,618.0,0.0,8e-05,31802.0,,,,
2829,8000,14505,1.5525,0.0122,3.0179,5.309,0.0115,0.07,3.76,0.94,0.0,449.0,195,195,59,43,43,13,584.0,0.0,8e-05,31809.0,,,,
2830,8000,14521,1.5977,0.0055,3.1213,5.349,0.0096,0.06,4.46,0.93,0.0,496.0,216,226,54,44,46,11,529.0,0.0,8e-05,31809.0,,,,
2831,8000,14538,1.6362,0.0104,3.1907,5.269,0.0093,0.07,4.45,0.93,0.0,573.0,277,225,71,48,39,12,457.0,0.01,8e-05,31804.0,,,,
2832,8000,14555,1.6536,0.0172,3.2087,5.247,0.0114,0.07,4.09,0.93,0.0,655.0,300,295,60,46,45,9,400.0,0.01,8e-05,31810.0,,,,
2833,8000,14571,1.6923,0.028,3.2618,5.152,0.0112,0.07,3.25,0.92,0.0,726.0,349,327,50,48,45,7,361.0,0.01,8e-05,31866.0,,,,
2834,8000,14588,1.7048,0.0111,3.3189,5.051,0.0085,0.06,4.73,0.93,0.0,725.0,386,298,41,53,41,6,362.0,0.01,8e-05,31807.0,,,,
2835,8000,14604,1.7095,0.0049,3.339,4.976,0.0091,0.07,4.87,0.93,0.0,743.0,397,319,27,53,43,4,353.0,0.01,8e-05,31821.0,,,,
2836,8000,14621,1.6728,0.0084,3.2582,5.017,0.0106,0.07,4.32,0.93,0.0,702.0,398,287,17,57,41,2,373.0,0.01,8e-05,31810.0,,,,
2837,8000,14637,1.67,0.0106,3.2487,5.074,0.0076,0.05,5.58,0.93,0.0,650.0,335,289,26,52,44,4,403.0,0.01,8e-05,31800.0,,,,
2838,8000,14654,1.6677,0.0205,3.2241,5.109,0.0089,0.06,6.71,0.93,0.0,631.0,321,286,24,51,45,4,415.0,0.01,8e-05,31866.0,,,,
2839,8000,14670,1.6875,0.0251,3.2554,5.037,0.0107,0.07,6.46,0.92,0.0,589.0,265,291,33,45,49,6,445.0,0.01,8e-05,31848.0,,,,
2840,8000,14687,1.6608,0.0314,3.1875,4.998,0.0098,0.07,5.46,0.93,0.0,571.0,231,312,28,40,55,5,459.0,0.02,7.9e-05,31865.0,,,,
2841,8000,14704,1.6683,0.0093,3.2497,5.056,0.0118,0.07,5.19,0.91,0.0,646.0,309,300,37,48,46,6,406.0,0.02,7.9e-05,30764.0,,,,
2842,8000,14720,1.6665,0.0147,3.2355,5.084,0.0123,0.08,2.77,0.92,0.0,702.0,327,339,36,47,48,5,373.0,0.03,7.9e-05,31840.0,,,,
2843,8000,14737,1.6077,0.03,3.0873,5.277,0.0127,0.07,2.83,0.93,0.0,571.0,260,288,23,46,50,4,459.0,0.07,7.9e-05,31845.0,,,,
2844,8000,14753,1.6257,0.0293,3.1245,5.062,0.0088,0.06,10.49,0.94,0.0,461.0,201,224,36,44,49,8,569.0,0.08,7.9e-05,31836.0,,,,
2845,8000,14770,1.5692,0.0346,3.0008,5.127,0.0101,0.06,3.13,0.95,0.0,422.0,211,188,23,50,45,5,621.0,0.08,7.9e-05,31861.0,,,,
2846,8000,14786,1.5413,0.0326,2.9615,5.219,0.0103,0.06,3.83,0.96,0.0,432.0,179,185,68,41,43,16,607.0,0.05,7.9e-05,31885.0,,,,
2847,8000,14803,1.5528,0.0285,2.9925,5.282,0.011,0.06,3.11,0.95,0.0,546.0,249,220,77,46,40,14,480.0,0.04,7.9e-05,31822.0,,,,
2848,8000,14820,1.5831,0.0221,3.0593,5.214,0.0065,0.05,6.44,0.95,0.0,476.0,227,192,57,48,40,12,551.0,0.03,7.9e-05,31833.0,,,,
2849,8000,14836,1.5242,0.0221,2.9421,5.194,0.0132,0.08,3.03,0.95,0.0,454.0,210,183,61,46,40,13,577.0,0.02,7.9e-05,31899.0,99,1,412,19
2850,8000,14868,1.4951,0.0147,2.8963,5.221,0.0095,0.06,3.92,0.95,0.0,379.0,188,142,49,50,37,13,692.0,0.03,7.9e-05,31978.0,,,,
2851,8000,14884,1.4878,0.0133,2.8848,5.29,0.0103,0.06,3.42,0.96,0.0,376.0,164,151,61,44,40,16,697.0,0.03,7.9e-05,31841.0,,,,
2852,8000,14901,1.5603,0.0216,3.0162,5.195,0.0107,0.07,4.1,0.95,0.0,450.0,213,148,89,47,33,20,583.0,0.02,7.9e-05,31840.0,,,,
2853,8000,14917,1.5594,0.0278,2.9986,5.187,0.0086,0.06,4.53,0.96,0.0,438.0,215,156,67,49,36,15,599.0,0.02,7.9e-05,31850.0,,,,
2854,8000,14934,1.5105,0.0141,2.9316,5.299,0.0088,0.06,3.88,0.96,0.0,431.0,199,162,70,46,38,16,608.0,0.01,7.9e-05,31836.0,,,,
2855,8000,14950,1.5338,0.0163,2.974,5.308,0.0109,0.07,3.7,0.95,0.0,456.0,208,184,64,46,40,14,575.0,0.02,7.9e-05,31840.0,,,,
2856,8000,14967,1.5167,0.0126,2.948,5.288,0.0113,0.07,2.69,0.95,0.0,448.0,197,177,74,44,40,17,585.0,0.02,7.9e-05,31821.0,,,,
2857,8000,14983,1.5727,0.0101,3.0619,5.213,0.0104,0.07,2.9,0.94,0.0,536.0,224,244,68,42,46,13,489.0,0.03,7.9e-05,31847.0,,,,
2858,8000,15000,1.6437,0.0136,3.1927,5.128,0.0096,0.07,4.7,0.93,0.0,612.0,268,289,55,44,47,9,428.0,0.03,7.9e-05,31835.0,,,,
2859,8000,15016,1.6736,0.0042,3.2688,5.003,0.0095,0.07,3.71,0.93,0.0,620.0,292,290,38,47,47,6,423.0,0.03,7.9e-05,31894.0,,,,
2860,8000,15033,1.6954,0.0115,3.2978,4.901,0.0093,0.08,3.72,0.94,0.0,634.0,313,295,26,49,47,4,413.0,0.03,7.9e-05,31850.0,,,,
2861,8000,15050,1.8025,0.0271,3.4789,4.865,0.0121,0.09,2.97,0.91,0.0,750.0,379,362,9,51,48,1,350.0,0.04,7.9e-05,30732.0,,,,
2862,8000,15066,1.847,0.0294,3.5628,4.76,0.0106,0.08,3.13,0.9,0.0,925.0,434,468,23,47,51,2,283.0,0.06,7.9e-05,31851.0,,,,
2863,8000,15083,1.8798,0.0135,3.6593,4.666,0.0086,0.07,4.98,0.9,0.0,1061.0,462,579,20,44,55,2,247.0,0.04,7.9e-05,31834.0,,,,
2864,8000,15099,1.8103,-0.0072,3.5609,4.607,0.009,0.07,4.17,0.91,0.0,998.0,414,567,17,41,57,2,263.0,0.01,7.9e-05,31888.0,,,,
2865,8000,15116,1.7866,0.0026,3.4942,4.679,0.0056,0.05,9.68,0.93,0.0,823.0,368,446,9,45,54,1,319.0,0.01,7.9e-05,31828.0,,,,
2866,8000,15133,1.7677,0.0002,3.4604,4.651,0.0093,0.07,4.9,0.92,0.0,872.0,408,460,4,47,53,0,301.0,0.01,7.9e-05,31841.0,,,,
2867,8000,15149,1.7695,0.0111,3.4412,4.548,0.0081,0.06,7.42,0.93,0.0,778.0,366,406,6,47,52,1,337.0,0.01,7.9e-05,31843.0,,,,
2868,8000,15166,1.7834,0.0115,3.4696,4.624,0.0072,0.06,10.5,0.92,0.0,752.0,361,381,10,48,51,1,349.0,0.0,7.9e-05,31852.0,,,,
2869,8000,15182,1.7545,0.0096,3.4155,4.608,0.0052,0.05,16.35,0.93,0.0,653.0,304,333,16,47,51,2,401.0,0.0,7.9e-05,31833.0,,,,
2870,8000,15199,1.683,0.0122,3.2695,4.708,0.0061,0.05,12.0,0.93,0.0,588.0,257,286,45,44,49,8,446.0,0.0,7.9e-05,31878.0,,,,
2871,8000,15215,1.6107,0.0094,3.1325,4.79,0.0069,0.06,9.12,0.94,0.0,512.0,218,250,44,43,49,9,512.0,0.0,7.9e-05,31835.0,,,,
2872,8000,15232,1.6606,0.0159,3.2199,4.876,0.01,0.07,25.1,0.94,0.0,523.0,213,262,48,41,50,9,501.0,0.01,7.9e-05,31843.0,,,,
2873,8000,15248,1.5754,0.0245,3.0324,4.738,0.0106,0.07,6.49,0.95,0.0,459.0,187,206,66,41,45,14,571.0,0.01,7.8e-05,31840.0,,,,
2874,8000,15265,1.5365,0.0138,2.9767,4.827,0.0083,0.06,7.5,0.95,0.0,392.0,154,189,49,39,48,12,669.0,0.01,7.8e-05,31842.0,,,,
2875,8000,15281,1.5071,0.0117,2.9251,4.808,0.0092,0.06,8.57,0.96,0.0,384.0,140,177,67,36,46,17,683.0,0.0,7.8e-05,31829.0,,,,
2876,8000,15298,1.5138,0.0143,2.9307,4.81,0.0076,0.06,6.67,0.96,0.0,400.0,171,167,62,43,42,16,655.0,0.0,7.8e-05,31831.0,,,,
2877,8000,15315,1.5451,0.0237,2.9765,4.584,0.0101,0.08,5.16,0.96,0.0,452.0,208,154,90,46,34,20,580.0,0.0,7.8e-05,31852.0,,,,
2878,8000,15331,1.5844,0.0268,3.0499,4.786,0.011,0.07,5.21,0.95,0.0,483.0,244,165,74,51,34,15,543.0,0.0,7.8e-05,31862.0,,,,
2879,8000,15348,1.5766,0.0141,3.0592,4.8,0.011,0.07,5.81,0.95,0.0,527.0,268,177,82,51,34,16,497.0,0.01,7.8e-05,31882.0,,,,
2880,8000,15364,1.6065,0.0213,3.1064,4.914,0.0072,0.05,12.59,0.96,0.0,537.0,254,208,75,47,39,14,488.0,0.01,7.8e-05,31832.0,,,,
2881,8000,15381,1.7103,0.0474,3.2583,4.963,0.0107,0.07,10.92,0.93,0.0,641.0,272,305,64,42,48,10,409.0,0.01,7.8e-05,30664.0,,,,
2882,8000,15398,1.7729,0.0368,3.4038,4.985,0.0047,0.04,23.94,0.93,0.0,679.0,317,311,51,47,46,8,386.0,0.01,7.8e-05,31824.0,,,,
2883,8000,15414,1.7896,0.0535,3.4018,4.93,0.0114,0.07,10.72,0.93,0.0,818.0,416,345,57,51,42,7,320.0,0.01,7.8e-05,31815.0,,,,
2884,8000,15431,1.7876,0.0619,3.3807,4.879,0.0132,0.08,6.21,0.94,0.0,903.0,502,339,62,56,38,7,290.0,0.02,7.8e-05,31808.0,,,,
2885,8000,15448,1.7476,0.0516,3.3202,4.948,0.0118,0.07,9.77,0.95,0.0,749.0,449,277,23,60,37,3,350.0,0.01,7.8e-05,31810.0,,,,
2886,8000,15464,1.7447,0.0099,3.3988,5.056,0.0022,0.02,36.84,0.95,0.0,730.0,454,256,20,62,35,3,359.0,0.01,7.8e-05,31809.0,,,,
2887,8000,15481,1.6211,0.0116,3.1493,5.177,0.0045,0.04,13.54,0.96,0.0,601.0,394,190,17,66,32,3,436.0,0.01,7.8e-05,31820.0,,,,
2888,8000,15497,1.6184,0.0144,3.1397,5.17,0.0076,0.05,10.88,0.96,0.0,555.0,303,212,40,55,38,7,472.0,0.0,7.8e-05,31816.0,,,,
2889,8000,15514,1.5954,0.0038,3.1141,5.06,0.006,0.04,13.48,0.96,0.0,563.0,299,222,42,53,39,7,466.0,0.0,7.8e-05,31811.0,,,,
2890,8000,15530,1.6204,-0.0002,3.1729,4.989,0.0072,0.05,9.71,0.95,0.0,641.0,329,249,63,51,39,10,409.0,0.01,7.8e-05,31812.0,,,,
2891,8000,15547,1.658,-0.0014,3.2496,4.904,0.0087,0.07,7.92,0.95,0.0,674.0,353,277,44,52,41,7,389.0,0.01,7.8e-05,31802.0,,,,
2892,8000,15563,1.6447,-0.0033,3.2257,4.952,0.0133,0.08,6.24,0.95,0.0,691.0,360,299,32,52,43,5,379.0,0.01,7.8e-05,31815.0,,,,
2893,8000,15580,1.6603,-0.0098,3.2719,5.034,0.0136,0.08,5.88,0.94,0.0,731.0,411,284,36,56,39,5,359.0,0.01,7.8e-05,31812.0,,,,
2894,8000,15596,1.685,-0.0101,3.3201,5.007,0.0179,0.09,3.72,0.93,0.0,747.0,401,331,15,54,44,2,351.0,0.02,7.8e-05,31800.0,,,,
2895,8000,15613,1.6903,-0.0058,3.3217,4.978,0.0118,0.08,4.93,0.93,0.0,712.0,393,311,8,55,44,1,368.0,0.02,7.8e-05,31813.0,,,,
2896,8000,15630,1.6847,0.0024,3.2944,5.007,0.0121,0.08,4.5,0.94,0.0,665.0,368,289,8,55,43,1,394.0,0.01,7.8e-05,31871.0,,,,
2897,8000,15646,1.6843,0.0042,3.2902,5.003,0.011,0.08,3.44,0.93,0.0,703.0,388,304,11,55,43,2,373.0,0.02,7.8e-05,31872.0,,,,
2898,8000,15663,1.686,0.0089,3.2839,4.98,0.0113,0.08,3.19,0.94,0.0,681.0,345,322,14,51,47,2,385.0,0.02,7.8e-05,31866.0,,,,
2899,8000,15679,1.6543,0.0196,3.2014,5.155,0.0133,0.08,2.8,0.95,0.0,628.0,313,304,11,50,48,2,417.0,0.01,7.8e-05,31803.0,125,0,387,24
2900,8000,15711,1.6293,0.0191,3.152,5.128,0.0151,0.09,2.36,0.95,0.0,601.0,325,264,12,54,44,2,436.0,0.01,7.8e-05,32040.0,,,,
2901,8000,15728,1.6141,0.0079,3.1466,5.27,0.0121,0.08,2.63,0.94,0.0,593.0,341,232,20,58,39,3,442.0,0.01,7.8e-05,30657.0,,,,
2902,8000,15744,1.6179,0.0118,3.1458,5.328,0.0137,0.08,3.09,0.93,0.0,535.0,240,275,20,45,51,4,490.0,0.01,7.8e-05,31788.0,,,,
2903,8000,15761,1.6287,-0.0028,3.1956,5.265,0.0111,0.08,4.13,0.94,0.0,597.0,268,309,20,45,52,3,439.0,0.01,7.8e-05,31809.0,,,,
2904,8000,15777,1.6229,0.0002,3.1781,5.214,0.0129,0.08,2.65,0.93,0.0,602.0,226,353,23,38,59,4,435.0,0.01,7.8e-05,31854.0,,,,
2905,8000,15794,1.6188,0.0116,3.147,5.172,0.0127,0.08,2.44,0.94,0.0,600.0,213,360,27,36,60,4,437.0,0.02,7.8e-05,31855.0,,,,
2906,8000,15810,1.6011,0.0075,3.1195,5.307,0.0068,0.05,4.54,0.95,0.0,477.0,220,244,13,46,51,3,550.0,0.02,7.8e-05,31817.0,,,,
2907,8000,15827,1.5711,0.0088,3.06,5.384,0.0079,0.06,3.15,0.95,0.0,460.0,198,238,24,43,52,5,570.0,0.02,7.7e-05,31804.0,,,,
2908,8000,15844,1.5852,0.0088,3.0866,5.287,0.0079,0.07,2.78,0.94,0.0,450.0,192,238,20,43,53,4,583.0,0.01,7.7e-05,31803.0,,,,
2909,8000,15860,1.5588,0.0049,3.0437,5.365,0.0067,0.06,3.53,0.96,0.0,452.0,195,226,31,43,50,7,580.0,0.01,7.7e-05,31878.0,,,,
2910,8000,15877,1.5968,0.0151,3.0998,5.316,0.0078,0.06,4.69,0.95,0.0,477.0,191,254,32,40,53,7,550.0,0.01,7.7e-05,31802.0,,,,
2911,8000,15893,1.5793,0.0008,3.0906,5.415,0.006,0.05,3.93,0.95,0.0,450.0,221,217,12,49,48,3,583.0,0.01,7.7e-05,31812.0,,,,
2912,8000,15910,1.6452,0.0153,3.1923,5.231,0.0072,0.06,5.01,0.95,0.0,484.0,240,232,12,50,48,2,542.0,0.01,7.7e-05,31809.0,,,,
2913,8000,15926,1.5941,0.0127,3.0967,5.226,0.0076,0.07,3.84,0.96,0.0,497.0,270,210,17,54,42,3,527.0,0.01,7.7e-05,31803.0,,,,
2914,8000,15943,1.5943,0.022,3.0793,5.315,0.0072,0.06,3.1,0.96,0.0,472.0,228,223,21,48,47,4,555.0,0.01,7.7e-05,31874.0,,,,
2915,8000,15959,1.5538,0.0102,3.0243,5.353,0.0058,0.05,4.63,0.96,0.0,419.0,201,194,24,48,46,6,626.0,0.01,7.7e-05,31817.0,,,,
2916,8000,15976,1.5432,0.0086,3.0067,5.406,0.007,0.06,3.73,0.96,0.0,399.0,187,189,23,47,47,6,657.0,0.02,7.7e-05,31809.0,,,,
2917,8000,15992,1.6358,0.0135,3.1818,5.246,0.009,0.06,3.69,0.95,0.0,521.0,232,253,36,45,49,7,503.0,0.02,7.7e-05,31883.0,,,,
2918,8000,16009,1.6743,0.0231,3.2389,5.182,0.0077,0.06,7.67,0.95,0.0,516.0,214,270,32,41,52,6,508.0,0.02,7.7e-05,31876.0,,,,
2919,8000,16025,1.66,0.0219,3.2136,5.195,0.0087,0.07,4.17,0.95,0.0,540.0,253,256,31,47,47,6,485.0,0.02,7.7e-05,31862.0,,,,
2920,8000,16042,1.6847,0.0274,3.2487,5.234,0.0092,0.07,4.29,0.95,0.0,606.0,290,296,20,48,49,3,433.0,0.02,7.7e-05,31820.0,,,,
2921,8000,16059,1.8077,0.0581,3.4299,5.072,0.0097,0.08,5.41,0.93,0.0,663.0,326,321,16,49,48,2,395.0,0.03,7.7e-05,30660.0,,,,
2922,8000,16076,1.7524,0.0451,3.3442,4.974,0.009,0.08,6.24,0.93,0.0,563.0,278,280,5,49,50,1,466.0,0.03,7.7e-05,31838.0,,,,
2923,8000,16092,1.7553,0.0594,3.3219,4.977,0.01,0.09,2.79,0.94,0.0,539.0,288,246,5,53,46,1,486.0,0.03,7.7e-05,31873.0,,,,
2924,8000,16109,1.8109,0.0579,3.4353,4.827,0.0103,0.09,2.87,0.93,0.0,651.0,342,304,5,53,47,1,403.0,0.06,7.7e-05,31814.0,,,,
2925,8000,16125,1.8132,0.0591,3.437,4.845,0.0106,0.09,4.25,0.92,0.0,714.0,373,326,15,52,46,2,367.0,0.05,7.7e-05,31793.0,,,,
2926,8000,16142,1.7903,0.0518,3.4055,4.82,0.0085,0.08,5.25,0.93,0.0,657.0,325,321,11,49,49,2,399.0,0.04,7.7e-05,31793.0,,,,
2927,8000,16158,1.7134,0.0462,3.2633,4.894,0.007,0.06,5.54,0.93,0.0,551.0,270,270,11,49,49,2,476.0,0.05,7.7e-05,31798.0,,,,
2928,8000,16175,1.7133,0.0446,3.2678,4.994,0.0077,0.06,5.48,0.93,0.0,576.0,312,254,10,54,44,2,455.0,0.03,7.7e-05,31817.0,,,,
2929,8000,16191,1.7175,0.0367,3.2915,4.956,0.0056,0.05,7.13,0.92,0.0,540.0,287,237,16,53,44,3,485.0,0.03,7.7e-05,31868.0,,,,
2930,8000,16208,1.746,0.0316,3.359,4.844,0.0073,0.07,6.5,0.92,0.0,593.0,309,244,40,52,41,7,442.0,0.04,7.7e-05,31805.0,,,,
2931,8000,16225,1.7274,0.0282,3.3278,4.858,0.0099,0.08,4.71,0.92,0.0,635.0,349,267,19,55,42,3,413.0,0.03,7.7e-05,31802.0,,,,
2932,8000,16241,1.8218,0.0254,3.5205,4.652,0.0082,0.07,8.65,0.91,0.0,647.0,348,280,19,54,43,3,405.0,0.03,7.7e-05,31814.0,,,,
2933,8000,16258,1.8586,0.0233,3.598,4.511,0.0099,0.09,3.89,0.9,0.0,855.0,471,366,18,55,43,2,307.0,0.03,7.7e-05,31804.0,,,,
2934,8000,16274,1.8758,0.0374,3.604,4.542,0.0099,0.09,3.19,0.91,0.0,927.0,497,409,21,54,44,2,283.0,0.03,7.7e-05,31855.0,,,,
2935,8000,16291,1.8894,0.0245,3.656,4.421,0.0105,0.09,3.36,0.91,0.0,1007.0,535,459,13,53,46,1,260.0,0.02,7.7e-05,31798.0,,,,
2936,8000,16307,1.878,0.0229,3.6352,4.339,0.0117,0.1,3.01,0.92,0.0,1042.0,571,463,8,55,44,1,252.0,0.01,7.7e-05,31804.0,,,,
2937,8000,16324,1.8599,0.011,3.6215,4.219,0.011,0.1,3.04,0.92,0.0,1144.0,603,528,13,53,46,1,229.0,0.01,7.7e-05,31785.0,,,,
2938,8000,16340,1.8679,0.0162,3.6262,4.086,0.0124,0.1,3.6,0.92,0.0,1103.0,541,553,9,49,50,1,238.0,0.01,7.7e-05,31817.0,,,,
2939,8000,16357,1.8479,-0.001,3.6208,4.146,0.011,0.1,4.23,0.93,0.0,1059.0,494,559,6,47,53,1,248.0,0.02,7.7e-05,31785.0,,,,
2940,8000,16374,1.8888,0.0227,3.6543,4.088,0.0115,0.1,3.94,0.93,0.0,1130.0,520,610,0,46,54,0,232.0,0.03,7.7e-05,31802.0,,,,
2941,8000,16391,1.9025,0.0239,3.6805,4.219,0.0158,0.1,3.5,0.91,0.0,1167.0,539,628,0,46,54,0,225.0,0.04,7.6e-05,30760.0,,,,
2942,8000,16407,1.8483,0.0077,3.6062,4.432,0.0092,0.07,5.53,0.93,0.0,1038.0,525,509,4,51,49,0,253.0,0.03,7.6e-05,31809.0,,,,
2943,8000,16424,1.8013,0.0093,3.5089,4.463,0.01,0.08,4.52,0.94,0.0,925.0,453,471,1,49,51,0,283.0,0.02,7.6e-05,31814.0,,,,
2944,8000,16440,1.7912,0.0068,3.4939,4.517,0.0094,0.08,7.43,0.94,0.0,886.0,413,473,0,47,53,0,296.0,0.01,7.6e-05,31820.0,,,,
2945,8000,16457,1.7619,0.0051,3.4392,4.56,0.0119,0.08,4.01,0.94,0.0,913.0,406,505,2,44,55,0,287.0,0.02,7.6e-05,31824.0,,,,
2946,8000,16473,1.7444,-0.0078,3.4309,4.626,0.009,0.07,6.54,0.94,0.0,878.0,382,490,6,44,56,1,299.0,0.02,7.6e-05,31824.0,,,,
2947,8000,16490,1.771,-0.0023,3.4729,4.525,0.0116,0.09,4.3,0.93,0.0,911.0,427,476,8,47,52,1,288.0,0.02,7.6e-05,31889.0,,,,
2948,8000,16506,1.7773,-0.0004,3.4819,4.639,0.0114,0.08,5.03,0.93,0.0,969.0,485,481,3,50,50,0,271.0,0.02,7.6e-05,31827.0,,,,
2949,8000,16523,1.7346,0.0009,3.3936,4.668,0.0114,0.08,4.6,0.94,0.0,832.0,443,383,6,53,46,1,315.0,0.04,7.6e-05,31829.0,156,0,356,30
2950,8000,16554,1.7044,-0.0088,3.3534,4.761,0.0088,0.07,7.04,0.95,0.0,814.0,438,369,7,54,45,1,322.0,0.03,7.6e-05,31961.0,,,,
2951,8000,16571,1.673,-0.009,3.2918,4.768,0.0132,0.08,3.71,0.96,0.0,786.0,429,346,11,55,44,1,334.0,0.05,7.6e-05,31808.0,,,,
2952,8000,16588,1.6662,-0.0039,3.2678,4.83,0.0103,0.08,3.16,0.95,0.0,813.0,421,384,8,52,47,1,322.0,0.05,7.6e-05,31826.0,,,,
2953,8000,16604,1.7036,-0.0029,3.3405,4.812,0.0117,0.07,6.2,0.95,0.0,787.0,387,387,13,49,49,2,333.0,0.05,7.6e-05,31882.0,,,,
2954,8000,16621,1.7038,0.0164,3.3039,4.837,0.0103,0.07,4.2,0.95,0.0,806.0,433,340,33,54,42,4,325.0,0.03,7.6e-05,31818.0,,,,
2955,8000,16637,1.6857,0.0109,3.2786,4.891,0.0108,0.07,5.61,0.95,0.0,743.0,410,310,23,55,42,3,353.0,0.02,7.6e-05,31873.0,,,,
2956,8000,16654,1.6917,0.013,3.2859,4.808,0.0106,0.08,4.52,0.95,0.0,765.0,386,349,30,50,46,4,343.0,0.03,7.6e-05,31824.0,,,,
2957,8000,16670,1.6805,0.0157,3.2604,4.796,0.0123,0.08,3.36,0.95,0.0,808.0,402,360,46,50,45,6,324.0,0.03,7.6e-05,31840.0,,,,
2958,8000,16687,1.7027,0.0171,3.3028,4.773,0.01,0.07,4.46,0.95,0.0,774.0,366,351,57,47,45,7,339.0,0.02,7.6e-05,31902.0,,,,
2959,8000,16703,1.7528,0.0221,3.3909,4.613,0.01,0.08,5.81,0.95,0.0,826.0,374,400,52,45,48,6,317.0,0.01,7.6e-05,31855.0,,,,
2960,8000,16720,1.7907,0.0164,3.4743,4.435,0.0099,0.08,4.04,0.94,0.0,868.0,402,438,28,46,50,3,302.0,0.01,7.6e-05,31891.0,,,,
2961,8000,16737,1.8339,0.0215,3.5528,4.522,0.0123,0.09,5.1,0.92,0.0,933.0,473,417,43,51,45,5,281.0,0.01,7.6e-05,30735.0,,,,
2962,8000,16753,1.7852,0.0308,3.4356,4.559,0.0125,0.09,3.97,0.93,0.0,792.0,408,358,26,52,45,3,331.0,0.01,7.6e-05,31854.0,,,,
2963,8000,16770,1.7614,0.0275,3.3952,4.707,0.0119,0.09,3.85,0.93,0.0,668.0,355,298,15,53,45,2,392.0,0.01,7.6e-05,31842.0,,,,
2964,8000,16786,1.7227,0.0267,3.3206,4.816,0.0096,0.08,4.86,0.93,0.0,651.0,320,323,8,49,50,1,403.0,0.01,7.6e-05,31860.0,,,,
2965,8000,16803,1.7664,0.033,3.397,4.811,0.0096,0.08,5.28,0.92,0.0,739.0,383,322,34,52,44,5,355.0,0.02,7.6e-05,31888.0,,,,
2966,8000,16819,1.7307,0.0357,3.3195,4.796,0.0107,0.08,4.73,0.93,0.0,696.0,375,297,24,54,43,3,377.0,0.01,7.6e-05,31849.0,,,,
2967,8000,16836,1.7032,0.0334,3.269,4.873,0.0097,0.08,3.74,0.93,0.0,648.0,340,292,16,52,45,2,405.0,0.01,7.6e-05,31870.0,,,,
2968,8000,16852,1.7133,0.0426,3.2705,4.913,0.0098,0.08,3.28,0.93,0.0,666.0,333,322,11,50,48,2,394.0,0.01,7.6e-05,31903.0,,,,
2969,8000,16869,1.7138,0.0331,3.2901,4.819,0.0096,0.07,3.91,0.93,0.0,698.0,340,331,27,49,47,4,376.0,0.02,7.6e-05,31824.0,,,,
2970,8000,16885,1.7398,0.0336,3.3408,4.84,0.0093,0.07,4.33,0.93,0.0,754.0,373,363,18,49,48,2,348.0,0.01,7.6e-05,31827.0,,,,
2971,8000,16902,1.8217,0.034,3.5005,4.538,0.0099,0.08,4.21,0.92,0.0,847.0,419,415,13,49,49,2,309.0,0.02,7.6e-05,31826.0,,,,
2972,8000,16919,1.8541,0.0233,3.5863,4.454,0.01,0.08,4.32,0.92,0.0,984.0,500,480,4,51,49,0,266.0,0.01,7.6e-05,31879.0,,,,
2973,8000,16935,1.8132,0.022,3.5072,4.444,0.0094,0.08,3.64,0.93,0.0,941.0,477,455,9,51,48,1,279.0,0.01,7.6e-05,31822.0,,,,
2974,8000,16952,1.8196,0.0341,3.4949,4.362,0.0111,0.08,8.86,0.94,0.0,884.0,453,427,4,51,48,0,297.0,0.01,7.6e-05,31837.0,,,,
2975,8000,16968,1.8136,0.0349,3.4812,4.365,0.0093,0.08,4.68,0.94,0.0,977.0,470,498,9,48,51,1,268.0,0.03,7.6e-05,31836.0,,,,
2976,8000,16985,1.8418,0.0293,3.5487,4.248,0.0122,0.09,6.8,0.94,0.0,961.0,489,458,14,51,48,1,273.0,0.03,7.6e-05,31869.0,,,,
2977,8000,17001,1.8179,0.0197,3.5204,4.261,0.0102,0.09,5.2,0.94,0.0,1000.0,470,521,9,47,52,1,262.0,0.02,7.5e-05,31830.0,,,,
2978,8000,17018,1.7815,0.0072,3.4728,4.339,0.01,0.08,5.31,0.95,0.0,934.0,421,507,6,45,54,1,281.0,0.03,7.5e-05,31827.0,,,,
2979,8000,17034,1.7971,0.0258,3.4674,4.36,0.013,0.09,7.95,0.95,0.0,843.0,392,441,10,47,52,1,311.0,0.02,7.5e-05,31872.0,,,,
2980,8000,17051,1.7538,0.0236,3.3857,4.425,0.0105,0.08,4.32,0.95,0.0,786.0,360,410,16,46,52,2,334.0,0.02,7.5e-05,31834.0,,,,
2981,8000,17068,1.7258,0.024,3.3317,4.755,0.0123,0.08,4.58,0.94,0.0,743.0,372,357,14,50,48,2,353.0,0.03,7.5e-05,30632.0,,,,
2982,8000,17084,1.7144,-0.0011,3.3606,4.956,0.0111,0.08,6.97,0.93,0.0,682.0,337,336,9,49,49,1,384.0,0.03,7.5e-05,31859.0,,,,
2983,8000,17101,1.8077,-0.0057,3.5548,4.674,0.0096,0.08,11.31,0.92,0.0,776.0,395,368,13,51,47,2,338.0,0.04,7.5e-05,31773.0,,,,
2984,8000,17118,1.7086,0.0069,3.3312,4.642,0.0112,0.09,2.85,0.92,0.0,801.0,356,435,10,44,54,1,327.0,0.01,7.5e-05,31786.0,,,,
2985,8000,17134,1.7179,0.0151,3.3345,4.73,0.0113,0.09,3.89,0.93,0.0,768.0,342,411,15,45,54,2,341.0,0.01,7.5e-05,31785.0,,,,
2986,8000,17151,1.6636,-0.0036,3.2633,4.855,0.0091,0.08,3.46,0.94,0.0,714.0,302,400,12,42,56,2,367.0,0.01,7.5e-05,31854.0,,,,
2987,8000,17167,1.6349,-0.0063,3.2124,4.957,0.009,0.08,4.16,0.95,0.0,623.0,276,328,19,44,53,3,421.0,0.0,7.5e-05,31782.0,,,,
2988,8000,17184,1.6432,0.0026,3.2099,4.9,0.009,0.08,4.88,0.94,0.0,639.0,305,321,13,48,50,2,410.0,0.01,7.5e-05,31796.0,,,,
2989,8000,17200,1.6495,-0.0027,3.2331,4.876,0.0096,0.07,6.02,0.95,0.0,633.0,290,336,7,46,53,1,414.0,0.0,7.5e-05,31787.0,,,,
2990,8000,17217,1.6244,-0.0025,3.1826,4.898,0.0065,0.06,8.06,0.95,0.0,602.0,301,297,4,50,49,1,435.0,0.0,7.5e-05,31795.0,,,,
2991,8000,17234,1.6208,0.0029,3.1645,4.892,0.0093,0.07,5.19,0.95,0.0,583.0,285,294,4,49,50,1,450.0,0.01,7.5e-05,31839.0,,,,
2992,8000,17250,1.7072,0.0096,3.3225,4.795,0.0104,0.08,4.76,0.94,0.0,738.0,306,430,2,41,58,0,355.0,0.01,7.5e-05,31861.0,,,,
2993,8000,17267,1.7493,0.0264,3.3729,4.664,0.0111,0.08,6.2,0.94,0.0,755.0,374,374,7,50,50,1,347.0,0.0,7.5e-05,31808.0,,,,
2994,8000,17283,1.7334,0.0249,3.3436,4.585,0.0112,0.09,3.78,0.94,0.0,802.0,370,427,5,46,53,1,327.0,0.0,7.5e-05,31794.0,,,,
2995,8000,17300,1.7725,0.0167,3.4366,4.57,0.0104,0.08,11.27,0.94,0.0,751.0,361,390,0,48,52,0,349.0,0.01,7.5e-05,31796.0,,,,
2996,8000,17316,1.7299,0.0201,3.3458,4.64,0.0082,0.07,6.68,0.94,0.0,716.0,363,350,3,51,49,0,366.0,0.01,7.5e-05,31852.0,,,,
2997,8000,17333,1.7515,0.034,3.3623,4.737,0.0107,0.08,5.91,0.94,0.0,700.0,356,341,3,51,49,0,374.0,0.0,7.5e-05,31788.0,,,,
2998,8000,17349,1.67,0.0235,3.2214,4.884,0.0101,0.07,4.01,0.94,0.0,622.0,290,328,4,47,53,1,421.0,0.01,7.5e-05,31792.0,,,,
2999,8000,17366,1.6606,0.0216,3.2081,4.934,0.0104,0.08,5.56,0.94,0.0,560.0,267,280,13,48,50,2,468.0,0.02,7.5e-05,31788.0,117,0,395,23
3000,8000,17397,1.6703,0.0292,3.2113,4.973,0.0096,0.07,6.25,0.95,0.0,596.0,297,290,9,50,49,2,440.0,0.01,7.5e-05,31925.0,,,,
3001,8000,17415,1.7266,0.0236,3.336,4.951,0.012,0.07,6.02,0.93,0.0,752.0,442,304,6,59,40,1,349.0,0.03,7.5e-05,30650.0,,,,
3002,8000,17431,1.7221,0.0112,3.3524,5.037,0.0118,0.07,4.64,0.94,0.0,813.0,447,353,13,55,43,2,322.0,0.04,7.5e-05,31795.0,,,,
3003,8000,17448,1.7322,0.0082,3.3773,4.96,0.013,0.08,3.64,0.94,0.0,823.0,481,336,6,58,41,1,319.0,0.05,7.5e-05,31790.0,,,,
3004,8000,17464,1.7347,0.0257,3.3483,5.001,0.0118,0.08,4.0,0.94,0.0,768.0,443,318,7,58,41,1,341.0,0.04,7.5e-05,31797.0,,,,
3005,8000,17481,1.7305,-0.0012,3.3908,4.801,0.0178,0.09,3.73,0.94,0.0,781.0,467,309,5,60,40,1,336.0,0.04,7.5e-05,31838.0,,,,
3006,8000,17497,1.7305,-0.0058,3.3985,4.666,0.0119,0.08,5.02,0.94,0.0,823.0,447,361,15,54,44,2,319.0,0.02,7.5e-05,31837.0,,,,
3007,8000,17514,1.7164,-0.0098,3.3792,4.72,0.0089,0.07,8.32,0.95,0.0,737.0,389,332,16,53,45,2,356.0,0.02,7.5e-05,31822.0,,,,
3008,8000,17530,1.7302,0.0076,3.3727,4.8,0.0084,0.07,5.72,0.95,0.0,775.0,448,324,3,58,42,0,338.0,0.02,7.5e-05,31879.0,,,,
3009,8000,17547,1.7418,0.0103,3.3905,4.804,0.009,0.07,9.66,0.95,0.0,835.0,486,347,2,58,42,0,314.0,0.03,7.5e-05,31843.0,,,,
3010,8000,17564,1.7375,-0.0004,3.402,4.667,0.0099,0.07,8.32,0.95,0.0,857.0,476,378,3,56,44,0,306.0,0.01,7.5e-05,31835.0,,,,
3011,8000,17580,1.7699,-0.0172,3.4995,4.591,0.0069,0.06,11.65,0.95,0.0,976.0,505,470,1,52,48,0,269.0,0.01,7.5e-05,31827.0,,,,
3012,8000,17597,1.7635,-0.0111,3.4733,4.471,0.0091,0.07,7.81,0.95,0.0,983.0,500,482,1,51,49,0,267.0,0.01,7.5e-05,31828.0,,,,
3013,8000,17613,1.7827,0.024,3.4412,4.448,0.0132,0.09,5.08,0.94,0.0,1062.0,618,442,2,58,42,0,247.0,0.01,7.4e-05,31850.0,,,,
3014,8000,17630,1.7973,0.0089,3.501,4.513,0.0135,0.07,16.23,0.94,0.0,1064.0,557,507,0,52,48,0,246.0,0.01,7.4e-05,31821.0,,,,
3015,8000,17646,1.7488,-0.021,3.4625,4.345,0.0114,0.07,8.28,0.94,0.0,1021.0,513,503,5,50,49,0,257.0,0.0,7.4e-05,31894.0,,,,
3016,8000,17663,1.7146,-0.0126,3.3793,4.537,0.0111,0.07,6.24,0.95,0.0,1088.0,620,459,9,57,42,1,241.0,0.01,7.4e-05,31837.0,,,,
3017,8000,17679,1.7693,0.0062,3.4511,4.499,0.012,0.08,6.28,0.95,0.0,1108.0,579,519,10,52,47,1,237.0,0.01,7.4e-05,31824.0,,,,
3018,8000,17696,1.7451,-0.007,3.4282,4.439,0.0137,0.08,5.57,0.95,0.0,1115.0,544,566,5,49,51,0,235.0,0.01,7.4e-05,31815.0,,,,
3019,8000,17712,1.7362,-0.0214,3.4393,4.455,0.0146,0.08,5.97,0.95,0.0,1111.0,561,548,2,50,49,0,236.0,0.01,7.4e-05,31833.0,,,,
3020,8000,17729,1.7386,0.0074,3.3875,4.604,0.0119,0.07,6.64,0.96,0.0,975.0,513,459,3,53,47,0,269.0,0.0,7.4e-05,31837.0,,,,
3021,8000,17746,1.7058,-0.0116,3.36,4.681,0.0098,0.07,8.17,0.94,0.0,719.0,355,359,5,49,50,1,365.0,0.01,7.4e-05,30620.0,,,,
3022,8000,17763,1.6582,0.0059,3.2313,4.89,0.011,0.08,8.77,0.93,0.0,478.0,240,231,7,50,48,1,548.0,0.04,7.4e-05,31752.0,,,,
3023,8000,17779,1.6651,0.0003,3.2559,4.746,0.0099,0.07,7.41,0.92,0.0,529.0,268,250,11,51,47,2,496.0,0.06,7.4e-05,31822.0,,,,
3024,8000,17796,1.6558,0.0119,3.2142,4.657,0.0164,0.09,3.7,0.93,0.0,540.0,257,264,19,48,49,4,485.0,0.05,7.4e-05,31761.0,,,,
3025,8000,17812,1.6124,-0.0013,3.153,4.724,0.0154,0.09,2.8,0.92,0.0,498.0,281,215,2,56,43,0,526.0,0.06,7.4e-05,31781.0,,,,
3026,8000,17829,1.6296,0.0067,3.1706,4.671,0.0125,0.09,4.84,0.93,0.0,513.0,290,223,0,57,43,0,511.0,0.04,7.4e-05,31762.0,,,,
3027,8000,17845,1.6159,0.0083,3.1418,4.848,0.011,0.07,4.07,0.92,0.0,497.0,262,234,1,53,47,0,527.0,0.04,7.4e-05,31832.0,,,,
3028,8000,17862,1.669,0.0232,3.2171,4.659,0.0139,0.08,4.9,0.92,0.0,548.0,294,249,5,54,45,1,478.0,0.08,7.4e-05,31769.0,,,,
3029,8000,17879,1.6884,-0.0011,3.3046,4.594,0.0114,0.08,5.11,0.92,0.0,599.0,324,267,8,54,45,1,438.0,0.06,7.4e-05,31765.0,,,,
3030,8000,17895,1.7024,-0.004,3.3387,4.62,0.0069,0.06,8.75,0.92,0.0,575.0,311,257,7,54,45,1,456.0,0.07,7.4e-05,31825.0,,,,
3031,8000,17912,1.7091,-0.008,3.3599,4.519,0.0106,0.08,3.34,0.92,0.0,659.0,330,322,7,50,49,1,398.0,0.09,7.4e-05,31841.0,,,,
3032,8000,17928,1.7557,-0.0112,3.4594,4.471,0.0091,0.08,4.53,0.92,0.0,781.0,405,364,12,52,47,2,336.0,0.09,7.4e-05,31814.0,,,,
3033,8000,17945,1.729,-0.0156,3.4151,4.578,0.0116,0.09,2.62,0.92,0.0,779.0,393,379,7,50,49,1,337.0,0.08,7.4e-05,31843.0,,,,
3034,8000,17961,1.7386,-0.0003,3.4029,4.509,0.0128,0.09,2.91,0.93,0.0,800.0,427,370,3,53,46,0,328.0,0.05,7.4e-05,31752.0,,,,
3035,8000,17978,1.7732,0.0118,3.4469,4.439,0.012,0.09,3.85,0.93,0.0,881.0,500,380,1,57,43,0,298.0,0.04,7.4e-05,31768.0,,,,
3036,8000,17995,1.7715,0.012,3.4439,4.49,0.012,0.08,3.44,0.93,0.0,932.0,541,389,2,58,42,0,281.0,0.04,7.4e-05,31769.0,,,,
3037,8000,18011,1.812,-0.0001,3.5481,4.355,0.0107,0.08,4.36,0.92,0.0,947.0,535,407,5,56,43,1,277.0,0.03,7.4e-05,31771.0,,,,
3038,8000,18028,1.7839,0.003,3.484,4.207,0.0131,0.09,3.91,0.94,0.0,953.0,533,415,5,56,44,1,275.0,0.03,7.4e-05,31751.0,,,,
3039,8000,18044,1.7796,0.0012,3.4802,4.323,0.0108,0.08,3.68,0.94,0.0,999.0,559,434,6,56,43,1,262.0,0.01,7.4e-05,31756.0,,,,
3040,8000,18061,1.7781,-0.0015,3.481,4.188,0.0094,0.08,5.0,0.94,0.0,934.0,463,469,2,50,50,0,281.0,0.01,7.4e-05,31764.0,,,,
3041,8000,18078,1.8021,0.027,3.4738,4.402,0.0127,0.08,10.79,0.92,0.0,819.0,369,449,1,45,55,0,320.0,0.02,7.4e-05,30663.0,,,,
3042,8000,18095,1.7232,0.0233,3.3258,4.698,0.0061,0.05,9.84,0.93,0.0,624.0,298,322,4,48,52,1,420.0,0.02,7.4e-05,31808.0,,,,
3043,8000,18111,1.6782,0.0209,3.2418,4.872,0.0094,0.06,18.38,0.93,0.0,569.0,282,281,6,50,49,1,461.0,0.02,7.4e-05,31808.0,,,,
3044,8000,18128,1.6685,0.019,3.2257,4.817,0.0084,0.05,7.93,0.92,0.0,655.0,285,364,6,44,56,1,400.0,0.04,7.4e-05,31819.0,,,,
3045,8000,18144,1.6401,0.0131,3.1833,4.818,0.011,0.07,4.95,0.94,0.0,564.0,265,269,30,47,48,5,465.0,0.03,7.4e-05,31876.0,,,,
3046,8000,18161,1.6707,0.0078,3.2546,4.751,0.0098,0.07,9.18,0.93,0.0,627.0,261,332,34,42,53,5,418.0,0.02,7.4e-05,31877.0,,,,
3047,8000,18177,1.6979,0.019,3.2865,4.667,0.0133,0.07,7.13,0.93,0.0,670.0,297,339,34,44,51,5,391.0,0.01,7.4e-05,31873.0,,,,
3048,8000,18194,1.668,0.0084,3.2494,4.672,0.0122,0.08,3.61,0.93,0.0,614.0,289,287,38,47,47,6,427.0,0.02,7.4e-05,31851.0,,,,
3049,8000,18210,1.6761,0.0165,3.2491,4.681,0.0117,0.07,5.91,0.94,0.0,663.0,286,336,41,43,51,6,395.0,0.02,7.4e-05,31797.0,133,2,377,26
3050,8000,18242,1.6323,0.0035,3.1869,4.712,0.0108,0.08,4.67,0.94,0.0,598.0,280,286,32,47,48,5,438.0,0.03,7.3e-05,31941.0,,,,
3051,8000,18258,1.5957,0.0033,3.1156,4.76,0.0096,0.07,6.41,0.95,0.0,542.0,261,247,34,48,46,6,484.0,0.03,7.3e-05,31869.0,,,,
3052,8000,18275,1.5124,-0.0107,2.9792,4.929,0.008,0.06,7.67,0.96,0.0,451.0,215,201,35,48,45,8,581.0,0.02,7.3e-05,31802.0,,,,
3053,8000,18291,1.5616,0.0033,3.0525,4.887,0.0113,0.07,7.16,0.94,0.0,522.0,229,218,75,44,42,14,502.0,0.02,7.3e-05,31878.0,,,,
3054,8000,18308,1.5517,-0.0035,3.0432,4.821,0.0124,0.08,3.87,0.94,0.0,520.0,272,198,50,52,38,10,504.0,0.02,7.3e-05,31802.0,,,,
3055,8000,18324,1.6091,0.0004,3.1514,4.607,0.0174,0.09,5.72,0.94,0.0,611.0,307,234,70,50,38,11,429.0,0.02,7.3e-05,31821.0,,,,
3056,8000,18341,1.646,0.0028,3.2166,4.629,0.0121,0.08,8.88,0.94,0.0,660.0,350,273,37,53,41,6,397.0,0.02,7.3e-05,31805.0,,,,
3057,8000,18358,1.6506,0.0017,3.2286,4.57,0.013,0.09,4.44,0.94,0.0,660.0,352,261,47,53,40,7,397.0,0.01,7.3e-05,31843.0,,,,
3058,8000,18374,1.6589,0.0008,3.2442,4.515,0.012,0.09,3.47,0.94,0.0,668.0,332,315,21,50,47,3,392.0,0.01,7.3e-05,31812.0,,,,
3059,8000,18391,1.6638,0.0047,3.2445,4.545,0.0133,0.09,8.36,0.95,0.0,652.0,343,296,13,53,45,2,402.0,0.02,7.3e-05,31809.0,,,,
3060,8000,18407,1.6812,-0.001,3.2915,4.589,0.007,0.06,13.25,0.95,0.0,643.0,314,309,20,49,48,3,408.0,0.02,7.3e-05,31813.0,,,,
3061,8000,18424,1.7703,0.0062,3.4535,4.495,0.0117,0.09,7.29,0.92,0.0,740.0,395,336,9,53,45,1,354.0,0.02,7.3e-05,30702.0,,,,
3062,8000,18441,1.7875,0.0086,3.4825,4.383,0.0105,0.08,11.42,0.93,0.0,801.0,407,381,13,51,48,2,327.0,0.01,7.3e-05,31901.0,,,,
3063,8000,18457,1.8105,0.0046,3.5355,4.27,0.0116,0.08,6.92,0.93,0.0,936.0,444,484,8,47,52,1,280.0,0.01,7.3e-05,31821.0,,,,
3064,8000,18474,1.8277,0.0196,3.5398,4.301,0.0169,0.1,4.6,0.92,0.0,1011.0,493,512,6,49,51,1,259.0,0.0,7.3e-05,31825.0,,,,
3065,8000,18490,1.7789,0.0259,3.4314,4.443,0.0133,0.09,4.23,0.93,0.0,932.0,474,450,8,51,48,1,281.0,0.01,7.3e-05,31832.0,,,,
3066,8000,18507,1.7605,0.019,3.4086,4.472,0.0111,0.09,5.32,0.93,0.0,862.0,430,423,9,50,49,1,304.0,0.01,7.3e-05,31865.0,,,,
3067,8000,18523,1.7404,0.0049,3.3964,4.479,0.0107,0.08,5.5,0.93,0.0,817.0,457,355,5,56,43,1,321.0,0.01,7.3e-05,31890.0,,,,
3068,8000,18540,1.6714,0.0125,3.2465,4.685,0.0095,0.07,4.59,0.94,0.0,689.0,366,306,17,53,44,2,380.0,0.01,7.3e-05,31841.0,,,,
3069,8000,18556,1.6411,0.0071,3.1996,4.759,0.0078,0.06,6.86,0.94,0.0,606.0,316,263,27,52,43,4,433.0,0.0,7.3e-05,31850.0,,,,
3070,8000,18573,1.7061,0.0242,3.2952,4.699,0.0094,0.08,8.36,0.94,0.0,670.0,354,272,44,53,41,7,391.0,0.01,7.3e-05,31853.0,,,,
3071,8000,18589,1.7508,0.0231,3.3881,4.605,0.0099,0.08,13.33,0.93,0.0,741.0,354,336,51,48,45,7,354.0,0.01,7.3e-05,31847.0,,,,
3072,8000,18606,1.7687,0.0407,3.386,4.569,0.0131,0.09,5.25,0.93,0.0,785.0,387,350,48,49,45,6,334.0,0.0,7.3e-05,31811.0,,,,
3073,8000,18623,1.9198,0.0414,3.6844,4.564,0.0123,0.09,47.51,0.94,0.0,711.0,362,321,28,51,45,4,369.0,0.0,7.3e-05,31892.0,,,,
3074,8000,18639,1.7641,0.0662,3.3248,4.558,0.0113,0.09,10.49,0.94,0.0,668.0,339,291,38,51,44,6,392.0,0.0,7.3e-05,31839.0,,,,
3075,8000,18656,1.7098,0.0706,3.2092,4.762,0.0135,0.1,4.2,0.94,0.0,636.0,322,271,43,51,43,7,412.0,0.0,7.3e-05,31836.0,,,,
3076,8000,18672,1.6453,0.0551,3.1129,4.825,0.011,0.08,4.81,0.94,0.0,525.0,240,236,49,46,45,9,499.0,0.0,7.3e-05,31829.0,,,,
3077,8000,18689,1.6585,0.0483,3.1529,4.884,0.0078,0.06,11.16,0.94,0.0,526.0,258,223,45,49,42,9,498.0,0.01,7.3e-05,31846.0,,,,
3078,8000,18705,1.6159,0.0482,3.0725,4.993,0.0104,0.08,5.05,0.94,0.0,520.0,248,215,57,48,41,11,504.0,0.0,7.3e-05,31830.0,,,,
3079,8000,18722,1.6136,0.0398,3.0869,4.943,0.0101,0.08,7.09,0.94,0.0,512.0,228,218,66,45,43,13,512.0,0.0,7.3e-05,31901.0,,,,
3080,8000,18738,1.6462,0.043,3.1442,4.768,0.0129,0.1,3.27,0.94,0.0,578.0,291,230,57,50,40,10,454.0,0.01,7.3e-05,31843.0,,,,
3081,8000,18755,1.6902,0.0447,3.2234,4.866,0.0129,0.09,4.26,0.94,0.0,576.0,293,241,42,51,42,7,455.0,0.01,7.3e-05,30712.0,,,,
3082,8000,18772,1.632,0.0364,3.1255,5.074,0.009,0.07,4.75,0.94,0.0,534.0,259,225,50,49,42,9,491.0,0.01,7.3e-05,31855.0,,,,
3083,8000,18788,1.5402,0.028,2.9595,5.282,0.0111,0.07,2.85,0.95,0.0,406.0,194,181,31,48,45,8,646.0,0.01,7.3e-05,31861.0,,,,
3084,8000,18805,1.5907,0.0291,3.0577,5.249,0.01,0.08,3.8,0.94,0.0,453.0,229,195,29,51,43,6,579.0,0.01,7.3e-05,31904.0,,,,
3085,8000,18821,1.6056,0.0321,3.0834,5.211,0.0099,0.07,3.34,0.94,0.0,469.0,209,218,42,45,46,9,559.0,0.02,7.3e-05,31846.0,,,,
3086,8000,18838,1.6214,0.0306,3.1202,5.252,0.008,0.07,3.46,0.94,0.0,514.0,244,220,50,47,43,10,510.0,0.02,7.3e-05,31875.0,,,,
3087,8000,18854,1.6563,0.0235,3.1996,5.097,0.0081,0.07,4.45,0.94,0.0,561.0,256,277,28,46,49,5,467.0,0.02,7.3e-05,31841.0,,,,
3088,8000,18871,1.6375,0.0224,3.1638,5.256,0.0085,0.07,3.32,0.94,0.0,520.0,254,256,10,49,49,2,504.0,0.02,7.2e-05,31865.0,,,,
3089,8000,18888,1.661,0.018,3.2191,5.053,0.0077,0.07,3.65,0.94,0.0,561.0,276,260,25,49,46,4,467.0,0.03,7.2e-05,31833.0,,,,
3090,8000,18904,1.6881,0.0145,3.279,4.906,0.0091,0.08,4.14,0.94,0.0,583.0,288,273,22,49,47,4,450.0,0.03,7.2e-05,31846.0,,,,
3091,8000,18921,1.6314,0.008,3.1781,4.96,0.0099,0.08,4.31,0.95,0.0,510.0,254,243,13,50,48,3,514.0,0.02,7.2e-05,31842.0,,,,
3092,8000,18937,1.699,0.0065,3.3151,4.82,0.009,0.08,3.2,0.94,0.0,661.0,316,329,16,48,50,2,397.0,0.02,7.2e-05,31859.0,,,,
3093,8000,18954,1.7661,0.0022,3.4558,4.631,0.0102,0.09,4.45,0.93,0.0,778.0,380,385,13,49,49,2,337.0,0.02,7.2e-05,31850.0,,,,
3094,8000,18970,1.7181,-0.0101,3.3853,4.77,0.009,0.08,2.88,0.94,0.0,780.0,398,371,11,51,48,1,336.0,0.02,7.2e-05,31845.0,,,,
3095,8000,18987,1.7738,0.0032,3.4696,4.718,0.0084,0.08,3.96,0.92,0.0,815.0,385,423,7,47,52,1,322.0,0.02,7.2e-05,31842.0,,,,
3096,8000,19003,1.8077,0.0057,3.5317,4.655,0.009,0.08,2.84,0.92,0.0,959.0,451,502,6,47,52,1,273.0,0.02,7.2e-05,31846.0,,,,
3097,8000,19020,1.8285,0.0075,3.5691,4.543,0.0092,0.08,3.42,0.93,0.0,967.0,447,511,9,46,53,1,271.0,0.02,7.2e-05,31831.0,,,,
3098,8000,19036,1.8587,0.0093,3.6239,4.372,0.01,0.09,3.07,0.92,0.0,1043.0,532,510,1,51,49,0,251.0,0.02,7.2e-05,31850.0,,,,
3099,8000,19053,1.8755,0.0124,3.6511,4.355,0.0096,0.09,3.89,0.91,0.0,1023.0,521,500,2,51,49,0,256.0,0.02,7.2e-05,31830.0,125,0,387,24
3100,8000,19084,1.8638,0.0312,3.5901,4.37,0.0091,0.08,3.65,0.93,0.0,988.0,496,492,0,50,50,0,265.0,0.02,7.2e-05,31984.0,,,,
3101,8000,19102,1.8337,0.0227,3.5496,4.651,0.0114,0.09,3.17,0.92,0.0,877.0,448,426,3,51,49,0,299.0,0.02,7.2e-05,30694.0,,,,
3102,8000,19118,1.7676,0.0077,3.4487,4.771,0.0103,0.09,2.92,0.93,0.0,724.0,385,333,6,53,46,1,362.0,0.02,7.2e-05,31884.0,,,,
3103,8000,19135,1.7331,0.0252,3.3455,4.881,0.0086,0.08,3.04,0.94,0.0,643.0,355,283,5,55,44,1,408.0,0.02,7.2e-05,31816.0,,,,
3104,8000,19151,1.6935,0.0186,3.2802,4.964,0.0094,0.08,2.94,0.94,0.0,650.0,370,274,6,57,42,1,403.0,0.04,7.2e-05,31857.0,,,,
3105,8000,19168,1.7133,0.0294,3.2977,4.826,0.0094,0.08,2.91,0.93,0.0,663.0,314,320,29,47,48,4,395.0,0.04,7.2e-05,31852.0,,,,
3106,8000,19184,1.6947,0.0229,3.2737,4.872,0.0094,0.08,2.75,0.94,0.0,691.0,377,290,24,55,42,3,379.0,0.03,7.2e-05,31858.0,,,,
3107,8000,19201,1.6818,0.0236,3.2466,4.956,0.0083,0.08,3.51,0.94,0.0,610.0,321,266,23,53,44,4,430.0,0.03,7.2e-05,31846.0,,,,
3108,8000,19217,1.6561,0.0234,3.1958,4.937,0.0078,0.07,3.62,0.94,0.0,576.0,294,257,25,51,45,4,455.0,0.02,7.2e-05,31902.0,,,,
3109,8000,19234,1.6724,0.0234,3.2274,4.831,0.0076,0.08,3.63,0.94,0.0,590.0,311,241,38,53,41,6,444.0,0.03,7.2e-05,31895.0,,,,
3110,8000,19250,1.6684,0.0268,3.2123,4.871,0.0079,0.07,3.44,0.94,0.0,622.0,346,252,24,56,41,4,421.0,0.03,7.2e-05,31853.0,,,,
3111,8000,19267,1.6768,0.0266,3.2301,4.876,0.0076,0.07,5.32,0.94,0.0,634.0,325,273,36,51,43,6,413.0,0.03,7.2e-05,31900.0,,,,
3112,8000,19283,1.7018,0.0312,3.271,4.866,0.0075,0.07,3.16,0.94,0.0,674.0,352,300,22,52,45,3,389.0,0.01,7.2e-05,31866.0,,,,
3113,8000,19300,1.6775,0.0259,3.2336,4.858,0.0088,0.08,3.08,0.95,0.0,671.0,361,286,24,54,43,4,391.0,0.03,7.2e-05,31859.0,,,,
3114,8000,19316,1.6883,0.0217,3.2646,4.998,0.0083,0.07,4.03,0.94,0.0,675.0,343,310,22,51,46,3,388.0,0.01,7.2e-05,31916.0,,,,
3115,8000,19333,1.7032,0.0246,3.2879,4.935,0.008,0.07,3.99,0.94,0.0,672.0,322,338,12,48,50,2,390.0,0.02,7.2e-05,31900.0,,,,
3116,8000,19349,1.74,0.0245,3.3613,4.854,0.0095,0.08,3.18,0.94,0.0,761.0,378,367,16,50,48,2,344.0,0.01,7.2e-05,31861.0,,,,
3117,8000,19366,1.7563,0.0145,3.4129,4.777,0.0092,0.08,2.77,0.93,0.0,852.0,412,424,16,48,50,2,308.0,0.02,7.2e-05,31873.0,,,,
3118,8000,19382,1.7853,0.0212,3.4573,4.748,0.0102,0.09,2.76,0.94,0.0,899.0,465,427,7,52,47,1,292.0,0.01,7.2e-05,31866.0,,,,
3119,8000,19399,1.7667,0.008,3.4453,4.659,0.0085,0.08,4.18,0.94,0.0,834.0,423,405,6,51,49,1,314.0,0.01,7.2e-05,31864.0,,,,
3120,8000,19415,1.7993,0.0069,3.5124,4.627,0.0085,0.08,3.24,0.94,0.0,975.0,519,454,2,53,47,0,269.0,0.01,7.2e-05,31848.0,,,,
3121,8000,19432,1.9073,0.0457,3.6506,4.587,0.0108,0.09,3.09,0.92,0.0,1000.0,494,505,1,49,50,0,262.0,0.01,7.2e-05,30711.0,,,,
3122,8000,19449,1.8859,0.0353,3.6282,4.533,0.0092,0.08,4.14,0.92,0.0,991.0,493,496,2,50,50,0,265.0,0.02,7.2e-05,31843.0,,,,
3123,8000,19466,1.8908,0.0257,3.6564,4.407,0.0092,0.08,3.72,0.92,0.0,1100.0,581,518,1,53,47,0,238.0,0.02,7.2e-05,31834.0,,,,
3124,8000,19482,1.8914,0.0147,3.6807,4.468,0.0099,0.09,3.01,0.92,0.0,1140.0,583,556,1,51,49,0,230.0,0.03,7.2e-05,31787.0,,,,
3125,8000,19499,1.9114,0.0234,3.702,4.316,0.0096,0.09,2.84,0.91,0.0,1182.0,584,597,1,49,51,0,222.0,0.03,7.2e-05,31792.0,,,,
3126,8000,19515,1.8896,0.0035,3.6976,4.263,0.0089,0.09,3.31,0.91,0.0,1153.0,560,591,2,49,51,0,227.0,0.03,7.2e-05,31789.0,,,,
3127,8000,19532,1.8843,0.007,3.6805,4.327,0.0092,0.09,3.75,0.91,0.0,1122.0,574,548,0,51,49,0,234.0,0.02,7.2e-05,31861.0,,,,
3128,8000,19548,1.9002,0.0181,3.6898,4.325,0.0077,0.08,4.19,0.91,0.0,1142.0,569,571,2,50,50,0,230.0,0.03,7.1e-05,31782.0,,,,
3129,8000,19565,1.8988,0.0144,3.6947,4.354,0.0086,0.08,3.95,0.91,0.0,1154.0,548,606,0,47,53,0,227.0,0.02,7.1e-05,31782.0,,,,
3130,8000,19581,1.8609,0.0165,3.6149,4.392,0.0092,0.08,4.46,0.92,0.0,1101.0,535,564,2,49,51,0,238.0,0.02,7.1e-05,31785.0,,,,
3131,8000,19598,1.813,0.0194,3.5137,4.452,0.0085,0.08,3.88,0.93,0.0,980.0,481,499,0,49,51,0,267.0,0.01,7.1e-05,31847.0,,,,
3132,8000,19615,1.7888,0.0128,3.4795,4.629,0.0081,0.07,4.69,0.93,0.0,932.0,477,455,0,51,49,0,281.0,0.01,7.1e-05,31779.0,,,,
3133,8000,19631,1.7835,0.0218,3.451,4.637,0.0086,0.08,4.31,0.93,0.0,832.0,420,411,1,50,49,0,315.0,0.01,7.1e-05,31853.0,,,,
3134,8000,19648,1.7891,0.0089,3.4875,4.557,0.008,0.08,4.56,0.93,0.0,859.0,431,422,6,50,49,1,305.0,0.02,7.1e-05,31781.0,,,,
3135,8000,19664,1.872,0.0168,3.6371,4.542,0.0094,0.08,24.97,0.92,0.0,908.0,443,459,6,49,51,1,289.0,0.02,7.1e-05,31783.0,,,,
3136,8000,19681,1.8604,0.0293,3.5886,4.496,0.0076,0.07,10.49,0.93,0.0,903.0,428,467,8,47,52,1,290.0,0.01,7.1e-05,31791.0,,,,
3137,8000,19697,1.8047,0.0272,3.4813,4.521,0.0105,0.09,4.37,0.93,0.0,943.0,497,444,2,53,47,0,278.0,0.02,7.1e-05,31787.0,,,,
3138,8000,19714,1.7855,0.0254,3.4464,4.492,0.0091,0.08,4.7,0.93,0.0,925.0,480,443,2,52,48,0,283.0,0.01,7.1e-05,31857.0,,,,
3139,8000,19730,1.8281,0.0223,3.5372,4.422,0.0124,0.1,4.46,0.93,0.0,1035.0,572,461,2,55,45,0,253.0,0.02,7.1e-05,31795.0,,,,
3140,8000,19747,1.7822,0.0208,3.4483,4.438,0.0105,0.09,4.77,0.94,0.0,956.0,526,430,0,55,45,0,274.0,0.01,7.1e-05,31776.0,,,,
3141,8000,19764,1.8427,0.0294,3.5528,4.567,0.0114,0.09,5.41,0.92,0.0,939.0,483,455,1,51,48,0,279.0,0.01,7.1e-05,30703.0,,,,
3142,8000,19781,1.8135,0.0434,3.4669,4.631,0.0117,0.09,4.27,0.93,0.0,865.0,418,446,1,48,52,0,303.0,0.02,7.1e-05,31849.0,,,,
3143,8000,19797,1.8099,0.0336,3.48,4.685,0.0081,0.07,6.37,0.92,0.0,868.0,390,474,4,45,55,0,302.0,0.02,7.1e-05,31843.0,,,,
3144,8000,19814,1.7814,0.0312,3.4282,4.71,0.0107,0.08,4.34,0.92,0.0,864.0,342,518,4,40,60,0,303.0,0.02,7.1e-05,31841.0,,,,
3145,8000,19830,1.7913,0.024,3.4621,4.674,0.0095,0.08,8.67,0.93,0.0,843.0,380,451,12,45,53,1,311.0,0.03,7.1e-05,31823.0,,,,
3146,8000,19847,1.7919,0.0307,3.4494,4.62,0.0104,0.08,4.41,0.93,0.0,902.0,409,480,13,45,53,1,291.0,0.03,7.1e-05,31837.0,,,,
3147,8000,19863,1.771,0.0144,3.4402,4.666,0.0113,0.09,3.9,0.93,0.0,911.0,452,440,19,50,48,2,288.0,0.03,7.1e-05,31838.0,,,,
3148,8000,19880,1.7588,0.0176,3.4096,4.657,0.0111,0.08,4.14,0.94,0.0,864.0,425,413,26,49,48,3,303.0,0.02,7.1e-05,31845.0,,,,
3149,8000,19896,1.7836,0.0137,3.466,4.612,0.0108,0.08,5.21,0.92,0.0,874.0,441,422,11,50,48,1,300.0,0.02,7.1e-05,31841.0,181,0,331,35
3150,8000,19928,1.7751,0.0167,3.4432,4.587,0.0111,0.08,3.67,0.92,0.0,863.0,400,446,17,46,52,2,304.0,0.02,7.1e-05,32001.0,,,,
3151,8000,19944,1.7685,0.0149,3.4335,4.58,0.0096,0.08,3.93,0.93,0.0,804.0,372,418,14,46,52,2,326.0,0.02,7.1e-05,31841.0,,,,
3152,8000,19961,1.7638,0.0264,3.4014,4.648,0.0104,0.08,3.55,0.93,0.0,865.0,400,453,12,46,52,1,303.0,0.02,7.1e-05,31896.0,,,,
3153,8000,19977,1.7556,0.0318,3.3748,4.706,0.0104,0.07,5.07,0.93,0.0,821.0,377,432,12,46,53,1,319.0,0.02,7.1e-05,31891.0,,,,
3154,8000,19994,1.7602,0.0201,3.4075,4.67,0.011,0.08,3.41,0.93,0.0,843.0,435,395,13,52,47,2,311.0,0.03,7.1e-05,31848.0,,,,
3155,8000,20010,1.7617,0.0233,3.4035,4.642,0.0096,0.07,4.56,0.94,0.0,844.0,426,401,17,50,48,2,311.0,0.02,7.1e-05,31837.0,,,,
3156,8000,20027,1.7563,0.0314,3.3768,4.666,0.0119,0.08,4.29,0.93,0.0,845.0,384,448,13,45,53,2,310.0,0.01,7.1e-05,31900.0,,,,
3157,8000,20043,1.7277,0.0301,3.323,4.713,0.0089,0.07,5.12,0.94,0.0,781.0,382,378,21,49,48,3,336.0,0.02,7.1e-05,31859.0,,,,
3158,8000,20060,1.7537,0.0415,3.3518,4.646,0.0084,0.07,7.95,0.94,0.0,797.0,394,388,15,49,49,2,329.0,0.03,7.1e-05,31842.0,,,,
3159,8000,20076,1.724,0.0257,3.323,4.586,0.0125,0.09,3.95,0.94,0.0,771.0,408,353,10,53,46,1,340.0,0.03,7.1e-05,31891.0,,,,
3160,8000,20093,1.7579,0.0322,3.3775,4.564,0.0101,0.08,4.3,0.94,0.0,869.0,442,416,11,51,48,1,302.0,0.02,7.1e-05,31845.0,,,,
3161,8000,20110,1.8037,0.0129,3.5086,4.63,0.0156,0.11,2.95,0.91,0.0,878.0,419,452,7,48,51,1,299.0,0.03,7.1e-05,30710.0,,,,
3162,8000,20127,1.746,0.003,3.415,4.849,0.0111,0.09,2.89,0.9,0.0,761.0,335,421,5,44,55,1,344.0,0.05,7.1e-05,31807.0,,,,
3163,8000,20143,1.6726,0.0085,3.2572,4.875,0.0104,0.08,3.51,0.93,0.0,602.0,277,324,1,46,54,0,435.0,0.07,7.1e-05,31809.0,,,,
3164,8000,20160,1.7312,0.0199,3.3513,4.811,0.0106,0.08,3.71,0.92,0.0,614.0,296,312,6,48,51,1,427.0,0.08,7.1e-05,31890.0,,,,
3165,8000,20176,1.6953,0.0102,3.2997,4.88,0.0097,0.07,7.95,0.93,0.0,638.0,325,303,10,51,47,2,411.0,0.06,7.1e-05,31807.0,,,,
3166,8000,20193,1.7729,0.0098,3.4563,4.996,0.0058,0.05,31.76,0.93,0.0,596.0,325,260,11,55,44,2,440.0,0.04,7.1e-05,31810.0,,,,
3167,8000,20209,1.6901,0.0003,3.3089,4.879,0.0039,0.04,13.03,0.94,0.0,627.0,300,309,18,48,49,3,418.0,0.03,7.1e-05,31867.0,,,,
3168,8000,20226,1.6736,0.0055,3.2654,4.856,0.0095,0.07,6.01,0.94,0.0,677.0,317,340,20,47,50,3,387.0,0.04,7e-05,31808.0,,,,
3169,8000,20242,1.6653,0.0102,3.2396,4.835,0.0101,0.07,5.24,0.94,0.0,665.0,297,342,26,45,51,4,394.0,0.06,7e-05,31874.0,,,,
3170,8000,20259,1.717,0.015,3.3336,4.927,0.0094,0.06,20.5,0.94,0.0,627.0,295,308,24,47,49,4,418.0,0.06,7e-05,31812.0,,,,
3171,8000,20275,1.6627,0.0079,3.2388,4.878,0.0074,0.06,10.43,0.95,0.0,514.0,211,285,18,41,55,4,510.0,0.06,7e-05,31815.0,,,,
3172,8000,20292,1.6571,0.0081,3.2255,4.724,0.0085,0.07,8.91,0.95,0.0,557.0,219,310,28,39,56,5,471.0,0.06,7e-05,31887.0,,,,
3173,8000,20308,1.6442,0.0189,3.1783,4.76,0.0107,0.08,4.67,0.95,0.0,605.0,238,341,26,39,56,4,433.0,0.05,7e-05,31820.0,,,,
3174,8000,20325,1.6551,0.0151,3.2094,4.865,0.0123,0.09,3.67,0.94,0.0,615.0,262,332,21,43,54,3,426.0,0.03,7e-05,31805.0,,,,
3175,8000,20341,1.6205,0.0116,3.1482,4.994,0.0116,0.08,3.94,0.95,0.0,572.0,261,294,17,46,51,3,458.0,0.02,7e-05,31825.0,,,,
3176,8000,20358,1.6246,0.0094,3.1609,5.032,0.0109,0.07,3.73,0.95,0.0,609.0,269,323,17,44,53,3,430.0,0.02,7e-05,31874.0,,,,
3177,8000,20375,1.646,0.0056,3.2115,4.973,0.0095,0.07,4.07,0.94,0.0,633.0,266,345,22,42,55,3,414.0,0.03,7e-05,31876.0,,,,
3178,8000,20391,1.7083,0.0141,3.3165,4.77,0.0116,0.08,5.62,0.94,0.0,734.0,343,372,19,47,51,3,357.0,0.02,7e-05,31825.0,,,,
3179,8000,20408,1.6833,0.0032,3.2894,4.775,0.012,0.08,4.16,0.94,0.0,785.0,394,375,16,50,48,2,334.0,0.01,7e-05,31828.0,,,,
3180,8000,20424,1.7032,0.0014,3.3317,4.783,0.0135,0.08,3.84,0.94,0.0,775.0,387,370,18,50,48,2,338.0,0.02,7e-05,31810.0,,,,
3181,8000,20441,1.7677,0.0031,3.4566,4.685,0.0125,0.09,3.82,0.92,0.0,818.0,385,422,11,47,52,1,320.0,0.02,7e-05,30673.0,,,,
3182,8000,20458,1.7613,0.0107,3.4295,4.789,0.0131,0.09,3.64,0.92,0.0,852.0,406,436,10,48,51,1,308.0,0.03,7e-05,31881.0,,,,
3183,8000,20474,1.7609,0.0179,3.4134,4.699,0.0121,0.09,3.06,0.93,0.0,825.0,407,410,8,49,50,1,318.0,0.03,7e-05,31885.0,,,,
3184,8000,20491,1.7728,0.014,3.4448,4.732,0.0116,0.09,3.87,0.92,0.0,827.0,433,387,7,52,47,1,317.0,0.03,7e-05,31832.0,,,,
3185,8000,20507,1.7715,0.0053,3.4587,4.585,0.0122,0.09,4.24,0.92,0.0,896.0,468,424,4,52,47,0,293.0,0.03,7e-05,31814.0,,,,
3186,8000,20524,1.7949,0.0041,3.5082,4.523,0.01,0.08,4.28,0.92,0.0,905.0,454,436,15,50,48,2,290.0,0.03,7e-05,31837.0,,,,
3187,8000,20540,1.7953,0.0038,3.509,4.513,0.0136,0.09,3.82,0.92,0.0,979.0,493,478,8,50,49,1,268.0,0.04,7e-05,31862.0,,,,
3188,8000,20557,1.7768,0.0039,3.472,4.564,0.0101,0.08,4.69,0.93,0.0,842.0,407,429,6,48,51,1,311.0,0.02,7e-05,31827.0,,,,
3189,8000,20573,1.7382,0.0083,3.3853,4.557,0.0107,0.08,3.69,0.93,0.0,746.0,387,356,3,52,48,0,351.0,0.02,7e-05,31820.0,,,,
3190,8000,20590,1.7731,0.0232,3.4243,4.431,0.0134,0.09,3.01,0.93,0.0,796.0,395,399,2,50,50,0,329.0,0.02,7e-05,31860.0,,,,
3191,8000,20606,1.765,0.0035,3.4468,4.356,0.0108,0.09,3.07,0.93,0.0,838.0,433,403,2,52,48,0,313.0,0.03,7e-05,31882.0,,,,
3192,8000,20623,1.7366,-0.0108,3.419,4.425,0.0111,0.08,3.75,0.93,0.0,835.0,437,396,2,52,47,0,314.0,0.02,7e-05,31811.0,,,,
3193,8000,20640,1.7493,-0.0023,3.4276,4.405,0.0119,0.09,3.24,0.94,0.0,870.0,432,437,1,50,50,0,301.0,0.02,7e-05,31804.0,,,,
3194,8000,20656,1.7449,0.0008,3.4125,4.441,0.0093,0.08,3.64,0.94,0.0,817.0,426,391,0,52,48,0,321.0,0.03,7e-05,31821.0,,,,
3195,8000,20673,1.7568,0.0136,3.4105,4.421,0.0105,0.08,3.94,0.94,0.0,858.0,458,400,0,53,47,0,306.0,0.04,7e-05,31808.0,,,,
3196,8000,20689,1.7294,0.0131,3.357,4.48,0.0112,0.08,3.43,0.94,0.0,763.0,410,352,1,54,46,0,344.0,0.03,7e-05,31873.0,,,,
3197,8000,20706,1.7168,0.0101,3.3385,4.521,0.0117,0.09,3.44,0.94,0.0,768.0,403,362,3,52,47,0,341.0,0.03,7e-05,31822.0,,,,
3198,8000,20722,1.705,0.0037,3.3275,4.512,0.011,0.08,3.32,0.94,0.0,773.0,406,364,3,53,47,0,339.0,0.03,7e-05,31810.0,,,,
3199,8000,20739,1.6935,0.0229,3.2667,4.586,0.0091,0.07,4.28,0.95,0.0,698.0,379,318,1,54,46,0,376.0,0.03,7e-05,31892.0,103,1,408,20
3200,8000,20770,1.6873,0.0166,3.2659,4.467,0.0091,0.07,4.02,0.95,0.0,704.0,360,342,2,51,49,0,372.0,0.03,7e-05,32038.0,,,,
3201,8000,20787,1.7735,0.0351,3.4033,4.608,0.0113,0.08,4.9,0.93,0.0,720.0,389,325,6,54,45,1,364.0,0.02,7e-05,30739.0,,,,
3202,8000,20804,1.7522,0.0203,3.3895,4.543,0.0128,0.08,15.54,0.94,0.0,688.0,376,308,4,55,45,1,381.0,0.02,7e-05,31800.0,,,,
3203,8000,20820,1.6632,0.0135,3.2269,4.765,0.0088,0.07,11.23,0.94,0.0,557.0,295,259,3,53,46,1,471.0,0.02,7e-05,31814.0,,,,
3204,8000,20837,1.6567,0.0137,3.2144,4.859,0.0084,0.06,5.37,0.94,0.0,547.0,293,253,1,54,46,0,479.0,0.01,7e-05,31870.0,,,,
3205,8000,20853,1.6788,0.0139,3.2576,4.728,0.0097,0.07,5.79,0.94,0.0,559.0,267,287,5,48,51,1,469.0,0.03,7e-05,31791.0,,,,
3206,8000,20870,1.6687,0.0198,3.2279,4.835,0.0116,0.08,3.44,0.93,0.0,623.0,302,308,13,48,49,2,421.0,0.02,7e-05,31792.0,,,,
3207,8000,20887,1.6268,0.0154,3.1514,4.837,0.013,0.08,4.15,0.94,0.0,558.0,288,264,6,52,47,1,470.0,0.03,7e-05,31804.0,,,,
3208,8000,20903,1.6735,0.0244,3.2253,4.718,0.0133,0.09,3.84,0.93,0.0,585.0,306,277,2,52,47,0,448.0,0.02,7e-05,31797.0,,,,
3209,8000,20920,1.6816,0.015,3.2626,4.711,0.0116,0.08,3.69,0.93,0.0,646.0,357,278,11,55,43,2,406.0,0.03,6.9e-05,31806.0,,,,
3210,8000,20936,1.7164,0.0162,3.3285,4.723,0.0123,0.08,3.65,0.94,0.0,700.0,380,314,6,54,45,1,374.0,0.03,6.9e-05,31809.0,,,,
3211,8000,20953,1.7608,0.0133,3.4217,4.616,0.0127,0.09,4.11,0.93,0.0,851.0,423,425,3,50,50,0,308.0,0.01,6.9e-05,31785.0,,,,
3212,8000,20969,1.8005,0.0065,3.5139,4.5,0.0138,0.09,4.88,0.93,0.0,922.0,478,438,6,52,48,1,284.0,0.01,6.9e-05,31809.0,,,,
3213,8000,20986,1.7979,0.0212,3.4789,4.479,0.0117,0.09,2.93,0.94,0.0,896.0,452,444,0,50,50,0,293.0,0.01,6.9e-05,31814.0,,,,
3214,8000,21002,1.7944,0.0237,3.4678,4.504,0.011,0.08,3.37,0.94,0.0,921.0,507,408,6,55,44,1,285.0,0.02,6.9e-05,31809.0,,,,
3215,8000,21019,1.7754,0.0306,3.4157,4.555,0.0123,0.09,3.54,0.95,0.0,1024.0,534,490,0,52,48,0,256.0,0.03,6.9e-05,31810.0,,,,
3216,8000,21035,1.7922,0.0251,3.4603,4.528,0.0109,0.08,4.78,0.95,0.0,959.0,492,466,1,51,49,0,273.0,0.03,6.9e-05,31814.0,,,,
3217,8000,21052,1.7988,0.0262,3.4709,4.481,0.0105,0.08,5.69,0.94,0.0,916.0,441,473,2,48,52,0,286.0,0.02,6.9e-05,31840.0,,,,
3218,8000,21068,1.7832,0.0154,3.4603,4.377,0.0117,0.09,6.97,0.95,0.0,816.0,396,416,4,49,51,0,321.0,0.02,6.9e-05,31802.0,,,,
3219,8000,21085,1.7886,0.0246,3.4523,4.348,0.0126,0.09,8.82,0.94,0.0,838.0,391,444,3,47,53,0,313.0,0.02,6.9e-05,31849.0,,,,
3220,8000,21102,1.7213,0.0084,3.3515,4.501,0.0114,0.09,4.0,0.95,0.0,775.0,414,357,4,53,46,1,338.0,0.02,6.9e-05,31812.0,,,,
3221,8000,21119,1.7325,0.0218,3.3488,4.696,0.0096,0.08,4.53,0.94,0.0,604.0,301,303,0,50,50,0,434.0,0.02,6.9e-05,30671.0,,,,
3222,8000,21135,1.6419,0.0124,3.1876,4.882,0.0106,0.08,3.06,0.95,0.0,472.0,278,189,5,59,40,1,555.0,0.02,6.9e-05,31893.0,,,,
3223,8000,21152,1.6327,0.0208,3.153,4.942,0.0084,0.07,3.72,0.95,0.0,453.0,246,199,8,54,44,2,579.0,0.03,6.9e-05,31851.0,,,,
3224,8000,21168,1.6208,0.0139,3.1449,4.999,0.0084,0.07,3.93,0.95,0.0,459.0,233,209,17,51,46,4,571.0,0.03,6.9e-05,31857.0,,,,
3225,8000,21185,1.6056,0.0225,3.0988,5.083,0.0091,0.08,3.0,0.95,0.0,467.0,228,214,25,49,46,5,561.0,0.04,6.9e-05,31848.0,,,,
3226,8000,21201,1.6304,0.028,3.1375,4.967,0.0088,0.08,3.27,0.94,0.0,510.0,254,224,32,50,44,6,514.0,0.04,6.9e-05,31823.0,,,,
3227,8000,21218,1.6537,0.0252,3.1882,4.849,0.0086,0.08,3.5,0.94,0.0,511.0,276,210,25,54,41,5,513.0,0.05,6.9e-05,31899.0,,,,
3228,8000,21234,1.6961,0.028,3.2675,4.81,0.0103,0.09,5.03,0.94,0.0,593.0,302,259,32,51,44,5,442.0,0.04,6.9e-05,31843.0,,,,
3229,8000,21251,1.6815,0.0276,3.2392,4.71,0.0082,0.08,3.25,0.94,0.0,662.0,366,266,30,55,40,5,396.0,0.04,6.9e-05,31858.0,,,,
3230,8000,21267,1.7153,0.0269,3.3081,4.768,0.0094,0.09,3.18,0.94,0.0,653.0,373,254,26,57,39,4,401.0,0.06,6.9e-05,31826.0,,,,
3231,8000,21284,1.7515,0.025,3.3832,4.675,0.0077,0.08,12.68,0.94,0.0,713.0,381,310,22,53,43,3,368.0,0.07,6.9e-05,31834.0,,,,
3232,8000,21301,1.7338,0.0136,3.3684,4.551,0.0088,0.08,4.36,0.94,0.0,712.0,388,315,9,54,44,1,368.0,0.06,6.9e-05,31832.0,,,,
3233,8000,21317,1.6872,0.0063,3.2921,4.719,0.008,0.07,3.3,0.95,0.0,680.0,374,292,14,55,43,2,386.0,0.07,6.9e-05,31876.0,,,,
3234,8000,21334,1.7132,0.0186,3.3182,4.639,0.0089,0.08,3.58,0.94,0.0,710.0,387,310,13,55,44,2,369.0,0.06,6.9e-05,31817.0,,,,
3235,8000,21350,1.6546,0.0091,3.2238,4.772,0.0083,0.08,3.2,0.94,0.0,647.0,343,275,29,53,43,4,405.0,0.05,6.9e-05,31827.0,,,,
3236,8000,21367,1.6172,0.0073,3.152,4.854,0.0093,0.08,4.13,0.95,0.0,552.0,288,241,23,52,44,4,475.0,0.05,6.9e-05,31833.0,,,,
3237,8000,21383,1.6042,0.0063,3.1285,4.921,0.0073,0.07,3.81,0.95,0.0,552.0,286,243,23,52,44,4,475.0,0.06,6.9e-05,31847.0,,,,
3238,8000,21400,1.5989,0.0024,3.126,4.948,0.0079,0.07,3.43,0.95,0.0,564.0,284,247,33,50,44,6,465.0,0.08,6.9e-05,31835.0,,,,
3239,8000,21416,1.6302,-0.0001,3.1912,4.832,0.0085,0.07,3.35,0.94,0.0,599.0,298,262,39,50,44,7,438.0,0.07,6.9e-05,31838.0,,,,
3240,8000,21433,1.615,-0.0012,3.164,4.893,0.0096,0.07,3.53,0.95,0.0,581.0,310,244,27,53,42,5,451.0,0.06,6.9e-05,31864.0,,,,
3241,8000,21450,1.7092,0.006,3.3383,4.819,0.01,0.08,3.4,0.92,0.0,629.0,303,286,40,48,45,6,417.0,0.05,6.9e-05,30673.0,,,,
3242,8000,21467,1.7263,0.0075,3.3679,4.768,0.0086,0.07,5.42,0.92,0.0,651.0,343,278,30,53,43,5,403.0,0.06,6.9e-05,31841.0,,,,
3243,8000,21483,1.7043,0.0117,3.3143,4.686,0.0105,0.09,4.44,0.92,0.0,672.0,310,332,30,46,49,4,390.0,0.05,6.9e-05,31803.0,,,,
3244,8000,21500,1.6447,0.0054,3.2087,4.679,0.0091,0.07,3.85,0.94,0.0,548.0,290,218,40,53,40,7,478.0,0.05,6.9e-05,31810.0,,,,
3245,8000,21516,1.6369,0.0103,3.1835,4.713,0.01,0.08,3.02,0.93,0.0,541.0,287,225,29,53,42,5,485.0,0.06,6.9e-05,31877.0,,,,
3246,8000,21533,1.5882,0.0076,3.0928,4.758,0.0081,0.07,3.92,0.94,0.0,515.0,247,227,41,48,44,8,509.0,0.08,6.9e-05,31869.0,,,,
3247,8000,21549,1.6165,0.0064,3.1544,4.68,0.0074,0.06,10.08,0.94,0.0,474.0,219,211,44,46,45,9,553.0,0.08,6.9e-05,31818.0,,,,
3248,8000,21566,1.6198,0.015,3.1413,4.694,0.0082,0.07,5.1,0.94,0.0,510.0,212,260,38,42,51,7,514.0,0.08,6.9e-05,31810.0,,,,
3249,8000,21582,1.6229,0.0174,3.1456,4.832,0.009,0.08,3.89,0.94,0.0,564.0,246,262,56,44,46,10,465.0,0.05,6.9e-05,31804.0,121,1,390,24
3250,8000,21614,1.5859,0.015,3.0766,4.854,0.0075,0.07,5.13,0.94,0.0,479.0,205,229,45,43,48,9,547.0,0.03,6.9e-05,31950.0,,,,
3251,8000,21630,1.5648,0.0141,3.0362,4.963,0.0086,0.07,3.61,0.94,0.0,445.0,197,210,38,44,47,9,589.0,0.03,6.9e-05,31803.0,,,,
3252,8000,21647,1.5779,0.014,3.0621,4.877,0.0086,0.08,4.74,0.94,0.0,423.0,204,171,48,48,40,11,620.0,0.05,6.8e-05,31882.0,,,,
3253,8000,21663,1.665,0.0035,3.2577,4.872,0.0063,0.06,32.58,0.94,0.0,449.0,214,179,56,48,40,12,584.0,0.05,6.8e-05,31821.0,,,,
3254,8000,21680,1.5668,0.0165,3.0369,4.93,0.0069,0.07,4.23,0.94,0.0,469.0,217,198,54,46,42,12,559.0,0.03,6.8e-05,31831.0,,,,
3255,8000,21696,1.574,0.0104,3.0645,4.969,0.0075,0.07,4.77,0.94,0.0,509.0,236,221,52,46,43,10,515.0,0.01,6.8e-05,31806.0,,,,
3256,8000,21713,1.5956,0.0188,3.0878,5.004,0.0092,0.07,6.36,0.94,0.0,542.0,254,217,71,47,40,13,484.0,0.02,6.8e-05,31895.0,,,,
3257,8000,21730,1.5644,0.0118,3.0397,5.021,0.0071,0.07,4.14,0.94,0.0,490.0,252,181,57,51,37,12,535.0,0.02,6.8e-05,31796.0,,,,
3258,8000,21746,1.6345,0.0167,3.1683,4.936,0.0071,0.07,6.33,0.93,0.0,582.0,286,249,47,49,43,8,450.0,0.04,6.8e-05,31865.0,,,,
3259,8000,21763,1.6453,0.0044,3.2124,4.816,0.0093,0.08,4.78,0.93,0.0,562.0,297,233,32,53,41,6,466.0,0.05,6.8e-05,31808.0,,,,
3260,8000,21779,1.6249,0.0086,3.1641,4.792,0.0085,0.08,3.65,0.94,0.0,586.0,288,252,46,49,43,8,447.0,0.04,6.8e-05,31810.0,,,,
3261,8000,21796,1.7698,0.017,3.4391,4.892,0.0087,0.08,4.87,0.91,0.0,743.0,364,329,50,49,44,7,353.0,0.03,6.8e-05,30682.0,,,,
3262,8000,21813,1.7449,0.0131,3.3973,4.928,0.0081,0.07,4.36,0.92,0.0,746.0,372,332,42,50,45,6,351.0,0.04,6.8e-05,31774.0,,,,
3263,8000,21829,1.7367,0.0166,3.3718,4.881,0.0089,0.07,3.63,0.92,0.0,735.0,381,325,29,52,44,4,357.0,0.03,6.8e-05,31787.0,,,,
3264,8000,21846,1.7495,0.0114,3.408,4.933,0.0086,0.07,3.91,0.92,0.0,776.0,389,362,25,50,47,3,338.0,0.03,6.8e-05,31844.0,,,,
3265,8000,21863,1.8263,0.0212,3.5389,4.697,0.0096,0.08,2.99,0.91,0.0,896.0,436,452,8,49,50,1,293.0,0.03,6.8e-05,31774.0,,,,
3266,8000,21879,1.8244,0.0183,3.5405,4.676,0.0086,0.08,3.89,0.92,0.0,886.0,463,415,8,52,47,1,296.0,0.02,6.8e-05,31792.0,,,,
3267,8000,21896,1.852,0.0152,3.6009,4.538,0.0099,0.08,4.37,0.91,0.0,928.0,440,477,11,47,51,1,282.0,0.02,6.8e-05,31793.0,,,,
3268,8000,21912,1.8253,0.0168,3.5444,4.54,0.0094,0.08,6.93,0.92,0.0,870.0,397,464,9,46,53,1,301.0,0.01,6.8e-05,31801.0,,,,
3269,8000,21929,1.7846,-0.0026,3.5024,4.619,0.0104,0.08,4.3,0.92,0.0,913.0,457,443,13,50,49,1,287.0,0.02,6.8e-05,31786.0,,,,
3270,8000,21945,1.7893,0.0113,3.4833,4.545,0.0094,0.07,3.97,0.92,0.0,874.0,407,449,18,47,51,2,300.0,0.03,6.8e-05,31790.0,,,,
3271,8000,21962,1.8225,0.0269,3.518,4.482,0.009,0.08,4.68,0.92,0.0,872.0,412,450,10,47,52,1,301.0,0.04,6.8e-05,31855.0,,,,
3272,8000,21978,1.8215,0.0228,3.5228,4.376,0.0113,0.09,3.5,0.92,0.0,894.0,423,458,13,47,51,1,293.0,0.03,6.8e-05,31792.0,,,,
3273,8000,21995,1.8203,0.0203,3.5259,4.439,0.0095,0.08,5.66,0.92,0.0,958.0,459,492,7,48,51,1,274.0,0.03,6.8e-05,31786.0,,,,
3274,8000,22012,1.807,0.0166,3.5085,4.505,0.0119,0.08,3.19,0.92,0.0,916.0,456,444,16,50,48,2,286.0,0.02,6.8e-05,31791.0,,,,
3275,8000,22028,1.8193,0.018,3.5289,4.46,0.0118,0.08,4.66,0.93,0.0,970.0,425,531,14,44,55,1,270.0,0.02,6.8e-05,31771.0,,,,
3276,8000,22045,1.822,0.0359,3.4988,4.517,0.0109,0.08,4.47,0.93,0.0,938.0,443,484,11,47,52,1,279.0,0.02,6.8e-05,31783.0,,,,
3277,8000,22061,1.8252,0.0219,3.5329,4.462,0.0104,0.08,4.27,0.92,0.0,986.0,473,509,4,48,52,0,266.0,0.01,6.8e-05,31788.0,,,,
3278,8000,22078,1.8196,0.0122,3.5422,4.494,0.0112,0.08,3.05,0.92,0.0,1025.0,503,511,11,49,50,1,256.0,0.01,6.8e-05,31780.0,,,,
3279,8000,22094,1.8211,0.0128,3.5428,4.445,0.0129,0.09,3.65,0.92,0.0,1050.0,515,526,9,49,50,1,250.0,0.02,6.8e-05,31863.0,,,,
3280,8000,22111,1.8225,0.028,3.516,4.502,0.0129,0.09,3.19,0.93,0.0,1023.0,487,527,9,48,52,1,256.0,0.02,6.8e-05,31779.0,,,,
3281,8000,22128,1.8304,0.0173,3.5539,4.606,0.0143,0.09,2.86,0.9,0.0,937.0,480,451,6,51,48,1,280.0,0.02,6.8e-05,30683.0,,,,
3282,8000,22144,1.7555,0.0161,3.4067,4.618,0.0085,0.07,3.63,0.92,0.0,787.0,408,374,5,52,48,1,333.0,0.02,6.8e-05,31864.0,,,,
3283,8000,22161,1.7329,0.0288,3.337,4.759,0.0094,0.07,3.37,0.93,0.0,765.0,417,331,17,55,43,2,343.0,0.03,6.8e-05,31820.0,,,,
3284,8000,22178,1.7471,0.0217,3.379,4.629,0.009,0.07,3.5,0.93,0.0,785.0,413,357,15,53,45,2,334.0,0.03,6.8e-05,31795.0,,,,
3285,8000,22194,1.7947,0.0225,3.4729,4.55,0.0105,0.08,3.91,0.92,0.0,934.0,490,414,30,52,44,3,281.0,0.04,6.8e-05,31814.0,,,,
3286,8000,22211,1.7543,0.0166,3.403,4.628,0.0096,0.07,3.81,0.94,0.0,914.0,519,385,10,57,42,1,287.0,0.04,6.8e-05,31900.0,,,,
3287,8000,22227,1.7555,0.0289,3.3815,4.706,0.0083,0.07,4.74,0.94,0.0,876.0,466,397,13,53,45,1,299.0,0.04,6.8e-05,31805.0,,,,
3288,8000,22244,1.7853,0.0266,3.4459,4.693,0.0079,0.06,5.53,0.94,0.0,883.0,466,402,15,53,46,2,297.0,0.03,6.8e-05,31808.0,,,,
3289,8000,22260,1.7423,0.0287,3.3549,4.629,0.0106,0.07,4.15,0.94,0.0,867.0,431,418,18,50,48,2,302.0,0.02,6.8e-05,31839.0,,,,
3290,8000,22277,1.7435,0.0203,3.3737,4.61,0.0085,0.06,4.06,0.94,0.0,841.0,449,372,20,53,44,2,312.0,0.03,6.8e-05,31819.0,,,,
3291,8000,22293,1.7226,0.0257,3.3238,4.708,0.0107,0.07,8.55,0.95,0.0,810.0,432,352,26,53,43,3,324.0,0.02,6.8e-05,31831.0,,,,
3292,8000,22310,1.7487,0.0165,3.3937,4.574,0.0112,0.08,5.67,0.94,0.0,835.0,417,383,35,50,46,4,314.0,0.02,6.8e-05,31904.0,,,,
3293,8000,22326,1.7301,0.0226,3.3429,4.608,0.0112,0.08,4.63,0.94,0.0,769.0,408,338,23,53,44,3,341.0,0.01,6.8e-05,31841.0,,,,
3294,8000,22343,1.7008,0.0243,3.2811,4.652,0.0112,0.08,4.17,0.95,0.0,749.0,388,328,33,52,44,4,350.0,0.02,6.8e-05,31896.0,,,,
3295,8000,22359,1.697,0.0289,3.2656,4.732,0.0085,0.07,4.87,0.95,0.0,705.0,398,273,34,56,39,5,372.0,0.03,6.8e-05,31837.0,,,,
3296,8000,22376,1.7144,0.0341,3.2896,4.749,0.0111,0.07,4.2,0.94,0.0,687.0,339,312,36,49,45,5,382.0,0.03,6.7e-05,31853.0,,,,
3297,8000,22392,1.7158,0.0284,3.306,4.822,0.0084,0.06,7.5,0.94,0.0,695.0,344,307,44,49,44,6,377.0,0.02,6.7e-05,31839.0,,,,
3298,8000,22409,1.8112,0.0052,3.5413,4.729,0.0031,0.03,34.0,0.95,0.0,720.0,393,286,41,55,40,6,364.0,0.02,6.7e-05,31845.0,,,,
3299,8000,22426,1.7198,0.0117,3.3473,4.75,0.0067,0.06,9.17,0.95,0.0,717.0,364,306,47,51,43,7,366.0,0.01,6.7e-05,31840.0,185,0,327,36
3300,8000,22457,1.6996,0.0142,3.3038,4.837,0.0091,0.07,5.29,0.95,0.0,698.0,353,296,49,51,42,7,376.0,0.02,6.7e-05,32069.0,,,,
3301,8000,22474,1.6882,-0.0018,3.3119,4.957,0.0107,0.07,4.66,0.94,0.0,610.0,316,242,52,52,40,9,430.0,0.02,6.7e-05,30715.0,,,,
3302,8000,22491,1.6795,0.0033,3.2861,5.028,0.012,0.08,3.26,0.95,0.0,638.0,354,242,42,55,38,7,411.0,0.03,6.7e-05,31807.0,,,,
3303,8000,22507,1.6753,-0.0086,3.2997,4.877,0.0106,0.08,3.43,0.94,0.0,616.0,297,283,36,48,46,6,426.0,0.03,6.7e-05,31820.0,,,,
3304,8000,22524,1.6774,-0.0075,3.3001,4.793,0.0106,0.08,3.35,0.94,0.0,637.0,310,298,29,49,47,5,412.0,0.03,6.7e-05,31876.0,,,,
3305,8000,22540,1.7061,-0.0105,3.3636,4.704,0.0112,0.08,3.86,0.94,0.0,773.0,361,367,45,47,47,6,339.0,0.04,6.7e-05,31883.0,,,,
3306,8000,22557,1.7247,-0.0116,3.4014,4.658,0.011,0.08,3.97,0.94,0.0,815.0,390,397,28,48,49,3,322.0,0.03,6.7e-05,31808.0,,,,
3307,8000,22573,1.74,0.0046,3.3997,4.718,0.0108,0.08,3.79,0.94,0.0,810.0,401,389,20,50,48,2,324.0,0.02,6.7e-05,31806.0,,,,
3308,8000,22590,1.7423,0.0087,3.3951,4.637,0.01,0.08,3.33,0.94,0.0,781.0,410,353,18,52,45,2,336.0,0.03,6.7e-05,31799.0,,,,
3309,8000,22606,1.7271,0.0205,3.3432,4.799,0.0116,0.08,3.34,0.94,0.0,716.0,361,332,23,50,46,3,366.0,0.03,6.7e-05,31811.0,,,,
3310,8000,22623,1.7001,0.0052,3.3203,4.892,0.0117,0.08,3.04,0.95,0.0,672.0,360,301,11,54,45,2,390.0,0.03,6.7e-05,31887.0,,,,
3311,8000,22639,1.6941,0.0162,3.2867,4.95,0.01,0.07,5.52,0.95,0.0,614.0,336,260,18,55,42,3,427.0,0.03,6.7e-05,31802.0,,,,
3312,8000,22656,1.6615,0.0084,3.2365,4.923,0.0086,0.07,4.75,0.95,0.0,594.0,302,275,17,51,46,3,441.0,0.03,6.7e-05,31869.0,,,,
3313,8000,22672,1.6904,0.0186,3.2747,4.886,0.0098,0.08,4.73,0.95,0.0,637.0,330,281,26,52,44,4,412.0,0.03,6.7e-05,31808.0,,,,
3314,8000,22689,1.7284,0.019,3.35,4.828,0.0105,0.08,3.69,0.94,0.0,754.0,379,340,35,50,45,5,348.0,0.04,6.7e-05,31828.0,,,,
3315,8000,22706,1.7605,0.0224,3.4066,4.695,0.01,0.08,4.17,0.94,0.0,822.0,448,349,25,55,42,3,319.0,0.04,6.7e-05,31787.0,,,,
3316,8000,22722,1.7562,0.0247,3.3937,4.716,0.0123,0.08,3.28,0.94,0.0,884.0,504,357,23,57,40,3,297.0,0.04,6.7e-05,31803.0,,,,
3317,8000,22739,1.7814,0.0274,3.4369,4.622,0.0147,0.1,3.47,0.94,0.0,950.0,555,380,15,58,40,2,276.0,0.03,6.7e-05,31793.0,,,,
3318,8000,22755,1.7795,0.0309,3.4274,4.694,0.0121,0.09,3.28,0.93,0.0,870.0,470,384,16,54,44,2,301.0,0.04,6.7e-05,31806.0,,,,
3319,8000,22772,1.7458,0.0336,3.3549,4.74,0.0126,0.09,3.8,0.94,0.0,768.0,429,322,17,56,42,2,341.0,0.03,6.7e-05,31798.0,,,,
3320,8000,22788,1.7171,0.0274,3.3085,4.802,0.0117,0.08,2.9,0.94,0.0,747.0,415,323,9,56,43,1,351.0,0.02,6.7e-05,31807.0,,,,
3321,8000,22805,1.7446,0.0461,3.328,4.935,0.0116,0.08,3.37,0.93,0.0,678.0,357,303,18,53,45,3,387.0,0.03,6.7e-05,30742.0,,,,
3322,8000,22822,1.7261,0.0474,3.2888,4.976,0.0096,0.07,4.36,0.94,0.0,619.0,307,291,21,50,47,3,423.0,0.03,6.7e-05,31815.0,,,,
3323,8000,22839,1.6665,0.0379,3.1901,5.125,0.0109,0.08,3.07,0.94,0.0,531.0,279,230,22,53,43,4,494.0,0.03,6.7e-05,31805.0,,,,
3324,8000,22855,1.6378,0.0282,3.1535,5.098,0.0091,0.07,3.86,0.95,0.0,518.0,264,225,29,51,43,6,506.0,0.01,6.7e-05,31801.0,,,,
3325,8000,22872,1.6672,0.0406,3.1874,5.071,0.0093,0.07,3.37,0.95,0.0,560.0,279,229,52,50,41,9,468.0,0.01,6.7e-05,31862.0,,,,
3326,8000,22888,1.7293,0.0408,3.308,4.901,0.0111,0.08,3.53,0.93,0.0,652.0,341,283,28,52,43,4,402.0,0.02,6.7e-05,31810.0,,,,
3327,8000,22905,1.727,0.0398,3.3055,4.912,0.0107,0.08,3.32,0.93,0.0,687.0,317,343,27,46,50,4,382.0,0.02,6.7e-05,31859.0,,,,
3328,8000,22921,1.8256,0.0423,3.4979,4.936,0.0078,0.07,25.16,0.93,0.0,720.0,351,351,18,49,49,2,364.0,0.02,6.7e-05,31797.0,,,,
3329,8000,22938,1.7065,0.0423,3.2596,4.978,0.0104,0.08,4.18,0.94,0.0,670.0,346,314,10,52,47,1,391.0,0.02,6.7e-05,31786.0,,,,
3330,8000,22954,1.6953,0.0323,3.2576,5.055,0.0112,0.08,4.02,0.94,0.0,599.0,341,252,6,57,42,1,438.0,0.01,6.7e-05,31801.0,,,,
3331,8000,22971,1.7259,0.0367,3.3096,4.987,0.0106,0.08,4.95,0.94,0.0,714.0,386,320,8,54,45,1,367.0,0.02,6.7e-05,31835.0,,,,
3332,8000,22987,1.72,0.0385,3.2946,5.052,0.0102,0.07,3.93,0.94,0.0,732.0,398,329,5,54,45,1,358.0,0.01,6.7e-05,31804.0,,,,
3333,8000,23004,1.7383,0.0372,3.334,5.064,0.0074,0.06,14.1,0.94,0.0,669.0,382,277,10,57,41,1,392.0,0.02,6.7e-05,31810.0,,,,
3334,8000,23021,1.6688,0.0298,3.2107,5.145,0.0091,0.07,4.76,0.95,0.0,592.0,351,229,12,59,39,2,443.0,0.03,6.7e-05,31800.0,,,,
3335,8000,23037,1.6863,0.0303,3.2444,5.154,0.0116,0.07,4.64,0.94,0.0,620.0,367,247,6,59,40,1,423.0,0.03,6.7e-05,31852.0,,,,
3336,8000,23054,1.6666,0.0191,3.2274,5.186,0.0067,0.05,5.65,0.95,0.0,609.0,338,265,6,56,44,1,430.0,0.01,6.7e-05,31800.0,,,,
3337,8000,23070,1.6502,0.0182,3.1969,5.158,0.0095,0.06,7.18,0.95,0.0,590.0,293,285,12,50,48,2,444.0,0.01,6.7e-05,31867.0,,,,
3338,8000,23087,1.6169,0.0148,3.1364,5.122,0.0087,0.06,4.81,0.96,0.0,535.0,266,252,17,50,47,3,490.0,0.01,6.7e-05,31794.0,,,,
3339,8000,23103,1.5771,0.0165,3.056,5.234,0.0088,0.06,5.16,0.96,0.0,517.0,274,217,26,53,42,5,507.0,0.01,6.7e-05,31800.0,,,,
3340,8000,23120,1.5759,0.0086,3.0698,5.248,0.0112,0.07,4.75,0.95,0.0,477.0,232,223,22,49,47,5,550.0,0.01,6.7e-05,31813.0,,,,
3341,8000,23137,1.5796,0.0002,3.0964,5.261,0.0093,0.06,14.38,0.95,0.0,440.0,210,188,42,48,43,10,596.0,0.02,6.6e-05,30754.0,,,,
3342,8000,23153,1.6415,0.0068,3.2068,5.119,0.0114,0.07,8.76,0.94,0.0,584.0,290,239,55,50,41,9,449.0,0.01,6.6e-05,31843.0,,,,
3343,8000,23170,1.6376,0.0096,3.1924,5.105,0.0135,0.08,3.03,0.94,0.0,675.0,344,280,51,51,41,8,388.0,0.01,6.6e-05,31837.0,,,,
3344,8000,23186,1.6834,0.0076,3.2852,4.989,0.0123,0.08,3.58,0.93,0.0,720.0,373,306,41,52,42,6,364.0,0.02,6.6e-05,31884.0,,,,
3345,8000,23203,1.6304,0.0066,3.1804,5.081,0.0101,0.07,3.34,0.94,0.0,606.0,285,306,15,47,50,2,433.0,0.02,6.6e-05,31844.0,,,,
3346,8000,23219,1.5695,-0.0059,3.085,5.179,0.0083,0.07,4.04,0.95,0.0,499.0,222,260,17,44,52,3,525.0,0.01,6.6e-05,31909.0,,,,
3347,8000,23236,1.5841,0.0,3.1029,5.17,0.0104,0.07,3.42,0.95,0.0,500.0,218,260,22,44,52,4,524.0,0.02,6.6e-05,31850.0,,,,
3348,8000,23253,1.6513,0.0077,3.2227,5.059,0.0119,0.08,3.21,0.94,0.0,586.0,257,293,36,44,50,6,447.0,0.02,6.6e-05,31902.0,,,,
3349,8000,23269,1.7092,0.0072,3.3367,4.924,0.0104,0.08,3.75,0.93,0.0,701.0,331,341,29,47,49,4,374.0,0.03,6.6e-05,31835.0,156,1,355,30
3350,8000,23301,1.7415,0.0116,3.3912,4.955,0.0094,0.07,3.76,0.93,0.0,786.0,343,432,11,44,55,1,334.0,0.04,6.6e-05,32019.0,,,,
3351,8000,23317,1.7501,0.0062,3.4193,4.995,0.011,0.08,3.81,0.94,0.0,835.0,342,485,8,41,58,1,314.0,0.02,6.6e-05,31827.0,,,,
3352,8000,23334,1.7669,0.0135,3.4379,4.979,0.0106,0.08,3.36,0.94,0.0,845.0,383,461,1,45,55,0,310.0,0.03,6.6e-05,31821.0,,,,
3353,8000,23350,1.8063,0.0227,3.4971,4.784,0.0132,0.09,3.26,0.94,0.0,959.0,447,509,3,47,53,0,273.0,0.02,6.6e-05,31830.0,,,,
3354,8000,23367,1.8445,0.0188,3.5804,4.673,0.0139,0.1,3.42,0.93,0.0,1107.0,526,579,2,48,52,0,237.0,0.02,6.6e-05,31887.0,,,,
3355,8000,23383,1.8104,-0.0091,3.5676,4.636,0.0105,0.09,3.42,0.93,0.0,1086.0,527,559,0,49,51,0,241.0,0.01,6.6e-05,31841.0,,,,
3356,8000,23400,1.8089,-0.0107,3.567,4.558,0.0132,0.1,3.44,0.93,0.0,1104.0,533,570,1,48,52,0,237.0,0.01,6.6e-05,31838.0,,,,
3357,8000,23416,1.7832,-0.0005,3.4958,4.692,0.0122,0.09,2.94,0.94,0.0,974.0,444,529,1,46,54,0,269.0,0.01,6.6e-05,31836.0,,,,
3358,8000,23433,1.771,-0.0157,3.5011,4.653,0.0108,0.08,3.39,0.94,0.0,1012.0,468,544,0,46,54,0,259.0,0.01,6.6e-05,31853.0,,,,
3359,8000,23449,1.7685,-0.002,3.4695,4.733,0.0124,0.09,2.98,0.94,0.0,973.0,450,523,0,46,54,0,269.0,0.01,6.6e-05,31899.0,,,,
3360,8000,23466,1.7875,0.0127,3.4772,4.629,0.0106,0.08,4.36,0.94,0.0,962.0,464,497,1,48,52,0,272.0,0.01,6.6e-05,31833.0,,,,
3361,8000,23483,1.8584,0.0161,3.6122,4.645,0.0092,0.07,7.58,0.93,0.0,935.0,470,465,0,50,50,0,280.0,0.01,6.6e-05,30626.0,,,,
3362,8000,23500,1.8133,0.0118,3.5296,4.526,0.0094,0.08,4.2,0.93,0.0,872.0,451,421,0,52,48,0,301.0,0.01,6.6e-05,31765.0,,,,
3363,8000,23516,1.7102,-0.0075,3.3632,4.685,0.0102,0.08,3.57,0.94,0.0,803.0,449,352,2,56,44,0,326.0,0.02,6.6e-05,31770.0,,,,
3364,8000,23533,1.7037,-0.0055,3.3466,4.704,0.0109,0.09,3.02,0.93,0.0,734.0,378,352,4,51,48,1,357.0,0.02,6.6e-05,31777.0,,,,
3365,8000,23549,1.6883,-0.0046,3.3145,4.744,0.008,0.07,4.8,0.94,0.0,661.0,336,319,6,51,48,1,397.0,0.03,6.6e-05,31757.0,,,,
3366,8000,23566,1.6667,-0.0114,3.286,4.866,0.0084,0.07,3.3,0.94,0.0,700.0,338,359,3,48,51,0,374.0,0.02,6.6e-05,31779.0,,,,
3367,8000,23583,1.7129,-0.004,3.3627,4.777,0.0104,0.08,3.88,0.94,0.0,696.0,334,356,6,48,51,1,377.0,0.02,6.6e-05,31796.0,,,,
3368,8000,23599,1.7306,-0.0099,3.4095,4.696,0.0114,0.09,3.09,0.94,0.0,860.0,429,423,8,50,49,1,305.0,0.02,6.6e-05,31783.0,,,,
3369,8000,23616,1.7677,-0.009,3.4812,4.641,0.0123,0.1,3.81,0.94,0.0,942.0,461,478,3,49,51,0,278.0,0.01,6.6e-05,31832.0,,,,
3370,8000,23632,1.745,-0.009,3.4377,4.805,0.009,0.08,7.82,0.95,0.0,850.0,386,458,6,45,54,1,308.0,0.02,6.6e-05,31781.0,,,,
3371,8000,23649,1.7125,0.0152,3.3245,4.88,0.01,0.08,4.22,0.95,0.0,723.0,365,356,2,50,49,0,363.0,0.02,6.6e-05,31766.0,,,,
3372,8000,23665,1.6681,0.0198,3.2278,4.989,0.0073,0.07,5.01,0.96,0.0,675.0,359,310,6,53,46,1,388.0,0.02,6.6e-05,31756.0,,,,
3373,8000,23682,1.656,0.0144,3.2141,4.983,0.0085,0.07,3.29,0.96,0.0,677.0,370,302,5,55,45,1,387.0,0.03,6.6e-05,31780.0,,,,
3374,8000,23699,1.6636,-0.0037,3.2646,4.917,0.0079,0.07,6.25,0.95,0.0,613.0,333,276,4,54,45,1,428.0,0.03,6.6e-05,31748.0,,,,
3375,8000,23715,1.6506,0.0138,3.2041,4.909,0.008,0.07,5.11,0.96,0.0,594.0,332,256,6,56,43,1,441.0,0.02,6.6e-05,31787.0,,,,
3376,8000,23732,1.6499,0.0136,3.2024,4.937,0.0091,0.07,4.6,0.95,0.0,594.0,323,268,3,54,45,1,441.0,0.03,6.6e-05,31758.0,,,,
3377,8000,23748,1.7042,0.0105,3.3159,4.704,0.0112,0.09,3.36,0.95,0.0,702.0,382,315,5,54,45,1,373.0,0.04,6.6e-05,31770.0,,,,
3378,8000,23765,1.7512,0.0154,3.3992,4.612,0.012,0.09,3.18,0.95,0.0,842.0,449,389,4,53,46,0,311.0,0.02,6.6e-05,31809.0,,,,
3379,8000,23781,1.782,0.0094,3.472,4.525,0.0112,0.09,3.89,0.94,0.0,938.0,488,448,2,52,48,0,279.0,0.02,6.6e-05,31775.0,,,,
3380,8000,23798,1.7654,-0.0038,3.466,4.607,0.0105,0.08,4.12,0.94,0.0,953.0,532,417,4,56,44,0,275.0,0.02,6.6e-05,31775.0,,,,
3381,8000,23815,1.7609,0.0101,3.43,4.704,0.0125,0.09,3.43,0.94,0.0,809.0,399,406,4,49,50,0,324.0,0.02,6.6e-05,30707.0,,,,
3382,8000,23832,1.7244,0.0075,3.3625,4.796,0.0107,0.08,5.03,0.94,0.0,735.0,346,386,3,47,53,0,357.0,0.02,6.6e-05,31843.0,,,,
3383,8000,23848,1.7143,0.0181,3.3223,4.911,0.0115,0.07,3.95,0.95,0.0,684.0,313,364,7,46,53,1,383.0,0.02,6.6e-05,31874.0,,,,
3384,8000,23865,1.7,0.0019,3.3242,4.804,0.0106,0.07,3.63,0.95,0.0,687.0,326,359,2,47,52,0,382.0,0.03,6.6e-05,31815.0,,,,
3385,8000,23881,1.7348,0.0097,3.3778,4.711,0.0099,0.07,3.94,0.94,0.0,733.0,326,400,7,44,55,1,358.0,0.03,6.6e-05,31808.0,,,,
3386,8000,23898,1.7188,0.0084,3.3487,4.783,0.0095,0.07,5.13,0.94,0.0,742.0,326,406,10,44,55,1,353.0,0.03,6.6e-05,31819.0,,,,
3387,8000,23914,1.7081,0.0073,3.3304,4.829,0.0104,0.08,3.8,0.94,0.0,730.0,325,397,8,45,54,1,359.0,0.01,6.5e-05,31834.0,,,,
3388,8000,23931,1.7097,0.0037,3.3402,4.805,0.0103,0.08,3.95,0.94,0.0,684.0,311,368,5,45,54,1,383.0,0.01,6.5e-05,31807.0,,,,
3389,8000,23947,1.779,0.0239,3.437,4.62,0.0134,0.09,3.28,0.93,0.0,826.0,384,433,9,46,52,1,317.0,0.02,6.5e-05,31885.0,,,,
3390,8000,23964,1.7788,0.0179,3.4489,4.622,0.0115,0.08,3.35,0.93,0.0,868.0,358,509,1,41,59,0,302.0,0.02,6.5e-05,31803.0,,,,
3391,8000,23980,1.757,0.0181,3.4058,4.721,0.01,0.07,7.07,0.94,0.0,755.0,328,425,2,43,56,0,347.0,0.03,6.5e-05,31789.0,,,,
3392,8000,23997,1.7362,0.015,3.3703,4.743,0.0097,0.07,4.95,0.94,0.0,741.0,360,381,0,49,51,0,354.0,0.04,6.5e-05,31788.0,,,,
3393,8000,24014,1.6797,0.02,3.2489,4.901,0.0113,0.08,3.3,0.94,0.0,651.0,297,354,0,46,54,0,403.0,0.04,6.5e-05,31845.0,,,,
3394,8000,24030,1.6427,0.0087,3.1971,4.879,0.0093,0.07,4.24,0.95,0.0,603.0,271,330,2,45,55,0,435.0,0.04,6.5e-05,31811.0,,,,
3395,8000,24047,1.6576,0.0065,3.2319,4.864,0.0083,0.07,4.38,0.95,0.0,596.0,264,329,3,44,55,1,440.0,0.05,6.5e-05,31799.0,,,,
3396,8000,24063,1.6596,0.0098,3.2296,4.95,0.0085,0.07,3.9,0.95,0.0,611.0,302,309,0,49,51,0,429.0,0.04,6.5e-05,31761.0,,,,
3397,8000,24080,1.6921,0.015,3.2845,4.986,0.0089,0.07,5.07,0.94,0.0,637.0,318,316,3,50,50,0,412.0,0.05,6.5e-05,31788.0,,,,
3398,8000,24096,1.6638,0.0097,3.2383,4.965,0.0085,0.07,4.99,0.95,0.0,651.0,337,312,2,52,48,0,403.0,0.05,6.5e-05,31817.0,,,,
3399,8000,24113,1.6272,0.0151,3.155,5.075,0.0088,0.07,4.13,0.96,0.0,554.0,281,272,1,51,49,0,473.0,0.05,6.5e-05,31827.0,158,0,354,31
3400,8000,24144,1.6387,0.0163,3.1762,5.103,0.0098,0.07,3.08,0.95,0.0,598.0,322,273,3,54,46,1,438.0,0.06,6.5e-05,32060.0,,,,
3401,8000,24162,1.6607,0.0058,3.2409,5.075,0.0099,0.07,3.38,0.95,0.0,604.0,308,293,3,51,49,0,434.0,0.05,6.5e-05,30664.0,,,,
3402,8000,24178,1.6724,0.0031,3.2687,4.98,0.0085,0.07,4.21,0.95,0.0,589.0,313,271,5,53,46,1,445.0,0.03,6.5e-05,31850.0,,,,
3403,8000,24195,1.7274,0.0077,3.3688,4.876,0.0073,0.06,11.99,0.94,0.0,644.0,318,325,1,49,50,0,407.0,0.03,6.5e-05,31806.0,,,,
3404,8000,24211,1.6932,0.0125,3.2906,4.854,0.0075,0.06,7.8,0.95,0.0,595.0,286,309,0,48,52,0,441.0,0.06,6.5e-05,31823.0,,,,
3405,8000,24228,1.7107,0.0101,3.3305,4.901,0.0061,0.05,16.81,0.96,0.0,609.0,266,332,11,44,55,2,430.0,0.06,6.5e-05,31801.0,,,,
3406,8000,24244,1.7246,0.0147,3.3486,4.8,0.0143,0.09,9.27,0.95,0.0,722.0,314,398,10,43,55,1,363.0,0.09,6.5e-05,31824.0,,,,
3407,8000,24261,1.7279,0.0142,3.3562,4.739,0.0124,0.09,3.33,0.94,0.0,796.0,341,445,10,43,56,1,329.0,0.06,6.5e-05,31865.0,,,,
3408,8000,24277,1.7615,0.0282,3.3954,4.766,0.0112,0.09,4.97,0.94,0.0,842.0,386,449,7,46,53,1,311.0,0.07,6.5e-05,31821.0,,,,
3409,8000,24294,1.8053,0.0373,3.4647,4.73,0.0103,0.08,6.63,0.94,0.0,919.0,416,498,5,45,54,1,285.0,0.07,6.5e-05,31824.0,,,,
3410,8000,24310,1.8279,0.0392,3.5056,4.674,0.0101,0.08,4.44,0.93,0.0,1022.0,490,526,6,48,51,1,257.0,0.04,6.5e-05,31833.0,,,,
3411,8000,24327,1.8326,0.0232,3.5471,4.642,0.0116,0.08,4.31,0.93,0.0,1064.0,506,557,1,48,52,0,246.0,0.05,6.5e-05,31844.0,,,,
3412,8000,24343,1.8466,0.0179,3.5848,4.565,0.0125,0.08,4.31,0.93,0.0,1057.0,509,544,4,48,51,0,248.0,0.06,6.5e-05,31841.0,,,,
3413,8000,24360,1.8107,0.0241,3.5002,4.578,0.0116,0.08,4.14,0.93,0.0,1053.0,528,523,2,50,50,0,249.0,0.04,6.5e-05,31837.0,,,,
3414,8000,24377,1.803,0.0359,3.4615,4.622,0.012,0.08,4.32,0.93,0.0,951.0,448,500,3,47,53,0,276.0,0.03,6.5e-05,31830.0,,,,
3415,8000,24393,1.8163,0.0303,3.5001,4.683,0.0126,0.09,4.24,0.93,0.0,1013.0,474,536,3,47,53,0,259.0,0.03,6.5e-05,31822.0,,,,
3416,8000,24410,1.802,0.0211,3.4886,4.556,0.0084,0.07,12.02,0.93,0.0,982.0,466,515,1,47,52,0,267.0,0.03,6.5e-05,31880.0,,,,
3417,8000,24426,1.8146,0.018,3.5208,4.595,0.0075,0.06,11.47,0.93,0.0,1051.0,526,521,4,50,50,0,249.0,0.02,6.5e-05,31818.0,,,,
3418,8000,24443,1.7762,0.0157,3.4486,4.631,0.0102,0.08,9.81,0.94,0.0,931.0,471,456,4,51,49,0,282.0,0.03,6.5e-05,31818.0,,,,
3419,8000,24459,1.7932,0.0108,3.4934,4.692,0.0078,0.07,10.7,0.94,0.0,937.0,472,459,6,50,49,1,280.0,0.03,6.5e-05,31821.0,,,,
3420,8000,24476,1.797,0.0243,3.4734,4.641,0.0087,0.07,6.32,0.94,0.0,892.0,474,416,2,53,47,0,294.0,0.04,6.5e-05,31839.0,,,,
3421,8000,24493,1.8455,0.0266,3.5665,4.714,0.0119,0.08,14.42,0.93,0.0,829.0,418,407,4,50,49,0,316.0,0.04,6.5e-05,30745.0,,,,
3422,8000,24509,1.7884,0.0356,3.4349,4.84,0.0108,0.07,5.72,0.94,0.0,762.0,384,374,4,50,49,1,344.0,0.06,6.5e-05,31851.0,,,,
3423,8000,24526,1.7641,0.0265,3.4048,4.874,0.0099,0.07,7.31,0.94,0.0,705.0,360,343,2,51,49,0,372.0,0.06,6.5e-05,31895.0,,,,
3424,8000,24542,1.786,0.0326,3.4369,4.895,0.0109,0.08,16.21,0.94,0.0,719.0,357,352,10,50,49,1,365.0,0.05,6.5e-05,31835.0,,,,
3425,8000,24559,1.7632,0.0509,3.3551,4.962,0.0132,0.07,8.4,0.94,0.0,690.0,384,305,1,56,44,0,380.0,0.02,6.5e-05,31862.0,,,,
3426,8000,24575,1.7822,0.0497,3.3945,4.869,0.014,0.09,5.2,0.93,0.0,757.0,374,380,3,49,50,0,346.0,0.03,6.5e-05,31889.0,,,,
3427,8000,24592,1.7527,0.0412,3.3525,4.846,0.0118,0.08,3.89,0.94,0.0,740.0,390,350,0,53,47,0,354.0,0.05,6.5e-05,31835.0,,,,
3428,8000,24608,1.7484,0.023,3.3805,4.838,0.0119,0.08,4.07,0.94,0.0,767.0,406,358,3,53,47,0,342.0,0.04,6.5e-05,31825.0,,,,
3429,8000,24625,1.767,0.0269,3.4095,4.797,0.0105,0.08,3.68,0.93,0.0,779.0,405,374,0,52,48,0,337.0,0.03,6.5e-05,31891.0,,,,
3430,8000,24641,1.8076,0.0225,3.4985,4.68,0.0138,0.1,2.99,0.93,0.0,893.0,478,415,0,54,46,0,294.0,0.02,6.5e-05,31885.0,,,,
3431,8000,24658,1.7928,0.0274,3.4593,4.712,0.0115,0.08,4.37,0.93,0.0,856.0,453,402,1,53,47,0,306.0,0.03,6.5e-05,31832.0,,,,
3432,8000,24674,1.8132,0.0238,3.5062,4.607,0.012,0.09,4.29,0.93,0.0,977.0,503,473,1,51,48,0,268.0,0.02,6.5e-05,31882.0,,,,
3433,8000,24691,1.8398,0.0328,3.5414,4.616,0.0102,0.07,12.4,0.93,0.0,967.0,511,454,2,53,47,0,271.0,0.01,6.5e-05,31836.0,,,,
3434,8000,24708,1.7869,0.0213,3.4588,4.655,0.0113,0.08,15.17,0.95,0.0,912.0,495,417,0,54,46,0,287.0,0.01,6.5e-05,31836.0,,,,
3435,8000,24724,1.7445,0.0172,3.3831,4.744,0.0095,0.07,6.74,0.95,0.0,882.0,472,410,0,54,46,0,297.0,0.01,6.4e-05,31889.0,,,,
3436,8000,24741,1.7802,0.0169,3.4543,4.624,0.0103,0.07,16.58,0.94,0.0,919.0,436,482,1,47,52,0,285.0,0.02,6.4e-05,31838.0,,,,
3437,8000,24757,1.7878,0.0141,3.4744,4.526,0.0153,0.1,4.43,0.94,0.0,983.0,470,512,1,48,52,0,267.0,0.02,6.4e-05,31893.0,,,,
3438,8000,24774,1.812,0.0132,3.524,4.422,0.0137,0.09,4.21,0.93,0.0,1028.0,469,557,2,46,54,0,255.0,0.02,6.4e-05,31899.0,,,,
3439,8000,24790,1.803,0.0282,3.4764,4.496,0.0156,0.1,4.45,0.94,0.0,1005.0,470,535,0,47,53,0,261.0,0.02,6.4e-05,31840.0,,,,
3440,8000,24807,1.8426,0.0482,3.5153,4.418,0.0116,0.09,4.87,0.94,0.0,994.0,470,523,1,47,53,0,264.0,0.02,6.4e-05,31828.0,,,,
3441,8000,24824,1.8192,0.0352,3.4958,4.581,0.0165,0.1,3.45,0.93,0.0,945.0,491,453,1,52,48,0,277.0,0.02,6.4e-05,30673.0,,,,
3442,8000,24840,1.8324,0.0417,3.5091,4.606,0.0123,0.09,3.68,0.93,0.0,956.0,448,506,2,47,53,0,274.0,0.02,6.4e-05,31791.0,,,,
3443,8000,24857,1.8296,0.031,3.5247,4.538,0.0118,0.09,3.0,0.92,0.0,988.0,486,500,2,49,51,0,265.0,0.02,6.4e-05,31768.0,,,,
3444,8000,24873,1.8322,0.0351,3.5216,4.563,0.0122,0.09,4.4,0.92,0.0,1007.0,480,527,0,48,52,0,260.0,0.01,6.4e-05,31771.0,,,,
3445,8000,24890,1.7838,0.0303,3.4351,4.665,0.0114,0.08,3.66,0.93,0.0,868.0,421,446,1,49,51,0,302.0,0.01,6.4e-05,31779.0,,,,
3446,8000,24906,1.7831,0.0312,3.431,4.597,0.0105,0.08,3.85,0.93,0.0,887.0,439,447,1,49,50,0,296.0,0.01,6.4e-05,31858.0,,,,
3447,8000,24923,1.7706,0.0204,3.427,4.521,0.0109,0.08,3.53,0.94,0.0,886.0,430,456,0,49,51,0,296.0,0.02,6.4e-05,31772.0,,,,
3448,8000,24940,1.7513,0.0246,3.3807,4.606,0.0105,0.08,4.65,0.94,0.0,857.0,437,419,1,51,49,0,306.0,0.01,6.4e-05,31771.0,,,,
3449,8000,24956,1.7444,0.0204,3.3762,4.671,0.0081,0.07,5.84,0.94,0.0,791.0,381,408,2,48,52,0,331.0,0.01,6.4e-05,31769.0,177,0,335,35
3450,8000,24988,1.7333,0.0315,3.3316,4.667,0.0115,0.08,3.52,0.94,0.0,753.0,407,341,5,54,45,1,348.0,0.02,6.4e-05,31982.0,,,,
3451,8000,25004,1.7484,0.0208,3.3839,4.68,0.0101,0.08,5.0,0.94,0.0,776.0,432,335,9,56,43,1,338.0,0.02,6.4e-05,31833.0,,,,
3452,8000,25021,1.729,0.0254,3.3359,4.697,0.012,0.09,3.7,0.94,0.0,817.0,438,373,6,54,46,1,321.0,0.01,6.4e-05,31780.0,,,,
3453,8000,25037,1.6858,0.0208,3.2601,4.868,0.0093,0.07,3.59,0.94,0.0,715.0,378,326,11,53,46,2,367.0,0.01,6.4e-05,31786.0,,,,
3454,8000,25054,1.6924,0.0194,3.2769,4.925,0.0095,0.07,4.01,0.95,0.0,770.0,407,355,8,53,46,1,340.0,0.01,6.4e-05,31778.0,,,,
3455,8000,25070,1.7321,0.0252,3.344,4.803,0.0103,0.08,5.19,0.94,0.0,781.0,409,360,12,52,46,2,336.0,0.02,6.4e-05,31840.0,,,,
3456,8000,25087,1.697,0.0155,3.2941,4.941,0.01,0.07,4.75,0.95,0.0,741.0,378,349,14,51,47,2,354.0,0.01,6.4e-05,31781.0,,,,
3457,8000,25103,1.7097,0.0157,3.3179,4.826,0.0096,0.07,4.55,0.95,0.0,722.0,371,343,8,51,48,1,363.0,0.01,6.4e-05,31770.0,,,,
3458,8000,25120,1.7246,0.0068,3.3647,4.81,0.0112,0.08,4.84,0.95,0.0,840.0,432,401,7,51,48,1,312.0,0.01,6.4e-05,31777.0,,,,
3459,8000,25137,1.7809,0.021,3.4476,4.638,0.0124,0.08,4.63,0.93,0.0,928.0,500,423,5,54,46,1,282.0,0.01,6.4e-05,31772.0,,,,
3460,8000,25153,1.8095,0.0192,3.5081,4.579,0.0133,0.09,3.73,0.93,0.0,971.0,491,473,7,51,49,1,270.0,0.01,6.4e-05,31848.0,,,,
3461,8000,25170,1.8345,0.0115,3.5736,4.581,0.0131,0.09,3.1,0.91,0.0,954.0,461,485,8,48,51,1,275.0,0.02,6.4e-05,30651.0,,,,
3462,8000,25187,1.7764,0.0161,3.4493,4.711,0.0131,0.09,3.41,0.92,0.0,815.0,427,383,5,52,47,1,322.0,0.05,6.4e-05,31815.0,,,,
3463,8000,25203,1.7498,0.0093,3.4104,4.81,0.0124,0.09,3.99,0.93,0.0,733.0,380,349,4,52,48,1,358.0,0.06,6.4e-05,31833.0,,,,
3464,8000,25220,1.7622,0.0227,3.4071,4.646,0.0119,0.09,3.42,0.93,0.0,786.0,402,384,0,51,49,0,334.0,0.06,6.4e-05,31827.0,,,,
3465,8000,25236,1.7551,0.018,3.4022,4.643,0.011,0.09,3.08,0.93,0.0,783.0,403,377,3,51,48,0,335.0,0.05,6.4e-05,31792.0,,,,
3466,8000,25253,1.7801,0.0278,3.4328,4.673,0.0151,0.09,3.74,0.93,0.0,838.0,411,425,2,49,51,0,313.0,0.03,6.4e-05,31766.0,,,,
3467,8000,25270,1.7687,0.0192,3.4261,4.591,0.0123,0.09,4.04,0.94,0.0,878.0,457,420,1,52,48,0,299.0,0.03,6.4e-05,31780.0,,,,
3468,8000,25286,1.7272,0.0084,3.3658,4.691,0.01,0.08,4.69,0.94,0.0,777.0,369,404,4,47,52,1,337.0,0.03,6.4e-05,31777.0,,,,
3469,8000,25303,1.7192,0.0076,3.3512,4.703,0.0115,0.08,4.34,0.94,0.0,761.0,380,376,5,50,49,1,344.0,0.02,6.4e-05,31761.0,,,,
3470,8000,25319,1.7115,0.0026,3.3469,4.84,0.0077,0.06,7.61,0.95,0.0,659.0,313,337,9,47,51,1,398.0,0.02,6.4e-05,31792.0,,,,
3471,8000,25336,1.6605,0.0006,3.2488,4.827,0.008,0.06,6.43,0.95,0.0,645.0,322,319,4,50,49,1,406.0,0.02,6.4e-05,31787.0,,,,
3472,8000,25352,1.661,0.0159,3.2202,4.902,0.0096,0.08,4.24,0.95,0.0,643.0,294,335,14,46,52,2,408.0,0.02,6.4e-05,31781.0,,,,
3473,8000,25369,1.7109,0.0306,3.2894,4.79,0.0133,0.09,3.46,0.94,0.0,690.0,336,347,7,49,50,1,380.0,0.03,6.4e-05,31765.0,,,,
3474,8000,25385,1.7493,0.0268,3.3735,4.682,0.0111,0.08,3.66,0.94,0.0,821.0,390,419,12,48,51,1,319.0,0.02,6.4e-05,31818.0,,,,
3475,8000,25402,1.7637,0.0127,3.4289,4.521,0.0125,0.09,3.5,0.94,0.0,866.0,413,446,7,48,52,1,303.0,0.02,6.4e-05,31847.0,,,,
3476,8000,25419,1.7836,0.0204,3.4527,4.475,0.011,0.09,4.37,0.94,0.0,902.0,415,484,3,46,54,0,291.0,0.01,6.4e-05,31759.0,,,,
3477,8000,25435,1.7143,0.0132,3.3295,4.613,0.011,0.08,3.29,0.94,0.0,789.0,382,403,4,48,51,1,332.0,0.02,6.4e-05,31764.0,,,,
3478,8000,25452,1.7212,0.0179,3.3343,4.633,0.0113,0.08,4.07,0.94,0.0,786.0,398,382,6,51,49,1,334.0,0.03,6.4e-05,31774.0,,,,
3479,8000,25468,1.7401,0.0117,3.3849,4.637,0.0084,0.07,12.51,0.95,0.0,787.0,384,390,13,49,50,2,333.0,0.02,6.4e-05,31767.0,,,,
3480,8000,25485,1.8212,0.0034,3.5622,4.538,0.0049,0.04,38.72,0.95,0.0,727.0,346,368,13,48,51,2,361.0,0.01,6.4e-05,31769.0,,,,
3481,8000,25502,1.7353,0.0084,3.382,4.572,0.0083,0.06,11.39,0.94,0.0,675.0,323,337,15,48,50,2,388.0,0.01,6.4e-05,30729.0,,,,
3482,8000,25518,1.6789,0.0117,3.2623,4.605,0.0109,0.08,7.49,0.94,0.0,588.0,279,295,14,47,50,2,446.0,0.02,6.4e-05,31783.0,,,,
3483,8000,25535,1.656,0.0161,3.2098,4.684,0.0085,0.07,9.88,0.94,0.0,512.0,238,253,21,46,49,4,512.0,0.01,6.4e-05,31787.0,,,,
3484,8000,25552,1.6751,0.0214,3.2373,4.724,0.008,0.07,11.78,0.94,0.0,596.0,278,292,26,47,49,4,440.0,0.01,6.3e-05,31801.0,,,,
3485,8000,25568,1.6573,0.0139,3.2159,4.733,0.0095,0.07,8.12,0.95,0.0,588.0,242,318,28,41,54,5,446.0,0.01,6.3e-05,31810.0,,,,
3486,8000,25585,1.6245,0.0135,3.15,4.649,0.0075,0.06,11.85,0.95,0.0,512.0,224,263,25,44,51,5,512.0,0.01,6.3e-05,31807.0,,,,
3487,8000,25601,1.6229,0.0263,3.122,4.761,0.0071,0.06,12.68,0.96,0.0,483.0,214,257,12,44,53,2,543.0,0.01,6.3e-05,31802.0,,,,
3488,8000,25618,1.6929,0.0291,3.2566,4.689,0.0074,0.06,16.68,0.95,0.0,570.0,245,300,25,43,53,4,460.0,0.01,6.3e-05,31866.0,,,,
3489,8000,25634,1.7221,0.0342,3.3024,4.461,0.0103,0.08,9.95,0.95,0.0,605.0,267,305,33,44,50,5,433.0,0.01,6.3e-05,31807.0,,,,
3490,8000,25651,1.7329,0.04,3.3138,4.573,0.0072,0.06,12.46,0.95,0.0,614.0,250,336,28,41,55,5,427.0,0.01,6.3e-05,31798.0,,,,
3491,8000,25667,1.7669,0.0459,3.3693,4.546,0.0095,0.08,13.51,0.95,0.0,660.0,279,364,17,42,55,3,397.0,0.02,6.3e-05,31803.0,,,,
3492,8000,25684,1.7316,0.0286,3.3325,4.489,0.0081,0.07,13.33,0.95,0.0,661.0,290,355,16,44,54,2,397.0,0.01,6.3e-05,31870.0,,,,
3493,8000,25700,1.7694,0.0297,3.4053,4.474,0.0101,0.08,11.17,0.94,0.0,725.0,331,383,11,46,53,2,362.0,0.02,6.3e-05,31769.0,,,,
3494,8000,25717,1.7991,0.0315,3.4613,4.497,0.0113,0.08,14.41,0.95,0.0,765.0,343,421,1,45,55,0,343.0,0.02,6.3e-05,31795.0,,,,
3495,8000,25734,1.7303,0.0414,3.3055,4.629,0.0158,0.1,8.04,0.95,0.0,735.0,324,406,5,44,55,1,357.0,0.03,6.3e-05,31862.0,,,,
3496,8000,25750,1.7301,0.0486,3.2912,4.714,0.0161,0.1,9.24,0.95,0.0,720.0,303,410,7,42,57,1,364.0,0.02,6.3e-05,31788.0,,,,
3497,8000,25767,1.6761,0.0452,3.1896,4.683,0.0149,0.1,5.22,0.96,0.0,610.0,275,329,6,45,54,1,430.0,0.01,6.3e-05,31795.0,,,,
3498,8000,25783,1.6926,0.0372,3.2397,4.716,0.0126,0.09,5.54,0.95,0.0,614.0,264,335,15,43,55,2,427.0,0.01,6.3e-05,31778.0,,,,
3499,8000,25800,1.7716,0.0411,3.3921,4.706,0.0121,0.09,20.21,0.95,0.0,663.0,304,332,27,46,50,4,395.0,0.02,6.3e-05,31801.0,125,0,387,24
3500,8000,25831,1.7577,0.0555,3.3328,4.529,0.0163,0.12,3.52,0.94,0.0,762.0,340,402,20,45,53,3,344.0,0.02,6.3e-05,31948.0,,,,
3501,8000,25848,1.8551,0.0345,3.5699,4.528,0.0112,0.09,12.1,0.93,0.0,768.0,329,421,18,43,55,2,341.0,0.04,6.3e-05,30704.0,,,,
3502,8000,25865,1.8127,0.0258,3.5012,4.453,0.0171,0.12,4.24,0.93,0.0,827.0,364,448,15,44,54,2,317.0,0.04,6.3e-05,31821.0,,,,
3503,8000,25882,1.8276,0.0365,3.5098,4.437,0.0136,0.1,6.15,0.93,0.0,919.0,411,490,18,45,53,2,285.0,0.03,6.3e-05,31883.0,,,,
3504,8000,25898,1.812,0.0363,3.4791,4.526,0.015,0.11,2.75,0.93,0.0,929.0,426,495,8,46,53,1,282.0,0.03,6.3e-05,31842.0,,,,
3505,8000,25915,1.7773,0.0348,3.4133,4.594,0.0131,0.1,4.28,0.93,0.0,774.0,335,428,11,43,55,1,339.0,0.03,6.3e-05,31839.0,,,,
3506,8000,25931,1.7505,0.0322,3.3646,4.644,0.0107,0.09,4.25,0.94,0.0,769.0,353,410,6,46,53,1,341.0,0.03,6.3e-05,31880.0,,,,
3507,8000,25948,1.7427,0.0307,3.3524,4.66,0.0087,0.08,5.63,0.94,0.0,709.0,331,372,6,47,52,1,370.0,0.03,6.3e-05,31835.0,,,,
3508,8000,25964,1.6658,0.0208,3.2198,4.84,0.0172,0.09,3.86,0.94,0.0,603.0,272,317,14,45,53,2,435.0,0.04,6.3e-05,31846.0,,,,
3509,8000,25981,1.6871,0.0303,3.2442,4.78,0.0106,0.08,4.2,0.94,0.0,642.0,322,293,27,50,46,4,408.0,0.04,6.3e-05,31839.0,,,,
3510,8000,25997,1.6814,0.0312,3.2304,4.75,0.0099,0.08,4.12,0.94,0.0,628.0,296,307,25,47,49,4,417.0,0.04,6.3e-05,31876.0,,,,
3511,8000,26014,1.7152,0.0257,3.3078,4.664,0.0117,0.09,3.23,0.93,0.0,708.0,343,344,21,48,49,3,370.0,0.02,6.3e-05,31844.0,,,,
3512,8000,26030,1.7499,0.0216,3.3839,4.53,0.0127,0.1,3.28,0.92,0.0,730.0,368,351,11,50,48,2,359.0,0.02,6.3e-05,31826.0,,,,
3513,8000,26047,1.7435,0.0288,3.3561,4.485,0.0106,0.09,3.7,0.93,0.0,766.0,395,355,16,52,46,2,342.0,0.03,6.3e-05,31831.0,,,,
3514,8000,26063,1.768,0.0184,3.4255,4.411,0.0106,0.09,4.18,0.92,0.0,824.0,414,397,13,50,48,2,318.0,0.03,6.3e-05,31830.0,,,,
3515,8000,26080,1.7594,0.0204,3.404,4.425,0.0086,0.07,5.03,0.93,0.0,755.0,384,368,3,51,49,0,347.0,0.01,6.3e-05,31834.0,,,,
3516,8000,26096,1.7485,0.0186,3.3857,4.359,0.0131,0.1,3.47,0.93,0.0,770.0,356,407,7,46,53,1,340.0,0.02,6.3e-05,31885.0,,,,
3517,8000,26113,1.7701,0.0282,3.4092,4.3,0.0102,0.09,3.51,0.93,0.0,844.0,442,395,7,52,47,1,311.0,0.02,6.3e-05,31821.0,,,,
3518,8000,26129,1.7939,0.0324,3.448,4.249,0.0123,0.1,3.82,0.93,0.0,834.0,474,355,5,57,43,1,314.0,0.02,6.3e-05,31823.0,,,,
3519,8000,26146,1.7732,0.0308,3.4095,4.257,0.0097,0.08,5.79,0.94,0.0,787.0,435,346,6,55,44,1,333.0,0.02,6.3e-05,31822.0,,,,
3520,8000,26162,1.7847,0.01,3.4717,4.0,0.0104,0.09,8.24,0.94,0.0,866.0,460,404,2,53,47,0,303.0,0.02,6.3e-05,31809.0,,,,
3521,8000,26180,1.8392,0.0175,3.5664,3.94,0.0125,0.11,4.01,0.91,0.0,861.0,444,412,5,52,48,1,304.0,0.02,6.3e-05,30649.0,,,,
3522,8000,26196,1.8127,0.0346,3.4802,4.141,0.0114,0.1,4.32,0.92,0.0,735.0,375,358,2,51,49,0,357.0,0.01,6.3e-05,31776.0,,,,
3523,8000,26213,1.8291,0.0445,3.4936,4.2,0.0114,0.1,3.94,0.92,0.0,781.0,413,365,3,53,47,0,336.0,0.03,6.3e-05,31769.0,,,,
3524,8000,26229,1.8483,0.0491,3.5231,4.242,0.0137,0.11,3.58,0.92,0.0,871.0,510,360,1,59,41,0,301.0,0.02,6.3e-05,31775.0,,,,
3525,8000,26246,1.837,0.0514,3.4957,4.19,0.0122,0.1,4.16,0.92,0.0,855.0,471,381,3,55,45,0,307.0,0.01,6.3e-05,31776.0,,,,
3526,8000,26262,1.8305,0.0557,3.4733,4.195,0.0117,0.1,4.59,0.94,0.0,815.0,416,398,1,51,49,0,322.0,0.01,6.3e-05,31779.0,,,,
3527,8000,26279,1.8134,0.0501,3.4495,4.093,0.0103,0.09,3.97,0.94,0.0,806.0,423,382,1,52,47,0,325.0,0.01,6.3e-05,31774.0,,,,
3528,8000,26296,1.8428,0.057,3.4942,4.069,0.013,0.1,4.28,0.94,0.0,897.0,460,435,2,51,48,0,292.0,0.01,6.3e-05,31841.0,,,,
3529,8000,26312,1.7831,0.0437,3.4018,4.113,0.0111,0.1,4.05,0.95,0.0,815.0,388,427,0,48,52,0,322.0,0.01,6.3e-05,31766.0,,,,
3530,8000,26329,1.7915,0.0327,3.4402,4.066,0.0099,0.09,7.77,0.94,0.0,762.0,368,393,1,48,52,0,344.0,0.01,6.3e-05,31736.0,,,,
3531,8000,26345,1.7852,0.0398,3.4124,3.966,0.0128,0.11,3.94,0.94,0.0,790.0,373,417,0,47,53,0,332.0,0.02,6.3e-05,31754.0,,,,
3532,8000,26362,1.793,0.0394,3.4297,4.054,0.011,0.1,4.26,0.95,0.0,817.0,385,432,0,47,53,0,321.0,0.02,6.3e-05,31761.0,,,,
3533,8000,26378,1.7721,0.032,3.4042,4.2,0.0133,0.11,3.81,0.95,0.0,845.0,376,467,2,44,55,0,310.0,0.02,6.3e-05,31753.0,,,,
3534,8000,26395,1.759,0.0167,3.4083,4.202,0.0105,0.09,6.91,0.95,0.0,753.0,377,375,1,50,50,0,348.0,0.03,6.2e-05,31763.0,,,,
3535,8000,26411,1.723,0.0092,3.3515,4.19,0.0114,0.09,4.68,0.95,0.0,696.0,361,331,4,52,48,1,377.0,0.03,6.2e-05,31842.0,,,,
3536,8000,26428,1.7042,0.0048,3.3239,4.329,0.0114,0.09,3.73,0.95,0.0,707.0,372,331,4,53,47,1,371.0,0.03,6.2e-05,31753.0,,,,
3537,8000,26445,1.7059,-0.0005,3.338,4.369,0.0095,0.08,6.61,0.96,0.0,656.0,349,306,1,53,47,0,400.0,0.04,6.2e-05,31769.0,,,,
3538,8000,26461,1.6691,0.0071,3.2503,4.448,0.0119,0.09,3.72,0.96,0.0,633.0,367,262,4,58,41,1,414.0,0.02,6.2e-05,31775.0,,,,
3539,8000,26478,1.6841,0.0158,3.2628,4.49,0.0108,0.08,6.47,0.96,0.0,636.0,345,289,2,54,45,0,412.0,0.02,6.2e-05,31762.0,,,,
3540,8000,26494,1.7299,0.0274,3.3299,4.363,0.0075,0.07,9.23,0.96,0.0,657.0,359,298,0,55,45,0,399.0,0.02,6.2e-05,31768.0,,,,
3541,8000,26511,1.7855,0.021,3.4539,4.279,0.014,0.11,3.87,0.94,0.0,760.0,415,341,4,55,45,1,345.0,0.03,6.2e-05,30674.0,,,,
3542,8000,26528,1.7614,0.0059,3.4359,4.339,0.0099,0.08,6.34,0.94,0.0,761.0,393,365,3,52,48,0,344.0,0.04,6.2e-05,31797.0,,,,
3543,8000,26545,1.7574,0.0213,3.3972,4.385,0.0119,0.1,5.14,0.93,0.0,709.0,367,342,0,52,48,0,370.0,0.06,6.2e-05,31804.0,,,,
3544,8000,26561,1.7271,0.0305,3.3194,4.483,0.01,0.08,4.83,0.94,0.0,672.0,327,342,3,49,51,0,390.0,0.08,6.2e-05,31792.0,,,,
3545,8000,26578,1.7165,0.0266,3.307,4.609,0.0106,0.09,5.76,0.94,0.0,675.0,292,378,5,43,56,1,388.0,0.08,6.2e-05,31807.0,,,,
3546,8000,26594,1.7625,0.0397,3.3711,4.412,0.0144,0.09,5.02,0.94,0.0,767.0,307,449,11,40,59,1,342.0,0.05,6.2e-05,31795.0,,,,
3547,8000,26611,1.7643,0.0292,3.3945,4.3,0.0143,0.1,5.1,0.94,0.0,803.0,330,459,14,41,57,2,326.0,0.03,6.2e-05,31772.0,,,,
3548,8000,26627,1.7947,0.021,3.4694,4.078,0.0154,0.1,5.26,0.94,0.0,778.0,338,432,8,43,56,1,337.0,0.03,6.2e-05,31797.0,,,,
3549,8000,26644,1.7823,0.0073,3.471,3.977,0.0114,0.09,10.85,0.95,0.0,788.0,364,411,13,46,52,2,333.0,0.02,6.2e-05,31798.0,200,0,312,39
3550,8000,26675,1.7753,0.0246,3.4217,3.951,0.0148,0.09,6.67,0.95,0.0,814.0,385,429,0,47,53,0,322.0,0.02,6.2e-05,31932.0,,,,
3551,8000,26692,1.7777,0.023,3.4308,4.014,0.0099,0.08,12.41,0.95,0.0,705.0,324,369,12,46,52,2,372.0,0.02,6.2e-05,31789.0,,,,
3552,8000,26708,1.7548,0.0248,3.3819,4.071,0.0112,0.08,8.28,0.95,0.0,676.0,343,325,8,51,48,1,388.0,0.03,6.2e-05,31790.0,,,,
3553,8000,26725,1.7593,0.0246,3.3917,4.084,0.0106,0.09,12.57,0.94,0.0,679.0,300,372,7,44,55,1,386.0,0.03,6.2e-05,31804.0,,,,
3554,8000,26742,1.762,0.0408,3.3668,4.165,0.0185,0.1,6.86,0.94,0.0,684.0,290,370,24,42,54,4,383.0,0.03,6.2e-05,31858.0,,,,
3555,8000,26758,1.7463,0.0201,3.3772,4.206,0.013,0.1,6.85,0.94,0.0,682.0,325,343,14,48,50,2,384.0,0.04,6.2e-05,31798.0,,,,
3556,8000,26775,1.7343,0.0225,3.3498,4.38,0.0118,0.09,5.51,0.94,0.0,669.0,295,364,10,44,54,1,392.0,0.02,6.2e-05,31785.0,,,,
3557,8000,26791,1.7112,0.0191,3.311,4.358,0.0112,0.09,10.32,0.95,0.0,574.0,246,306,22,43,53,4,457.0,0.02,6.2e-05,31788.0,,,,
3558,8000,26808,1.8206,0.0218,3.5245,4.322,0.0063,0.06,28.46,0.94,0.0,649.0,279,326,44,43,50,7,404.0,0.02,6.2e-05,31794.0,,,,
3559,8000,26824,1.7185,0.0155,3.3309,4.218,0.0064,0.06,16.63,0.95,0.0,624.0,300,298,26,48,48,4,420.0,0.02,6.2e-05,31795.0,,,,
3560,8000,26841,1.7354,0.0283,3.342,4.326,0.0072,0.06,12.74,0.95,0.0,664.0,296,320,48,45,48,7,395.0,0.01,6.2e-05,31789.0,,,,
3561,8000,26858,1.7387,0.0154,3.3735,4.412,0.0081,0.07,9.75,0.94,0.0,603.0,284,296,23,47,49,4,435.0,0.02,6.2e-05,30723.0,,,,
3562,8000,26875,1.7063,0.0181,3.3017,4.205,0.0105,0.08,14.23,0.96,0.0,527.0,261,233,33,50,44,6,497.0,0.03,6.2e-05,31836.0,,,,
3563,8000,26891,1.7015,0.0205,3.2887,4.302,0.0095,0.07,11.14,0.95,0.0,539.0,272,234,33,50,43,6,486.0,0.03,6.2e-05,31913.0,,,,
3564,8000,26908,1.7114,0.0269,3.296,4.374,0.0108,0.08,12.29,0.95,0.0,573.0,268,261,44,47,46,8,457.0,0.02,6.2e-05,31847.0,,,,
3565,8000,26924,1.7439,0.0308,3.3521,4.364,0.0137,0.09,12.87,0.95,0.0,619.0,330,257,32,53,42,5,423.0,0.02,6.2e-05,31836.0,,,,
3566,8000,26941,1.7372,0.0362,3.3269,4.293,0.0144,0.11,4.2,0.95,0.0,666.0,352,291,23,53,44,3,394.0,0.02,6.2e-05,31856.0,,,,
3567,8000,26957,1.7196,0.0362,3.2924,4.273,0.0165,0.12,9.37,0.95,0.0,742.0,371,341,30,50,46,4,353.0,0.02,6.2e-05,31842.0,,,,
3568,8000,26974,1.71,-0.0009,3.3455,4.155,0.0092,0.08,9.11,0.96,0.0,680.0,346,311,23,51,46,3,386.0,0.02,6.2e-05,31846.0,,,,
3569,8000,26990,1.722,0.027,3.3146,4.11,0.014,0.11,5.91,0.96,0.0,703.0,386,301,16,55,43,2,373.0,0.03,6.2e-05,31856.0,,,,
3570,8000,27007,1.7815,0.0366,3.4144,4.101,0.0104,0.09,9.22,0.96,0.0,767.0,366,385,16,48,50,2,342.0,0.02,6.2e-05,31845.0,,,,
3571,8000,27023,1.7215,0.0231,3.3204,4.062,0.0113,0.1,9.51,0.96,0.0,744.0,338,403,3,45,54,0,352.0,0.01,6.2e-05,31851.0,,,,
3572,8000,27040,1.7291,0.0344,3.3133,4.13,0.0123,0.11,6.93,0.96,0.0,711.0,324,379,8,46,53,1,369.0,0.02,6.2e-05,31881.0,,,,
3573,8000,27056,1.7564,0.0384,3.3618,4.299,0.0138,0.1,9.91,0.96,0.0,765.0,344,414,7,45,54,1,343.0,0.02,6.2e-05,31896.0,,,,
3574,8000,27073,1.7772,0.0345,3.4104,4.268,0.0111,0.1,14.09,0.96,0.0,752.0,347,400,5,46,53,1,349.0,0.01,6.2e-05,31852.0,,,,
3575,8000,27089,1.8855,0.0262,3.6429,4.183,0.0086,0.07,26.17,0.95,0.0,792.0,387,394,11,49,50,1,331.0,0.01,6.2e-05,31851.0,,,,
3576,8000,27106,1.8139,0.0541,3.4436,4.212,0.0157,0.12,6.58,0.95,0.0,804.0,401,401,2,50,50,0,326.0,0.02,6.2e-05,31843.0,,,,
3577,8000,27122,1.8225,0.0766,3.4171,4.252,0.0149,0.12,4.84,0.95,0.0,816.0,408,393,15,50,48,2,321.0,0.01,6.2e-05,31843.0,,,,
3578,8000,27139,1.8046,0.0527,3.4271,4.129,0.0152,0.12,5.16,0.94,0.0,837.0,437,393,7,52,47,1,313.0,0.01,6.2e-05,31881.0,,,,
3579,8000,27155,1.808,0.0418,3.4556,4.083,0.0141,0.11,15.47,0.95,0.0,840.0,422,407,11,50,48,1,312.0,0.01,6.2e-05,31836.0,,,,
3580,8000,27172,1.8951,0.0564,3.6,3.969,0.0158,0.11,21.51,0.94,0.0,977.0,486,479,12,50,49,1,268.0,0.02,6.2e-05,31834.0,,,,
3581,8000,27189,1.8567,0.0399,3.5566,3.985,0.0143,0.12,5.65,0.92,0.0,930.0,454,463,13,49,50,1,282.0,0.02,6.2e-05,30680.0,,,,
3582,8000,27206,1.949,0.0325,3.7553,3.978,0.0138,0.11,27.5,0.91,0.0,975.0,461,496,18,47,51,2,269.0,0.02,6.2e-05,31823.0,,,,
3583,8000,27222,1.8962,0.0922,3.531,4.006,0.0152,0.11,7.46,0.92,0.0,959.0,476,477,6,50,50,1,273.0,0.03,6.2e-05,31859.0,,,,
3584,8000,27239,1.871,0.0752,3.5156,4.08,0.0158,0.12,6.99,0.92,0.0,979.0,476,484,19,49,49,2,268.0,0.03,6.2e-05,31885.0,,,,
3585,8000,27255,1.9366,0.0354,3.7238,3.833,0.0067,0.07,18.62,0.92,0.0,1004.0,551,449,4,55,45,0,261.0,0.03,6.2e-05,31827.0,,,,
3586,8000,27272,1.8953,0.0396,3.6329,3.777,0.0107,0.1,9.97,0.93,0.0,1019.0,522,490,7,51,48,1,257.0,0.02,6.2e-05,31888.0,,,,
3587,8000,27288,1.8866,0.062,3.5707,3.81,0.0107,0.1,9.16,0.94,0.0,902.0,494,402,6,55,45,1,291.0,0.01,6.1e-05,31864.0,,,,
3588,8000,27305,1.8687,0.0404,3.5772,3.773,0.0124,0.1,10.05,0.94,0.0,918.0,492,423,3,54,46,0,286.0,0.01,6.1e-05,31841.0,,,,
3589,8000,27321,1.8607,0.0328,3.5768,3.77,0.0125,0.11,8.13,0.94,0.0,948.0,490,457,1,52,48,0,277.0,0.01,6.1e-05,31838.0,,,,
3590,8000,27338,1.8367,0.0358,3.5226,3.749,0.0114,0.11,9.73,0.94,0.0,922.0,516,405,1,56,44,0,284.0,0.01,6.1e-05,31846.0,,,,
3591,8000,27354,1.8002,0.0255,3.4701,3.725,0.0113,0.1,7.87,0.94,0.0,884.0,488,388,8,55,44,1,297.0,0.01,6.1e-05,31865.0,,,,
3592,8000,27371,1.7754,0.0195,3.4317,3.694,0.0099,0.1,7.57,0.94,0.0,836.0,455,377,4,54,45,0,314.0,0.01,6.1e-05,31880.0,,,,
3593,8000,27387,1.7884,0.0199,3.4573,3.706,0.0108,0.1,11.42,0.95,0.0,828.0,445,378,5,54,46,1,317.0,0.02,6.1e-05,31837.0,,,,
3594,8000,27404,1.8166,0.0365,3.4794,3.627,0.0124,0.11,9.49,0.95,0.0,818.0,462,352,4,56,43,0,320.0,0.01,6.1e-05,31880.0,,,,
3595,8000,27420,1.7929,0.0325,3.4406,3.656,0.0099,0.1,9.12,0.95,0.0,785.0,411,366,8,52,47,1,334.0,0.01,6.1e-05,31825.0,,,,
3596,8000,27437,1.7883,0.0368,3.4247,3.871,0.0127,0.11,7.75,0.95,0.0,815.0,448,357,10,55,44,1,322.0,0.01,6.1e-05,31847.0,,,,
3597,8000,27453,1.7559,0.0231,3.3868,3.784,0.0125,0.11,8.03,0.95,0.0,730.0,393,317,20,54,43,3,359.0,0.02,6.1e-05,31829.0,,,,
3598,8000,27470,1.8018,0.0218,3.4827,3.844,0.0125,0.11,26.8,0.96,0.0,718.0,413,278,27,58,39,4,365.0,0.02,6.1e-05,31838.0,,,,
3599,8000,27487,1.7301,0.0214,3.3415,3.863,0.0163,0.13,11.77,0.96,0.0,711.0,372,309,30,52,43,4,369.0,0.02,6.1e-05,31824.0,131,1,380,26
3600,8000,27518,1.7831,0.0139,3.4645,3.794,0.0114,0.11,9.85,0.95,0.0,838.0,445,342,51,53,41,6,313.0,0.01,6.1e-05,31966.0,,,,
3601,8000,27535,1.8203,0.0207,3.5234,3.858,0.0162,0.13,4.53,0.93,0.0,877.0,405,443,29,46,51,3,299.0,0.01,6.1e-05,30641.0,,,,
3602,8000,27552,1.8365,0.0171,3.5637,3.882,0.0157,0.13,3.8,0.93,0.0,848.0,388,435,25,46,51,3,309.0,0.03,6.1e-05,31798.0,,,,
3603,8000,27568,1.8625,0.0114,3.6288,3.772,0.0136,0.11,4.59,0.92,0.0,993.0,423,541,29,43,54,3,264.0,0.03,6.1e-05,31777.0,,,,
3604,8000,27585,1.8347,-0.0281,3.6474,3.583,0.0108,0.1,5.71,0.92,0.0,988.0,435,534,19,44,54,2,265.0,0.03,6.1e-05,31888.0,,,,
3605,8000,27601,1.78,-0.0275,3.5351,3.704,0.0122,0.11,3.42,0.93,0.0,943.0,439,499,5,47,53,1,278.0,0.03,6.1e-05,31856.0,,,,
3606,8000,27618,1.8416,-0.0183,3.6392,3.678,0.011,0.1,18.18,0.93,0.0,948.0,432,506,10,46,53,1,277.0,0.03,6.1e-05,31886.0,,,,
3607,8000,27634,1.8547,-0.0212,3.6706,3.592,0.0104,0.1,23.42,0.93,0.0,953.0,469,482,2,49,51,0,275.0,0.02,6.1e-05,31805.0,,,,
3608,8000,27651,1.7629,-0.0241,3.4933,3.594,0.0112,0.1,4.68,0.93,0.0,894.0,438,450,6,49,50,1,293.0,0.03,6.1e-05,31809.0,,,,
3609,8000,27667,1.7834,-0.0101,3.5054,3.566,0.013,0.11,5.6,0.93,0.0,864.0,434,424,6,50,49,1,303.0,0.02,6.1e-05,31841.0,,,,
3610,8000,27684,1.7828,0.0001,3.4834,3.538,0.0103,0.09,7.9,0.93,0.0,830.0,374,452,4,45,54,0,316.0,0.03,6.1e-05,31832.0,,,,
3611,8000,27701,1.7656,-0.0128,3.4756,3.603,0.0113,0.1,7.39,0.93,0.0,833.0,399,432,2,48,52,0,315.0,0.03,6.1e-05,31822.0,,,,
3612,8000,27717,1.781,-0.0013,3.483,3.596,0.0089,0.08,9.34,0.94,0.0,803.0,355,444,4,44,55,0,326.0,0.01,6.1e-05,31809.0,,,,
3613,8000,27734,1.7726,0.0023,3.4579,3.481,0.0101,0.09,8.82,0.94,0.0,799.0,368,426,5,46,53,1,328.0,0.01,6.1e-05,31805.0,,,,
3614,8000,27750,1.7692,-0.0279,3.5111,3.42,0.0099,0.09,10.8,0.94,0.0,866.0,396,459,11,46,53,1,303.0,0.02,6.1e-05,31805.0,,,,
3615,8000,27767,1.817,-0.0039,3.5603,3.484,0.0103,0.09,19.42,0.95,0.0,874.0,412,443,19,47,51,2,300.0,0.02,6.1e-05,31809.0,,,,
3616,8000,27783,1.8123,0.0109,3.5197,3.315,0.0103,0.09,15.9,0.95,0.0,868.0,399,453,16,46,52,2,302.0,0.01,6.1e-05,31799.0,,,,
3617,8000,27800,1.7689,-0.0051,3.4664,3.423,0.0104,0.09,14.76,0.95,0.0,835.0,363,455,17,43,54,2,314.0,0.01,6.1e-05,31815.0,,,,
3618,8000,27816,1.7964,0.0241,3.4633,3.485,0.0101,0.08,29.21,0.95,0.0,790.0,363,414,13,46,52,2,332.0,0.01,6.1e-05,31860.0,,,,
3619,8000,27833,1.8696,0.0277,3.599,3.2,0.0049,0.05,44.16,0.95,0.0,835.0,371,440,24,44,53,3,314.0,0.01,6.1e-05,31802.0,,,,
3620,8000,27850,1.8157,-0.0053,3.5571,3.239,0.0049,0.05,27.11,0.96,0.0,814.0,379,414,21,47,51,3,322.0,0.01,6.1e-05,31835.0,,,,
3621,8000,27867,1.8553,0.0078,3.6114,3.358,0.0079,0.08,19.32,0.95,0.0,845.0,400,416,29,47,49,3,310.0,0.01,6.1e-05,30688.0,,,,
3622,8000,27883,1.8205,0.0301,3.4993,3.557,0.0139,0.11,13.09,0.95,0.0,806.0,359,420,27,45,52,3,325.0,0.01,6.1e-05,31821.0,,,,
3623,8000,27900,1.7848,0.0373,3.4123,3.553,0.0122,0.08,19.97,0.95,0.0,725.0,333,365,27,46,50,4,362.0,0.02,6.1e-05,31794.0,,,,
3624,8000,27916,1.7978,0.0199,3.4745,3.637,0.0107,0.09,17.46,0.95,0.0,852.0,417,416,19,49,49,2,308.0,0.03,6.1e-05,31822.0,,,,
3625,8000,27933,1.7799,0.0054,3.4684,3.633,0.0092,0.09,23.84,0.96,0.0,748.0,356,378,14,48,51,2,350.0,0.02,6.1e-05,31875.0,,,,
3626,8000,27949,1.791,0.0256,3.451,3.675,0.009,0.08,22.53,0.96,0.0,739.0,348,374,17,47,51,2,355.0,0.01,6.1e-05,31905.0,,,,
3627,8000,27966,1.7785,0.0094,3.4584,3.59,0.0077,0.07,17.17,0.96,0.0,779.0,348,408,23,45,52,3,337.0,0.01,6.1e-05,31847.0,,,,
3628,8000,27982,1.7691,0.0082,3.4413,3.478,0.0128,0.11,17.19,0.95,0.0,739.0,312,406,21,42,55,3,355.0,0.01,6.1e-05,31842.0,,,,
3629,8000,27999,1.7265,0.0037,3.3699,3.801,0.0095,0.09,18.01,0.96,0.0,754.0,336,388,30,45,51,4,348.0,0.01,6.1e-05,31837.0,,,,
3630,8000,28015,1.7158,0.0109,3.3345,3.94,0.0119,0.11,17.26,0.95,0.0,647.0,317,308,22,49,48,3,405.0,0.01,6.1e-05,31916.0,,,,
3631,8000,28032,1.7035,0.011,3.3142,3.982,0.0116,0.11,12.49,0.95,0.0,651.0,282,331,38,43,51,6,403.0,0.01,6.1e-05,31835.0,,,,
3632,8000,28048,1.7653,0.0239,3.4074,3.714,0.0134,0.12,12.77,0.95,0.0,701.0,307,363,31,44,52,4,374.0,0.01,6.1e-05,31911.0,,,,
3633,8000,28065,1.7667,0.0189,3.4216,3.776,0.0133,0.13,11.18,0.94,0.0,784.0,357,386,41,46,49,5,334.0,0.02,6.1e-05,31841.0,,,,
3634,8000,28081,1.7786,0.0063,3.4706,3.751,0.0121,0.11,9.53,0.94,0.0,808.0,358,405,45,44,50,6,324.0,0.04,6.1e-05,31897.0,,,,
3635,8000,28098,1.7831,0.0115,3.4673,3.78,0.014,0.13,8.45,0.93,0.0,832.0,317,488,27,38,59,3,315.0,0.03,6.1e-05,31843.0,,,,
3636,8000,28114,1.7557,0.006,3.4223,3.77,0.0132,0.12,5.72,0.93,0.0,812.0,364,430,18,45,53,2,323.0,0.01,6.1e-05,31897.0,,,,
3637,8000,28131,1.7673,0.0235,3.4114,3.901,0.014,0.12,5.76,0.94,0.0,824.0,344,459,21,42,56,3,318.0,0.01,6.1e-05,31912.0,,,,
3638,8000,28147,1.7395,0.0301,3.3446,4.086,0.0162,0.13,5.37,0.94,0.0,752.0,336,394,22,45,52,3,349.0,0.01,6.1e-05,31849.0,,,,
3639,8000,28164,1.6998,0.0245,3.2769,4.042,0.0143,0.11,5.21,0.95,0.0,748.0,323,389,36,43,52,5,350.0,0.01,6.1e-05,31920.0,,,,
3640,8000,28180,1.7341,0.0129,3.3683,3.902,0.0117,0.1,7.07,0.95,0.0,786.0,339,400,47,43,51,6,334.0,0.01,6.1e-05,31849.0,,,,
3641,8000,28198,1.7447,0.0078,3.4,4.047,0.0128,0.12,6.19,0.94,0.0,735.0,367,342,26,50,47,4,357.0,0.02,6e-05,30696.0,,,,
3642,8000,28214,1.7144,-0.0001,3.3568,4.32,0.0107,0.1,11.89,0.94,0.0,648.0,339,285,24,52,44,4,405.0,0.03,6e-05,31898.0,,,,
3643,8000,28231,1.7296,0.007,3.3734,4.283,0.0064,0.07,15.38,0.95,0.0,657.0,340,290,27,52,44,4,399.0,0.04,6e-05,31821.0,,,,
3644,8000,28247,1.7116,0.0195,3.3125,4.278,0.0104,0.09,8.62,0.94,0.0,652.0,345,283,24,53,43,4,402.0,0.04,6e-05,31841.0,,,,
3645,8000,28264,1.7027,0.0087,3.3172,4.255,0.0096,0.09,8.57,0.94,0.0,703.0,349,315,39,50,45,6,373.0,0.03,6e-05,31842.0,,,,
3646,8000,28280,1.7416,0.0118,3.387,4.231,0.0094,0.09,12.16,0.94,0.0,678.0,327,324,27,48,48,4,387.0,0.02,6e-05,31820.0,,,,
3647,8000,28297,1.7084,0.0286,3.2866,4.279,0.0103,0.1,5.92,0.94,0.0,654.0,323,315,16,49,48,2,401.0,0.02,6e-05,31818.0,,,,
3648,8000,28313,1.8028,0.0394,3.4537,4.213,0.012,0.1,6.87,0.93,0.0,777.0,379,370,28,49,48,4,337.0,0.03,6e-05,31811.0,,,,
3649,8000,28330,1.806,0.0396,3.4585,4.178,0.0114,0.1,4.15,0.94,0.0,828.0,399,415,14,48,50,2,317.0,0.03,6e-05,31824.0,156,1,355,30
3650,8000,28361,1.815,0.0303,3.494,4.054,0.0122,0.1,5.7,0.94,0.0,825.0,384,430,11,47,52,1,318.0,0.02,6e-05,31955.0,,,,
3651,8000,28378,1.8152,0.0285,3.4971,3.969,0.0116,0.1,5.95,0.94,0.0,860.0,420,435,5,49,51,1,305.0,0.02,6e-05,31849.0,,,,
3652,8000,28394,1.8439,0.03,3.5502,3.87,0.01,0.09,7.97,0.94,0.0,918.0,439,472,7,48,51,1,286.0,0.02,6e-05,31807.0,,,,
3653,8000,28411,1.7869,0.0008,3.4951,3.951,0.0089,0.08,8.3,0.94,0.0,830.0,382,441,7,46,53,1,316.0,0.02,6e-05,31817.0,,,,
3654,8000,28427,1.7918,0.0156,3.4759,4.039,0.0114,0.09,11.14,0.94,0.0,801.0,394,400,7,49,50,1,327.0,0.01,6e-05,31903.0,,,,
3655,8000,28444,1.7474,0.0096,3.3993,4.067,0.0102,0.09,7.01,0.94,0.0,750.0,345,398,7,46,53,1,350.0,0.01,6e-05,31813.0,,,,
3656,8000,28460,1.737,0.0177,3.3627,4.076,0.0098,0.09,22.56,0.95,0.0,667.0,314,343,10,47,51,1,393.0,0.01,6e-05,31885.0,,,,
3657,8000,28477,1.7293,-0.0012,3.3843,4.002,0.0115,0.1,13.83,0.94,0.0,727.0,373,347,7,51,48,1,361.0,0.01,6e-05,31822.0,,,,
3658,8000,28493,1.8031,0.0128,3.5031,3.854,0.0119,0.1,5.23,0.93,0.0,834.0,440,382,12,53,46,1,314.0,0.02,6e-05,31846.0,,,,
3659,8000,28510,1.7979,0.0328,3.4532,3.904,0.0124,0.11,4.05,0.93,0.0,895.0,478,408,9,53,46,1,293.0,0.01,6e-05,31841.0,,,,
3660,8000,28527,1.8138,0.0211,3.5076,3.873,0.0138,0.12,4.09,0.93,0.0,895.0,471,419,5,53,47,1,293.0,0.01,6e-05,31848.0,,,,
3661,8000,28544,1.7972,0.002,3.5142,4.085,0.0127,0.11,3.91,0.92,0.0,858.0,429,426,3,50,50,0,306.0,0.03,6e-05,30649.0,,,,
3662,8000,28560,1.7914,0.0119,3.4837,4.112,0.0117,0.1,4.2,0.92,0.0,814.0,444,360,10,55,44,1,322.0,0.04,6e-05,31776.0,,,,
3663,8000,28577,1.8287,0.0117,3.5579,4.096,0.0105,0.1,4.17,0.91,0.0,945.0,510,428,7,54,45,1,277.0,0.04,6e-05,31820.0,,,,
3664,8000,28593,1.8169,0.0157,3.5257,4.007,0.0108,0.09,4.62,0.92,0.0,908.0,489,409,10,54,45,1,289.0,0.03,6e-05,31786.0,,,,
3665,8000,28610,1.8187,0.0184,3.5252,4.145,0.0119,0.1,5.5,0.92,0.0,925.0,505,411,9,55,44,1,283.0,0.03,6e-05,31857.0,,,,
3666,8000,28626,1.7741,0.0148,3.4437,4.233,0.011,0.09,4.63,0.93,0.0,818.0,437,375,6,53,46,1,320.0,0.02,6e-05,31788.0,,,,
3667,8000,28643,1.7661,-0.0039,3.4648,4.184,0.0106,0.09,4.43,0.93,0.0,903.0,462,435,6,51,48,1,290.0,0.01,6e-05,31770.0,,,,
3668,8000,28660,1.7673,-0.007,3.4736,4.224,0.0093,0.08,5.18,0.93,0.0,892.0,457,430,5,51,48,1,294.0,0.02,6e-05,31800.0,,,,
3669,8000,28676,1.7918,0.0074,3.4952,4.36,0.0108,0.09,4.97,0.93,0.0,840.0,444,394,2,53,47,0,312.0,0.02,6e-05,31794.0,,,,
3670,8000,28693,1.7155,0.0085,3.3414,4.423,0.0119,0.09,3.41,0.94,0.0,755.0,403,346,6,53,46,1,347.0,0.03,6e-05,31796.0,,,,
3671,8000,28709,1.7825,0.0116,3.4668,4.25,0.0104,0.09,3.07,0.93,0.0,864.0,429,430,5,50,50,1,303.0,0.03,6e-05,31797.0,,,,
3672,8000,28726,1.7678,0.0002,3.4606,4.27,0.0088,0.08,12.33,0.94,0.0,820.0,417,398,5,51,49,1,320.0,0.04,6e-05,31765.0,,,,
3673,8000,28742,1.7336,0.0089,3.3753,4.283,0.011,0.09,3.81,0.94,0.0,828.0,406,415,7,49,50,1,317.0,0.04,6e-05,31782.0,,,,
3674,8000,28759,1.8111,0.0105,3.5269,4.211,0.014,0.11,3.7,0.93,0.0,966.0,458,503,5,47,52,1,271.0,0.04,6e-05,31794.0,,,,
3675,8000,28775,1.7994,0.0132,3.4978,4.168,0.0101,0.09,4.65,0.93,0.0,937.0,471,462,4,50,49,0,280.0,0.03,6e-05,31842.0,,,,
3676,8000,28792,1.7633,0.0107,3.4317,4.356,0.0114,0.1,3.29,0.93,0.0,809.0,396,410,3,49,51,0,324.0,0.02,6e-05,31766.0,,,,
3677,8000,28808,1.769,-0.0016,3.4679,4.349,0.0111,0.09,3.48,0.93,0.0,853.0,422,427,4,49,50,0,307.0,0.02,6e-05,31785.0,,,,
3678,8000,28825,1.7764,0.0113,3.4562,4.299,0.0108,0.09,3.71,0.93,0.0,844.0,400,444,0,47,53,0,311.0,0.02,6e-05,31791.0,,,,
3679,8000,28842,1.7642,0.0185,3.418,4.393,0.0081,0.08,4.34,0.93,0.0,841.0,409,430,2,49,51,0,312.0,0.02,6e-05,31797.0,,,,
3680,8000,28858,1.7765,0.027,3.4263,4.401,0.01,0.09,3.27,0.94,0.0,854.0,417,433,4,49,51,0,307.0,0.01,6e-05,31783.0,,,,
3681,8000,28875,1.8242,0.0229,3.5295,4.367,0.0104,0.09,3.72,0.91,0.0,878.0,493,383,2,56,44,0,299.0,0.02,6e-05,30720.0,,,,
3682,8000,28892,1.8168,0.0315,3.4979,4.395,0.0094,0.09,3.67,0.92,0.0,826.0,462,361,3,56,44,0,317.0,0.03,6e-05,31838.0,,,,
3683,8000,28908,1.8292,0.0303,3.5246,4.342,0.0101,0.09,3.38,0.9,0.0,857.0,475,381,1,55,44,0,306.0,0.03,6e-05,31845.0,,,,
3684,8000,28925,1.8744,0.0236,3.6271,4.213,0.0112,0.1,2.93,0.9,0.0,967.0,531,434,2,55,45,0,271.0,0.03,6e-05,31845.0,,,,
3685,8000,28941,1.8974,0.0243,3.6712,4.158,0.0112,0.1,3.29,0.89,0.0,1158.0,622,536,0,54,46,0,226.0,0.03,6e-05,31856.0,,,,
3686,8000,28958,1.913,0.0316,3.6878,4.175,0.0096,0.09,6.25,0.91,0.0,1099.0,622,477,0,57,43,0,239.0,0.03,6e-05,31817.0,,,,
3687,8000,28974,1.8881,0.0184,3.6631,4.001,0.0103,0.09,3.59,0.91,0.0,1187.0,639,547,1,54,46,0,221.0,0.04,6e-05,31805.0,,,,
3688,8000,28991,1.8621,0.0001,3.6475,3.98,0.0101,0.09,3.78,0.92,0.0,1145.0,592,552,1,52,48,0,229.0,0.02,6e-05,31842.0,,,,
3689,8000,29007,1.8872,0.0234,3.6501,3.878,0.0109,0.1,5.16,0.91,0.0,1162.0,565,595,2,49,51,0,226.0,0.02,6e-05,31842.0,,,,
3690,8000,29024,1.8611,0.0172,3.6102,3.876,0.0107,0.09,4.22,0.92,0.0,1096.0,531,564,1,48,51,0,239.0,0.03,6e-05,31829.0,,,,
3691,8000,29041,1.8689,0.0243,3.6107,3.773,0.011,0.1,4.89,0.92,0.0,1083.0,486,596,1,45,55,0,242.0,0.03,6e-05,31840.0,,,,
3692,8000,29057,1.8658,0.0195,3.614,3.78,0.0097,0.09,4.49,0.92,0.0,1021.0,505,514,2,49,50,0,257.0,0.03,6e-05,31834.0,,,,
3693,8000,29074,1.8495,0.0154,3.5908,3.908,0.0097,0.09,4.29,0.92,0.0,1025.0,516,504,5,50,49,0,256.0,0.02,6e-05,31834.0,,,,
3694,8000,29090,1.8619,0.0178,3.6097,3.796,0.0108,0.1,4.55,0.93,0.0,1067.0,563,502,2,53,47,0,246.0,0.02,6e-05,31821.0,,,,
3695,8000,29107,1.8551,0.0198,3.592,3.782,0.0115,0.1,3.92,0.93,0.0,1075.0,619,455,1,58,42,0,244.0,0.02,6e-05,31898.0,,,,
3696,8000,29123,1.8568,0.0147,3.6055,3.81,0.01,0.09,5.38,0.93,0.0,1024.0,570,453,1,56,44,0,256.0,0.03,5.9e-05,31843.0,,,,
3697,8000,29140,1.8188,0.0128,3.5334,3.808,0.0105,0.09,3.82,0.94,0.0,1051.0,553,494,4,53,47,0,249.0,0.02,5.9e-05,31831.0,,,,
3698,8000,29156,1.846,0.0174,3.5781,3.777,0.0117,0.09,4.45,0.93,0.0,1033.0,498,533,2,48,52,0,254.0,0.02,5.9e-05,31840.0,,,,
3699,8000,29173,1.8036,0.01,3.5086,3.825,0.0116,0.09,5.81,0.94,0.0,943.0,487,449,7,52,48,1,278.0,0.01,5.9e-05,31850.0,176,1,335,34
3700,8000,29204,1.8305,0.0318,3.5191,3.776,0.011,0.1,6.52,0.93,0.0,906.0,429,467,10,47,52,1,289.0,0.02,5.9e-05,31974.0,,,,
3701,8000,29221,1.8807,0.0266,3.6303,3.835,0.0105,0.09,5.06,0.91,0.0,967.0,477,475,15,49,49,2,271.0,0.02,5.9e-05,30686.0,,,,
3702,8000,29238,1.8567,0.0445,3.5472,3.85,0.0109,0.1,4.7,0.91,0.0,898.0,431,447,20,48,50,2,292.0,0.02,5.9e-05,31849.0,,,,
3703,8000,29254,1.871,0.0396,3.5863,3.83,0.0113,0.1,5.4,0.9,0.0,945.0,437,490,18,46,52,2,277.0,0.02,5.9e-05,31832.0,,,,
3704,8000,29271,1.8931,0.0358,3.6372,3.831,0.0098,0.09,6.34,0.9,0.0,946.0,442,495,9,47,52,1,277.0,0.01,5.9e-05,31833.0,,,,
3705,8000,29287,1.8552,0.0381,3.5567,3.913,0.0116,0.1,7.84,0.92,0.0,966.0,478,485,3,49,50,0,271.0,0.01,5.9e-05,31847.0,,,,
3706,8000,29304,1.8205,0.0308,3.5022,3.969,0.0116,0.1,3.86,0.92,0.0,899.0,444,454,1,49,51,0,292.0,0.01,5.9e-05,31848.0,,,,
3707,8000,29321,1.8409,0.045,3.517,4.079,0.0115,0.09,5.21,0.92,0.0,875.0,417,450,8,48,51,1,300.0,0.01,5.9e-05,31832.0,,,,
3708,8000,29337,1.7967,0.0455,3.4287,4.146,0.0113,0.09,4.23,0.93,0.0,827.0,381,434,12,46,52,1,317.0,0.02,5.9e-05,31889.0,,,,
3709,8000,29354,1.8197,0.0447,3.4761,4.184,0.0101,0.08,7.9,0.93,0.0,906.0,465,430,11,51,47,1,289.0,0.02,5.9e-05,31811.0,,,,
3710,8000,29370,1.8275,0.0236,3.5325,4.066,0.0107,0.09,5.47,0.93,0.0,952.0,490,454,8,51,48,1,275.0,0.02,5.9e-05,31828.0,,,,
3711,8000,29387,1.836,0.0321,3.532,4.112,0.0107,0.08,5.25,0.93,0.0,974.0,508,459,7,52,47,1,269.0,0.01,5.9e-05,31845.0,,,,
3712,8000,29403,1.814,0.0223,3.5067,4.066,0.0109,0.09,9.84,0.94,0.0,855.0,437,416,2,51,49,0,307.0,0.01,5.9e-05,31848.0,,,,
3713,8000,29420,1.7821,0.0066,3.4746,4.119,0.0065,0.06,11.25,0.94,0.0,848.0,418,429,1,49,51,0,309.0,0.01,5.9e-05,31844.0,,,,
3714,8000,29436,1.7993,0.0126,3.4969,4.09,0.0115,0.09,5.49,0.94,0.0,948.0,484,459,5,51,48,1,277.0,0.02,5.9e-05,31832.0,,,,
3715,8000,29453,1.8342,0.0108,3.5704,4.064,0.0115,0.09,6.6,0.93,0.0,1022.0,491,525,6,48,51,1,257.0,0.03,5.9e-05,31835.0,,,,
3716,8000,29469,1.8052,0.0094,3.5145,3.998,0.0124,0.1,5.68,0.94,0.0,972.0,462,505,5,48,52,1,270.0,0.02,5.9e-05,31838.0,,,,
3717,8000,29486,1.7661,0.0099,3.4371,4.202,0.0124,0.09,4.5,0.94,0.0,931.0,440,484,7,47,52,1,282.0,0.02,5.9e-05,31834.0,,,,
3718,8000,29502,1.7768,0.0151,3.447,4.089,0.0098,0.08,6.12,0.94,0.0,902.0,443,453,6,49,50,1,291.0,0.02,5.9e-05,31891.0,,,,
3719,8000,29519,1.8113,0.0117,3.5226,4.094,0.0105,0.09,16.71,0.94,0.0,911.0,443,457,11,49,50,1,288.0,0.01,5.9e-05,31828.0,,,,
3720,8000,29535,1.8026,0.0183,3.4925,4.136,0.0109,0.09,6.23,0.95,0.0,986.0,462,517,7,47,52,1,266.0,0.01,5.9e-05,31815.0,,,,
3721,8000,29553,1.8986,0.0511,3.6185,4.047,0.0111,0.09,7.26,0.93,0.0,1001.0,497,495,9,50,49,1,262.0,0.02,5.9e-05,30714.0,,,,
3722,8000,29569,1.849,0.022,3.5772,4.077,0.0118,0.09,16.13,0.94,0.0,834.0,371,459,4,44,55,0,314.0,0.02,5.9e-05,31791.0,,,,
3723,8000,29586,1.7764,0.0138,3.4478,4.029,0.0123,0.1,6.73,0.94,0.0,779.0,340,437,2,44,56,0,337.0,0.03,5.9e-05,31800.0,,,,
3724,8000,29602,1.8015,0.0072,3.5106,3.914,0.0123,0.1,9.29,0.94,0.0,847.0,369,477,1,44,56,0,309.0,0.02,5.9e-05,31839.0,,,,
3725,8000,29619,1.7369,0.0044,3.3878,4.005,0.0123,0.09,8.9,0.94,0.0,820.0,380,434,6,46,53,1,320.0,0.01,5.9e-05,31843.0,,,,
3726,8000,29635,1.7585,-0.0214,3.4819,3.984,0.0071,0.06,22.96,0.95,0.0,759.0,365,388,6,48,51,1,345.0,0.02,5.9e-05,31844.0,,,,
3727,8000,29652,1.7158,0.0106,3.3343,4.142,0.0112,0.09,6.89,0.95,0.0,724.0,355,363,6,49,50,1,362.0,0.02,5.9e-05,31837.0,,,,
3728,8000,29668,1.6993,0.0019,3.3191,4.136,0.0122,0.1,4.16,0.94,0.0,746.0,350,384,12,47,51,2,351.0,0.02,5.9e-05,31897.0,,,,
3729,8000,29685,1.6836,0.0038,3.285,4.257,0.0112,0.09,4.32,0.95,0.0,721.0,359,352,10,50,49,1,364.0,0.02,5.9e-05,31853.0,,,,
3730,8000,29701,1.7084,0.0051,3.3318,4.254,0.0156,0.1,4.42,0.95,0.0,729.0,371,340,18,51,47,2,360.0,0.02,5.9e-05,31891.0,,,,
3731,8000,29718,1.7152,0.0163,3.3223,4.216,0.0129,0.09,4.12,0.95,0.0,731.0,328,393,10,45,54,1,359.0,0.01,5.9e-05,31850.0,,,,
3732,8000,29735,1.7578,-0.0051,3.4494,4.113,0.0121,0.09,31.96,0.95,0.0,692.0,389,292,11,56,42,2,379.0,0.0,5.9e-05,31856.0,,,,
3733,8000,29751,1.6869,0.0049,3.2887,4.255,0.011,0.09,4.46,0.95,0.0,659.0,323,320,16,49,49,2,398.0,0.0,5.9e-05,31842.0,,,,
3734,8000,29768,1.7654,0.0188,3.4184,4.22,0.013,0.1,13.43,0.94,0.0,716.0,347,347,22,48,48,3,366.0,0.01,5.9e-05,31839.0,,,,
3735,8000,29784,1.8372,0.0157,3.5667,4.086,0.0058,0.05,45.7,0.95,0.0,675.0,344,315,16,51,47,2,388.0,0.01,5.9e-05,31846.0,,,,
3736,8000,29801,1.769,0.0088,3.444,4.077,0.0062,0.06,13.69,0.95,0.0,760.0,383,361,16,50,48,2,345.0,0.01,5.9e-05,31838.0,,,,
3737,8000,29817,1.7615,0.005,3.4361,4.062,0.0064,0.06,11.43,0.95,0.0,758.0,370,375,13,49,49,2,346.0,0.01,5.9e-05,31855.0,,,,
3738,8000,29834,1.7741,0.0194,3.4331,4.114,0.0098,0.08,11.33,0.95,0.0,751.0,401,336,14,53,45,2,349.0,0.0,5.9e-05,31897.0,,,,
3739,8000,29850,1.7724,0.0309,3.4066,4.12,0.0125,0.1,9.1,0.95,0.0,789.0,401,378,10,51,48,1,332.0,0.01,5.9e-05,31843.0,,,,
3740,8000,29867,1.7604,0.0326,3.3783,4.013,0.0114,0.09,6.28,0.95,0.0,764.0,368,388,8,48,51,1,343.0,0.0,5.9e-05,31831.0,,,,
3741,8000,29884,1.836,0.052,3.4907,4.011,0.0121,0.09,10.61,0.93,0.0,762.0,351,396,15,46,52,2,344.0,0.01,5.9e-05,30685.0,,,,
3742,8000,29900,1.7868,0.0416,3.4131,3.993,0.013,0.1,8.13,0.94,0.0,723.0,355,350,18,49,48,2,363.0,0.01,5.9e-05,31838.0,,,,
3743,8000,29917,1.7754,0.047,3.3803,4.078,0.012,0.1,6.59,0.94,0.0,761.0,368,379,14,48,50,2,344.0,0.01,5.9e-05,31821.0,,,,
3744,8000,29933,1.7832,0.0443,3.4014,4.071,0.0123,0.1,11.3,0.94,0.0,711.0,321,376,14,45,53,2,369.0,0.02,5.9e-05,31825.0,,,,
3745,8000,29950,1.7956,0.0347,3.4448,3.98,0.0108,0.1,13.02,0.94,0.0,753.0,358,379,16,48,50,2,348.0,0.02,5.9e-05,31830.0,,,,
3746,8000,29967,1.7776,0.0404,3.3975,3.997,0.0109,0.09,8.03,0.95,0.0,787.0,379,399,9,48,51,1,333.0,0.01,5.9e-05,31868.0,,,,
3747,8000,29983,1.7921,0.0314,3.444,3.899,0.0124,0.1,7.45,0.94,0.0,809.0,395,393,21,49,49,3,324.0,0.02,5.9e-05,31850.0,,,,
3748,8000,30000,1.7734,0.021,3.4275,3.89,0.0096,0.08,11.85,0.95,0.0,790.0,347,420,23,44,53,3,332.0,0.01,5.9e-05,31821.0,,,,
3749,8000,30016,1.7811,0.026,3.4331,3.955,0.0147,0.1,23.26,0.96,0.0,753.0,342,395,16,45,52,2,348.0,0.01,5.9e-05,31839.0,180,1,331,35
3750,8000,30048,1.7387,0.01,3.3809,3.996,0.0116,0.09,12.65,0.96,0.0,727.0,310,388,29,43,53,4,361.0,0.01,5.9e-05,31979.0,,,,
3751,8000,30064,1.729,0.0195,3.3423,3.969,0.0174,0.11,17.69,0.96,0.0,678.0,301,351,26,44,52,4,387.0,0.01,5.9e-05,31841.0,,,,
3752,8000,30081,1.6799,0.0063,3.2705,3.973,0.0146,0.1,6.12,0.96,0.0,654.0,280,345,29,43,53,4,401.0,0.01,5.9e-05,31841.0,,,,
3753,8000,30097,1.7523,0.0071,3.4134,3.942,0.0083,0.07,16.8,0.96,0.0,686.0,319,341,26,47,50,4,382.0,0.02,5.8e-05,31819.0,,,,
3754,8000,30114,1.7214,0.0003,3.3646,3.818,0.0122,0.11,9.38,0.96,0.0,725.0,347,348,30,48,48,4,362.0,0.01,5.8e-05,31832.0,,,,
3755,8000,30130,1.7611,0.0072,3.4311,3.747,0.0152,0.11,12.48,0.95,0.0,766.0,362,369,35,47,48,5,342.0,0.01,5.8e-05,31846.0,,,,
3756,8000,30147,1.7989,0.013,3.4937,3.787,0.0145,0.11,7.06,0.95,0.0,861.0,399,439,23,46,51,3,304.0,0.01,5.8e-05,31889.0,,,,
3757,8000,30163,1.8316,0.0205,3.543,3.741,0.0144,0.1,22.72,0.95,0.0,854.0,418,419,17,49,49,2,307.0,0.01,5.8e-05,31827.0,,,,
3758,8000,30180,1.7987,-0.0103,3.5385,3.681,0.0084,0.07,20.55,0.96,0.0,816.0,395,400,21,48,49,3,321.0,0.01,5.8e-05,31811.0,,,,
3759,8000,30196,1.7307,-0.0142,3.4115,3.818,0.0123,0.09,9.57,0.96,0.0,790.0,395,377,18,50,48,2,332.0,0.02,5.8e-05,31829.0,,,,
3760,8000,30213,1.7095,-0.0041,3.3493,3.799,0.0131,0.1,10.43,0.96,0.0,713.0,370,324,19,52,45,3,368.0,0.02,5.8e-05,31831.0,,,,
3761,8000,30230,1.7647,-0.0036,3.4589,3.762,0.0096,0.08,15.06,0.95,0.0,746.0,327,391,28,44,52,4,351.0,0.01,5.8e-05,30751.0,,,,
3762,8000,30246,1.7697,0.0094,3.4414,3.681,0.0102,0.09,17.28,0.95,0.0,689.0,304,363,22,44,53,3,380.0,0.01,5.8e-05,31885.0,,,,
3763,8000,30263,1.7619,0.0102,3.4271,3.804,0.0119,0.1,19.09,0.95,0.0,737.0,346,356,35,47,48,5,356.0,0.02,5.8e-05,31837.0,,,,
3764,8000,30279,1.7384,0.0118,3.3766,3.755,0.0181,0.13,6.69,0.95,0.0,749.0,382,326,41,51,44,5,350.0,0.03,5.8e-05,31892.0,,,,
3765,8000,30296,1.7718,0.0215,3.4239,3.739,0.0183,0.13,4.01,0.94,0.0,836.0,401,403,32,48,48,4,314.0,0.04,5.8e-05,31840.0,,,,
3766,8000,30312,1.7982,0.0194,3.479,3.667,0.0154,0.12,10.36,0.94,0.0,834.0,398,408,28,48,49,3,314.0,0.02,5.8e-05,31896.0,,,,
3767,8000,30329,1.8505,0.021,3.5804,3.66,0.007,0.07,16.75,0.94,0.0,871.0,436,406,29,50,47,3,301.0,0.01,5.8e-05,31822.0,,,,
3768,8000,30346,1.828,0.0126,3.5513,3.582,0.0126,0.11,14.05,0.94,0.0,912.0,484,412,16,53,45,2,287.0,0.02,5.8e-05,31853.0,,,,
3769,8000,30362,1.8179,0.0376,3.4821,3.67,0.0116,0.1,5.81,0.95,0.0,848.0,425,411,12,50,48,1,309.0,0.01,5.8e-05,31842.0,,,,
3770,8000,30379,1.826,0.0377,3.4975,3.611,0.0156,0.12,9.0,0.95,0.0,872.0,444,417,11,51,48,1,301.0,0.01,5.8e-05,31890.0,,,,
3771,8000,30395,1.8133,0.0309,3.4849,3.619,0.0174,0.13,3.84,0.94,0.0,902.0,434,454,14,48,50,2,291.0,0.01,5.8e-05,31833.0,,,,
3772,8000,30412,1.7944,0.0212,3.4665,3.575,0.0132,0.1,6.24,0.95,0.0,873.0,451,402,20,52,46,2,300.0,0.01,5.8e-05,31837.0,,,,
3773,8000,30428,1.8303,0.0274,3.5263,3.499,0.0126,0.1,12.64,0.94,0.0,892.0,466,399,27,52,45,3,294.0,0.01,5.8e-05,31840.0,,,,
3774,8000,30445,1.7975,0.0318,3.4507,3.508,0.0123,0.11,5.79,0.95,0.0,823.0,426,384,13,52,47,2,319.0,0.0,5.8e-05,31848.0,,,,
3775,8000,30461,1.7552,0.0348,3.3623,3.594,0.012,0.1,5.03,0.95,0.0,740.0,391,329,20,53,44,3,354.0,0.01,5.8e-05,31838.0,,,,
3776,8000,30478,1.7596,0.0313,3.3795,3.799,0.0135,0.11,10.15,0.95,0.0,770.0,407,338,25,53,44,3,340.0,0.01,5.8e-05,31888.0,,,,
3777,8000,30494,1.7667,0.0395,3.378,3.767,0.0105,0.1,10.39,0.95,0.0,761.0,388,343,30,51,45,4,344.0,0.0,5.8e-05,31869.0,,,,
3778,8000,30511,1.7695,0.0451,3.3716,3.825,0.0132,0.11,21.63,0.96,0.0,667.0,319,314,34,48,47,5,393.0,0.01,5.8e-05,31911.0,,,,
3779,8000,30527,1.7711,0.0409,3.3847,3.905,0.0104,0.09,16.78,0.96,0.0,621.0,313,267,41,50,43,7,422.0,0.01,5.8e-05,31852.0,,,,
3780,8000,30544,1.7202,0.0345,3.297,4.017,0.009,0.08,7.67,0.96,0.0,639.0,311,296,32,49,46,5,410.0,0.02,5.8e-05,31890.0,,,,
3781,8000,30561,1.6987,0.021,3.2849,4.02,0.0111,0.09,7.56,0.95,0.0,608.0,287,274,47,47,45,8,431.0,0.02,5.8e-05,30696.0,,,,
3782,8000,30577,1.6676,0.0226,3.218,4.04,0.0137,0.1,6.06,0.95,0.0,607.0,269,281,57,44,46,9,432.0,0.0,5.8e-05,31828.0,,,,
3783,8000,30594,1.7058,0.0168,3.3048,3.986,0.0122,0.09,35.4,0.96,0.0,589.0,249,292,48,42,50,8,445.0,0.0,5.8e-05,31831.0,,,,
3784,8000,30611,1.6088,0.017,3.1131,4.143,0.014,0.09,13.55,0.96,0.0,528.0,226,245,57,43,46,11,496.0,0.0,5.8e-05,31839.0,,,,
3785,8000,30627,1.6578,0.013,3.2194,4.133,0.0084,0.07,12.86,0.96,0.0,545.0,238,250,57,44,46,10,481.0,0.0,5.8e-05,31824.0,,,,
3786,8000,30644,1.6901,0.0158,3.275,4.135,0.0069,0.05,26.98,0.95,0.0,587.0,263,274,50,45,47,9,447.0,0.01,5.8e-05,31894.0,,,,
3787,8000,30660,1.7079,0.0183,3.3101,4.154,0.0051,0.05,32.04,0.96,0.0,611.0,249,296,66,41,48,11,429.0,0.0,5.8e-05,31888.0,,,,
3788,8000,30677,1.6994,0.0202,3.2864,4.177,0.0099,0.08,11.95,0.96,0.0,632.0,307,284,41,49,45,6,415.0,0.01,5.8e-05,31894.0,,,,
3789,8000,30693,1.7232,0.0123,3.3493,4.194,0.0109,0.09,25.33,0.95,0.0,637.0,332,270,35,52,42,5,412.0,0.0,5.8e-05,31814.0,,,,
3790,8000,30710,1.7576,0.0191,3.4054,4.106,0.0119,0.09,20.22,0.95,0.0,670.0,282,336,52,42,50,8,391.0,0.01,5.8e-05,31833.0,,,,
3791,8000,30726,1.7527,0.0179,3.3944,4.086,0.0137,0.1,16.35,0.96,0.0,663.0,319,314,30,48,47,5,395.0,0.02,5.8e-05,31845.0,,,,
3792,8000,30743,1.7734,0.0258,3.4189,3.893,0.0112,0.09,10.28,0.95,0.0,743.0,374,338,31,50,45,4,353.0,0.01,5.8e-05,31831.0,,,,
3793,8000,30759,1.7529,0.0244,3.3816,3.965,0.0136,0.11,9.24,0.95,0.0,715.0,354,342,19,50,48,3,367.0,0.01,5.8e-05,31828.0,,,,
3794,8000,30776,1.7571,0.0244,3.3909,4.079,0.0129,0.11,16.32,0.95,0.0,691.0,347,322,22,50,47,3,379.0,0.01,5.8e-05,31834.0,,,,
3795,8000,30792,1.7841,0.0276,3.439,4.042,0.0126,0.1,16.28,0.95,0.0,758.0,352,373,33,46,49,4,346.0,0.03,5.8e-05,31819.0,,,,
3796,8000,30809,1.7685,0.0412,3.381,4.059,0.0177,0.12,4.2,0.94,0.0,808.0,394,379,35,49,47,4,324.0,0.02,5.8e-05,31840.0,,,,
3797,8000,30825,1.7909,0.0413,3.4238,3.987,0.0178,0.14,4.05,0.95,0.0,839.0,360,463,16,43,55,2,312.0,0.02,5.8e-05,31820.0,,,,
3798,8000,30842,1.7939,0.0368,3.4396,3.978,0.017,0.13,3.75,0.94,0.0,893.0,406,466,21,45,52,2,294.0,0.03,5.8e-05,31847.0,,,,
3799,8000,30859,1.7753,0.0281,3.4178,3.943,0.0125,0.1,4.31,0.95,0.0,926.0,411,504,11,44,54,1,283.0,0.02,5.8e-05,31832.0,167,4,341,33
3800,8000,30890,1.8174,0.0266,3.5057,3.991,0.0128,0.1,14.48,0.94,0.0,905.0,402,490,13,44,54,1,290.0,0.0,5.8e-05,31965.0,,,,
3801,8000,30907,1.8476,0.0497,3.5208,3.991,0.0108,0.09,5.72,0.94,0.0,795.0,342,436,17,43,55,2,330.0,0.01,5.8e-05,30725.0,,,,
3802,8000,30924,1.7679,0.0462,3.3684,4.044,0.0112,0.1,6.71,0.95,0.0,647.0,325,309,13,50,48,2,405.0,0.03,5.8e-05,31830.0,,,,
3803,8000,30940,1.7051,0.0328,3.271,4.191,0.0074,0.07,8.9,0.96,0.0,563.0,252,291,20,45,52,4,466.0,0.06,5.8e-05,31842.0,,,,
3804,8000,30957,1.7133,0.0316,3.2905,4.165,0.0105,0.09,6.41,0.95,0.0,593.0,285,286,22,48,48,4,442.0,0.07,5.8e-05,31841.0,,,,
3805,8000,30973,1.8023,0.0314,3.4684,4.062,0.011,0.09,9.42,0.94,0.0,735.0,356,325,54,48,44,7,357.0,0.04,5.8e-05,31825.0,,,,
3806,8000,30990,1.7625,0.0422,3.367,4.112,0.0125,0.1,4.35,0.94,0.0,724.0,357,333,34,49,46,5,362.0,0.03,5.8e-05,31841.0,,,,
3807,8000,31006,1.7695,0.0382,3.3875,4.066,0.0115,0.09,6.88,0.95,0.0,723.0,356,339,28,49,47,4,363.0,0.03,5.8e-05,31843.0,,,,
3808,8000,31023,1.7513,0.03,3.3686,4.123,0.0106,0.08,6.17,0.95,0.0,707.0,356,334,17,50,47,2,371.0,0.03,5.8e-05,31847.0,,,,
3809,8000,31039,1.7743,0.0345,3.4064,4.066,0.0099,0.09,10.2,0.95,0.0,693.0,347,316,30,50,46,4,378.0,0.02,5.8e-05,31841.0,,,,
3810,8000,31056,1.7635,0.037,3.3797,4.107,0.0112,0.09,11.66,0.95,0.0,672.0,359,283,30,53,42,4,390.0,0.02,5.8e-05,31853.0,,,,
3811,8000,31073,1.74,0.0456,3.315,4.043,0.0117,0.09,6.71,0.95,0.0,692.0,313,348,31,45,50,4,379.0,0.02,5.8e-05,31856.0,,,,
3812,8000,31089,1.7296,0.0297,3.3245,4.017,0.0111,0.09,5.14,0.95,0.0,669.0,325,306,38,49,46,6,392.0,0.03,5.8e-05,31832.0,,,,
3813,8000,31106,1.7614,0.0326,3.3826,3.977,0.0097,0.08,9.28,0.95,0.0,706.0,369,303,34,52,43,5,371.0,0.02,5.7e-05,31848.0,,,,
3814,8000,31122,1.7785,0.0355,3.4117,4.05,0.0111,0.09,7.63,0.95,0.0,725.0,374,310,41,52,43,6,362.0,0.01,5.7e-05,31820.0,,,,
3815,8000,31139,1.7428,0.0258,3.3592,4.011,0.0105,0.09,11.05,0.95,0.0,737.0,366,338,33,50,46,4,356.0,0.02,5.7e-05,31844.0,,,,
3816,8000,31155,1.7468,0.0335,3.3517,4.062,0.0084,0.07,11.37,0.95,0.0,693.0,365,301,27,53,43,4,378.0,0.02,5.7e-05,31847.0,,,,
3817,8000,31172,1.7581,0.0356,3.3702,4.103,0.0116,0.09,5.87,0.95,0.0,742.0,395,321,26,53,43,4,353.0,0.02,5.7e-05,31853.0,,,,
3818,8000,31188,1.7821,0.0297,3.4306,4.117,0.0126,0.1,17.16,0.95,0.0,737.0,337,356,44,46,48,6,356.0,0.01,5.7e-05,31861.0,,,,
3819,8000,31205,1.7432,0.021,3.3686,4.05,0.0122,0.1,11.85,0.95,0.0,711.0,351,324,36,49,46,5,369.0,0.01,5.7e-05,31898.0,,,,
3820,8000,31221,1.7622,0.0307,3.3863,3.995,0.0142,0.1,5.88,0.94,0.0,762.0,424,310,28,56,41,4,344.0,0.01,5.7e-05,31898.0,,,,
3821,8000,31238,1.7332,-0.0037,3.4004,4.202,0.0122,0.1,7.92,0.93,0.0,789.0,386,369,34,49,47,4,332.0,0.01,5.7e-05,30767.0,,,,
3822,8000,31255,1.7011,-0.0117,3.3542,4.419,0.0111,0.08,6.09,0.93,0.0,713.0,355,323,35,50,45,5,368.0,0.02,5.7e-05,31844.0,,,,
3823,8000,31271,1.7352,-0.0041,3.4071,4.493,0.0075,0.07,23.06,0.93,0.0,619.0,309,287,23,50,46,4,423.0,0.03,5.7e-05,31836.0,,,,
3824,8000,31288,1.7347,0.0147,3.3671,4.279,0.0113,0.09,8.43,0.92,0.0,667.0,316,322,29,47,48,4,393.0,0.02,5.7e-05,31894.0,,,,
3825,8000,31304,1.7464,0.0061,3.4068,4.126,0.0116,0.09,6.85,0.93,0.0,714.0,377,300,37,53,42,5,367.0,0.04,5.7e-05,31894.0,,,,
3826,8000,31321,1.7263,0.0067,3.3654,4.146,0.0116,0.1,4.23,0.93,0.0,687.0,330,325,32,48,47,5,382.0,0.05,5.7e-05,31842.0,,,,
3827,8000,31337,1.7313,0.0149,3.3604,4.24,0.011,0.1,4.02,0.93,0.0,697.0,385,288,24,55,41,3,376.0,0.03,5.7e-05,31897.0,,,,
3828,8000,31354,1.717,0.0111,3.3389,4.247,0.0121,0.1,5.64,0.93,0.0,706.0,376,310,20,53,44,3,371.0,0.01,5.7e-05,31837.0,,,,
3829,8000,31371,1.6714,-0.0015,3.2729,4.23,0.0121,0.1,3.51,0.93,0.0,665.0,342,303,20,51,46,3,394.0,0.02,5.7e-05,31845.0,,,,
3830,8000,31387,1.7125,-0.005,3.3613,4.199,0.0118,0.1,4.35,0.93,0.0,679.0,328,320,31,48,47,5,386.0,0.02,5.7e-05,31827.0,,,,
3831,8000,31404,1.7501,-0.0042,3.4333,4.001,0.0111,0.1,4.4,0.93,0.0,791.0,419,354,18,53,45,2,331.0,0.02,5.7e-05,31825.0,,,,
3832,8000,31420,1.7738,-0.0118,3.4947,3.979,0.0101,0.09,4.94,0.93,0.0,828.0,415,405,8,50,49,1,317.0,0.02,5.7e-05,31831.0,,,,
3833,8000,31437,1.7497,-0.012,3.4474,4.016,0.0098,0.09,6.15,0.94,0.0,822.0,411,405,6,50,49,1,319.0,0.02,5.7e-05,31900.0,,,,
3834,8000,31453,1.7828,-0.0014,3.4924,3.953,0.012,0.1,3.16,0.93,0.0,928.0,479,441,8,52,48,1,282.0,0.02,5.7e-05,31830.0,,,,
3835,8000,31470,1.8016,0.0048,3.5172,3.911,0.0124,0.11,3.29,0.93,0.0,939.0,510,420,9,54,45,1,279.0,0.02,5.7e-05,31853.0,,,,
3836,8000,31486,1.7916,0.0101,3.4862,3.9,0.0103,0.09,4.72,0.94,0.0,792.0,415,370,7,52,47,1,331.0,0.02,5.7e-05,31814.0,,,,
3837,8000,31503,1.7799,0.0057,3.4718,3.824,0.0119,0.11,4.0,0.93,0.0,825.0,416,403,6,50,49,1,318.0,0.02,5.7e-05,31845.0,,,,
3838,8000,31519,1.821,0.002,3.5605,3.693,0.0129,0.12,3.11,0.93,0.0,954.0,515,428,11,54,45,1,275.0,0.01,5.7e-05,31841.0,,,,
3839,8000,31536,1.814,0.004,3.5418,3.639,0.0123,0.11,3.06,0.94,0.0,1023.0,547,462,14,53,45,1,256.0,0.01,5.7e-05,31829.0,,,,
3840,8000,31552,1.8443,-0.0013,3.6123,3.514,0.0115,0.11,3.08,0.94,0.0,1063.0,581,474,8,55,45,1,247.0,0.01,5.7e-05,31818.0,,,,
3841,8000,31570,1.8505,-0.0073,3.6376,3.728,0.0121,0.11,2.77,0.92,0.0,1061.0,542,518,1,51,49,0,247.0,0.02,5.7e-05,30733.0,,,,
3842,8000,31586,1.8427,-0.0019,3.6124,3.849,0.0108,0.1,4.33,0.93,0.0,1057.0,499,554,4,47,52,0,248.0,0.02,5.7e-05,31851.0,,,,
3843,8000,31603,1.8796,0.0042,3.6729,3.758,0.0118,0.1,2.79,0.92,0.0,1087.0,541,546,0,50,50,0,241.0,0.03,5.7e-05,31851.0,,,,
3844,8000,31619,1.8323,-0.0099,3.6072,3.856,0.0104,0.09,4.13,0.92,0.0,1028.0,521,507,0,51,49,0,255.0,0.03,5.7e-05,31822.0,,,,
3845,8000,31636,1.851,-0.0023,3.6295,3.866,0.0095,0.09,4.59,0.92,0.0,1072.0,576,492,4,54,46,0,245.0,0.02,5.7e-05,31904.0,,,,
3846,8000,31652,1.8231,0.0224,3.5256,4.025,0.0109,0.09,3.2,0.93,0.0,983.0,531,448,4,54,46,0,267.0,0.02,5.7e-05,31821.0,,,,
3847,8000,31669,1.8082,0.0079,3.5241,3.977,0.0096,0.09,3.79,0.93,0.0,915.0,513,399,3,56,44,0,286.0,0.01,5.7e-05,31829.0,,,,
3848,8000,31685,1.8118,0.0147,3.5173,3.941,0.0113,0.1,3.89,0.93,0.0,877.0,481,392,4,55,45,0,299.0,0.01,5.7e-05,31834.0,,,,
3849,8000,31702,1.8369,0.0163,3.5645,4.023,0.01,0.08,14.99,0.94,0.0,881.0,473,400,8,54,45,1,298.0,0.02,5.7e-05,31889.0,205,0,307,40
3850,8000,31733,1.7728,0.013,3.4437,4.049,0.0116,0.09,5.12,0.94,0.0,859.0,430,414,15,50,48,2,305.0,0.02,5.7e-05,32036.0,,,,
3851,8000,31750,1.8104,0.0174,3.5098,3.999,0.008,0.07,9.83,0.94,0.0,848.0,449,392,7,53,46,1,309.0,0.02,5.7e-05,31845.0,,,,
3852,8000,31766,1.7735,0.0099,3.4519,3.975,0.0103,0.09,4.61,0.94,0.0,844.0,431,400,13,51,47,2,311.0,0.01,5.7e-05,31859.0,,,,
3853,8000,31783,1.7758,-0.0019,3.4803,3.97,0.0113,0.1,4.89,0.94,0.0,869.0,418,436,15,48,50,2,302.0,0.02,5.7e-05,31824.0,,,,
3854,8000,31799,1.8216,0.0125,3.542,3.97,0.0059,0.06,16.05,0.95,0.0,888.0,435,442,11,49,50,1,295.0,0.02,5.7e-05,31850.0,,,,
3855,8000,31816,1.803,0.0086,3.5124,3.997,0.0075,0.07,8.21,0.95,0.0,908.0,452,448,8,50,49,1,289.0,0.01,5.7e-05,31848.0,,,,
3856,8000,31832,1.7787,0.0019,3.4777,4.014,0.009,0.08,9.22,0.95,0.0,782.0,372,404,6,48,52,1,335.0,0.01,5.7e-05,31840.0,,,,
3857,8000,31849,1.7883,0.0115,3.4775,4.012,0.0086,0.08,10.15,0.95,0.0,811.0,360,443,8,44,55,1,323.0,0.01,5.7e-05,31849.0,,,,
3858,8000,31865,1.7833,0.018,3.4542,3.981,0.0122,0.09,6.08,0.95,0.0,796.0,371,418,7,47,53,1,329.0,0.02,5.7e-05,31890.0,,,,
3859,8000,31882,1.7578,0.0174,3.4064,4.14,0.0109,0.09,5.3,0.95,0.0,760.0,344,408,8,45,54,1,345.0,0.01,5.7e-05,31823.0,,,,
3860,8000,31898,1.7653,0.0082,3.4389,4.125,0.0114,0.09,7.35,0.95,0.0,831.0,406,422,3,49,51,0,315.0,0.01,5.7e-05,31883.0,,,,
3861,8000,31916,1.8716,0.0369,3.5939,3.992,0.0116,0.1,6.06,0.93,0.0,874.0,420,443,11,48,51,1,300.0,0.02,5.7e-05,30709.0,,,,
3862,8000,31932,1.903,0.0337,3.6633,4.096,0.0096,0.09,25.05,0.93,0.0,811.0,408,400,3,50,49,0,323.0,0.02,5.7e-05,31844.0,,,,
3863,8000,31949,1.8636,0.0573,3.5369,4.04,0.0119,0.09,10.23,0.94,0.0,812.0,418,390,4,51,48,0,323.0,0.03,5.7e-05,31882.0,,,,
3864,8000,31965,1.8039,0.0348,3.4629,4.057,0.0118,0.1,5.01,0.93,0.0,804.0,377,421,6,47,52,1,326.0,0.04,5.7e-05,31822.0,,,,
3865,8000,31982,1.8052,0.043,3.4501,4.015,0.0131,0.11,9.65,0.93,0.0,767.0,339,411,17,44,54,2,342.0,0.04,5.7e-05,31842.0,,,,
3866,8000,31998,1.7825,0.0429,3.4047,4.13,0.0119,0.1,4.44,0.93,0.0,728.0,342,377,9,47,52,1,360.0,0.02,5.7e-05,31845.0,,,,
3867,8000,32015,1.7791,0.0264,3.4312,4.194,0.0083,0.08,9.95,0.94,0.0,688.0,336,339,13,49,49,2,381.0,0.03,5.7e-05,31857.0,,,,
3868,8000,32031,1.8171,0.0505,3.4605,3.986,0.0109,0.1,4.81,0.93,0.0,791.0,362,410,19,46,52,2,331.0,0.02,5.7e-05,31867.0,,,,
3869,8000,32048,1.86,0.0401,3.5644,3.881,0.014,0.12,4.32,0.92,0.0,876.0,449,417,10,51,48,1,299.0,0.02,5.7e-05,31914.0,,,,
3870,8000,32064,1.8686,0.0254,3.6098,3.874,0.015,0.12,4.72,0.92,0.0,969.0,468,495,6,48,51,1,271.0,0.03,5.7e-05,31836.0,,,,
3871,8000,32081,1.8847,0.0132,3.6649,3.697,0.0121,0.1,4.56,0.92,0.0,1074.0,502,569,3,47,53,0,244.0,0.02,5.7e-05,31856.0,,,,
3872,8000,32097,1.8855,0.0102,3.6731,3.673,0.0108,0.1,3.38,0.92,0.0,1142.0,526,612,4,46,54,0,230.0,0.01,5.7e-05,31851.0,,,,
3873,8000,32114,1.863,0.0135,3.6218,3.817,0.0124,0.11,3.54,0.93,0.0,1094.0,517,576,1,47,53,0,240.0,0.01,5.7e-05,31846.0,,,,
3874,8000,32130,1.8531,0.0025,3.6248,3.807,0.0107,0.1,4.9,0.93,0.0,1127.0,525,599,3,47,53,0,233.0,0.02,5.6e-05,31846.0,,,,
3875,8000,32147,1.8802,0.0058,3.6715,3.752,0.0119,0.1,4.03,0.93,0.0,1137.0,529,605,3,47,53,0,231.0,0.01,5.6e-05,31863.0,,,,
3876,8000,32163,1.8473,0.0052,3.607,3.76,0.013,0.11,3.85,0.93,0.0,1116.0,525,590,1,47,53,0,235.0,0.01,5.6e-05,31847.0,,,,
3877,8000,32180,1.8482,-0.0045,3.6279,3.753,0.0122,0.11,4.24,0.93,0.0,1092.0,532,559,1,49,51,0,240.0,0.01,5.6e-05,31860.0,,,,
3878,8000,32196,1.8543,0.0053,3.6214,3.811,0.0124,0.11,3.99,0.93,0.0,1021.0,505,512,4,49,50,0,257.0,0.02,5.6e-05,31916.0,,,,
3879,8000,32213,1.862,0.0153,3.6166,3.85,0.0115,0.1,5.06,0.93,0.0,1063.0,550,511,2,52,48,0,247.0,0.02,5.6e-05,31855.0,,,,
3880,8000,32229,1.8478,0.0239,3.5712,3.905,0.0125,0.1,3.7,0.93,0.0,1058.0,552,505,1,52,48,0,248.0,0.01,5.6e-05,31849.0,,,,
3881,8000,32247,1.9283,0.0279,3.7239,3.845,0.013,0.11,3.38,0.91,0.0,1139.0,588,551,0,52,48,0,230.0,0.02,5.6e-05,30654.0,,,,
3882,8000,32263,1.9255,0.0322,3.7101,3.916,0.0139,0.11,4.08,0.91,0.0,1199.0,622,577,0,52,48,0,219.0,0.01,5.6e-05,31844.0,,,,
3883,8000,32280,1.8721,0.019,3.6303,3.945,0.0125,0.11,2.62,0.91,0.0,1116.0,590,526,0,53,47,0,235.0,0.01,5.6e-05,31841.0,,,,
3884,8000,32296,1.8253,0.0034,3.5689,4.108,0.0109,0.09,3.56,0.92,0.0,953.0,489,464,0,51,49,0,275.0,0.01,5.6e-05,31773.0,,,,
3885,8000,32313,1.8176,0.002,3.5563,4.129,0.0094,0.08,3.92,0.93,0.0,968.0,510,455,3,53,47,0,271.0,0.01,5.6e-05,31800.0,,,,
3886,8000,32329,1.8205,0.0125,3.5411,4.13,0.0094,0.08,4.03,0.93,0.0,971.0,505,462,4,52,48,0,270.0,0.02,5.6e-05,31772.0,,,,
3887,8000,32346,1.8318,0.0118,3.5647,4.093,0.0107,0.09,4.3,0.94,0.0,1040.0,517,522,1,50,50,0,252.0,0.01,5.6e-05,31770.0,,,,
3888,8000,32362,1.8935,0.0165,3.6767,3.854,0.0095,0.09,4.79,0.92,0.0,1051.0,505,545,1,48,52,0,249.0,0.02,5.6e-05,31788.0,,,,
3889,8000,32379,1.8806,-0.0019,3.6874,3.781,0.0098,0.09,3.69,0.92,0.0,1133.0,527,603,3,47,53,0,231.0,0.01,5.6e-05,31798.0,,,,
3890,8000,32395,1.8915,0.0076,3.6901,3.76,0.0093,0.09,4.17,0.92,0.0,1148.0,550,597,1,48,52,0,228.0,0.01,5.6e-05,31834.0,,,,
3891,8000,32412,1.8489,-0.0041,3.6296,3.889,0.0103,0.09,4.64,0.93,0.0,1162.0,578,581,3,50,50,0,226.0,0.01,5.6e-05,31765.0,,,,
3892,8000,32429,1.8478,-0.0207,3.6599,3.872,0.0094,0.09,3.82,0.92,0.0,1189.0,570,619,0,48,52,0,220.0,0.01,5.6e-05,31780.0,,,,
3893,8000,32445,1.8715,-0.0121,3.69,3.802,0.0109,0.1,3.75,0.92,0.0,1199.0,581,616,2,48,51,0,219.0,0.01,5.6e-05,31789.0,,,,
3894,8000,32462,1.8804,-0.0038,3.6897,3.673,0.0116,0.1,3.47,0.92,0.0,1133.0,534,599,0,47,53,0,231.0,0.01,5.6e-05,31792.0,,,,
3895,8000,32478,1.8584,0.0068,3.6251,3.774,0.0113,0.1,3.04,0.93,0.0,1143.0,550,593,0,48,52,0,229.0,0.02,5.6e-05,31849.0,,,,
3896,8000,32495,1.8567,0.0179,3.5999,3.828,0.0128,0.1,3.46,0.93,0.0,1156.0,595,560,1,51,48,0,227.0,0.01,5.6e-05,31798.0,,,,
3897,8000,32511,1.8368,0.0051,3.5856,3.831,0.0115,0.1,3.3,0.93,0.0,1082.0,544,538,0,50,50,0,242.0,0.01,5.6e-05,31795.0,,,,
3898,8000,32528,1.8394,0.0074,3.5864,3.847,0.0107,0.09,3.61,0.93,0.0,1045.0,496,549,0,47,53,0,251.0,0.01,5.6e-05,31789.0,,,,
3899,8000,32544,1.8273,0.0178,3.5417,3.91,0.0123,0.1,3.1,0.94,0.0,1045.0,535,510,0,51,49,0,251.0,0.01,5.6e-05,31804.0,189,0,323,37
3900,8000,32576,1.7995,0.0049,3.5128,3.999,0.0108,0.09,3.59,0.94,0.0,1000.0,488,509,3,49,51,0,262.0,0.02,5.6e-05,31908.0,,,,
3901,8000,32593,1.8574,0.0373,3.5643,4.048,0.0134,0.09,4.37,0.92,0.0,971.0,441,526,4,45,54,0,270.0,0.01,5.6e-05,30691.0,,,,
3902,8000,32610,1.8127,0.0119,3.5273,4.195,0.0124,0.1,3.84,0.93,0.0,969.0,432,534,3,45,55,0,271.0,0.02,5.6e-05,31897.0,,,,
3903,8000,32626,1.8009,0.0136,3.5005,4.21,0.011,0.09,3.17,0.93,0.0,930.0,435,486,9,47,52,1,282.0,0.03,5.6e-05,31841.0,,,,
3904,8000,32643,1.8357,0.0292,3.5374,4.059,0.0129,0.09,3.11,0.92,0.0,982.0,474,502,6,48,51,1,267.0,0.03,5.6e-05,31852.0,,,,
3905,8000,32659,1.8446,0.0461,3.5212,4.035,0.0116,0.09,3.51,0.93,0.0,1000.0,472,515,13,47,52,1,262.0,0.03,5.6e-05,31831.0,,,,
3906,8000,32676,1.8501,0.0444,3.5356,4.097,0.0099,0.08,5.17,0.92,0.0,995.0,469,523,3,47,53,0,263.0,0.03,5.6e-05,31825.0,,,,
3907,8000,32692,1.8361,0.0381,3.5197,3.986,0.0103,0.08,4.97,0.93,0.0,952.0,501,443,8,53,47,1,275.0,0.03,5.6e-05,31838.0,,,,
3908,8000,32709,1.8136,0.0281,3.4948,4.02,0.0095,0.08,4.43,0.93,0.0,996.0,525,464,7,53,47,1,263.0,0.03,5.6e-05,31886.0,,,,
3909,8000,32725,1.8123,0.028,3.4916,3.947,0.0105,0.09,3.11,0.93,0.0,966.0,538,422,6,56,44,1,271.0,0.03,5.6e-05,31834.0,,,,
3910,8000,32742,1.8071,0.0308,3.4757,3.93,0.0112,0.09,3.8,0.94,0.0,961.0,503,447,11,52,47,1,273.0,0.02,5.6e-05,31908.0,,,,
3911,8000,32758,1.8298,0.0206,3.5408,3.848,0.0097,0.08,10.47,0.93,0.0,969.0,481,476,12,50,49,1,271.0,0.02,5.6e-05,31829.0,,,,
3912,8000,32775,1.8244,0.0286,3.5148,3.9,0.0108,0.09,4.79,0.93,0.0,1000.0,527,461,12,53,46,1,262.0,0.01,5.6e-05,31847.0,,,,
3913,8000,32791,1.812,0.0098,3.5269,3.855,0.0097,0.08,4.3,0.94,0.0,1010.0,507,493,10,50,49,1,260.0,0.01,5.6e-05,31881.0,,,,
3914,8000,32808,1.8066,0.0054,3.5251,3.872,0.0125,0.1,2.79,0.93,0.0,1041.0,524,507,10,50,49,1,252.0,0.01,5.6e-05,31884.0,,,,
3915,8000,32824,1.8565,0.0039,3.627,3.699,0.0137,0.1,3.23,0.93,0.0,1109.0,546,549,14,49,50,1,236.0,0.01,5.6e-05,31833.0,,,,
3916,8000,32841,1.8506,0.03,3.5633,3.775,0.0117,0.09,3.68,0.93,0.0,1110.0,563,537,10,51,48,1,236.0,0.0,5.6e-05,31829.0,,,,
3917,8000,32858,1.8764,0.0305,3.6134,3.736,0.0123,0.1,3.72,0.93,0.0,1084.0,574,502,8,53,46,1,242.0,0.0,5.6e-05,31886.0,,,,
3918,8000,32874,1.8376,0.0246,3.5486,3.863,0.0126,0.09,3.06,0.94,0.0,1030.0,526,503,1,51,49,0,255.0,0.01,5.6e-05,31828.0,,,,
3919,8000,32891,1.824,0.0234,3.5238,3.856,0.0122,0.1,3.2,0.94,0.0,1049.0,505,542,2,48,52,0,250.0,0.01,5.6e-05,31831.0,,,,
3920,8000,32907,1.821,0.0152,3.5328,3.736,0.0107,0.08,4.07,0.94,0.0,1048.0,548,499,1,52,48,0,250.0,0.03,5.6e-05,31823.0,,,,
3921,8000,32924,1.889,0.0193,3.6613,3.774,0.0133,0.1,3.26,0.92,0.0,1041.0,536,503,2,51,48,0,252.0,0.02,5.6e-05,30706.0,,,,
3922,8000,32941,1.8586,0.0155,3.6093,3.909,0.0129,0.1,2.92,0.91,0.0,1033.0,543,485,5,53,47,0,254.0,0.02,5.6e-05,31822.0,,,,
3923,8000,32957,1.8307,0.0141,3.5572,4.037,0.0106,0.09,11.56,0.93,0.0,982.0,508,474,0,52,48,0,267.0,0.02,5.6e-05,31843.0,,,,
3924,8000,32974,1.8069,0.0305,3.4782,4.198,0.0111,0.09,3.9,0.93,0.0,917.0,501,412,4,55,45,0,286.0,0.03,5.6e-05,31821.0,,,,
3925,8000,32990,1.7909,0.0321,3.4435,4.223,0.0114,0.08,3.78,0.93,0.0,871.0,439,425,7,50,49,1,301.0,0.03,5.6e-05,31842.0,,,,
3926,8000,33007,1.7749,0.023,3.4295,4.22,0.0115,0.09,4.18,0.94,0.0,858.0,435,411,12,51,48,1,306.0,0.04,5.6e-05,31833.0,,,,
3927,8000,33023,1.7479,0.0228,3.3768,4.297,0.0084,0.07,6.59,0.94,0.0,739.0,366,364,9,50,49,1,355.0,0.04,5.6e-05,31854.0,,,,
3928,8000,33040,1.7175,0.0296,3.3049,4.41,0.01,0.08,5.59,0.94,0.0,673.0,324,325,24,48,48,4,390.0,0.05,5.6e-05,31842.0,,,,
3929,8000,33056,1.7231,0.0326,3.3086,4.34,0.0115,0.09,4.27,0.94,0.0,699.0,332,353,14,47,51,2,375.0,0.06,5.6e-05,31842.0,,,,
3930,8000,33073,1.7869,0.0404,3.4186,4.225,0.0128,0.09,7.44,0.93,0.0,763.0,370,383,10,48,50,1,344.0,0.06,5.6e-05,31824.0,,,,
3931,8000,33090,1.7402,0.0347,3.3377,4.32,0.0129,0.09,3.65,0.94,0.0,732.0,378,342,12,52,47,2,358.0,0.05,5.6e-05,31894.0,,,,
3932,8000,33106,1.7275,0.027,3.327,4.316,0.0115,0.08,24.87,0.94,0.0,604.0,288,306,10,48,51,2,434.0,0.04,5.6e-05,31917.0,,,,
3933,8000,33122,1.683,0.0275,3.2364,4.315,0.0114,0.08,6.65,0.94,0.0,586.0,284,294,8,48,50,1,447.0,0.05,5.6e-05,31903.0,,,,
3934,8000,33139,1.6953,0.0368,3.2435,4.294,0.0114,0.08,5.74,0.94,0.0,643.0,292,327,24,45,51,4,408.0,0.05,5.6e-05,31851.0,,,,
3935,8000,33155,1.6746,0.0411,3.1947,4.375,0.0119,0.09,4.18,0.94,0.0,649.0,302,314,33,47,48,5,404.0,0.04,5.6e-05,31891.0,,,,
3936,8000,33172,1.692,0.0485,3.2144,4.338,0.0137,0.09,3.59,0.95,0.0,674.0,294,354,26,44,53,4,389.0,0.03,5.6e-05,31852.0,,,,
3937,8000,33189,1.7253,0.041,3.2955,4.242,0.0122,0.09,3.11,0.94,0.0,690.0,308,349,33,45,51,5,380.0,0.04,5.5e-05,31843.0,,,,
3938,8000,33205,1.7593,0.0444,3.3549,4.139,0.0135,0.1,2.95,0.94,0.0,763.0,338,412,13,44,54,2,344.0,0.03,5.5e-05,31845.0,,,,
3939,8000,33222,1.7653,0.0386,3.3786,4.087,0.0137,0.1,3.62,0.94,0.0,783.0,343,419,21,44,54,3,335.0,0.04,5.5e-05,31851.0,,,,
3940,8000,33238,1.7755,0.0378,3.4015,4.108,0.013,0.1,2.58,0.94,0.0,853.0,370,459,24,43,54,3,307.0,0.05,5.5e-05,31854.0,,,,
3941,8000,33255,1.7773,0.0357,3.4096,4.247,0.0107,0.09,3.44,0.94,0.0,790.0,380,405,5,48,51,1,332.0,0.03,5.5e-05,30702.0,,,,
3942,8000,33272,1.7047,0.0379,3.261,4.369,0.0098,0.08,3.88,0.94,0.0,601.0,285,310,6,47,52,1,436.0,0.03,5.5e-05,31829.0,,,,
3943,8000,33288,1.5891,0.0109,3.086,4.681,0.0084,0.08,9.46,0.95,0.0,442.0,220,211,11,50,48,2,593.0,0.03,5.5e-05,31844.0,,,,
3944,8000,33305,1.5238,0.003,2.973,4.862,0.0085,0.07,3.39,0.94,0.0,357.0,148,191,18,41,54,5,734.0,0.02,5.5e-05,31842.0,,,,
3945,8000,33321,1.5826,0.0098,3.0768,4.724,0.0098,0.07,3.21,0.93,0.0,497.0,196,233,68,39,47,14,527.0,0.03,5.5e-05,31852.0,,,,
3946,8000,33338,1.6385,0.0161,3.1757,4.509,0.0101,0.08,3.55,0.93,0.0,549.0,240,255,54,44,46,10,477.0,0.04,5.5e-05,31845.0,,,,
3947,8000,33354,1.6539,0.025,3.187,4.529,0.0111,0.09,2.88,0.94,0.0,580.0,280,262,38,48,45,7,452.0,0.03,5.5e-05,31836.0,,,,
3948,8000,33371,1.6383,0.0262,3.1535,4.631,0.0092,0.07,3.96,0.94,0.0,568.0,269,272,27,47,48,5,462.0,0.03,5.5e-05,31830.0,,,,
3949,8000,33387,1.6015,0.0144,3.1055,4.749,0.0096,0.07,3.59,0.94,0.0,521.0,244,230,47,47,44,9,503.0,0.04,5.5e-05,31832.0,226,0,286,44
3950,8000,33419,1.6561,0.0196,3.2024,4.519,0.0122,0.09,2.64,0.93,0.0,632.0,264,320,48,42,51,8,415.0,0.04,5.5e-05,31934.0,,,,
3951,8000,33436,1.7067,0.0153,3.3106,4.42,0.0114,0.09,4.69,0.93,0.0,724.0,340,349,35,47,48,5,362.0,0.04,5.5e-05,31864.0,,,,
3952,8000,33452,1.6869,0.0225,3.2561,4.326,0.0124,0.09,2.62,0.94,0.0,718.0,323,369,26,45,51,4,365.0,0.04,5.5e-05,31816.0,,,,
3953,8000,33469,1.7165,0.0187,3.3223,4.277,0.0106,0.08,3.57,0.93,0.0,746.0,356,364,26,48,49,3,351.0,0.02,5.5e-05,31821.0,,,,
3954,8000,33485,1.6795,0.0139,3.2593,4.407,0.0125,0.08,3.5,0.93,0.0,690.0,337,330,23,49,48,3,380.0,0.02,5.5e-05,31825.0,,,,
3955,8000,33502,1.6602,0.0125,3.2246,4.468,0.011,0.09,2.99,0.94,0.0,677.0,299,352,26,44,52,4,387.0,0.02,5.5e-05,31815.0,,,,
3956,8000,33518,1.6509,0.0064,3.2193,4.574,0.0101,0.08,4.57,0.94,0.0,651.0,308,311,32,47,48,5,403.0,0.03,5.5e-05,31833.0,,,,
3957,8000,33535,1.6819,0.0073,3.279,4.404,0.0087,0.07,5.02,0.94,0.0,691.0,321,342,28,46,49,4,379.0,0.03,5.5e-05,31853.0,,,,
3958,8000,33551,1.6813,0.0086,3.275,4.398,0.0085,0.07,3.44,0.95,0.0,752.0,344,376,32,46,50,4,349.0,0.03,5.5e-05,31816.0,,,,
3959,8000,33568,1.6752,0.0063,3.2672,4.404,0.0103,0.09,3.27,0.95,0.0,713.0,363,323,27,51,45,4,368.0,0.02,5.5e-05,31818.0,,,,
3960,8000,33584,1.687,0.0122,3.2797,4.418,0.0096,0.08,4.25,0.95,0.0,717.0,351,340,26,49,47,4,366.0,0.02,5.5e-05,31807.0,,,,
3961,8000,33602,1.6856,-0.0057,3.3144,4.532,0.0099,0.08,4.21,0.93,0.0,679.0,305,346,28,45,51,4,386.0,0.02,5.5e-05,30661.0,,,,
3962,8000,33618,1.6768,-0.0052,3.2967,4.575,0.0097,0.08,3.95,0.93,0.0,628.0,297,291,40,47,46,6,417.0,0.02,5.5e-05,31790.0,,,,
3963,8000,33635,1.6641,-0.0133,3.2872,4.609,0.0101,0.08,3.39,0.94,0.0,698.0,349,313,36,50,45,5,376.0,0.02,5.5e-05,31798.0,,,,
3964,8000,33651,1.6887,-0.0065,3.323,4.617,0.0107,0.08,2.98,0.94,0.0,737.0,357,345,35,48,47,5,356.0,0.02,5.5e-05,31799.0,,,,
3965,8000,33668,1.7544,0.0129,3.4114,4.397,0.0114,0.09,3.9,0.94,0.0,775.0,403,351,21,52,45,3,338.0,0.03,5.5e-05,31804.0,,,,
3966,8000,33684,1.7585,0.0094,3.4265,4.378,0.0115,0.09,2.93,0.93,0.0,849.0,462,363,24,54,43,3,309.0,0.04,5.5e-05,31806.0,,,,
3967,8000,33701,1.7714,0.0058,3.4595,4.324,0.0113,0.09,3.76,0.93,0.0,862.0,468,373,21,54,43,2,304.0,0.04,5.5e-05,31785.0,,,,
3968,8000,33717,1.7856,0.0008,3.4972,4.292,0.0109,0.08,2.84,0.93,0.0,928.0,456,447,25,49,48,3,282.0,0.03,5.5e-05,31874.0,,,,
3969,8000,33734,1.7782,-0.0001,3.4837,4.299,0.0107,0.09,3.79,0.93,0.0,858.0,423,424,11,49,49,1,306.0,0.02,5.5e-05,31861.0,,,,
3970,8000,33750,1.7591,-0.0024,3.4513,4.338,0.0105,0.08,3.67,0.93,0.0,880.0,443,422,15,50,48,2,298.0,0.02,5.5e-05,31946.0,,,,
3971,8000,33767,1.798,0.016,3.4914,4.267,0.0111,0.09,3.03,0.93,0.0,994.0,462,519,13,46,52,1,264.0,0.03,5.5e-05,31927.0,,,,
3972,8000,33783,1.8044,0.0157,3.5039,4.218,0.0115,0.09,3.16,0.93,0.0,983.0,472,503,8,48,51,1,267.0,0.02,5.5e-05,31865.0,,,,
3973,8000,33800,1.8034,0.0075,3.5177,4.188,0.0119,0.09,3.09,0.93,0.0,1023.0,532,485,6,52,47,1,256.0,0.03,5.5e-05,31866.0,,,,
3974,8000,33816,1.7695,-0.0022,3.4697,4.238,0.0103,0.08,3.08,0.94,0.0,1003.0,530,470,3,53,47,0,261.0,0.01,5.5e-05,31918.0,,,,
3975,8000,33833,1.7895,0.0081,3.4885,4.192,0.0116,0.09,3.44,0.94,0.0,1029.0,535,490,4,52,48,0,255.0,0.01,5.5e-05,31866.0,,,,
3976,8000,33850,1.7525,-0.0192,3.4691,4.19,0.0115,0.08,2.86,0.94,0.0,1060.0,555,502,3,52,47,0,247.0,0.02,5.5e-05,31864.0,,,,
3977,8000,33866,1.8059,0.0113,3.5153,4.214,0.0112,0.08,3.51,0.94,0.0,1040.0,529,510,1,51,49,0,252.0,0.01,5.5e-05,31876.0,,,,
3978,8000,33883,1.8285,0.0213,3.5404,4.212,0.0137,0.09,4.15,0.94,0.0,1094.0,545,548,1,50,50,0,240.0,0.02,5.5e-05,31846.0,,,,
3979,8000,33899,1.7781,0.0085,3.4651,4.212,0.0127,0.09,3.03,0.94,0.0,1030.0,510,520,0,50,50,0,255.0,0.02,5.5e-05,31932.0,,,,
3980,8000,33916,1.7929,-0.0053,3.5218,4.19,0.0104,0.08,4.29,0.93,0.0,1096.0,572,523,1,52,48,0,239.0,0.02,5.5e-05,31873.0,,,,
3981,8000,33933,1.8253,0.0115,3.5544,4.311,0.0126,0.08,3.43,0.92,0.0,987.0,511,474,2,52,48,0,266.0,0.01,5.5e-05,30652.0,,,,
3982,8000,33949,1.7465,0.0077,3.405,4.429,0.0116,0.09,2.79,0.93,0.0,832.0,412,414,6,50,50,1,315.0,0.02,5.5e-05,31815.0,,,,
3983,8000,33966,1.7158,0.0039,3.3515,4.463,0.0113,0.08,2.94,0.93,0.0,762.0,366,393,3,48,52,0,344.0,0.03,5.5e-05,31849.0,,,,
3984,8000,33982,1.6914,0.0156,3.2808,4.623,0.013,0.09,2.77,0.94,0.0,772.0,388,379,5,50,49,1,340.0,0.03,5.5e-05,31850.0,,,,
3985,8000,33999,1.7251,0.0123,3.3554,4.54,0.0123,0.08,2.6,0.93,0.0,843.0,443,383,17,53,45,2,311.0,0.03,5.5e-05,31829.0,,,,
3986,8000,34015,1.7245,0.0122,3.354,4.488,0.0107,0.08,2.64,0.94,0.0,861.0,476,364,21,55,42,2,304.0,0.02,5.5e-05,31886.0,,,,
3987,8000,34032,1.7047,0.0096,3.3189,4.481,0.0099,0.07,3.47,0.94,0.0,835.0,465,354,16,56,42,2,314.0,0.03,5.5e-05,31834.0,,,,
3988,8000,34048,1.7184,0.0055,3.3546,4.449,0.0109,0.08,3.61,0.94,0.0,869.0,494,357,18,57,41,2,302.0,0.03,5.5e-05,31847.0,,,,
3989,8000,34065,1.762,0.0095,3.4328,4.344,0.0098,0.07,4.35,0.94,0.0,911.0,506,395,10,56,43,1,288.0,0.02,5.5e-05,31861.0,,,,
3990,8000,34082,1.7987,0.0062,3.5116,4.198,0.0097,0.08,3.67,0.93,0.0,1011.0,538,467,6,53,46,1,259.0,0.02,5.5e-05,31829.0,,,,
3991,8000,34098,1.8098,0.01,3.5251,4.071,0.0105,0.08,2.98,0.94,0.0,1027.0,565,454,8,55,44,1,255.0,0.02,5.5e-05,31824.0,,,,
3992,8000,34115,1.8165,0.0085,3.54,3.953,0.0105,0.08,3.4,0.94,0.0,1064.0,639,424,1,60,40,0,246.0,0.02,5.5e-05,31827.0,,,,
3993,8000,34131,1.8169,0.0128,3.5328,4.027,0.0103,0.09,4.77,0.94,0.0,1040.0,604,435,1,58,42,0,252.0,0.02,5.5e-05,31899.0,,,,
3994,8000,34148,1.8647,0.0148,3.6248,4.054,0.009,0.07,17.95,0.93,0.0,986.0,525,458,3,53,46,0,266.0,0.02,5.5e-05,31833.0,,,,
3995,8000,34164,1.7903,0.0115,3.4824,3.981,0.0103,0.08,4.01,0.93,0.0,957.0,501,450,6,52,47,1,274.0,0.03,5.5e-05,31875.0,,,,
3996,8000,34181,1.8089,0.0048,3.5329,4.001,0.0127,0.09,4.57,0.93,0.0,1043.0,598,443,2,57,42,0,251.0,0.02,5.5e-05,31832.0,,,,
3997,8000,34197,1.8516,0.0142,3.5995,3.899,0.0125,0.09,4.85,0.93,0.0,1089.0,578,501,10,53,46,1,241.0,0.01,5.5e-05,31879.0,,,,
3998,8000,34214,1.8602,0.0185,3.6069,3.845,0.0116,0.09,4.81,0.93,0.0,1139.0,612,522,5,54,46,0,230.0,0.01,5.5e-05,31830.0,,,,
3999,8000,34230,1.8522,0.0467,3.5354,3.916,0.0119,0.09,4.21,0.93,0.0,1100.0,588,503,9,53,46,1,238.0,0.02,5.5e-05,31848.0,212,0,300,41
4000,8000,34262,1.8522,0.0222,3.5837,3.901,0.0116,0.08,9.14,0.93,0.0,1051.0,581,465,5,55,44,0,249.0,0.01,5.5e-05,31961.0,,,,
4001,8000,34280,1.8817,0.0185,3.6511,4.015,0.0144,0.1,3.83,0.9,0.0,1089.0,535,552,2,49,51,0,241.0,0.02,5.5e-05,30708.0,,,,
4002,8000,34296,1.8646,0.0232,3.6083,4.089,0.013,0.1,3.15,0.91,0.0,1027.0,485,536,6,47,52,1,255.0,0.02,5.5e-05,31844.0,,,,
4003,8000,34313,1.8617,0.035,3.5786,4.09,0.0111,0.09,4.08,0.91,0.0,1002.0,498,493,11,50,49,1,262.0,0.02,5.4e-05,31922.0,,,,
4004,8000,34329,1.8354,0.0307,3.5346,4.078,0.0113,0.09,7.65,0.92,0.0,957.0,468,479,10,49,50,1,274.0,0.03,5.4e-05,31872.0,,,,
4005,8000,34346,1.9306,0.0126,3.7613,4.113,0.0101,0.07,33.89,0.93,0.0,920.0,450,463,7,49,50,1,285.0,0.03,5.4e-05,31857.0,,,,
4006,8000,34362,1.7722,0.0145,3.4404,4.053,0.0135,0.09,3.49,0.94,0.0,855.0,409,440,6,48,51,1,307.0,0.03,5.4e-05,31854.0,,,,
4007,8000,34379,1.7939,0.0235,3.4665,4.125,0.0133,0.09,3.81,0.93,0.0,909.0,447,446,16,49,49,2,288.0,0.04,5.4e-05,31828.0,,,,
4008,8000,34395,1.8377,0.0199,3.5603,3.963,0.013,0.09,13.13,0.92,0.0,970.0,471,478,21,49,49,2,270.0,0.02,5.4e-05,31852.0,,,,
4009,8000,34412,1.805,0.0013,3.5336,4.091,0.011,0.09,7.0,0.93,0.0,940.0,438,478,24,47,51,3,279.0,0.03,5.4e-05,31854.0,,,,
4010,8000,34428,1.7797,0.0017,3.4835,4.215,0.0117,0.09,4.34,0.93,0.0,873.0,415,443,15,48,51,2,300.0,0.04,5.4e-05,31848.0,,,,
4011,8000,34445,1.7546,0.0037,3.4306,4.313,0.0123,0.09,3.68,0.93,0.0,875.0,430,429,16,49,49,2,300.0,0.04,5.4e-05,31849.0,,,,
4012,8000,34461,1.7866,0.0228,3.4562,4.255,0.0117,0.09,5.77,0.94,0.0,904.0,406,480,18,45,53,2,290.0,0.03,5.4e-05,31870.0,,,,
4013,8000,34478,1.7949,0.0198,3.478,4.247,0.0132,0.1,3.47,0.93,0.0,910.0,471,428,11,52,47,1,288.0,0.05,5.4e-05,31847.0,,,,
4014,8000,34494,1.801,0.0272,3.4758,4.216,0.0128,0.1,2.83,0.93,0.0,974.0,454,507,13,47,52,1,269.0,0.03,5.4e-05,31860.0,,,,
4015,8000,34511,1.8104,0.0143,3.5184,4.072,0.0108,0.09,5.37,0.93,0.0,930.0,426,494,10,46,53,1,282.0,0.04,5.4e-05,31920.0,,,,
4016,8000,34527,1.7847,0.007,3.4821,4.17,0.012,0.09,4.15,0.94,0.0,949.0,418,526,5,44,55,1,276.0,0.03,5.4e-05,31851.0,,,,
4017,8000,34544,1.8182,0.0155,3.5318,4.032,0.0122,0.1,4.43,0.93,0.0,983.0,434,534,15,44,54,2,267.0,0.04,5.4e-05,31856.0,,,,
4018,8000,34560,1.8257,0.0183,3.5403,4.088,0.012,0.09,3.6,0.94,0.0,1096.0,527,564,5,48,51,0,239.0,0.03,5.4e-05,31891.0,,,,
4019,8000,34577,1.8133,0.017,3.5183,4.075,0.0118,0.09,3.29,0.94,0.0,1069.0,543,519,7,51,49,1,245.0,0.02,5.4e-05,31858.0,,,,
4020,8000,34593,1.7739,0.0176,3.4394,4.165,0.0115,0.09,3.12,0.94,0.0,961.0,448,507,6,47,53,1,273.0,0.02,5.4e-05,31844.0,,,,
4021,8000,34610,1.8206,0.0226,3.523,4.21,0.0138,0.09,3.3,0.93,0.0,958.0,516,439,3,54,46,0,274.0,0.03,5.4e-05,30715.0,,,,
4022,8000,34627,1.8291,0.0227,3.5399,4.222,0.0141,0.09,3.34,0.93,0.0,931.0,449,477,5,48,51,1,282.0,0.04,5.4e-05,31853.0,,,,
4023,8000,34644,1.8288,0.0295,3.5261,4.142,0.0116,0.09,3.46,0.92,0.0,1030.0,510,510,10,50,50,1,255.0,0.05,5.4e-05,31861.0,,,,
4024,8000,34660,1.7865,0.0304,3.4397,4.289,0.0113,0.09,2.94,0.93,0.0,890.0,471,417,2,53,47,0,295.0,0.06,5.4e-05,31888.0,,,,
4025,8000,34677,1.7371,0.0308,3.3417,4.462,0.011,0.09,4.73,0.94,0.0,802.0,430,364,8,54,45,1,327.0,0.07,5.4e-05,31890.0,,,,
4026,8000,34693,1.7288,0.0185,3.3489,4.377,0.0108,0.08,5.17,0.94,0.0,753.0,406,342,5,54,45,1,348.0,0.05,5.4e-05,31856.0,,,,
4027,8000,34710,1.7453,0.0184,3.3836,4.426,0.0101,0.08,5.8,0.94,0.0,763.0,386,361,16,51,47,2,344.0,0.04,5.4e-05,31860.0,,,,
4028,8000,34726,1.7798,0.0258,3.4361,4.311,0.0118,0.09,3.1,0.93,0.0,855.0,444,394,17,52,46,2,307.0,0.03,5.4e-05,31840.0,,,,
4029,8000,34743,1.7816,0.033,3.4266,4.379,0.0113,0.09,3.93,0.93,0.0,843.0,448,375,20,53,44,2,311.0,0.03,5.4e-05,31876.0,,,,
4030,8000,34759,1.73,0.0082,3.3725,4.426,0.0099,0.08,3.66,0.94,0.0,793.0,392,381,20,49,48,3,331.0,0.04,5.4e-05,31866.0,,,,
4031,8000,34776,1.723,0.0101,3.3541,4.36,0.0091,0.08,4.96,0.94,0.0,776.0,366,398,12,47,51,2,338.0,0.03,5.4e-05,31916.0,,,,
4032,8000,34792,1.7263,0.0214,3.3398,4.504,0.0102,0.08,3.99,0.94,0.0,750.0,376,350,24,50,47,3,350.0,0.02,5.4e-05,31858.0,,,,
4033,8000,34809,1.7077,0.0178,3.3093,4.455,0.0102,0.08,4.64,0.94,0.0,736.0,373,344,19,51,47,3,356.0,0.02,5.4e-05,31865.0,,,,
4034,8000,34825,1.7514,0.0168,3.3985,4.433,0.0116,0.08,11.57,0.94,0.0,798.0,429,347,22,54,43,3,329.0,0.04,5.4e-05,31842.0,,,,
4035,8000,34842,1.8575,0.0321,3.5812,4.404,0.0048,0.05,21.26,0.94,0.0,791.0,402,367,22,51,46,3,331.0,0.03,5.4e-05,31857.0,,,,
4036,8000,34858,1.844,0.0312,3.5541,4.281,0.0064,0.06,12.91,0.93,0.0,874.0,469,384,21,54,44,2,300.0,0.03,5.4e-05,31855.0,,,,
4037,8000,34875,1.8373,0.0336,3.5353,4.164,0.0084,0.07,5.57,0.94,0.0,940.0,469,450,21,50,48,2,279.0,0.03,5.4e-05,31841.0,,,,
4038,8000,34891,1.8227,0.0456,3.4826,4.239,0.0128,0.09,4.16,0.94,0.0,928.0,471,444,13,51,48,1,282.0,0.02,5.4e-05,31845.0,,,,
4039,8000,34908,1.8345,0.0543,3.487,4.107,0.0141,0.09,4.14,0.94,0.0,955.0,487,460,8,51,48,1,274.0,0.03,5.4e-05,31848.0,,,,
4040,8000,34924,1.8358,0.0522,3.493,4.016,0.0118,0.09,3.66,0.94,0.0,947.0,465,469,13,49,50,1,277.0,0.04,5.4e-05,31842.0,,,,
4041,8000,34941,1.8814,0.0637,3.5625,4.129,0.0139,0.1,3.91,0.93,0.0,916.0,460,438,18,50,48,2,286.0,0.04,5.4e-05,30663.0,,,,
4042,8000,34958,1.7995,0.0489,3.4288,4.216,0.0117,0.09,4.23,0.93,0.0,827.0,428,383,16,52,46,2,317.0,0.04,5.4e-05,31785.0,,,,
4043,8000,34975,1.7562,0.0417,3.3586,4.418,0.0083,0.07,8.25,0.95,0.0,689.0,340,332,17,49,48,2,380.0,0.03,5.4e-05,31791.0,,,,
4044,8000,34991,1.7419,0.0482,3.3181,4.433,0.0115,0.09,4.54,0.94,0.0,732.0,375,335,22,51,46,3,358.0,0.03,5.4e-05,31865.0,,,,
4045,8000,35008,1.8145,0.046,3.4656,4.344,0.0093,0.08,6.27,0.93,0.0,831.0,421,398,12,51,48,1,315.0,0.03,5.4e-05,31774.0,,,,
4046,8000,35024,1.83,0.0522,3.4827,4.252,0.0114,0.09,10.39,0.93,0.0,818.0,409,393,16,50,48,2,320.0,0.03,5.4e-05,31847.0,,,,
4047,8000,35041,1.8414,0.0516,3.5069,4.315,0.0091,0.07,12.35,0.94,0.0,754.0,396,350,8,53,46,1,348.0,0.04,5.4e-05,31863.0,,,,
4048,8000,35057,1.7616,0.0461,3.3593,4.354,0.0091,0.08,6.86,0.94,0.0,736.0,407,315,14,55,43,2,356.0,0.04,5.4e-05,31868.0,,,,
4049,8000,35074,1.7993,0.0501,3.426,4.239,0.0099,0.08,16.33,0.94,0.0,735.0,382,334,19,52,45,3,357.0,0.04,5.4e-05,31794.0,161,0,351,31
4050,8000,35105,1.8354,0.0546,3.4883,4.172,0.0084,0.07,8.4,0.94,0.0,813.0,407,394,12,50,48,1,322.0,0.03,5.4e-05,32027.0,,,,
4051,8000,35122,1.8303,0.0456,3.496,4.117,0.0117,0.09,4.53,0.94,0.0,864.0,442,403,19,51,47,2,303.0,0.03,5.4e-05,31846.0,,,,
4052,8000,35138,1.8228,0.0612,3.4491,4.161,0.0119,0.09,5.0,0.94,0.0,867.0,454,406,7,52,47,1,302.0,0.04,5.4e-05,31814.0,,,,
4053,8000,35155,1.8176,0.0594,3.4421,4.165,0.012,0.08,5.76,0.94,0.0,915.0,463,448,4,51,49,0,286.0,0.05,5.4e-05,31801.0,,,,
4054,8000,35171,1.8071,0.0452,3.4496,4.116,0.0124,0.09,3.39,0.94,0.0,874.0,457,410,7,52,47,1,300.0,0.03,5.4e-05,31795.0,,,,
4055,8000,35188,1.8371,0.056,3.4877,4.078,0.0119,0.09,3.7,0.94,0.0,940.0,508,424,8,54,45,1,279.0,0.02,5.4e-05,31794.0,,,,
4056,8000,35205,1.8835,0.057,3.5774,3.968,0.0103,0.09,9.53,0.93,0.0,889.0,476,410,3,54,46,0,295.0,0.03,5.4e-05,31790.0,,,,
4057,8000,35221,1.84,0.0366,3.5312,3.933,0.0125,0.1,4.28,0.93,0.0,953.0,528,418,7,55,44,1,275.0,0.03,5.4e-05,31817.0,,,,
4058,8000,35238,1.856,0.0319,3.5723,3.931,0.0136,0.09,3.93,0.94,0.0,1051.0,555,492,4,53,47,0,249.0,0.02,5.4e-05,31808.0,,,,
4059,8000,35254,1.8572,0.0186,3.6013,3.875,0.0127,0.1,11.64,0.94,0.0,1016.0,556,454,6,55,45,1,258.0,0.03,5.4e-05,31788.0,,,,
4060,8000,35271,1.8072,0.0235,3.492,3.842,0.0142,0.1,3.05,0.94,0.0,943.0,470,464,9,50,49,1,278.0,0.03,5.4e-05,31795.0,,,,
4061,8000,35288,1.8641,0.0101,3.6332,4.025,0.013,0.09,3.87,0.92,0.0,1029.0,510,519,0,50,50,0,255.0,0.04,5.4e-05,30659.0,,,,
4062,8000,35304,1.8353,0.0022,3.5921,4.064,0.0141,0.1,3.83,0.93,0.0,1032.0,492,534,6,48,52,1,254.0,0.03,5.4e-05,31803.0,,,,
4063,8000,35321,1.8114,-0.0013,3.5514,4.125,0.0116,0.09,5.9,0.93,0.0,1001.0,486,512,3,49,51,0,262.0,0.02,5.4e-05,31874.0,,,,
4064,8000,35337,1.7834,-0.0097,3.5124,4.17,0.0136,0.1,3.86,0.93,0.0,1062.0,518,541,3,49,51,0,247.0,0.02,5.4e-05,31884.0,,,,
4065,8000,35354,1.7621,0.0024,3.4467,4.197,0.0127,0.09,3.2,0.94,0.0,1049.0,500,537,12,48,51,1,250.0,0.02,5.4e-05,31857.0,,,,
4066,8000,35371,1.7758,0.0122,3.4551,4.279,0.0155,0.1,3.61,0.94,0.0,1047.0,525,507,15,50,48,1,250.0,0.02,5.4e-05,31805.0,,,,
4067,8000,35387,1.7865,-0.0053,3.5099,4.184,0.0132,0.09,3.16,0.94,0.0,1132.0,559,568,5,49,50,0,232.0,0.02,5.4e-05,31806.0,,,,
4068,8000,35404,1.8119,0.0033,3.5444,4.203,0.0121,0.08,19.1,0.94,0.0,1016.0,524,481,11,52,47,1,258.0,0.01,5.4e-05,31900.0,,,,
4069,8000,35420,1.7495,-0.0361,3.4966,4.034,0.011,0.08,8.64,0.95,0.0,1034.0,511,507,16,49,49,2,254.0,0.01,5.4e-05,31846.0,,,,
4070,8000,35437,1.7607,-0.0263,3.4994,4.0,0.0123,0.09,10.41,0.95,0.0,993.0,474,504,15,48,51,2,264.0,0.01,5.4e-05,31854.0,,,,
4071,8000,35453,1.7424,-0.0001,3.4115,4.087,0.0143,0.09,3.91,0.95,0.0,1042.0,546,478,18,52,46,2,252.0,0.01,5.3e-05,31815.0,,,,
4072,8000,35470,1.7441,-0.0039,3.4217,4.113,0.0122,0.08,4.81,0.95,0.0,950.0,484,452,14,51,48,1,276.0,0.0,5.3e-05,31807.0,,,,
4073,8000,35486,1.7218,-0.0104,3.3941,4.201,0.0119,0.08,3.16,0.95,0.0,914.0,422,472,20,46,52,2,287.0,0.0,5.3e-05,31812.0,,,,
4074,8000,35503,1.714,-0.0041,3.3682,4.225,0.0114,0.08,4.38,0.95,0.0,821.0,388,408,25,47,50,3,319.0,0.01,5.3e-05,31811.0,,,,
4075,8000,35519,1.7487,-0.0007,3.4309,4.228,0.0116,0.07,9.92,0.95,0.0,817.0,360,428,29,44,52,4,321.0,0.01,5.3e-05,31875.0,,,,
4076,8000,35536,1.7365,-0.003,3.4112,4.232,0.0088,0.07,9.22,0.95,0.0,874.0,388,456,30,44,52,3,300.0,0.01,5.3e-05,31800.0,,,,
4077,8000,35552,1.7398,0.007,3.4001,4.274,0.0135,0.09,8.25,0.95,0.0,932.0,432,457,43,46,49,5,281.0,0.02,5.3e-05,31810.0,,,,
4078,8000,35569,1.7313,0.0134,3.3706,4.308,0.0132,0.08,3.86,0.95,0.0,898.0,427,431,40,48,48,4,292.0,0.02,5.3e-05,31816.0,,,,
4079,8000,35585,1.7413,0.0133,3.3891,4.373,0.0122,0.08,4.41,0.95,0.0,863.0,434,396,33,50,46,4,304.0,0.02,5.3e-05,31869.0,,,,
4080,8000,35602,1.7177,0.0229,3.3217,4.374,0.0148,0.09,3.04,0.95,0.0,878.0,410,441,27,47,50,3,299.0,0.02,5.3e-05,31870.0,,,,
4081,8000,35619,1.7881,0.0224,3.4674,4.311,0.0119,0.08,5.98,0.94,0.0,819.0,390,385,44,48,47,5,320.0,0.02,5.3e-05,30670.0,,,,
4082,8000,35636,1.7089,0.005,3.3416,4.483,0.0125,0.08,3.17,0.94,0.0,741.0,354,358,29,48,48,4,354.0,0.03,5.3e-05,31863.0,,,,
4083,8000,35652,1.7319,0.0025,3.3917,4.45,0.0141,0.09,2.78,0.94,0.0,826.0,376,417,33,46,50,4,317.0,0.06,5.3e-05,31839.0,,,,
4084,8000,35669,1.7784,0.0036,3.4819,4.38,0.0158,0.1,3.16,0.93,0.0,933.0,448,451,34,48,48,4,281.0,0.04,5.3e-05,31809.0,,,,
4085,8000,35685,1.7847,-0.0016,3.5009,4.33,0.0127,0.09,2.7,0.92,0.0,1040.0,528,498,14,51,48,1,252.0,0.05,5.3e-05,31820.0,,,,
4086,8000,35702,1.8262,0.0016,3.5751,4.157,0.0152,0.1,2.82,0.92,0.0,1129.0,556,567,6,49,50,1,232.0,0.04,5.3e-05,31880.0,,,,
4087,8000,35718,1.88,0.0325,3.6209,4.119,0.0146,0.1,2.64,0.92,0.0,1140.0,601,533,6,53,47,1,230.0,0.02,5.3e-05,31820.0,,,,
4088,8000,35735,1.893,0.0399,3.6315,4.059,0.0107,0.09,3.25,0.92,0.0,1172.0,598,573,1,51,49,0,224.0,0.02,5.3e-05,31839.0,,,,
4089,8000,35751,1.8342,-0.006,3.6065,4.119,0.0104,0.08,3.47,0.92,0.0,1173.0,625,542,6,53,46,1,223.0,0.02,5.3e-05,31793.0,,,,
4090,8000,35768,1.8208,-0.021,3.6097,4.103,0.0102,0.08,3.11,0.92,0.0,1228.0,655,570,3,53,46,0,213.0,0.03,5.3e-05,31824.0,,,,
4091,8000,35784,1.841,-0.0114,3.6298,4.01,0.0094,0.08,3.68,0.92,0.0,1244.0,654,588,2,53,47,0,211.0,0.02,5.3e-05,31825.0,,,,
4092,8000,35801,1.8953,0.0164,3.6821,3.878,0.0117,0.09,4.09,0.92,0.0,1293.0,693,596,4,54,46,0,203.0,0.02,5.3e-05,31833.0,,,,
4093,8000,35817,1.8669,0.0086,3.6404,3.884,0.0114,0.08,4.05,0.93,0.0,1353.0,660,692,1,49,51,0,194.0,0.01,5.3e-05,31886.0,,,,
4094,8000,35834,1.8528,0.02,3.589,3.831,0.0112,0.08,6.51,0.93,0.0,1253.0,589,659,5,47,53,0,209.0,0.01,5.3e-05,31892.0,,,,
4095,8000,35850,1.8273,0.0121,3.5548,3.982,0.009,0.07,6.56,0.94,0.0,1222.0,589,630,3,48,52,0,215.0,0.02,5.3e-05,31793.0,,,,
4096,8000,35867,1.8053,0.0066,3.5236,4.025,0.0113,0.08,7.06,0.94,0.0,1263.0,600,655,8,48,52,1,208.0,0.01,5.3e-05,31875.0,,,,
4097,8000,35883,1.7636,-0.0051,3.4639,4.086,0.014,0.08,5.98,0.95,0.0,1133.0,527,595,11,47,53,1,231.0,0.02,5.3e-05,31818.0,,,,
4098,8000,35900,1.7887,-0.0009,3.5051,4.053,0.014,0.08,4.63,0.95,0.0,1146.0,525,611,10,46,53,1,229.0,0.03,5.3e-05,31808.0,,,,
4099,8000,35917,1.7762,0.0135,3.4514,4.166,0.0117,0.08,7.6,0.95,0.0,1051.0,485,560,6,46,53,1,249.0,0.02,5.3e-05,31804.0,91,2,419,18
4100,8000,35948,1.7787,0.0003,3.4829,4.214,0.0151,0.08,18.27,0.95,0.0,960.0,459,496,5,48,52,1,273.0,0.02,5.3e-05,31952.0,,,,
4101,8000,35965,1.945,0.0187,3.7786,4.246,0.0093,0.07,27.27,0.92,0.0,822.0,411,409,2,50,50,0,319.0,0.02,5.3e-05,30712.0,,,,
4102,8000,35982,1.7973,0.0074,3.5062,4.152,0.0138,0.09,4.93,0.92,0.0,839.0,414,415,10,49,49,1,312.0,0.02,5.3e-05,31837.0,,,,
4103,8000,35998,1.7691,0.004,3.4577,4.359,0.0142,0.09,7.67,0.93,0.0,828.0,421,398,9,51,48,1,317.0,0.03,5.3e-05,31808.0,,,,
4104,8000,36015,1.8303,0.0111,3.5661,4.385,0.0063,0.05,13.39,0.93,0.0,884.0,432,447,5,49,51,1,297.0,0.05,5.3e-05,31775.0,,,,
4105,8000,36031,1.7663,0.0183,3.4245,4.441,0.012,0.09,12.14,0.94,0.0,810.0,434,370,6,54,46,1,324.0,0.05,5.3e-05,31853.0,,,,
4106,8000,36048,1.6737,-0.0261,3.3272,4.366,0.0114,0.08,3.7,0.94,0.0,764.0,411,347,6,54,45,1,343.0,0.08,5.3e-05,31778.0,,,,
4107,8000,36064,1.664,-0.0207,3.2986,4.485,0.0129,0.09,3.07,0.95,0.0,766.0,395,361,10,52,47,1,342.0,0.09,5.3e-05,31846.0,,,,
4108,8000,36081,1.6246,-0.0247,3.2274,4.502,0.0103,0.09,3.52,0.95,0.0,646.0,353,290,3,55,45,0,406.0,0.07,5.3e-05,31774.0,,,,
4109,8000,36098,1.6274,-0.0311,3.2476,4.569,0.0108,0.08,4.8,0.95,0.0,662.0,354,295,13,53,45,2,396.0,0.05,5.3e-05,31783.0,,,,
4110,8000,36114,1.6278,-0.0342,3.2548,4.615,0.0102,0.08,4.26,0.95,0.0,687.0,345,327,15,50,48,2,382.0,0.03,5.3e-05,31857.0,,,,
4111,8000,36131,1.666,-0.0348,3.3319,4.545,0.0105,0.08,4.28,0.95,0.0,815.0,401,394,20,49,48,2,322.0,0.03,5.3e-05,31785.0,,,,
4112,8000,36147,1.7066,-0.0183,3.3796,4.537,0.0114,0.08,4.94,0.95,0.0,846.0,390,439,17,46,52,2,310.0,0.02,5.3e-05,31789.0,,,,
4113,8000,36164,1.7039,-0.0226,3.3827,4.499,0.012,0.08,3.32,0.95,0.0,902.0,447,440,15,50,49,2,291.0,0.03,5.3e-05,31793.0,,,,
4114,8000,36180,1.7211,-0.0185,3.4083,4.424,0.0133,0.09,2.91,0.95,0.0,979.0,485,483,11,50,49,1,268.0,0.02,5.3e-05,31854.0,,,,
4115,8000,36197,1.7316,-0.0231,3.4379,4.37,0.0114,0.08,7.89,0.95,0.0,906.0,437,462,7,48,51,1,289.0,0.02,5.3e-05,31850.0,,,,
4116,8000,36213,1.8038,-0.0084,3.5527,4.317,0.0135,0.09,28.52,0.95,0.0,905.0,449,446,10,50,49,1,290.0,0.03,5.3e-05,31787.0,,,,
4117,8000,36230,1.7556,0.0005,3.4379,4.27,0.0059,0.05,9.96,0.96,0.0,914.0,481,422,11,53,46,1,287.0,0.03,5.3e-05,31786.0,,,,
4118,8000,36247,1.7603,0.0038,3.4411,4.206,0.013,0.09,3.94,0.95,0.0,936.0,481,442,13,51,47,1,280.0,0.02,5.3e-05,31781.0,,,,
4119,8000,36263,1.7454,-0.0076,3.4339,4.191,0.0111,0.09,3.96,0.95,0.0,977.0,488,479,10,50,49,1,268.0,0.02,5.3e-05,31838.0,,,,
4120,8000,36280,1.7499,-0.0065,3.4402,4.138,0.0142,0.1,3.24,0.95,0.0,937.0,437,489,11,47,52,1,280.0,0.02,5.3e-05,31792.0,,,,
4121,8000,36297,1.8289,-0.0052,3.5988,4.218,0.0122,0.09,4.91,0.93,0.0,1023.0,531,474,18,52,46,2,256.0,0.03,5.3e-05,30727.0,,,,
4122,8000,36313,1.8395,0.0055,3.5961,4.215,0.0124,0.09,3.52,0.93,0.0,1105.0,564,534,7,51,48,1,237.0,0.03,5.3e-05,31859.0,,,,
4123,8000,36330,1.8366,0.0044,3.5915,4.151,0.0132,0.1,2.59,0.93,0.0,1173.0,631,538,4,54,46,0,223.0,0.02,5.3e-05,31902.0,,,,
4124,8000,36346,1.8055,-0.0096,3.5574,4.191,0.0112,0.09,2.63,0.93,0.0,1272.0,663,607,2,52,48,0,206.0,0.01,5.3e-05,31856.0,,,,
4125,8000,36363,1.8319,0.0096,3.5721,4.246,0.0117,0.09,2.73,0.94,0.0,1197.0,601,595,1,50,50,0,219.0,0.01,5.3e-05,31894.0,,,,
4126,8000,36379,1.8454,0.0177,3.5827,4.212,0.0112,0.09,2.85,0.94,0.0,1235.0,588,645,2,48,52,0,212.0,0.03,5.3e-05,31860.0,,,,
4127,8000,36396,1.8345,0.004,3.5882,4.16,0.0111,0.09,2.87,0.93,0.0,1253.0,642,608,3,51,49,0,209.0,0.02,5.3e-05,31854.0,,,,
4128,8000,36412,1.7923,-0.0185,3.5482,4.157,0.0107,0.08,3.51,0.94,0.0,1148.0,597,551,0,52,48,0,228.0,0.01,5.3e-05,31845.0,,,,
4129,8000,36429,1.792,0.0049,3.5015,4.246,0.0101,0.08,3.58,0.94,0.0,1113.0,568,543,2,51,49,0,236.0,0.02,5.3e-05,31898.0,,,,
4130,8000,36445,1.8135,0.0144,3.5257,4.281,0.0097,0.08,4.8,0.95,0.0,1074.0,525,548,1,49,51,0,244.0,0.02,5.3e-05,31896.0,,,,
4131,8000,36462,1.8159,0.0198,3.5192,4.233,0.0116,0.09,5.32,0.95,0.0,1095.0,556,537,2,51,49,0,239.0,0.02,5.3e-05,31893.0,,,,
4132,8000,36478,1.8464,0.0224,3.5736,4.075,0.0108,0.08,6.28,0.94,0.0,1089.0,544,543,2,50,50,0,241.0,0.02,5.3e-05,31856.0,,,,
4133,8000,36495,1.8121,0.0132,3.5234,4.052,0.0122,0.09,5.02,0.94,0.0,1121.0,566,552,3,50,49,0,234.0,0.02,5.3e-05,31842.0,,,,
4134,8000,36511,1.8089,0.0168,3.5098,4.031,0.0118,0.09,8.96,0.95,0.0,1112.0,539,565,8,48,51,1,236.0,0.01,5.3e-05,31849.0,,,,
4135,8000,36528,1.8023,0.0146,3.4998,3.916,0.0125,0.09,7.35,0.95,0.0,1087.0,549,531,7,51,49,1,241.0,0.01,5.3e-05,31870.0,,,,
4136,8000,36545,1.808,0.0124,3.5164,3.971,0.0104,0.08,7.4,0.95,0.0,1073.0,590,470,13,55,44,1,244.0,0.01,5.3e-05,31898.0,,,,
4137,8000,36561,1.7997,0.0166,3.4914,4.007,0.0103,0.08,4.83,0.95,0.0,1088.0,555,525,8,51,48,1,241.0,0.02,5.3e-05,31868.0,,,,
4138,8000,36578,1.7808,0.008,3.471,4.077,0.0091,0.07,4.88,0.95,0.0,1083.0,570,506,7,53,47,1,242.0,0.03,5.3e-05,31908.0,,,,
4139,8000,36594,1.813,0.0119,3.526,3.886,0.0131,0.1,4.88,0.95,0.0,1113.0,581,526,6,52,47,1,236.0,0.02,5.3e-05,31833.0,,,,
4140,8000,36611,1.8458,0.0309,3.5541,3.859,0.0132,0.1,10.46,0.95,0.0,1116.0,594,516,6,53,46,1,235.0,0.03,5.3e-05,31848.0,,,,
4141,8000,36628,1.9107,0.0138,3.7187,3.915,0.0165,0.11,11.85,0.92,0.0,1112.0,529,573,10,48,52,1,236.0,0.04,5.2e-05,30765.0,,,,
4142,8000,36644,1.8916,-0.0526,3.8114,3.758,0.0063,0.06,17.02,0.92,0.0,1123.0,502,611,10,45,54,1,233.0,0.01,5.2e-05,31849.0,,,,
4143,8000,36661,1.8064,-0.0322,3.6021,3.928,0.0103,0.08,6.24,0.93,0.0,1122.0,528,580,14,47,52,1,234.0,0.01,5.2e-05,31884.0,,,,
4144,8000,36677,1.7997,-0.0313,3.5877,4.036,0.0131,0.1,4.28,0.93,0.0,1165.0,523,637,5,45,55,0,225.0,0.02,5.2e-05,31890.0,,,,
4145,8000,36694,1.8521,-0.003,3.6347,3.894,0.0137,0.1,4.3,0.93,0.0,1192.0,566,626,0,47,53,0,220.0,0.01,5.2e-05,31878.0,,,,
4146,8000,36710,1.8315,-0.0138,3.6156,3.901,0.0124,0.1,5.14,0.93,0.0,1269.0,622,642,5,49,51,0,207.0,0.01,5.2e-05,31837.0,,,,
4147,8000,36727,1.7982,-0.0303,3.5831,4.013,0.0104,0.09,5.01,0.94,0.0,1178.0,566,607,5,48,52,0,223.0,0.01,5.2e-05,31895.0,,,,
4148,8000,36743,1.8062,-0.0311,3.5997,3.958,0.0108,0.09,4.4,0.94,0.0,1238.0,604,631,3,49,51,0,212.0,0.01,5.2e-05,31897.0,,,,
4149,8000,36760,1.8242,-0.013,3.5991,3.885,0.0111,0.09,4.2,0.93,0.0,1173.0,525,647,1,45,55,0,223.0,0.02,5.2e-05,31897.0,185,0,327,36
4150,8000,36791,1.8388,-0.0185,3.6396,3.923,0.0116,0.09,5.3,0.93,0.0,1223.0,588,628,7,48,51,1,214.0,0.01,5.2e-05,31976.0,,,,
4151,8000,36808,1.8423,0.0032,3.6034,3.965,0.0135,0.1,3.75,0.93,0.0,1261.0,607,652,2,48,52,0,208.0,0.02,5.2e-05,31828.0,,,,
4152,8000,36824,1.8604,0.0121,3.622,3.971,0.0134,0.1,3.92,0.93,0.0,1204.0,566,630,8,47,52,1,218.0,0.01,5.2e-05,31841.0,,,,
4153,8000,36841,1.8375,-0.0063,3.613,3.979,0.0108,0.09,5.23,0.94,0.0,1229.0,548,680,1,45,55,0,213.0,0.02,5.2e-05,31844.0,,,,
4154,8000,36858,1.8198,-0.0059,3.5768,3.959,0.0121,0.1,4.11,0.93,0.0,1189.0,579,604,6,49,51,1,220.0,0.01,5.2e-05,31852.0,,,,
4155,8000,36874,1.8376,0.0093,3.5825,3.96,0.014,0.1,3.67,0.93,0.0,1141.0,602,532,7,53,47,1,230.0,0.01,5.2e-05,31837.0,,,,
4156,8000,36891,1.8617,0.0184,3.6113,3.901,0.0127,0.09,6.11,0.93,0.0,1192.0,596,587,9,50,49,1,220.0,0.01,5.2e-05,31844.0,,,,
4157,8000,36907,1.866,0.0067,3.6435,3.909,0.0121,0.09,4.17,0.92,0.0,1228.0,608,615,5,50,50,0,213.0,0.01,5.2e-05,31835.0,,,,
4158,8000,36924,1.8317,-0.0035,3.5958,3.937,0.0134,0.1,3.91,0.93,0.0,1194.0,628,558,8,53,47,1,220.0,0.02,5.2e-05,31844.0,,,,
4159,8000,36940,1.8716,0.0256,3.6175,3.96,0.0132,0.1,4.43,0.93,0.0,1179.0,614,556,9,52,47,1,222.0,0.02,5.2e-05,31853.0,,,,
4160,8000,36957,1.8405,0.0177,3.5716,4.062,0.0108,0.09,5.1,0.93,0.0,1145.0,585,556,4,51,49,0,229.0,0.01,5.2e-05,31840.0,,,,
4161,8000,36974,1.8846,-0.005,3.7052,4.011,0.0143,0.1,3.58,0.9,0.0,1249.0,599,646,4,48,52,0,210.0,0.01,5.2e-05,30704.0,,,,
4162,8000,36990,1.8805,0.0039,3.6789,3.98,0.0134,0.11,5.16,0.91,0.0,1213.0,595,612,6,49,50,0,216.0,0.03,5.2e-05,31837.0,,,,
4163,8000,37007,1.839,0.0009,3.6022,4.067,0.0136,0.1,4.07,0.91,0.0,1289.0,611,675,3,47,52,0,203.0,0.03,5.2e-05,31850.0,,,,
4164,8000,37023,1.8327,0.0129,3.5658,4.085,0.0132,0.09,3.69,0.92,0.0,1240.0,603,635,2,49,51,0,211.0,0.05,5.2e-05,31843.0,,,,
4165,8000,37040,1.8533,0.0331,3.5667,4.122,0.0125,0.09,4.92,0.93,0.0,1226.0,624,599,3,51,49,0,214.0,0.03,5.2e-05,31846.0,,,,
4166,8000,37056,1.829,0.0254,3.5337,4.12,0.0151,0.1,3.06,0.93,0.0,1222.0,616,604,2,50,49,0,215.0,0.02,5.2e-05,31904.0,,,,
4167,8000,37073,1.8526,0.024,3.5827,4.039,0.0102,0.08,4.78,0.93,0.0,1233.0,672,556,5,55,45,0,213.0,0.01,5.2e-05,31837.0,,,,
4168,8000,37090,1.8417,0.0121,3.5845,4.009,0.012,0.09,4.24,0.93,0.0,1164.0,572,588,4,49,51,0,225.0,0.01,5.2e-05,31853.0,,,,
4169,8000,37106,1.8413,0.0103,3.5877,4.024,0.0123,0.09,4.63,0.93,0.0,1168.0,576,585,7,49,50,1,224.0,0.02,5.2e-05,31841.0,,,,
4170,8000,37123,1.8267,0.0023,3.5741,3.993,0.0108,0.09,3.98,0.93,0.0,1192.0,560,628,4,47,53,0,220.0,0.02,5.2e-05,31846.0,,,,
4171,8000,37139,1.8547,0.0121,3.6103,3.951,0.0138,0.09,6.95,0.93,0.0,1148.0,570,571,7,50,50,1,228.0,0.02,5.2e-05,31901.0,,,,
4172,8000,37156,1.8956,0.0242,3.6667,3.818,0.011,0.09,5.09,0.92,0.0,1209.0,588,619,2,49,51,0,217.0,0.02,5.2e-05,31901.0,,,,
4173,8000,37172,1.8815,0.0289,3.6299,3.889,0.0144,0.1,3.74,0.93,0.0,1245.0,584,657,4,47,53,0,211.0,0.03,5.2e-05,31847.0,,,,
4174,8000,37189,1.8999,0.0225,3.6795,3.844,0.0118,0.09,10.68,0.93,0.0,1205.0,606,591,8,50,49,1,218.0,0.02,5.2e-05,31853.0,,,,
4175,8000,37205,1.9121,0.0132,3.7213,3.769,0.0111,0.08,12.89,0.92,0.0,1221.0,607,611,3,50,50,0,215.0,0.02,5.2e-05,31850.0,,,,
4176,8000,37222,1.8226,-0.0094,3.5879,3.792,0.0132,0.1,3.44,0.93,0.0,1127.0,587,539,1,52,48,0,233.0,0.02,5.2e-05,31845.0,,,,
4177,8000,37238,1.8326,-0.0028,3.5957,3.924,0.0113,0.09,6.29,0.93,0.0,1066.0,542,519,5,51,49,0,246.0,0.01,5.2e-05,31839.0,,,,
4178,8000,37255,1.8125,0.0114,3.5274,3.931,0.0128,0.09,6.05,0.94,0.0,997.0,524,469,4,53,47,0,263.0,0.01,5.2e-05,31892.0,,,,
4179,8000,37271,1.7973,0.0139,3.4929,4.025,0.0138,0.1,3.78,0.94,0.0,977.0,470,498,9,48,51,1,268.0,0.02,5.2e-05,31843.0,,,,
4180,8000,37288,1.813,0.0314,3.4894,4.092,0.0124,0.09,6.8,0.94,0.0,981.0,458,520,3,47,53,0,267.0,0.03,5.2e-05,31846.0,,,,
4181,8000,37305,1.859,0.0465,3.5509,4.023,0.0139,0.09,5.96,0.93,0.0,1002.0,513,476,13,51,48,1,262.0,0.03,5.2e-05,30702.0,,,,
4182,8000,37321,1.8478,0.0317,3.5584,4.098,0.0156,0.1,5.33,0.92,0.0,1090.0,570,515,5,52,47,0,240.0,0.02,5.2e-05,31908.0,,,,
4183,8000,37338,1.8262,0.0252,3.5294,4.262,0.0134,0.09,5.27,0.92,0.0,1078.0,549,517,12,51,48,1,243.0,0.02,5.2e-05,31793.0,,,,
4184,8000,37354,1.8157,0.0302,3.4989,4.37,0.0136,0.09,11.23,0.93,0.0,1040.0,520,516,4,50,50,0,252.0,0.02,5.2e-05,31800.0,,,,
4185,8000,37371,1.8356,0.0503,3.4987,4.33,0.0139,0.09,6.28,0.93,0.0,975.0,506,458,11,52,47,1,269.0,0.02,5.2e-05,31853.0,,,,
4186,8000,37388,1.8059,0.0449,3.4496,4.283,0.0146,0.1,3.87,0.94,0.0,884.0,421,451,12,48,51,1,297.0,0.02,5.2e-05,31811.0,,,,
4187,8000,37404,1.7794,0.0423,3.4034,4.316,0.0134,0.09,3.92,0.94,0.0,871.0,410,440,21,47,51,2,301.0,0.02,5.2e-05,31792.0,,,,
4188,8000,37421,1.7891,0.0348,3.436,4.247,0.012,0.09,4.71,0.94,0.0,899.0,426,463,10,47,52,1,292.0,0.02,5.2e-05,31786.0,,,,
4189,8000,37437,1.7817,0.0295,3.4325,4.25,0.0117,0.09,5.86,0.94,0.0,792.0,377,398,17,48,50,2,331.0,0.02,5.2e-05,31804.0,,,,
4190,8000,37454,1.8054,0.038,3.4621,4.238,0.0145,0.09,6.56,0.94,0.0,858.0,413,434,11,48,51,1,306.0,0.03,5.2e-05,31790.0,,,,
4191,8000,37470,1.7996,0.0323,3.4623,4.23,0.0114,0.08,6.0,0.94,0.0,915.0,438,466,11,48,51,1,286.0,0.02,5.2e-05,31797.0,,,,
4192,8000,37487,1.7975,0.0371,3.4491,4.285,0.011,0.08,9.2,0.95,0.0,910.0,418,472,20,46,52,2,288.0,0.01,5.2e-05,31817.0,,,,
4193,8000,37503,1.8069,0.0239,3.493,4.141,0.0107,0.08,8.03,0.94,0.0,919.0,447,456,16,49,50,2,285.0,0.02,5.2e-05,31796.0,,,,
4194,8000,37520,1.8145,0.031,3.4943,4.187,0.0145,0.09,5.47,0.94,0.0,963.0,428,516,19,44,54,2,272.0,0.01,5.2e-05,31854.0,,,,
4195,8000,37536,1.8067,0.034,3.4736,4.237,0.0117,0.08,6.97,0.95,0.0,969.0,434,522,13,45,54,1,271.0,0.03,5.2e-05,31796.0,,,,
4196,8000,37553,1.8027,0.0493,3.4367,4.323,0.0153,0.09,4.59,0.95,0.0,998.0,479,497,22,48,50,2,263.0,0.04,5.2e-05,31791.0,,,,
4197,8000,37570,1.8012,0.0338,3.465,4.426,0.0145,0.09,6.76,0.95,0.0,1016.0,518,485,13,51,48,1,258.0,0.03,5.2e-05,31800.0,,,,
4198,8000,37586,1.7722,0.0295,3.4147,4.383,0.0135,0.09,4.09,0.95,0.0,976.0,508,456,12,52,47,1,269.0,0.01,5.2e-05,31841.0,,,,
4199,8000,37603,1.8031,0.036,3.462,4.335,0.0133,0.09,9.73,0.95,0.0,1020.0,553,461,6,54,45,1,257.0,0.02,5.2e-05,31805.0,178,0,334,35
4200,8000,37634,1.7519,0.0264,3.3789,4.36,0.0119,0.08,5.36,0.96,0.0,960.0,520,434,6,54,45,1,273.0,0.03,5.2e-05,32012.0,,,,
4201,8000,37651,1.8563,0.0413,3.5583,4.357,0.0188,0.1,3.47,0.93,0.0,1042.0,529,508,5,51,49,0,252.0,0.03,5.2e-05,30603.0,,,,
4202,8000,37668,1.8756,0.0307,3.6181,4.335,0.0128,0.09,8.44,0.93,0.0,1026.0,488,529,9,48,52,1,256.0,0.01,5.2e-05,31774.0,,,,
4203,8000,37684,1.8055,0.02,3.4993,4.346,0.0134,0.09,4.34,0.94,0.0,990.0,490,490,10,49,49,1,265.0,0.01,5.2e-05,31810.0,,,,
4204,8000,37701,1.8474,0.0148,3.5939,4.381,0.0105,0.08,6.71,0.94,0.0,1021.0,495,518,8,48,51,1,257.0,0.01,5.2e-05,31753.0,,,,
4205,8000,37718,1.8468,0.033,3.5596,4.342,0.0151,0.1,3.33,0.93,0.0,1057.0,515,516,26,49,49,2,248.0,0.02,5.2e-05,31800.0,,,,
4206,8000,37734,1.836,0.0267,3.5484,4.311,0.0139,0.09,5.28,0.93,0.0,1026.0,533,479,14,52,47,1,256.0,0.01,5.2e-05,31839.0,,,,
4207,8000,37751,1.834,0.0226,3.553,4.206,0.013,0.09,4.97,0.94,0.0,1058.0,522,520,16,49,49,2,248.0,0.01,5.2e-05,31765.0,,,,
4208,8000,37767,1.79,0.0075,3.4946,4.221,0.0131,0.1,3.22,0.94,0.0,1056.0,480,563,13,45,53,1,248.0,0.01,5.2e-05,31767.0,,,,
4209,8000,37784,1.8275,0.0165,3.5501,4.179,0.0138,0.1,3.85,0.93,0.0,1090.0,531,549,10,49,50,1,240.0,0.01,5.2e-05,31751.0,,,,
4210,8000,37800,1.8358,0.0236,3.5507,4.148,0.0133,0.09,3.28,0.94,0.0,1119.0,519,598,2,46,53,0,234.0,0.01,5.2e-05,31771.0,,,,
4211,8000,37817,1.8505,0.0428,3.5419,4.15,0.0115,0.09,4.66,0.94,0.0,1096.0,545,549,2,50,50,0,239.0,0.02,5.2e-05,31766.0,,,,
4212,8000,37833,1.8244,0.013,3.5499,4.243,0.0115,0.09,3.43,0.94,0.0,1088.0,496,591,1,46,54,0,241.0,0.01,5.2e-05,31757.0,,,,
4213,8000,37850,1.8044,0.0057,3.5241,4.179,0.011,0.09,4.63,0.94,0.0,1080.0,528,551,1,49,51,0,243.0,0.02,5.2e-05,31832.0,,,,
4214,8000,37867,1.8472,0.0449,3.5314,4.217,0.0101,0.08,4.77,0.94,0.0,1031.0,486,543,2,47,53,0,254.0,0.02,5.1e-05,31741.0,,,,
4215,8000,37883,1.8525,0.0289,3.5743,4.216,0.0097,0.08,8.53,0.94,0.0,1065.0,512,551,2,48,52,0,246.0,0.01,5.1e-05,31765.0,,,,
4216,8000,37900,1.8092,0.029,3.4879,4.272,0.0103,0.08,6.81,0.95,0.0,1017.0,527,488,2,52,48,0,258.0,0.02,5.1e-05,31759.0,,,,
4217,8000,37916,1.8659,0.0329,3.5927,4.137,0.0105,0.08,4.97,0.93,0.0,1092.0,550,540,2,50,49,0,240.0,0.02,5.1e-05,31754.0,,,,
4218,8000,37933,1.8172,0.0271,3.5064,4.093,0.0138,0.1,3.31,0.94,0.0,1080.0,549,529,2,51,49,0,243.0,0.02,5.1e-05,31831.0,,,,
4219,8000,37949,1.8254,0.0347,3.5085,4.205,0.0126,0.09,3.79,0.94,0.0,1094.0,548,546,0,50,50,0,240.0,0.02,5.1e-05,31756.0,,,,
4220,8000,37966,1.8491,0.0384,3.5488,4.219,0.0101,0.08,4.28,0.94,0.0,1105.0,529,573,3,48,52,0,237.0,0.02,5.1e-05,31818.0,,,,
4221,8000,37983,1.86,0.0125,3.622,4.158,0.0129,0.1,3.65,0.93,0.0,1127.0,538,587,2,48,52,0,233.0,0.02,5.1e-05,30651.0,,,,
4222,8000,38000,1.8209,0.0027,3.5644,4.278,0.0114,0.09,3.55,0.93,0.0,1064.0,510,553,1,48,52,0,246.0,0.02,5.1e-05,31781.0,,,,
4223,8000,38016,1.7668,0.0017,3.4596,4.437,0.0112,0.09,3.79,0.94,0.0,983.0,479,501,3,49,51,0,267.0,0.01,5.1e-05,31872.0,,,,
4224,8000,38033,1.7831,0.0087,3.4782,4.445,0.012,0.09,3.7,0.94,0.0,1009.0,486,521,2,48,52,0,260.0,0.02,5.1e-05,31800.0,,,,
4225,8000,38049,1.7715,0.0003,3.4726,4.506,0.0131,0.09,2.7,0.94,0.0,1020.0,462,551,7,45,54,1,257.0,0.02,5.1e-05,31799.0,,,,
4226,8000,38066,1.7796,0.0044,3.4798,4.421,0.0126,0.09,3.14,0.94,0.0,997.0,444,549,4,45,55,0,263.0,0.01,5.1e-05,31795.0,,,,
4227,8000,38082,1.7954,0.001,3.5176,4.382,0.0105,0.08,4.19,0.94,0.0,1070.0,563,506,1,53,47,0,245.0,0.01,5.1e-05,31790.0,,,,
4228,8000,38099,1.8303,-0.0056,3.5999,4.24,0.01,0.08,3.53,0.93,0.0,1152.0,565,583,4,49,51,0,228.0,0.02,5.1e-05,31781.0,,,,
4229,8000,38115,1.872,0.012,3.647,4.162,0.0087,0.08,4.55,0.93,0.0,1210.0,573,637,0,47,53,0,217.0,0.02,5.1e-05,31796.0,,,,
4230,8000,38132,1.8422,-0.0034,3.6185,4.177,0.0118,0.09,2.86,0.93,0.0,1177.0,581,596,0,49,51,0,223.0,0.01,5.1e-05,31862.0,,,,
4231,8000,38149,1.8302,-0.0072,3.602,4.186,0.0117,0.09,2.95,0.93,0.0,1181.0,587,593,1,50,50,0,222.0,0.02,5.1e-05,31780.0,,,,
4232,8000,38165,1.8336,-0.0061,3.6069,4.207,0.0109,0.09,4.03,0.93,0.0,1190.0,578,610,2,49,51,0,220.0,0.02,5.1e-05,31849.0,,,,
4233,8000,38182,1.8227,0.0001,3.573,4.269,0.0112,0.08,3.49,0.93,0.0,1194.0,634,560,0,53,47,0,220.0,0.01,5.1e-05,31782.0,,,,
4234,8000,38198,1.8091,0.0041,3.5375,4.209,0.0103,0.08,3.77,0.94,0.0,1147.0,577,568,2,50,50,0,229.0,0.01,5.1e-05,31794.0,,,,
4235,8000,38215,1.8269,0.0047,3.5723,4.295,0.0127,0.09,3.59,0.93,0.0,1178.0,576,599,3,49,51,0,223.0,0.01,5.1e-05,31854.0,,,,
4236,8000,38231,1.8222,0.0085,3.5548,4.191,0.0116,0.08,4.22,0.94,0.0,1140.0,596,535,9,52,47,1,230.0,0.01,5.1e-05,31860.0,,,,
4237,8000,38248,1.8277,0.0135,3.5558,4.225,0.0121,0.09,3.49,0.93,0.0,1130.0,575,547,8,51,48,1,232.0,0.01,5.1e-05,31810.0,,,,
4238,8000,38264,1.8256,-0.0009,3.5802,4.192,0.0117,0.08,7.35,0.93,0.0,1183.0,621,551,11,52,47,1,222.0,0.0,5.1e-05,31777.0,,,,
4239,8000,38281,1.8151,0.0084,3.541,4.258,0.012,0.09,3.68,0.93,0.0,1165.0,591,562,12,51,48,1,225.0,0.01,5.1e-05,31786.0,,,,
4240,8000,38297,1.8393,0.0124,3.5813,4.222,0.0108,0.08,5.51,0.93,0.0,1186.0,618,555,13,52,47,1,221.0,0.01,5.1e-05,31778.0,,,,
4241,8000,38315,1.9174,0.0134,3.7347,4.14,0.0139,0.09,7.38,0.92,0.0,1258.0,638,611,9,51,49,1,208.0,0.01,5.1e-05,30703.0,,,,
4242,8000,38331,1.9042,0.0157,3.7034,4.108,0.0139,0.09,5.8,0.92,0.0,1318.0,627,684,7,48,52,1,199.0,0.01,5.1e-05,31871.0,,,,
4243,8000,38348,1.8536,0.0084,3.6176,4.289,0.0132,0.09,4.12,0.92,0.0,1278.0,621,645,12,49,50,1,205.0,0.01,5.1e-05,31831.0,,,,
4244,8000,38364,1.8116,-0.0133,3.5784,4.369,0.0139,0.09,3.86,0.93,0.0,1313.0,677,628,8,52,48,1,200.0,0.01,5.1e-05,31844.0,,,,
4245,8000,38381,1.8288,-0.0059,3.5974,4.325,0.0121,0.09,3.99,0.93,0.0,1348.0,693,654,1,51,49,0,194.0,0.01,5.1e-05,31841.0,,,,
4246,8000,38397,1.8548,0.0088,3.6195,4.24,0.0142,0.09,3.05,0.93,0.0,1378.0,706,672,0,51,49,0,190.0,0.01,5.1e-05,31843.0,,,,
4247,8000,38414,1.8423,0.0162,3.5798,4.237,0.0132,0.09,3.87,0.93,0.0,1367.0,708,658,1,52,48,0,192.0,0.01,5.1e-05,31840.0,,,,
4248,8000,38430,1.8379,0.0132,3.577,4.269,0.0135,0.09,3.18,0.93,0.0,1271.0,691,580,0,54,46,0,206.0,0.01,5.1e-05,31888.0,,,,
4249,8000,38447,1.8807,0.0346,3.6194,4.231,0.0173,0.1,2.93,0.93,0.0,1270.0,655,615,0,52,48,0,206.0,0.02,5.1e-05,31831.0,173,0,339,34
4250,8000,38478,1.8585,0.0269,3.5905,4.213,0.013,0.09,3.29,0.93,0.0,1275.0,665,609,1,52,48,0,206.0,0.02,5.1e-05,32035.0,,,,
4251,8000,38495,1.821,0.0147,3.5402,4.28,0.0116,0.08,2.69,0.94,0.0,1210.0,593,617,0,49,51,0,217.0,0.03,5.1e-05,31843.0,,,,
4252,8000,38511,1.8142,0.0059,3.5454,4.378,0.0117,0.09,2.92,0.93,0.0,1168.0,591,572,5,51,49,0,224.0,0.04,5.1e-05,31841.0,,,,
4253,8000,38528,1.8246,0.0164,3.5444,4.318,0.0123,0.09,2.69,0.93,0.0,1151.0,569,581,1,49,50,0,228.0,0.04,5.1e-05,31879.0,,,,
4254,8000,38544,1.837,0.0187,3.5649,4.31,0.0139,0.09,3.32,0.93,0.0,1152.0,556,593,3,48,51,0,228.0,0.04,5.1e-05,31843.0,,,,
4255,8000,38561,1.7871,0.0026,3.4978,4.403,0.0123,0.08,2.93,0.93,0.0,1177.0,535,640,2,45,54,0,223.0,0.05,5.1e-05,31883.0,,,,
4256,8000,38577,1.8256,0.02,3.5397,4.331,0.0139,0.08,3.27,0.92,0.0,1144.0,561,581,2,49,51,0,229.0,0.03,5.1e-05,31844.0,,,,
4257,8000,38594,1.8161,0.0138,3.5336,4.333,0.0114,0.09,3.43,0.92,0.0,1063.0,486,568,9,46,53,1,247.0,0.03,5.1e-05,31876.0,,,,
4258,8000,38611,1.8064,0.0212,3.4989,4.342,0.013,0.08,2.74,0.93,0.0,1163.0,561,592,10,48,51,1,225.0,0.04,5.1e-05,31849.0,,,,
4259,8000,38627,1.8426,0.0248,3.5638,4.276,0.0123,0.08,3.18,0.92,0.0,1084.0,511,566,7,47,52,1,242.0,0.06,5.1e-05,31833.0,,,,
4260,8000,38644,1.8166,0.0205,3.52,4.251,0.013,0.09,4.01,0.93,0.0,1071.0,551,517,3,51,48,0,245.0,0.06,5.1e-05,31808.0,,,,
4261,8000,38661,1.8718,0.0252,3.6208,4.278,0.0128,0.08,3.28,0.91,0.0,1133.0,549,580,4,48,51,0,231.0,0.06,5.1e-05,30692.0,,,,
4262,8000,38677,1.8919,0.0214,3.6683,4.232,0.0124,0.09,2.71,0.9,0.0,1203.0,600,601,2,50,50,0,218.0,0.07,5.1e-05,31816.0,,,,
4263,8000,38694,1.8403,-0.0004,3.6084,4.209,0.0127,0.09,2.86,0.91,0.0,1242.0,623,616,3,50,50,0,211.0,0.06,5.1e-05,31869.0,,,,
4264,8000,38710,1.8412,0.0176,3.5747,4.251,0.0126,0.09,2.99,0.91,0.0,1219.0,582,633,4,48,52,0,215.0,0.03,5.1e-05,31793.0,,,,
4265,8000,38727,1.8501,0.0209,3.5857,4.237,0.0124,0.08,3.38,0.92,0.0,1317.0,642,675,0,49,51,0,199.0,0.03,5.1e-05,31800.0,,,,
4266,8000,38743,1.868,0.0316,3.5999,4.186,0.013,0.09,2.72,0.92,0.0,1297.0,656,640,1,51,49,0,202.0,0.02,5.1e-05,31812.0,,,,
4267,8000,38760,1.8577,0.0066,3.6291,4.18,0.012,0.08,2.64,0.92,0.0,1366.0,662,703,1,48,51,0,192.0,0.02,5.1e-05,31801.0,,,,
4268,8000,38777,1.8225,0.0021,3.5682,4.247,0.0121,0.08,2.8,0.93,0.0,1226.0,599,627,0,49,51,0,214.0,0.02,5.1e-05,31814.0,,,,
4269,8000,38793,1.886,0.0163,3.6664,4.162,0.0122,0.09,3.4,0.92,0.0,1303.0,632,668,3,49,51,0,201.0,0.02,5.1e-05,31796.0,,,,
4270,8000,38810,1.8532,0.011,3.6113,4.171,0.0135,0.09,2.65,0.93,0.0,1288.0,602,685,1,47,53,0,204.0,0.01,5.1e-05,31803.0,,,,
4271,8000,38826,1.8221,-0.0091,3.5895,4.177,0.0118,0.08,2.89,0.93,0.0,1344.0,621,717,6,46,53,0,195.0,0.01,5.1e-05,31871.0,,,,
4272,8000,38843,1.854,0.002,3.6309,4.155,0.013,0.09,3.01,0.93,0.0,1333.0,624,708,1,47,53,0,197.0,0.01,5.1e-05,31794.0,,,,
4273,8000,38859,1.8752,0.0049,3.6671,4.102,0.0129,0.09,2.92,0.93,0.0,1406.0,672,731,3,48,52,0,186.0,0.0,5.1e-05,31860.0,,,,
4274,8000,38876,1.8586,0.012,3.6197,4.069,0.0136,0.08,2.69,0.93,0.0,1340.0,600,737,3,45,55,0,196.0,0.0,5.1e-05,31802.0,,,,
4275,8000,38892,1.8766,0.0287,3.6227,4.142,0.0125,0.09,2.53,0.93,0.0,1352.0,639,711,2,47,53,0,194.0,0.01,5.1e-05,31864.0,,,,
4276,8000,38909,1.8632,0.0136,3.6257,4.091,0.0125,0.08,2.71,0.93,0.0,1395.0,670,723,2,48,52,0,188.0,0.01,5.1e-05,31813.0,,,,
4277,8000,38925,1.8761,0.0196,3.6388,4.032,0.0116,0.09,2.86,0.93,0.0,1399.0,641,758,0,46,54,0,187.0,0.01,5.1e-05,31803.0,,,,
4278,8000,38942,1.9043,0.0431,3.6488,4.107,0.0097,0.08,3.42,0.92,0.0,1408.0,691,717,0,49,51,0,186.0,0.01,5.1e-05,31807.0,,,,
4279,8000,38959,1.905,0.0438,3.648,3.995,0.0124,0.09,2.82,0.92,0.0,1424.0,678,745,1,48,52,0,184.0,0.01,5.1e-05,31805.0,,,,
4280,8000,38975,1.8939,0.0338,3.6461,3.981,0.0127,0.08,2.87,0.93,0.0,1435.0,716,716,3,50,50,0,183.0,0.0,5.1e-05,31875.0,,,,
4281,8000,38992,1.9625,0.0445,3.7614,3.913,0.0175,0.1,2.95,0.9,0.0,1406.0,780,623,3,55,44,0,186.0,0.01,5.1e-05,30720.0,,,,
4282,8000,39009,1.9487,0.0367,3.7497,3.959,0.0151,0.1,2.68,0.9,0.0,1424.0,746,675,3,52,47,0,184.0,0.03,5.1e-05,31831.0,,,,
4283,8000,39025,1.9078,0.0355,3.6705,4.002,0.0137,0.1,2.39,0.9,0.0,1443.0,747,693,3,52,48,0,182.0,0.04,5.1e-05,31812.0,,,,
4284,8000,39042,1.9339,0.0643,3.6659,4.072,0.0135,0.1,2.5,0.91,0.0,1419.0,735,681,3,52,48,0,185.0,0.04,5.1e-05,31807.0,,,,
4285,8000,39058,1.9309,0.0295,3.7281,3.908,0.0131,0.1,2.78,0.91,0.0,1477.0,791,686,0,54,46,0,177.0,0.03,5.1e-05,31794.0,,,,
4286,8000,39075,1.9565,0.043,3.7525,3.907,0.0127,0.09,2.44,0.91,0.0,1481.0,747,732,2,50,49,0,177.0,0.03,5.1e-05,31818.0,,,,
4287,8000,39091,1.9422,0.0348,3.7397,3.837,0.0131,0.1,2.55,0.91,0.0,1459.0,723,734,2,50,50,0,180.0,0.01,5.1e-05,31795.0,,,,
4288,8000,39108,1.9166,-0.0009,3.7596,3.796,0.0122,0.1,2.9,0.91,0.0,1439.0,704,733,2,49,51,0,182.0,0.01,5.1e-05,31831.0,,,,
4289,8000,39125,1.9229,0.0112,3.7482,3.867,0.0118,0.09,2.73,0.91,0.0,1493.0,757,735,1,51,49,0,176.0,0.01,5.1e-05,31797.0,,,,
4290,8000,39141,1.9272,0.0232,3.7332,3.838,0.0116,0.09,2.61,0.91,0.0,1518.0,726,787,5,48,52,0,173.0,0.02,5e-05,31824.0,,,,
4291,8000,39158,1.8774,-0.013,3.7057,3.847,0.0126,0.1,2.66,0.92,0.0,1430.0,681,746,3,48,52,0,183.0,0.01,5e-05,31873.0,,,,
4292,8000,39174,1.8633,-0.0105,3.6732,3.922,0.0112,0.09,2.41,0.92,0.0,1362.0,653,704,5,48,52,0,192.0,0.02,5e-05,31782.0,,,,
4293,8000,39191,1.8974,0.0054,3.7092,3.881,0.0136,0.1,2.67,0.92,0.0,1391.0,691,697,3,50,50,0,188.0,0.02,5e-05,31796.0,,,,
4294,8000,39207,1.9126,0.0237,3.7026,3.881,0.0144,0.1,2.39,0.92,0.0,1361.0,658,701,2,48,52,0,193.0,0.01,5e-05,31811.0,,,,
4295,8000,39224,1.8851,0.0205,3.6546,3.931,0.0137,0.09,3.21,0.93,0.0,1295.0,634,657,4,49,51,0,202.0,0.01,5e-05,31803.0,,,,
4296,8000,39240,1.8746,0.0202,3.6347,3.957,0.0137,0.1,2.93,0.93,0.0,1175.0,555,615,5,47,52,0,223.0,0.02,5e-05,31874.0,,,,
4297,8000,39257,1.8276,0.006,3.5698,4.049,0.0133,0.09,3.21,0.93,0.0,1160.0,520,634,6,45,55,1,226.0,0.02,5e-05,31820.0,,,,
4298,8000,39273,1.8051,0.0209,3.496,4.099,0.0118,0.09,2.99,0.93,0.0,1043.0,497,533,13,48,51,1,251.0,0.04,5e-05,31796.0,,,,
4299,8000,39290,1.8004,0.0284,3.4721,4.141,0.0135,0.1,2.82,0.93,0.0,947.0,422,509,16,45,54,2,277.0,0.04,5e-05,31816.0,170,0,342,33
4300,8000,39322,1.7392,0.021,3.3674,4.255,0.0109,0.09,3.56,0.94,0.0,869.0,414,431,24,48,50,3,302.0,0.05,5e-05,32025.0,,,,
4301,8000,39339,1.7499,0.0119,3.4057,4.325,0.0145,0.1,2.89,0.93,0.0,859.0,393,440,26,46,51,3,305.0,0.06,5e-05,30683.0,,,,
4302,8000,39355,1.7505,0.0128,3.4102,4.336,0.0116,0.09,2.68,0.92,0.0,860.0,437,372,51,51,43,6,305.0,0.05,5e-05,31815.0,,,,
4303,8000,39372,1.7867,0.0282,3.4484,4.309,0.0127,0.09,2.61,0.92,0.0,828.0,398,390,40,48,47,5,317.0,0.04,5e-05,31858.0,,,,
4304,8000,39388,1.7773,0.0148,3.4584,4.257,0.0117,0.09,3.15,0.91,0.0,924.0,473,396,55,51,43,6,284.0,0.03,5e-05,31821.0,,,,
4305,8000,39405,1.8188,0.0214,3.5239,4.145,0.0125,0.09,2.92,0.9,0.0,937.0,454,446,37,48,48,4,280.0,0.03,5e-05,31825.0,,,,
4306,8000,39421,1.7854,0.0219,3.4576,4.228,0.0128,0.09,2.68,0.92,0.0,1039.0,486,507,46,47,49,4,252.0,0.03,5e-05,31807.0,,,,
4307,8000,39438,1.821,0.0193,3.5333,4.17,0.0123,0.09,2.53,0.91,0.0,1021.0,470,512,39,46,50,4,257.0,0.02,5e-05,31813.0,,,,
4308,8000,39454,1.8157,0.0231,3.5151,4.163,0.0135,0.09,2.76,0.92,0.0,1002.0,468,489,45,47,49,4,262.0,0.02,5e-05,31834.0,,,,
4309,8000,39471,1.8052,0.0173,3.5058,4.229,0.0128,0.09,3.34,0.93,0.0,987.0,457,508,22,46,51,2,266.0,0.03,5e-05,31887.0,,,,
4310,8000,39487,1.8241,0.0316,3.5143,4.148,0.0141,0.09,2.71,0.92,0.0,981.0,429,525,27,44,54,3,267.0,0.03,5e-05,31911.0,,,,
4311,8000,39504,1.8291,0.0432,3.5017,4.132,0.0135,0.08,3.01,0.92,0.0,956.0,420,495,41,44,52,4,274.0,0.02,5e-05,31824.0,,,,
4312,8000,39520,1.8441,0.0299,3.5564,4.099,0.0123,0.09,2.75,0.93,0.0,998.0,445,519,34,45,52,3,263.0,0.02,5e-05,31886.0,,,,
4313,8000,39537,1.8619,0.0261,3.5999,4.081,0.0148,0.1,3.4,0.92,0.0,1054.0,507,502,45,48,48,4,249.0,0.01,5e-05,31825.0,,,,
4314,8000,39554,1.8386,0.0162,3.5719,4.029,0.0142,0.1,3.14,0.93,0.0,1114.0,553,537,24,50,48,2,235.0,0.01,5e-05,31820.0,,,,
4315,8000,39570,1.9289,0.0383,3.7084,4.03,0.0203,0.1,13.54,0.92,0.0,1200.0,606,570,24,50,48,2,218.0,0.02,5e-05,31831.0,,,,
4316,8000,39587,1.9748,0.0597,3.7559,3.924,0.0078,0.07,16.87,0.93,0.0,1096.0,553,532,11,50,49,1,239.0,0.02,5e-05,31884.0,,,,
4317,8000,39603,1.9359,0.0577,3.6807,3.762,0.0087,0.07,7.57,0.92,0.0,1118.0,547,554,17,49,50,2,234.0,0.03,5e-05,31834.0,,,,
4318,8000,39620,1.887,0.0512,3.596,3.778,0.0118,0.1,3.87,0.93,0.0,1135.0,549,568,18,48,50,2,231.0,0.02,5e-05,31815.0,,,,
4319,8000,39636,1.8797,0.0384,3.6066,3.775,0.0105,0.09,5.37,0.93,0.0,1115.0,543,555,17,49,50,2,235.0,0.02,5e-05,31815.0,,,,
4320,8000,39653,1.8586,0.0446,3.5524,3.816,0.0117,0.09,3.97,0.93,0.0,1115.0,584,519,12,52,47,1,235.0,0.01,5e-05,31832.0,,,,
4321,8000,39670,1.9539,0.061,3.71,3.81,0.018,0.11,2.96,0.9,0.0,1236.0,640,580,16,52,47,1,212.0,0.01,5e-05,30662.0,,,,
4322,8000,39686,1.9114,0.0575,3.6329,3.946,0.0177,0.11,2.54,0.91,0.0,1215.0,675,526,14,56,43,1,216.0,0.01,5e-05,31831.0,,,,
4323,8000,39703,1.9027,0.0417,3.6474,3.994,0.0154,0.1,8.22,0.92,0.0,1185.0,629,538,18,53,45,2,221.0,0.01,5e-05,31847.0,,,,
4324,8000,39719,1.8384,0.0538,3.4954,4.047,0.0186,0.1,2.71,0.92,0.0,1153.0,597,541,15,52,47,1,227.0,0.01,5e-05,31856.0,,,,
4325,8000,39736,1.8616,0.0529,3.5439,3.983,0.016,0.1,3.14,0.92,0.0,1082.0,534,521,27,49,48,2,242.0,0.02,5e-05,31834.0,,,,
4326,8000,39753,1.841,0.048,3.513,4.056,0.0134,0.1,3.07,0.92,0.0,1092.0,502,562,28,46,51,3,240.0,0.01,5e-05,31826.0,,,,
4327,8000,39769,1.8272,0.0378,3.5055,4.063,0.0127,0.09,3.08,0.93,0.0,1078.0,492,562,24,46,52,2,243.0,0.01,5e-05,31810.0,,,,
4328,8000,39786,1.8425,0.0386,3.5351,4.016,0.0124,0.09,3.84,0.92,0.0,1116.0,526,556,34,47,50,3,235.0,0.01,5e-05,31880.0,,,,
4329,8000,39802,1.9177,0.0687,3.624,3.95,0.0162,0.1,4.8,0.93,0.0,1173.0,570,584,19,49,50,2,223.0,0.01,5e-05,31815.0,,,,
4330,8000,39819,1.8943,0.0407,3.6324,3.849,0.0131,0.09,2.8,0.93,0.0,1225.0,612,596,17,50,49,1,214.0,0.02,5e-05,31809.0,,,,
4331,8000,39835,1.8839,0.0205,3.6521,3.862,0.0114,0.09,3.12,0.93,0.0,1184.0,586,584,14,49,49,1,221.0,0.01,5e-05,31848.0,,,,
4332,8000,39852,1.8717,0.0132,3.6419,3.831,0.011,0.09,4.01,0.93,0.0,1142.0,556,571,15,49,50,1,230.0,0.01,5e-05,31845.0,,,,
4333,8000,39868,1.8479,0.0153,3.5905,3.834,0.013,0.09,4.41,0.94,0.0,1133.0,546,574,13,48,51,1,231.0,0.01,5e-05,31816.0,,,,
4334,8000,39885,2.0216,0.0295,3.9094,3.926,0.013,0.1,29.5,0.94,0.0,1119.0,513,596,10,46,53,1,234.0,0.02,5e-05,31832.0,,,,
4335,8000,39901,1.8399,0.034,3.5373,3.852,0.0116,0.09,4.38,0.94,0.0,1119.0,505,599,15,45,54,1,234.0,0.02,5e-05,31792.0,,,,
4336,8000,39918,1.8345,0.0349,3.5252,3.945,0.0146,0.1,3.22,0.94,0.0,1090.0,456,621,13,42,57,1,240.0,0.02,5e-05,31847.0,,,,
4337,8000,39935,1.8295,0.0196,3.5463,3.986,0.0123,0.1,3.38,0.94,0.0,1100.0,457,627,16,42,57,1,238.0,0.01,5e-05,31814.0,,,,
4338,8000,39951,1.8199,0.0278,3.5115,4.027,0.0145,0.09,4.32,0.94,0.0,1072.0,476,580,16,44,54,1,245.0,0.01,5e-05,31813.0,,,,
4339,8000,39968,1.8103,0.0183,3.5109,4.016,0.0118,0.09,3.75,0.94,0.0,1044.0,491,536,17,47,51,2,251.0,0.01,5e-05,31813.0,,,,
4340,8000,39984,1.8372,0.0377,3.5254,3.998,0.0135,0.09,3.85,0.95,0.0,1071.0,522,533,16,49,50,1,245.0,0.01,5e-05,31804.0,,,,
4341,8000,40001,1.8853,0.0151,3.6656,3.856,0.0152,0.1,3.48,0.92,0.0,1146.0,576,547,23,50,48,2,229.0,0.01,5e-05,30737.0,,,,
4342,8000,40018,1.8729,0.0134,3.6441,3.92,0.0156,0.11,3.08,0.92,0.0,1187.0,636,542,9,54,46,1,221.0,0.01,5e-05,31859.0,,,,
4343,8000,40034,1.8475,0.0162,3.5877,4.005,0.0146,0.1,3.49,0.92,0.0,1202.0,656,535,11,55,45,1,218.0,0.01,5e-05,31852.0,,,,
4344,8000,40051,1.8786,0.0216,3.6393,3.969,0.014,0.1,2.68,0.91,0.0,1307.0,692,604,11,53,46,1,201.0,0.02,5e-05,31931.0,,,,
4345,8000,40067,1.8958,0.0183,3.6794,3.913,0.0164,0.1,3.04,0.9,0.0,1317.0,651,656,10,49,50,1,199.0,0.01,5e-05,31855.0,,,,
4346,8000,40084,1.9008,0.022,3.6815,3.817,0.0141,0.1,2.95,0.91,0.0,1369.0,709,657,3,52,48,0,191.0,0.02,5e-05,31865.0,,,,
4347,8000,40100,1.9685,0.0158,3.8288,3.76,0.0102,0.09,5.73,0.9,0.0,1424.0,695,729,0,49,51,0,184.0,0.01,5e-05,31885.0,,,,
4348,8000,40117,1.9138,0.0195,3.7122,3.734,0.0127,0.1,3.16,0.91,0.0,1352.0,639,710,3,47,53,0,194.0,0.01,5e-05,31859.0,,,,
4349,8000,40133,1.9073,0.0189,3.7,3.695,0.0129,0.1,2.72,0.92,0.0,1343.0,683,657,3,51,49,0,195.0,0.01,5e-05,31917.0,236,0,276,46
4350,8000,40165,1.9356,0.0206,3.752,3.581,0.0142,0.11,2.85,0.91,0.0,1380.0,693,686,1,50,50,0,190.0,0.01,5e-05,32072.0,,,,
4351,8000,40181,1.9239,0.0229,3.7241,3.621,0.016,0.1,3.01,0.92,0.0,1397.0,703,693,1,50,50,0,188.0,0.0,5e-05,31857.0,,,,
4352,8000,40198,1.8777,0.0044,3.6695,3.707,0.0112,0.09,3.01,0.92,0.0,1400.0,688,712,0,49,51,0,187.0,0.01,5e-05,31848.0,,,,
4353,8000,40214,1.8863,0.0111,3.6739,3.812,0.014,0.1,3.98,0.93,0.0,1361.0,676,685,0,50,50,0,193.0,0.01,5e-05,31848.0,,,,
4354,8000,40231,1.9111,0.0303,3.6845,3.758,0.0146,0.09,4.75,0.93,0.0,1281.0,617,663,1,48,52,0,205.0,0.01,5e-05,31853.0,,,,
4355,8000,40247,1.8797,0.0052,3.6724,3.799,0.0167,0.1,3.12,0.93,0.0,1307.0,629,677,1,48,52,0,201.0,0.01,5e-05,31862.0,,,,
4356,8000,40264,1.8571,-0.0167,3.6704,3.704,0.0134,0.1,2.88,0.92,0.0,1316.0,633,681,2,48,52,0,199.0,0.02,5e-05,31867.0,,,,
4357,8000,40280,1.9074,-0.0003,3.7391,3.809,0.0126,0.09,3.9,0.92,0.0,1349.0,714,634,1,53,47,0,194.0,0.01,5e-05,31859.0,,,,
4358,8000,40297,1.8709,0.0007,3.6638,3.831,0.0146,0.09,3.63,0.92,0.0,1427.0,768,659,0,54,46,0,184.0,0.02,5e-05,31916.0,,,,
4359,8000,40313,1.8631,0.0042,3.6418,3.9,0.0177,0.09,4.53,0.92,0.0,1389.0,721,668,0,52,48,0,189.0,0.01,5e-05,31894.0,,,,
4360,8000,40330,1.9144,0.0237,3.7048,3.781,0.0146,0.09,3.53,0.92,0.0,1362.0,699,662,1,51,49,0,192.0,0.02,5e-05,31852.0,,,,
4361,8000,40347,1.9448,0.0193,3.7727,3.569,0.017,0.1,2.82,0.89,0.0,1379.0,687,692,0,50,50,0,190.0,0.01,5e-05,30707.0,,,,
4362,8000,40364,1.9491,-0.0005,3.8208,3.527,0.012,0.1,3.32,0.88,0.0,1478.0,779,699,0,53,47,0,177.0,0.01,5e-05,31879.0,,,,
4363,8000,40380,1.9281,0.0092,3.7605,3.666,0.0146,0.1,3.42,0.89,0.0,1524.0,756,768,0,50,50,0,172.0,0.01,5e-05,31833.0,,,,
4364,8000,40397,1.9022,-0.01,3.7469,3.673,0.0128,0.1,2.58,0.9,0.0,1526.0,741,785,0,49,51,0,172.0,0.01,5e-05,31877.0,,,,
4365,8000,40413,1.9198,-0.0024,3.767,3.633,0.013,0.1,2.73,0.9,0.0,1486.0,748,738,0,50,50,0,176.0,0.02,5e-05,31853.0,,,,
4366,8000,40430,1.952,0.0095,3.8073,3.614,0.0137,0.1,2.78,0.9,0.0,1425.0,706,719,0,50,50,0,184.0,0.02,5e-05,31826.0,,,,
4367,8000,40446,1.9113,-0.0118,3.7692,3.703,0.0114,0.09,2.78,0.91,0.0,1400.0,620,780,0,44,56,0,187.0,0.01,5e-05,31825.0,,,,
4368,8000,40463,1.9378,0.0025,3.7933,3.669,0.0119,0.1,3.57,0.91,0.0,1398.0,642,756,0,46,54,0,188.0,0.01,5e-05,31854.0,,,,
4369,8000,40479,1.9622,0.0268,3.7937,3.663,0.0122,0.1,3.23,0.91,0.0,1433.0,698,735,0,49,51,0,183.0,0.01,4.9e-05,31878.0,,,,
4370,8000,40496,1.9716,0.0301,3.8063,3.694,0.0121,0.1,2.92,0.91,0.0,1469.0,720,749,0,49,51,0,178.0,0.01,4.9e-05,31840.0,,,,
4371,8000,40512,1.9207,-0.0049,3.7739,3.665,0.0131,0.1,3.53,0.91,0.0,1426.0,722,704,0,51,49,0,184.0,0.01,4.9e-05,31835.0,,,,
4372,8000,40529,1.9129,0.0171,3.7147,3.723,0.0134,0.1,3.56,0.92,0.0,1356.0,672,684,0,50,50,0,193.0,0.02,4.9e-05,31823.0,,,,
4373,8000,40545,1.9318,0.029,3.7291,3.751,0.0161,0.1,3.09,0.92,0.0,1330.0,681,647,2,51,49,0,197.0,0.02,4.9e-05,31829.0,,,,
4374,8000,40562,1.9356,0.0238,3.7474,3.797,0.0158,0.11,3.19,0.92,0.0,1322.0,649,673,0,49,51,0,198.0,0.02,4.9e-05,31834.0,,,,
4375,8000,40578,1.9159,0.0083,3.7392,3.843,0.0175,0.11,3.22,0.92,0.0,1346.0,641,705,0,48,52,0,195.0,0.01,4.9e-05,31821.0,,,,
4376,8000,40595,1.8998,0.0018,3.7204,3.839,0.0163,0.11,2.72,0.93,0.0,1256.0,638,618,0,51,49,0,209.0,0.01,4.9e-05,31820.0,,,,
4377,8000,40612,1.8882,0.0107,3.6796,3.92,0.0172,0.11,2.98,0.93,0.0,1249.0,589,659,1,47,53,0,210.0,0.01,4.9e-05,31825.0,,,,
4378,8000,40628,1.8872,-0.0019,3.7029,3.904,0.0147,0.1,3.52,0.93,0.0,1315.0,621,693,1,47,53,0,199.0,0.01,4.9e-05,31830.0,,,,
4379,8000,40645,1.9022,0.0025,3.7237,3.834,0.0145,0.1,4.13,0.93,0.0,1226.0,594,630,2,48,51,0,214.0,0.01,4.9e-05,31815.0,,,,
4380,8000,40661,1.8997,-0.0113,3.7453,3.725,0.0122,0.1,4.09,0.92,0.0,1276.0,601,673,2,47,53,0,205.0,0.01,4.9e-05,31832.0,,,,
4381,8000,40678,1.9538,-0.0026,3.8355,3.63,0.0161,0.11,2.98,0.9,0.0,1345.0,658,687,0,49,51,0,195.0,0.01,4.9e-05,30663.0,,,,
4382,8000,40695,1.9803,0.0197,3.8432,3.62,0.0149,0.1,4.1,0.9,0.0,1366.0,696,669,1,51,49,0,192.0,0.02,4.9e-05,31853.0,,,,
4383,8000,40711,1.938,-0.0027,3.8042,3.661,0.0158,0.1,3.57,0.9,0.0,1351.0,723,628,0,54,46,0,194.0,0.01,4.9e-05,31816.0,,,,
4384,8000,40728,1.9257,0.0085,3.7578,3.735,0.0144,0.11,2.68,0.91,0.0,1348.0,727,619,2,54,46,0,194.0,0.01,4.9e-05,31829.0,,,,
4385,8000,40744,1.9262,0.0109,3.7537,3.701,0.0119,0.1,5.12,0.91,0.0,1293.0,740,553,0,57,43,0,203.0,0.01,4.9e-05,31813.0,,,,
4386,8000,40761,1.9277,0.0211,3.7358,3.616,0.0123,0.1,4.9,0.92,0.0,1269.0,700,567,2,55,45,0,207.0,0.02,4.9e-05,31860.0,,,,
4387,8000,40778,1.9783,0.0601,3.7589,3.593,0.0119,0.1,4.79,0.92,0.0,1353.0,768,585,0,57,43,0,194.0,0.01,4.9e-05,31815.0,,,,
4388,8000,40794,1.9603,0.0309,3.7813,3.608,0.0137,0.1,5.37,0.92,0.0,1318.0,715,602,1,54,46,0,199.0,0.02,4.9e-05,31806.0,,,,
4389,8000,40811,1.9523,0.0562,3.7139,3.534,0.011,0.09,5.02,0.93,0.0,1221.0,652,568,1,53,47,0,215.0,0.01,4.9e-05,31884.0,,,,
4390,8000,40827,1.9609,0.0503,3.7448,3.709,0.0122,0.1,4.0,0.93,0.0,1269.0,693,575,1,55,45,0,207.0,0.01,4.9e-05,31816.0,,,,
4391,8000,40844,1.9034,0.0227,3.6837,3.593,0.0099,0.09,4.46,0.94,0.0,1158.0,619,538,1,53,46,0,226.0,0.01,4.9e-05,31806.0,,,,
4392,8000,40860,1.9117,0.0163,3.7143,3.658,0.0111,0.09,5.76,0.93,0.0,1179.0,581,594,4,49,50,0,222.0,0.01,4.9e-05,31843.0,,,,
4393,8000,40877,1.9228,0.0371,3.695,3.68,0.0139,0.1,4.69,0.93,0.0,1201.0,624,574,3,52,48,0,218.0,0.01,4.9e-05,31833.0,,,,
4394,8000,40893,1.935,0.0459,3.7023,3.717,0.0139,0.11,11.87,0.93,0.0,1148.0,562,583,3,49,51,0,228.0,0.01,4.9e-05,31824.0,,,,
4395,8000,40910,1.8941,-0.0107,3.7326,3.675,0.0105,0.08,12.04,0.93,0.0,1115.0,535,576,4,48,52,0,235.0,0.01,4.9e-05,31819.0,,,,
4396,8000,40926,1.9037,0.031,3.6698,3.78,0.0107,0.08,8.43,0.93,0.0,1076.0,528,542,6,49,50,1,244.0,0.01,4.9e-05,31810.0,,,,
4397,8000,40943,1.8915,0.0423,3.6231,3.837,0.0112,0.09,6.04,0.94,0.0,1096.0,548,536,12,50,49,1,239.0,0.01,4.9e-05,31799.0,,,,
4398,8000,40960,1.8728,0.0193,3.6322,3.881,0.0117,0.09,6.64,0.94,0.0,1080.0,520,547,13,48,51,1,243.0,0.02,4.9e-05,31885.0,,,,
4399,8000,40976,1.8431,0.0301,3.5523,4.016,0.0149,0.1,7.27,0.94,0.0,1011.0,476,526,9,47,52,1,259.0,0.01,4.9e-05,31811.0,109,0,403,21
4400,8000,41008,1.8364,0.0191,3.5606,4.004,0.0123,0.09,9.94,0.94,0.0,993.0,474,510,9,48,51,1,264.0,0.01,4.9e-05,31969.0,,,,
4401,8000,41025,1.8516,-0.0036,3.6369,4.047,0.0159,0.1,8.88,0.93,0.0,1026.0,551,465,10,54,45,1,256.0,0.02,4.9e-05,30685.0,,,,
4402,8000,41041,1.8411,0.0057,3.5989,4.139,0.0159,0.11,8.59,0.93,0.0,1030.0,507,502,21,49,49,2,255.0,0.02,4.9e-05,31879.0,,,,
4403,8000,41058,1.855,-0.0114,3.66,4.158,0.0154,0.1,10.9,0.92,0.0,1046.0,455,578,13,43,55,1,251.0,0.03,4.9e-05,31878.0,,,,
4404,8000,41074,1.8316,0.0263,3.5388,4.309,0.0161,0.1,4.05,0.92,0.0,1022.0,419,588,15,41,58,1,257.0,0.03,4.9e-05,31811.0,,,,
4405,8000,41091,1.803,0.0123,3.5101,4.367,0.0141,0.1,4.43,0.92,0.0,913.0,472,431,10,52,47,1,287.0,0.04,4.9e-05,31811.0,,,,
4406,8000,41107,1.8189,0.0133,3.5387,4.202,0.0161,0.11,4.55,0.93,0.0,935.0,446,481,8,48,51,1,280.0,0.03,4.9e-05,31812.0,,,,
4407,8000,41124,1.8204,0.0055,3.5573,4.227,0.0158,0.1,3.99,0.93,0.0,988.0,513,463,12,52,47,1,265.0,0.02,4.9e-05,31850.0,,,,
4408,8000,41141,1.8352,0.0053,3.5875,4.261,0.0146,0.1,9.2,0.94,0.0,1002.0,529,465,8,53,46,1,262.0,0.03,4.9e-05,31798.0,,,,
4409,8000,41157,1.94,0.0068,3.7949,4.265,0.0056,0.05,40.54,0.94,0.0,963.0,484,470,9,50,49,1,272.0,0.03,4.9e-05,31804.0,,,,
4410,8000,41174,1.8581,-0.027,3.6976,4.157,0.0066,0.06,19.28,0.95,0.0,954.0,496,452,6,52,47,1,275.0,0.02,4.9e-05,31808.0,,,,
4411,8000,41190,1.8053,-0.0009,3.5401,4.153,0.0098,0.08,11.97,0.95,0.0,988.0,498,482,8,50,49,1,265.0,0.02,4.9e-05,31800.0,,,,
4412,8000,41207,1.7903,0.007,3.4946,4.255,0.0118,0.08,9.06,0.95,0.0,909.0,491,412,6,54,45,1,288.0,0.01,4.9e-05,31822.0,,,,
4413,8000,41223,1.75,0.0034,3.4234,4.286,0.0102,0.08,8.31,0.95,0.0,835.0,432,386,17,52,46,2,314.0,0.02,4.9e-05,31803.0,,,,
4414,8000,41240,1.7311,0.0143,3.3629,4.314,0.0138,0.09,9.18,0.96,0.0,800.0,441,352,7,55,44,1,328.0,0.02,4.9e-05,31814.0,,,,
4415,8000,41256,1.7251,0.015,3.3511,4.388,0.0166,0.09,7.49,0.95,0.0,794.0,431,349,14,54,44,2,330.0,0.03,4.9e-05,31884.0,,,,
4416,8000,41273,1.7322,0.0151,3.3657,4.4,0.0201,0.09,6.0,0.95,0.0,829.0,446,358,25,54,43,3,316.0,0.03,4.9e-05,31823.0,,,,
4417,8000,41289,1.7845,0.0114,3.4753,4.357,0.0163,0.1,13.97,0.94,0.0,907.0,483,412,12,53,45,1,289.0,0.03,4.9e-05,31887.0,,,,
4418,8000,41306,1.9658,0.0157,3.8289,4.215,0.0167,0.11,25.72,0.94,0.0,909.0,470,425,14,52,47,2,288.0,0.02,4.9e-05,31818.0,,,,
4419,8000,41322,1.7998,0.0001,3.5279,4.299,0.0185,0.11,4.19,0.93,0.0,1037.0,576,450,11,56,43,1,253.0,0.01,4.9e-05,31797.0,,,,
4420,8000,41339,1.8224,0.0058,3.5622,4.294,0.0168,0.1,5.06,0.93,0.0,1093.0,634,453,6,58,41,1,240.0,0.02,4.9e-05,31879.0,,,,
4421,8000,41356,1.8413,-0.0093,3.6308,4.345,0.0173,0.11,5.44,0.91,0.0,1077.0,545,527,5,51,49,0,243.0,0.02,4.9e-05,30693.0,,,,
4422,8000,41373,1.8231,-0.0247,3.6245,4.303,0.0136,0.1,4.34,0.92,0.0,1152.0,581,568,3,50,49,0,228.0,0.03,4.9e-05,31826.0,,,,
4423,8000,41389,1.845,-0.0189,3.6579,4.29,0.011,0.09,6.03,0.92,0.0,1152.0,521,622,9,45,54,1,228.0,0.03,4.9e-05,31878.0,,,,
4424,8000,41406,1.835,-0.0324,3.6648,4.341,0.0176,0.12,12.34,0.92,0.0,1201.0,514,682,5,43,57,0,218.0,0.01,4.9e-05,31820.0,,,,
4425,8000,41422,1.9074,-0.0141,3.7712,4.153,0.0092,0.08,12.88,0.91,0.0,1126.0,521,602,3,46,53,0,233.0,0.03,4.9e-05,31820.0,,,,
4426,8000,41439,1.8691,0.0093,3.6489,4.231,0.0153,0.09,5.47,0.92,0.0,1143.0,493,645,5,43,56,0,229.0,0.02,4.9e-05,31844.0,,,,
4427,8000,41455,1.8709,-0.0115,3.693,4.13,0.0118,0.09,5.42,0.92,0.0,1138.0,492,641,5,43,56,0,230.0,0.01,4.9e-05,31829.0,,,,
4428,8000,41472,1.8283,0.0042,3.5757,4.133,0.0152,0.11,4.28,0.93,0.0,1225.0,542,680,3,44,56,0,214.0,0.01,4.9e-05,31854.0,,,,
4429,8000,41488,1.832,0.0065,3.5791,4.143,0.0113,0.09,4.98,0.93,0.0,1114.0,470,637,7,42,57,1,235.0,0.01,4.9e-05,31858.0,,,,
4430,8000,41505,1.844,0.0212,3.5724,4.084,0.0113,0.08,7.4,0.94,0.0,1078.0,454,618,6,42,57,1,243.0,0.02,4.9e-05,31861.0,,,,
4431,8000,41521,1.8482,0.0359,3.5534,4.082,0.0129,0.09,7.18,0.94,0.0,1111.0,503,591,17,45,53,2,236.0,0.01,4.9e-05,31845.0,,,,
4432,8000,41538,1.8986,0.0511,3.6235,4.103,0.012,0.09,7.55,0.93,0.0,1141.0,497,630,14,44,55,1,230.0,0.01,4.9e-05,31896.0,,,,
4433,8000,41554,1.8365,0.0088,3.5822,4.012,0.0125,0.09,7.31,0.94,0.0,1154.0,571,574,9,49,50,1,227.0,0.01,4.9e-05,31849.0,,,,
4434,8000,41571,1.8864,0.0317,3.6364,3.976,0.0128,0.09,6.69,0.94,0.0,1244.0,645,591,8,52,48,1,211.0,0.01,4.9e-05,31853.0,,,,
4435,8000,41587,1.8841,0.0488,3.5968,3.961,0.0138,0.09,7.03,0.94,0.0,1212.0,623,583,6,51,48,0,216.0,0.01,4.9e-05,31847.0,,,,
4436,8000,41604,1.9076,0.0421,3.6569,3.876,0.0202,0.11,5.48,0.93,0.0,1295.0,703,582,10,54,45,1,202.0,0.01,4.9e-05,31852.0,,,,
4437,8000,41620,1.8924,0.0355,3.6398,3.823,0.0133,0.1,3.81,0.93,0.0,1259.0,719,529,11,57,42,1,208.0,0.01,4.9e-05,31861.0,,,,
4438,8000,41637,1.8868,0.0388,3.6207,3.759,0.0168,0.12,2.79,0.93,0.0,1187.0,685,493,9,58,42,1,221.0,0.0,4.9e-05,31864.0,,,,
4439,8000,41653,1.9021,0.0271,3.6754,3.875,0.0156,0.11,5.13,0.93,0.0,1236.0,732,496,8,59,40,1,212.0,0.01,4.9e-05,31847.0,,,,
4440,8000,41670,1.8881,0.0277,3.6456,3.852,0.0154,0.1,3.44,0.93,0.0,1096.0,648,445,3,59,41,0,239.0,0.01,4.9e-05,31840.0,,,,
4441,8000,41687,1.902,0.022,3.6853,3.842,0.0166,0.1,3.95,0.91,0.0,1086.0,578,499,9,53,46,1,241.0,0.01,4.9e-05,30702.0,,,,
4442,8000,41704,1.8601,0.0087,3.6285,3.903,0.0115,0.09,5.78,0.91,0.0,959.0,499,454,6,52,47,1,273.0,0.02,4.9e-05,31821.0,,,,
4443,8000,41720,1.8527,0.0173,3.5967,3.904,0.0094,0.08,10.11,0.92,0.0,940.0,469,459,12,50,49,1,279.0,0.02,4.9e-05,31827.0,,,,
4444,8000,41737,1.8772,0.031,3.6183,3.937,0.0099,0.08,6.09,0.92,0.0,1001.0,513,481,7,51,48,1,262.0,0.03,4.9e-05,31812.0,,,,
4445,8000,41753,1.8824,0.0534,3.5839,3.973,0.0171,0.11,3.97,0.92,0.0,1085.0,629,454,2,58,42,0,242.0,0.02,4.9e-05,31885.0,,,,
4446,8000,41770,1.8412,0.0506,3.5092,4.07,0.0156,0.1,3.53,0.93,0.0,1054.0,595,450,9,56,43,1,249.0,0.02,4.9e-05,31816.0,,,,
4447,8000,41786,1.8684,0.047,3.5702,4.069,0.0131,0.09,5.76,0.93,0.0,1044.0,558,480,6,53,46,1,251.0,0.02,4.9e-05,31836.0,,,,
4448,8000,41803,1.8963,0.0632,3.5921,3.982,0.0125,0.09,5.11,0.94,0.0,1057.0,562,492,3,53,47,0,248.0,0.03,4.9e-05,31809.0,,,,
4449,8000,41819,1.922,0.0395,3.6913,4.029,0.0108,0.08,19.48,0.94,0.0,1046.0,554,488,4,53,47,0,251.0,0.02,4.9e-05,31830.0,138,0,374,27
4450,8000,41851,1.9316,0.0951,3.5986,3.975,0.0137,0.1,6.68,0.93,0.0,1109.0,609,498,2,55,45,0,236.0,0.02,4.9e-05,32027.0,,,,
4451,8000,41867,1.9161,0.0783,3.6012,3.946,0.0128,0.09,4.13,0.93,0.0,1105.0,596,506,3,54,46,0,237.0,0.02,4.8e-05,31813.0,,,,
4452,8000,41884,1.9036,0.0674,3.5977,3.937,0.016,0.11,3.37,0.93,0.0,1073.0,610,460,3,57,43,0,244.0,0.02,4.8e-05,31819.0,,,,
4453,8000,41900,1.8752,0.0521,3.5716,3.988,0.0128,0.09,4.26,0.94,0.0,1047.0,563,480,4,54,46,0,250.0,0.02,4.8e-05,31804.0,,,,
4454,8000,41917,1.84,0.0328,3.5402,4.047,0.0122,0.09,4.76,0.94,0.0,1038.0,567,469,2,55,45,0,253.0,0.03,4.8e-05,31823.0,,,,
4455,8000,41933,1.8884,0.0485,3.6056,4.014,0.014,0.09,7.04,0.93,0.0,1045.0,537,504,4,51,48,0,251.0,0.03,4.8e-05,31837.0,,,,
4456,8000,41950,1.8664,0.064,3.5302,3.975,0.0131,0.1,3.74,0.94,0.0,1024.0,521,498,5,51,49,0,256.0,0.04,4.8e-05,31829.0,,,,
4457,8000,41966,1.885,0.0705,3.5536,3.91,0.0144,0.1,3.8,0.94,0.0,983.0,483,495,5,49,50,1,267.0,0.03,4.8e-05,31815.0,,,,
4458,8000,41983,1.9248,0.0713,3.6325,3.949,0.012,0.09,13.1,0.94,0.0,1023.0,549,470,4,54,46,0,256.0,0.03,4.8e-05,31816.0,,,,
4459,8000,42000,1.8269,0.0243,3.5289,3.793,0.014,0.1,7.26,0.94,0.0,1003.0,535,463,5,53,46,0,261.0,0.02,4.8e-05,31821.0,,,,
4460,8000,42016,1.8307,-0.0036,3.593,3.86,0.0125,0.1,5.79,0.94,0.0,1071.0,556,511,4,52,48,0,245.0,0.02,4.8e-05,31822.0,,,,
4461,8000,42033,1.9184,0.0292,3.7031,3.906,0.0182,0.1,3.62,0.92,0.0,1122.0,559,561,2,50,50,0,234.0,0.01,4.8e-05,30714.0,,,,
4462,8000,42050,1.9008,0.0047,3.7164,3.881,0.0138,0.09,4.94,0.92,0.0,1128.0,588,539,1,52,48,0,232.0,0.02,4.8e-05,31845.0,,,,
4463,8000,42066,1.9236,0.0026,3.7672,3.991,0.0162,0.1,19.96,0.92,0.0,1148.0,579,566,3,50,49,0,228.0,0.03,4.8e-05,31860.0,,,,
4464,8000,42083,1.9383,0.0032,3.7959,4.03,0.0103,0.08,18.7,0.93,0.0,1172.0,617,554,1,53,47,0,224.0,0.03,4.8e-05,31870.0,,,,
4465,8000,42099,1.8246,-0.0694,3.7143,4.101,0.008,0.06,14.29,0.93,0.0,1178.0,620,552,6,53,47,1,223.0,0.03,4.8e-05,31881.0,,,,
4466,8000,42116,1.7665,-0.0634,3.5857,4.034,0.0127,0.08,6.05,0.93,0.0,1208.0,603,602,3,50,50,0,217.0,0.02,4.8e-05,31886.0,,,,
4467,8000,42132,1.7503,-0.0703,3.568,4.132,0.0141,0.09,5.26,0.93,0.0,1227.0,631,594,2,51,48,0,214.0,0.03,4.8e-05,31804.0,,,,
4468,8000,42149,1.7626,-0.0719,3.5958,4.133,0.015,0.09,5.86,0.93,0.0,1286.0,699,583,4,54,45,0,204.0,0.03,4.8e-05,31817.0,,,,
4469,8000,42165,1.7981,-0.047,3.6174,4.142,0.015,0.09,3.81,0.93,0.0,1325.0,749,573,3,57,43,0,198.0,0.02,4.8e-05,31832.0,,,,
4470,8000,42182,1.8016,-0.0425,3.6158,4.172,0.0138,0.09,4.63,0.93,0.0,1350.0,739,609,2,55,45,0,194.0,0.02,4.8e-05,31801.0,,,,
4471,8000,42199,1.759,-0.0675,3.5805,4.181,0.0217,0.1,5.23,0.94,0.0,1233.0,706,527,0,57,43,0,213.0,0.02,4.8e-05,31824.0,,,,
4472,8000,42215,1.7787,-0.0671,3.6196,4.201,0.012,0.08,5.86,0.94,0.0,1283.0,697,585,1,54,46,0,204.0,0.02,4.8e-05,31827.0,,,,
4473,8000,42232,1.7846,-0.0528,3.6039,4.314,0.0144,0.08,4.64,0.94,0.0,1274.0,711,560,3,56,44,0,206.0,0.02,4.8e-05,31823.0,,,,
4474,8000,42248,1.7985,-0.0605,3.6461,4.163,0.014,0.09,3.55,0.93,0.0,1371.0,742,628,1,54,46,0,191.0,0.01,4.8e-05,31834.0,,,,
4475,8000,42265,1.7696,-0.0416,3.551,4.269,0.0159,0.09,3.19,0.94,0.0,1292.0,678,611,3,52,47,0,203.0,0.02,4.8e-05,31836.0,,,,
4476,8000,42281,1.7915,-0.0297,3.5723,4.361,0.0168,0.09,4.4,0.94,0.0,1276.0,714,559,3,56,44,0,205.0,0.01,4.8e-05,31810.0,,,,
4477,8000,42298,1.7803,-0.0205,3.5317,4.438,0.0112,0.08,3.46,0.94,0.0,1238.0,672,563,3,54,45,0,212.0,0.01,4.8e-05,31825.0,,,,
4478,8000,42314,1.7691,-0.0233,3.5157,4.495,0.0147,0.08,3.88,0.95,0.0,1244.0,672,569,3,54,46,0,211.0,0.01,4.8e-05,31826.0,,,,
4479,8000,42331,1.7888,-0.0277,3.5634,4.461,0.0157,0.09,4.85,0.94,0.0,1316.0,697,617,2,53,47,0,199.0,0.02,4.8e-05,31812.0,,,,
4480,8000,42347,1.7745,-0.0021,3.4837,4.483,0.0159,0.08,3.07,0.95,0.0,1246.0,653,593,0,52,48,0,210.0,0.02,4.8e-05,31841.0,,,,
4481,8000,42365,1.8656,-0.0077,3.6764,4.382,0.0199,0.1,3.62,0.91,0.0,1270.0,648,621,1,51,49,0,206.0,0.02,4.8e-05,30673.0,,,,
4482,8000,42381,1.8402,-0.0171,3.6445,4.441,0.0191,0.09,2.79,0.91,0.0,1250.0,584,666,0,47,53,0,210.0,0.02,4.8e-05,31811.0,,,,
4483,8000,42398,1.8022,-0.0242,3.5829,4.432,0.0159,0.09,2.85,0.92,0.0,1221.0,557,663,1,46,54,0,215.0,0.02,4.8e-05,31846.0,,,,
4484,8000,42414,1.7622,-0.0284,3.5117,4.533,0.0127,0.08,3.19,0.93,0.0,1236.0,616,619,1,50,50,0,212.0,0.01,4.8e-05,31815.0,,,,
4485,8000,42431,1.7777,-0.0108,3.5082,4.612,0.0131,0.08,4.09,0.93,0.0,1194.0,605,589,0,51,49,0,220.0,0.02,4.8e-05,31818.0,,,,
4486,8000,42447,1.7953,-0.0089,3.5387,4.501,0.0177,0.08,3.24,0.93,0.0,1184.0,594,587,3,50,50,0,221.0,0.03,4.8e-05,31821.0,,,,
4487,8000,42464,1.8025,-0.0125,3.5597,4.389,0.0133,0.08,3.73,0.93,0.0,1173.0,561,609,3,48,52,0,223.0,0.02,4.8e-05,31818.0,,,,
4488,8000,42480,1.8102,-0.0032,3.5566,4.395,0.0136,0.08,2.95,0.93,0.0,1114.0,545,567,2,49,51,0,235.0,0.03,4.8e-05,31824.0,,,,
4489,8000,42497,1.7894,-0.0001,3.5087,4.371,0.0137,0.09,2.53,0.93,0.0,1077.0,535,539,3,50,50,0,243.0,0.02,4.8e-05,31828.0,,,,
4490,8000,42513,1.7917,-0.0131,3.5391,4.366,0.0142,0.08,4.05,0.93,0.0,1103.0,522,579,2,47,52,0,238.0,0.02,4.8e-05,31883.0,,,,
4491,8000,42530,1.813,0.01,3.5355,4.297,0.0132,0.08,2.61,0.93,0.0,1041.0,514,519,8,49,50,1,252.0,0.03,4.8e-05,31820.0,,,,
4492,8000,42546,1.8168,0.0146,3.5337,4.299,0.0126,0.09,2.75,0.93,0.0,1046.0,522,524,0,50,50,0,251.0,0.02,4.8e-05,31821.0,,,,
4493,8000,42563,1.7967,0.0178,3.4882,4.402,0.0115,0.08,3.04,0.94,0.0,1003.0,481,517,5,48,52,0,261.0,0.02,4.8e-05,31815.0,,,,
4494,8000,42580,1.8013,0.0147,3.5036,4.411,0.0123,0.08,3.8,0.93,0.0,997.0,526,466,5,53,47,1,263.0,0.02,4.8e-05,31820.0,,,,
4495,8000,42596,1.7924,0.0063,3.5027,4.399,0.0117,0.09,2.56,0.94,0.0,1019.0,512,501,6,50,49,1,257.0,0.02,4.8e-05,31881.0,,,,
4496,8000,42613,1.761,-0.0039,3.4609,4.524,0.0115,0.08,2.63,0.94,0.0,1062.0,517,538,7,49,51,1,247.0,0.02,4.8e-05,31881.0,,,,
4497,8000,42629,1.7452,-0.0142,3.4497,4.491,0.0111,0.08,2.77,0.93,0.0,1027.0,484,537,6,47,52,1,255.0,0.02,4.8e-05,31828.0,,,,
4498,8000,42646,1.7713,-0.006,3.4847,4.375,0.0122,0.08,3.73,0.93,0.0,999.0,528,467,4,53,47,0,262.0,0.02,4.8e-05,31813.0,,,,
4499,8000,42662,1.766,0.0019,3.458,4.328,0.0093,0.08,3.16,0.94,0.0,971.0,478,489,4,49,50,0,270.0,0.04,4.8e-05,31802.0,204,0,308,40
4500,8000,42694,1.7568,0.0007,3.4428,4.412,0.0105,0.08,2.93,0.94,0.0,1003.0,488,508,7,49,51,1,261.0,0.05,4.8e-05,31956.0,,,,
4501,8000,42711,1.8617,0.0196,3.6132,4.228,0.0114,0.08,3.29,0.91,0.0,1067.0,536,529,2,50,50,0,246.0,0.03,4.8e-05,30654.0,,,,
4502,8000,42727,1.8516,0.0309,3.5706,4.257,0.0115,0.08,3.16,0.91,0.0,1070.0,536,527,7,50,49,1,245.0,0.03,4.8e-05,31810.0,,,,
4503,8000,42744,1.8605,0.0285,3.5933,4.238,0.0097,0.08,4.41,0.9,0.0,1056.0,481,569,6,46,54,1,248.0,0.03,4.8e-05,31764.0,,,,
4504,8000,42760,1.8302,0.0262,3.5378,4.273,0.0091,0.07,3.27,0.91,0.0,1033.0,469,553,11,45,54,1,254.0,0.01,4.8e-05,31817.0,,,,
4505,8000,42777,1.8283,0.0174,3.5515,4.276,0.0093,0.08,3.14,0.91,0.0,992.0,445,530,17,45,53,2,264.0,0.01,4.8e-05,31843.0,,,,
4506,8000,42794,1.8384,0.0336,3.5391,4.227,0.0138,0.09,3.72,0.91,0.0,1081.0,515,555,11,48,51,1,243.0,0.02,4.8e-05,31840.0,,,,
4507,8000,42810,1.8151,0.0368,3.4864,4.354,0.0115,0.08,2.68,0.92,0.0,1073.0,498,570,5,46,53,0,244.0,0.01,4.8e-05,31810.0,,,,
4508,8000,42827,1.8022,0.0135,3.5072,4.316,0.0098,0.08,3.93,0.92,0.0,958.0,457,497,4,48,52,0,274.0,0.03,4.8e-05,31791.0,,,,
4509,8000,42843,1.7523,0.0073,3.4199,4.381,0.0108,0.08,2.62,0.93,0.0,990.0,501,481,8,51,49,1,265.0,0.02,4.8e-05,31753.0,,,,
4510,8000,42860,1.7705,0.0098,3.4513,4.306,0.0112,0.08,2.8,0.93,0.0,968.0,501,459,8,52,47,1,271.0,0.02,4.8e-05,31843.0,,,,
4511,8000,42876,1.7805,0.02,3.4511,4.286,0.0126,0.08,3.22,0.93,0.0,913.0,476,419,18,52,46,2,287.0,0.01,4.8e-05,31777.0,,,,
4512,8000,42893,1.7576,0.0198,3.4055,4.371,0.0109,0.08,4.01,0.93,0.0,789.0,409,371,9,52,47,1,332.0,0.02,4.8e-05,31779.0,,,,
4513,8000,42909,1.7653,0.018,3.4243,4.297,0.0121,0.08,3.78,0.93,0.0,752.0,379,361,12,50,48,2,349.0,0.02,4.8e-05,31772.0,,,,
4514,8000,42926,1.8377,0.018,3.5693,4.328,0.0098,0.08,16.42,0.92,0.0,859.0,435,417,7,51,49,1,305.0,0.03,4.8e-05,31771.0,,,,
4515,8000,42943,1.7634,-0.0272,3.5101,4.208,0.012,0.09,3.33,0.92,0.0,898.0,465,415,18,52,46,2,292.0,0.02,4.8e-05,31777.0,,,,
4516,8000,42959,1.7596,-0.0209,3.4906,4.212,0.0108,0.09,2.49,0.92,0.0,890.0,469,404,17,53,45,2,295.0,0.01,4.8e-05,31801.0,,,,
4517,8000,42976,1.7007,-0.0175,3.3668,4.357,0.0114,0.09,3.05,0.94,0.0,832.0,481,338,13,58,41,2,315.0,0.01,4.8e-05,31774.0,,,,
4518,8000,42992,1.7517,-0.0218,3.4773,4.338,0.0095,0.08,4.0,0.93,0.0,887.0,463,410,14,52,46,2,296.0,0.01,4.8e-05,31777.0,,,,
4519,8000,43009,1.6964,-0.0302,3.3845,4.418,0.0089,0.07,3.62,0.94,0.0,916.0,516,383,17,56,42,2,286.0,0.01,4.8e-05,31767.0,,,,
4520,8000,43026,1.7383,-0.021,3.4496,4.427,0.0103,0.08,3.59,0.94,0.0,909.0,502,390,17,55,43,2,288.0,0.02,4.8e-05,31773.0,,,,
4521,8000,43043,1.8182,0.0087,3.5484,4.301,0.013,0.09,3.27,0.92,0.0,942.0,502,428,12,53,45,1,278.0,0.01,4.8e-05,30664.0,,,,
4522,8000,43059,1.7818,-0.0025,3.498,4.316,0.0108,0.08,3.36,0.93,0.0,903.0,464,435,4,51,48,0,290.0,0.01,4.8e-05,31827.0,,,,
4523,8000,43076,1.7581,-0.0049,3.4556,4.358,0.0103,0.08,3.94,0.93,0.0,803.0,389,409,5,48,51,1,326.0,0.01,4.8e-05,31828.0,,,,
4524,8000,43092,1.7596,0.0032,3.4418,4.253,0.0081,0.07,6.0,0.94,0.0,774.0,397,370,7,51,48,1,339.0,0.01,4.8e-05,31911.0,,,,
4525,8000,43109,1.7932,0.0119,3.4934,4.226,0.0097,0.09,3.75,0.93,0.0,816.0,360,438,18,44,54,2,321.0,0.01,4.8e-05,31797.0,,,,
4526,8000,43125,1.8002,0.0053,3.5194,4.112,0.0079,0.07,5.35,0.93,0.0,917.0,431,472,14,47,51,2,286.0,0.01,4.8e-05,31820.0,,,,
4527,8000,43142,1.8201,0.0019,3.5655,4.086,0.0085,0.08,4.6,0.93,0.0,895.0,426,459,10,48,51,1,293.0,0.02,4.8e-05,31826.0,,,,
4528,8000,43158,1.8379,0.0149,3.5746,4.113,0.0095,0.09,4.4,0.93,0.0,922.0,455,458,9,49,50,1,284.0,0.02,4.8e-05,31915.0,,,,
4529,8000,43175,1.8052,0.0196,3.4998,4.179,0.0104,0.09,5.28,0.94,0.0,843.0,403,433,7,48,51,1,311.0,0.03,4.8e-05,31844.0,,,,
4530,8000,43191,1.7796,0.0123,3.4641,4.247,0.0092,0.08,5.06,0.94,0.0,788.0,359,415,14,46,53,2,333.0,0.02,4.8e-05,31856.0,,,,
4531,8000,43208,1.7659,0.0251,3.4117,4.333,0.0093,0.08,6.4,0.93,0.0,767.0,342,416,9,45,54,1,342.0,0.01,4.8e-05,31912.0,,,,
4532,8000,43224,1.7979,0.0395,3.4461,4.284,0.0139,0.1,4.06,0.93,0.0,756.0,359,388,9,47,51,1,347.0,0.04,4.8e-05,31856.0,,,,
4533,8000,43241,1.8429,0.0354,3.5428,4.133,0.0121,0.1,4.64,0.93,0.0,906.0,462,436,8,51,48,1,289.0,0.04,4.8e-05,31889.0,,,,
4534,8000,43257,1.871,0.0393,3.5921,4.195,0.0135,0.1,6.97,0.93,0.0,1005.0,482,517,6,48,51,1,261.0,0.02,4.8e-05,31856.0,,,,
4535,8000,43274,1.9195,0.0566,3.6542,4.153,0.0098,0.08,15.85,0.94,0.0,1059.0,485,570,4,46,54,0,248.0,0.02,4.8e-05,31887.0,,,,
4536,8000,43290,1.8643,0.0393,3.5778,4.108,0.0149,0.1,3.91,0.93,0.0,1144.0,566,574,4,49,50,0,229.0,0.01,4.7e-05,31866.0,,,,
4537,8000,43307,1.88,0.0366,3.6147,4.096,0.0111,0.09,4.52,0.94,0.0,1101.0,520,576,5,47,52,0,238.0,0.01,4.7e-05,31842.0,,,,
4538,8000,43323,1.8692,0.0372,3.5921,4.133,0.0124,0.1,3.45,0.93,0.0,1048.0,514,530,4,49,51,0,250.0,0.01,4.7e-05,31856.0,,,,
4539,8000,43340,1.8287,0.0156,3.5539,4.155,0.0112,0.08,4.74,0.94,0.0,1072.0,531,539,2,50,50,0,245.0,0.01,4.7e-05,31853.0,,,,
4540,8000,43356,1.8871,0.0148,3.6723,4.101,0.0126,0.09,7.67,0.93,0.0,1093.0,522,568,3,48,52,0,240.0,0.02,4.7e-05,31911.0,,,,
4541,8000,43374,1.8744,0.0128,3.6505,4.066,0.014,0.1,2.8,0.92,0.0,1144.0,541,599,4,47,52,0,229.0,0.02,4.7e-05,30650.0,,,,
4542,8000,43390,1.8526,0.0127,3.6068,4.021,0.0115,0.09,3.91,0.92,0.0,1057.0,536,518,3,51,49,0,248.0,0.01,4.7e-05,31798.0,,,,
4543,8000,43407,1.8409,0.0324,3.5452,4.146,0.0117,0.09,2.77,0.93,0.0,1025.0,499,518,8,49,51,1,256.0,0.02,4.7e-05,31883.0,,,,
4544,8000,43423,1.8734,0.041,3.5936,4.173,0.0126,0.09,4.78,0.92,0.0,1078.0,546,521,11,51,48,1,243.0,0.02,4.7e-05,31799.0,,,,
4545,8000,43440,1.829,0.0234,3.5404,4.256,0.0111,0.08,5.66,0.93,0.0,1015.0,488,516,11,48,51,1,258.0,0.02,4.7e-05,31825.0,,,,
4546,8000,43456,1.8168,0.0138,3.5361,4.213,0.0115,0.08,3.73,0.93,0.0,1002.0,482,503,17,48,50,2,262.0,0.01,4.7e-05,31762.0,,,,
4547,8000,43473,1.7839,0.0088,3.4815,4.27,0.0103,0.07,5.31,0.94,0.0,998.0,526,457,15,53,46,2,263.0,0.01,4.7e-05,31766.0,,,,
4548,8000,43489,1.7923,-0.0003,3.5166,4.223,0.0106,0.08,4.47,0.94,0.0,971.0,470,481,20,48,50,2,270.0,0.01,4.7e-05,31847.0,,,,
4549,8000,43506,1.8031,0.0015,3.5344,4.197,0.0137,0.09,5.8,0.94,0.0,979.0,469,492,18,48,50,2,268.0,0.01,4.7e-05,31813.0,249,0,263,49
4550,8000,43537,1.8043,-0.0106,3.5605,4.1,0.0102,0.08,5.54,0.94,0.0,1048.0,558,465,25,53,44,2,250.0,0.01,4.7e-05,31936.0,,,,
4551,8000,43554,1.8652,0.0227,3.6144,4.078,0.0142,0.09,4.04,0.93,0.0,1083.0,524,544,15,48,50,1,242.0,0.01,4.7e-05,31784.0,,,,
4552,8000,43571,1.8613,0.0116,3.6275,4.101,0.0114,0.09,8.13,0.93,0.0,1051.0,513,532,6,49,51,1,249.0,0.01,4.7e-05,31795.0,,,,
4553,8000,43587,1.8157,-0.0044,3.5691,4.183,0.013,0.09,5.37,0.94,0.0,994.0,481,506,7,48,51,1,264.0,0.02,4.7e-05,31802.0,,,,
4554,8000,43604,1.8407,-0.0171,3.6445,4.192,0.0091,0.07,10.25,0.93,0.0,1011.0,535,468,8,53,46,1,259.0,0.02,4.7e-05,31799.0,,,,
4555,8000,43620,1.8112,0.0125,3.5254,4.135,0.0128,0.09,5.77,0.94,0.0,967.0,483,480,4,50,50,0,271.0,0.02,4.7e-05,31824.0,,,,
4556,8000,43637,1.81,0.0101,3.5276,4.125,0.0138,0.08,8.56,0.94,0.0,1008.0,546,455,7,54,45,1,260.0,0.02,4.7e-05,31895.0,,,,
4557,8000,43653,1.8573,0.0407,3.5624,4.234,0.0149,0.09,6.09,0.94,0.0,1109.0,588,512,9,53,46,1,236.0,0.03,4.7e-05,31836.0,,,,
4558,8000,43670,1.8791,0.0576,3.5729,4.268,0.0211,0.09,4.18,0.93,0.0,1129.0,545,573,11,48,51,1,232.0,0.02,4.7e-05,31813.0,,,,
4559,8000,43686,1.9057,0.0397,3.661,4.224,0.0126,0.09,16.35,0.94,0.0,1099.0,583,509,7,53,46,1,239.0,0.02,4.7e-05,31805.0,,,,
4560,8000,43703,1.8036,-0.0085,3.5521,4.118,0.0112,0.08,5.74,0.94,0.0,1089.0,589,497,3,54,46,0,241.0,0.02,4.7e-05,31818.0,,,,
4561,8000,43720,1.8448,-0.0255,3.669,4.151,0.0156,0.1,2.55,0.91,0.0,1186.0,561,623,2,47,53,0,221.0,0.03,4.7e-05,30719.0,,,,
4562,8000,43737,1.8626,-0.0068,3.6673,4.161,0.0151,0.09,2.86,0.91,0.0,1176.0,615,557,4,52,47,0,223.0,0.03,4.7e-05,31807.0,,,,
4563,8000,43753,1.8579,0.0067,3.6313,4.241,0.0143,0.09,3.61,0.92,0.0,1191.0,567,618,6,48,52,1,220.0,0.02,4.7e-05,31799.0,,,,
4564,8000,43770,1.8276,-0.0012,3.5875,4.346,0.0107,0.08,3.45,0.92,0.0,1145.0,553,587,5,48,51,0,229.0,0.02,4.7e-05,31881.0,,,,
4565,8000,43786,1.8415,-0.0101,3.6324,4.291,0.0123,0.09,2.86,0.91,0.0,1226.0,603,622,1,49,51,0,214.0,0.01,4.7e-05,31812.0,,,,
4566,8000,43803,1.9069,0.0066,3.7286,4.117,0.0116,0.08,4.27,0.91,0.0,1282.0,615,667,0,48,52,0,204.0,0.01,4.7e-05,31856.0,,,,
4567,8000,43819,1.8818,0.0148,3.6626,4.214,0.0134,0.09,2.55,0.91,0.0,1302.0,644,657,1,49,50,0,201.0,0.02,4.7e-05,31811.0,,,,
4568,8000,43836,1.9207,0.0112,3.747,4.135,0.0127,0.09,2.97,0.9,0.0,1371.0,694,677,0,51,49,0,191.0,0.03,4.7e-05,31887.0,,,,
4569,8000,43852,1.8721,-0.0127,3.6985,4.236,0.0118,0.08,3.14,0.92,0.0,1309.0,640,668,1,49,51,0,200.0,0.01,4.7e-05,31800.0,,,,
4570,8000,43869,1.8677,-0.0076,3.6794,4.231,0.0097,0.07,4.42,0.92,0.0,1370.0,660,710,0,48,52,0,191.0,0.01,4.7e-05,31791.0,,,,
4571,8000,43885,1.8668,0.0108,3.6407,4.217,0.0125,0.08,3.4,0.92,0.0,1339.0,622,716,1,46,53,0,196.0,0.01,4.7e-05,31808.0,,,,
4572,8000,43902,1.8628,0.0121,3.6299,4.186,0.0134,0.09,3.19,0.92,0.0,1341.0,571,769,1,43,57,0,195.0,0.02,4.7e-05,31814.0,,,,
4573,8000,43918,1.8725,0.0052,3.664,4.294,0.0144,0.08,4.2,0.92,0.0,1366.0,611,753,2,45,55,0,192.0,0.02,4.7e-05,31817.0,,,,
4574,8000,43935,1.8569,-0.0026,3.6471,4.185,0.0125,0.08,3.53,0.92,0.0,1262.0,594,667,1,47,53,0,208.0,0.01,4.7e-05,31807.0,,,,
4575,8000,43951,1.8423,0.0041,3.6043,4.135,0.0101,0.08,3.19,0.93,0.0,1269.0,616,651,2,49,51,0,207.0,0.01,4.7e-05,31814.0,,,,
4576,8000,43968,1.8835,0.0121,3.6713,4.241,0.0097,0.07,8.65,0.93,0.0,1242.0,607,634,1,49,51,0,211.0,0.01,4.7e-05,31818.0,,,,
4577,8000,43985,1.851,0.0196,3.5914,4.297,0.0159,0.08,4.36,0.93,0.0,1271.0,620,647,4,49,51,0,206.0,0.01,4.7e-05,31795.0,,,,
4578,8000,44001,1.8455,0.0101,3.5996,4.276,0.0141,0.09,4.16,0.93,0.0,1210.0,582,623,5,48,51,0,217.0,0.01,4.7e-05,31815.0,,,,
4579,8000,44018,1.851,0.0203,3.5896,4.215,0.0138,0.09,3.21,0.93,0.0,1238.0,615,620,3,50,50,0,212.0,0.01,4.7e-05,31795.0,,,,
4580,8000,44034,1.8864,0.0319,3.6373,4.141,0.0136,0.09,5.29,0.93,0.0,1209.0,584,620,5,48,51,0,217.0,0.01,4.7e-05,31802.0,,,,
4581,8000,44051,1.9835,0.0596,3.7751,4.083,0.0138,0.09,4.52,0.9,0.0,1213.0,630,581,2,52,48,0,216.0,0.01,4.7e-05,30681.0,,,,
4582,8000,44068,1.8907,0.0388,3.6315,4.112,0.0144,0.09,3.1,0.91,0.0,1132.0,602,527,3,53,47,0,232.0,0.02,4.7e-05,31802.0,,,,
4583,8000,44085,1.8507,0.0253,3.579,4.193,0.016,0.09,3.08,0.92,0.0,1103.0,591,507,5,54,46,0,238.0,0.03,4.7e-05,31798.0,,,,
4584,8000,44101,1.8605,0.0056,3.6375,4.139,0.0117,0.08,4.11,0.91,0.0,1169.0,605,558,6,52,48,1,224.0,0.03,4.7e-05,31818.0,,,,
4585,8000,44118,1.8641,0.0347,3.5858,4.101,0.0115,0.08,3.93,0.93,0.0,1192.0,590,598,4,49,50,0,220.0,0.02,4.7e-05,31765.0,,,,
4586,8000,44134,1.8912,0.0461,3.6176,4.102,0.013,0.09,2.72,0.92,0.0,1108.0,574,531,3,52,48,0,237.0,0.02,4.7e-05,31832.0,,,,
4587,8000,44151,1.87,0.0498,3.5675,4.091,0.0126,0.09,3.36,0.94,0.0,1084.0,588,494,2,54,46,0,242.0,0.02,4.7e-05,31834.0,,,,
4588,8000,44167,1.8833,0.0404,3.6137,4.121,0.0099,0.08,5.66,0.93,0.0,1145.0,568,571,6,50,50,1,229.0,0.01,4.7e-05,31772.0,,,,
4589,8000,44184,1.8904,0.0461,3.6161,4.085,0.0128,0.09,3.11,0.92,0.0,1153.0,585,561,7,51,49,1,227.0,0.02,4.7e-05,31786.0,,,,
4590,8000,44201,1.9088,0.049,3.6468,4.059,0.0124,0.09,4.68,0.92,0.0,1135.0,564,562,9,50,50,1,231.0,0.01,4.7e-05,31764.0,,,,
4591,8000,44217,1.8624,0.0345,3.5837,4.121,0.0099,0.08,4.93,0.93,0.0,1090.0,566,521,3,52,48,0,240.0,0.01,4.7e-05,31770.0,,,,
4592,8000,44234,1.8271,0.0215,3.5386,4.114,0.0108,0.09,3.71,0.93,0.0,1075.0,532,538,5,49,50,0,244.0,0.01,4.7e-05,31828.0,,,,
4593,8000,44250,1.8021,0.0062,3.5196,4.159,0.0109,0.08,3.85,0.94,0.0,1085.0,530,548,7,49,51,1,242.0,0.01,4.7e-05,31785.0,,,,
4594,8000,44267,1.8051,0.017,3.5043,4.199,0.0106,0.08,3.74,0.94,0.0,1038.0,523,509,6,50,49,1,253.0,0.01,4.7e-05,31765.0,,,,
4595,8000,44283,1.8258,0.026,3.5286,4.22,0.0115,0.09,4.44,0.94,0.0,1027.0,516,496,15,50,48,1,255.0,0.01,4.7e-05,31757.0,,,,
4596,8000,44300,1.8273,0.0162,3.5508,4.188,0.011,0.08,4.03,0.94,0.0,1034.0,532,492,10,51,48,1,254.0,0.02,4.7e-05,31761.0,,,,
4597,8000,44317,1.8416,0.0239,3.5643,4.218,0.011,0.08,3.86,0.93,0.0,978.0,480,491,7,49,50,1,268.0,0.02,4.7e-05,31779.0,,,,
4598,8000,44333,1.8275,0.0164,3.5507,4.158,0.0127,0.09,7.07,0.94,0.0,1018.0,565,448,5,56,44,0,258.0,0.01,4.7e-05,31766.0,,,,
4599,8000,44350,1.7638,-0.0241,3.5039,4.123,0.0085,0.07,6.91,0.94,0.0,1023.0,547,470,6,53,46,1,256.0,0.01,4.7e-05,31781.0,188,2,322,37
4600,8000,44381,1.7658,-0.0151,3.4903,4.136,0.011,0.08,3.59,0.94,0.0,1054.0,577,471,6,55,45,1,249.0,0.01,4.7e-05,31926.0,,,,
4601,8000,44399,1.8391,0.0125,3.5829,4.273,0.013,0.09,3.04,0.91,0.0,1019.0,517,496,6,51,49,1,257.0,0.01,4.7e-05,30722.0,,,,
4602,8000,44415,1.7577,0.0071,3.432,4.442,0.0122,0.09,3.23,0.93,0.0,813.0,375,432,6,46,53,1,322.0,0.01,4.7e-05,31851.0,,,,
4603,8000,44432,1.7074,0.01,3.3257,4.586,0.0119,0.08,2.76,0.94,0.0,726.0,339,385,2,47,53,0,361.0,0.01,4.7e-05,31847.0,,,,
4604,8000,44448,1.6883,0.0017,3.3048,4.68,0.0111,0.08,4.91,0.95,0.0,696.0,321,374,1,46,54,0,377.0,0.01,4.7e-05,31852.0,,,,
4605,8000,44465,1.7404,0.0052,3.4025,4.561,0.0102,0.08,3.54,0.94,0.0,797.0,376,408,13,47,51,2,329.0,0.02,4.7e-05,31844.0,,,,
4606,8000,44481,1.7046,-0.0059,3.352,4.56,0.0094,0.07,4.12,0.94,0.0,748.0,369,369,10,49,49,1,350.0,0.02,4.7e-05,31849.0,,,,
4607,8000,44498,1.6573,-0.0077,3.2616,4.599,0.0119,0.08,4.43,0.95,0.0,693.0,344,340,9,50,49,1,378.0,0.02,4.7e-05,31846.0,,,,
4608,8000,44514,1.674,0.0043,3.2725,4.725,0.012,0.08,4.21,0.95,0.0,641.0,315,320,6,49,50,1,409.0,0.01,4.7e-05,31894.0,,,,
4609,8000,44531,1.6933,0.0029,3.3146,4.571,0.0108,0.08,10.78,0.95,0.0,719.0,344,350,25,48,49,3,365.0,0.01,4.7e-05,31812.0,,,,
4610,8000,44547,1.6917,0.0138,3.2921,4.676,0.0144,0.08,3.75,0.95,0.0,737.0,337,375,25,46,51,3,356.0,0.01,4.7e-05,31822.0,,,,
4611,8000,44564,1.6845,0.0106,3.2812,4.653,0.0107,0.08,4.71,0.95,0.0,690.0,340,321,29,49,47,4,380.0,0.01,4.7e-05,31813.0,,,,
4612,8000,44580,1.6957,0.0141,3.2956,4.595,0.0202,0.08,7.0,0.95,0.0,676.0,307,349,20,45,52,3,388.0,0.02,4.7e-05,31803.0,,,,
4613,8000,44597,1.8346,0.0034,3.5951,4.67,0.0044,0.03,51.52,0.94,0.0,705.0,305,380,20,43,54,3,372.0,0.02,4.7e-05,31887.0,,,,
4614,8000,44614,1.8194,0.0026,3.565,4.554,0.0059,0.04,18.11,0.94,0.0,765.0,373,376,16,49,49,2,343.0,0.02,4.7e-05,31813.0,,,,
4615,8000,44630,1.7713,0.008,3.4575,4.546,0.008,0.06,13.92,0.94,0.0,712.0,337,369,6,47,52,1,368.0,0.04,4.7e-05,31803.0,,,,
4616,8000,44647,1.8135,0.0036,3.5498,4.46,0.0104,0.07,11.73,0.93,0.0,805.0,393,404,8,49,50,1,326.0,0.05,4.7e-05,31812.0,,,,
4617,8000,44663,1.7739,0.0054,3.4674,4.489,0.0121,0.08,9.63,0.94,0.0,849.0,388,455,6,46,54,1,309.0,0.03,4.7e-05,31803.0,,,,
4618,8000,44680,1.7589,0.0104,3.4284,4.531,0.0127,0.07,6.71,0.94,0.0,824.0,398,416,10,48,50,1,318.0,0.03,4.7e-05,31804.0,,,,
4619,8000,44696,1.7151,0.011,3.3411,4.662,0.0113,0.08,6.66,0.95,0.0,784.0,368,400,16,47,51,2,334.0,0.02,4.7e-05,31808.0,,,,
4620,8000,44713,1.7179,0.0073,3.3535,4.675,0.0104,0.07,5.78,0.95,0.0,805.0,364,432,9,45,54,1,326.0,0.03,4.7e-05,31821.0,,,,
4621,8000,44730,1.78,0.0073,3.4789,4.692,0.0127,0.09,4.53,0.93,0.0,823.0,390,418,15,47,51,2,319.0,0.02,4.7e-05,30731.0,,,,
4622,8000,44747,1.7675,0.0103,3.4469,4.718,0.0095,0.07,7.78,0.94,0.0,759.0,360,389,10,47,51,1,345.0,0.03,4.7e-05,31801.0,,,,
4623,8000,44763,1.7446,0.0052,3.411,4.611,0.0134,0.09,4.27,0.93,0.0,849.0,408,430,11,48,51,1,309.0,0.04,4.7e-05,31819.0,,,,
4624,8000,44780,1.7559,0.0007,3.4428,4.694,0.0138,0.09,4.97,0.93,0.0,871.0,438,429,4,50,49,0,301.0,0.04,4.6e-05,31879.0,,,,
4625,8000,44796,1.7169,-0.0117,3.3898,4.68,0.0119,0.09,3.41,0.93,0.0,856.0,395,450,11,46,53,1,306.0,0.04,4.6e-05,31811.0,,,,
4626,8000,44813,1.711,-0.0164,3.3876,4.716,0.0116,0.08,4.12,0.93,0.0,757.0,369,378,10,49,50,1,346.0,0.04,4.6e-05,31812.0,,,,
4627,8000,44829,1.6784,-0.0145,3.3181,4.788,0.0125,0.08,4.45,0.94,0.0,753.0,369,375,9,49,50,1,348.0,0.05,4.6e-05,31815.0,,,,
4628,8000,44846,1.7039,-0.023,3.3866,4.779,0.0103,0.07,4.64,0.94,0.0,844.0,378,455,11,45,54,1,311.0,0.04,4.6e-05,31818.0,,,,
4629,8000,44862,1.6905,-0.0157,3.3456,4.753,0.0117,0.08,5.48,0.94,0.0,792.0,391,390,11,49,49,1,331.0,0.04,4.6e-05,31816.0,,,,
4630,8000,44879,1.6583,-0.0268,3.3038,4.807,0.01,0.07,7.24,0.94,0.0,727.0,362,352,13,50,48,2,361.0,0.04,4.6e-05,31854.0,,,,
4631,8000,44895,1.6582,-0.0232,3.2965,4.858,0.0096,0.07,4.58,0.95,0.0,694.0,338,342,14,49,49,2,378.0,0.03,4.6e-05,31880.0,,,,
4632,8000,44912,1.6903,-0.0212,3.3572,4.807,0.0129,0.08,4.64,0.94,0.0,728.0,368,346,14,51,48,2,360.0,0.02,4.6e-05,31822.0,,,,
4633,8000,44928,1.6865,-0.0209,3.3477,4.795,0.0125,0.08,4.0,0.94,0.0,816.0,433,374,9,53,46,1,321.0,0.02,4.6e-05,31845.0,,,,
4634,8000,44945,1.7183,-0.0233,3.4149,4.637,0.0119,0.09,3.09,0.94,0.0,899.0,456,436,7,51,48,1,292.0,0.04,4.6e-05,31817.0,,,,
4635,8000,44961,1.7858,0.0019,3.4989,4.594,0.0103,0.08,3.39,0.94,0.0,910.0,444,460,6,49,51,1,288.0,0.04,4.6e-05,31872.0,,,,
4636,8000,44978,1.7566,-0.0033,3.4512,4.614,0.0133,0.08,3.1,0.94,0.0,935.0,467,466,2,50,50,0,280.0,0.04,4.6e-05,31878.0,,,,
4637,8000,44994,1.7093,-0.0091,3.3685,4.705,0.0108,0.08,3.21,0.95,0.0,875.0,460,412,3,53,47,0,300.0,0.03,4.6e-05,31836.0,,,,
4638,8000,45011,1.7195,-0.005,3.3806,4.661,0.0101,0.07,4.53,0.94,0.0,860.0,453,401,6,53,47,1,305.0,0.03,4.6e-05,31814.0,,,,
4639,8000,45028,1.7209,0.0071,3.3608,4.815,0.0127,0.08,3.36,0.95,0.0,864.0,448,410,6,52,47,1,303.0,0.03,4.6e-05,31812.0,,,,
4640,8000,45044,1.7026,0.0064,3.325,4.723,0.0112,0.08,3.51,0.95,0.0,759.0,358,397,4,47,52,1,345.0,0.04,4.6e-05,31858.0,,,,
4641,8000,45061,1.7595,0.0022,3.4482,4.743,0.0124,0.08,2.61,0.93,0.0,883.0,467,410,6,53,46,1,297.0,0.05,4.6e-05,30728.0,,,,
4642,8000,45078,1.7153,-0.0038,3.3733,4.852,0.0102,0.07,3.68,0.94,0.0,817.0,407,397,13,50,49,2,321.0,0.04,4.6e-05,31925.0,,,,
4643,8000,45094,1.7445,0.0017,3.4197,4.817,0.0108,0.08,2.86,0.93,0.0,856.0,413,433,10,48,51,1,306.0,0.04,4.6e-05,31861.0,,,,
4644,8000,45111,1.7435,0.0064,3.4075,4.827,0.0127,0.08,2.46,0.93,0.0,971.0,494,474,3,51,49,0,270.0,0.02,4.6e-05,31856.0,,,,
4645,8000,45127,1.7706,0.0258,3.4237,4.841,0.0126,0.08,3.07,0.93,0.0,940.0,482,451,7,51,48,1,279.0,0.01,4.6e-05,31878.0,,,,
4646,8000,45144,1.7789,0.0181,3.4558,4.842,0.0111,0.08,3.06,0.93,0.0,992.0,495,492,5,50,50,1,264.0,0.01,4.6e-05,31933.0,,,,
4647,8000,45160,1.7845,0.0112,3.4797,4.727,0.0107,0.07,3.57,0.93,0.0,863.0,418,442,3,48,51,0,304.0,0.02,4.6e-05,31914.0,,,,
4648,8000,45177,1.7622,0.0132,3.4315,4.759,0.0108,0.08,3.65,0.93,0.0,907.0,461,445,1,51,49,0,289.0,0.01,4.6e-05,31872.0,,,,
4649,8000,45193,1.7704,0.0213,3.432,4.833,0.0133,0.08,3.48,0.94,0.0,889.0,461,425,3,52,48,0,295.0,0.02,4.6e-05,31858.0,143,1,368,28
4650,8000,45225,1.7872,0.0287,3.4507,4.808,0.0097,0.07,4.33,0.94,0.0,875.0,462,408,5,53,47,1,300.0,0.02,4.6e-05,32073.0,,,,
4651,8000,45241,1.7743,0.0212,3.4402,4.806,0.0107,0.08,2.87,0.94,0.0,927.0,494,424,9,53,46,1,283.0,0.02,4.6e-05,31889.0,,,,
4652,8000,45258,1.7784,0.0118,3.4659,4.69,0.0097,0.07,3.33,0.94,0.0,1005.0,512,490,3,51,49,0,261.0,0.02,4.6e-05,31879.0,,,,
4653,8000,45274,1.7624,0.015,3.4276,4.721,0.0108,0.08,2.81,0.94,0.0,948.0,455,492,1,48,52,0,277.0,0.01,4.6e-05,31913.0,,,,
4654,8000,45291,1.7404,0.008,3.399,4.811,0.0105,0.08,2.79,0.94,0.0,896.0,436,455,5,49,51,1,293.0,0.01,4.6e-05,31848.0,,,,
4655,8000,45307,1.7997,0.0135,3.5056,4.754,0.0101,0.07,3.63,0.94,0.0,958.0,477,478,3,50,50,0,274.0,0.01,4.6e-05,31866.0,,,,
4656,8000,45324,1.8054,0.0097,3.5239,4.618,0.0103,0.08,4.07,0.93,0.0,1029.0,558,468,3,54,45,0,255.0,0.01,4.6e-05,31850.0,,,,
4657,8000,45340,1.7719,-0.0023,3.4813,4.659,0.0098,0.07,3.06,0.93,0.0,971.0,482,480,9,50,49,1,270.0,0.01,4.6e-05,31903.0,,,,
4658,8000,45357,1.7784,0.008,3.4743,4.653,0.0093,0.07,4.46,0.94,0.0,893.0,396,492,5,44,55,1,294.0,0.01,4.6e-05,31852.0,,,,
4659,8000,45373,1.8009,-0.0054,3.5447,4.531,0.0094,0.07,5.6,0.94,0.0,999.0,502,494,3,50,49,0,262.0,0.02,4.6e-05,31920.0,,,,
4660,8000,45390,1.8131,-0.0025,3.5633,4.525,0.0116,0.08,3.0,0.93,0.0,1052.0,506,541,5,48,51,0,249.0,0.02,4.6e-05,31858.0,,,,
4661,8000,45407,1.8241,-0.0236,3.6272,4.503,0.0128,0.08,2.96,0.92,0.0,1175.0,561,610,4,48,52,0,223.0,0.01,4.6e-05,30767.0,,,,
4662,8000,45423,1.7373,-0.0368,3.4811,4.674,0.012,0.08,2.6,0.94,0.0,1028.0,544,479,5,53,47,0,255.0,0.01,4.6e-05,31855.0,,,,
4663,8000,45440,1.7496,-0.0195,3.4713,4.712,0.0095,0.08,3.34,0.94,0.0,1004.0,466,535,3,46,53,0,261.0,0.04,4.6e-05,31916.0,,,,
4664,8000,45456,1.7475,-0.0016,3.4314,4.699,0.011,0.08,3.12,0.94,0.0,934.0,488,442,4,52,47,0,281.0,0.05,4.6e-05,31844.0,,,,
4665,8000,45473,1.767,0.003,3.4615,4.699,0.0113,0.09,2.48,0.94,0.0,937.0,493,437,7,53,47,1,280.0,0.03,4.6e-05,31866.0,,,,
4666,8000,45489,1.7581,-0.0077,3.465,4.723,0.0088,0.08,3.02,0.94,0.0,844.0,426,412,6,50,49,1,311.0,0.04,4.6e-05,31856.0,,,,
4667,8000,45506,1.7132,-0.0073,3.3759,4.816,0.0107,0.08,3.23,0.95,0.0,819.0,437,367,15,53,45,2,320.0,0.03,4.6e-05,31849.0,,,,
4668,8000,45522,1.7155,-0.0082,3.3815,4.75,0.0101,0.08,3.08,0.95,0.0,828.0,437,374,17,53,45,2,317.0,0.03,4.6e-05,31916.0,,,,
4669,8000,45539,1.7164,-0.0164,3.3997,4.751,0.0101,0.08,3.1,0.95,0.0,886.0,453,417,16,51,47,2,296.0,0.02,4.6e-05,31855.0,,,,
4670,8000,45555,1.737,-0.0085,3.4257,4.802,0.0097,0.08,3.06,0.95,0.0,931.0,477,435,19,51,47,2,282.0,0.02,4.6e-05,31849.0,,,,
4671,8000,45572,1.7568,-0.0013,3.4507,4.721,0.0106,0.08,3.06,0.95,0.0,947.0,455,479,13,48,51,1,277.0,0.01,4.6e-05,31857.0,,,,
4672,8000,45588,1.7789,0.0073,3.4775,4.738,0.01,0.08,4.04,0.95,0.0,948.0,503,434,11,53,46,1,277.0,0.03,4.6e-05,31917.0,,,,
4673,8000,45605,1.787,-0.0012,3.5106,4.735,0.0087,0.07,3.36,0.94,0.0,998.0,503,487,8,50,49,1,263.0,0.03,4.6e-05,31854.0,,,,
4674,8000,45621,1.781,0.0009,3.4937,4.701,0.0106,0.08,2.58,0.94,0.0,1012.0,539,469,4,53,46,0,259.0,0.01,4.6e-05,31859.0,,,,
4675,8000,45638,1.7907,0.0093,3.4964,4.695,0.0101,0.08,2.77,0.94,0.0,963.0,525,433,5,55,45,1,272.0,0.01,4.6e-05,31849.0,,,,
4676,8000,45654,1.7807,0.0155,3.4646,4.725,0.0094,0.08,2.87,0.95,0.0,963.0,505,451,7,52,47,1,272.0,0.02,4.6e-05,31920.0,,,,
4677,8000,45671,1.7748,0.0053,3.4727,4.722,0.0101,0.08,3.35,0.95,0.0,1005.0,535,464,6,53,46,1,261.0,0.02,4.6e-05,31857.0,,,,
4678,8000,45688,1.8021,0.0054,3.5263,4.624,0.0106,0.08,3.3,0.94,0.0,1022.0,530,486,6,52,48,1,257.0,0.02,4.6e-05,31854.0,,,,
4679,8000,45704,1.8307,0.0101,3.5732,4.521,0.0108,0.08,3.67,0.94,0.0,1064.0,578,485,1,54,46,0,246.0,0.03,4.6e-05,31921.0,,,,
4680,8000,45721,1.8168,-0.0025,3.5705,4.525,0.0099,0.07,3.52,0.94,0.0,1131.0,613,514,4,54,45,0,232.0,0.03,4.6e-05,31846.0,,,,
4681,8000,45738,1.8856,0.0061,3.6913,4.545,0.0106,0.08,2.78,0.92,0.0,1161.0,579,577,5,50,50,0,226.0,0.04,4.6e-05,30675.0,,,,
4682,8000,45754,1.8428,0.0002,3.6172,4.568,0.0115,0.08,3.06,0.92,0.0,1056.0,519,533,4,49,50,0,248.0,0.07,4.6e-05,31807.0,,,,
4683,8000,45771,1.8191,-0.0222,3.6146,4.609,0.0103,0.08,2.8,0.92,0.0,1082.0,525,550,7,49,51,1,242.0,0.07,4.6e-05,31865.0,,,,
4684,8000,45787,1.8257,-0.0036,3.5916,4.682,0.0104,0.08,2.44,0.91,0.0,1125.0,569,551,5,51,49,0,233.0,0.06,4.6e-05,31800.0,,,,
4685,8000,45804,1.8118,-0.0098,3.5757,4.639,0.0126,0.08,2.73,0.92,0.0,1152.0,538,611,3,47,53,0,228.0,0.05,4.6e-05,31814.0,,,,
4686,8000,45820,1.8072,0.0037,3.5393,4.613,0.0128,0.07,2.87,0.93,0.0,1123.0,525,598,0,47,53,0,233.0,0.05,4.6e-05,31851.0,,,,
4687,8000,45837,1.8086,-0.0033,3.5558,4.574,0.011,0.08,2.63,0.93,0.0,1130.0,509,621,0,45,55,0,232.0,0.05,4.6e-05,31847.0,,,,
4688,8000,45853,1.876,0.002,3.6792,4.478,0.0093,0.07,5.77,0.92,0.0,1164.0,552,611,1,47,52,0,225.0,0.04,4.6e-05,31866.0,,,,
4689,8000,45870,1.8542,0.0186,3.6027,4.51,0.0111,0.08,3.54,0.92,0.0,1274.0,629,642,3,49,50,0,206.0,0.05,4.6e-05,31808.0,,,,
4690,8000,45886,1.8615,0.0084,3.6371,4.439,0.0099,0.08,3.09,0.92,0.0,1255.0,610,644,1,49,51,0,209.0,0.05,4.6e-05,31803.0,,,,
4691,8000,45903,1.801,-0.0044,3.5429,4.593,0.0103,0.07,2.79,0.93,0.0,1241.0,597,644,0,48,52,0,211.0,0.04,4.6e-05,31800.0,,,,
4692,8000,45920,1.7811,-0.0075,3.5089,4.561,0.0124,0.08,2.89,0.93,0.0,1219.0,576,642,1,47,53,0,215.0,0.03,4.6e-05,31807.0,,,,
4693,8000,45936,1.7886,0.0034,3.5024,4.619,0.0091,0.07,3.29,0.93,0.0,1087.0,512,574,1,47,53,0,241.0,0.03,4.6e-05,31813.0,,,,
4694,8000,45953,1.8047,0.0203,3.5006,4.566,0.0112,0.08,3.45,0.93,0.0,1111.0,532,577,2,48,52,0,236.0,0.02,4.6e-05,31813.0,,,,
4695,8000,45969,1.8292,0.0258,3.5376,4.488,0.0112,0.08,2.78,0.93,0.0,1082.0,505,577,0,47,53,0,242.0,0.02,4.6e-05,31882.0,,,,
4696,8000,45986,1.8333,0.0291,3.5394,4.478,0.0117,0.07,3.17,0.93,0.0,1103.0,540,562,1,49,51,0,238.0,0.02,4.6e-05,31821.0,,,,
4697,8000,46002,1.8219,0.0205,3.5335,4.414,0.0106,0.08,3.98,0.93,0.0,1078.0,494,583,1,46,54,0,243.0,0.03,4.6e-05,31796.0,,,,
4698,8000,46019,1.8309,0.0208,3.551,4.453,0.0125,0.09,3.6,0.94,0.0,1150.0,569,580,1,49,50,0,228.0,0.04,4.6e-05,31814.0,,,,
4699,8000,46035,1.8523,0.0308,3.5743,4.49,0.0118,0.08,3.55,0.94,0.0,1140.0,511,626,3,45,55,0,230.0,0.02,4.6e-05,31818.0,148,3,361,29
4700,8000,46067,1.864,0.0275,3.603,4.309,0.0118,0.08,4.3,0.94,0.0,1174.0,562,612,0,48,52,0,223.0,0.02,4.6e-05,32026.0,,,,
4701,8000,46084,1.9047,0.0256,3.6882,4.292,0.0137,0.09,3.38,0.91,0.0,1308.0,653,653,2,50,50,0,200.0,0.03,4.6e-05,30692.0,,,,
4702,8000,46100,1.8845,0.016,3.6674,4.335,0.0131,0.09,3.15,0.92,0.0,1233.0,589,642,2,48,52,0,213.0,0.03,4.6e-05,31820.0,,,,
4703,8000,46117,1.8549,0.0116,3.6166,4.329,0.0176,0.1,2.99,0.92,0.0,1255.0,641,613,1,51,49,0,209.0,0.03,4.6e-05,31831.0,,,,
4704,8000,46133,1.8339,-0.0065,3.6115,4.401,0.0145,0.09,2.68,0.92,0.0,1251.0,645,604,2,52,48,0,210.0,0.03,4.6e-05,31817.0,,,,
4705,8000,46150,1.8674,-0.0003,3.6651,4.278,0.0128,0.09,3.09,0.92,0.0,1253.0,606,647,0,48,52,0,209.0,0.03,4.6e-05,31827.0,,,,
4706,8000,46166,1.8508,0.0134,3.6053,4.367,0.0119,0.08,3.35,0.93,0.0,1245.0,609,634,2,49,51,0,211.0,0.03,4.6e-05,31818.0,,,,
4707,8000,46183,1.8523,0.0008,3.6339,4.401,0.0121,0.08,3.42,0.93,0.0,1184.0,592,590,2,50,50,0,221.0,0.04,4.6e-05,31850.0,,,,
4708,8000,46200,1.8495,0.0011,3.627,4.308,0.0148,0.1,3.23,0.93,0.0,1139.0,589,542,8,52,48,1,230.0,0.04,4.6e-05,31830.0,,,,
4709,8000,46216,1.873,0.0234,3.6288,4.265,0.0132,0.09,3.89,0.93,0.0,1185.0,610,569,6,51,48,1,221.0,0.03,4.6e-05,31896.0,,,,
4710,8000,46233,1.8663,0.0242,3.6137,4.263,0.0123,0.08,3.89,0.94,0.0,1148.0,568,577,3,49,50,0,228.0,0.02,4.6e-05,31826.0,,,,
4711,8000,46249,1.8194,0.0066,3.5557,4.372,0.0113,0.08,4.11,0.94,0.0,1029.0,535,492,2,52,48,0,255.0,0.02,4.6e-05,31809.0,,,,
4712,8000,46266,1.8202,0.0087,3.5532,4.333,0.011,0.08,5.05,0.94,0.0,998.0,505,489,4,51,49,0,263.0,0.02,4.6e-05,31833.0,,,,
4713,8000,46282,1.8034,0.0197,3.4977,4.346,0.012,0.08,5.19,0.94,0.0,966.0,475,485,6,49,50,1,271.0,0.01,4.6e-05,31822.0,,,,
4714,8000,46299,1.7993,0.0317,3.4668,4.473,0.0128,0.08,5.45,0.95,0.0,953.0,500,448,5,52,47,1,275.0,0.02,4.6e-05,31845.0,,,,
4715,8000,46315,1.8036,0.0256,3.489,4.365,0.0119,0.08,4.52,0.95,0.0,915.0,490,408,17,54,45,2,286.0,0.02,4.6e-05,31879.0,,,,
4716,8000,46332,1.7809,0.0301,3.4354,4.469,0.0161,0.08,5.1,0.95,0.0,849.0,457,375,17,54,44,2,309.0,0.01,4.6e-05,31829.0,,,,
4717,8000,46348,1.7413,0.0148,3.3841,4.47,0.0113,0.08,7.22,0.95,0.0,768.0,392,372,4,51,48,1,341.0,0.01,4.5e-05,31813.0,,,,
4718,8000,46365,1.7308,0.0206,3.3521,4.534,0.0104,0.07,5.21,0.96,0.0,756.0,402,352,2,53,47,0,347.0,0.01,4.5e-05,31818.0,,,,
4719,8000,46381,1.7654,0.0212,3.4223,4.473,0.011,0.08,4.37,0.95,0.0,796.0,390,395,11,49,50,1,329.0,0.02,4.5e-05,31854.0,,,,
4720,8000,46398,1.75,-0.0001,3.4326,4.451,0.0108,0.08,6.73,0.95,0.0,843.0,440,395,8,52,47,1,311.0,0.03,4.5e-05,31830.0,,,,
4721,8000,46415,1.8425,0.0161,3.5842,4.363,0.0125,0.09,9.46,0.93,0.0,948.0,478,457,13,50,48,1,277.0,0.03,4.5e-05,30717.0,,,,
4722,8000,46431,1.8909,0.0366,3.6388,4.249,0.012,0.09,3.95,0.92,0.0,1005.0,502,494,9,50,49,1,261.0,0.02,4.5e-05,31904.0,,,,
4723,8000,46448,1.8688,0.0457,3.5772,4.383,0.0131,0.09,3.72,0.93,0.0,962.0,489,468,5,51,49,1,272.0,0.02,4.5e-05,31844.0,,,,
4724,8000,46465,1.8125,0.0296,3.4974,4.475,0.0131,0.09,3.04,0.94,0.0,973.0,509,458,6,52,47,1,269.0,0.02,4.5e-05,31842.0,,,,
4725,8000,46481,1.809,0.0304,3.4893,4.551,0.0111,0.08,4.99,0.93,0.0,847.0,467,378,2,55,45,0,309.0,0.02,4.5e-05,31882.0,,,,
4726,8000,46498,1.8133,0.0296,3.4981,4.393,0.0111,0.09,6.29,0.94,0.0,876.0,445,428,3,51,49,0,299.0,0.02,4.5e-05,31861.0,,,,
4727,8000,46514,1.7932,0.0177,3.4816,4.432,0.0078,0.07,7.08,0.94,0.0,849.0,417,427,5,49,50,1,309.0,0.02,4.5e-05,31908.0,,,,
4728,8000,46531,1.7678,0.0292,3.4098,4.577,0.0119,0.08,4.83,0.93,0.0,803.0,407,381,15,51,47,2,326.0,0.02,4.5e-05,31910.0,,,,
4729,8000,46547,1.7148,0.016,3.3314,4.769,0.0097,0.08,4.77,0.94,0.0,706.0,372,322,12,53,46,2,371.0,0.03,4.5e-05,31856.0,,,,
4730,8000,46564,1.6888,0.018,3.2745,4.745,0.0103,0.08,4.82,0.94,0.0,607.0,307,283,17,51,47,3,432.0,0.02,4.5e-05,31841.0,,,,
4731,8000,46580,1.8283,0.0257,3.5387,4.72,0.0118,0.09,45.86,0.94,0.0,665.0,326,322,17,49,48,3,394.0,0.02,4.5e-05,31847.0,,,,
4732,8000,46597,1.7358,-0.0055,3.414,4.52,0.0081,0.07,8.18,0.93,0.0,739.0,368,355,16,50,48,2,355.0,0.02,4.5e-05,31848.0,,,,
4733,8000,46613,1.7289,0.0021,3.3862,4.582,0.0116,0.09,4.31,0.93,0.0,803.0,390,396,17,49,49,2,326.0,0.02,4.5e-05,31911.0,,,,
4734,8000,46630,1.6971,0.0018,3.3237,4.656,0.0131,0.09,4.8,0.94,0.0,713.0,372,329,12,52,46,2,368.0,0.02,4.5e-05,31905.0,,,,
4735,8000,46646,1.6777,-0.0059,3.2998,4.599,0.0109,0.09,8.39,0.94,0.0,654.0,340,303,11,52,46,2,401.0,0.01,4.5e-05,31844.0,,,,
4736,8000,46663,1.6973,-0.0146,3.3562,4.554,0.0113,0.09,4.22,0.93,0.0,720.0,382,326,12,53,45,2,364.0,0.02,4.5e-05,31841.0,,,,
4737,8000,46679,1.7076,-0.0101,3.3672,4.519,0.0112,0.09,4.04,0.93,0.0,727.0,375,339,13,52,47,2,361.0,0.03,4.5e-05,31846.0,,,,
4738,8000,46696,1.7258,-0.0104,3.4034,4.438,0.0107,0.09,5.34,0.93,0.0,735.0,393,329,13,53,45,2,357.0,0.02,4.5e-05,31840.0,,,,
4739,8000,46712,1.7136,-0.0009,3.3612,4.518,0.0112,0.09,5.01,0.93,0.0,720.0,376,331,13,52,46,2,364.0,0.02,4.5e-05,31904.0,,,,
4740,8000,46729,1.7094,-0.0093,3.3691,4.49,0.01,0.08,14.76,0.93,0.0,651.0,334,304,13,51,47,2,403.0,0.01,4.5e-05,31857.0,,,,
4741,8000,46746,1.8526,0.0087,3.6175,4.275,0.0146,0.1,16.68,0.9,0.0,888.0,480,400,8,54,45,1,295.0,0.03,4.5e-05,30684.0,,,,
4742,8000,46762,1.926,0.0253,3.7306,4.18,0.0064,0.06,15.51,0.91,0.0,1028.0,573,445,10,56,43,1,255.0,0.02,4.5e-05,31807.0,,,,
4743,8000,46779,1.8783,0.0103,3.6651,4.208,0.0097,0.08,6.23,0.92,0.0,1145.0,625,514,6,55,45,1,229.0,0.02,4.5e-05,31794.0,,,,
4744,8000,46795,1.8383,0.0222,3.5629,4.363,0.0126,0.09,4.75,0.92,0.0,1064.0,598,461,5,56,43,0,246.0,0.01,4.5e-05,31837.0,,,,
4745,8000,46812,1.7809,0.0143,3.4647,4.533,0.0125,0.09,4.95,0.93,0.0,945.0,539,404,2,57,43,0,277.0,0.01,4.5e-05,31829.0,,,,
4746,8000,46828,1.8259,0.0133,3.5562,4.484,0.0102,0.07,6.06,0.92,0.0,997.0,528,465,4,53,47,0,263.0,0.01,4.5e-05,31826.0,,,,
4747,8000,46845,1.829,0.0209,3.5478,4.505,0.0094,0.07,6.01,0.93,0.0,937.0,488,446,3,52,48,0,280.0,0.01,4.5e-05,31815.0,,,,
4748,8000,46862,1.8267,0.0282,3.5285,4.502,0.0113,0.09,4.5,0.93,0.0,989.0,519,469,1,52,47,0,265.0,0.01,4.5e-05,31817.0,,,,
4749,8000,46878,1.8509,0.0201,3.5918,4.372,0.0112,0.08,5.62,0.93,0.0,1023.0,512,507,4,50,50,0,256.0,0.01,4.5e-05,31882.0,247,0,265,48
4750,8000,46910,1.8054,-0.0105,3.561,4.259,0.0113,0.08,6.96,0.94,0.0,1079.0,574,503,2,53,47,0,243.0,0.01,4.5e-05,32052.0,,,,
4751,8000,46926,1.835,0.0201,3.5592,4.235,0.0118,0.09,3.71,0.93,0.0,1070.0,550,516,4,51,48,0,245.0,0.02,4.5e-05,31823.0,,,,
4752,8000,46943,1.8319,0.0188,3.5556,4.238,0.0127,0.09,4.5,0.94,0.0,1025.0,536,484,5,52,47,0,256.0,0.01,4.5e-05,31835.0,,,,
4753,8000,46959,1.8123,0.0146,3.5247,4.245,0.0109,0.08,4.71,0.94,0.0,1013.0,493,517,3,49,51,0,259.0,0.01,4.5e-05,31864.0,,,,
4754,8000,46976,1.8179,0.0146,3.5359,4.189,0.0112,0.09,5.07,0.94,0.0,979.0,494,479,6,50,49,1,268.0,0.01,4.5e-05,31831.0,,,,
4755,8000,46992,1.8174,0.023,3.5188,4.259,0.0112,0.08,4.72,0.94,0.0,981.0,499,478,4,51,49,0,267.0,0.01,4.5e-05,31836.0,,,,
4756,8000,47009,1.857,0.0353,3.5731,4.209,0.0128,0.09,3.43,0.94,0.0,1079.0,543,530,6,50,49,1,243.0,0.02,4.5e-05,31820.0,,,,
4757,8000,47025,1.8221,0.0286,3.5168,4.271,0.0133,0.09,3.06,0.94,0.0,1061.0,531,524,6,50,49,1,247.0,0.01,4.5e-05,31880.0,,,,
4758,8000,47042,1.8286,0.0173,3.5518,4.175,0.0125,0.1,3.62,0.94,0.0,1063.0,545,510,8,51,48,1,247.0,0.02,4.5e-05,31826.0,,,,
4759,8000,47058,1.8188,0.0047,3.5568,4.172,0.0117,0.09,3.8,0.94,0.0,1004.0,513,490,1,51,49,0,261.0,0.02,4.5e-05,31820.0,,,,
4760,8000,47075,1.8126,0.0118,3.5315,4.29,0.0119,0.09,4.0,0.94,0.0,1060.0,527,530,3,50,50,0,247.0,0.02,4.5e-05,31800.0,,,,
4761,8000,47092,1.8833,0.0522,3.5912,4.204,0.0146,0.1,3.4,0.94,0.0,1059.0,623,431,5,59,41,0,248.0,0.02,4.5e-05,30702.0,,,,
4762,8000,47109,1.8685,0.0429,3.5807,4.301,0.0137,0.09,3.0,0.93,0.0,1108.0,650,451,7,59,41,1,237.0,0.02,4.5e-05,31906.0,,,,
4763,8000,47125,1.8174,0.0196,3.5259,4.43,0.0121,0.09,3.39,0.93,0.0,1015.0,604,409,2,60,40,0,258.0,0.01,4.5e-05,31838.0,,,,
4764,8000,47142,1.8353,0.0316,3.5375,4.396,0.011,0.07,5.52,0.94,0.0,976.0,538,432,6,55,44,1,269.0,0.02,4.5e-05,31834.0,,,,
4765,8000,47158,1.8043,0.0131,3.5126,4.379,0.0102,0.08,4.83,0.93,0.0,978.0,484,489,5,49,50,1,268.0,0.02,4.5e-05,31836.0,,,,
4766,8000,47175,1.8576,0.0121,3.6206,4.332,0.0096,0.07,12.48,0.93,0.0,1005.0,526,474,5,52,47,0,261.0,0.01,4.5e-05,31838.0,,,,
4767,8000,47191,1.8161,0.0352,3.4921,4.406,0.0119,0.09,3.82,0.94,0.0,969.0,512,455,2,53,47,0,271.0,0.01,4.5e-05,31848.0,,,,
4768,8000,47208,1.7764,0.0198,3.4451,4.505,0.0104,0.08,10.26,0.94,0.0,915.0,499,409,7,55,45,1,286.0,0.02,4.5e-05,31868.0,,,,
4769,8000,47224,1.7596,0.0023,3.4459,4.501,0.0102,0.07,9.02,0.94,0.0,858.0,480,372,6,56,43,1,306.0,0.02,4.5e-05,31833.0,,,,
4770,8000,47241,1.7551,-0.0124,3.4665,4.462,0.008,0.06,8.03,0.94,0.0,867.0,472,385,10,54,44,1,302.0,0.01,4.5e-05,31851.0,,,,
4771,8000,47257,1.748,-0.0112,3.4497,4.468,0.0093,0.08,11.95,0.94,0.0,846.0,441,398,7,52,47,1,310.0,0.01,4.5e-05,31856.0,,,,
4772,8000,47274,1.731,0.0027,3.3876,4.421,0.0106,0.08,4.67,0.95,0.0,819.0,412,401,6,50,49,1,320.0,0.01,4.5e-05,31901.0,,,,
4773,8000,47290,1.7391,0.0048,3.4002,4.446,0.0125,0.09,4.41,0.94,0.0,799.0,413,375,11,52,47,1,328.0,0.02,4.5e-05,31879.0,,,,
4774,8000,47307,1.7229,-0.0009,3.379,4.413,0.0122,0.09,12.2,0.94,0.0,795.0,401,387,7,50,49,1,330.0,0.01,4.5e-05,31824.0,,,,
4775,8000,47323,1.8249,-0.0028,3.5864,4.235,0.0059,0.05,34.09,0.95,0.0,810.0,395,402,13,49,50,2,324.0,0.01,4.5e-05,31838.0,,,,
4776,8000,47340,1.7153,0.0028,3.3576,4.344,0.0113,0.08,5.55,0.95,0.0,732.0,362,353,17,49,48,2,358.0,0.02,4.5e-05,31878.0,,,,
4777,8000,47356,1.6979,0.0043,3.3187,4.346,0.0109,0.08,5.62,0.95,0.0,767.0,427,325,15,56,42,2,342.0,0.02,4.5e-05,31845.0,,,,
4778,8000,47373,1.7339,0.0034,3.3917,4.323,0.0103,0.07,14.79,0.95,0.0,801.0,422,366,13,53,46,2,327.0,0.01,4.5e-05,31909.0,,,,
4779,8000,47389,1.7713,0.0073,3.4606,4.399,0.0101,0.08,22.09,0.95,0.0,821.0,414,391,16,50,48,2,319.0,0.01,4.5e-05,31855.0,,,,
4780,8000,47406,1.6952,-0.0117,3.3452,4.329,0.0121,0.09,4.79,0.95,0.0,804.0,426,363,15,53,45,2,326.0,0.02,4.5e-05,31852.0,,,,
4781,8000,47423,1.7838,0.0035,3.4948,4.413,0.0129,0.09,6.69,0.94,0.0,868.0,441,405,22,51,47,3,302.0,0.01,4.5e-05,30657.0,,,,
4782,8000,47440,1.749,-0.0018,3.4365,4.454,0.0131,0.09,4.62,0.93,0.0,830.0,411,400,19,50,48,2,316.0,0.01,4.5e-05,31773.0,,,,
4783,8000,47456,1.7167,-0.0047,3.3768,4.466,0.0129,0.1,3.96,0.93,0.0,777.0,417,345,15,54,44,2,337.0,0.02,4.5e-05,31784.0,,,,
4784,8000,47473,1.7048,-0.0047,3.3543,4.591,0.0118,0.08,6.28,0.93,0.0,756.0,418,315,23,55,42,3,347.0,0.02,4.5e-05,31782.0,,,,
4785,8000,47489,1.7215,0.0158,3.3447,4.625,0.0121,0.08,3.14,0.93,0.0,703.0,359,334,10,51,48,1,373.0,0.01,4.5e-05,31857.0,,,,
4786,8000,47506,1.723,0.0211,3.339,4.515,0.0146,0.1,3.2,0.94,0.0,729.0,353,356,20,48,49,3,360.0,0.02,4.5e-05,31866.0,,,,
4787,8000,47522,1.701,0.0072,3.3233,4.628,0.0111,0.08,3.12,0.93,0.0,731.0,377,334,20,52,46,3,359.0,0.02,4.5e-05,31799.0,,,,
4788,8000,47539,1.6979,0.0083,3.3156,4.627,0.0129,0.09,3.11,0.93,0.0,760.0,397,343,20,52,45,3,345.0,0.03,4.5e-05,31861.0,,,,
4789,8000,47555,1.7418,0.0109,3.3962,4.51,0.0115,0.08,3.12,0.93,0.0,865.0,429,417,19,50,48,2,303.0,0.03,4.5e-05,31818.0,,,,
4790,8000,47572,1.7662,0.0137,3.4393,4.528,0.0117,0.08,3.61,0.93,0.0,1012.0,531,464,17,52,46,2,259.0,0.03,4.5e-05,31874.0,,,,
4791,8000,47588,1.7953,0.0247,3.4738,4.474,0.01,0.07,3.31,0.93,0.0,998.0,527,462,9,53,46,1,263.0,0.02,4.5e-05,31812.0,,,,
4792,8000,47605,1.8316,0.0438,3.5082,4.418,0.0126,0.09,2.82,0.93,0.0,1138.0,599,529,10,53,46,1,230.0,0.01,4.5e-05,31791.0,,,,
4793,8000,47621,1.8087,0.039,3.472,4.469,0.0126,0.08,2.92,0.94,0.0,1042.0,554,477,11,53,46,1,252.0,0.01,4.5e-05,31875.0,,,,
4794,8000,47638,1.7811,0.0138,3.4669,4.448,0.0113,0.08,3.14,0.94,0.0,1101.0,598,494,9,54,45,1,238.0,0.02,4.5e-05,31801.0,,,,
4795,8000,47654,1.7974,0.0239,3.478,4.402,0.0122,0.08,2.84,0.93,0.0,1079.0,557,521,1,52,48,0,243.0,0.02,4.5e-05,31867.0,,,,
4796,8000,47671,1.7779,0.0075,3.4718,4.375,0.0115,0.08,3.05,0.94,0.0,1095.0,567,524,4,52,48,0,239.0,0.01,4.5e-05,31809.0,,,,
4797,8000,47687,1.8063,0.0165,3.5106,4.364,0.0088,0.07,3.61,0.94,0.0,1066.0,569,495,2,53,46,0,246.0,0.02,4.5e-05,31808.0,,,,
4798,8000,47704,1.8158,0.0218,3.5187,4.354,0.0106,0.08,3.57,0.93,0.0,1066.0,531,528,7,50,50,1,246.0,0.02,4.5e-05,31803.0,,,,
4799,8000,47721,1.8195,0.0182,3.5329,4.307,0.0089,0.07,5.9,0.94,0.0,1035.0,506,524,5,49,51,0,253.0,0.01,4.5e-05,31793.0,213,0,299,42
4800,8000,47752,1.8056,0.0215,3.4983,4.311,0.0108,0.08,3.68,0.94,0.0,1056.0,527,528,1,50,50,0,248.0,0.02,4.5e-05,31951.0,,,,
4801,8000,47769,1.8814,0.0099,3.6724,4.215,0.0111,0.09,4.66,0.91,0.0,1133.0,562,567,4,50,50,0,231.0,0.02,4.5e-05,30701.0,,,,
4802,8000,47786,1.924,0.029,3.7189,4.128,0.0134,0.09,2.91,0.9,0.0,1235.0,590,642,3,48,52,0,212.0,0.02,4.5e-05,31841.0,,,,
4803,8000,47802,1.8832,0.02,3.6556,4.165,0.0105,0.08,3.62,0.91,0.0,1190.0,584,603,3,49,51,0,220.0,0.02,4.5e-05,31908.0,,,,
4804,8000,47819,1.8579,0.0053,3.6346,4.218,0.0141,0.09,2.96,0.92,0.0,1253.0,629,620,4,50,49,0,209.0,0.01,4.5e-05,31834.0,,,,
4805,8000,47835,1.8383,-0.0092,3.6235,4.091,0.0124,0.1,2.69,0.92,0.0,1273.0,682,591,0,54,46,0,206.0,0.01,4.5e-05,31841.0,,,,
4806,8000,47852,1.8965,0.0209,3.6794,4.043,0.0138,0.1,3.09,0.92,0.0,1267.0,669,598,0,53,47,0,207.0,0.01,4.5e-05,31828.0,,,,
4807,8000,47868,1.8798,0.0004,3.687,4.055,0.0115,0.09,2.7,0.92,0.0,1300.0,617,680,3,47,52,0,202.0,0.01,4.5e-05,31825.0,,,,
4808,8000,47885,1.8356,-0.0073,3.6144,4.082,0.0111,0.09,2.8,0.93,0.0,1182.0,585,597,0,49,51,0,222.0,0.01,4.5e-05,31836.0,,,,
4809,8000,47901,1.818,0.0022,3.5613,4.251,0.0134,0.08,3.85,0.94,0.0,1158.0,582,576,0,50,50,0,226.0,0.01,4.5e-05,31843.0,,,,
4810,8000,47918,1.8191,-0.01,3.5879,4.226,0.0127,0.09,2.79,0.93,0.0,1169.0,587,580,2,50,50,0,224.0,0.02,4.5e-05,31822.0,,,,
4811,8000,47935,1.8321,0.0027,3.5879,4.166,0.0104,0.08,2.7,0.93,0.0,1186.0,629,556,1,53,47,0,221.0,0.01,4.5e-05,31829.0,,,,
4812,8000,47951,1.8404,0.0131,3.5841,4.242,0.0103,0.08,3.08,0.93,0.0,1126.0,574,552,0,51,49,0,233.0,0.02,4.5e-05,31817.0,,,,
4813,8000,47968,1.8071,-0.0034,3.5516,4.365,0.0111,0.08,2.93,0.94,0.0,1094.0,591,501,2,54,46,0,240.0,0.02,4.4e-05,31895.0,,,,
4814,8000,47984,1.8143,0.0105,3.538,4.333,0.0117,0.08,2.73,0.94,0.0,1088.0,552,535,1,51,49,0,241.0,0.01,4.4e-05,31905.0,,,,
4815,8000,48001,1.8099,0.0105,3.5294,4.347,0.01,0.08,3.02,0.94,0.0,1077.0,532,543,2,49,50,0,243.0,0.01,4.4e-05,31837.0,,,,
4816,8000,48017,1.8171,0.0121,3.54,4.283,0.01,0.08,3.27,0.94,0.0,1041.0,537,503,1,52,48,0,252.0,0.01,4.4e-05,31849.0,,,,
4817,8000,48034,1.8311,0.0188,3.5553,4.333,0.0099,0.08,9.84,0.94,0.0,1051.0,517,533,1,49,51,0,249.0,0.0,4.4e-05,31901.0,,,,
4818,8000,48050,1.8202,0.0287,3.5133,4.347,0.0087,0.07,5.05,0.95,0.0,1025.0,549,475,1,54,46,0,256.0,0.01,4.4e-05,31828.0,,,,
4819,8000,48067,1.7699,0.0176,3.4357,4.466,0.0099,0.08,3.29,0.95,0.0,983.0,501,479,3,51,49,0,267.0,0.01,4.4e-05,31894.0,,,,
4820,8000,48083,1.7406,0.0075,3.3978,4.519,0.0094,0.07,3.83,0.95,0.0,876.0,414,459,3,47,52,0,299.0,0.01,4.4e-05,31854.0,,,,
4821,8000,48100,1.7547,0.0161,3.409,4.55,0.0105,0.08,3.71,0.94,0.0,827.0,412,414,1,50,50,0,317.0,0.01,4.4e-05,30729.0,,,,
4822,8000,48117,1.7576,0.0015,3.4435,4.468,0.0094,0.07,3.61,0.94,0.0,855.0,386,467,2,45,55,0,307.0,0.02,4.4e-05,31831.0,,,,
4823,8000,48133,1.7595,-0.0025,3.4553,4.473,0.01,0.08,4.32,0.94,0.0,863.0,452,408,3,52,47,0,304.0,0.02,4.4e-05,31806.0,,,,
4824,8000,48150,1.7665,0.0067,3.4506,4.368,0.0094,0.08,3.11,0.94,0.0,893.0,444,446,3,50,50,0,294.0,0.02,4.4e-05,31829.0,,,,
4825,8000,48167,1.7399,-0.0093,3.4302,4.496,0.01,0.08,3.6,0.95,0.0,928.0,437,485,6,47,52,1,282.0,0.02,4.4e-05,31869.0,,,,
4826,8000,48183,1.777,-0.0039,3.4931,4.442,0.0102,0.08,3.44,0.94,0.0,943.0,461,481,1,49,51,0,278.0,0.01,4.4e-05,31878.0,,,,
4827,8000,48200,1.8155,0.0028,3.5558,4.288,0.0119,0.08,3.41,0.93,0.0,1011.0,506,500,5,50,49,0,259.0,0.02,4.4e-05,31827.0,,,,
4828,8000,48216,1.9158,0.0047,3.7514,4.19,0.0131,0.09,25.06,0.93,0.0,1048.0,513,533,2,49,51,0,250.0,0.01,4.4e-05,31830.0,,,,
4829,8000,48233,1.7942,-0.0202,3.5577,4.149,0.0118,0.09,3.21,0.93,0.0,1065.0,533,530,2,50,50,0,246.0,0.01,4.4e-05,31822.0,,,,
4830,8000,48249,1.787,-0.0181,3.5395,4.221,0.0127,0.09,4.0,0.93,0.0,1023.0,498,523,2,49,51,0,256.0,0.01,4.4e-05,31821.0,,,,
4831,8000,48266,1.7562,-0.0085,3.4591,4.334,0.0111,0.08,2.89,0.94,0.0,958.0,453,499,6,47,52,1,274.0,0.01,4.4e-05,31832.0,,,,
4832,8000,48282,1.7791,-0.0027,3.4935,4.299,0.0121,0.08,4.06,0.94,0.0,994.0,511,479,4,51,48,0,264.0,0.01,4.4e-05,31828.0,,,,
4833,8000,48299,1.8149,-0.0028,3.5647,4.202,0.0117,0.09,3.65,0.94,0.0,1035.0,525,507,3,51,49,0,253.0,0.01,4.4e-05,31821.0,,,,
4834,8000,48315,1.7787,-0.0108,3.5083,4.229,0.0115,0.08,4.85,0.94,0.0,1100.0,555,542,3,50,49,0,238.0,0.0,4.4e-05,31862.0,,,,
4835,8000,48332,1.8696,-0.0052,3.679,4.261,0.0074,0.06,20.7,0.94,0.0,993.0,540,449,4,54,45,0,264.0,0.01,4.4e-05,31827.0,,,,
4836,8000,48348,1.8053,0.0061,3.5277,4.21,0.011,0.08,5.14,0.95,0.0,1056.0,553,499,4,52,47,0,248.0,0.01,4.4e-05,31815.0,,,,
4837,8000,48365,1.8113,0.0179,3.5161,4.265,0.0105,0.08,4.81,0.94,0.0,1012.0,542,466,4,54,46,0,259.0,0.01,4.4e-05,31858.0,,,,
4838,8000,48381,1.8084,0.0253,3.4959,4.296,0.0112,0.08,5.25,0.95,0.0,1023.0,535,486,2,52,48,0,256.0,0.01,4.4e-05,31809.0,,,,
4839,8000,48398,1.781,0.0012,3.4887,4.232,0.0119,0.08,4.79,0.95,0.0,1003.0,515,482,6,51,48,1,261.0,0.02,4.4e-05,31885.0,,,,
4840,8000,48414,1.7559,-0.0282,3.4974,4.195,0.011,0.08,4.22,0.95,0.0,1110.0,565,539,6,51,49,1,236.0,0.01,4.4e-05,31834.0,,,,
4841,8000,48432,1.8214,-0.0128,3.5976,4.202,0.0147,0.09,3.25,0.93,0.0,1176.0,590,583,3,50,50,0,223.0,0.01,4.4e-05,30728.0,,,,
4842,8000,48448,1.8295,-0.011,3.6102,4.228,0.0143,0.09,2.71,0.92,0.0,1179.0,568,607,4,48,51,0,222.0,0.02,4.4e-05,31809.0,,,,
4843,8000,48465,1.8098,-0.0185,3.5871,4.36,0.0143,0.1,2.82,0.92,0.0,1094.0,563,526,5,51,48,0,240.0,0.04,4.4e-05,31803.0,,,,
4844,8000,48481,1.8353,-0.0041,3.6091,4.337,0.0099,0.08,3.76,0.93,0.0,1042.0,522,516,4,50,50,0,252.0,0.04,4.4e-05,31885.0,,,,
4845,8000,48498,1.8328,0.0067,3.5818,4.322,0.0098,0.07,4.96,0.93,0.0,1062.0,535,525,2,50,49,0,247.0,0.04,4.4e-05,31856.0,,,,
4846,8000,48514,1.785,-0.0006,3.5015,4.352,0.012,0.09,3.42,0.94,0.0,941.0,469,467,5,50,50,1,279.0,0.02,4.4e-05,31805.0,,,,
4847,8000,48531,1.8329,-0.0198,3.6348,4.262,0.0112,0.09,4.84,0.93,0.0,1044.0,537,504,3,51,48,0,251.0,0.03,4.4e-05,31801.0,,,,
4848,8000,48547,1.786,-0.0138,3.5297,4.365,0.0122,0.09,2.91,0.93,0.0,1025.0,469,550,6,46,54,1,256.0,0.02,4.4e-05,31810.0,,,,
4849,8000,48564,1.8736,-0.0061,3.6891,4.305,0.0094,0.08,19.92,0.94,0.0,1039.0,498,538,3,48,52,0,252.0,0.02,4.4e-05,31847.0,197,0,315,38
4850,8000,48595,1.884,0.0203,3.6565,4.203,0.0067,0.06,7.48,0.93,0.0,1066.0,536,528,2,50,50,0,246.0,0.02,4.4e-05,31951.0,,,,
4851,8000,48612,1.8338,0.0013,3.5946,4.22,0.01,0.08,4.57,0.93,0.0,1102.0,515,585,2,47,53,0,238.0,0.02,4.4e-05,31806.0,,,,
4852,8000,48628,1.8495,-0.0022,3.6333,4.267,0.0107,0.08,3.69,0.94,0.0,1134.0,516,614,4,46,54,0,231.0,0.01,4.4e-05,31820.0,,,,
4853,8000,48645,1.8493,0.0179,3.5919,4.209,0.0118,0.09,4.06,0.94,0.0,1122.0,511,610,1,46,54,0,234.0,0.01,4.4e-05,31853.0,,,,
4854,8000,48661,1.839,0.0223,3.562,4.168,0.0117,0.09,3.58,0.94,0.0,1008.0,459,548,1,46,54,0,260.0,0.02,4.4e-05,31819.0,,,,
4855,8000,48678,1.8308,0.0145,3.5615,4.192,0.0114,0.09,3.76,0.94,0.0,1062.0,496,564,2,47,53,0,247.0,0.02,4.4e-05,31790.0,,,,
4856,8000,48695,1.8491,0.0254,3.578,4.272,0.0136,0.09,5.49,0.94,0.0,1081.0,509,567,5,47,52,0,243.0,0.01,4.4e-05,31812.0,,,,
4857,8000,48711,1.8505,0.04,3.5513,4.271,0.0124,0.09,3.66,0.94,0.0,1027.0,506,511,10,49,50,1,255.0,0.01,4.4e-05,31838.0,,,,
4858,8000,48728,1.8781,0.0381,3.6106,4.289,0.0099,0.08,5.94,0.94,0.0,1038.0,485,548,5,47,53,0,253.0,0.01,4.4e-05,31776.0,,,,
4859,8000,48744,1.8333,0.0143,3.5679,4.195,0.0145,0.1,3.56,0.94,0.0,1054.0,511,535,8,48,51,1,249.0,0.01,4.4e-05,31805.0,,,,
4860,8000,48761,1.8739,0.0298,3.6176,4.183,0.0125,0.09,3.9,0.93,0.0,1075.0,493,579,3,46,54,0,244.0,0.02,4.4e-05,31806.0,,,,
4861,8000,48778,1.8528,0.0202,3.595,4.239,0.0123,0.09,3.76,0.93,0.0,994.0,433,556,5,44,56,1,264.0,0.01,4.4e-05,30711.0,,,,
4862,8000,48794,1.848,0.0026,3.6206,4.227,0.0108,0.08,5.8,0.93,0.0,1020.0,492,520,8,48,51,1,257.0,0.03,4.4e-05,31826.0,,,,
4863,8000,48811,1.8478,0.0198,3.586,4.242,0.0118,0.09,4.25,0.93,0.0,1015.0,510,501,4,50,49,0,258.0,0.03,4.4e-05,31824.0,,,,
4864,8000,48827,1.8417,0.0225,3.5692,4.276,0.0101,0.09,4.21,0.93,0.0,994.0,473,512,9,48,52,1,264.0,0.04,4.4e-05,31824.0,,,,
4865,8000,48844,1.8727,0.0274,3.6204,4.197,0.012,0.09,4.56,0.93,0.0,1060.0,538,520,2,51,49,0,247.0,0.03,4.4e-05,31820.0,,,,
4866,8000,48861,1.8527,0.0074,3.62,4.138,0.0123,0.09,3.76,0.93,0.0,1091.0,530,553,8,49,51,1,240.0,0.04,4.4e-05,31815.0,,,,
4867,8000,48877,1.8774,0.0201,3.644,4.169,0.0133,0.09,3.72,0.93,0.0,1173.0,559,609,5,48,52,0,223.0,0.02,4.4e-05,31814.0,,,,
4868,8000,48894,1.8328,-0.0078,3.611,4.216,0.0112,0.08,3.76,0.93,0.0,1114.0,507,600,7,46,54,1,235.0,0.02,4.4e-05,31807.0,,,,
4869,8000,48910,1.8373,0.0089,3.5861,4.178,0.0134,0.09,2.84,0.93,0.0,1124.0,551,572,1,49,51,0,233.0,0.03,4.4e-05,31885.0,,,,
4870,8000,48927,1.8224,0.0166,3.5413,4.198,0.0131,0.09,3.95,0.94,0.0,1110.0,573,533,4,52,48,0,236.0,0.03,4.4e-05,31821.0,,,,
4871,8000,48943,1.8588,0.0025,3.6417,4.136,0.0094,0.08,7.17,0.93,0.0,1190.0,587,599,4,49,50,0,220.0,0.02,4.4e-05,31812.0,,,,
4872,8000,48960,1.8093,-0.0217,3.5896,3.993,0.0134,0.09,3.36,0.93,0.0,1197.0,565,628,4,47,52,0,219.0,0.02,4.4e-05,31806.0,,,,
4873,8000,48976,1.8473,-0.0107,3.6442,4.092,0.0101,0.08,5.26,0.93,0.0,1182.0,527,651,4,45,55,0,222.0,0.02,4.4e-05,31810.0,,,,
4874,8000,48993,1.8619,0.007,3.6382,4.059,0.0128,0.1,3.36,0.93,0.0,1234.0,591,637,6,48,52,0,212.0,0.01,4.4e-05,31813.0,,,,
4875,8000,49009,1.8483,0.003,3.619,4.106,0.0109,0.08,3.88,0.93,0.0,1182.0,562,617,3,48,52,0,222.0,0.02,4.4e-05,31865.0,,,,
4876,8000,49026,1.8094,-0.017,3.5814,4.099,0.0113,0.09,3.14,0.94,0.0,1098.0,544,552,2,50,50,0,239.0,0.01,4.4e-05,31817.0,,,,
4877,8000,49042,1.7943,-0.0233,3.5637,4.107,0.013,0.09,3.58,0.93,0.0,1164.0,585,575,4,50,49,0,225.0,0.01,4.4e-05,31837.0,,,,
4878,8000,49059,1.8371,-0.0171,3.6376,4.177,0.0094,0.08,11.92,0.93,0.0,1126.0,520,603,3,46,54,0,233.0,0.01,4.4e-05,31838.0,,,,
4879,8000,49075,1.8457,0.0139,3.5923,4.134,0.011,0.08,4.93,0.94,0.0,1119.0,540,568,11,48,51,1,234.0,0.01,4.4e-05,31886.0,,,,
4880,8000,49092,1.8567,0.02,3.6018,4.106,0.0112,0.08,4.04,0.93,0.0,1131.0,535,587,9,47,52,1,232.0,0.0,4.4e-05,31830.0,,,,
4881,8000,49109,1.8921,0.0128,3.6879,4.175,0.0136,0.1,4.27,0.92,0.0,1188.0,573,605,10,48,51,1,221.0,0.01,4.4e-05,30707.0,,,,
4882,8000,49126,1.9099,0.004,3.741,4.162,0.0133,0.09,3.9,0.91,0.0,1283.0,658,613,12,51,48,1,204.0,0.01,4.4e-05,31786.0,,,,
4883,8000,49142,1.9002,0.0001,3.7295,4.187,0.0133,0.1,2.85,0.91,0.0,1262.0,649,608,5,51,48,0,208.0,0.01,4.4e-05,31799.0,,,,
4884,8000,49159,1.88,0.0104,3.6685,4.21,0.0127,0.09,3.43,0.92,0.0,1219.0,633,580,6,52,48,0,215.0,0.02,4.4e-05,31797.0,,,,
4885,8000,49175,1.8936,0.0277,3.6613,4.208,0.0121,0.09,3.22,0.92,0.0,1248.0,668,578,2,54,46,0,210.0,0.01,4.4e-05,31792.0,,,,
4886,8000,49192,1.8839,0.0144,3.668,4.168,0.0119,0.09,3.23,0.92,0.0,1207.0,661,546,0,55,45,0,217.0,0.01,4.4e-05,31846.0,,,,
4887,8000,49208,1.8453,0.0144,3.5907,4.176,0.0127,0.09,3.16,0.93,0.0,1233.0,632,599,2,51,49,0,213.0,0.01,4.4e-05,31781.0,,,,
4888,8000,49225,1.8768,0.0152,3.6519,4.128,0.013,0.09,2.93,0.93,0.0,1236.0,619,617,0,50,50,0,212.0,0.02,4.4e-05,31856.0,,,,
4889,8000,49241,1.8986,0.0221,3.6828,4.239,0.011,0.09,8.48,0.93,0.0,1247.0,632,614,1,51,49,0,210.0,0.02,4.4e-05,31787.0,,,,
4890,8000,49258,1.8551,-0.0001,3.6404,4.279,0.0123,0.09,3.32,0.93,0.0,1221.0,633,587,1,52,48,0,215.0,0.01,4.4e-05,31804.0,,,,
4891,8000,49275,1.8641,0.0077,3.6421,4.203,0.0113,0.09,3.66,0.93,0.0,1203.0,619,581,3,51,48,0,218.0,0.01,4.4e-05,31821.0,,,,
4892,8000,49291,1.8824,0.0165,3.6609,4.161,0.0117,0.09,3.41,0.93,0.0,1193.0,635,556,2,53,47,0,220.0,0.01,4.4e-05,31772.0,,,,
4893,8000,49308,1.8601,0.0059,3.6382,4.241,0.012,0.09,3.15,0.93,0.0,1221.0,665,556,0,54,46,0,215.0,0.01,4.4e-05,31853.0,,,,
4894,8000,49324,1.8621,0.0037,3.6468,4.274,0.0121,0.09,3.16,0.93,0.0,1204.0,625,578,1,52,48,0,218.0,0.01,4.4e-05,31780.0,,,,
4895,8000,49341,1.8579,-0.0116,3.6686,4.225,0.0113,0.08,4.71,0.93,0.0,1171.0,599,571,1,51,49,0,224.0,0.0,4.4e-05,31759.0,,,,
4896,8000,49357,1.887,0.023,3.6581,4.288,0.014,0.08,3.55,0.93,0.0,1295.0,672,619,4,52,48,0,202.0,0.0,4.4e-05,31853.0,,,,
4897,8000,49374,1.8605,-0.0015,3.6527,4.16,0.0111,0.09,3.67,0.93,0.0,1206.0,657,542,7,54,45,1,217.0,0.0,4.4e-05,31787.0,,,,
4898,8000,49390,1.8515,0.0038,3.6245,4.161,0.0121,0.09,3.56,0.93,0.0,1217.0,637,579,1,52,48,0,215.0,0.01,4.4e-05,31790.0,,,,
4899,8000,49407,1.8863,0.0194,3.6624,4.107,0.0142,0.09,3.09,0.93,0.0,1242.0,642,598,2,52,48,0,211.0,0.02,4.4e-05,31795.0,219,0,293,43
4900,8000,49439,1.8868,0.0196,3.6632,4.116,0.0148,0.1,3.73,0.93,0.0,1273.0,689,583,1,54,46,0,206.0,0.01,4.4e-05,31941.0,,,,
4901,8000,49456,1.9675,0.0493,3.7647,4.076,0.015,0.1,3.62,0.91,0.0,1313.0,669,642,2,51,49,0,200.0,0.01,4.4e-05,30740.0,,,,
4902,8000,49472,1.9069,0.025,3.6918,4.036,0.0134,0.1,2.89,0.91,0.0,1275.0,709,563,3,56,44,0,206.0,0.02,4.4e-05,31816.0,,,,
4903,8000,49489,1.8703,0.0064,3.656,4.067,0.0133,0.09,2.99,0.91,0.0,1264.0,692,569,3,55,45,0,207.0,0.01,4.4e-05,31809.0,,,,
4904,8000,49505,1.8518,0.0083,3.6162,4.184,0.0134,0.09,4.55,0.92,0.0,1194.0,669,523,2,56,44,0,220.0,0.02,4.4e-05,31813.0,,,,
4905,8000,49522,1.85,0.0235,3.5826,4.237,0.0099,0.08,3.61,0.93,0.0,1107.0,614,491,2,55,44,0,237.0,0.01,4.4e-05,31804.0,,,,
4906,8000,49538,1.8602,0.0322,3.586,4.265,0.0105,0.08,4.31,0.93,0.0,1164.0,682,478,4,59,41,0,225.0,0.01,4.4e-05,31878.0,,,,
4907,8000,49555,1.8385,0.0137,3.5793,4.256,0.0111,0.09,3.59,0.93,0.0,1165.0,669,494,2,57,42,0,225.0,0.02,4.4e-05,31802.0,,,,
4908,8000,49571,1.8555,0.0269,3.5869,4.225,0.0099,0.08,4.65,0.93,0.0,1141.0,646,492,3,57,43,0,230.0,0.01,4.4e-05,31883.0,,,,
4909,8000,49588,1.8498,0.0314,3.5663,4.176,0.0107,0.09,3.29,0.94,0.0,1113.0,615,495,3,55,44,0,236.0,0.01,4.4e-05,31821.0,,,,
4910,8000,49604,1.8447,0.0179,3.5828,4.143,0.0108,0.09,3.57,0.94,0.0,1114.0,629,482,3,56,43,0,235.0,0.02,4.4e-05,31790.0,,,,
4911,8000,49621,1.8763,0.0225,3.6371,4.13,0.0105,0.08,8.38,0.93,0.0,1177.0,674,499,4,57,42,0,223.0,0.01,4.4e-05,31873.0,,,,
4912,8000,49637,1.8925,0.0234,3.667,4.062,0.0074,0.07,8.33,0.93,0.0,1198.0,657,537,4,55,45,0,219.0,0.02,4.4e-05,31814.0,,,,
4913,8000,49654,1.8635,0.0031,3.6493,4.082,0.0103,0.08,5.27,0.93,0.0,1223.0,670,552,1,55,45,0,214.0,0.01,4.3e-05,31880.0,,,,
4914,8000,49671,1.8804,0.0307,3.6283,4.068,0.0118,0.09,4.36,0.94,0.0,1205.0,667,535,3,55,44,0,218.0,0.02,4.3e-05,31791.0,,,,
4915,8000,49687,1.8569,0.0327,3.5769,4.074,0.0158,0.1,3.0,0.94,0.0,1214.0,694,520,0,57,43,0,216.0,0.02,4.3e-05,31812.0,,,,
4916,8000,49704,1.8917,0.0473,3.6186,4.17,0.0141,0.09,3.8,0.93,0.0,1208.0,675,528,5,56,44,0,217.0,0.02,4.3e-05,31797.0,,,,
4917,8000,49720,1.8561,0.0242,3.5939,4.133,0.0136,0.09,4.04,0.93,0.0,1195.0,676,513,6,57,43,1,219.0,0.01,4.3e-05,31791.0,,,,
4918,8000,49737,1.8465,0.015,3.5922,4.122,0.0153,0.09,3.15,0.93,0.0,1164.0,638,526,0,55,45,0,225.0,0.02,4.3e-05,31806.0,,,,
4919,8000,49753,1.8416,0.0283,3.5564,4.174,0.0108,0.08,3.16,0.94,0.0,1149.0,663,484,2,58,42,0,228.0,0.01,4.3e-05,31791.0,,,,
4920,8000,49770,1.8692,0.0113,3.6455,4.179,0.0092,0.07,5.01,0.93,0.0,1129.0,596,531,2,53,47,0,232.0,0.01,4.3e-05,31795.0,,,,
4921,8000,49787,1.8947,0.0093,3.6996,4.024,0.0122,0.09,3.28,0.91,0.0,1237.0,592,643,2,48,52,0,212.0,0.01,4.3e-05,30718.0,,,,
4922,8000,49804,1.8575,0.0139,3.6171,4.173,0.0128,0.08,4.05,0.91,0.0,1153.0,537,614,2,47,53,0,227.0,0.02,4.3e-05,31802.0,,,,
4923,8000,49820,1.8597,0.0344,3.5808,4.166,0.012,0.09,3.28,0.91,0.0,1101.0,501,593,7,46,54,1,238.0,0.03,4.3e-05,31805.0,,,,
4924,8000,49837,1.8415,0.0119,3.5891,4.201,0.0112,0.08,3.44,0.92,0.0,1164.0,544,616,4,47,53,0,225.0,0.04,4.3e-05,31805.0,,,,
4925,8000,49853,1.8727,0.0289,3.6172,4.198,0.012,0.08,4.82,0.92,0.0,1111.0,506,602,3,46,54,0,236.0,0.06,4.3e-05,31792.0,,,,
4926,8000,49870,1.8466,0.0143,3.5942,4.189,0.0143,0.09,3.24,0.92,0.0,1208.0,545,659,4,45,55,0,217.0,0.05,4.3e-05,31802.0,,,,
4927,8000,49886,1.8179,-0.0114,3.5879,4.162,0.0103,0.08,5.83,0.93,0.0,1104.0,541,555,8,49,50,1,237.0,0.03,4.3e-05,31818.0,,,,
4928,8000,49903,1.8215,0.0178,3.5364,4.133,0.0126,0.09,2.7,0.93,0.0,1031.0,474,551,6,46,53,1,254.0,0.03,4.3e-05,31787.0,,,,
4929,8000,49919,1.8125,0.0213,3.5115,4.158,0.011,0.09,4.62,0.94,0.0,1010.0,490,519,1,49,51,0,260.0,0.03,4.3e-05,31799.0,,,,
4930,8000,49936,1.7924,-0.0044,3.5233,4.195,0.0103,0.08,5.93,0.94,0.0,1032.0,502,526,4,49,51,0,254.0,0.04,4.3e-05,31809.0,,,,
4931,8000,49953,1.792,0.0129,3.4886,4.268,0.0131,0.08,4.0,0.94,0.0,1049.0,489,550,10,47,52,1,250.0,0.03,4.3e-05,31802.0,,,,
4932,8000,49969,1.8093,0.0167,3.5156,4.265,0.0103,0.08,3.75,0.94,0.0,1025.0,479,544,2,47,53,0,256.0,0.04,4.3e-05,31878.0,,,,
4933,8000,49986,1.8032,0.0014,3.5337,4.267,0.0133,0.08,2.94,0.93,0.0,1039.0,523,511,5,50,49,0,252.0,0.05,4.3e-05,31803.0,,,,
4934,8000,50002,1.7805,-0.012,3.5156,4.299,0.0101,0.07,2.98,0.93,0.0,1122.0,559,558,5,50,50,0,234.0,0.03,4.3e-05,31794.0,,,,
4935,8000,50019,1.7922,-0.0096,3.5339,4.286,0.0119,0.08,3.23,0.93,0.0,1113.0,564,546,3,51,49,0,236.0,0.02,4.3e-05,31810.0,,,,
4936,8000,50035,1.8188,-0.0064,3.5802,4.221,0.0112,0.08,3.28,0.93,0.0,1140.0,553,585,2,49,51,0,230.0,0.02,4.3e-05,31865.0,,,,
4937,8000,50052,1.8227,-0.009,3.5937,4.244,0.0108,0.08,3.71,0.93,0.0,1159.0,575,584,0,50,50,0,226.0,0.01,4.3e-05,31884.0,,,,
4938,8000,50068,1.8007,-0.019,3.5687,4.153,0.0103,0.08,4.54,0.94,0.0,1082.0,569,509,4,53,47,0,242.0,0.01,4.3e-05,31807.0,,,,
4939,8000,50085,1.8445,-0.0081,3.6349,4.151,0.0121,0.09,3.09,0.93,0.0,1162.0,603,558,1,52,48,0,226.0,0.01,4.3e-05,31811.0,,,,
4940,8000,50101,1.8233,-0.0054,3.5871,4.189,0.0116,0.09,3.23,0.93,0.0,1138.0,544,592,2,48,52,0,230.0,0.02,4.3e-05,31874.0,,,,
4941,8000,50118,1.8641,0.0051,3.6477,4.133,0.0146,0.1,3.18,0.91,0.0,1164.0,578,583,3,50,50,0,225.0,0.02,4.3e-05,30740.0,,,,
4942,8000,50135,1.8714,0.0186,3.6357,4.232,0.0138,0.09,3.31,0.92,0.0,1072.0,556,515,1,52,48,0,245.0,0.03,4.3e-05,31878.0,,,,
4943,8000,50151,1.8806,0.0244,3.6415,4.117,0.0114,0.09,3.15,0.92,0.0,1121.0,593,527,1,53,47,0,234.0,0.03,4.3e-05,31817.0,,,,
4944,8000,50168,1.8666,0.028,3.6069,4.183,0.0114,0.09,3.06,0.92,0.0,1128.0,581,541,6,52,48,1,232.0,0.03,4.3e-05,31827.0,,,,
4945,8000,50184,1.8752,0.0302,3.6195,4.159,0.0123,0.09,4.48,0.92,0.0,1153.0,616,537,0,53,47,0,227.0,0.02,4.3e-05,31823.0,,,,
4946,8000,50201,1.8556,0.0365,3.5683,4.229,0.0122,0.09,3.04,0.93,0.0,1094.0,600,491,3,55,45,0,240.0,0.02,4.3e-05,31788.0,,,,
4947,8000,50218,1.8322,0.0158,3.5626,4.203,0.0129,0.09,3.11,0.93,0.0,1067.0,548,514,5,51,48,0,246.0,0.01,4.3e-05,31799.0,,,,
4948,8000,50234,1.851,0.0027,3.6272,4.263,0.0104,0.08,4.76,0.92,0.0,1125.0,585,535,5,52,48,0,233.0,0.01,4.3e-05,31802.0,,,,
4949,8000,50251,1.8372,0.0107,3.5827,4.21,0.0113,0.09,3.11,0.93,0.0,1119.0,590,524,5,53,47,0,234.0,0.01,4.3e-05,31811.0,229,0,283,45
4950,8000,50282,1.8233,0.0106,3.5556,4.259,0.0117,0.08,3.69,0.94,0.0,1119.0,558,551,10,50,49,1,234.0,0.02,4.3e-05,31955.0,,,,
4951,8000,50299,1.8238,0.0062,3.5649,4.209,0.0102,0.08,4.09,0.94,0.0,1089.0,543,544,2,50,50,0,241.0,0.01,4.3e-05,31848.0,,,,
4952,8000,50315,1.8122,0.0087,3.5377,4.297,0.0099,0.08,4.19,0.94,0.0,1068.0,559,504,5,52,47,0,245.0,0.01,4.3e-05,31824.0,,,,
4953,8000,50332,1.7914,-0.0054,3.5247,4.364,0.0107,0.08,3.59,0.94,0.0,1026.0,488,530,8,48,52,1,256.0,0.02,4.3e-05,31815.0,,,,
4954,8000,50348,1.8041,-0.0187,3.577,4.402,0.0083,0.07,12.86,0.94,0.0,990.0,475,507,8,48,51,1,265.0,0.01,4.3e-05,31808.0,,,,
4955,8000,50365,1.7766,-0.0193,3.5231,4.352,0.0107,0.08,3.46,0.93,0.0,1106.0,552,544,10,50,49,1,237.0,0.02,4.3e-05,31863.0,,,,
4956,8000,50381,1.7575,-0.0161,3.479,4.415,0.0107,0.08,3.62,0.94,0.0,1036.0,521,508,7,50,49,1,253.0,0.03,4.3e-05,31807.0,,,,
4957,8000,50398,1.7899,-0.0022,3.5162,4.378,0.0114,0.09,3.59,0.94,0.0,1049.0,538,501,10,51,48,1,250.0,0.03,4.3e-05,31789.0,,,,
4958,8000,50414,1.8665,-0.0027,3.6697,4.376,0.0134,0.09,17.47,0.94,0.0,1049.0,498,546,5,47,52,0,250.0,0.02,4.3e-05,31792.0,,,,
4959,8000,50431,1.7984,-0.0094,3.5471,4.363,0.0113,0.08,7.39,0.94,0.0,1051.0,539,508,4,51,48,0,249.0,0.02,4.3e-05,31858.0,,,,
4960,8000,50447,1.7808,-0.0022,3.4981,4.425,0.0108,0.08,2.88,0.94,0.0,1094.0,588,504,2,54,46,0,240.0,0.03,4.3e-05,31856.0,,,,
4961,8000,50465,1.8269,-0.0144,3.6148,4.432,0.0126,0.09,3.38,0.92,0.0,1077.0,577,492,8,54,46,1,243.0,0.02,4.3e-05,30740.0,,,,
4962,8000,50481,1.7937,-0.0244,3.5681,4.425,0.0131,0.09,2.69,0.92,0.0,1042.0,529,509,4,51,49,0,252.0,0.03,4.3e-05,31840.0,,,,
4963,8000,50498,1.7399,-0.0251,3.462,4.476,0.0114,0.08,2.63,0.93,0.0,965.0,522,439,4,54,45,0,272.0,0.02,4.3e-05,31918.0,,,,
4964,8000,50514,1.7457,-0.0162,3.457,4.546,0.0123,0.08,2.7,0.93,0.0,976.0,500,464,12,51,48,1,269.0,0.02,4.3e-05,31844.0,,,,
4965,8000,50531,1.76,-0.0196,3.4922,4.556,0.0107,0.08,2.82,0.93,0.0,1032.0,528,488,16,51,47,2,254.0,0.02,4.3e-05,31862.0,,,,
4966,8000,50547,1.7348,-0.028,3.4585,4.552,0.0094,0.08,2.73,0.94,0.0,1024.0,506,508,10,49,50,1,256.0,0.02,4.3e-05,31840.0,,,,
4967,8000,50564,1.7656,-0.0178,3.4991,4.525,0.0104,0.08,2.71,0.93,0.0,1070.0,517,548,5,48,51,0,245.0,0.03,4.3e-05,31894.0,,,,
4968,8000,50580,1.7631,-0.0168,3.4921,4.5,0.011,0.08,2.5,0.94,0.0,1126.0,568,552,6,50,49,1,233.0,0.02,4.3e-05,31839.0,,,,
4969,8000,50597,1.7819,0.0019,3.4917,4.423,0.011,0.08,2.67,0.94,0.0,1178.0,637,536,5,54,46,0,223.0,0.02,4.3e-05,31911.0,,,,
4970,8000,50613,1.8106,0.0134,3.5265,4.442,0.0108,0.08,2.6,0.93,0.0,1205.0,613,587,5,51,49,0,218.0,0.02,4.3e-05,31857.0,,,,
4971,8000,50630,1.8262,-0.0012,3.5863,4.365,0.01,0.08,2.71,0.93,0.0,1231.0,578,651,2,47,53,0,213.0,0.01,4.3e-05,31896.0,,,,
4972,8000,50646,1.8117,-0.0113,3.5771,4.282,0.0105,0.08,3.07,0.93,0.0,1246.0,609,634,3,49,51,0,210.0,0.01,4.3e-05,31849.0,,,,
4973,8000,50663,1.8275,0.0173,3.5513,4.281,0.0093,0.08,2.67,0.93,0.0,1207.0,551,653,3,46,54,0,217.0,0.02,4.3e-05,31849.0,,,,
4974,8000,50679,1.8219,0.0252,3.5243,4.307,0.0083,0.07,2.88,0.94,0.0,1234.0,598,631,5,48,51,0,212.0,0.01,4.3e-05,31836.0,,,,
4975,8000,50696,1.8295,0.0132,3.5637,4.326,0.0099,0.08,2.7,0.94,0.0,1215.0,578,635,2,48,52,0,216.0,0.01,4.3e-05,31856.0,,,,
4976,8000,50712,1.8514,0.0111,3.6111,4.229,0.0095,0.08,3.79,0.93,0.0,1228.0,548,677,3,45,55,0,213.0,0.01,4.3e-05,31925.0,,,,
4977,8000,50729,1.8342,0.0093,3.5803,4.231,0.009,0.08,3.02,0.93,0.0,1202.0,580,621,1,48,52,0,218.0,0.01,4.3e-05,31842.0,,,,
4978,8000,50745,1.8399,0.0215,3.5672,4.201,0.0099,0.08,3.03,0.93,0.0,1182.0,554,624,4,47,53,0,222.0,0.01,4.3e-05,31848.0,,,,
4979,8000,50762,1.8602,0.023,3.6047,4.177,0.0115,0.09,2.74,0.93,0.0,1237.0,584,649,4,47,52,0,212.0,0.01,4.3e-05,31838.0,,,,
4980,8000,50778,1.8068,0.0165,3.5117,4.253,0.0111,0.08,3.01,0.94,0.0,1226.0,588,628,10,48,51,1,214.0,0.02,4.3e-05,31845.0,,,,
4981,8000,50795,1.8935,0.0332,3.652,4.308,0.0128,0.08,2.87,0.91,0.0,1199.0,618,570,11,52,48,1,219.0,0.01,4.3e-05,30706.0,,,,
4982,8000,50812,1.8847,0.0376,3.6254,4.323,0.0131,0.08,2.97,0.9,0.0,1162.0,629,524,9,54,45,1,226.0,0.01,4.3e-05,31841.0,,,,
4983,8000,50828,1.8728,0.029,3.6186,4.328,0.0108,0.08,3.12,0.91,0.0,1074.0,544,525,5,51,49,0,244.0,0.01,4.3e-05,31854.0,,,,
4984,8000,50845,1.8716,0.0326,3.6079,4.207,0.0119,0.08,3.23,0.91,0.0,1135.0,575,547,13,51,48,1,231.0,0.01,4.3e-05,31859.0,,,,
4985,8000,50861,1.8964,0.03,3.6626,4.149,0.0123,0.09,3.16,0.91,0.0,1216.0,605,609,2,50,50,0,216.0,0.03,4.3e-05,31850.0,,,,
4986,8000,50878,1.8984,0.0358,3.6545,4.135,0.0132,0.09,2.68,0.91,0.0,1212.0,599,612,1,49,50,0,216.0,0.04,4.3e-05,31905.0,,,,
4987,8000,50895,1.8732,0.0237,3.629,4.215,0.0122,0.08,2.87,0.92,0.0,1201.0,628,573,0,52,48,0,218.0,0.05,4.3e-05,31859.0,,,,
4988,8000,50911,1.8832,0.0254,3.6454,4.15,0.0122,0.08,3.17,0.93,0.0,1226.0,615,608,3,50,50,0,214.0,0.02,4.3e-05,31846.0,,,,
4989,8000,50928,1.9257,0.0461,3.6883,4.093,0.0119,0.09,2.65,0.92,0.0,1269.0,659,609,1,52,48,0,207.0,0.02,4.3e-05,31845.0,,,,
4990,8000,50944,1.8959,0.0247,3.6715,4.047,0.0127,0.1,2.47,0.92,0.0,1206.0,563,641,2,47,53,0,217.0,0.02,4.3e-05,31891.0,,,,
4991,8000,50961,1.8896,0.0216,3.6651,4.068,0.0116,0.09,3.07,0.92,0.0,1257.0,640,616,1,51,49,0,209.0,0.02,4.3e-05,31860.0,,,,
4992,8000,50977,1.8834,0.0239,3.6487,4.092,0.0108,0.08,2.94,0.93,0.0,1252.0,616,634,2,49,51,0,209.0,0.01,4.3e-05,31850.0,,,,
4993,8000,50994,1.899,0.0287,3.6697,4.051,0.011,0.08,4.0,0.92,0.0,1319.0,659,659,1,50,50,0,199.0,0.02,4.3e-05,31851.0,,,,
4994,8000,51010,1.8865,0.0181,3.6655,4.034,0.0118,0.08,3.29,0.92,0.0,1258.0,609,648,1,48,52,0,208.0,0.01,4.3e-05,31905.0,,,,
4995,8000,51027,1.8788,0.0165,3.653,3.992,0.0106,0.08,3.12,0.92,0.0,1285.0,609,673,3,47,52,0,204.0,0.01,4.3e-05,31881.0,,,,
4996,8000,51043,1.8808,0.0195,3.6511,4.033,0.0117,0.09,2.97,0.93,0.0,1241.0,636,605,0,51,49,0,211.0,0.01,4.3e-05,31852.0,,,,
4997,8000,51060,1.9155,0.0388,3.682,4.005,0.0116,0.09,4.06,0.93,0.0,1238.0,616,620,2,50,50,0,212.0,0.01,4.3e-05,31853.0,,,,
4998,8000,51076,1.9226,0.0311,3.7115,3.978,0.0115,0.09,4.25,0.92,0.0,1334.0,667,666,1,50,50,0,197.0,0.01,4.3e-05,31907.0,,,,
4999,8000,51093,1.8971,0.0213,3.6802,4.008,0.013,0.09,2.8,0.92,0.0,1286.0,630,655,1,49,51,0,204.0,0.01,4.3e-05,31856.0,141,0,371,28
5000,8000,51124,1.8632,0.0156,3.6241,4.048,0.0112,0.08,3.09,0.93,0.0,1214.0,620,593,1,51,49,0,216.0,0.01,4.3e-05,31987.0,,,,
5001,8000,51141,1.8914,0.0147,3.6833,4.167,0.0123,0.08,3.46,0.92,0.0,1110.0,615,494,1,55,45,0,236.0,0.01,4.3e-05,30695.0,,,,
5002,8000,51158,1.8435,0.022,3.5737,4.301,0.0118,0.09,4.09,0.93,0.0,1030.0,564,466,0,55,45,0,255.0,0.01,4.3e-05,31904.0,,,,
5003,8000,51174,1.7945,0.0152,3.4899,4.383,0.014,0.09,2.69,0.93,0.0,946.0,515,430,1,54,45,0,277.0,0.02,4.3e-05,31863.0,,,,
5004,8000,51191,1.8223,0.0226,3.531,4.41,0.0169,0.09,3.12,0.93,0.0,940.0,491,446,3,52,47,0,279.0,0.02,4.3e-05,31849.0,,,,
5005,8000,51207,1.8183,0.0303,3.5073,4.354,0.0114,0.08,3.31,0.94,0.0,917.0,491,420,6,54,46,1,286.0,0.01,4.3e-05,31844.0,,,,
5006,8000,51224,1.8104,0.0176,3.5165,4.335,0.0109,0.08,3.23,0.93,0.0,940.0,474,461,5,50,49,1,279.0,0.02,4.3e-05,31839.0,,,,
5007,8000,51240,1.783,0.0106,3.4765,4.412,0.0101,0.07,3.45,0.94,0.0,943.0,477,460,6,51,49,1,278.0,0.01,4.3e-05,31847.0,,,,
5008,8000,51257,1.7343,-0.0076,3.4177,4.455,0.0092,0.07,6.29,0.94,0.0,868.0,479,375,14,55,43,2,302.0,0.01,4.3e-05,31854.0,,,,
5009,8000,51273,1.7374,-0.0024,3.4121,4.468,0.0104,0.07,3.59,0.94,0.0,843.0,452,381,10,54,45,1,311.0,0.02,4.3e-05,31863.0,,,,
5010,8000,51290,1.7899,0.0061,3.499,4.406,0.0116,0.08,3.27,0.93,0.0,878.0,456,415,7,52,47,1,299.0,0.02,4.3e-05,31879.0,,,,
5011,8000,51306,1.8209,0.019,3.5343,4.242,0.0124,0.08,3.76,0.93,0.0,978.0,501,470,7,51,48,1,268.0,0.02,4.3e-05,31916.0,,,,
5012,8000,51323,1.8005,0.0207,3.4904,4.326,0.0107,0.08,3.36,0.94,0.0,926.0,466,458,2,50,49,0,283.0,0.02,4.3e-05,31872.0,,,,
5013,8000,51339,1.8314,0.0103,3.5733,4.292,0.0114,0.08,3.53,0.93,0.0,994.0,498,492,4,50,49,0,264.0,0.03,4.3e-05,31920.0,,,,
5014,8000,51356,1.7963,0.0037,3.5164,4.27,0.0104,0.08,3.04,0.94,0.0,952.0,498,450,4,52,47,0,275.0,0.02,4.3e-05,31887.0,,,,
5015,8000,51372,1.8199,-0.003,3.5768,4.261,0.0093,0.08,3.4,0.93,0.0,1031.0,529,493,9,51,48,1,254.0,0.03,4.3e-05,31871.0,,,,
5016,8000,51389,1.8253,0.0068,3.5676,4.273,0.0132,0.09,3.27,0.94,0.0,1020.0,501,516,3,49,51,0,257.0,0.02,4.3e-05,31902.0,,,,
5017,8000,51405,1.7957,0.0028,3.5171,4.318,0.0134,0.09,3.09,0.94,0.0,1030.0,537,488,5,52,47,0,255.0,0.02,4.3e-05,31859.0,,,,
5018,8000,51422,1.8113,-0.0005,3.5542,4.212,0.0107,0.08,5.44,0.94,0.0,996.0,500,486,10,50,49,1,263.0,0.01,4.2e-05,31861.0,,,,
5019,8000,51438,1.7597,0.007,3.4371,4.394,0.0105,0.07,3.84,0.95,0.0,942.0,500,436,6,53,46,1,278.0,0.02,4.2e-05,31855.0,,,,
5020,8000,51455,1.7334,0.0027,3.3946,4.551,0.008,0.06,4.69,0.95,0.0,911.0,459,440,12,50,48,1,288.0,0.03,4.2e-05,31841.0,,,,
5021,8000,51472,1.8105,0.0044,3.5458,4.377,0.0119,0.08,3.31,0.93,0.0,907.0,457,436,14,50,48,2,289.0,0.01,4.2e-05,30698.0,,,,
5022,8000,51489,1.9528,0.0086,3.8214,4.285,0.0106,0.08,31.22,0.93,0.0,898.0,424,461,13,47,51,1,292.0,0.01,4.2e-05,31808.0,,,,
5023,8000,51505,1.773,0.0201,3.4392,4.401,0.0104,0.08,3.28,0.94,0.0,843.0,444,386,13,53,46,2,311.0,0.01,4.2e-05,31799.0,,,,
5024,8000,51522,1.7813,0.026,3.4471,4.425,0.0117,0.08,2.86,0.93,0.0,927.0,412,488,27,44,53,3,283.0,0.02,4.2e-05,31886.0,,,,
5025,8000,51538,1.7886,0.0118,3.4865,4.348,0.0113,0.08,3.33,0.94,0.0,886.0,398,470,18,45,53,2,296.0,0.02,4.2e-05,31796.0,,,,
5026,8000,51555,1.7841,0.0152,3.4713,4.356,0.0105,0.08,3.79,0.94,0.0,895.0,413,466,16,46,52,2,293.0,0.02,4.2e-05,31815.0,,,,
5027,8000,51571,1.8519,0.0463,3.5441,4.296,0.0101,0.08,4.66,0.94,0.0,999.0,462,520,17,46,52,2,262.0,0.02,4.2e-05,31886.0,,,,
5028,8000,51588,1.8343,0.0491,3.5029,4.242,0.0109,0.08,2.92,0.94,0.0,1004.0,489,500,15,49,50,1,261.0,0.01,4.2e-05,31849.0,,,,
5029,8000,51604,1.8438,0.0465,3.5268,4.262,0.0097,0.08,6.45,0.94,0.0,975.0,523,440,12,54,45,1,269.0,0.01,4.2e-05,31836.0,,,,
5030,8000,51621,1.8628,0.0449,3.567,4.158,0.0088,0.08,7.31,0.94,0.0,1010.0,491,509,10,49,50,1,260.0,0.01,4.2e-05,31906.0,,,,
5031,8000,51637,1.8377,0.0181,3.5697,4.079,0.0077,0.07,7.28,0.94,0.0,1005.0,491,505,9,49,50,1,261.0,0.01,4.2e-05,31831.0,,,,
5032,8000,51654,1.7923,0.0359,3.445,4.22,0.0106,0.09,3.35,0.95,0.0,936.0,467,453,16,50,48,2,280.0,0.02,4.2e-05,31837.0,,,,
5033,8000,51670,1.7883,0.029,3.451,4.233,0.0103,0.08,4.22,0.95,0.0,900.0,417,469,14,46,52,2,291.0,0.02,4.2e-05,31792.0,,,,
5034,8000,51687,1.8338,0.0342,3.5317,4.223,0.0095,0.08,6.91,0.94,0.0,910.0,405,489,16,45,54,2,288.0,0.02,4.2e-05,31929.0,,,,
5035,8000,51703,1.8078,0.0119,3.5236,4.17,0.0094,0.08,5.48,0.94,0.0,981.0,453,513,15,46,52,2,267.0,0.02,4.2e-05,31913.0,,,,
5036,8000,51720,1.8199,0.0163,3.5409,4.146,0.0099,0.08,4.97,0.94,0.0,1024.0,492,510,22,48,50,2,256.0,0.01,4.2e-05,31870.0,,,,
5037,8000,51737,1.8408,0.0277,3.5572,4.184,0.0107,0.09,4.19,0.94,0.0,1036.0,494,534,8,48,52,1,253.0,0.01,4.2e-05,31792.0,,,,
5038,8000,51753,1.8478,0.0402,3.5466,4.204,0.0082,0.07,6.79,0.95,0.0,1023.0,479,538,6,47,53,1,256.0,0.01,4.2e-05,31823.0,,,,
5039,8000,51770,1.8519,0.0367,3.5609,4.129,0.0116,0.08,4.51,0.95,0.0,999.0,515,478,6,52,48,1,262.0,0.01,4.2e-05,31831.0,,,,
5040,8000,51786,1.938,0.0277,3.7498,3.996,0.0116,0.09,16.93,0.94,0.0,1054.0,478,570,6,45,54,1,249.0,0.01,4.2e-05,31829.0,,,,
5041,8000,51803,1.881,0.0211,3.6482,3.914,0.0162,0.11,2.86,0.93,0.0,986.0,473,503,10,48,51,1,266.0,0.02,4.2e-05,30672.0,,,,
5042,8000,51820,1.9242,0.0078,3.7619,3.999,0.0101,0.09,18.66,0.93,0.0,916.0,453,453,10,49,49,1,286.0,0.03,4.2e-05,31813.0,,,,
5043,8000,51836,1.8328,0.0238,3.5478,3.909,0.0149,0.11,3.73,0.94,0.0,944.0,484,438,22,51,46,2,278.0,0.03,4.2e-05,31867.0,,,,
5044,8000,51853,1.8151,0.0247,3.5105,4.019,0.0135,0.1,3.31,0.94,0.0,952.0,528,414,10,55,43,1,275.0,0.02,4.2e-05,31886.0,,,,
5045,8000,51869,1.8478,0.0168,3.5927,3.999,0.0134,0.11,3.4,0.93,0.0,1013.0,538,454,21,53,45,2,259.0,0.03,4.2e-05,31816.0,,,,
5046,8000,51886,1.8786,0.0145,3.6572,4.002,0.0096,0.09,14.5,0.93,0.0,936.0,507,421,8,54,45,1,280.0,0.03,4.2e-05,31816.0,,,,
5047,8000,51902,1.8292,0.0354,3.5173,3.997,0.0111,0.09,6.29,0.94,0.0,917.0,449,455,13,49,50,1,286.0,0.03,4.2e-05,31873.0,,,,
5048,8000,51919,1.8884,0.0664,3.5728,4.025,0.0116,0.1,6.9,0.93,0.0,912.0,473,436,3,52,48,0,287.0,0.04,4.2e-05,31878.0,,,,
5049,8000,51935,1.9007,0.0656,3.5995,4.028,0.008,0.07,8.23,0.94,0.0,889.0,463,420,6,52,47,1,295.0,0.03,4.2e-05,31812.0,211,0,301,41
5050,8000,51967,1.8824,0.0608,3.572,3.952,0.0098,0.09,5.43,0.93,0.0,872.0,441,426,5,51,49,1,301.0,0.02,4.2e-05,31956.0,,,,
5051,8000,51983,1.8447,0.0379,3.5414,3.921,0.0105,0.09,5.97,0.94,0.0,850.0,406,438,6,48,52,1,308.0,0.02,4.2e-05,31883.0,,,,
5052,8000,52000,1.8633,0.0591,3.5369,3.998,0.0125,0.1,4.56,0.94,0.0,943.0,483,457,3,51,48,0,278.0,0.02,4.2e-05,31820.0,,,,
5053,8000,52017,1.882,0.0641,3.564,3.902,0.0125,0.1,4.93,0.94,0.0,963.0,481,474,8,50,49,1,272.0,0.02,4.2e-05,31802.0,,,,
5054,8000,52033,1.864,0.0514,3.5538,3.907,0.012,0.09,5.02,0.94,0.0,954.0,464,478,12,49,50,1,275.0,0.02,4.2e-05,31819.0,,,,
5055,8000,52050,1.8768,0.0433,3.594,3.807,0.0137,0.1,8.38,0.94,0.0,930.0,467,456,7,50,49,1,282.0,0.02,4.2e-05,31796.0,,,,
5056,8000,52066,1.8782,0.0222,3.6393,3.729,0.014,0.11,15.0,0.93,0.0,1067.0,540,512,15,51,48,1,246.0,0.02,4.2e-05,31866.0,,,,
5057,8000,52083,1.8601,0.019,3.6091,3.815,0.0101,0.09,4.93,0.93,0.0,1075.0,538,534,3,50,50,0,244.0,0.01,4.2e-05,31812.0,,,,
5058,8000,52099,1.8799,0.0399,3.6068,3.83,0.0154,0.11,3.33,0.93,0.0,1082.0,529,547,6,49,51,1,242.0,0.01,4.2e-05,31795.0,,,,
5059,8000,52116,1.8731,0.0423,3.5878,3.773,0.0132,0.1,4.19,0.94,0.0,1069.0,531,534,4,50,50,0,245.0,0.01,4.2e-05,31882.0,,,,
5060,8000,52132,1.8838,0.0207,3.6511,3.638,0.0113,0.1,19.21,0.94,0.0,1052.0,542,509,1,52,48,0,249.0,0.01,4.2e-05,31811.0,,,,
5061,8000,52149,1.8937,-0.0239,3.7596,3.577,0.0074,0.06,9.1,0.92,0.0,1062.0,516,543,3,49,51,0,247.0,0.02,4.2e-05,30701.0,,,,
5062,8000,52166,1.9015,0.0067,3.7137,3.506,0.0148,0.12,3.09,0.91,0.0,1133.0,560,570,3,49,50,0,231.0,0.02,4.2e-05,31828.0,,,,
5063,8000,52183,1.8739,-0.0008,3.6736,3.564,0.0146,0.11,3.46,0.91,0.0,1112.0,569,541,2,51,49,0,236.0,0.02,4.2e-05,31810.0,,,,
5064,8000,52199,1.8393,-0.0029,3.611,3.778,0.0132,0.11,3.52,0.92,0.0,1139.0,606,527,6,53,46,1,230.0,0.02,4.2e-05,31814.0,,,,
5065,8000,52216,1.8739,-0.0039,3.6815,3.7,0.0148,0.11,2.95,0.92,0.0,1230.0,631,592,7,51,48,1,213.0,0.03,4.2e-05,31823.0,,,,
5066,8000,52232,1.8838,-0.0101,3.7138,3.661,0.0114,0.1,3.07,0.92,0.0,1198.0,592,594,12,49,50,1,219.0,0.02,4.2e-05,31819.0,,,,
5067,8000,52249,1.8505,0.0038,3.6214,3.841,0.013,0.1,2.54,0.93,0.0,1105.0,553,540,12,50,49,1,237.0,0.02,4.2e-05,31854.0,,,,
5068,8000,52265,1.8515,0.0009,3.6283,3.875,0.0123,0.1,2.55,0.92,0.0,1115.0,559,554,2,50,50,0,235.0,0.02,4.2e-05,31818.0,,,,
5069,8000,52282,1.8788,0.0076,3.6692,3.808,0.0122,0.1,3.12,0.92,0.0,1196.0,570,622,4,48,52,0,219.0,0.02,4.2e-05,31862.0,,,,
5070,8000,52298,1.864,0.0042,3.6462,3.748,0.0127,0.1,3.56,0.93,0.0,1178.0,587,584,7,50,50,1,223.0,0.01,4.2e-05,31804.0,,,,
5071,8000,52315,1.8605,0.0038,3.6402,3.756,0.0112,0.09,3.55,0.93,0.0,1195.0,572,614,9,48,51,1,219.0,0.01,4.2e-05,31832.0,,,,
5072,8000,52331,1.825,-0.0045,3.5863,3.861,0.0103,0.09,4.16,0.94,0.0,1145.0,557,584,4,49,51,0,229.0,0.01,4.2e-05,31817.0,,,,
5073,8000,52348,1.7902,-0.0207,3.5497,3.928,0.0112,0.09,3.52,0.94,0.0,1177.0,549,622,6,47,53,1,223.0,0.01,4.2e-05,31811.0,,,,
5074,8000,52364,1.853,-0.012,3.6573,3.864,0.0091,0.07,6.25,0.94,0.0,1186.0,550,628,8,46,53,1,221.0,0.01,4.2e-05,31829.0,,,,
5075,8000,52381,1.8784,-0.0032,3.6903,3.748,0.008,0.06,7.26,0.94,0.0,1205.0,562,631,12,47,52,1,218.0,0.01,4.2e-05,31879.0,,,,
5076,8000,52397,1.8354,-0.0082,3.6146,3.796,0.0097,0.08,4.13,0.94,0.0,1212.0,613,591,8,51,49,1,216.0,0.01,4.2e-05,31872.0,,,,
5077,8000,52414,1.8138,-0.0356,3.6262,3.817,0.0141,0.1,5.98,0.94,0.0,1219.0,645,567,7,53,47,1,215.0,0.01,4.2e-05,31802.0,,,,
5078,8000,52431,1.8442,0.0053,3.6053,3.889,0.0105,0.09,3.79,0.94,0.0,1177.0,571,600,6,49,51,1,223.0,0.01,4.2e-05,31792.0,,,,
5079,8000,52447,1.8462,0.0303,3.5599,3.874,0.0138,0.1,2.75,0.94,0.0,1235.0,616,608,11,50,49,1,212.0,0.01,4.2e-05,31863.0,,,,
5080,8000,52464,1.876,0.0389,3.6026,3.945,0.0131,0.1,3.02,0.94,0.0,1172.0,561,601,10,48,51,1,224.0,0.0,4.2e-05,31854.0,,,,
5081,8000,52481,1.9344,0.0359,3.7246,3.824,0.0152,0.1,2.71,0.92,0.0,1273.0,658,604,11,52,47,1,206.0,0.0,4.2e-05,30680.0,,,,
5082,8000,52497,1.9099,0.0349,3.6774,3.839,0.014,0.09,3.44,0.92,0.0,1323.0,674,642,7,51,49,1,198.0,0.0,4.2e-05,31838.0,,,,
5083,8000,52514,1.9349,0.0458,3.7055,3.838,0.0138,0.09,2.88,0.92,0.0,1301.0,618,675,8,48,52,1,201.0,0.01,4.2e-05,31866.0,,,,
5084,8000,52530,1.9079,0.0437,3.6559,3.885,0.012,0.09,3.97,0.92,0.0,1225.0,619,598,8,51,49,1,214.0,0.01,4.2e-05,31848.0,,,,
5085,8000,52547,1.8906,0.0168,3.675,3.844,0.0105,0.08,3.46,0.92,0.0,1255.0,631,620,4,50,49,0,209.0,0.02,4.2e-05,31833.0,,,,
5086,8000,52563,1.8659,0.0113,3.636,3.84,0.0111,0.08,3.9,0.93,0.0,1198.0,597,599,2,50,50,0,219.0,0.01,4.2e-05,31863.0,,,,
5087,8000,52580,1.8628,0.0153,3.6228,3.848,0.0104,0.08,3.85,0.93,0.0,1196.0,591,597,8,49,50,1,219.0,0.02,4.2e-05,31846.0,,,,
5088,8000,52596,1.8592,-0.0054,3.6558,3.738,0.0101,0.08,7.24,0.93,0.0,1175.0,572,601,2,49,51,0,223.0,0.02,4.2e-05,31853.0,,,,
5089,8000,52613,1.8744,0.0131,3.648,3.655,0.0091,0.08,5.49,0.93,0.0,1131.0,594,535,2,53,47,0,232.0,0.02,4.2e-05,31836.0,,,,
5090,8000,52629,1.9021,0.004,3.7214,3.606,0.0094,0.08,9.76,0.93,0.0,1114.0,571,540,3,51,48,0,235.0,0.01,4.2e-05,31896.0,,,,
5091,8000,52646,1.8586,-0.0061,3.6548,3.633,0.0088,0.07,6.03,0.93,0.0,1069.0,587,479,3,55,45,0,245.0,0.01,4.2e-05,31854.0,,,,
5092,8000,52663,1.8479,0.0134,3.5951,3.687,0.0112,0.09,4.49,0.93,0.0,1019.0,509,502,8,50,49,1,257.0,0.01,4.2e-05,31841.0,,,,
5093,8000,52679,1.8391,0.0038,3.598,3.718,0.0105,0.09,4.39,0.93,0.0,1102.0,555,534,13,50,48,1,238.0,0.01,4.2e-05,31842.0,,,,
5094,8000,52696,1.8728,-0.0005,3.6741,3.721,0.0101,0.09,20.73,0.94,0.0,1055.0,565,479,11,54,45,1,248.0,0.01,4.2e-05,31844.0,,,,
5095,8000,52712,1.9375,0.0408,3.7207,3.626,0.0065,0.06,11.3,0.93,0.0,1038.0,533,493,12,51,47,1,253.0,0.01,4.2e-05,31843.0,,,,
5096,8000,52729,1.8864,0.0309,3.6353,3.488,0.0092,0.08,8.4,0.94,0.0,1040.0,555,481,4,53,46,0,252.0,0.01,4.2e-05,31862.0,,,,
5097,8000,52745,1.8214,0.0344,3.4995,3.612,0.0108,0.09,6.66,0.94,0.0,996.0,510,481,5,51,48,1,263.0,0.01,4.2e-05,31849.0,,,,
5098,8000,52762,1.8354,0.0337,3.5286,3.526,0.0104,0.09,9.02,0.94,0.0,920.0,495,414,11,54,45,1,285.0,0.01,4.2e-05,31840.0,,,,
5099,8000,52778,1.8568,0.0126,3.6154,3.661,0.0077,0.07,19.86,0.94,0.0,1008.0,502,491,15,50,49,1,260.0,0.01,4.2e-05,31840.0,251,0,261,49
5100,8000,52810,1.8612,0.0413,3.5658,3.557,0.0104,0.09,6.33,0.94,0.0,948.0,483,449,16,51,47,2,277.0,0.01,4.2e-05,31983.0,,,,
5101,8000,52827,1.9063,0.02,3.6991,3.6,0.0111,0.09,9.06,0.92,0.0,1046.0,476,559,11,46,53,1,251.0,0.01,4.2e-05,30692.0,,,,
5102,8000,52843,1.8701,0.0239,3.6192,3.541,0.0132,0.1,9.49,0.92,0.0,1015.0,455,546,14,45,54,1,258.0,0.02,4.2e-05,31814.0,,,,
5103,8000,52860,1.8549,0.0291,3.5796,3.598,0.0136,0.1,9.85,0.93,0.0,983.0,409,557,17,42,57,2,267.0,0.02,4.2e-05,31845.0,,,,
5104,8000,52877,1.8787,0.0242,3.6362,3.645,0.0113,0.08,9.4,0.93,0.0,1060.0,453,588,19,43,55,2,247.0,0.02,4.2e-05,31787.0,,,,
5105,8000,52893,1.8537,0.0329,3.5674,3.651,0.0118,0.1,8.47,0.93,0.0,969.0,445,512,12,46,53,1,271.0,0.02,4.2e-05,31875.0,,,,
5106,8000,52910,1.8473,0.0353,3.55,3.65,0.0114,0.09,14.67,0.94,0.0,971.0,450,509,12,46,52,1,270.0,0.02,4.2e-05,31816.0,,,,
5107,8000,52926,1.8398,0.0161,3.573,3.622,0.0102,0.08,15.64,0.94,0.0,973.0,480,480,13,49,49,1,269.0,0.01,4.2e-05,31823.0,,,,
5108,8000,52943,1.8199,0.015,3.5375,3.621,0.0149,0.1,12.34,0.94,0.0,962.0,462,478,22,48,50,2,272.0,0.03,4.2e-05,31857.0,,,,
5109,8000,52959,1.8895,0.0021,3.7022,3.407,0.0089,0.07,20.4,0.94,0.0,1038.0,491,529,18,47,51,2,253.0,0.02,4.2e-05,31792.0,,,,
5110,8000,52976,1.8813,0.0267,3.6363,3.401,0.0147,0.11,13.73,0.94,0.0,1043.0,515,515,13,49,49,1,251.0,0.02,4.2e-05,31857.0,,,,
5111,8000,52992,1.8498,0.0467,3.5327,3.519,0.0135,0.1,9.25,0.95,0.0,1012.0,466,535,11,46,53,1,259.0,0.01,4.2e-05,31813.0,,,,
5112,8000,53009,1.8461,0.0305,3.5589,3.556,0.0119,0.1,7.53,0.94,0.0,972.0,465,493,14,48,51,1,270.0,0.02,4.2e-05,31820.0,,,,
5113,8000,53025,1.8719,0.0233,3.6236,3.494,0.0143,0.11,15.05,0.94,0.0,1045.0,502,530,13,48,51,1,251.0,0.02,4.2e-05,31796.0,,,,
5114,8000,53042,1.8219,0.0186,3.5388,3.576,0.0126,0.1,19.45,0.95,0.0,972.0,469,476,27,48,49,3,270.0,0.02,4.2e-05,31824.0,,,,
5115,8000,53059,1.9087,0.0205,3.7062,3.39,0.0065,0.06,27.26,0.95,0.0,973.0,455,496,22,47,51,2,269.0,0.01,4.2e-05,31812.0,,,,
5116,8000,53075,1.8732,0.0429,3.5882,3.466,0.0111,0.09,15.83,0.95,0.0,1000.0,469,515,16,47,52,2,262.0,0.01,4.2e-05,31810.0,,,,
5117,8000,53092,1.8823,0.0387,3.6152,3.386,0.009,0.08,13.7,0.95,0.0,1007.0,458,524,25,45,52,2,260.0,0.02,4.2e-05,31798.0,,,,
5118,8000,53108,1.8795,0.0643,3.5586,3.415,0.013,0.11,7.98,0.95,0.0,958.0,438,499,21,46,52,2,274.0,0.02,4.2e-05,31823.0,,,,
5119,8000,53125,1.8908,0.0355,3.6352,3.363,0.0115,0.1,13.04,0.95,0.0,993.0,491,488,14,49,49,1,264.0,0.02,4.2e-05,31876.0,,,,
5120,8000,53141,1.8788,0.0588,3.5651,3.312,0.0126,0.1,10.22,0.95,0.0,942.0,444,483,15,47,51,2,278.0,0.01,4.2e-05,31813.0,,,,
5121,8000,53158,1.9386,0.0623,3.6774,3.3,0.0139,0.11,10.79,0.93,0.0,963.0,488,457,18,51,47,2,272.0,0.01,4.2e-05,30714.0,,,,
5122,8000,53175,1.9302,0.0606,3.6621,3.249,0.0137,0.11,9.27,0.93,0.0,956.0,487,459,10,51,48,1,274.0,0.01,4.2e-05,31841.0,,,,
5123,8000,53191,1.9371,0.0368,3.7233,3.261,0.0086,0.08,17.13,0.93,0.0,1023.0,507,505,11,50,49,1,256.0,0.01,4.2e-05,31853.0,,,,
5124,8000,53208,1.9582,0.0698,3.7009,3.193,0.0179,0.13,4.66,0.92,0.0,1051.0,499,532,20,47,51,2,249.0,0.01,4.2e-05,31849.0,,,,
5125,8000,53224,1.9327,0.049,3.689,2.996,0.0139,0.11,7.64,0.93,0.0,992.0,472,506,14,48,51,1,264.0,0.02,4.2e-05,31853.0,,,,
5126,8000,53241,1.8924,0.0428,3.6221,3.149,0.0154,0.12,9.2,0.94,0.0,1045.0,478,552,15,46,53,1,251.0,0.02,4.2e-05,31855.0,,,,
5127,8000,53257,1.882,0.0483,3.5896,3.182,0.0164,0.12,5.7,0.94,0.0,1015.0,510,491,14,50,48,1,258.0,0.01,4.2e-05,31908.0,,,,
5128,8000,53274,1.8676,0.0164,3.624,3.217,0.012,0.09,14.11,0.94,0.0,997.0,494,492,11,50,49,1,263.0,0.02,4.1e-05,31873.0,,,,
5129,8000,53291,1.8651,0.0373,3.5774,3.288,0.0111,0.09,13.38,0.94,0.0,948.0,408,532,8,43,56,1,277.0,0.01,4.1e-05,31853.0,,,,
5130,8000,53307,1.8706,0.0364,3.5922,3.353,0.0157,0.11,11.14,0.94,0.0,974.0,438,508,28,45,52,3,269.0,0.01,4.1e-05,31852.0,,,,
5131,8000,53324,1.8541,0.0283,3.5741,3.319,0.0136,0.1,9.97,0.94,0.0,1011.0,511,485,15,51,48,1,259.0,0.01,4.1e-05,31834.0,,,,
5132,8000,53340,1.8751,0.0324,3.6072,3.261,0.016,0.11,7.92,0.93,0.0,1054.0,506,534,14,48,51,1,249.0,0.01,4.1e-05,31843.0,,,,
5133,8000,53357,1.8474,0.0272,3.5631,3.348,0.015,0.1,8.44,0.94,0.0,1041.0,476,538,27,46,52,3,252.0,0.01,4.1e-05,31856.0,,,,
5134,8000,53373,1.874,0.0343,3.601,3.249,0.0172,0.11,7.07,0.93,0.0,1080.0,536,533,11,50,49,1,243.0,0.01,4.1e-05,31847.0,,,,
5135,8000,53390,1.8578,0.0269,3.5837,3.225,0.0165,0.12,9.18,0.94,0.0,1054.0,514,529,11,49,50,1,249.0,0.0,4.1e-05,31861.0,,,,
5136,8000,53406,1.8982,0.0266,3.6659,3.214,0.0143,0.11,10.47,0.93,0.0,1060.0,535,508,17,50,48,2,247.0,0.01,4.1e-05,31894.0,,,,
5137,8000,53423,1.8571,0.0259,3.5847,3.245,0.0129,0.11,6.67,0.94,0.0,1013.0,493,503,17,49,50,2,259.0,0.0,4.1e-05,31847.0,,,,
5138,8000,53439,1.8661,0.0166,3.6204,3.186,0.0139,0.11,6.06,0.94,0.0,1047.0,500,531,16,48,51,2,250.0,0.0,4.1e-05,31861.0,,,,
5139,8000,53456,1.8612,0.0261,3.5914,3.18,0.0156,0.11,10.09,0.94,0.0,1000.0,521,467,12,52,47,1,262.0,0.0,4.1e-05,31854.0,,,,
5140,8000,53472,1.8499,0.0038,3.6147,3.275,0.0118,0.09,14.59,0.94,0.0,991.0,498,478,15,50,48,2,265.0,0.0,4.1e-05,31850.0,,,,
5141,8000,53490,1.8727,-0.0018,3.671,3.227,0.0138,0.1,10.48,0.93,0.0,1007.0,459,535,13,46,53,1,260.0,0.01,4.1e-05,30676.0,,,,
5142,8000,53506,1.9021,-0.0022,3.7295,3.092,0.0137,0.11,12.01,0.92,0.0,1064.0,498,541,25,47,51,2,246.0,0.01,4.1e-05,31772.0,,,,
5143,8000,53523,1.8949,-0.005,3.722,3.101,0.0069,0.07,12.35,0.92,0.0,1054.0,495,538,21,47,51,2,249.0,0.02,4.1e-05,31793.0,,,,
5144,8000,53539,1.8782,0.0064,3.667,3.207,0.0151,0.12,4.8,0.92,0.0,1141.0,544,577,20,48,51,2,230.0,0.02,4.1e-05,31778.0,,,,
5145,8000,53556,1.8755,-0.004,3.6805,3.17,0.0146,0.12,5.61,0.92,0.0,1134.0,574,551,9,51,49,1,231.0,0.02,4.1e-05,31784.0,,,,
5146,8000,53572,1.9022,-0.0117,3.749,3.2,0.0128,0.1,13.74,0.92,0.0,1197.0,601,587,9,50,49,1,219.0,0.01,4.1e-05,31779.0,,,,
5147,8000,53589,1.8822,-0.0277,3.7401,3.097,0.008,0.07,11.83,0.92,0.0,1212.0,564,641,7,47,53,1,216.0,0.01,4.1e-05,31863.0,,,,
5148,8000,53605,1.8716,-0.0171,3.6983,3.119,0.0111,0.09,7.14,0.92,0.0,1175.0,555,609,11,47,52,1,223.0,0.02,4.1e-05,31785.0,,,,
5149,8000,53622,1.8599,-0.0275,3.6955,3.149,0.0134,0.1,7.44,0.93,0.0,1200.0,580,612,8,48,51,1,218.0,0.01,4.1e-05,31847.0,250,0,262,49
5150,8000,53654,1.8807,-0.0065,3.6943,3.071,0.0145,0.12,6.18,0.92,0.0,1182.0,601,571,10,51,48,1,222.0,0.03,4.1e-05,31907.0,,,,
5151,8000,53670,1.875,0.0051,3.6599,3.07,0.0144,0.12,4.11,0.93,0.0,1118.0,567,538,13,51,48,1,234.0,0.02,4.1e-05,31777.0,,,,
5152,8000,53687,1.8432,-0.0195,3.6453,3.055,0.0132,0.1,5.17,0.93,0.0,1114.0,543,564,7,49,51,1,235.0,0.02,4.1e-05,31824.0,,,,
5153,8000,53703,1.8376,-0.0132,3.6215,3.07,0.0114,0.1,4.43,0.93,0.0,1084.0,523,547,14,48,50,1,242.0,0.02,4.1e-05,31781.0,,,,
5154,8000,53720,1.8402,0.0107,3.5795,3.089,0.0136,0.12,4.69,0.93,0.0,996.0,483,496,17,48,50,2,263.0,0.02,4.1e-05,31854.0,,,,
5155,8000,53736,1.8324,0.0045,3.5768,3.177,0.0115,0.1,5.36,0.94,0.0,987.0,455,514,18,46,52,2,266.0,0.01,4.1e-05,31782.0,,,,
5156,8000,53753,1.7995,-0.0093,3.5373,3.126,0.0136,0.11,7.22,0.94,0.0,978.0,455,507,16,47,52,2,268.0,0.01,4.1e-05,31853.0,,,,
5157,8000,53769,1.8483,-0.0001,3.6172,3.108,0.0096,0.08,8.89,0.94,0.0,1024.0,494,515,15,48,50,1,256.0,0.01,4.1e-05,31791.0,,,,
5158,8000,53786,1.8153,-0.0031,3.5576,3.128,0.0129,0.1,5.68,0.94,0.0,1020.0,511,487,22,50,48,2,257.0,0.01,4.1e-05,31818.0,,,,
5159,8000,53803,1.8146,-0.0116,3.5733,3.151,0.0117,0.1,4.86,0.94,0.0,975.0,458,499,18,47,51,2,269.0,0.01,4.1e-05,31785.0,,,,
5160,8000,53819,1.8218,-0.0062,3.5768,3.181,0.0125,0.1,6.21,0.94,0.0,968.0,455,496,17,47,51,2,271.0,0.01,4.1e-05,31790.0,,,,
5161,8000,53836,1.8719,-0.013,3.6916,3.293,0.0107,0.09,7.13,0.92,0.0,1043.0,466,564,13,45,54,1,251.0,0.01,4.1e-05,30665.0,,,,
5162,8000,53853,1.8843,-0.0295,3.7496,3.373,0.0099,0.09,13.6,0.92,0.0,1080.0,531,535,14,49,50,1,243.0,0.01,4.1e-05,31818.0,,,,
5163,8000,53869,1.8357,-0.0191,3.6316,3.293,0.0098,0.09,8.61,0.92,0.0,1047.0,484,544,19,46,52,2,250.0,0.01,4.1e-05,31816.0,,,,
5164,8000,53886,1.834,-0.0124,3.6147,3.324,0.0141,0.1,7.68,0.93,0.0,1023.0,506,504,13,49,49,1,256.0,0.01,4.1e-05,31848.0,,,,
5165,8000,53902,1.8411,-0.0213,3.6465,3.278,0.0119,0.09,13.68,0.93,0.0,1051.0,523,520,8,50,49,1,249.0,0.0,4.1e-05,31889.0,,,,
5166,8000,53919,1.7967,-0.0492,3.6147,3.312,0.0099,0.08,14.33,0.93,0.0,1048.0,482,535,31,46,51,3,250.0,0.0,4.1e-05,31834.0,,,,
5167,8000,53936,1.7912,-0.0178,3.5402,3.343,0.0156,0.1,5.51,0.94,0.0,998.0,489,491,18,49,49,2,263.0,0.01,4.1e-05,31816.0,,,,
5168,8000,53952,1.8262,-0.014,3.6038,3.401,0.0105,0.09,11.5,0.94,0.0,964.0,477,464,23,49,48,2,272.0,0.0,4.1e-05,31816.0,,,,
5169,8000,53969,1.8139,0.0084,3.5344,3.302,0.0129,0.1,8.62,0.94,0.0,936.0,442,475,19,47,51,2,280.0,0.01,4.1e-05,31810.0,,,,
5170,8000,53985,1.8044,-0.0097,3.5517,3.369,0.012,0.09,9.79,0.94,0.0,1003.0,483,507,13,48,51,1,261.0,0.01,4.1e-05,31820.0,,,,
5171,8000,54002,1.7996,-0.0059,3.5344,3.316,0.0133,0.1,13.33,0.95,0.0,902.0,468,408,26,52,45,3,291.0,0.01,4.1e-05,31878.0,,,,
5172,8000,54018,1.7882,0.002,3.4964,3.332,0.0124,0.1,7.78,0.94,0.0,938.0,452,464,22,48,49,2,279.0,0.0,4.1e-05,31814.0,,,,
5173,8000,54035,1.7875,-0.0309,3.5584,3.211,0.0077,0.07,21.83,0.94,0.0,854.0,395,437,22,46,51,3,307.0,0.0,4.1e-05,31812.0,,,,
5174,8000,54051,1.7939,-0.0043,3.519,3.208,0.0119,0.09,24.88,0.95,0.0,865.0,429,409,27,50,47,3,303.0,0.01,4.1e-05,31819.0,,,,
5175,8000,54068,1.9276,-0.0018,3.7794,3.199,0.0036,0.03,57.27,0.94,0.0,914.0,415,466,33,45,51,4,287.0,0.0,4.1e-05,31861.0,,,,
5176,8000,54084,1.7931,-0.0044,3.5168,3.245,0.0138,0.11,16.94,0.95,0.0,895.0,419,441,35,47,49,4,293.0,0.0,4.1e-05,31832.0,,,,
5177,8000,54101,1.7321,-0.0071,3.4013,3.344,0.0155,0.11,4.74,0.95,0.0,868.0,377,461,30,43,53,3,302.0,0.0,4.1e-05,31834.0,,,,
5178,8000,54118,1.7529,-0.0015,3.431,3.3,0.012,0.1,11.6,0.95,0.0,832.0,381,429,22,46,52,3,315.0,0.01,4.1e-05,31833.0,,,,
5179,8000,54134,1.7588,0.0132,3.4132,3.334,0.0133,0.1,9.66,0.95,0.0,853.0,401,433,19,47,51,2,307.0,0.01,4.1e-05,31851.0,,,,
5180,8000,54151,1.774,-0.0067,3.488,3.398,0.0108,0.09,11.53,0.95,0.0,898.0,451,408,39,50,45,4,292.0,0.01,4.1e-05,31815.0,,,,
5181,8000,54168,1.8554,-0.0072,3.6482,3.458,0.0139,0.1,22.69,0.94,0.0,893.0,406,459,28,45,51,3,294.0,0.01,4.1e-05,30718.0,,,,
5182,8000,54184,1.8478,-0.0113,3.6401,3.344,0.0057,0.05,27.53,0.94,0.0,867.0,433,416,18,50,48,2,302.0,0.01,4.1e-05,31797.0,,,,
5183,8000,54201,1.8033,-0.0161,3.5613,3.416,0.0117,0.1,10.13,0.94,0.0,900.0,431,446,23,48,50,3,291.0,0.01,4.1e-05,31847.0,,,,
5184,8000,54217,1.8572,0.0063,3.6252,3.42,0.0134,0.09,11.62,0.94,0.0,1040.0,523,489,28,50,47,3,252.0,0.01,4.1e-05,31818.0,,,,
5185,8000,54234,1.8289,0.0021,3.5772,3.553,0.0115,0.09,7.23,0.93,0.0,1023.0,506,501,16,49,49,2,256.0,0.01,4.1e-05,31842.0,,,,
5186,8000,54250,1.8387,-0.0163,3.6329,3.482,0.0096,0.08,16.05,0.94,0.0,968.0,483,472,13,50,49,1,271.0,0.01,4.1e-05,31786.0,,,,
5187,8000,54267,1.8498,-0.0064,3.636,3.546,0.0113,0.09,17.22,0.94,0.0,995.0,511,474,10,51,48,1,263.0,0.01,4.1e-05,31778.0,,,,
5188,8000,54283,1.8435,0.0028,3.6044,3.488,0.0107,0.09,15.37,0.94,0.0,948.0,469,469,10,49,49,1,277.0,0.01,4.1e-05,31830.0,,,,
5189,8000,54300,1.8867,0.0341,3.6276,3.395,0.0117,0.09,16.7,0.94,0.0,925.0,456,461,8,49,50,1,283.0,0.01,4.1e-05,31787.0,,,,
5190,8000,54317,1.8593,0.0204,3.6025,3.551,0.0137,0.1,10.04,0.94,0.0,971.0,448,503,20,46,52,2,270.0,0.01,4.1e-05,31803.0,,,,
5191,8000,54333,1.8267,0.0101,3.5583,3.597,0.0159,0.11,9.01,0.94,0.0,952.0,449,491,12,47,52,1,275.0,0.01,4.1e-05,31796.0,,,,
5192,8000,54350,1.8257,0.0126,3.5512,3.543,0.0158,0.11,10.17,0.94,0.0,894.0,429,447,18,48,50,2,293.0,0.01,4.1e-05,31841.0,,,,
5193,8000,54366,1.8565,0.0138,3.6104,3.602,0.0111,0.09,14.18,0.94,0.0,1000.0,481,511,8,48,51,1,262.0,0.02,4.1e-05,31825.0,,,,
5194,8000,54383,1.8451,0.0181,3.5806,3.654,0.0172,0.11,9.39,0.94,0.0,1008.0,485,506,17,48,50,2,260.0,0.02,4.1e-05,31817.0,,,,
5195,8000,54399,1.8762,0.0019,3.6752,3.715,0.0139,0.1,11.91,0.93,0.0,1015.0,473,529,13,47,52,1,258.0,0.01,4.1e-05,31789.0,,,,
5196,8000,54416,1.7811,-0.0007,3.4892,3.69,0.0202,0.12,7.41,0.94,0.0,936.0,440,485,11,47,52,1,280.0,0.01,4.1e-05,31838.0,,,,
5197,8000,54432,1.766,-0.0017,3.4635,3.867,0.0175,0.12,6.85,0.94,0.0,959.0,470,475,14,49,50,1,273.0,0.02,4.1e-05,31787.0,,,,
5198,8000,54449,1.7626,-0.0118,3.4773,3.929,0.0151,0.1,14.51,0.94,0.0,952.0,463,473,16,49,50,2,275.0,0.01,4.1e-05,31841.0,,,,
5199,8000,54465,1.7978,0.005,3.5135,3.839,0.0166,0.1,8.36,0.95,0.0,981.0,457,507,17,47,52,2,267.0,0.01,4.1e-05,31776.0,177,1,334,35
5200,8000,54497,1.8265,0.0153,3.5497,3.838,0.0122,0.09,9.2,0.94,0.0,921.0,442,466,13,48,51,1,285.0,0.02,4.1e-05,31928.0,,,,
5201,8000,54514,1.8385,0.0001,3.6049,3.912,0.0161,0.1,9.55,0.93,0.0,987.0,475,503,9,48,51,1,266.0,0.02,4.1e-05,30701.0,,,,
5202,8000,54531,1.8331,0.0079,3.5798,4.009,0.0177,0.11,12.18,0.94,0.0,953.0,478,456,19,50,48,2,275.0,0.03,4.1e-05,31792.0,,,,
5203,8000,54547,1.8245,0.0423,3.4954,4.042,0.0175,0.11,4.18,0.94,0.0,939.0,477,442,20,51,47,2,279.0,0.03,4.1e-05,31881.0,,,,
5204,8000,54564,1.7847,0.0372,3.4256,4.082,0.0154,0.1,3.36,0.95,0.0,917.0,473,429,15,52,47,2,286.0,0.02,4.1e-05,31861.0,,,,
5205,8000,54580,1.796,0.0339,3.4561,4.103,0.0142,0.1,4.54,0.95,0.0,920.0,432,463,25,47,50,3,285.0,0.02,4.1e-05,31801.0,,,,
5206,8000,54597,1.7557,0.0309,3.38,4.042,0.0135,0.1,7.0,0.95,0.0,839.0,387,432,20,46,51,2,312.0,0.03,4.1e-05,31798.0,,,,
5207,8000,54613,1.7701,0.0311,3.4099,4.028,0.0115,0.08,6.48,0.95,0.0,818.0,373,420,25,46,51,3,320.0,0.02,4.1e-05,31797.0,,,,
5208,8000,54630,1.7598,0.0399,3.371,4.164,0.0135,0.09,6.34,0.95,0.0,772.0,371,384,17,48,50,2,340.0,0.02,4.1e-05,31816.0,,,,
5209,8000,54646,1.7289,0.0424,3.3081,4.321,0.0117,0.08,6.55,0.96,0.0,758.0,368,360,30,49,47,4,346.0,0.02,4.1e-05,31790.0,,,,
5210,8000,54663,1.7083,0.0368,3.2789,4.32,0.01,0.08,11.22,0.95,0.0,661.0,325,305,31,49,46,5,397.0,0.02,4.1e-05,31783.0,,,,
5211,8000,54680,1.7372,0.0417,3.325,4.289,0.0117,0.08,9.64,0.95,0.0,691.0,345,313,33,50,45,5,379.0,0.02,4.1e-05,31786.0,,,,
5212,8000,54696,1.7327,0.0425,3.3104,4.147,0.012,0.08,5.99,0.95,0.0,687.0,345,326,16,50,47,2,382.0,0.03,4.1e-05,31793.0,,,,
5213,8000,54713,1.7874,0.044,3.4177,4.047,0.0094,0.07,16.37,0.95,0.0,698.0,338,320,40,48,46,6,376.0,0.03,4.1e-05,31785.0,,,,
5214,8000,54729,1.7972,0.0469,3.431,4.01,0.0096,0.07,16.17,0.95,0.0,754.0,373,349,32,49,46,4,348.0,0.02,4.1e-05,31796.0,,,,
5215,8000,54746,1.7702,0.0293,3.4112,3.996,0.0098,0.08,22.95,0.95,0.0,699.0,348,324,27,50,46,4,375.0,0.01,4.1e-05,31800.0,,,,
5216,8000,54762,1.7427,0.0178,3.3808,4.179,0.0094,0.08,20.34,0.95,0.0,711.0,346,344,21,49,48,3,369.0,0.01,4.1e-05,31877.0,,,,
5217,8000,54779,1.7248,0.0274,3.3259,4.136,0.0094,0.08,14.27,0.96,0.0,729.0,366,328,35,50,45,5,360.0,0.01,4.1e-05,31788.0,,,,
5218,8000,54795,1.7172,0.0278,3.3118,4.19,0.0106,0.08,21.65,0.96,0.0,663.0,308,321,34,46,48,5,395.0,0.01,4.1e-05,31806.0,,,,
5219,8000,54812,1.8328,0.0232,3.5492,4.124,0.0071,0.06,37.69,0.95,0.0,716.0,365,324,27,51,45,4,366.0,0.02,4.1e-05,31799.0,,,,
5220,8000,54828,1.7576,0.0378,3.3696,4.063,0.0142,0.09,6.02,0.95,0.0,801.0,397,378,26,50,47,3,327.0,0.02,4.1e-05,31788.0,,,,
5221,8000,54846,1.8885,0.0421,3.6226,4.018,0.0117,0.09,13.03,0.93,0.0,894.0,438,424,32,49,47,4,293.0,0.02,4.1e-05,30691.0,,,,
5222,8000,54862,1.8117,0.03,3.4923,3.972,0.0143,0.11,4.28,0.93,0.0,849.0,415,418,16,49,49,2,309.0,0.03,4.1e-05,31853.0,,,,
5223,8000,54879,1.8457,0.021,3.5784,3.999,0.0114,0.1,22.98,0.93,0.0,794.0,405,369,20,51,46,3,330.0,0.05,4.1e-05,31857.0,,,,
5224,8000,54895,1.9001,-0.0107,3.7483,3.876,0.0045,0.05,41.15,0.94,0.0,812.0,430,371,11,53,46,1,323.0,0.05,4.1e-05,31856.0,,,,
5225,8000,54912,1.8044,0.0042,3.5293,3.982,0.0079,0.07,14.43,0.94,0.0,872.0,431,425,16,49,49,2,301.0,0.05,4.1e-05,31877.0,,,,
5226,8000,54928,1.7962,-0.0193,3.5593,3.955,0.0083,0.08,9.82,0.94,0.0,861.0,408,436,17,47,51,2,304.0,0.04,4.1e-05,31868.0,,,,
5227,8000,54945,1.8123,-0.0139,3.5796,3.886,0.0095,0.09,10.06,0.94,0.0,898.0,433,455,10,48,51,1,292.0,0.02,4.1e-05,31869.0,,,,
5228,8000,54961,1.7386,-0.0307,3.4688,4.104,0.0108,0.09,9.87,0.95,0.0,816.0,407,395,14,50,48,2,321.0,0.03,4.1e-05,31869.0,,,,
5229,8000,54978,1.7261,-0.0281,3.4393,4.194,0.0108,0.08,11.28,0.95,0.0,796.0,353,418,25,44,53,3,329.0,0.02,4.1e-05,31846.0,,,,
5230,8000,54994,1.7147,-0.033,3.4259,4.146,0.0087,0.07,16.42,0.95,0.0,729.0,359,349,21,49,48,3,360.0,0.02,4.1e-05,31833.0,,,,
5231,8000,55011,1.7193,-0.0293,3.428,4.133,0.0102,0.08,11.55,0.95,0.0,809.0,383,398,28,47,49,3,324.0,0.02,4.1e-05,31851.0,,,,
5232,8000,55027,1.7457,-0.0198,3.4613,4.057,0.0164,0.1,6.66,0.94,0.0,840.0,395,421,24,47,50,3,312.0,0.02,4.1e-05,31864.0,,,,
5233,8000,55044,1.7334,-0.0158,3.4297,4.185,0.0137,0.1,6.58,0.95,0.0,842.0,409,414,19,49,49,2,311.0,0.01,4.1e-05,31849.0,,,,
5234,8000,55060,1.8102,-0.0013,3.553,4.117,0.0136,0.09,10.71,0.95,0.0,906.0,427,455,24,47,50,3,289.0,0.02,4.1e-05,31913.0,,,,
5235,8000,55077,1.794,-0.004,3.5251,3.973,0.0161,0.1,6.32,0.94,0.0,943.0,461,462,20,49,49,2,278.0,0.02,4.1e-05,31865.0,,,,
5236,8000,55093,1.8388,-0.0025,3.6105,3.886,0.0132,0.1,13.4,0.94,0.0,1016.0,505,497,14,50,49,1,258.0,0.03,4.1e-05,31868.0,,,,
5237,8000,55110,1.9124,0.0283,3.6958,3.907,0.0129,0.1,16.24,0.95,0.0,979.0,490,485,4,50,50,0,268.0,0.03,4.1e-05,31856.0,,,,
5238,8000,55126,1.8565,0.041,3.5593,3.948,0.0152,0.11,4.83,0.95,0.0,1033.0,509,517,7,49,50,1,254.0,0.02,4.1e-05,31864.0,,,,
5239,8000,55143,1.8146,0.0309,3.4959,3.982,0.0137,0.1,3.6,0.95,0.0,1020.0,509,501,10,50,49,1,257.0,0.02,4.1e-05,31845.0,,,,
5240,8000,55159,1.8862,0.0137,3.6727,3.888,0.0125,0.1,15.06,0.94,0.0,1034.0,524,505,5,51,49,0,254.0,0.02,4.1e-05,31849.0,,,,
5241,8000,55177,1.8674,0.0043,3.653,3.788,0.0145,0.11,4.42,0.93,0.0,1096.0,550,540,6,50,49,1,239.0,0.02,4.1e-05,30726.0,,,,
5242,8000,55193,1.8792,0.0181,3.6497,3.869,0.0135,0.11,4.09,0.93,0.0,1121.0,543,565,13,48,50,1,234.0,0.01,4.1e-05,31918.0,,,,
5243,8000,55210,1.8681,0.0278,3.6099,4.026,0.0129,0.1,3.35,0.93,0.0,1154.0,609,535,10,53,46,1,227.0,0.01,4e-05,31932.0,,,,
5244,8000,55226,1.8357,0.0099,3.5803,3.991,0.0114,0.09,4.86,0.94,0.0,1111.0,565,537,9,51,48,1,236.0,0.02,4e-05,31848.0,,,,
5245,8000,55243,1.8384,0.0044,3.5965,3.969,0.0112,0.09,4.5,0.95,0.0,1085.0,543,539,3,50,50,0,242.0,0.01,4e-05,31877.0,,,,
5246,8000,55259,1.8387,0.0044,3.5965,3.878,0.0115,0.1,3.79,0.94,0.0,1114.0,542,568,4,49,51,0,235.0,0.01,4e-05,31909.0,,,,
5247,8000,55276,1.8528,0.0068,3.6196,3.825,0.0117,0.09,3.95,0.93,0.0,1135.0,583,549,3,51,48,0,231.0,0.01,4e-05,31903.0,,,,
5248,8000,55292,1.8526,0.0024,3.6275,3.763,0.0111,0.1,3.84,0.94,0.0,1132.0,612,515,5,54,45,0,232.0,0.01,4e-05,31897.0,,,,
5249,8000,55309,1.8544,-0.005,3.6449,3.678,0.0105,0.09,4.2,0.94,0.0,1165.0,641,521,3,55,45,0,225.0,0.01,4e-05,31873.0,233,1,278,46
5250,8000,55340,1.8715,-0.008,3.6845,3.627,0.0095,0.09,6.8,0.94,0.0,1174.0,622,550,2,53,47,0,223.0,0.0,4e-05,31983.0,,,,
5251,8000,55357,1.8712,0.0015,3.6646,3.564,0.0106,0.1,3.53,0.94,0.0,1114.0,582,530,2,52,48,0,235.0,0.01,4e-05,31887.0,,,,
5252,8000,55373,1.85,0.0028,3.6206,3.669,0.0117,0.1,3.98,0.94,0.0,1127.0,595,527,5,53,47,0,233.0,0.0,4e-05,31816.0,,,,
5253,8000,55390,1.8669,0.0119,3.6359,3.65,0.0101,0.09,6.28,0.94,0.0,1139.0,615,519,5,54,46,0,230.0,0.0,4e-05,31833.0,,,,
5254,8000,55406,1.8599,0.0015,3.643,3.687,0.0108,0.09,6.74,0.94,0.0,1168.0,595,572,1,51,49,0,224.0,0.01,4e-05,31871.0,,,,
5255,8000,55423,1.8737,0.0138,3.6455,3.658,0.011,0.09,4.46,0.94,0.0,1102.0,581,514,7,53,47,1,238.0,0.0,4e-05,31826.0,,,,
5256,8000,55439,1.8745,0.0103,3.6547,3.68,0.0104,0.09,9.45,0.94,0.0,1113.0,571,534,8,51,48,1,236.0,0.0,4e-05,31852.0,,,,
5257,8000,55456,1.8145,-0.0077,3.5708,3.717,0.0109,0.09,5.88,0.94,0.0,1056.0,557,491,8,53,46,1,248.0,0.0,4e-05,31840.0,,,,
5258,8000,55472,1.8026,-0.0263,3.5842,3.682,0.0083,0.08,7.89,0.95,0.0,1010.0,536,467,7,53,46,1,260.0,0.01,4e-05,31838.0,,,,
5259,8000,55489,1.8213,-0.015,3.599,3.704,0.0096,0.09,6.26,0.95,0.0,1063.0,523,531,9,49,50,1,247.0,0.01,4e-05,31824.0,,,,
5260,8000,55505,1.8088,-0.0171,3.5781,3.682,0.0091,0.08,7.11,0.95,0.0,1052.0,510,538,4,48,51,0,249.0,0.0,4e-05,31838.0,,,,
5261,8000,55522,1.8574,-0.0314,3.7043,3.726,0.0113,0.1,5.14,0.93,0.0,1106.0,549,551,6,50,50,1,237.0,0.01,4e-05,30649.0,,,,
5262,8000,55539,1.8724,-0.0278,3.7279,3.751,0.0109,0.1,9.03,0.93,0.0,1139.0,573,562,4,50,49,0,230.0,0.01,4e-05,31794.0,,,,
5263,8000,55556,1.8247,-0.0254,3.6271,3.754,0.0111,0.09,3.8,0.93,0.0,1121.0,584,532,5,52,47,0,234.0,0.02,4e-05,31847.0,,,,
5264,8000,55572,1.8437,-0.0223,3.6587,3.701,0.0132,0.11,4.18,0.93,0.0,1144.0,557,580,7,49,51,1,229.0,0.02,4e-05,31866.0,,,,
5265,8000,55589,1.8313,-0.011,3.6122,3.776,0.014,0.11,3.25,0.93,0.0,1097.0,549,541,7,50,49,1,239.0,0.01,4e-05,31867.0,,,,
5266,8000,55605,1.8594,-0.0192,3.6838,3.726,0.0099,0.09,6.67,0.93,0.0,1138.0,549,587,2,48,52,0,230.0,0.01,4e-05,31806.0,,,,
5267,8000,55622,1.8355,-0.0048,3.6084,3.76,0.0123,0.1,3.08,0.93,0.0,1109.0,547,554,8,49,50,1,236.0,0.01,4e-05,31784.0,,,,
5268,8000,55638,1.8564,0.0141,3.6122,3.787,0.0112,0.1,3.57,0.93,0.0,1147.0,562,580,5,49,51,0,229.0,0.01,4e-05,31860.0,,,,
5269,8000,55655,1.8636,0.0101,3.6344,3.74,0.0129,0.1,3.38,0.93,0.0,1173.0,564,601,8,48,51,1,223.0,0.02,4e-05,31793.0,,,,
5270,8000,55671,1.8781,0.0146,3.6533,3.664,0.0121,0.1,4.28,0.93,0.0,1195.0,570,621,4,48,52,0,219.0,0.02,4e-05,31841.0,,,,
5271,8000,55688,1.9045,-0.0035,3.7415,3.573,0.0081,0.08,9.29,0.94,0.0,1164.0,564,594,6,48,51,1,225.0,0.02,4e-05,31836.0,,,,
5272,8000,55704,1.8548,0.0147,3.6064,3.662,0.0123,0.1,3.31,0.93,0.0,1104.0,541,559,4,49,51,0,237.0,0.01,4e-05,31838.0,,,,
5273,8000,55721,1.8776,0.0131,3.6552,3.612,0.0108,0.09,5.63,0.93,0.0,1141.0,559,574,8,49,50,1,230.0,0.01,4e-05,31800.0,,,,
5274,8000,55737,1.8703,0.0093,3.6491,3.686,0.0104,0.09,7.03,0.94,0.0,1148.0,584,556,8,51,48,1,228.0,0.0,4e-05,31863.0,,,,
5275,8000,55754,1.8625,0.0195,3.6123,3.659,0.0108,0.09,5.88,0.94,0.0,1112.0,541,563,8,49,51,1,236.0,0.01,4e-05,31810.0,,,,
5276,8000,55771,1.8634,0.0142,3.6257,3.677,0.0119,0.1,3.43,0.94,0.0,1139.0,559,569,11,49,50,1,230.0,0.01,4e-05,31787.0,,,,
5277,8000,55787,1.8538,0.0079,3.6175,3.64,0.0107,0.09,4.33,0.94,0.0,1140.0,587,551,2,51,48,0,230.0,0.01,4e-05,31790.0,,,,
5278,8000,55804,1.8482,-0.0033,3.6304,3.755,0.0083,0.08,6.43,0.94,0.0,1132.0,570,552,10,50,49,1,232.0,0.01,4e-05,31851.0,,,,
5279,8000,55820,1.8088,-0.0183,3.5808,3.677,0.01,0.09,4.03,0.94,0.0,1062.0,548,505,9,52,48,1,247.0,0.01,4e-05,31798.0,,,,
5280,8000,55837,1.8053,-0.0129,3.564,3.789,0.0103,0.09,5.52,0.95,0.0,1037.0,512,519,6,49,50,1,253.0,0.01,4e-05,31795.0,,,,
5281,8000,55854,1.8992,-0.0206,3.7658,3.688,0.0076,0.07,11.98,0.93,0.0,1060.0,515,536,9,49,51,1,247.0,0.02,4e-05,30745.0,,,,
5282,8000,55870,1.8798,0.0024,3.6812,3.686,0.0098,0.09,9.66,0.94,0.0,1028.0,496,526,6,48,51,1,255.0,0.03,4e-05,31797.0,,,,
5283,8000,55887,1.832,-0.0042,3.5991,3.774,0.0132,0.1,5.84,0.94,0.0,1020.0,506,504,10,50,49,1,257.0,0.02,4e-05,31798.0,,,,
5284,8000,55903,1.7893,-0.0013,3.5091,3.836,0.0115,0.09,4.12,0.94,0.0,1012.0,485,516,11,48,51,1,259.0,0.02,4e-05,31802.0,,,,
5285,8000,55920,1.8057,-0.0028,3.5455,3.933,0.014,0.1,5.44,0.94,0.0,991.0,481,502,8,49,51,1,265.0,0.02,4e-05,31803.0,,,,
5286,8000,55937,1.8229,0.0101,3.5537,3.976,0.0083,0.07,8.9,0.94,0.0,934.0,475,454,5,51,49,1,281.0,0.01,4e-05,31819.0,,,,
5287,8000,55953,1.7837,-0.0144,3.5221,3.76,0.0107,0.09,9.18,0.94,0.0,943.0,460,466,17,49,49,2,278.0,0.01,4e-05,31866.0,,,,
5288,8000,55970,1.805,0.0042,3.5279,3.731,0.0111,0.09,5.65,0.94,0.0,944.0,454,473,17,48,50,2,278.0,0.01,4e-05,31804.0,,,,
5289,8000,55986,1.8066,-0.0019,3.5435,3.748,0.0093,0.09,6.43,0.94,0.0,974.0,497,464,13,51,48,1,269.0,0.02,4e-05,31806.0,,,,
5290,8000,56003,1.8217,-0.0017,3.5732,3.73,0.0106,0.09,8.67,0.94,0.0,986.0,501,473,12,51,48,1,266.0,0.01,4e-05,31814.0,,,,
5291,8000,56019,1.8229,-0.0232,3.618,3.711,0.0067,0.07,11.85,0.94,0.0,1014.0,501,492,21,49,49,2,259.0,0.01,4e-05,31789.0,,,,
5292,8000,56036,1.8345,-0.0018,3.5984,3.682,0.0097,0.08,8.01,0.94,0.0,1069.0,520,533,16,49,50,1,245.0,0.01,4e-05,31799.0,,,,
5293,8000,56052,1.8297,-0.0233,3.6325,3.724,0.0083,0.08,10.83,0.94,0.0,975.0,511,446,18,52,46,2,269.0,0.02,4e-05,31821.0,,,,
5294,8000,56069,1.7867,-0.0232,3.5456,3.694,0.0089,0.08,7.5,0.95,0.0,1014.0,518,485,11,51,48,1,259.0,0.01,4e-05,31794.0,,,,
5295,8000,56085,1.8391,0.0136,3.5768,3.683,0.0116,0.09,8.27,0.94,0.0,1008.0,517,482,9,51,48,1,260.0,0.02,4e-05,31880.0,,,,
5296,8000,56102,1.7999,-0.0123,3.5522,3.744,0.0111,0.09,4.85,0.94,0.0,1070.0,553,505,12,52,47,1,245.0,0.03,4e-05,31806.0,,,,
5297,8000,56118,1.8264,-0.0047,3.5913,3.686,0.0144,0.11,6.38,0.94,0.0,1088.0,519,556,13,48,51,1,241.0,0.02,4e-05,31879.0,,,,
5298,8000,56135,1.7866,-0.0102,3.5242,3.714,0.0118,0.09,5.47,0.95,0.0,1041.0,516,510,15,50,49,1,252.0,0.01,4e-05,31798.0,,,,
5299,8000,56151,1.8098,-0.0183,3.59,3.758,0.012,0.1,4.8,0.94,0.0,1111.0,528,565,18,48,51,2,236.0,0.01,4e-05,31811.0,278,0,234,54
5300,8000,56183,1.8193,-0.0084,3.5852,3.759,0.0124,0.1,5.96,0.94,0.0,1074.0,582,481,11,54,45,1,244.0,0.01,4e-05,31930.0,,,,
5301,8000,56200,1.8434,-0.0093,3.6339,3.747,0.0121,0.1,5.31,0.93,0.0,1140.0,531,591,18,47,52,2,230.0,0.01,4e-05,30706.0,,,,
5302,8000,56217,1.8329,-0.024,3.6409,3.7,0.0127,0.1,4.56,0.92,0.0,1165.0,554,603,8,48,52,1,225.0,0.01,4e-05,31848.0,,,,
5303,8000,56233,1.8635,-0.0088,3.6719,3.719,0.0123,0.1,4.84,0.92,0.0,1149.0,565,578,6,49,50,1,228.0,0.01,4e-05,31864.0,,,,
5304,8000,56250,1.8366,-0.0138,3.6282,3.803,0.0118,0.1,4.21,0.93,0.0,1149.0,546,597,6,48,52,1,228.0,0.01,4e-05,31858.0,,,,
5305,8000,56266,1.8339,-0.0255,3.6454,3.82,0.012,0.1,4.92,0.93,0.0,1164.0,563,592,9,48,51,1,225.0,0.01,4e-05,31864.0,,,,
5306,8000,56283,1.8187,-0.0166,3.5973,3.802,0.0127,0.1,8.66,0.93,0.0,1092.0,534,556,2,49,51,0,240.0,0.01,4e-05,31891.0,,,,
5307,8000,56299,1.8264,-0.0093,3.5985,3.837,0.0104,0.09,11.91,0.93,0.0,1122.0,529,587,6,47,52,1,234.0,0.01,4e-05,31905.0,,,,
5308,8000,56316,1.8354,-0.0023,3.6025,3.791,0.0104,0.09,10.73,0.93,0.0,1104.0,536,558,10,49,51,1,237.0,0.02,4e-05,31902.0,,,,
5309,8000,56332,1.8412,-0.0125,3.6347,3.823,0.0079,0.07,12.9,0.93,0.0,1095.0,541,537,17,49,49,2,239.0,0.01,4e-05,31853.0,,,,
5310,8000,56349,1.81,-0.0071,3.5616,3.839,0.0127,0.1,5.05,0.93,0.0,1097.0,541,544,12,49,50,1,239.0,0.01,4e-05,31854.0,,,,
5311,8000,56365,1.8037,-0.0223,3.5794,3.838,0.0125,0.1,11.35,0.93,0.0,1067.0,499,554,14,47,52,1,246.0,0.01,4e-05,31847.0,,,,
5312,8000,56382,1.9174,-0.016,3.7944,3.855,0.0082,0.07,15.45,0.93,0.0,1171.0,559,603,9,48,51,1,224.0,0.01,4e-05,31853.0,,,,
5313,8000,56398,1.8468,0.0034,3.6144,3.873,0.0111,0.09,4.96,0.94,0.0,1141.0,540,586,15,47,51,1,230.0,0.01,4e-05,31852.0,,,,
5314,8000,56415,1.8506,0.0087,3.6112,3.814,0.0138,0.1,3.81,0.93,0.0,1175.0,570,597,8,49,51,1,223.0,0.01,4e-05,31828.0,,,,
5315,8000,56431,1.8271,-0.012,3.6058,3.817,0.0154,0.11,3.05,0.94,0.0,1195.0,552,628,15,46,53,1,219.0,0.01,4e-05,31836.0,,,,
5316,8000,56448,1.8218,-0.0097,3.5902,3.85,0.0133,0.09,4.36,0.93,0.0,1187.0,601,578,8,51,49,1,221.0,0.01,4e-05,31840.0,,,,
5317,8000,56464,1.8184,0.0096,3.5454,3.931,0.0144,0.1,5.53,0.94,0.0,1115.0,573,533,9,51,48,1,235.0,0.0,4e-05,31901.0,,,,
5318,8000,56481,1.8475,0.0202,3.5825,3.947,0.0131,0.08,9.7,0.94,0.0,1084.0,542,536,6,50,49,1,242.0,0.0,4e-05,31898.0,,,,
5319,8000,56497,1.7931,-0.0045,3.5234,3.958,0.0137,0.09,5.45,0.94,0.0,1070.0,532,527,11,50,49,1,245.0,0.0,4e-05,31854.0,,,,
5320,8000,56514,1.8263,-0.0049,3.5903,3.867,0.0122,0.09,7.69,0.94,0.0,1100.0,570,519,11,52,47,1,238.0,0.01,4e-05,31849.0,,,,
5321,8000,56531,1.8587,-0.0063,3.6563,3.772,0.0142,0.11,4.39,0.92,0.0,1130.0,601,520,9,53,46,1,232.0,0.01,4e-05,30657.0,,,,
5322,8000,56548,1.8587,-0.0074,3.6582,3.687,0.0142,0.11,3.14,0.92,0.0,1141.0,581,542,18,51,48,2,230.0,0.02,4e-05,31887.0,,,,
5323,8000,56564,1.8537,-0.01,3.654,3.757,0.0134,0.1,4.24,0.92,0.0,1203.0,590,599,14,49,50,1,218.0,0.03,4e-05,31822.0,,,,
5324,8000,56581,1.8792,-0.0,3.6842,3.637,0.0132,0.1,5.68,0.92,0.0,1209.0,587,615,7,49,51,1,217.0,0.03,4e-05,31817.0,,,,
5325,8000,56597,1.8815,0.0059,3.6775,3.681,0.0134,0.11,4.24,0.92,0.0,1227.0,627,593,7,51,48,1,214.0,0.03,4e-05,31873.0,,,,
5326,8000,56614,1.893,0.0027,3.7065,3.673,0.0118,0.1,4.49,0.92,0.0,1241.0,638,600,3,51,48,0,211.0,0.04,4e-05,31825.0,,,,
5327,8000,56630,1.8616,-0.0054,3.6597,3.615,0.0111,0.1,4.09,0.93,0.0,1213.0,602,607,4,50,50,0,216.0,0.05,4e-05,31833.0,,,,
5328,8000,56647,1.8744,-0.0048,3.6839,3.61,0.0136,0.1,3.71,0.93,0.0,1255.0,650,601,4,52,48,0,209.0,0.04,4e-05,31810.0,,,,
5329,8000,56663,1.8802,-0.0056,3.6964,3.538,0.0124,0.1,3.74,0.92,0.0,1218.0,601,610,7,49,50,1,215.0,0.05,4e-05,31829.0,,,,
5330,8000,56680,1.8482,-0.014,3.6492,3.564,0.0134,0.1,3.49,0.93,0.0,1230.0,649,577,4,53,47,0,213.0,0.01,4e-05,31873.0,,,,
5331,8000,56696,1.8294,-0.023,3.6302,3.666,0.0129,0.1,3.84,0.93,0.0,1158.0,593,562,3,51,49,0,226.0,0.02,4e-05,31815.0,,,,
5332,8000,56713,1.8264,-0.0097,3.5983,3.722,0.0107,0.09,3.77,0.93,0.0,1180.0,573,600,7,49,51,1,222.0,0.02,4e-05,31834.0,,,,
5333,8000,56730,1.8605,-0.0194,3.6853,3.655,0.0128,0.1,4.93,0.93,0.0,1244.0,606,634,4,49,51,0,211.0,0.03,4e-05,31809.0,,,,
5334,8000,56746,1.8436,-0.0007,3.6148,3.729,0.013,0.1,3.56,0.93,0.0,1224.0,592,628,4,48,51,0,214.0,0.02,4e-05,31855.0,,,,
5335,8000,56763,1.8289,-0.0056,3.5958,3.783,0.0114,0.09,4.12,0.94,0.0,1231.0,607,622,2,49,51,0,213.0,0.02,4e-05,31821.0,,,,
5336,8000,56779,1.8381,-0.0081,3.6194,3.755,0.0115,0.09,3.4,0.94,0.0,1217.0,594,618,5,49,51,0,215.0,0.02,4e-05,31830.0,,,,
5337,8000,56796,1.8477,-0.0215,3.6644,3.677,0.0115,0.09,3.94,0.93,0.0,1289.0,669,614,6,52,48,0,203.0,0.01,4e-05,31813.0,,,,
5338,8000,56812,1.8665,-0.0044,3.6668,3.564,0.0125,0.1,2.96,0.93,0.0,1307.0,686,618,3,52,47,0,201.0,0.02,4e-05,31822.0,,,,
5339,8000,56829,1.9032,-0.0025,3.736,3.524,0.0126,0.11,3.11,0.93,0.0,1311.0,688,621,2,52,47,0,200.0,0.02,4e-05,31848.0,,,,
5340,8000,56845,1.8821,-0.0006,3.6901,3.546,0.0115,0.1,3.0,0.93,0.0,1311.0,649,661,1,50,50,0,200.0,0.01,4e-05,31806.0,,,,
5341,8000,56862,1.9375,0.0109,3.7777,3.519,0.0138,0.1,3.93,0.92,0.0,1320.0,693,627,0,52,48,0,199.0,0.01,4e-05,30701.0,,,,
5342,8000,56879,1.8878,-0.0134,3.7267,3.478,0.0125,0.1,2.99,0.92,0.0,1295.0,643,651,1,50,50,0,202.0,0.01,4e-05,31858.0,,,,
5343,8000,56896,1.8566,-0.0227,3.6823,3.438,0.0124,0.1,3.1,0.92,0.0,1226.0,629,597,0,51,49,0,214.0,0.01,4e-05,31826.0,,,,
5344,8000,56912,1.8813,0.0018,3.6832,3.523,0.0128,0.1,3.56,0.93,0.0,1205.0,589,615,1,49,51,0,218.0,0.01,4e-05,31902.0,,,,
5345,8000,56929,1.8793,0.0029,3.6766,3.461,0.0118,0.1,4.41,0.92,0.0,1227.0,561,657,9,46,54,1,214.0,0.02,4e-05,31842.0,,,,
5346,8000,56945,1.8999,0.0013,3.7214,3.491,0.0123,0.1,3.82,0.92,0.0,1270.0,610,657,3,48,52,0,206.0,0.02,4e-05,31852.0,,,,
5347,8000,56962,1.8814,0.0002,3.6865,3.498,0.0125,0.1,3.56,0.92,0.0,1299.0,629,663,7,48,51,1,202.0,0.01,4e-05,31898.0,,,,
5348,8000,56978,1.8695,-0.0004,3.6651,3.625,0.0127,0.1,3.01,0.93,0.0,1246.0,631,605,10,51,49,1,210.0,0.0,4e-05,31837.0,,,,
5349,8000,56995,1.8952,0.0091,3.6974,3.614,0.0119,0.09,4.36,0.93,0.0,1263.0,614,642,7,49,51,1,208.0,0.01,4e-05,31837.0,295,0,217,58
5350,8000,57026,1.9006,0.0186,3.6886,3.518,0.0123,0.1,3.98,0.93,0.0,1265.0,641,617,7,51,49,1,207.0,0.01,4e-05,31987.0,,,,
5351,8000,57043,1.887,-0.0028,3.704,3.49,0.0117,0.1,3.26,0.92,0.0,1288.0,634,649,5,49,50,0,204.0,0.01,4e-05,31886.0,,,,
5352,8000,57059,1.909,0.0074,3.7273,3.454,0.0131,0.1,3.38,0.92,0.0,1248.0,642,605,1,51,48,0,210.0,0.01,4e-05,31855.0,,,,
5353,8000,57076,1.8863,0.0137,3.6706,3.514,0.0109,0.09,3.54,0.93,0.0,1263.0,623,632,8,49,50,1,208.0,0.01,4e-05,31831.0,,,,
5354,8000,57092,1.8834,0.0066,3.6787,3.558,0.0119,0.1,3.1,0.93,0.0,1281.0,640,639,2,50,50,0,205.0,0.0,4e-05,31836.0,,,,
5355,8000,57109,1.9127,0.0023,3.7458,3.536,0.0129,0.1,3.63,0.92,0.0,1362.0,693,664,5,51,49,0,192.0,0.01,4e-05,31843.0,,,,
5356,8000,57125,1.9033,0.0131,3.7049,3.499,0.0119,0.1,3.21,0.93,0.0,1355.0,684,666,5,50,49,0,193.0,0.01,4e-05,31835.0,,,,
5357,8000,57142,1.9171,0.0115,3.7359,3.517,0.013,0.1,2.78,0.92,0.0,1331.0,653,675,3,49,51,0,197.0,0.01,4e-05,31844.0,,,,
5358,8000,57158,1.9101,0.0083,3.7287,3.542,0.0114,0.09,3.47,0.93,0.0,1354.0,680,674,0,50,50,0,194.0,0.01,4e-05,31840.0,,,,
5359,8000,57175,1.9095,0.0056,3.7329,3.551,0.0123,0.1,3.4,0.93,0.0,1317.0,630,685,2,48,52,0,199.0,0.0,4e-05,31864.0,,,,
5360,8000,57191,1.8966,0.0123,3.6943,3.617,0.0118,0.1,3.3,0.93,0.0,1299.0,662,631,6,51,49,0,202.0,0.0,4e-05,31835.0,,,,
5361,8000,57209,1.9444,0.0197,3.7753,3.603,0.0136,0.11,3.11,0.92,0.0,1259.0,644,611,4,51,49,0,208.0,0.01,4e-05,30692.0,,,,
5362,8000,57225,1.904,0.0114,3.711,3.627,0.0114,0.1,2.92,0.92,0.0,1250.0,649,598,3,52,48,0,210.0,0.01,4e-05,31841.0,,,,
5363,8000,57242,1.9071,-0.0073,3.7551,3.684,0.0106,0.09,3.59,0.91,0.0,1310.0,663,644,3,51,49,0,200.0,0.01,4e-05,31823.0,,,,
5364,8000,57258,1.8924,-0.0063,3.7244,3.708,0.0118,0.1,2.78,0.91,0.0,1317.0,645,667,5,49,51,0,199.0,0.01,3.9e-05,31884.0,,,,
5365,8000,57275,1.9161,0.0169,3.7255,3.752,0.0124,0.1,3.65,0.93,0.0,1306.0,651,639,16,50,49,1,201.0,0.0,3.9e-05,31845.0,,,,
5366,8000,57291,1.9133,0.0291,3.6948,3.709,0.0121,0.1,2.94,0.92,0.0,1290.0,673,612,5,52,47,0,203.0,0.0,3.9e-05,31824.0,,,,
5367,8000,57308,1.9277,0.0272,3.7276,3.74,0.0114,0.1,2.83,0.93,0.0,1297.0,680,613,4,52,47,0,202.0,0.01,3.9e-05,31816.0,,,,
5368,8000,57324,1.9027,0.0159,3.7006,3.765,0.0124,0.1,3.18,0.92,0.0,1264.0,662,599,3,52,47,0,207.0,0.01,3.9e-05,31892.0,,,,
5369,8000,57341,1.9039,0.0177,3.6989,3.713,0.0122,0.1,3.56,0.93,0.0,1302.0,684,609,9,53,47,1,201.0,0.01,3.9e-05,31887.0,,,,
5370,8000,57357,1.8646,-0.0068,3.6697,3.758,0.0117,0.09,3.11,0.93,0.0,1303.0,692,604,7,53,46,1,201.0,0.01,3.9e-05,31825.0,,,,
5371,8000,57374,1.874,0.0031,3.6686,3.717,0.0112,0.09,2.65,0.93,0.0,1266.0,672,587,7,53,46,1,207.0,0.0,3.9e-05,31833.0,,,,
5372,8000,57390,1.87,0.0007,3.6656,3.788,0.0121,0.09,3.18,0.93,0.0,1281.0,668,610,3,52,48,0,205.0,0.01,3.9e-05,31844.0,,,,
5373,8000,57407,1.8858,0.002,3.6953,3.782,0.0108,0.09,3.35,0.93,0.0,1319.0,654,653,12,50,50,1,199.0,0.0,3.9e-05,31846.0,,,,
5374,8000,57424,1.8836,-0.0112,3.7165,3.69,0.0118,0.09,3.09,0.93,0.0,1342.0,666,667,9,50,50,1,195.0,0.01,3.9e-05,31828.0,,,,
5375,8000,57440,1.909,-0.0021,3.7492,3.692,0.0121,0.09,3.07,0.92,0.0,1421.0,756,657,8,53,46,1,184.0,0.01,3.9e-05,31834.0,,,,
5376,8000,57457,1.9203,0.0045,3.7578,3.642,0.0126,0.1,3.82,0.92,0.0,1337.0,708,625,4,53,47,0,196.0,0.01,3.9e-05,31833.0,,,,
5377,8000,57473,1.9216,0.0087,3.7524,3.711,0.013,0.1,3.42,0.92,0.0,1353.0,706,642,5,52,47,0,194.0,0.01,3.9e-05,31833.0,,,,
5378,8000,57490,1.9167,0.0147,3.7296,3.601,0.0137,0.1,4.79,0.93,0.0,1339.0,720,614,5,54,46,0,196.0,0.0,3.9e-05,31839.0,,,,
5379,8000,57506,1.9021,0.0064,3.718,3.703,0.0117,0.09,4.34,0.93,0.0,1310.0,682,621,7,52,47,1,200.0,0.01,3.9e-05,31829.0,,,,
5380,8000,57523,1.8796,-0.0035,3.6923,3.682,0.0123,0.1,3.27,0.93,0.0,1320.0,685,629,6,52,48,0,199.0,0.01,3.9e-05,31819.0,,,,
5381,8000,57540,1.9112,0.0059,3.7371,3.745,0.0115,0.09,3.49,0.92,0.0,1335.0,663,667,5,50,50,0,196.0,0.01,3.9e-05,30691.0,,,,
5382,8000,57557,1.9035,0.0132,3.7075,3.693,0.0115,0.1,2.8,0.92,0.0,1316.0,619,689,8,47,52,1,199.0,0.01,3.9e-05,31857.0,,,,
5383,8000,57573,1.8765,0.0047,3.6711,3.821,0.0108,0.09,3.33,0.92,0.0,1282.0,623,653,6,49,51,0,204.0,0.01,3.9e-05,31834.0,,,,
5384,8000,57590,1.8729,-0.0042,3.6819,3.85,0.0104,0.09,3.48,0.92,0.0,1321.0,671,642,8,51,49,1,198.0,0.02,3.9e-05,31827.0,,,,
5385,8000,57606,1.9005,0.0082,3.711,3.755,0.0108,0.09,4.65,0.92,0.0,1253.0,635,617,1,51,49,0,209.0,0.02,3.9e-05,31814.0,,,,
5386,8000,57623,1.8921,0.0115,3.6892,3.857,0.0115,0.09,4.21,0.93,0.0,1310.0,642,662,6,49,51,0,200.0,0.01,3.9e-05,31899.0,,,,
5387,8000,57639,1.8723,0.0023,3.6672,3.776,0.0104,0.09,3.62,0.93,0.0,1248.0,616,626,6,49,50,0,210.0,0.02,3.9e-05,31844.0,,,,
5388,8000,57656,1.8985,0.0115,3.7002,3.722,0.012,0.1,6.3,0.92,0.0,1223.0,607,613,3,50,50,0,214.0,0.03,3.9e-05,31841.0,,,,
5389,8000,57672,1.8824,0.0113,3.6672,3.566,0.0123,0.1,4.47,0.93,0.0,1167.0,582,580,5,50,50,0,225.0,0.02,3.9e-05,31832.0,,,,
5390,8000,57689,1.8536,0.0003,3.6329,3.669,0.0116,0.09,3.79,0.93,0.0,1130.0,598,522,10,53,46,1,232.0,0.02,3.9e-05,31811.0,,,,
5391,8000,57705,1.8555,0.0044,3.6283,3.69,0.0111,0.09,4.67,0.93,0.0,1081.0,546,527,8,51,49,1,243.0,0.02,3.9e-05,31833.0,,,,
5392,8000,57722,1.8472,0.009,3.6038,3.746,0.0135,0.1,3.31,0.93,0.0,1150.0,558,578,14,49,50,1,228.0,0.01,3.9e-05,31828.0,,,,
5393,8000,57738,1.858,0.0031,3.6369,3.744,0.011,0.09,3.56,0.93,0.0,1185.0,609,555,21,51,47,2,221.0,0.02,3.9e-05,31878.0,,,,
5394,8000,57755,1.8908,-0.0034,3.7139,3.594,0.0116,0.09,10.3,0.93,0.0,1123.0,563,548,12,50,49,1,233.0,0.01,3.9e-05,31816.0,,,,
5395,8000,57771,1.8555,0.0136,3.6097,3.627,0.0118,0.1,3.73,0.93,0.0,1113.0,566,536,11,51,48,1,236.0,0.01,3.9e-05,31824.0,,,,
5396,8000,57788,1.8494,0.0185,3.5883,3.702,0.0137,0.1,3.97,0.94,0.0,1106.0,579,515,12,52,47,1,237.0,0.01,3.9e-05,31824.0,,,,
5397,8000,57805,1.8453,0.0059,3.6053,3.758,0.0116,0.09,4.54,0.93,0.0,1123.0,539,571,13,48,51,1,233.0,0.01,3.9e-05,31819.0,,,,
5398,8000,57821,1.8701,-0.0148,3.696,3.721,0.0092,0.08,12.93,0.94,0.0,1079.0,553,512,14,51,47,1,243.0,0.01,3.9e-05,31887.0,,,,
5399,8000,57838,1.7755,-0.0252,3.529,3.819,0.0138,0.1,3.23,0.94,0.0,1081.0,562,508,11,52,47,1,243.0,0.01,3.9e-05,31862.0,289,0,223,56
5400,8000,57869,1.8019,-0.0178,3.5662,3.76,0.0129,0.1,3.19,0.94,0.0,1138.0,590,540,8,52,47,1,230.0,0.01,3.9e-05,31967.0,,,,
5401,8000,57886,1.8941,0.0088,3.6973,3.71,0.0117,0.1,5.01,0.93,0.0,1126.0,564,547,15,50,49,1,233.0,0.01,3.9e-05,30706.0,,,,
5402,8000,57903,1.857,-0.005,3.6516,3.736,0.0112,0.09,3.76,0.92,0.0,1135.0,518,604,13,46,53,1,231.0,0.01,3.9e-05,31896.0,,,,
5403,8000,57919,1.8406,-0.0138,3.6348,3.662,0.0097,0.09,4.13,0.93,0.0,1118.0,529,575,14,47,51,1,234.0,0.01,3.9e-05,31826.0,,,,
5404,8000,57936,1.8541,-0.0083,3.6517,3.714,0.0103,0.09,4.84,0.93,0.0,1146.0,541,590,15,47,51,1,229.0,0.01,3.9e-05,31838.0,,,,
5405,8000,57952,1.878,-0.0032,3.6899,3.809,0.0118,0.1,4.39,0.92,0.0,1183.0,518,661,4,44,56,0,222.0,0.01,3.9e-05,31835.0,,,,
5406,8000,57969,1.8457,-0.0108,3.6396,3.748,0.0092,0.08,3.89,0.93,0.0,1139.0,550,581,8,48,51,1,230.0,0.01,3.9e-05,31831.0,,,,
5407,8000,57985,1.8574,-0.0008,3.6425,3.657,0.0116,0.1,3.65,0.93,0.0,1196.0,593,598,5,50,50,0,219.0,0.01,3.9e-05,31838.0,,,,
5408,8000,58002,1.8675,0.01,3.6413,3.695,0.0104,0.09,3.6,0.93,0.0,1190.0,574,605,11,48,51,1,220.0,0.01,3.9e-05,31885.0,,,,
5409,8000,58018,1.8871,0.0091,3.682,3.634,0.0105,0.09,4.05,0.93,0.0,1199.0,592,604,3,49,50,0,219.0,0.02,3.9e-05,31842.0,,,,
5410,8000,58035,1.8257,-0.0227,3.6237,3.714,0.0106,0.09,5.5,0.93,0.0,1236.0,585,644,7,47,52,1,212.0,0.01,3.9e-05,31825.0,,,,
5411,8000,58051,1.8415,-0.0272,3.6642,3.7,0.0113,0.09,4.89,0.93,0.0,1299.0,627,664,8,48,51,1,202.0,0.01,3.9e-05,31830.0,,,,
5412,8000,58068,1.8645,-0.0082,3.6722,3.745,0.0133,0.1,3.06,0.93,0.0,1287.0,600,685,2,47,53,0,204.0,0.01,3.9e-05,31853.0,,,,
5413,8000,58084,1.8552,-0.0071,3.6514,3.693,0.013,0.1,3.92,0.93,0.0,1206.0,595,599,12,49,50,1,217.0,0.01,3.9e-05,31894.0,,,,
5414,8000,58101,1.8603,-0.0285,3.7039,3.714,0.0081,0.08,9.4,0.93,0.0,1173.0,586,584,3,50,50,0,223.0,0.0,3.9e-05,31835.0,,,,
5415,8000,58118,1.8667,0.0086,3.643,3.727,0.0124,0.1,4.02,0.93,0.0,1158.0,559,594,5,48,51,0,226.0,0.01,3.9e-05,31850.0,,,,
5416,8000,58134,1.8633,0.0083,3.6373,3.786,0.0097,0.09,5.38,0.93,0.0,1202.0,553,642,7,46,53,1,218.0,0.01,3.9e-05,31821.0,,,,
5417,8000,58151,1.8622,0.0143,3.6234,3.784,0.012,0.1,3.12,0.93,0.0,1184.0,590,584,10,50,49,1,221.0,0.01,3.9e-05,31830.0,,,,
5418,8000,58167,1.8714,0.0184,3.634,3.81,0.0115,0.1,4.85,0.94,0.0,1196.0,591,595,10,49,50,1,219.0,0.01,3.9e-05,31824.0,,,,
5419,8000,58184,1.8432,0.0078,3.5991,3.879,0.0098,0.09,3.8,0.94,0.0,1190.0,587,592,11,49,50,1,220.0,0.01,3.9e-05,31831.0,,,,
5420,8000,58200,1.8167,0.0108,3.5403,3.922,0.0109,0.09,3.69,0.94,0.0,1192.0,569,611,12,48,51,1,220.0,0.01,3.9e-05,31828.0,,,,
5421,8000,58217,1.8625,0.0036,3.6466,3.952,0.0117,0.1,3.25,0.93,0.0,1164.0,560,599,5,48,51,0,225.0,0.01,3.9e-05,30752.0,,,,
5422,8000,58234,1.9109,0.0122,3.7268,4.023,0.013,0.1,13.67,0.92,0.0,1135.0,594,538,3,52,47,0,231.0,0.01,3.9e-05,31863.0,,,,
5423,8000,58250,1.9299,-0.0142,3.8178,3.921,0.0059,0.05,22.25,0.93,0.0,1106.0,565,531,10,51,48,1,237.0,0.01,3.9e-05,31901.0,,,,
5424,8000,58267,1.8682,0.0027,3.6605,3.957,0.0072,0.07,7.71,0.93,0.0,1061.0,549,507,5,52,48,0,247.0,0.01,3.9e-05,31860.0,,,,
5425,8000,58283,1.8768,0.0073,3.6701,3.925,0.0089,0.08,5.44,0.92,0.0,1113.0,573,524,16,51,47,1,236.0,0.01,3.9e-05,31857.0,,,,
5426,8000,58300,1.8848,0.0112,3.6771,3.867,0.0106,0.1,4.68,0.92,0.0,1224.0,586,625,13,48,51,1,214.0,0.01,3.9e-05,31864.0,,,,
5427,8000,58316,1.8846,0.0062,3.6871,3.84,0.0111,0.1,3.95,0.92,0.0,1273.0,619,637,17,49,50,1,206.0,0.01,3.9e-05,31858.0,,,,
5428,8000,58333,1.8589,-0.0027,3.6539,3.857,0.0123,0.1,3.47,0.92,0.0,1223.0,600,605,18,49,49,1,214.0,0.0,3.9e-05,31890.0,,,,
5429,8000,58349,1.8786,0.0085,3.6705,3.868,0.0115,0.1,4.1,0.93,0.0,1201.0,586,603,12,49,50,1,218.0,0.01,3.9e-05,31849.0,,,,
5430,8000,58366,1.8746,0.0078,3.6625,3.905,0.0105,0.1,3.72,0.92,0.0,1214.0,582,627,5,48,52,0,216.0,0.02,3.9e-05,31878.0,,,,
5431,8000,58382,1.8984,0.0174,3.6912,3.83,0.0116,0.1,3.03,0.92,0.0,1283.0,613,658,12,48,51,1,204.0,0.01,3.9e-05,31855.0,,,,
5432,8000,58399,1.8749,0.0016,3.6764,3.866,0.0122,0.1,3.19,0.92,0.0,1284.0,653,619,12,51,48,1,204.0,0.01,3.9e-05,31905.0,,,,
5433,8000,58415,1.8851,0.0235,3.6537,4.011,0.0123,0.1,3.51,0.93,0.0,1234.0,623,601,10,50,49,1,212.0,0.01,3.9e-05,31850.0,,,,
5434,8000,58432,1.8808,0.0191,3.6545,3.992,0.0127,0.1,3.32,0.93,0.0,1255.0,614,627,14,49,50,1,209.0,0.01,3.9e-05,31852.0,,,,
5435,8000,58448,1.8668,0.021,3.6214,4.012,0.0113,0.09,4.18,0.93,0.0,1147.0,547,596,4,48,52,0,229.0,0.01,3.9e-05,31875.0,,,,
5436,8000,58465,1.8734,0.0195,3.6376,3.989,0.0099,0.09,3.74,0.93,0.0,1166.0,550,611,5,47,52,0,225.0,0.01,3.9e-05,31847.0,,,,
5437,8000,58482,1.8625,-0.0187,3.6929,3.966,0.0097,0.09,3.99,0.93,0.0,1303.0,615,675,13,47,52,1,201.0,0.01,3.9e-05,31848.0,,,,
5438,8000,58498,1.8956,0.0131,3.6949,3.949,0.0115,0.09,3.99,0.93,0.0,1285.0,608,668,9,47,52,1,204.0,0.0,3.9e-05,31854.0,,,,
5439,8000,58515,1.8987,0.0239,3.6792,3.9,0.0098,0.09,4.29,0.93,0.0,1243.0,596,635,12,48,51,1,211.0,0.01,3.9e-05,31850.0,,,,
5440,8000,58531,1.8836,0.0114,3.6735,3.852,0.0121,0.1,3.85,0.93,0.0,1214.0,612,594,8,50,49,1,216.0,0.01,3.9e-05,31839.0,,,,
5441,8000,58548,1.9218,0.0041,3.7637,3.831,0.0112,0.1,3.79,0.91,0.0,1278.0,651,620,7,51,49,1,205.0,0.01,3.9e-05,30653.0,,,,
5442,8000,58565,1.8924,0.0026,3.7079,3.834,0.0114,0.1,3.67,0.91,0.0,1212.0,633,570,9,52,47,1,216.0,0.02,3.9e-05,31803.0,,,,
5443,8000,58581,1.8877,0.0134,3.6771,3.895,0.0113,0.1,3.71,0.91,0.0,1189.0,618,561,10,52,47,1,220.0,0.01,3.9e-05,31846.0,,,,
5444,8000,58598,1.8786,0.0233,3.6396,3.963,0.0111,0.1,4.57,0.92,0.0,1151.0,572,567,12,50,49,1,228.0,0.02,3.9e-05,31917.0,,,,
5445,8000,58614,1.8616,0.0226,3.6079,4.039,0.0115,0.1,3.02,0.92,0.0,1173.0,623,543,7,53,46,1,223.0,0.02,3.9e-05,31853.0,,,,
5446,8000,58631,1.8913,0.0211,3.6692,3.938,0.011,0.1,3.0,0.92,0.0,1159.0,594,560,5,51,48,0,226.0,0.03,3.9e-05,31854.0,,,,
5447,8000,58647,1.8882,0.0144,3.6765,3.938,0.0107,0.1,3.56,0.92,0.0,1208.0,653,551,4,54,46,0,217.0,0.02,3.9e-05,31844.0,,,,
5448,8000,58664,1.8842,0.0153,3.6663,3.887,0.0105,0.09,3.01,0.92,0.0,1208.0,610,588,10,50,49,1,217.0,0.01,3.9e-05,31842.0,,,,
5449,8000,58680,1.8859,0.0137,3.6726,3.872,0.012,0.1,2.9,0.92,0.0,1234.0,612,613,9,50,50,1,212.0,0.01,3.9e-05,31851.0,298,0,214,58
5450,8000,58712,1.8783,0.0096,3.6656,3.882,0.0114,0.1,2.96,0.92,0.0,1284.0,685,594,5,53,46,0,204.0,0.02,3.9e-05,32000.0,,,,
5451,8000,58728,1.8713,0.0208,3.6304,3.989,0.0112,0.1,3.1,0.93,0.0,1232.0,628,595,9,51,48,1,213.0,0.0,3.9e-05,31895.0,,,,
5452,8000,58745,1.8793,0.0126,3.6626,3.957,0.0101,0.09,3.21,0.93,0.0,1201.0,631,565,5,53,47,0,218.0,0.01,3.9e-05,31867.0,,,,
5453,8000,58761,1.8625,0.0178,3.6192,3.976,0.0109,0.1,3.13,0.93,0.0,1207.0,610,591,6,51,49,0,217.0,0.01,3.9e-05,31863.0,,,,
5454,8000,58778,1.8782,0.0117,3.6625,3.942,0.0104,0.09,3.16,0.92,0.0,1247.0,623,615,9,50,49,1,210.0,0.01,3.9e-05,31859.0,,,,
5455,8000,58795,1.9103,0.0154,3.7195,3.897,0.0104,0.1,4.99,0.92,0.0,1230.0,594,630,6,48,51,0,213.0,0.01,3.9e-05,31864.0,,,,
5456,8000,58811,1.9105,0.0212,3.7089,3.906,0.0116,0.1,3.46,0.92,0.0,1294.0,677,608,9,52,47,1,203.0,0.01,3.9e-05,31844.0,,,,
5457,8000,58828,1.9107,0.0167,3.7166,3.849,0.01,0.09,3.38,0.92,0.0,1314.0,680,625,9,52,48,1,200.0,0.01,3.9e-05,31864.0,,,,
5458,8000,58844,1.9093,0.0245,3.6984,3.835,0.0106,0.09,3.21,0.93,0.0,1307.0,682,618,7,52,47,1,201.0,0.01,3.9e-05,31845.0,,,,
5459,8000,58861,1.9044,0.0237,3.69,3.893,0.0111,0.09,3.45,0.93,0.0,1341.0,717,618,6,53,46,0,195.0,0.01,3.9e-05,31919.0,,,,
5460,8000,58877,1.9005,0.0084,3.7126,3.895,0.0097,0.09,3.25,0.92,0.0,1294.0,671,619,4,52,48,0,203.0,0.01,3.9e-05,31845.0,,,,
5461,8000,58894,1.9232,0.0131,3.7486,3.898,0.0106,0.09,4.5,0.91,0.0,1268.0,659,605,4,52,48,0,207.0,0.01,3.9e-05,30702.0,,,,
5462,8000,58911,1.8971,0.0078,3.7075,3.948,0.0116,0.09,3.4,0.91,0.0,1312.0,698,610,4,53,46,0,200.0,0.01,3.9e-05,31852.0,,,,
5463,8000,58927,1.9136,0.0225,3.7109,3.971,0.0111,0.09,3.0,0.91,0.0,1337.0,651,683,3,49,51,0,196.0,0.01,3.9e-05,31880.0,,,,
5464,8000,58944,1.9393,0.0171,3.773,3.942,0.0102,0.09,4.11,0.91,0.0,1389.0,702,677,10,51,49,1,189.0,0.02,3.9e-05,31918.0,,,,
5465,8000,58960,1.9167,0.0191,3.7231,3.847,0.0115,0.09,3.02,0.91,0.0,1417.0,711,700,6,50,49,0,185.0,0.02,3.9e-05,31869.0,,,,
5466,8000,58977,1.9288,0.0193,3.7474,3.842,0.0111,0.09,3.22,0.91,0.0,1348.0,668,670,10,50,50,1,194.0,0.01,3.9e-05,31854.0,,,,
5467,8000,58993,1.9326,0.0297,3.7336,3.84,0.0129,0.1,3.37,0.92,0.0,1363.0,677,684,2,50,50,0,192.0,0.01,3.9e-05,31823.0,,,,
5468,8000,59010,1.9141,0.0197,3.7169,3.861,0.0113,0.09,3.51,0.92,0.0,1315.0,655,657,3,50,50,0,199.0,0.01,3.9e-05,31846.0,,,,
5469,8000,59026,1.9112,0.0001,3.7495,3.796,0.0122,0.1,3.79,0.92,0.0,1379.0,650,727,2,47,53,0,190.0,0.01,3.9e-05,31899.0,,,,
5470,8000,59043,1.9099,0.0101,3.7262,3.731,0.0109,0.09,3.14,0.92,0.0,1368.0,655,711,2,48,52,0,192.0,0.0,3.9e-05,31818.0,,,,
5471,8000,59059,1.9023,0.0043,3.723,3.772,0.0107,0.09,3.54,0.92,0.0,1342.0,678,656,8,51,49,1,195.0,0.01,3.9e-05,31827.0,,,,
5472,8000,59076,1.9053,0.0354,3.6675,3.889,0.012,0.09,3.03,0.93,0.0,1374.0,729,642,3,53,47,0,191.0,0.0,3.9e-05,31837.0,,,,
5473,8000,59092,1.8798,0.009,3.6695,3.878,0.0108,0.09,4.03,0.93,0.0,1283.0,646,634,3,50,49,0,204.0,0.0,3.9e-05,31893.0,,,,
5474,8000,59109,1.9042,0.0389,3.6584,3.89,0.0098,0.08,5.7,0.93,0.0,1287.0,632,650,5,49,51,0,204.0,0.0,3.9e-05,31821.0,,,,
5475,8000,59125,1.9167,0.0373,3.6865,3.856,0.0115,0.09,3.37,0.93,0.0,1287.0,649,628,10,50,49,1,204.0,0.01,3.9e-05,31859.0,,,,
5476,8000,59142,1.9088,0.0237,3.6981,3.855,0.0094,0.08,5.3,0.93,0.0,1303.0,646,652,5,50,50,0,201.0,0.0,3.9e-05,31827.0,,,,
5477,8000,59159,1.8975,0.0273,3.6688,3.89,0.0117,0.09,4.84,0.93,0.0,1301.0,631,662,8,49,51,1,201.0,0.0,3.9e-05,31815.0,,,,
5478,8000,59175,1.8731,0.023,3.6282,3.897,0.0104,0.09,4.18,0.93,0.0,1231.0,627,600,4,51,49,0,213.0,0.01,3.9e-05,31877.0,,,,
5479,8000,59192,1.9038,0.0364,3.6628,3.823,0.013,0.1,3.21,0.93,0.0,1234.0,638,587,9,52,48,1,212.0,0.01,3.9e-05,31813.0,,,,
5480,8000,59208,1.8936,0.0276,3.6595,3.772,0.0126,0.1,4.19,0.93,0.0,1258.0,618,631,9,49,50,1,208.0,0.01,3.9e-05,31890.0,,,,
5481,8000,59225,1.9389,0.025,3.754,3.649,0.0126,0.1,3.39,0.91,0.0,1328.0,666,659,3,50,50,0,197.0,0.01,3.9e-05,30757.0,,,,
5482,8000,59242,1.9276,0.0099,3.7617,3.676,0.0125,0.1,3.59,0.91,0.0,1385.0,729,656,0,53,47,0,189.0,0.01,3.9e-05,31858.0,,,,
5483,8000,59258,1.9282,0.0162,3.7496,3.611,0.0124,0.1,2.87,0.91,0.0,1362.0,685,673,4,50,49,0,192.0,0.02,3.9e-05,31890.0,,,,
5484,8000,59275,1.9505,0.0351,3.7567,3.621,0.0131,0.1,2.6,0.91,0.0,1440.0,737,701,2,51,49,0,182.0,0.02,3.9e-05,31807.0,,,,
5485,8000,59291,1.9434,0.0186,3.7751,3.588,0.0114,0.1,2.9,0.91,0.0,1391.0,727,662,2,52,48,0,188.0,0.01,3.9e-05,31794.0,,,,
5486,8000,59308,1.9265,0.0238,3.7305,3.562,0.0119,0.1,2.89,0.91,0.0,1343.0,738,603,2,55,45,0,195.0,0.01,3.9e-05,31810.0,,,,
5487,8000,59324,1.9292,0.0155,3.7533,3.659,0.012,0.1,2.84,0.92,0.0,1366.0,703,660,3,51,48,0,192.0,0.01,3.9e-05,31872.0,,,,
5488,8000,59341,1.9042,0.0207,3.6935,3.73,0.0118,0.09,2.98,0.92,0.0,1364.0,705,655,4,52,48,0,192.0,0.02,3.9e-05,31810.0,,,,
5489,8000,59357,1.9032,0.0197,3.6922,3.592,0.0122,0.1,2.94,0.92,0.0,1364.0,711,648,5,52,48,0,192.0,0.01,3.9e-05,31832.0,,,,
5490,8000,59374,1.9235,0.0147,3.744,3.66,0.0111,0.09,3.31,0.92,0.0,1362.0,655,700,7,48,51,1,192.0,0.01,3.8e-05,31813.0,,,,
5491,8000,59391,1.9141,0.0037,3.7475,3.71,0.0103,0.09,3.12,0.92,0.0,1454.0,730,719,5,50,49,0,180.0,0.01,3.8e-05,31820.0,,,,
5492,8000,59407,1.9369,0.0207,3.7582,3.619,0.0132,0.1,3.29,0.92,0.0,1411.0,724,681,6,51,48,0,186.0,0.01,3.8e-05,31814.0,,,,
5493,8000,59424,1.9178,0.012,3.7381,3.683,0.0115,0.09,3.27,0.92,0.0,1398.0,717,675,6,51,48,0,188.0,0.01,3.8e-05,31830.0,,,,
5494,8000,59440,1.9074,0.0171,3.7069,3.69,0.0098,0.09,3.77,0.92,0.0,1407.0,706,700,1,50,50,0,186.0,0.01,3.8e-05,31824.0,,,,
5495,8000,59457,1.9185,0.019,3.7252,3.652,0.0105,0.09,2.57,0.92,0.0,1427.0,746,678,3,52,48,0,184.0,0.01,3.8e-05,31803.0,,,,
5496,8000,59473,1.9097,0.0068,3.7314,3.616,0.0112,0.09,2.63,0.92,0.0,1383.0,724,654,5,52,47,0,190.0,0.01,3.8e-05,31814.0,,,,
5497,8000,59490,1.903,0.0068,3.7184,3.673,0.01,0.09,3.28,0.93,0.0,1366.0,714,651,1,52,48,0,192.0,0.01,3.8e-05,31824.0,,,,
5498,8000,59506,1.9109,0.0205,3.7072,3.666,0.0114,0.09,2.94,0.92,0.0,1320.0,655,662,3,50,50,0,199.0,0.01,3.8e-05,31809.0,,,,
5499,8000,59523,1.8905,0.019,3.6692,3.688,0.0118,0.09,3.11,0.93,0.0,1334.0,659,673,2,49,50,0,197.0,0.01,3.8e-05,31821.0,299,0,213,58
5500,8000,59554,1.9006,0.0187,3.6897,3.663,0.0109,0.09,2.95,0.93,0.0,1294.0,658,631,5,51,49,0,203.0,0.01,3.8e-05,31968.0,,,,
5501,8000,59571,1.9648,0.0084,3.8384,3.648,0.0113,0.09,4.51,0.9,0.0,1350.0,677,671,2,50,50,0,194.0,0.01,3.8e-05,30685.0,,,,
5502,8000,59588,1.9193,0.0116,3.7407,3.603,0.0133,0.11,2.86,0.91,0.0,1354.0,677,673,4,50,50,0,194.0,0.01,3.8e-05,31816.0,,,,
5503,8000,59605,1.9166,-0.0017,3.7629,3.671,0.0115,0.1,3.26,0.91,0.0,1299.0,635,661,3,49,51,0,202.0,0.01,3.8e-05,31877.0,,,,
5504,8000,59621,1.9061,0.0131,3.7117,3.59,0.0121,0.1,3.49,0.91,0.0,1322.0,647,669,6,49,51,0,198.0,0.01,3.8e-05,31827.0,,,,
5505,8000,59638,1.924,0.0179,3.7378,3.594,0.0109,0.09,3.45,0.91,0.0,1335.0,656,674,5,49,50,0,196.0,0.01,3.8e-05,31886.0,,,,
5506,8000,59654,1.8991,-0.0099,3.7439,3.617,0.012,0.09,3.3,0.91,0.0,1416.0,708,702,6,50,50,0,185.0,0.01,3.8e-05,31822.0,,,,
5507,8000,59671,1.9333,0.0066,3.7786,3.496,0.0124,0.1,3.22,0.92,0.0,1369.0,671,695,3,49,51,0,191.0,0.01,3.8e-05,31822.0,,,,
5508,8000,59687,1.9204,0.0117,3.7426,3.483,0.0135,0.1,2.86,0.92,0.0,1391.0,683,703,5,49,51,0,188.0,0.0,3.8e-05,31818.0,,,,
5509,8000,59704,1.9241,0.0279,3.7179,3.569,0.0113,0.09,3.27,0.92,0.0,1390.0,676,710,4,49,51,0,189.0,0.0,3.8e-05,31821.0,,,,
5510,8000,59720,1.9217,0.0095,3.7493,3.506,0.0115,0.1,3.3,0.92,0.0,1395.0,675,717,3,48,51,0,188.0,0.01,3.8e-05,31834.0,,,,
5511,8000,59737,1.96,0.0272,3.7902,3.428,0.0123,0.1,4.57,0.92,0.0,1423.0,719,701,3,51,49,0,184.0,0.01,3.8e-05,31809.0,,,,
5512,8000,59753,1.9382,0.0189,3.7631,3.429,0.0109,0.09,3.08,0.92,0.0,1428.0,739,681,8,52,48,1,184.0,0.0,3.8e-05,31815.0,,,,
5513,8000,59770,1.951,0.0232,3.7795,3.4,0.0111,0.1,3.08,0.92,0.0,1446.0,726,718,2,50,50,0,181.0,0.01,3.8e-05,31857.0,,,,
5514,8000,59786,1.9394,0.0232,3.7568,3.451,0.0117,0.1,3.65,0.92,0.0,1442.0,732,704,6,51,49,0,182.0,0.0,3.8e-05,31815.0,,,,
5515,8000,59803,1.9405,0.0271,3.751,3.418,0.0099,0.09,3.61,0.92,0.0,1399.0,706,691,2,50,49,0,187.0,0.0,3.8e-05,31822.0,,,,
5516,8000,59820,1.9144,0.014,3.7255,3.455,0.0116,0.1,2.87,0.92,0.0,1395.0,707,686,2,51,49,0,188.0,0.0,3.8e-05,31877.0,,,,
5517,8000,59836,1.9249,0.0089,3.7567,3.486,0.0121,0.1,3.78,0.92,0.0,1419.0,708,708,3,50,50,0,185.0,0.0,3.8e-05,31827.0,,,,
5518,8000,59853,1.8824,-0.0047,3.6987,3.474,0.0113,0.1,2.87,0.93,0.0,1390.0,670,719,1,48,52,0,189.0,0.0,3.8e-05,31832.0,,,,
5519,8000,59869,1.87,-0.007,3.6788,3.512,0.0106,0.09,2.75,0.93,0.0,1339.0,651,684,4,49,51,0,196.0,0.01,3.8e-05,31821.0,,,,
5520,8000,59886,1.9011,0.0021,3.7232,3.549,0.0128,0.1,3.47,0.93,0.0,1347.0,666,679,2,49,50,0,195.0,0.0,3.8e-05,31880.0,,,,
5521,8000,59903,1.9763,0.0296,3.8185,3.512,0.012,0.1,3.41,0.9,0.0,1374.0,658,714,2,48,52,0,191.0,0.01,3.8e-05,30680.0,,,,
5522,8000,59919,1.9645,0.0363,3.782,3.59,0.0116,0.1,3.68,0.9,0.0,1414.0,696,716,2,49,51,0,185.0,0.01,3.8e-05,31845.0,,,,
5523,8000,59936,1.9295,0.0164,3.7523,3.65,0.0113,0.09,2.85,0.91,0.0,1394.0,677,712,5,49,51,0,188.0,0.01,3.8e-05,31823.0,,,,
5524,8000,59952,1.9095,-0.0072,3.7595,3.647,0.0103,0.09,3.64,0.91,0.0,1473.0,747,724,2,51,49,0,178.0,0.01,3.8e-05,31815.0,,,,
5525,8000,59969,1.9038,-0.0057,3.7449,3.648,0.0103,0.09,3.22,0.91,0.0,1344.0,667,675,2,50,50,0,195.0,0.01,3.8e-05,31821.0,,,,
5526,8000,59985,1.8899,0.0225,3.661,3.636,0.0115,0.09,3.04,0.91,0.0,1363.0,696,661,6,51,48,0,192.0,0.01,3.8e-05,31820.0,,,,
5527,8000,60002,1.9155,0.0127,3.7324,3.662,0.0112,0.1,3.78,0.91,0.0,1386.0,704,675,7,51,49,1,189.0,0.01,3.8e-05,31903.0,,,,
5528,8000,60018,1.877,-0.01,3.701,3.708,0.0113,0.1,3.03,0.91,0.0,1388.0,682,698,8,49,50,1,189.0,0.0,3.8e-05,31822.0,,,,
5529,8000,60035,1.9104,-0.0019,3.7517,3.753,0.0099,0.09,3.54,0.91,0.0,1372.0,682,685,5,50,50,0,191.0,0.01,3.8e-05,31830.0,,,,
5530,8000,60051,1.89,0.0049,3.6973,3.744,0.0129,0.1,3.28,0.92,0.0,1344.0,680,658,6,51,49,0,195.0,0.0,3.8e-05,31821.0,,,,
5531,8000,60068,1.8665,0.0011,3.6588,3.817,0.0112,0.09,3.39,0.92,0.0,1311.0,681,623,7,52,48,1,200.0,0.0,3.8e-05,31830.0,,,,
5532,8000,60085,1.8478,0.0014,3.6208,3.821,0.0106,0.09,3.54,0.92,0.0,1202.0,588,610,4,49,51,0,218.0,0.0,3.8e-05,31828.0,,,,
5533,8000,60101,1.8443,0.0072,3.6027,3.929,0.0106,0.09,4.0,0.93,0.0,1166.0,562,598,6,48,51,1,225.0,0.01,3.8e-05,31812.0,,,,
5534,8000,60118,1.835,0.0157,3.5668,3.901,0.0113,0.09,3.09,0.93,0.0,1141.0,596,533,12,52,47,1,230.0,0.01,3.8e-05,31826.0,,,,
5535,8000,60134,1.8499,0.0049,3.6177,3.83,0.0109,0.09,3.32,0.92,0.0,1228.0,602,620,6,49,50,0,213.0,0.01,3.8e-05,31830.0,,,,
5536,8000,60151,1.8462,0.0078,3.6042,3.798,0.0126,0.1,3.03,0.92,0.0,1238.0,611,616,11,49,50,1,212.0,0.0,3.8e-05,31818.0,,,,
5537,8000,60167,1.8438,0.026,3.5656,3.98,0.011,0.09,3.35,0.93,0.0,1204.0,626,556,22,52,46,2,218.0,0.0,3.8e-05,31829.0,,,,
5538,8000,60184,1.8303,0.0165,3.5573,4.022,0.0104,0.08,4.69,0.94,0.0,1176.0,628,528,20,53,45,2,223.0,0.01,3.8e-05,31838.0,,,,
5539,8000,60200,1.8393,0.0173,3.5735,3.977,0.0123,0.09,3.52,0.93,0.0,1131.0,523,589,19,46,52,2,232.0,0.01,3.8e-05,31838.0,,,,
5540,8000,60217,1.8454,0.0191,3.5813,3.937,0.0106,0.09,3.43,0.93,0.0,1191.0,601,579,11,50,49,1,220.0,0.01,3.8e-05,31815.0,,,,
5541,8000,60234,1.899,0.0233,3.6814,3.877,0.0114,0.09,3.57,0.9,0.0,1199.0,591,582,26,49,49,2,219.0,0.01,3.8e-05,30732.0,,,,
5542,8000,60251,1.8999,0.0172,3.6936,3.809,0.0117,0.09,4.16,0.91,0.0,1193.0,589,584,20,49,49,2,220.0,0.01,3.8e-05,31868.0,,,,
5543,8000,60267,1.8677,0.0004,3.6632,3.876,0.0112,0.09,4.04,0.91,0.0,1282.0,642,623,17,50,49,1,204.0,0.01,3.8e-05,31841.0,,,,
5544,8000,60284,1.8997,0.0,3.727,3.753,0.0106,0.09,4.46,0.91,0.0,1387.0,675,685,27,49,49,2,189.0,0.02,3.8e-05,31901.0,,,,
5545,8000,60300,1.9231,0.0129,3.7473,3.698,0.0104,0.09,3.89,0.92,0.0,1407.0,703,703,1,50,50,0,186.0,0.01,3.8e-05,31869.0,,,,
5546,8000,60317,1.9268,0.0156,3.7494,3.706,0.0118,0.09,3.07,0.91,0.0,1426.0,701,723,2,49,51,0,184.0,0.01,3.8e-05,31854.0,,,,
5547,8000,60333,1.9192,0.0119,3.7406,3.602,0.0122,0.1,3.08,0.92,0.0,1390.0,721,668,1,52,48,0,189.0,0.01,3.8e-05,31862.0,,,,
5548,8000,60350,1.905,0.005,3.7263,3.652,0.0109,0.09,4.06,0.92,0.0,1373.0,675,697,1,49,51,0,191.0,0.02,3.8e-05,31854.0,,,,
5549,8000,60366,1.8885,-0.0037,3.7111,3.685,0.0106,0.09,4.71,0.92,0.0,1341.0,655,684,2,49,51,0,195.0,0.02,3.8e-05,31866.0,221,0,291,43
5550,8000,60398,1.8552,-0.0019,3.6411,3.724,0.0106,0.09,3.42,0.93,0.0,1237.0,643,593,1,52,48,0,212.0,0.01,3.8e-05,32019.0,,,,
5551,8000,60414,1.8811,-0.0,3.6893,3.74,0.0118,0.1,3.22,0.92,0.0,1367.0,704,663,0,51,49,0,192.0,0.01,3.8e-05,31862.0,,,,
5552,8000,60431,1.874,0.0042,3.6674,3.823,0.0123,0.1,5.19,0.92,0.0,1286.0,672,614,0,52,48,0,204.0,0.01,3.8e-05,31862.0,,,,
5553,8000,60447,1.878,0.005,3.6744,3.857,0.0122,0.1,4.14,0.92,0.0,1313.0,637,671,5,49,51,0,200.0,0.01,3.8e-05,31866.0,,,,
5554,8000,60464,1.8982,-0.0006,3.7249,3.767,0.0107,0.09,4.15,0.92,0.0,1395.0,709,684,2,51,49,0,188.0,0.01,3.8e-05,31864.0,,,,
5555,8000,60480,1.8863,0.0129,3.6744,3.802,0.0132,0.1,3.01,0.92,0.0,1314.0,683,631,0,52,48,0,200.0,0.01,3.8e-05,31855.0,,,,
5556,8000,60497,1.8755,0.0219,3.6345,3.773,0.0107,0.09,3.18,0.93,0.0,1268.0,641,625,2,51,49,0,207.0,0.01,3.8e-05,31858.0,,,,
5557,8000,60513,1.8893,0.0238,3.6588,3.842,0.0109,0.09,3.45,0.93,0.0,1298.0,672,624,2,52,48,0,202.0,0.01,3.8e-05,31855.0,,,,
5558,8000,60530,1.878,0.0137,3.6563,3.824,0.011,0.09,4.55,0.92,0.0,1305.0,658,646,1,50,50,0,201.0,0.01,3.8e-05,31904.0,,,,
5559,8000,60546,1.892,0.023,3.6663,3.908,0.0119,0.09,5.29,0.92,0.0,1306.0,693,611,2,53,47,0,201.0,0.01,3.8e-05,31867.0,,,,
5560,8000,60563,1.8497,0.0045,3.6189,3.975,0.0115,0.09,4.5,0.93,0.0,1233.0,671,560,2,54,45,0,213.0,0.01,3.8e-05,31855.0,,,,
5561,8000,60580,1.9067,0.012,3.717,3.812,0.0118,0.1,3.44,0.91,0.0,1304.0,667,637,0,51,49,0,201.0,0.01,3.8e-05,30720.0,,,,
5562,8000,60597,1.895,0.0277,3.6625,3.85,0.0113,0.09,3.97,0.92,0.0,1224.0,604,620,0,49,51,0,214.0,0.01,3.8e-05,31865.0,,,,
5563,8000,60613,1.8364,0.0163,3.5685,3.944,0.0106,0.09,3.41,0.92,0.0,1157.0,587,569,1,51,49,0,227.0,0.02,3.8e-05,31914.0,,,,
5564,8000,60630,1.8275,-0.0039,3.5909,3.912,0.0113,0.09,3.74,0.92,0.0,1144.0,550,591,3,48,52,0,229.0,0.02,3.8e-05,31866.0,,,,
5565,8000,60646,1.8296,-0.0063,3.6008,3.929,0.0108,0.09,4.46,0.93,0.0,1202.0,619,568,15,51,47,1,218.0,0.03,3.8e-05,31909.0,,,,
5566,8000,60663,1.8458,0.0016,3.6176,3.918,0.0128,0.09,3.17,0.92,0.0,1217.0,633,568,16,52,47,1,215.0,0.01,3.8e-05,31875.0,,,,
5567,8000,60679,1.8544,0.0003,3.6364,3.852,0.0112,0.09,3.32,0.92,0.0,1234.0,666,561,7,54,45,1,212.0,0.01,3.8e-05,31846.0,,,,
5568,8000,60696,1.8353,-0.0089,3.6166,3.849,0.0125,0.09,3.19,0.92,0.0,1203.0,597,597,9,50,50,1,218.0,0.03,3.8e-05,31856.0,,,,
5569,8000,60712,1.8724,0.0088,3.6546,3.778,0.0136,0.1,3.54,0.92,0.0,1248.0,626,615,7,50,49,1,210.0,0.02,3.8e-05,31850.0,,,,
5570,8000,60729,1.8752,0.004,3.6694,3.766,0.0122,0.09,3.86,0.92,0.0,1243.0,637,593,13,51,48,1,211.0,0.02,3.8e-05,31842.0,,,,
5571,8000,60745,1.8636,0.0097,3.6351,3.762,0.012,0.09,3.73,0.92,0.0,1198.0,599,584,15,50,49,1,219.0,0.01,3.8e-05,31870.0,,,,
5572,8000,60762,1.8567,-0.0024,3.6452,3.724,0.0129,0.1,3.16,0.92,0.0,1190.0,589,588,13,49,49,1,220.0,0.01,3.8e-05,31906.0,,,,
5573,8000,60778,1.8575,0.0115,3.6188,3.756,0.0123,0.1,3.83,0.92,0.0,1232.0,580,636,16,47,52,1,213.0,0.02,3.8e-05,31898.0,,,,
5574,8000,60795,1.8541,0.0221,3.5909,3.765,0.0112,0.09,3.0,0.92,0.0,1168.0,554,596,18,47,51,2,224.0,0.02,3.8e-05,31863.0,,,,
5575,8000,60811,1.8536,0.0177,3.5987,3.805,0.01,0.09,3.76,0.92,0.0,1201.0,613,572,16,51,48,1,218.0,0.02,3.8e-05,31906.0,,,,
5576,8000,60828,1.852,0.0219,3.5877,3.837,0.0123,0.1,3.96,0.93,0.0,1163.0,591,554,18,51,48,2,225.0,0.02,3.8e-05,31905.0,,,,
5577,8000,60844,1.861,0.0251,3.6,3.775,0.0117,0.1,4.28,0.92,0.0,1186.0,638,526,22,54,44,2,221.0,0.02,3.8e-05,31885.0,,,,
5578,8000,60861,1.8859,0.0259,3.648,3.782,0.0115,0.09,5.22,0.92,0.0,1216.0,630,559,27,52,46,2,216.0,0.02,3.8e-05,31846.0,,,,
5579,8000,60877,1.8601,0.0149,3.6179,3.766,0.0124,0.09,3.7,0.93,0.0,1172.0,610,546,16,52,47,1,224.0,0.03,3.8e-05,31860.0,,,,
5580,8000,60894,1.8703,0.0233,3.6224,3.861,0.0118,0.09,3.4,0.93,0.0,1190.0,615,559,16,52,47,1,220.0,0.03,3.8e-05,31849.0,,,,
5581,8000,60911,1.9297,0.0446,3.6998,3.91,0.0136,0.1,5.06,0.92,0.0,1205.0,582,609,14,48,51,1,218.0,0.02,3.8e-05,30722.0,,,,
5582,8000,60927,1.932,0.0337,3.7249,3.794,0.0131,0.1,4.52,0.91,0.0,1329.0,657,659,13,49,50,1,197.0,0.02,3.8e-05,31817.0,,,,
5583,8000,60944,1.9315,0.02,3.7511,3.765,0.0127,0.1,5.56,0.91,0.0,1335.0,668,656,11,50,49,1,196.0,0.01,3.8e-05,31859.0,,,,
5584,8000,60960,1.9305,0.0027,3.7832,3.766,0.0138,0.1,5.37,0.91,0.0,1333.0,686,634,13,51,48,1,197.0,0.02,3.8e-05,31802.0,,,,
5585,8000,60977,1.9279,-0.0084,3.7991,3.64,0.013,0.1,3.56,0.9,0.0,1430.0,763,657,10,53,46,1,183.0,0.01,3.8e-05,31830.0,,,,
5586,8000,60994,1.941,0.0002,3.8079,3.619,0.0113,0.1,3.85,0.9,0.0,1393.0,720,662,11,52,48,1,188.0,0.01,3.8e-05,31792.0,,,,
5587,8000,61010,1.9359,0.0007,3.7964,3.6,0.0138,0.1,4.29,0.9,0.0,1427.0,737,682,8,52,48,1,184.0,0.01,3.8e-05,31819.0,,,,
5588,8000,61027,1.9568,0.0296,3.78,3.581,0.012,0.1,5.45,0.91,0.0,1343.0,682,654,7,51,49,1,195.0,0.0,3.8e-05,31829.0,,,,
5589,8000,61043,1.9232,0.0197,3.7337,3.609,0.0113,0.1,3.29,0.91,0.0,1335.0,700,615,20,52,46,1,196.0,0.01,3.8e-05,31888.0,,,,
5590,8000,61060,1.9113,-0.0047,3.7592,3.639,0.012,0.1,3.58,0.91,0.0,1354.0,706,637,11,52,47,1,194.0,0.01,3.8e-05,31903.0,,,,
5591,8000,61076,1.8776,-0.0174,3.7172,3.653,0.0124,0.1,3.65,0.92,0.0,1353.0,692,651,10,51,48,1,194.0,0.01,3.8e-05,31825.0,,,,
5592,8000,61093,1.9089,-0.0139,3.7733,3.614,0.0121,0.1,3.65,0.9,0.0,1385.0,746,622,17,54,45,1,189.0,0.01,3.8e-05,31807.0,,,,
5593,8000,61109,1.892,0.0041,3.703,3.628,0.0122,0.1,3.02,0.91,0.0,1267.0,655,603,9,52,48,1,207.0,0.0,3.8e-05,31822.0,,,,
5594,8000,61126,1.9045,0.0038,3.729,3.571,0.0127,0.11,3.17,0.91,0.0,1323.0,673,635,15,51,48,1,198.0,0.01,3.8e-05,31846.0,,,,
5595,8000,61142,1.8851,-0.0046,3.7061,3.607,0.0129,0.11,3.65,0.91,0.0,1312.0,665,633,14,51,48,1,200.0,0.01,3.8e-05,31886.0,,,,
5596,8000,61159,1.9004,0.0116,3.7053,3.692,0.0116,0.1,3.05,0.91,0.0,1274.0,663,590,21,52,46,2,206.0,0.01,3.8e-05,31860.0,,,,
5597,8000,61175,1.8906,0.0124,3.684,3.701,0.0123,0.1,3.25,0.91,0.0,1266.0,649,599,18,51,47,1,207.0,0.0,3.8e-05,31895.0,,,,
5598,8000,61192,1.9125,0.0171,3.7172,3.568,0.0125,0.11,2.95,0.9,0.0,1293.0,692,581,20,54,45,2,203.0,0.0,3.8e-05,31816.0,,,,
5599,8000,61208,1.8825,0.0096,3.6715,3.556,0.012,0.1,3.3,0.92,0.0,1265.0,663,581,21,52,46,2,207.0,0.01,3.8e-05,31830.0,237,0,275,46
5600,8000,61240,1.9121,0.0128,3.7238,3.511,0.0136,0.11,3.64,0.91,0.0,1251.0,642,594,15,51,47,1,210.0,0.01,3.8e-05,31961.0,,,,
5601,8000,61257,1.9668,0.0083,3.8412,3.49,0.0151,0.11,9.68,0.9,0.0,1305.0,665,623,17,51,48,1,201.0,0.0,3.8e-05,30705.0,,,,
5602,8000,61273,1.9474,-0.0006,3.8207,3.468,0.0135,0.11,3.5,0.89,0.0,1370.0,705,654,11,51,48,1,191.0,0.01,3.8e-05,31900.0,,,,
5603,8000,61290,1.9767,0.0271,3.8234,3.353,0.0131,0.11,4.15,0.89,0.0,1419.0,702,707,10,49,50,1,185.0,0.01,3.8e-05,31903.0,,,,
5604,8000,61306,1.956,0.0206,3.7955,3.389,0.0144,0.11,5.59,0.9,0.0,1418.0,786,624,8,55,44,1,185.0,0.01,3.8e-05,31838.0,,,,
5605,8000,61323,1.9413,0.0139,3.7787,3.394,0.0116,0.11,3.03,0.9,0.0,1342.0,713,626,3,53,47,0,195.0,0.01,3.8e-05,31826.0,,,,
5606,8000,61340,1.9378,0.0014,3.7968,3.37,0.012,0.11,3.18,0.9,0.0,1395.0,721,658,16,52,47,1,188.0,0.01,3.8e-05,31840.0,,,,
5607,8000,61356,1.9566,0.0063,3.8245,3.315,0.0131,0.1,3.38,0.9,0.0,1486.0,755,711,20,51,48,1,176.0,0.0,3.8e-05,31846.0,,,,
5608,8000,61373,1.9395,-0.0113,3.8257,3.362,0.0131,0.11,3.23,0.9,0.0,1494.0,769,708,17,51,47,1,175.0,0.01,3.8e-05,31837.0,,,,
5609,8000,61389,1.9616,-0.0048,3.8561,3.284,0.0128,0.11,4.65,0.9,0.0,1490.0,758,727,5,51,49,0,176.0,0.01,3.8e-05,31837.0,,,,
5610,8000,61406,1.943,-0.0079,3.825,3.22,0.0118,0.11,3.34,0.9,0.0,1517.0,768,746,3,51,49,0,173.0,0.01,3.8e-05,31831.0,,,,
5611,8000,61422,1.9483,-0.0128,3.8456,3.259,0.014,0.11,5.02,0.91,0.0,1516.0,751,763,2,50,50,0,173.0,0.01,3.8e-05,31846.0,,,,
5612,8000,61439,1.9465,-0.0029,3.8227,3.325,0.0129,0.11,3.27,0.91,0.0,1522.0,734,786,2,48,52,0,172.0,0.02,3.8e-05,31836.0,,,,
5613,8000,61455,1.9612,-0.0017,3.8502,3.357,0.0145,0.11,4.13,0.91,0.0,1533.0,750,782,1,49,51,0,171.0,0.01,3.8e-05,31897.0,,,,
5614,8000,61472,1.9629,0.0146,3.821,3.39,0.0132,0.11,3.82,0.91,0.0,1528.0,748,777,3,49,51,0,172.0,0.01,3.8e-05,31845.0,,,,
5615,8000,61488,1.9684,0.0041,3.8531,3.44,0.0122,0.1,3.95,0.91,0.0,1511.0,766,740,5,51,49,0,173.0,0.01,3.8e-05,31835.0,,,,
5616,8000,61505,1.9338,-0.0096,3.8109,3.363,0.0129,0.1,3.55,0.91,0.0,1544.0,771,768,5,50,50,0,170.0,0.01,3.8e-05,31833.0,,,,
5617,8000,61521,1.911,-0.0154,3.7772,3.418,0.0141,0.11,4.39,0.92,0.0,1511.0,782,727,2,52,48,0,173.0,0.01,3.8e-05,31824.0,,,,
5618,8000,61538,1.9371,-0.0037,3.8063,3.449,0.0132,0.1,5.35,0.92,0.0,1490.0,799,689,2,54,46,0,176.0,0.01,3.8e-05,31833.0,,,,
5619,8000,61554,1.9179,-0.0299,3.8195,3.39,0.0136,0.11,4.51,0.91,0.0,1449.0,785,660,4,54,46,0,181.0,0.0,3.8e-05,31844.0,,,,
5620,8000,61571,1.9163,-0.0109,3.7793,3.488,0.0132,0.1,3.97,0.91,0.0,1404.0,707,693,4,50,49,0,187.0,0.02,3.8e-05,31843.0,,,,
5621,8000,61588,1.9622,-0.005,3.8597,3.538,0.012,0.1,3.42,0.89,0.0,1423.0,761,658,4,53,46,0,184.0,0.03,3.8e-05,30730.0,,,,
5622,8000,61604,1.9384,-0.0112,3.8239,3.463,0.012,0.11,2.83,0.89,0.0,1452.0,774,671,7,53,46,0,181.0,0.03,3.8e-05,31852.0,,,,
5623,8000,61621,1.9454,-0.0268,3.8695,3.54,0.0124,0.1,4.43,0.9,0.0,1482.0,826,651,5,56,44,0,177.0,0.02,3.7e-05,31856.0,,,,
5624,8000,61638,1.9511,-0.0019,3.8311,3.523,0.013,0.11,2.94,0.9,0.0,1490.0,816,667,7,55,45,0,176.0,0.02,3.7e-05,31845.0,,,,
5625,8000,61654,1.9269,-0.0132,3.8046,3.436,0.0139,0.1,3.47,0.91,0.0,1491.0,787,701,3,53,47,0,176.0,0.02,3.7e-05,31802.0,,,,
5626,8000,61671,1.9683,0.0058,3.8499,3.48,0.0134,0.11,4.73,0.9,0.0,1461.0,755,701,5,52,48,0,179.0,0.02,3.7e-05,31787.0,,,,
5627,8000,61687,1.9403,-0.0034,3.812,3.458,0.0125,0.11,3.09,0.91,0.0,1422.0,724,694,4,51,49,0,184.0,0.02,3.7e-05,31829.0,,,,
5628,8000,61704,1.9442,0.0062,3.8006,3.483,0.0129,0.11,3.89,0.91,0.0,1441.0,757,682,2,53,47,0,182.0,0.03,3.7e-05,31808.0,,,,
5629,8000,61720,1.9259,0.0112,3.7546,3.537,0.0135,0.11,3.46,0.91,0.0,1393.0,741,646,6,53,46,0,188.0,0.02,3.7e-05,31848.0,,,,
5630,8000,61737,1.9057,-0.0047,3.7466,3.618,0.0133,0.1,4.22,0.91,0.0,1285.0,691,592,2,54,46,0,204.0,0.02,3.7e-05,31830.0,,,,
5631,8000,61753,1.8626,-0.0059,3.6629,3.613,0.0131,0.11,3.76,0.92,0.0,1185.0,550,627,8,46,53,1,221.0,0.02,3.7e-05,31838.0,,,,
5632,8000,61770,1.8296,-0.0162,3.618,3.698,0.0119,0.1,3.12,0.92,0.0,1188.0,612,563,13,52,47,1,221.0,0.02,3.7e-05,31839.0,,,,
5633,8000,61786,1.8425,-0.009,3.6298,3.773,0.0123,0.1,3.43,0.92,0.0,1194.0,601,567,26,50,47,2,220.0,0.01,3.7e-05,31821.0,,,,
5634,8000,61803,1.8538,-0.0036,3.6417,3.861,0.0123,0.1,4.49,0.92,0.0,1231.0,581,628,22,47,51,2,213.0,0.01,3.7e-05,31805.0,,,,
5635,8000,61819,1.8392,-0.0118,3.6293,3.857,0.0105,0.09,3.23,0.92,0.0,1203.0,613,570,20,51,47,2,218.0,0.01,3.7e-05,31845.0,,,,
5636,8000,61836,1.8562,-0.0111,3.6611,3.829,0.0113,0.09,3.15,0.93,0.0,1283.0,623,636,24,49,50,2,204.0,0.02,3.7e-05,31834.0,,,,
5637,8000,61852,1.8437,-0.016,3.6461,3.83,0.0106,0.09,3.37,0.93,0.0,1245.0,636,592,17,51,48,1,211.0,0.02,3.7e-05,31837.0,,,,
5638,8000,61869,1.835,-0.0082,3.6136,3.93,0.0124,0.09,3.36,0.93,0.0,1249.0,627,598,24,50,48,2,210.0,0.02,3.7e-05,31839.0,,,,
5639,8000,61886,1.857,-0.0012,3.643,3.821,0.013,0.1,3.43,0.93,0.0,1243.0,610,618,15,49,50,1,211.0,0.01,3.7e-05,31850.0,,,,
5640,8000,61902,1.8741,0.003,3.6697,3.868,0.0117,0.09,4.66,0.93,0.0,1298.0,657,618,23,51,48,2,202.0,0.01,3.7e-05,31850.0,,,,
5641,8000,61919,1.8935,0.0145,3.6857,3.848,0.0131,0.1,3.82,0.91,0.0,1271.0,631,622,18,50,49,1,206.0,0.01,3.7e-05,30719.0,,,,
5642,8000,61936,1.9355,0.0189,3.7598,3.781,0.0137,0.1,8.51,0.91,0.0,1319.0,620,685,14,47,52,1,199.0,0.02,3.7e-05,31767.0,,,,
5643,8000,61952,1.9075,0.0035,3.735,3.815,0.0128,0.1,4.03,0.9,0.0,1355.0,652,698,5,48,52,0,193.0,0.03,3.7e-05,31789.0,,,,
5644,8000,61969,1.9095,-0.0053,3.756,3.745,0.012,0.09,5.25,0.91,0.0,1361.0,686,664,11,50,49,1,193.0,0.02,3.7e-05,31792.0,,,,
5645,8000,61985,1.9042,-0.0072,3.7486,3.631,0.0106,0.09,4.18,0.91,0.0,1367.0,686,677,4,50,50,0,192.0,0.01,3.7e-05,31792.0,,,,
5646,8000,62002,1.9319,0.011,3.7678,3.674,0.0124,0.1,5.24,0.91,0.0,1385.0,655,728,2,47,53,0,189.0,0.01,3.7e-05,31784.0,,,,
5647,8000,62019,1.9532,0.0173,3.7983,3.698,0.0125,0.1,6.93,0.91,0.0,1410.0,656,748,6,47,53,0,186.0,0.01,3.7e-05,31781.0,,,,
5648,8000,62035,1.9187,-0.0192,3.8019,3.604,0.0125,0.1,6.54,0.91,0.0,1437.0,683,752,2,48,52,0,182.0,0.01,3.7e-05,31790.0,,,,
5649,8000,62052,1.9296,-0.0005,3.7863,3.667,0.0137,0.1,3.37,0.91,0.0,1431.0,694,734,3,48,51,0,183.0,0.01,3.7e-05,31765.0,207,0,305,40
5650,8000,62083,1.9236,0.0094,3.7542,3.648,0.0112,0.1,4.11,0.91,0.0,1370.0,671,699,0,49,51,0,191.0,0.01,3.7e-05,31926.0,,,,
5651,8000,62100,1.9293,-0.0003,3.7846,3.583,0.0104,0.09,3.85,0.91,0.0,1402.0,673,727,2,48,52,0,187.0,0.02,3.7e-05,31795.0,,,,
5652,8000,62116,1.8853,-0.0049,3.7062,3.641,0.0107,0.09,3.4,0.92,0.0,1308.0,619,688,1,47,53,0,200.0,0.01,3.7e-05,31850.0,,,,
5653,8000,62133,1.8889,0.0025,3.6986,3.63,0.0126,0.1,2.94,0.92,0.0,1348.0,662,682,4,49,51,0,194.0,0.02,3.7e-05,31838.0,,,,
5654,8000,62149,1.906,0.0034,3.7308,3.599,0.0122,0.1,3.21,0.91,0.0,1384.0,659,723,2,48,52,0,189.0,0.01,3.7e-05,31804.0,,,,
5655,8000,62166,1.8974,-0.0146,3.7505,3.703,0.0107,0.09,3.31,0.91,0.0,1413.0,660,752,1,47,53,0,186.0,0.01,3.7e-05,31771.0,,,,
5656,8000,62182,1.9137,-0.0098,3.7733,3.705,0.0117,0.1,3.37,0.91,0.0,1398.0,704,694,0,50,50,0,188.0,0.01,3.7e-05,31790.0,,,,
5657,8000,62199,1.911,-0.012,3.7723,3.74,0.0134,0.1,4.05,0.91,0.0,1425.0,711,710,4,50,50,0,184.0,0.01,3.7e-05,31783.0,,,,
5658,8000,62216,1.9121,-0.0107,3.7715,3.658,0.0115,0.1,3.41,0.92,0.0,1397.0,675,722,0,48,52,0,188.0,0.01,3.7e-05,31778.0,,,,
5659,8000,62232,1.9355,0.0174,3.7624,3.701,0.0122,0.1,4.58,0.91,0.0,1389.0,681,708,0,49,51,0,189.0,0.01,3.7e-05,31786.0,,,,
5660,8000,62249,1.8937,-0.0025,3.7192,3.773,0.0109,0.09,3.35,0.92,0.0,1358.0,647,711,0,48,52,0,193.0,0.01,3.7e-05,31787.0,,,,
5661,8000,62266,1.9393,-0.0035,3.8118,3.637,0.0123,0.1,3.91,0.9,0.0,1401.0,658,742,1,47,53,0,187.0,0.01,3.7e-05,30679.0,,,,
5662,8000,62282,1.915,-0.0192,3.7944,3.652,0.0118,0.09,3.9,0.9,0.0,1479.0,732,746,1,49,50,0,177.0,0.01,3.7e-05,31878.0,,,,
5663,8000,62299,1.8985,-0.0299,3.782,3.59,0.0127,0.1,4.62,0.91,0.0,1468.0,709,759,0,48,52,0,179.0,0.01,3.7e-05,31828.0,,,,
5664,8000,62315,1.884,-0.0351,3.7642,3.657,0.0113,0.1,3.1,0.91,0.0,1461.0,650,811,0,44,56,0,179.0,0.01,3.7e-05,31826.0,,,,
5665,8000,62332,1.8831,-0.0363,3.765,3.657,0.0124,0.1,3.12,0.91,0.0,1469.0,683,782,4,46,53,0,178.0,0.0,3.7e-05,31839.0,,,,
5666,8000,62348,1.8912,-0.0359,3.7797,3.588,0.0131,0.1,4.03,0.92,0.0,1464.0,711,750,3,49,51,0,179.0,0.0,3.7e-05,31840.0,,,,
5667,8000,62365,1.8872,-0.032,3.7648,3.723,0.0105,0.09,3.89,0.91,0.0,1454.0,685,768,1,47,53,0,180.0,0.01,3.7e-05,31840.0,,,,
5668,8000,62382,1.9208,-0.0161,3.7997,3.656,0.011,0.09,3.42,0.91,0.0,1491.0,691,800,0,46,54,0,176.0,0.01,3.7e-05,31821.0,,,,
5669,8000,62398,1.9335,-0.0095,3.8115,3.606,0.0116,0.1,4.15,0.91,0.0,1470.0,704,760,6,48,52,0,178.0,0.01,3.7e-05,31840.0,,,,
5670,8000,62415,1.9038,-0.0209,3.7748,3.584,0.0121,0.1,3.77,0.91,0.0,1487.0,728,751,8,49,51,1,176.0,0.0,3.7e-05,31804.0,,,,
5671,8000,62431,1.9165,-0.0218,3.8023,3.6,0.0109,0.09,3.64,0.91,0.0,1549.0,781,764,4,50,49,0,169.0,0.0,3.7e-05,31835.0,,,,
5672,8000,62448,1.9135,-0.0256,3.8039,3.623,0.0117,0.1,3.82,0.91,0.0,1562.0,745,814,3,48,52,0,168.0,0.0,3.7e-05,31885.0,,,,
5673,8000,62464,1.9282,-0.0112,3.8049,3.632,0.0117,0.09,5.21,0.91,0.0,1509.0,735,768,6,49,51,0,174.0,0.0,3.7e-05,31821.0,,,,
5674,8000,62481,1.9442,-0.0093,3.8329,3.638,0.0137,0.1,4.9,0.91,0.0,1519.0,734,781,4,48,51,0,173.0,0.01,3.7e-05,31815.0,,,,
5675,8000,62497,1.9467,0.0239,3.7713,3.596,0.0116,0.09,3.31,0.92,0.0,1510.0,737,772,1,49,51,0,174.0,0.01,3.7e-05,31819.0,,,,
5676,8000,62514,1.9139,0.0013,3.7516,3.692,0.0119,0.09,4.94,0.92,0.0,1484.0,762,719,3,51,48,0,177.0,0.01,3.7e-05,31840.0,,,,
5677,8000,62530,1.9273,0.0063,3.7688,3.678,0.0128,0.1,3.28,0.92,0.0,1477.0,759,710,8,51,48,1,177.0,0.01,3.7e-05,31887.0,,,,
5678,8000,62547,1.9237,0.0052,3.7633,3.658,0.0118,0.09,2.92,0.92,0.0,1510.0,787,722,1,52,48,0,174.0,0.01,3.7e-05,31816.0,,,,
5679,8000,62563,1.9248,-0.0051,3.7863,3.695,0.0121,0.09,5.88,0.92,0.0,1507.0,761,742,4,50,49,0,174.0,0.01,3.7e-05,31822.0,,,,
5680,8000,62580,1.8969,-0.0117,3.7434,3.655,0.0119,0.09,2.89,0.92,0.0,1527.0,799,725,3,52,47,0,172.0,0.01,3.7e-05,31820.0,,,,
5681,8000,62597,1.9584,-0.0043,3.8512,3.615,0.0124,0.1,4.52,0.9,0.0,1525.0,800,725,0,52,48,0,172.0,0.01,3.7e-05,30645.0,,,,
5682,8000,62614,1.9115,-0.0154,3.78,3.7,0.0127,0.1,3.35,0.91,0.0,1409.0,740,669,0,53,47,0,186.0,0.0,3.7e-05,31805.0,,,,
5683,8000,62630,1.9182,-0.0176,3.7982,3.717,0.0108,0.09,3.54,0.91,0.0,1405.0,726,679,0,52,48,0,187.0,0.01,3.7e-05,31781.0,,,,
5684,8000,62647,1.869,-0.0344,3.7335,3.72,0.011,0.09,2.91,0.92,0.0,1451.0,724,727,0,50,50,0,181.0,0.01,3.7e-05,31788.0,,,,
5685,8000,62663,1.8649,-0.0353,3.727,3.716,0.0123,0.1,2.94,0.92,0.0,1407.0,718,686,3,51,49,0,186.0,0.0,3.7e-05,31794.0,,,,
5686,8000,62680,1.8857,-0.0111,3.7202,3.762,0.013,0.1,4.17,0.92,0.0,1335.0,684,650,1,51,49,0,196.0,0.01,3.7e-05,31773.0,,,,
5687,8000,62696,1.9092,0.0093,3.7264,3.769,0.0112,0.09,3.1,0.92,0.0,1371.0,675,695,1,49,51,0,191.0,0.01,3.7e-05,31790.0,,,,
5688,8000,62713,1.9207,0.0237,3.7209,3.807,0.0127,0.1,2.79,0.92,0.0,1460.0,729,728,3,50,50,0,180.0,0.0,3.7e-05,31785.0,,,,
5689,8000,62730,1.9335,0.0116,3.7706,3.745,0.0123,0.1,5.5,0.92,0.0,1449.0,693,752,4,48,52,0,181.0,0.01,3.7e-05,31776.0,,,,
5690,8000,62746,1.9191,0.0131,3.7396,3.806,0.0126,0.1,4.38,0.92,0.0,1398.0,694,700,4,50,50,0,188.0,0.01,3.7e-05,31770.0,,,,
5691,8000,62763,1.9084,0.0059,3.7327,3.824,0.0114,0.09,4.62,0.93,0.0,1377.0,712,660,5,52,48,0,190.0,0.01,3.7e-05,31777.0,,,,
5692,8000,62779,1.9142,0.01,3.7366,3.856,0.0123,0.09,3.78,0.92,0.0,1373.0,677,694,2,49,51,0,191.0,0.01,3.7e-05,31797.0,,,,
5693,8000,62796,1.9005,-0.0041,3.7364,3.771,0.0135,0.1,3.43,0.93,0.0,1397.0,705,687,5,50,49,0,188.0,0.01,3.7e-05,31843.0,,,,
5694,8000,62812,1.8808,0.0029,3.6833,3.807,0.012,0.1,3.14,0.93,0.0,1345.0,681,654,10,51,49,1,195.0,0.01,3.7e-05,31779.0,,,,
5695,8000,62829,1.9111,0.0055,3.7382,3.764,0.0136,0.1,2.85,0.92,0.0,1429.0,678,747,4,47,52,0,183.0,0.01,3.7e-05,31793.0,,,,
5696,8000,62845,1.9094,-0.0023,3.7503,3.708,0.0118,0.1,3.23,0.92,0.0,1415.0,689,720,6,49,51,0,185.0,0.01,3.7e-05,31851.0,,,,
5697,8000,62862,1.8964,0.0047,3.7099,3.737,0.0139,0.1,2.95,0.92,0.0,1388.0,686,700,2,49,50,0,189.0,0.01,3.7e-05,31796.0,,,,
5698,8000,62879,1.8889,0.0101,3.6844,3.737,0.0112,0.09,2.84,0.92,0.0,1339.0,657,676,6,49,50,0,196.0,0.01,3.7e-05,31784.0,,,,
5699,8000,62895,1.888,0.0111,3.681,3.77,0.0114,0.09,3.3,0.93,0.0,1359.0,655,696,8,48,51,1,193.0,0.01,3.7e-05,31783.0,235,0,277,46
5700,8000,62927,1.8581,0.0107,3.6225,3.829,0.0132,0.1,2.82,0.93,0.0,1252.0,615,625,12,49,50,1,209.0,0.01,3.7e-05,31922.0,,,,
5701,8000,62944,1.9088,0.0005,3.7442,3.766,0.0122,0.1,3.72,0.91,0.0,1306.0,656,642,8,50,49,1,201.0,0.01,3.7e-05,30720.0,,,,
5702,8000,62960,1.8954,-0.0187,3.7543,3.6,0.013,0.1,2.7,0.91,0.0,1333.0,629,700,4,47,53,0,197.0,0.03,3.7e-05,31770.0,,,,
5703,8000,62977,1.8782,-0.0195,3.7214,3.614,0.0116,0.1,2.9,0.92,0.0,1342.0,662,668,12,49,50,1,195.0,0.02,3.7e-05,31792.0,,,,
5704,8000,62994,1.9147,-0.0028,3.7615,3.658,0.0128,0.1,3.2,0.91,0.0,1456.0,751,694,11,52,48,1,180.0,0.02,3.7e-05,31869.0,,,,
5705,8000,63010,1.925,-0.0041,3.7839,3.623,0.0127,0.1,3.6,0.91,0.0,1411.0,687,717,7,49,51,0,186.0,0.03,3.7e-05,31872.0,,,,
5706,8000,63027,1.881,-0.0214,3.7312,3.7,0.0114,0.09,4.24,0.92,0.0,1336.0,704,621,11,53,46,1,196.0,0.02,3.7e-05,31784.0,,,,
5707,8000,63043,1.8741,-0.0111,3.6971,3.707,0.0118,0.1,3.29,0.92,0.0,1280.0,665,607,8,52,47,1,205.0,0.01,3.7e-05,31794.0,,,,
5708,8000,63060,1.8694,0.0032,3.659,3.731,0.0112,0.09,2.77,0.92,0.0,1193.0,610,577,6,51,48,1,220.0,0.01,3.7e-05,31869.0,,,,
5709,8000,63076,1.8506,-0.0023,3.6335,3.785,0.0099,0.09,3.04,0.93,0.0,1182.0,583,587,12,49,50,1,222.0,0.02,3.7e-05,31807.0,,,,
5710,8000,63093,1.8519,0.0086,3.6141,3.806,0.0118,0.1,3.36,0.93,0.0,1185.0,607,568,10,51,48,1,221.0,0.02,3.7e-05,31829.0,,,,
5711,8000,63109,1.8465,0.0107,3.5993,3.787,0.0106,0.09,3.3,0.93,0.0,1089.0,569,507,13,52,47,1,241.0,0.02,3.7e-05,31784.0,,,,
5712,8000,63126,1.7953,0.0016,3.515,3.87,0.0098,0.08,3.92,0.94,0.0,1039.0,541,488,10,52,47,1,252.0,0.02,3.7e-05,31852.0,,,,
5713,8000,63142,1.7753,-0.0127,3.5051,3.944,0.0098,0.09,3.06,0.94,0.0,1036.0,516,505,15,50,49,1,253.0,0.01,3.7e-05,31886.0,,,,
5714,8000,63159,1.7877,-0.0217,3.5476,3.854,0.0118,0.1,2.87,0.93,0.0,1093.0,572,507,14,52,46,1,240.0,0.02,3.7e-05,31819.0,,,,
5715,8000,63175,1.8361,-0.012,3.6247,3.814,0.0109,0.09,3.52,0.93,0.0,1157.0,584,556,17,50,48,1,227.0,0.02,3.7e-05,31783.0,,,,
5716,8000,63192,1.8554,-0.0109,3.6594,3.71,0.0127,0.1,3.39,0.93,0.0,1202.0,604,590,8,50,49,1,218.0,0.02,3.7e-05,31785.0,,,,
5717,8000,63209,1.851,-0.0185,3.6662,3.758,0.0108,0.1,3.41,0.92,0.0,1224.0,649,567,8,53,46,1,214.0,0.03,3.7e-05,31823.0,,,,
5718,8000,63225,1.8394,-0.0136,3.6334,3.819,0.0106,0.09,2.68,0.92,0.0,1243.0,619,618,6,50,50,0,211.0,0.02,3.7e-05,31772.0,,,,
5719,8000,63242,1.8404,-0.0191,3.6469,3.824,0.011,0.09,2.93,0.92,0.0,1242.0,662,570,10,53,46,1,211.0,0.02,3.7e-05,31780.0,,,,
5720,8000,63258,1.8228,-0.0168,3.6069,3.833,0.0117,0.1,2.58,0.93,0.0,1157.0,555,589,13,48,51,1,227.0,0.02,3.7e-05,31794.0,,,,
5721,8000,63275,1.8744,-0.028,3.7327,3.898,0.0104,0.09,3.74,0.91,0.0,1244.0,632,601,11,51,48,1,211.0,0.03,3.7e-05,30736.0,,,,
5722,8000,63292,1.8566,-0.0197,3.6804,3.885,0.0113,0.09,3.19,0.91,0.0,1249.0,610,632,7,49,51,1,210.0,0.02,3.7e-05,31801.0,,,,
5723,8000,63308,1.9201,-0.0202,3.8074,3.713,0.0113,0.1,3.81,0.89,0.0,1447.0,696,736,15,48,51,1,181.0,0.03,3.7e-05,31812.0,,,,
5724,8000,63325,1.9269,-0.0005,3.7809,3.68,0.012,0.1,3.16,0.9,0.0,1444.0,688,750,6,48,52,0,182.0,0.01,3.7e-05,31879.0,,,,
5725,8000,63342,1.9023,0.0031,3.7254,3.755,0.0104,0.09,3.61,0.91,0.0,1397.0,679,711,7,49,51,1,188.0,0.01,3.7e-05,31801.0,,,,
5726,8000,63358,1.9075,-0.0005,3.7426,3.685,0.0114,0.1,3.46,0.91,0.0,1375.0,640,727,8,47,53,1,191.0,0.01,3.7e-05,31801.0,,,,
5727,8000,63375,1.8884,-0.0173,3.7384,3.61,0.0098,0.09,3.12,0.91,0.0,1337.0,651,670,16,49,50,1,196.0,0.01,3.7e-05,31807.0,,,,
5728,8000,63391,1.8917,-0.024,3.7588,3.644,0.0105,0.1,4.04,0.92,0.0,1358.0,655,687,16,48,51,1,193.0,0.0,3.7e-05,31809.0,,,,
5729,8000,63408,1.8677,-0.0215,3.7054,3.68,0.0109,0.09,3.8,0.92,0.0,1249.0,636,603,10,51,48,1,210.0,0.01,3.7e-05,31882.0,,,,
5730,8000,63424,1.8691,-0.008,3.6812,3.732,0.0115,0.1,3.61,0.92,0.0,1314.0,633,675,6,48,51,0,200.0,0.01,3.7e-05,31815.0,,,,
5731,8000,63441,1.8954,0.0025,3.7121,3.639,0.0113,0.1,5.28,0.92,0.0,1291.0,644,642,5,50,50,0,203.0,0.01,3.7e-05,31847.0,,,,
5732,8000,63457,1.871,0.0151,3.6386,3.666,0.0106,0.09,3.42,0.93,0.0,1246.0,590,638,18,47,51,1,210.0,0.0,3.7e-05,31806.0,,,,
5733,8000,63474,1.8809,0.0157,3.6576,3.733,0.011,0.09,5.1,0.93,0.0,1189.0,587,584,18,49,49,2,220.0,0.01,3.7e-05,31802.0,,,,
5734,8000,63490,1.8508,-0.0121,3.6523,3.659,0.0113,0.09,5.13,0.93,0.0,1260.0,590,654,16,47,52,1,208.0,0.01,3.7e-05,31793.0,,,,
5735,8000,63507,1.8293,-0.0244,3.6342,3.684,0.0107,0.09,3.15,0.93,0.0,1223.0,600,609,14,49,50,1,214.0,0.01,3.7e-05,31869.0,,,,
5736,8000,63523,1.8462,-0.0144,3.6486,3.728,0.0118,0.1,4.08,0.93,0.0,1276.0,640,624,12,50,49,1,205.0,0.01,3.7e-05,31884.0,,,,
5737,8000,63540,1.8925,-0.0077,3.7278,3.686,0.0112,0.09,4.36,0.92,0.0,1283.0,630,631,22,49,49,2,204.0,0.01,3.7e-05,31812.0,,,,
5738,8000,63556,1.8811,0.0093,3.67,3.64,0.0112,0.09,3.92,0.93,0.0,1274.0,605,656,13,47,51,1,206.0,0.01,3.7e-05,31818.0,,,,
5739,8000,63573,1.868,-0.0008,3.6648,3.706,0.0105,0.09,3.45,0.93,0.0,1269.0,620,634,15,49,50,1,207.0,0.01,3.7e-05,31881.0,,,,
5740,8000,63589,1.882,-0.0038,3.6987,3.683,0.0105,0.09,3.2,0.92,0.0,1305.0,660,629,16,51,48,1,201.0,0.01,3.7e-05,31820.0,,,,
5741,8000,63607,1.8993,0.0156,3.6938,3.636,0.0123,0.1,3.1,0.92,0.0,1211.0,601,596,14,50,49,1,216.0,0.01,3.7e-05,30671.0,,,,
5742,8000,63623,1.8859,0.0086,3.6804,3.593,0.0132,0.1,3.03,0.91,0.0,1141.0,604,522,15,53,46,1,230.0,0.01,3.7e-05,31836.0,,,,
5743,8000,63640,1.8984,0.0082,3.7061,3.634,0.0115,0.09,4.82,0.91,0.0,1173.0,610,550,13,52,47,1,223.0,0.03,3.7e-05,31791.0,,,,
5744,8000,63656,1.8643,0.0317,3.5902,3.595,0.0111,0.09,4.42,0.92,0.0,1038.0,528,498,12,51,48,1,253.0,0.03,3.7e-05,31800.0,,,,
5745,8000,63673,1.8783,0.0069,3.6705,3.629,0.0117,0.1,3.82,0.92,0.0,1136.0,594,524,18,52,46,2,231.0,0.02,3.7e-05,31806.0,,,,
5746,8000,63689,1.8499,-0.0009,3.6288,3.611,0.0123,0.1,3.34,0.92,0.0,1195.0,597,577,21,50,48,2,219.0,0.02,3.7e-05,31782.0,,,,
5747,8000,63706,1.874,0.0016,3.6719,3.622,0.0106,0.09,3.25,0.92,0.0,1245.0,602,616,27,48,49,2,211.0,0.02,3.7e-05,31794.0,,,,
5748,8000,63722,1.8916,0.0149,3.6794,3.549,0.0111,0.1,3.93,0.92,0.0,1221.0,636,565,20,52,46,2,215.0,0.01,3.7e-05,31786.0,,,,
5749,8000,63739,1.884,0.0212,3.6524,3.693,0.0113,0.09,4.15,0.93,0.0,1244.0,646,586,12,52,47,1,211.0,0.01,3.7e-05,31806.0,299,0,213,58
5750,8000,63770,1.8641,-0.0015,3.6584,3.716,0.0097,0.09,5.2,0.92,0.0,1199.0,593,589,17,49,49,1,219.0,0.01,3.7e-05,31925.0,,,,
5751,8000,63787,1.8247,-0.0098,3.5963,3.756,0.0108,0.09,4.47,0.92,0.0,1162.0,573,577,12,49,50,1,226.0,0.01,3.7e-05,31792.0,,,,
5752,8000,63804,1.839,-0.0032,3.6115,3.673,0.0099,0.08,4.51,0.93,0.0,1133.0,591,524,18,52,46,2,231.0,0.02,3.7e-05,31782.0,,,,
5753,8000,63820,1.8491,0.0071,3.6128,3.76,0.01,0.09,4.44,0.93,0.0,1198.0,605,575,18,51,48,2,219.0,0.02,3.7e-05,31793.0,,,,
5754,8000,63837,1.8772,0.0089,3.6637,3.702,0.011,0.09,5.36,0.93,0.0,1229.0,646,561,22,53,46,2,213.0,0.01,3.7e-05,31790.0,,,,
5755,8000,63853,1.8721,-0.0077,3.6869,3.759,0.0115,0.09,7.72,0.93,0.0,1267.0,662,594,11,52,47,1,207.0,0.01,3.7e-05,31805.0,,,,
5756,8000,63870,1.8445,-0.0167,3.6498,3.728,0.0115,0.09,5.11,0.93,0.0,1289.0,625,651,13,48,51,1,203.0,0.01,3.7e-05,31842.0,,,,
5757,8000,63886,1.8821,-0.001,3.6933,3.718,0.0121,0.1,4.13,0.93,0.0,1317.0,664,638,15,50,48,1,199.0,0.0,3.7e-05,31771.0,,,,
5758,8000,63903,1.8791,0.0114,3.6622,3.69,0.0142,0.1,5.01,0.93,0.0,1288.0,674,605,9,52,47,1,204.0,0.01,3.7e-05,31781.0,,,,
5759,8000,63919,1.885,0.0052,3.6865,3.732,0.0108,0.09,4.41,0.93,0.0,1321.0,712,595,14,54,45,1,198.0,0.0,3.7e-05,31791.0,,,,
5760,8000,63936,1.8789,0.0058,3.6726,3.679,0.0127,0.1,4.16,0.93,0.0,1374.0,718,646,10,52,47,1,191.0,0.0,3.7e-05,31762.0,,,,
5761,8000,63953,1.9307,0.0019,3.7847,3.681,0.0118,0.1,3.75,0.9,0.0,1377.0,699,665,13,51,48,1,190.0,0.01,3.7e-05,30702.0,,,,
5762,8000,63970,1.8791,0.0019,3.6812,3.649,0.012,0.1,3.5,0.91,0.0,1212.0,589,617,6,49,51,0,216.0,0.01,3.7e-05,31843.0,,,,
5763,8000,63986,1.9092,-0.0033,3.7526,3.69,0.0114,0.09,3.35,0.91,0.0,1405.0,730,661,14,52,47,1,187.0,0.01,3.6e-05,31834.0,,,,
5764,8000,64003,1.9243,0.0107,3.7543,3.627,0.0124,0.1,3.46,0.91,0.0,1438.0,734,691,13,51,48,1,182.0,0.01,3.6e-05,31824.0,,,,
5765,8000,64019,1.9167,0.0124,3.7355,3.641,0.0116,0.1,3.43,0.92,0.0,1341.0,657,677,7,49,50,1,195.0,0.01,3.6e-05,31823.0,,,,
5766,8000,64036,1.931,0.0279,3.7324,3.577,0.0129,0.11,3.39,0.91,0.0,1415.0,732,679,4,52,48,0,185.0,0.01,3.6e-05,31821.0,,,,
5767,8000,64052,1.9166,-0.0035,3.7666,3.541,0.0128,0.11,4.59,0.91,0.0,1365.0,685,675,5,50,49,0,192.0,0.01,3.6e-05,31833.0,,,,
5768,8000,64069,1.9491,0.0144,3.7949,3.529,0.0117,0.1,6.46,0.92,0.0,1400.0,749,650,1,54,46,0,187.0,0.01,3.6e-05,31821.0,,,,
5769,8000,64085,1.935,0.022,3.7521,3.518,0.0116,0.1,2.97,0.92,0.0,1412.0,742,663,7,53,47,0,186.0,0.0,3.6e-05,31827.0,,,,
5770,8000,64102,1.9157,0.003,3.7521,3.584,0.0106,0.1,3.2,0.92,0.0,1401.0,710,684,7,51,49,0,187.0,0.0,3.6e-05,31831.0,,,,
5771,8000,64118,1.912,0.0144,3.7233,3.642,0.0128,0.1,3.47,0.92,0.0,1415.0,737,669,9,52,47,1,185.0,0.01,3.6e-05,31838.0,,,,
5772,8000,64135,1.8967,0.0053,3.7105,3.72,0.0118,0.1,4.15,0.92,0.0,1372.0,711,654,7,52,48,1,191.0,0.01,3.6e-05,31830.0,,,,
5773,8000,64151,1.8927,0.0048,3.703,3.662,0.0118,0.1,3.0,0.92,0.0,1313.0,726,579,8,55,44,1,200.0,0.01,3.6e-05,31826.0,,,,
5774,8000,64168,1.8547,-0.0079,3.6523,3.716,0.0105,0.09,3.45,0.93,0.0,1317.0,670,642,5,51,49,0,199.0,0.0,3.6e-05,31826.0,,,,
5775,8000,64184,1.8902,0.004,3.6996,3.709,0.0117,0.1,3.56,0.93,0.0,1294.0,669,616,9,52,48,1,203.0,0.01,3.6e-05,31841.0,,,,
5776,8000,64201,1.8815,0.0065,3.6777,3.741,0.0113,0.1,3.42,0.92,0.0,1347.0,685,653,9,51,48,1,195.0,0.0,3.6e-05,31822.0,,,,
5777,8000,64218,1.8876,-0.0098,3.722,3.711,0.0106,0.09,4.7,0.92,0.0,1283.0,681,599,3,53,47,0,204.0,0.0,3.6e-05,31852.0,,,,
5778,8000,64234,1.8831,-0.0087,3.7103,3.621,0.0097,0.09,5.81,0.92,0.0,1266.0,640,614,12,51,48,1,207.0,0.01,3.6e-05,31827.0,,,,
5779,8000,64251,1.8831,0.0102,3.6733,3.679,0.0111,0.1,3.87,0.92,0.0,1288.0,659,624,5,51,48,0,204.0,0.0,3.6e-05,31829.0,,,,
5780,8000,64267,1.885,0.0198,3.6582,3.718,0.0109,0.1,4.18,0.93,0.0,1213.0,630,571,12,52,47,1,216.0,0.01,3.6e-05,31811.0,,,,
5781,8000,64284,1.9037,0.0065,3.7219,3.716,0.011,0.09,4.4,0.91,0.0,1284.0,615,652,17,48,51,1,204.0,0.01,3.6e-05,30672.0,,,,
5782,8000,64301,1.8815,-0.0152,3.7202,3.666,0.0118,0.1,4.94,0.92,0.0,1339.0,653,679,7,49,51,1,196.0,0.0,3.6e-05,31893.0,,,,
5783,8000,64317,1.8923,-0.0036,3.719,3.742,0.0131,0.1,4.52,0.92,0.0,1342.0,686,647,9,51,48,1,195.0,0.0,3.6e-05,31866.0,,,,
5784,8000,64334,1.8958,0.0185,3.6816,3.727,0.0122,0.1,3.75,0.92,0.0,1277.0,637,633,7,50,50,1,205.0,0.0,3.6e-05,31814.0,,,,
5785,8000,64350,1.8904,-0.0038,3.7152,3.67,0.0123,0.1,4.58,0.92,0.0,1310.0,652,652,6,50,50,0,200.0,0.01,3.6e-05,31812.0,,,,
5786,8000,64367,1.8835,-0.0057,3.7058,3.749,0.0121,0.1,5.95,0.93,0.0,1332.0,637,694,1,48,52,0,197.0,0.0,3.6e-05,31821.0,,,,
5787,8000,64383,1.8915,0.0094,3.6917,3.733,0.0122,0.1,5.24,0.93,0.0,1370.0,649,712,9,47,52,1,191.0,0.0,3.6e-05,31817.0,,,,
5788,8000,64400,1.8953,0.0083,3.7017,3.794,0.0111,0.09,4.4,0.93,0.0,1379.0,697,679,3,51,49,0,190.0,0.01,3.6e-05,31883.0,,,,
5789,8000,64417,1.9129,0.0268,3.7008,3.82,0.0121,0.1,3.54,0.93,0.0,1383.0,662,709,12,48,51,1,190.0,0.01,3.6e-05,31811.0,,,,
5790,8000,64433,1.9104,0.0312,3.6863,3.817,0.0132,0.1,4.52,0.93,0.0,1347.0,677,664,6,50,49,0,195.0,0.01,3.6e-05,31834.0,,,,
5791,8000,64450,1.9126,0.0242,3.7043,3.742,0.0123,0.1,4.39,0.93,0.0,1351.0,694,652,5,51,48,0,194.0,0.01,3.6e-05,31819.0,,,,
5792,8000,64466,1.8778,0.0084,3.667,3.73,0.0115,0.1,3.25,0.93,0.0,1354.0,660,686,8,49,51,1,194.0,0.01,3.6e-05,31834.0,,,,
5793,8000,64483,1.8834,0.0103,3.6739,3.725,0.0123,0.1,4.85,0.94,0.0,1411.0,743,662,6,53,47,0,186.0,0.01,3.6e-05,31818.0,,,,
5794,8000,64499,1.8931,0.0166,3.6812,3.826,0.0129,0.1,3.27,0.93,0.0,1390.0,694,692,4,50,50,0,189.0,0.0,3.6e-05,31878.0,,,,
5795,8000,64516,1.8878,0.007,3.6895,3.761,0.0123,0.1,3.63,0.93,0.0,1361.0,671,684,6,49,50,0,193.0,0.01,3.6e-05,31830.0,,,,
5796,8000,64532,1.8848,-0.0,3.6981,3.786,0.0114,0.1,4.03,0.93,0.0,1401.0,709,688,4,51,49,0,187.0,0.01,3.6e-05,31860.0,,,,
5797,8000,64549,1.8922,-0.006,3.725,3.744,0.0128,0.1,5.04,0.93,0.0,1348.0,680,662,6,50,49,0,194.0,0.01,3.6e-05,31823.0,,,,
5798,8000,64565,1.8942,0.0058,3.7056,3.784,0.0112,0.1,2.83,0.93,0.0,1371.0,673,688,10,49,50,1,191.0,0.01,3.6e-05,31832.0,,,,
5799,8000,64582,1.8975,0.0093,3.7044,3.703,0.0104,0.09,3.17,0.93,0.0,1383.0,723,655,5,52,47,0,190.0,0.01,3.6e-05,31823.0,266,0,246,52
5800,8000,64613,1.9177,0.0257,3.7117,3.675,0.0115,0.1,3.43,0.93,0.0,1368.0,668,698,2,49,51,0,192.0,0.01,3.6e-05,32052.0,,,,
5801,8000,64630,1.9477,0.0109,3.8013,3.648,0.0126,0.1,3.59,0.91,0.0,1376.0,702,662,12,51,48,1,191.0,0.01,3.6e-05,30715.0,,,,
5802,8000,64647,1.9038,-0.0195,3.7739,3.637,0.0117,0.1,4.04,0.91,0.0,1429.0,698,725,6,49,51,0,183.0,0.0,3.6e-05,31901.0,,,,
5803,8000,64663,1.9089,-0.024,3.7929,3.61,0.0123,0.11,2.73,0.91,0.0,1414.0,727,681,6,51,48,0,185.0,0.0,3.6e-05,31818.0,,,,
5804,8000,64680,1.91,-0.0158,3.7776,3.544,0.0126,0.1,2.68,0.9,0.0,1479.0,734,739,6,50,50,0,177.0,0.01,3.6e-05,31794.0,,,,
5805,8000,64696,1.8958,-0.006,3.7303,3.657,0.011,0.09,3.3,0.91,0.0,1356.0,679,672,5,50,50,0,193.0,0.01,3.6e-05,31814.0,,,,
5806,8000,64713,1.8781,-0.0163,3.7162,3.705,0.0134,0.1,2.61,0.91,0.0,1443.0,731,709,3,51,49,0,182.0,0.01,3.6e-05,31805.0,,,,
5807,8000,64730,1.9297,0.0192,3.7481,3.64,0.0124,0.1,3.83,0.92,0.0,1420.0,735,681,4,52,48,0,185.0,0.01,3.6e-05,31775.0,,,,
5808,8000,64746,1.9319,0.0253,3.7409,3.677,0.0115,0.1,3.07,0.92,0.0,1426.0,729,690,7,51,48,0,184.0,0.01,3.6e-05,31765.0,,,,
5809,8000,64763,1.9312,0.016,3.7587,3.775,0.0108,0.09,3.61,0.92,0.0,1451.0,710,736,5,49,51,0,181.0,0.01,3.6e-05,31768.0,,,,
5810,8000,64779,1.9062,-0.0036,3.7476,3.741,0.0125,0.09,2.83,0.92,0.0,1472.0,751,714,7,51,49,0,178.0,0.0,3.6e-05,31753.0,,,,
5811,8000,64796,1.8858,-0.0078,3.7142,3.663,0.0116,0.1,4.08,0.93,0.0,1365.0,689,671,5,50,49,0,192.0,0.01,3.6e-05,31754.0,,,,
5812,8000,64812,1.9179,0.0103,3.7429,3.711,0.0111,0.09,3.35,0.92,0.0,1357.0,655,696,6,48,51,0,193.0,0.01,3.6e-05,31779.0,,,,
5813,8000,64829,1.9171,0.0154,3.7302,3.649,0.0104,0.09,2.83,0.92,0.0,1420.0,742,675,3,52,48,0,185.0,0.01,3.6e-05,31828.0,,,,
5814,8000,64846,1.9132,-0.0005,3.7546,3.692,0.0115,0.1,3.01,0.92,0.0,1328.0,675,643,10,51,48,1,197.0,0.01,3.6e-05,31758.0,,,,
5815,8000,64862,1.889,-0.0106,3.726,3.655,0.0105,0.09,2.93,0.92,0.0,1354.0,705,648,1,52,48,0,194.0,0.03,3.6e-05,31759.0,,,,
5816,8000,64879,1.8858,0.0031,3.693,3.752,0.0104,0.09,3.09,0.92,0.0,1331.0,644,683,4,48,51,0,197.0,0.02,3.6e-05,31767.0,,,,
5817,8000,64895,1.9018,0.019,3.6941,3.809,0.0111,0.09,2.72,0.92,0.0,1339.0,673,660,6,50,49,0,196.0,0.02,3.6e-05,31768.0,,,,
5818,8000,64912,1.8895,0.0223,3.6631,3.88,0.0115,0.09,3.03,0.93,0.0,1348.0,648,693,7,48,51,1,194.0,0.01,3.6e-05,31767.0,,,,
5819,8000,64928,1.8815,0.0155,3.661,3.935,0.0123,0.09,2.81,0.92,0.0,1276.0,671,599,6,53,47,0,205.0,0.02,3.6e-05,31768.0,,,,
5820,8000,64945,1.8428,0.0061,3.6022,3.916,0.0116,0.09,2.65,0.93,0.0,1253.0,631,618,4,50,49,0,209.0,0.01,3.6e-05,31756.0,,,,
5821,8000,64962,1.8744,0.0038,3.67,3.924,0.0121,0.09,2.78,0.92,0.0,1207.0,603,597,7,50,49,1,217.0,0.01,3.6e-05,30766.0,,,,
5822,8000,64979,1.8567,0.0095,3.6232,3.961,0.0114,0.09,2.74,0.93,0.0,1151.0,581,561,9,50,49,1,228.0,0.01,3.6e-05,31856.0,,,,
5823,8000,64995,1.8668,0.0089,3.6439,3.872,0.0112,0.09,3.08,0.93,0.0,1176.0,577,591,8,49,50,1,223.0,0.01,3.6e-05,31855.0,,,,
5824,8000,65012,1.8599,0.0036,3.6418,3.829,0.0112,0.09,2.68,0.93,0.0,1236.0,563,656,17,46,53,1,212.0,0.02,3.6e-05,31859.0,,,,
5825,8000,65028,1.8704,0.0052,3.6592,3.892,0.0112,0.09,3.02,0.93,0.0,1233.0,576,655,2,47,53,0,213.0,0.01,3.6e-05,31864.0,,,,
5826,8000,65045,1.8692,0.0181,3.6321,3.914,0.0108,0.09,3.01,0.93,0.0,1159.0,517,632,10,45,55,1,226.0,0.01,3.6e-05,31924.0,,,,
5827,8000,65061,1.8599,0.0213,3.6066,3.938,0.0101,0.09,2.55,0.93,0.0,1152.0,534,616,2,46,53,0,228.0,0.01,3.6e-05,31844.0,,,,
5828,8000,65078,1.8923,0.0053,3.7026,3.835,0.0115,0.1,2.84,0.92,0.0,1187.0,543,640,4,46,54,0,221.0,0.01,3.6e-05,31860.0,,,,
5829,8000,65094,1.8735,-0.0084,3.6924,3.812,0.0111,0.09,2.61,0.92,0.0,1293.0,611,676,6,47,52,0,203.0,0.01,3.6e-05,31866.0,,,,
5830,8000,65111,1.8875,0.0072,3.6891,3.85,0.0124,0.1,2.64,0.92,0.0,1337.0,625,706,6,47,53,0,196.0,0.0,3.6e-05,31920.0,,,,
5831,8000,65127,1.8945,0.0193,3.6795,3.883,0.0116,0.1,2.69,0.93,0.0,1286.0,600,677,9,47,53,1,204.0,0.0,3.6e-05,31917.0,,,,
5832,8000,65144,1.8908,0.0018,3.7067,3.859,0.0098,0.09,3.19,0.93,0.0,1288.0,600,685,3,47,53,0,204.0,0.0,3.6e-05,31862.0,,,,
5833,8000,65160,1.9128,0.0063,3.7411,3.792,0.0112,0.09,3.1,0.92,0.0,1356.0,654,697,5,48,51,0,193.0,0.01,3.6e-05,31846.0,,,,
5834,8000,65177,1.9069,0.0091,3.7236,3.76,0.0137,0.1,3.08,0.93,0.0,1393.0,659,726,8,47,52,1,188.0,0.0,3.6e-05,31844.0,,,,
5835,8000,65193,1.8952,-0.0025,3.7236,3.784,0.0115,0.1,2.98,0.92,0.0,1383.0,622,754,7,45,55,1,190.0,0.01,3.6e-05,31855.0,,,,
5836,8000,65210,1.8874,-0.017,3.7367,3.771,0.0116,0.1,4.11,0.92,0.0,1393.0,678,713,2,49,51,0,188.0,0.01,3.6e-05,31851.0,,,,
5837,8000,65226,1.8721,-0.0161,3.7039,3.718,0.0115,0.1,2.77,0.92,0.0,1364.0,635,726,3,47,53,0,192.0,0.01,3.6e-05,31859.0,,,,
5838,8000,65243,1.8695,-0.0043,3.6742,3.646,0.0118,0.1,3.29,0.93,0.0,1248.0,561,684,3,45,55,0,210.0,0.01,3.6e-05,31847.0,,,,
5839,8000,65260,1.8801,-0.0068,3.7012,3.716,0.0115,0.1,3.28,0.93,0.0,1346.0,652,693,1,48,51,0,195.0,0.01,3.6e-05,31867.0,,,,
5840,8000,65276,1.8899,-0.002,3.711,3.693,0.0132,0.1,2.98,0.92,0.0,1380.0,608,770,2,44,56,0,190.0,0.01,3.6e-05,31849.0,,,,
5841,8000,65293,1.9477,-0.0107,3.8442,3.71,0.0123,0.1,5.73,0.9,0.0,1384.0,670,713,1,48,52,0,189.0,0.01,3.6e-05,30725.0,,,,
5842,8000,65310,1.9308,-0.0141,3.8166,3.646,0.0117,0.1,5.15,0.9,0.0,1338.0,642,696,0,48,52,0,196.0,0.01,3.6e-05,31808.0,,,,
5843,8000,65326,1.9188,0.0045,3.7553,3.652,0.0129,0.09,3.63,0.91,0.0,1403.0,679,722,2,48,51,0,187.0,0.02,3.6e-05,31821.0,,,,
5844,8000,65343,1.9249,0.0056,3.7654,3.699,0.0115,0.1,2.93,0.91,0.0,1393.0,668,720,5,48,52,0,188.0,0.0,3.6e-05,31787.0,,,,
5845,8000,65359,1.9418,0.0143,3.7817,3.68,0.0126,0.1,3.3,0.91,0.0,1392.0,671,718,3,48,52,0,188.0,0.01,3.6e-05,31784.0,,,,
5846,8000,65376,1.9366,0.0152,3.7692,3.629,0.0119,0.1,2.84,0.92,0.0,1381.0,657,724,0,48,52,0,190.0,0.01,3.6e-05,31800.0,,,,
5847,8000,65392,1.9327,0.0195,3.753,3.607,0.0121,0.1,2.95,0.91,0.0,1381.0,691,687,3,50,50,0,190.0,0.01,3.6e-05,31809.0,,,,
5848,8000,65409,1.9671,0.0233,3.8138,3.617,0.0113,0.09,4.87,0.91,0.0,1422.0,724,697,1,51,49,0,184.0,0.01,3.6e-05,31841.0,,,,
5849,8000,65426,1.9429,0.0196,3.7729,3.591,0.0119,0.1,2.65,0.91,0.0,1370.0,653,714,3,48,52,0,191.0,0.0,3.6e-05,31795.0,190,0,322,37
5850,8000,65457,1.9231,-0.0042,3.7814,3.615,0.0106,0.09,3.9,0.91,0.0,1423.0,689,726,8,48,51,1,184.0,0.01,3.6e-05,31938.0,,,,
5851,8000,65474,1.8922,-0.0427,3.7965,3.615,0.0114,0.1,3.24,0.91,0.0,1356.0,669,682,5,49,50,0,193.0,0.01,3.6e-05,31838.0,,,,
5852,8000,65490,1.8967,-0.0262,3.7729,3.643,0.0109,0.09,3.72,0.91,0.0,1371.0,649,717,5,47,52,0,191.0,0.01,3.6e-05,31788.0,,,,
5853,8000,65507,1.8995,0.009,3.7083,3.686,0.0104,0.09,2.77,0.92,0.0,1363.0,648,711,4,48,52,0,192.0,0.01,3.6e-05,31832.0,,,,
5854,8000,65523,1.8946,0.0126,3.6908,3.66,0.0124,0.1,3.22,0.93,0.0,1278.0,605,671,2,47,53,0,205.0,0.01,3.6e-05,31797.0,,,,
5855,8000,65540,1.8854,0.0025,3.6931,3.714,0.0106,0.09,3.27,0.93,0.0,1259.0,621,634,4,49,50,0,208.0,0.01,3.6e-05,31786.0,,,,
5856,8000,65556,1.8768,-0.0125,3.7047,3.61,0.0124,0.1,3.02,0.92,0.0,1273.0,608,658,7,48,52,1,206.0,0.01,3.6e-05,31788.0,,,,
5857,8000,65573,1.8624,-0.0173,3.6861,3.648,0.0107,0.09,3.53,0.93,0.0,1238.0,622,606,10,50,49,1,212.0,0.01,3.6e-05,31791.0,,,,
5858,8000,65589,1.8623,-0.0084,3.6689,3.737,0.0123,0.1,2.85,0.92,0.0,1286.0,619,661,6,48,51,0,204.0,0.0,3.6e-05,31818.0,,,,
5859,8000,65606,1.8942,0.0096,3.6967,3.704,0.0106,0.09,4.51,0.93,0.0,1248.0,627,613,8,50,49,1,210.0,0.0,3.6e-05,31833.0,,,,
5860,8000,65623,1.8742,-0.0062,3.688,3.647,0.0113,0.1,3.21,0.93,0.0,1292.0,673,613,6,52,47,0,203.0,0.0,3.6e-05,31806.0,,,,
5861,8000,65640,1.9209,-0.0086,3.786,3.599,0.0125,0.1,3.35,0.91,0.0,1342.0,682,652,8,51,49,1,195.0,0.01,3.6e-05,30680.0,,,,
5862,8000,65656,1.9195,0.0047,3.7565,3.599,0.0139,0.11,3.76,0.91,0.0,1386.0,700,679,7,51,49,1,189.0,0.01,3.6e-05,31799.0,,,,
5863,8000,65673,1.9226,0.0194,3.733,3.599,0.013,0.1,2.9,0.91,0.0,1403.0,678,721,4,48,51,0,187.0,0.01,3.6e-05,31780.0,,,,
5864,8000,65689,1.9374,0.0271,3.747,3.556,0.0123,0.1,3.43,0.92,0.0,1374.0,688,680,6,50,49,0,191.0,0.01,3.6e-05,31829.0,,,,
5865,8000,65706,1.9031,-0.0067,3.7457,3.545,0.0132,0.1,3.87,0.92,0.0,1467.0,700,763,4,48,52,0,179.0,0.01,3.6e-05,31809.0,,,,
5866,8000,65723,1.9023,0.0045,3.7225,3.588,0.0111,0.09,2.85,0.92,0.0,1438.0,719,711,8,50,49,1,182.0,0.01,3.6e-05,31806.0,,,,
5867,8000,65739,1.9501,0.0394,3.7488,3.616,0.0118,0.1,3.06,0.92,0.0,1327.0,689,632,6,52,48,0,198.0,0.01,3.6e-05,31793.0,,,,
5868,8000,65756,1.9418,0.0133,3.7833,3.498,0.0115,0.1,4.6,0.92,0.0,1411.0,668,740,3,47,52,0,186.0,0.01,3.6e-05,31792.0,,,,
5869,8000,65772,1.9127,0.0056,3.7406,3.529,0.0118,0.1,2.98,0.92,0.0,1410.0,709,698,3,50,50,0,186.0,0.01,3.6e-05,31805.0,,,,
5870,8000,65789,1.9009,0.0006,3.7268,3.574,0.0109,0.09,3.57,0.93,0.0,1409.0,729,676,4,52,48,0,186.0,0.0,3.6e-05,31801.0,,,,
5871,8000,65805,1.9489,0.021,3.7816,3.501,0.0131,0.1,3.7,0.93,0.0,1417.0,706,709,2,50,50,0,185.0,0.01,3.6e-05,31819.0,,,,
5872,8000,65822,1.9103,0.0073,3.732,3.518,0.0116,0.1,3.37,0.93,0.0,1371.0,715,655,1,52,48,0,191.0,0.0,3.6e-05,31855.0,,,,
5873,8000,65838,1.9202,0.0204,3.7257,3.563,0.0119,0.1,3.1,0.93,0.0,1441.0,737,701,3,51,49,0,182.0,0.01,3.6e-05,31849.0,,,,
5874,8000,65855,1.9513,0.0337,3.761,3.495,0.0117,0.1,2.81,0.93,0.0,1387.0,702,683,2,51,49,0,189.0,0.0,3.6e-05,31793.0,,,,
5875,8000,65872,1.9549,0.0357,3.764,3.476,0.0118,0.1,3.26,0.93,0.0,1416.0,709,703,4,50,50,0,185.0,0.01,3.6e-05,31792.0,,,,
5876,8000,65888,1.9358,0.0158,3.7652,3.448,0.0108,0.09,3.46,0.93,0.0,1409.0,729,674,6,52,48,0,186.0,0.0,3.6e-05,31867.0,,,,
5877,8000,65905,1.9348,0.0149,3.7649,3.41,0.0119,0.1,3.18,0.93,0.0,1436.0,743,692,1,52,48,0,183.0,0.0,3.6e-05,31807.0,,,,
5878,8000,65921,1.9415,0.0118,3.7845,3.387,0.0105,0.1,3.35,0.93,0.0,1441.0,731,708,2,51,49,0,182.0,0.0,3.6e-05,31869.0,,,,
5879,8000,65938,1.9227,0.015,3.7406,3.391,0.0122,0.1,4.46,0.93,0.0,1423.0,703,717,3,49,50,0,184.0,0.0,3.6e-05,31803.0,,,,
5880,8000,65954,1.9072,0.0013,3.7366,3.361,0.0108,0.1,3.19,0.93,0.0,1359.0,678,676,5,50,50,0,193.0,0.01,3.6e-05,31869.0,,,,
5881,8000,65971,1.942,-0.0045,3.8178,3.41,0.0126,0.11,4.76,0.91,0.0,1357.0,705,649,3,52,48,0,193.0,0.01,3.6e-05,30662.0,,,,
5882,8000,65988,1.9306,0.0066,3.7726,3.369,0.0122,0.1,3.43,0.92,0.0,1338.0,708,626,4,53,47,0,196.0,0.0,3.6e-05,31821.0,,,,
5883,8000,66004,1.9146,0.0068,3.7409,3.451,0.0115,0.1,3.69,0.92,0.0,1309.0,649,658,2,50,50,0,200.0,0.0,3.6e-05,31846.0,,,,
5884,8000,66021,1.9283,0.0164,3.7493,3.475,0.0115,0.1,3.59,0.92,0.0,1350.0,686,653,11,51,48,1,194.0,0.01,3.6e-05,31817.0,,,,
5885,8000,66038,1.9293,0.0098,3.7645,3.497,0.012,0.1,4.0,0.92,0.0,1362.0,692,665,5,51,49,0,192.0,0.0,3.6e-05,31818.0,,,,
5886,8000,66054,1.9149,0.0125,3.7303,3.478,0.0119,0.1,3.06,0.93,0.0,1313.0,669,643,1,51,49,0,200.0,0.0,3.6e-05,31878.0,,,,
5887,8000,66071,1.902,0.0111,3.7076,3.501,0.0106,0.09,4.43,0.93,0.0,1319.0,669,644,6,51,49,0,199.0,0.0,3.6e-05,31807.0,,,,
5888,8000,66087,1.8972,0.0035,3.7131,3.491,0.0119,0.1,3.94,0.93,0.0,1309.0,662,642,5,51,49,0,200.0,0.0,3.6e-05,31822.0,,,,
5889,8000,66104,1.8978,0.0145,3.6921,3.492,0.0108,0.09,3.33,0.93,0.0,1303.0,668,632,3,51,49,0,201.0,0.0,3.6e-05,31891.0,,,,
5890,8000,66120,1.8656,0.0248,3.6067,3.484,0.0109,0.09,3.16,0.94,0.0,1202.0,634,561,7,53,47,1,218.0,0.0,3.6e-05,31819.0,,,,
5891,8000,66137,1.8876,0.0027,3.6955,3.452,0.0101,0.1,3.93,0.93,0.0,1305.0,696,595,14,53,46,1,201.0,0.01,3.6e-05,31818.0,,,,
5892,8000,66153,1.918,0.0046,3.7521,3.446,0.0095,0.09,5.5,0.93,0.0,1340.0,666,671,3,50,50,0,196.0,0.0,3.6e-05,31817.0,,,,
5893,8000,66170,1.9204,0.0078,3.7508,3.432,0.0104,0.09,3.58,0.93,0.0,1364.0,649,708,7,48,52,1,192.0,0.0,3.6e-05,31828.0,,,,
5894,8000,66186,1.9241,0.0283,3.7173,3.421,0.0107,0.1,2.88,0.93,0.0,1321.0,663,653,5,50,49,0,198.0,0.0,3.6e-05,31806.0,,,,
5895,8000,66203,1.9137,0.0243,3.7041,3.462,0.0118,0.1,3.47,0.93,0.0,1330.0,673,653,4,51,49,0,197.0,0.0,3.6e-05,31823.0,,,,
5896,8000,66219,1.908,0.0331,3.6756,3.504,0.0111,0.1,3.22,0.93,0.0,1314.0,686,623,5,52,47,0,200.0,0.0,3.6e-05,31801.0,,,,
5897,8000,66236,1.959,0.0276,3.788,3.434,0.0095,0.09,6.52,0.93,0.0,1279.0,670,606,3,52,47,0,205.0,0.0,3.6e-05,31820.0,,,,
5898,8000,66253,1.8906,0.0204,3.6654,3.412,0.0117,0.1,2.93,0.93,0.0,1298.0,654,638,6,50,49,0,202.0,0.0,3.6e-05,31819.0,,,,
5899,8000,66269,1.9219,0.023,3.7228,3.405,0.0126,0.11,4.7,0.93,0.0,1310.0,654,651,5,50,50,0,200.0,0.01,3.6e-05,31813.0,217,0,295,42
5900,8000,66301,1.9105,0.0217,3.7026,3.4,0.0107,0.1,3.4,0.93,0.0,1283.0,627,648,8,49,51,1,204.0,0.0,3.6e-05,31974.0,,,,
5901,8000,66318,1.9117,-0.0039,3.7552,3.308,0.0118,0.11,4.29,0.92,0.0,1249.0,614,633,2,49,51,0,210.0,0.01,3.6e-05,30657.0,,,,
5902,8000,66334,1.9069,-0.0055,3.7489,3.316,0.0117,0.11,3.32,0.92,0.0,1297.0,641,653,3,49,50,0,202.0,0.01,3.6e-05,31826.0,,,,
5903,8000,66351,1.8802,-0.0116,3.7077,3.321,0.0124,0.1,3.38,0.92,0.0,1293.0,591,696,6,46,54,0,203.0,0.01,3.6e-05,31895.0,,,,
5904,8000,66367,1.8996,-0.006,3.7355,3.34,0.0126,0.11,3.31,0.92,0.0,1317.0,629,687,1,48,52,0,199.0,0.01,3.6e-05,31835.0,,,,
5905,8000,66384,1.8842,-0.0007,3.6944,3.375,0.012,0.1,3.33,0.93,0.0,1215.0,588,625,2,48,51,0,216.0,0.01,3.6e-05,31893.0,,,,
5906,8000,66400,1.8792,0.0004,3.683,3.493,0.0109,0.09,3.52,0.93,0.0,1224.0,567,657,0,46,54,0,214.0,0.01,3.6e-05,31821.0,,,,
5907,8000,66417,1.8774,-0.0128,3.7057,3.431,0.0122,0.1,4.96,0.93,0.0,1220.0,594,622,4,49,51,0,215.0,0.01,3.6e-05,31841.0,,,,
5908,8000,66434,1.8639,-0.0127,3.6783,3.439,0.0131,0.1,3.61,0.93,0.0,1239.0,603,633,3,49,51,0,212.0,0.01,3.6e-05,31807.0,,,,
5909,8000,66450,1.8624,-0.0047,3.6594,3.41,0.013,0.11,3.37,0.93,0.0,1266.0,601,659,6,47,52,0,207.0,0.01,3.6e-05,31835.0,,,,
5910,8000,66467,1.9053,0.0008,3.7345,3.424,0.0116,0.1,4.05,0.93,0.0,1242.0,601,637,4,48,51,0,211.0,0.02,3.5e-05,31818.0,,,,
5911,8000,66483,1.8628,-0.0101,3.6712,3.427,0.0111,0.09,3.44,0.93,0.0,1206.0,601,604,1,50,50,0,217.0,0.01,3.5e-05,31825.0,,,,
5912,8000,66500,1.8717,-0.0178,3.7047,3.5,0.0108,0.09,4.98,0.93,0.0,1199.0,584,609,6,49,51,1,219.0,0.01,3.5e-05,31886.0,,,,
5913,8000,66516,1.8631,0.0001,3.6512,3.468,0.0113,0.09,2.98,0.94,0.0,1195.0,570,621,4,48,52,0,219.0,0.0,3.5e-05,31901.0,,,,
5914,8000,66533,1.8627,-0.0163,3.6833,3.462,0.0111,0.1,3.37,0.93,0.0,1184.0,574,602,8,48,51,1,221.0,0.0,3.5e-05,31829.0,,,,
5915,8000,66549,1.8745,-0.0092,3.6925,3.424,0.0113,0.1,3.74,0.93,0.0,1218.0,611,602,5,50,49,0,215.0,0.01,3.5e-05,31831.0,,,,
5916,8000,66566,1.8662,-0.0049,3.6668,3.335,0.012,0.1,3.15,0.93,0.0,1180.0,601,573,6,51,49,1,222.0,0.0,3.5e-05,31820.0,,,,
5917,8000,66582,1.8657,-0.0053,3.6665,3.35,0.0106,0.09,4.28,0.94,0.0,1167.0,622,543,2,53,47,0,225.0,0.0,3.5e-05,31819.0,,,,
5918,8000,66599,1.8455,-0.0048,3.6262,3.449,0.0103,0.09,3.97,0.94,0.0,1156.0,576,575,5,50,50,0,227.0,0.0,3.5e-05,31816.0,,,,
5919,8000,66615,1.8551,0.0156,3.6047,3.488,0.0105,0.09,3.89,0.94,0.0,1124.0,576,544,4,51,48,0,233.0,0.0,3.5e-05,31811.0,,,,
5920,8000,66632,1.8556,0.0083,3.6199,3.423,0.0103,0.09,4.7,0.94,0.0,1091.0,545,544,2,50,50,0,240.0,0.01,3.5e-05,31834.0,,,,
5921,8000,66649,1.915,0.0093,3.7366,3.441,0.0118,0.1,7.33,0.93,0.0,1143.0,564,577,2,49,50,0,229.0,0.01,3.5e-05,30629.0,,,,
5922,8000,66666,1.869,0.0101,3.6434,3.472,0.0116,0.1,3.96,0.93,0.0,1099.0,567,522,10,52,47,1,239.0,0.01,3.5e-05,31830.0,,,,
5923,8000,66682,1.8911,0.0228,3.6622,3.521,0.0116,0.1,4.93,0.93,0.0,1111.0,557,551,3,50,50,0,236.0,0.01,3.5e-05,31808.0,,,,
5924,8000,66699,1.8512,0.0046,3.6192,3.482,0.011,0.09,3.6,0.93,0.0,1123.0,584,532,7,52,47,1,233.0,0.01,3.5e-05,31788.0,,,,
5925,8000,66715,1.8669,0.0237,3.6124,3.554,0.0112,0.1,3.4,0.94,0.0,1113.0,535,572,6,48,51,1,236.0,0.01,3.5e-05,31802.0,,,,
5926,8000,66732,1.8643,0.0139,3.628,3.635,0.0099,0.09,6.8,0.94,0.0,1077.0,527,543,7,49,50,1,243.0,0.01,3.5e-05,31777.0,,,,
5927,8000,66748,1.8911,0.0139,3.6807,3.566,0.0096,0.09,7.17,0.94,0.0,1059.0,544,507,8,51,48,1,248.0,0.01,3.5e-05,31846.0,,,,
5928,8000,66765,1.8188,-0.0035,3.5699,3.485,0.0111,0.1,4.09,0.95,0.0,1006.0,506,492,8,50,49,1,261.0,0.01,3.5e-05,31786.0,,,,
5929,8000,66781,1.8035,-0.0143,3.5617,3.544,0.0139,0.11,4.16,0.94,0.0,1049.0,521,523,5,50,50,0,250.0,0.01,3.5e-05,31784.0,,,,
5930,8000,66798,1.8393,0.0138,3.5756,3.387,0.0107,0.09,5.2,0.94,0.0,1034.0,562,467,5,54,45,0,254.0,0.02,3.5e-05,31815.0,,,,
5931,8000,66814,1.8122,0.0061,3.5382,3.448,0.0119,0.1,3.91,0.94,0.0,972.0,497,467,8,51,48,1,270.0,0.01,3.5e-05,31844.0,,,,
5932,8000,66831,1.8127,-0.0145,3.5796,3.374,0.0107,0.09,6.87,0.95,0.0,1045.0,539,499,7,52,48,1,251.0,0.01,3.5e-05,31789.0,,,,
5933,8000,66848,1.8414,-0.0083,3.6247,3.355,0.0124,0.1,5.29,0.94,0.0,1143.0,609,527,7,53,46,1,229.0,0.0,3.5e-05,31860.0,,,,
5934,8000,66864,1.8728,0.0202,3.6312,3.434,0.0111,0.09,7.05,0.94,0.0,1117.0,581,529,7,52,47,1,235.0,0.01,3.5e-05,31853.0,,,,
5935,8000,66881,1.8253,-0.0061,3.5886,3.43,0.0124,0.1,3.58,0.94,0.0,1135.0,563,562,10,50,50,1,231.0,0.01,3.5e-05,31793.0,,,,
5936,8000,66897,1.8091,-0.0174,3.5789,3.502,0.0118,0.1,6.07,0.94,0.0,1066.0,526,534,6,49,50,1,246.0,0.0,3.5e-05,31771.0,,,,
5937,8000,66914,1.8307,0.011,3.5653,3.459,0.0141,0.11,4.5,0.94,0.0,1030.0,505,513,12,49,50,1,255.0,0.01,3.5e-05,31794.0,,,,
5938,8000,66930,1.8418,0.0088,3.5915,3.42,0.0113,0.09,4.4,0.94,0.0,1065.0,543,513,9,51,48,1,246.0,0.0,3.5e-05,31792.0,,,,
5939,8000,66947,1.8493,-0.0032,3.6298,3.354,0.012,0.1,5.35,0.94,0.0,1103.0,557,533,13,50,48,1,238.0,0.0,3.5e-05,31798.0,,,,
5940,8000,66963,1.8443,-0.0075,3.6281,3.342,0.0119,0.1,5.08,0.94,0.0,1090.0,540,543,7,50,50,1,240.0,0.01,3.5e-05,31830.0,,,,
5941,8000,66981,1.8829,-0.005,3.7,3.327,0.0145,0.11,4.07,0.93,0.0,1115.0,569,541,5,51,49,0,235.0,0.01,3.5e-05,30692.0,,,,
5942,8000,66997,1.8721,0.0046,3.6593,3.325,0.0131,0.11,3.73,0.93,0.0,1085.0,548,530,7,51,49,1,242.0,0.01,3.5e-05,31839.0,,,,
5943,8000,67014,1.8542,-0.01,3.6532,3.453,0.0127,0.1,8.15,0.93,0.0,1142.0,580,554,8,51,49,1,230.0,0.01,3.5e-05,31811.0,,,,
5944,8000,67030,1.9082,0.0309,3.6793,3.424,0.0124,0.1,7.0,0.94,0.0,1173.0,588,582,3,50,50,0,223.0,0.01,3.5e-05,31805.0,,,,
5945,8000,67047,1.8559,-0.0165,3.669,3.332,0.0157,0.11,3.21,0.93,0.0,1175.0,593,578,4,50,49,0,223.0,0.01,3.5e-05,31813.0,,,,
5946,8000,67063,1.8461,-0.0055,3.6278,3.4,0.0153,0.12,3.06,0.93,0.0,1172.0,575,596,1,49,51,0,224.0,0.01,3.5e-05,31860.0,,,,
5947,8000,67080,1.8435,0.0009,3.6109,3.561,0.0141,0.11,2.84,0.94,0.0,1212.0,622,586,4,51,48,0,216.0,0.01,3.5e-05,31817.0,,,,
5948,8000,67096,1.8774,0.0135,3.6541,3.497,0.0141,0.11,3.12,0.93,0.0,1148.0,576,564,8,50,49,1,228.0,0.01,3.5e-05,31824.0,,,,
5949,8000,67113,1.874,0.0066,3.6615,3.55,0.0125,0.1,2.98,0.93,0.0,1218.0,581,630,7,48,52,1,215.0,0.01,3.5e-05,31827.0,196,0,316,38
5950,8000,67144,1.8466,-0.005,3.6291,3.518,0.0127,0.1,3.84,0.94,0.0,1146.0,568,575,3,50,50,0,229.0,0.01,3.5e-05,31951.0,,,,
5951,8000,67161,1.8483,-0.0085,3.6398,3.542,0.0139,0.11,2.88,0.93,0.0,1175.0,585,582,8,50,50,1,223.0,0.01,3.5e-05,31814.0,,,,
5952,8000,67177,1.8399,-0.0148,3.6362,3.586,0.0122,0.1,3.64,0.94,0.0,1146.0,556,584,6,49,51,1,229.0,0.01,3.5e-05,31823.0,,,,
5953,8000,67194,1.8526,-0.0014,3.6349,3.602,0.0112,0.1,2.94,0.93,0.0,1153.0,634,514,5,55,45,0,227.0,0.01,3.5e-05,31821.0,,,,
5954,8000,67211,1.8256,-0.0109,3.5997,3.62,0.0115,0.1,2.9,0.94,0.0,1097.0,569,526,2,52,48,0,239.0,0.01,3.5e-05,31897.0,,,,
5955,8000,67227,1.8109,-0.0138,3.576,3.618,0.0117,0.1,3.33,0.94,0.0,1062.0,557,503,2,52,47,0,247.0,0.02,3.5e-05,31826.0,,,,
5956,8000,67244,1.7958,-0.0243,3.5668,3.582,0.0127,0.1,3.54,0.94,0.0,1005.0,490,511,4,49,51,0,261.0,0.03,3.5e-05,31828.0,,,,
5957,8000,67260,1.7764,-0.0227,3.5259,3.618,0.0137,0.1,2.97,0.95,0.0,1004.0,508,485,11,51,48,1,261.0,0.03,3.5e-05,31817.0,,,,
5958,8000,67277,1.8152,-0.0201,3.5985,3.653,0.0108,0.1,4.1,0.94,0.0,1054.0,538,503,13,51,48,1,249.0,0.03,3.5e-05,31812.0,,,,
5959,8000,67293,1.8285,-0.0198,3.6235,3.616,0.0114,0.09,3.91,0.94,0.0,1099.0,556,536,7,51,49,1,239.0,0.01,3.5e-05,31873.0,,,,
5960,8000,67310,1.8406,-0.0171,3.6426,3.579,0.0095,0.09,4.31,0.94,0.0,1087.0,564,517,6,52,48,1,241.0,0.01,3.5e-05,31830.0,,,,
5961,8000,67327,1.8512,-0.0176,3.6647,3.601,0.0127,0.1,4.16,0.92,0.0,1081.0,546,531,4,51,49,0,243.0,0.01,3.5e-05,30717.0,,,,
5962,8000,67343,1.8433,-0.0269,3.6674,3.505,0.0115,0.1,4.58,0.93,0.0,1116.0,534,576,6,48,52,1,235.0,0.01,3.5e-05,31863.0,,,,
5963,8000,67360,1.8482,-0.0313,3.6874,3.564,0.0108,0.09,4.34,0.92,0.0,1170.0,605,553,12,52,47,1,224.0,0.01,3.5e-05,31859.0,,,,
5964,8000,67376,1.8684,-0.0077,3.6797,3.58,0.0102,0.09,5.36,0.93,0.0,1124.0,572,542,10,51,48,1,233.0,0.02,3.5e-05,31865.0,,,,
5965,8000,67393,1.8656,-0.0085,3.6756,3.654,0.0125,0.1,3.45,0.93,0.0,1155.0,601,544,10,52,47,1,227.0,0.01,3.5e-05,31848.0,,,,
5966,8000,67409,1.8915,-0.0061,3.7207,3.467,0.013,0.11,3.36,0.93,0.0,1143.0,589,547,7,52,48,1,229.0,0.01,3.5e-05,31859.0,,,,
5967,8000,67426,1.874,-0.0032,3.6797,3.482,0.0129,0.11,4.89,0.93,0.0,1158.0,545,610,3,47,53,0,226.0,0.01,3.5e-05,31856.0,,,,
5968,8000,67442,1.8522,-0.0195,3.6696,3.545,0.0109,0.1,4.21,0.93,0.0,1154.0,608,541,5,53,47,0,227.0,0.01,3.5e-05,31865.0,,,,
5969,8000,67459,1.8268,-0.0144,3.6088,3.584,0.0109,0.1,3.54,0.94,0.0,1076.0,555,518,3,52,48,0,244.0,0.02,3.5e-05,31922.0,,,,
5970,8000,67475,1.8348,-0.0062,3.6086,3.613,0.0096,0.09,3.27,0.94,0.0,1092.0,583,504,5,53,46,0,240.0,0.02,3.5e-05,31866.0,,,,
5971,8000,67492,1.8684,0.0086,3.6472,3.688,0.0108,0.1,4.76,0.94,0.0,1175.0,620,550,5,53,47,0,223.0,0.02,3.5e-05,31911.0,,,,
5972,8000,67509,1.8895,0.0028,3.7005,3.618,0.0109,0.1,4.71,0.93,0.0,1184.0,583,595,6,49,50,1,221.0,0.02,3.5e-05,31844.0,,,,
5973,8000,67525,1.8723,-0.0015,3.6747,3.618,0.0113,0.1,3.69,0.93,0.0,1208.0,591,612,5,49,51,0,217.0,0.02,3.5e-05,31897.0,,,,
5974,8000,67541,1.9025,0.0054,3.7217,3.657,0.0113,0.1,4.1,0.93,0.0,1247.0,599,646,2,48,52,0,210.0,0.02,3.5e-05,31911.0,,,,
5975,8000,67558,1.8717,-0.0027,3.6761,3.689,0.01,0.09,5.82,0.94,0.0,1180.0,594,584,2,50,49,0,222.0,0.02,3.5e-05,31862.0,,,,
5976,8000,67575,1.8565,-0.0016,3.6434,3.659,0.0125,0.1,3.42,0.94,0.0,1173.0,564,606,3,48,52,0,223.0,0.02,3.5e-05,31908.0,,,,
5977,8000,67591,1.8448,0.0016,3.6137,3.705,0.0106,0.09,4.38,0.94,0.0,1167.0,596,567,4,51,49,0,225.0,0.02,3.5e-05,31853.0,,,,
5978,8000,67608,1.8587,-0.0068,3.6581,3.653,0.0106,0.09,4.63,0.94,0.0,1174.0,587,580,7,50,49,1,223.0,0.0,3.5e-05,31852.0,,,,
5979,8000,67624,1.8547,-0.0024,3.6419,3.646,0.0115,0.1,3.74,0.94,0.0,1167.0,609,549,9,52,47,1,225.0,0.01,3.5e-05,31867.0,,,,
5980,8000,67641,1.8766,-0.0088,3.6977,3.623,0.0098,0.09,4.51,0.94,0.0,1175.0,617,553,5,53,47,0,223.0,0.01,3.5e-05,31901.0,,,,
5981,8000,67658,1.9115,-0.0026,3.7553,3.564,0.011,0.09,4.14,0.92,0.0,1228.0,595,625,8,48,51,1,213.0,0.01,3.5e-05,30702.0,,,,
5982,8000,67674,1.8785,0.0091,3.6653,3.591,0.0118,0.1,3.67,0.93,0.0,1163.0,555,603,5,48,52,0,225.0,0.01,3.5e-05,31837.0,,,,
5983,8000,67691,1.9174,0.0188,3.724,3.638,0.0112,0.1,6.68,0.92,0.0,1118.0,528,585,5,47,52,0,234.0,0.01,3.5e-05,31886.0,,,,
5984,8000,67707,1.8715,0.0025,3.6651,3.684,0.0113,0.1,3.38,0.92,0.0,1137.0,572,555,10,50,49,1,231.0,0.01,3.5e-05,31910.0,,,,
5985,8000,67724,1.8548,-0.003,3.6423,3.69,0.0104,0.1,5.22,0.93,0.0,1051.0,500,545,6,48,52,1,249.0,0.02,3.5e-05,31840.0,,,,
5986,8000,67740,1.8525,0.003,3.6259,3.673,0.0109,0.1,5.59,0.93,0.0,1088.0,509,570,9,47,52,1,241.0,0.02,3.5e-05,31826.0,,,,
5987,8000,67757,1.8684,0.0013,3.661,3.7,0.0108,0.1,3.52,0.93,0.0,1127.0,514,607,6,46,54,1,233.0,0.03,3.5e-05,31847.0,,,,
5988,8000,67773,1.8859,0.0058,3.6871,3.694,0.012,0.1,5.05,0.93,0.0,1180.0,562,608,10,48,52,1,222.0,0.03,3.5e-05,31831.0,,,,
5989,8000,67790,1.897,0.0101,3.7005,3.658,0.012,0.1,4.9,0.93,0.0,1147.0,545,594,8,48,52,1,229.0,0.01,3.5e-05,31891.0,,,,
5990,8000,67806,1.875,0.0213,3.6342,3.669,0.0111,0.1,3.2,0.93,0.0,1171.0,548,621,2,47,53,0,224.0,0.01,3.5e-05,31828.0,,,,
5991,8000,67823,1.9056,0.0234,3.6918,3.704,0.0125,0.1,3.79,0.92,0.0,1242.0,589,646,7,47,52,1,211.0,0.01,3.5e-05,31839.0,,,,
5992,8000,67839,1.9191,0.0049,3.7549,3.598,0.0133,0.11,3.82,0.92,0.0,1257.0,593,661,3,47,53,0,209.0,0.01,3.5e-05,31853.0,,,,
5993,8000,67856,1.908,0.0193,3.7038,3.59,0.0114,0.1,3.11,0.93,0.0,1286.0,640,644,2,50,50,0,204.0,0.0,3.5e-05,31853.0,,,,
5994,8000,67872,1.907,0.0163,3.7077,3.579,0.0112,0.11,3.27,0.93,0.0,1241.0,617,623,1,50,50,0,211.0,0.01,3.5e-05,31869.0,,,,
5995,8000,67889,1.8791,0.015,3.6552,3.728,0.0108,0.1,3.82,0.93,0.0,1192.0,583,607,2,49,51,0,220.0,0.01,3.5e-05,31852.0,,,,
5996,8000,67906,1.8816,0.0061,3.6778,3.674,0.0121,0.1,4.69,0.93,0.0,1194.0,559,631,4,47,53,0,220.0,0.01,3.5e-05,31847.0,,,,
5997,8000,67922,1.8912,0.0101,3.689,3.652,0.0116,0.1,3.95,0.93,0.0,1237.0,597,639,1,48,52,0,212.0,0.01,3.5e-05,31852.0,,,,
5998,8000,67939,1.8753,0.016,3.6458,3.682,0.0099,0.09,3.41,0.93,0.0,1157.0,565,586,6,49,51,1,227.0,0.01,3.5e-05,31898.0,,,,
5999,8000,67955,1.859,0.0083,3.629,3.755,0.0108,0.09,4.15,0.94,0.0,1132.0,553,575,4,49,51,0,232.0,0.01,3.5e-05,31842.0,79,0,433,15
6000,8000,67987,1.8814,0.0257,3.6385,3.641,0.0105,0.09,5.53,0.94,0.0,1134.0,543,584,7,48,51,1,231.0,0.01,3.5e-05,32065.0,,,,
6001,8000,68004,1.9172,0.0166,3.7286,3.66,0.0113,0.09,4.52,0.91,0.0,1229.0,625,602,2,51,49,0,213.0,0.02,3.5e-05,30662.0,,,,
6002,8000,68020,1.8936,0.0021,3.7109,3.622,0.011,0.1,3.25,0.91,0.0,1218.0,633,576,9,52,47,1,215.0,0.01,3.5e-05,31833.0,,,,
6003,8000,68037,1.9111,0.0168,3.7168,3.698,0.0113,0.1,3.04,0.91,0.0,1319.0,616,695,8,47,53,1,199.0,0.03,3.5e-05,31818.0,,,,
6004,8000,68053,1.8923,0.0223,3.6676,3.654,0.0122,0.1,2.81,0.92,0.0,1193.0,554,631,8,46,53,1,220.0,0.03,3.5e-05,31875.0,,,,
6005,8000,68070,1.8972,0.0304,3.6607,3.622,0.0141,0.1,3.59,0.93,0.0,1139.0,521,610,8,46,54,1,230.0,0.02,3.5e-05,31820.0,,,,
6006,8000,68086,1.907,0.0119,3.7166,3.573,0.0133,0.1,3.73,0.92,0.0,1216.0,571,642,3,47,53,0,216.0,0.02,3.5e-05,31826.0,,,,
6007,8000,68103,1.892,0.0185,3.6732,3.432,0.0125,0.1,2.93,0.92,0.0,1235.0,585,639,11,47,52,1,212.0,0.03,3.5e-05,31801.0,,,,
6008,8000,68119,1.8797,0.0045,3.6765,3.492,0.0112,0.1,3.57,0.92,0.0,1172.0,600,566,6,51,48,1,224.0,0.02,3.5e-05,31824.0,,,,
6009,8000,68136,1.8788,0.0158,3.6526,3.558,0.0123,0.1,3.12,0.93,0.0,1191.0,587,600,4,49,50,0,220.0,0.02,3.5e-05,31807.0,,,,
6010,8000,68152,1.8598,-0.0041,3.6544,3.604,0.0116,0.1,4.21,0.92,0.0,1154.0,583,564,7,51,49,1,227.0,0.01,3.5e-05,31889.0,,,,
6011,8000,68169,1.8677,-0.0093,3.6794,3.503,0.0116,0.1,4.1,0.92,0.0,1230.0,617,607,6,50,49,0,213.0,0.02,3.5e-05,31877.0,,,,
6012,8000,68186,1.8753,-0.009,3.6944,3.507,0.0125,0.1,3.49,0.92,0.0,1188.0,604,574,10,51,48,1,221.0,0.03,3.5e-05,31824.0,,,,
6013,8000,68202,1.8676,-0.0013,3.6638,3.53,0.0132,0.11,3.73,0.93,0.0,1149.0,608,534,7,53,46,1,228.0,0.02,3.5e-05,31831.0,,,,
6014,8000,68219,1.8563,0.0045,3.6302,3.65,0.0106,0.09,4.0,0.93,0.0,1178.0,603,570,5,51,48,0,223.0,0.02,3.5e-05,31830.0,,,,
6015,8000,68235,1.8797,0.0188,3.6487,3.606,0.0121,0.1,5.28,0.93,0.0,1098.0,592,500,6,54,46,1,239.0,0.04,3.5e-05,31854.0,,,,
6016,8000,68252,1.8766,0.0075,3.6644,3.578,0.0144,0.11,3.54,0.93,0.0,1171.0,654,510,7,56,44,1,224.0,0.02,3.5e-05,31840.0,,,,
6017,8000,68268,1.8728,0.025,3.6221,3.571,0.0141,0.11,3.28,0.93,0.0,1161.0,615,537,9,53,46,1,226.0,0.01,3.5e-05,31816.0,,,,
6018,8000,68285,1.9059,0.0418,3.6549,3.586,0.0134,0.11,3.44,0.93,0.0,1120.0,551,565,4,49,50,0,234.0,0.02,3.5e-05,31833.0,,,,
6019,8000,68301,1.8825,0.0114,3.6683,3.569,0.0118,0.1,3.82,0.93,0.0,1123.0,590,530,3,53,47,0,233.0,0.01,3.5e-05,31865.0,,,,
6020,8000,68318,1.8891,0.0095,3.6851,3.521,0.013,0.11,5.3,0.93,0.0,1156.0,608,542,6,53,47,1,227.0,0.0,3.5e-05,31841.0,,,,
6021,8000,68335,1.8998,0.0183,3.69,3.563,0.0117,0.1,3.63,0.92,0.0,1164.0,601,553,10,52,48,1,225.0,0.01,3.5e-05,30665.0,,,,
6022,8000,68352,1.8851,0.0183,3.6601,3.612,0.0139,0.11,3.26,0.92,0.0,1159.0,584,571,4,50,49,0,226.0,0.01,3.5e-05,31807.0,,,,
6023,8000,68368,1.8902,0.0255,3.6563,3.667,0.0138,0.11,3.91,0.92,0.0,1162.0,583,571,8,50,49,1,226.0,0.01,3.5e-05,31817.0,,,,
6024,8000,68385,1.9052,0.0236,3.6906,3.702,0.0112,0.09,4.33,0.92,0.0,1168.0,579,586,3,50,50,0,224.0,0.0,3.5e-05,31806.0,,,,
6025,8000,68401,1.8838,0.0173,3.6614,3.638,0.0115,0.1,3.15,0.93,0.0,1227.0,609,609,9,50,50,1,214.0,0.01,3.5e-05,31855.0,,,,
6026,8000,68418,1.8771,0.0031,3.6757,3.608,0.0111,0.1,4.24,0.93,0.0,1150.0,554,585,11,48,51,1,228.0,0.01,3.5e-05,31852.0,,,,
6027,8000,68434,1.8673,0.0007,3.6608,3.545,0.0123,0.1,4.57,0.93,0.0,1179.0,559,610,10,47,52,1,222.0,0.01,3.5e-05,31789.0,,,,
6028,8000,68451,1.8892,0.0196,3.6662,3.533,0.0128,0.11,4.43,0.94,0.0,1158.0,583,570,5,50,49,0,226.0,0.01,3.5e-05,31866.0,,,,
6029,8000,68467,1.8569,0.023,3.5973,3.641,0.011,0.1,3.3,0.94,0.0,1154.0,576,566,12,50,49,1,227.0,0.01,3.5e-05,31786.0,,,,
6030,8000,68484,1.8827,0.0228,3.6477,3.634,0.0115,0.1,4.33,0.93,0.0,1220.0,548,663,9,45,54,1,215.0,0.01,3.5e-05,31805.0,,,,
6031,8000,68500,1.8578,0.0195,3.6037,3.58,0.0108,0.1,3.54,0.94,0.0,1087.0,512,567,8,47,52,1,241.0,0.01,3.5e-05,31788.0,,,,
6032,8000,68517,1.8486,0.0348,3.555,3.614,0.0116,0.1,3.05,0.94,0.0,1090.0,527,556,7,48,51,1,240.0,0.0,3.5e-05,31800.0,,,,
6033,8000,68534,1.8474,0.0186,3.586,3.655,0.0105,0.1,5.17,0.94,0.0,1092.0,537,540,15,49,49,1,240.0,0.0,3.5e-05,31807.0,,,,
6034,8000,68550,1.8466,0.016,3.5903,3.703,0.0113,0.1,4.98,0.94,0.0,1101.0,550,537,14,50,49,1,238.0,0.01,3.5e-05,31791.0,,,,
6035,8000,68567,1.8507,0.027,3.5766,3.69,0.0111,0.1,3.22,0.94,0.0,1080.0,570,495,15,53,46,1,243.0,0.01,3.5e-05,31789.0,,,,
6036,8000,68583,1.8505,0.028,3.574,3.691,0.0115,0.1,3.31,0.94,0.0,1129.0,532,580,17,47,51,2,232.0,0.01,3.5e-05,31795.0,,,,
6037,8000,68600,1.849,0.0223,3.5827,3.743,0.0115,0.1,3.92,0.94,0.0,1128.0,581,535,12,52,47,1,232.0,0.01,3.5e-05,31777.0,,,,
6038,8000,68616,1.8919,0.0272,3.6577,3.721,0.0131,0.11,3.04,0.94,0.0,1196.0,584,602,10,49,50,1,219.0,0.01,3.5e-05,31801.0,,,,
6039,8000,68633,1.9,0.0311,3.6642,3.58,0.0136,0.11,3.93,0.94,0.0,1176.0,588,582,6,50,49,1,223.0,0.01,3.5e-05,31798.0,,,,
6040,8000,68649,1.8852,0.0308,3.6352,3.607,0.0125,0.1,4.44,0.94,0.0,1181.0,572,605,4,48,51,0,222.0,0.01,3.5e-05,31879.0,,,,
6041,8000,68666,1.92,0.0365,3.6936,3.634,0.0132,0.11,3.19,0.92,0.0,1107.0,554,547,6,50,49,1,237.0,0.01,3.5e-05,30693.0,,,,
6042,8000,68683,1.8669,0.0249,3.6105,3.618,0.0133,0.11,2.87,0.93,0.0,1021.0,513,499,9,50,49,1,257.0,0.01,3.5e-05,31856.0,,,,
6043,8000,68699,1.843,0.0346,3.5432,3.692,0.0124,0.1,3.72,0.94,0.0,948.0,475,468,5,50,49,1,277.0,0.01,3.5e-05,31911.0,,,,
6044,8000,68716,1.8316,0.0281,3.5327,3.63,0.0124,0.1,4.21,0.94,0.0,961.0,489,465,7,51,48,1,273.0,0.02,3.5e-05,31900.0,,,,
6045,8000,68733,1.8371,0.0242,3.5525,3.757,0.0106,0.09,4.7,0.94,0.0,958.0,518,435,5,54,45,1,274.0,0.01,3.5e-05,31854.0,,,,
6046,8000,68749,1.8159,0.0356,3.4881,3.776,0.0139,0.11,3.19,0.95,0.0,965.0,499,454,12,52,47,1,272.0,0.02,3.5e-05,31913.0,,,,
6047,8000,68766,1.8227,0.0201,3.532,3.747,0.0127,0.1,5.04,0.95,0.0,933.0,472,454,7,51,49,1,281.0,0.02,3.5e-05,31850.0,,,,
6048,8000,68782,1.8043,0.0091,3.5169,3.673,0.0123,0.1,3.36,0.94,0.0,996.0,509,476,11,51,48,1,263.0,0.01,3.5e-05,31899.0,,,,
6049,8000,68799,1.8285,0.0121,3.559,3.637,0.0121,0.1,5.35,0.94,0.0,964.0,498,457,9,52,47,1,272.0,0.01,3.5e-05,31853.0,168,0,344,33
6050,8000,68830,1.8042,0.0178,3.4996,3.677,0.0134,0.11,2.96,0.94,0.0,956.0,478,467,11,50,49,1,274.0,0.01,3.5e-05,32065.0,,,,
6051,8000,68847,1.7919,0.0159,3.4786,3.731,0.0123,0.1,3.64,0.95,0.0,903.0,470,426,7,52,47,1,290.0,0.01,3.5e-05,31850.0,,,,
6052,8000,68863,1.7961,0.0088,3.5009,3.656,0.0114,0.1,4.56,0.94,0.0,978.0,494,476,8,51,49,1,268.0,0.02,3.5e-05,31849.0,,,,
6053,8000,68880,1.8011,0.0156,3.4972,3.629,0.013,0.1,3.8,0.94,0.0,970.0,494,467,9,51,48,1,270.0,0.02,3.5e-05,31843.0,,,,
6054,8000,68896,1.8488,0.0132,3.5968,3.568,0.0117,0.09,5.07,0.94,0.0,1052.0,537,509,6,51,48,1,249.0,0.02,3.5e-05,31836.0,,,,
6055,8000,68913,1.8788,0.0242,3.6353,3.591,0.0125,0.1,3.72,0.93,0.0,1132.0,567,555,10,50,49,1,232.0,0.02,3.5e-05,31852.0,,,,
6056,8000,68929,1.8451,0.017,3.5818,3.55,0.0151,0.11,3.14,0.94,0.0,1109.0,546,558,5,49,50,0,236.0,0.01,3.5e-05,31903.0,,,,
6057,8000,68946,1.8337,0.0148,3.5632,3.564,0.012,0.1,3.34,0.94,0.0,1066.0,534,530,2,50,50,0,246.0,0.01,3.5e-05,31846.0,,,,
6058,8000,68962,1.8532,0.0221,3.588,3.621,0.0139,0.11,3.56,0.94,0.0,1054.0,548,503,3,52,48,0,249.0,0.02,3.5e-05,31866.0,,,,
6059,8000,68979,1.8412,0.0156,3.5768,3.608,0.0123,0.1,3.38,0.94,0.0,1080.0,501,579,0,46,54,0,243.0,0.01,3.5e-05,31843.0,,,,
6060,8000,68995,1.8197,0.019,3.5275,3.655,0.0126,0.1,3.22,0.95,0.0,1058.0,530,525,3,50,50,0,248.0,0.01,3.5e-05,31854.0,,,,
6061,8000,69012,1.8526,0.0049,3.621,3.623,0.0125,0.1,7.03,0.93,0.0,1075.0,529,544,2,49,51,0,244.0,0.01,3.5e-05,30699.0,,,,
6062,8000,69029,1.8501,-0.0274,3.681,3.631,0.0099,0.09,6.53,0.93,0.0,1126.0,503,616,7,45,55,1,233.0,0.02,3.5e-05,31904.0,,,,
6063,8000,69045,1.8249,-0.0093,3.5947,3.624,0.0122,0.11,3.47,0.93,0.0,1076.0,476,592,8,44,55,1,244.0,0.01,3.5e-05,31864.0,,,,
6064,8000,69062,1.8378,-0.0015,3.605,3.645,0.0132,0.11,3.11,0.93,0.0,1148.0,563,580,5,49,51,0,228.0,0.01,3.5e-05,31851.0,,,,
6065,8000,69078,1.8705,-0.016,3.6991,3.557,0.0129,0.11,3.7,0.92,0.0,1144.0,561,572,11,49,50,1,229.0,0.01,3.5e-05,31842.0,,,,
6066,8000,69095,1.8416,-0.027,3.6635,3.549,0.0117,0.1,3.32,0.93,0.0,1224.0,578,631,15,47,52,1,214.0,0.01,3.4e-05,31876.0,,,,
6067,8000,69111,1.8793,-0.0131,3.7109,3.558,0.0112,0.1,3.27,0.92,0.0,1185.0,568,609,8,48,51,1,221.0,0.02,3.4e-05,31863.0,,,,
6068,8000,69128,1.836,-0.0078,3.6133,3.537,0.0112,0.1,3.27,0.93,0.0,1084.0,506,571,7,47,53,1,242.0,0.02,3.4e-05,31850.0,,,,
6069,8000,69144,1.8089,-0.0218,3.5876,3.585,0.011,0.1,3.91,0.93,0.0,1063.0,509,547,7,48,51,1,247.0,0.02,3.4e-05,31855.0,,,,
6070,8000,69161,1.8168,-0.0018,3.5633,3.598,0.0106,0.09,3.99,0.94,0.0,1069.0,507,558,4,47,52,0,245.0,0.02,3.4e-05,31861.0,,,,
6071,8000,69178,1.8256,-0.012,3.6022,3.674,0.0122,0.1,2.94,0.93,0.0,1163.0,569,588,6,49,51,1,225.0,0.01,3.4e-05,31874.0,,,,
6072,8000,69194,1.8139,-0.0135,3.5816,3.682,0.0116,0.1,4.36,0.94,0.0,1167.0,557,601,9,48,51,1,225.0,0.01,3.4e-05,31863.0,,,,
6073,8000,69211,1.8511,-0.0018,3.6329,3.673,0.0128,0.11,3.44,0.93,0.0,1104.0,529,570,5,48,52,0,237.0,0.01,3.4e-05,31851.0,,,,
6074,8000,69227,1.8366,-0.0106,3.6215,3.673,0.0127,0.11,3.3,0.93,0.0,1076.0,517,552,7,48,51,1,244.0,0.02,3.4e-05,31844.0,,,,
6075,8000,69244,1.8126,-0.0285,3.6084,3.554,0.0111,0.1,3.59,0.94,0.0,1113.0,522,584,7,47,52,1,236.0,0.03,3.4e-05,31860.0,,,,
6076,8000,69260,1.842,-0.0138,3.6386,3.647,0.0108,0.09,3.6,0.93,0.0,1169.0,570,592,7,49,51,1,224.0,0.02,3.4e-05,31861.0,,,,
6077,8000,69277,1.8414,-0.0105,3.6303,3.662,0.0104,0.09,3.57,0.93,0.0,1175.0,572,598,5,49,51,0,223.0,0.01,3.4e-05,31851.0,,,,
6078,8000,69293,1.8412,-0.0047,3.6186,3.662,0.0118,0.1,3.46,0.94,0.0,1117.0,543,569,5,49,51,0,235.0,0.01,3.4e-05,31863.0,,,,
6079,8000,69310,1.8267,-0.0148,3.6096,3.621,0.0109,0.1,3.75,0.94,0.0,1132.0,566,561,5,50,50,0,232.0,0.02,3.4e-05,31841.0,,,,
6080,8000,69326,1.8553,-0.003,3.6432,3.624,0.0112,0.1,4.22,0.93,0.0,1156.0,570,580,6,49,50,1,227.0,0.01,3.4e-05,31845.0,,,,
6081,8000,69343,1.8917,-0.008,3.7258,3.639,0.0119,0.1,4.49,0.92,0.0,1207.0,591,610,6,49,51,0,217.0,0.01,3.4e-05,30743.0,,,,
6082,8000,69360,1.8836,0.0026,3.6886,3.65,0.0121,0.1,3.81,0.92,0.0,1238.0,625,608,5,50,49,0,212.0,0.01,3.4e-05,31872.0,,,,
6083,8000,69376,1.8952,0.0154,3.6858,3.644,0.0113,0.1,5.05,0.93,0.0,1197.0,611,584,2,51,49,0,219.0,0.01,3.4e-05,31833.0,,,,
6084,8000,69393,1.8613,0.011,3.627,3.663,0.0108,0.09,3.69,0.93,0.0,1163.0,586,577,0,50,50,0,225.0,0.02,3.4e-05,31808.0,,,,
6085,8000,69409,1.8945,0.0084,3.6987,3.655,0.0105,0.1,5.55,0.93,0.0,1151.0,580,564,7,50,49,1,228.0,0.01,3.4e-05,31821.0,,,,
6086,8000,69426,1.8676,0.009,3.644,3.662,0.0112,0.1,3.76,0.94,0.0,1156.0,585,565,6,51,49,1,227.0,0.02,3.4e-05,31805.0,,,,
6087,8000,69443,1.8387,-0.0075,3.6186,3.641,0.0115,0.1,5.08,0.94,0.0,1143.0,597,542,4,52,47,0,229.0,0.01,3.4e-05,31876.0,,,,
6088,8000,69459,1.8712,-0.0105,3.6894,3.551,0.0102,0.09,5.68,0.93,0.0,1137.0,587,545,5,52,48,0,231.0,0.02,3.4e-05,31851.0,,,,
6089,8000,69476,1.8774,0.0064,3.6689,3.631,0.0105,0.09,3.59,0.93,0.0,1144.0,551,586,7,48,51,1,229.0,0.01,3.4e-05,31813.0,,,,
6090,8000,69492,1.8708,0.0046,3.6581,3.537,0.0116,0.1,3.07,0.93,0.0,1170.0,603,562,5,52,48,0,224.0,0.02,3.4e-05,31820.0,,,,
6091,8000,69509,1.8961,0.0121,3.6933,3.53,0.013,0.11,4.11,0.93,0.0,1115.0,591,522,2,53,47,0,235.0,0.01,3.4e-05,31802.0,,,,
6092,8000,69525,1.8714,-0.0079,3.684,3.456,0.0117,0.1,4.47,0.93,0.0,1135.0,594,535,6,52,47,1,231.0,0.02,3.4e-05,31808.0,,,,
6093,8000,69542,1.8783,-0.004,3.6908,3.512,0.0124,0.11,4.19,0.93,0.0,1203.0,611,584,8,51,49,1,218.0,0.01,3.4e-05,31803.0,,,,
6094,8000,69558,1.8674,-0.0107,3.6816,3.509,0.0107,0.1,4.52,0.93,0.0,1166.0,584,579,3,50,50,0,225.0,0.02,3.4e-05,31802.0,,,,
6095,8000,69575,1.9062,0.0096,3.7183,3.397,0.0125,0.11,4.13,0.93,0.0,1189.0,590,593,6,50,50,1,220.0,0.01,3.4e-05,31800.0,,,,
6096,8000,69591,1.8885,0.0058,3.6909,3.442,0.0119,0.11,5.18,0.93,0.0,1172.0,616,551,5,53,47,0,224.0,0.01,3.4e-05,31808.0,,,,
6097,8000,69608,1.8926,0.0119,3.6867,3.372,0.0122,0.11,7.45,0.93,0.0,1198.0,586,607,5,49,51,0,219.0,0.01,3.4e-05,31868.0,,,,
6098,8000,69624,1.9453,-0.0026,3.8209,3.445,0.0108,0.1,13.9,0.93,0.0,1200.0,590,606,4,49,50,0,218.0,0.02,3.4e-05,31879.0,,,,
6099,8000,69641,1.844,-0.0171,3.6475,3.471,0.0117,0.1,4.95,0.93,0.0,1167.0,597,564,6,51,48,1,225.0,0.03,3.4e-05,31845.0,138,0,374,27
6100,8000,69673,1.8471,-0.0183,3.6563,3.489,0.0139,0.11,5.39,0.93,0.0,1241.0,628,607,6,51,49,0,211.0,0.01,3.4e-05,31952.0,,,,
6101,8000,69690,1.8969,-0.0166,3.7509,3.324,0.0153,0.12,4.79,0.92,0.0,1199.0,626,573,0,52,48,0,219.0,0.04,3.4e-05,30690.0,,,,
6102,8000,69706,1.9361,-0.0185,3.8327,3.241,0.0151,0.12,4.01,0.91,0.0,1340.0,662,671,7,49,50,1,196.0,0.02,3.4e-05,31774.0,,,,
6103,8000,69723,1.9073,-0.0229,3.7842,3.289,0.0136,0.12,3.81,0.91,0.0,1322.0,656,665,1,50,50,0,198.0,0.0,3.4e-05,31835.0,,,,
6104,8000,69739,1.9242,-0.023,3.8175,3.206,0.0128,0.11,4.04,0.91,0.0,1350.0,693,654,3,51,48,0,194.0,0.01,3.4e-05,31791.0,,,,
6105,8000,69756,1.935,-0.0106,3.8139,3.135,0.0138,0.12,3.69,0.91,0.0,1358.0,674,683,1,50,50,0,193.0,0.01,3.4e-05,31792.0,,,,
6106,8000,69772,1.9292,-0.0198,3.8214,3.225,0.0116,0.11,3.23,0.91,0.0,1434.0,760,674,0,53,47,0,183.0,0.0,3.4e-05,31794.0,,,,
6107,8000,69789,1.9496,-0.0077,3.8384,3.21,0.0136,0.12,4.31,0.91,0.0,1398.0,706,689,3,51,49,0,188.0,0.0,3.4e-05,31788.0,,,,
6108,8000,69806,1.9579,-0.009,3.8569,3.17,0.0131,0.11,3.66,0.91,0.0,1364.0,701,662,1,51,49,0,192.0,0.01,3.4e-05,31819.0,,,,
6109,8000,69822,1.9608,-0.004,3.8529,3.192,0.0129,0.11,4.45,0.91,0.0,1403.0,745,657,1,53,47,0,187.0,0.01,3.4e-05,31810.0,,,,
6110,8000,69839,1.9493,0.0091,3.8034,3.181,0.0109,0.1,3.29,0.91,0.0,1318.0,664,653,1,50,50,0,199.0,0.0,3.4e-05,31826.0,,,,
6111,8000,69855,1.9339,0.021,3.7487,3.23,0.0109,0.09,4.74,0.92,0.0,1305.0,688,617,0,53,47,0,201.0,0.01,3.4e-05,31797.0,,,,
6112,8000,69872,1.8925,0.0029,3.7026,3.247,0.0104,0.09,3.84,0.92,0.0,1249.0,632,615,2,51,49,0,210.0,0.0,3.4e-05,31828.0,,,,
6113,8000,69888,1.9182,0.0036,3.754,3.264,0.0108,0.1,6.96,0.92,0.0,1247.0,632,607,8,51,49,1,210.0,0.0,3.4e-05,31847.0,,,,
6114,8000,69905,1.9184,0.0064,3.7492,3.267,0.0115,0.1,4.16,0.92,0.0,1306.0,658,639,9,50,49,1,201.0,0.01,3.4e-05,31790.0,,,,
6115,8000,69921,1.9364,0.0203,3.7574,3.21,0.0123,0.11,4.08,0.92,0.0,1271.0,652,605,14,51,48,1,206.0,0.01,3.4e-05,31800.0,,,,
6116,8000,69938,1.8939,0.0061,3.6991,3.237,0.0114,0.1,3.69,0.92,0.0,1203.0,605,592,6,50,49,0,218.0,0.0,3.4e-05,31792.0,,,,
6117,8000,69954,1.8914,0.0048,3.697,3.266,0.0141,0.11,4.65,0.93,0.0,1198.0,609,584,5,51,49,0,219.0,0.01,3.4e-05,31832.0,,,,
6118,8000,69971,1.8831,-0.0109,3.7127,3.236,0.0114,0.1,3.86,0.93,0.0,1179.0,618,550,11,52,47,1,222.0,0.01,3.4e-05,31789.0,,,,
6119,8000,69987,1.9011,0.0107,3.7042,3.233,0.0106,0.1,4.82,0.93,0.0,1158.0,604,548,6,52,47,1,226.0,0.01,3.4e-05,31785.0,,,,
6120,8000,70004,1.9247,0.0269,3.7233,3.352,0.0119,0.1,4.74,0.92,0.0,1171.0,568,587,16,49,50,1,224.0,0.01,3.4e-05,31780.0,,,,
6121,8000,70021,1.9515,0.011,3.8067,3.313,0.0133,0.11,5.04,0.91,0.0,1253.0,613,622,18,49,50,1,209.0,0.01,3.4e-05,30714.0,,,,
6122,8000,70038,1.9291,0.0224,3.7395,3.289,0.0138,0.11,3.28,0.92,0.0,1290.0,616,651,23,48,50,2,203.0,0.01,3.4e-05,31913.0,,,,
6123,8000,70054,1.9375,0.0081,3.7842,3.258,0.0144,0.11,5.05,0.92,0.0,1301.0,633,654,14,49,50,1,201.0,0.01,3.4e-05,31852.0,,,,
6124,8000,70071,1.9145,0.0149,3.725,3.322,0.0133,0.11,4.09,0.92,0.0,1262.0,584,666,12,46,53,1,208.0,0.01,3.4e-05,31905.0,,,,
6125,8000,70087,1.9397,0.0149,3.7733,3.298,0.0111,0.1,4.03,0.92,0.0,1247.0,640,605,2,51,49,0,210.0,0.01,3.4e-05,31914.0,,,,
6126,8000,70104,1.8942,0.0104,3.6916,3.36,0.0128,0.11,3.81,0.93,0.0,1235.0,613,619,3,50,50,0,212.0,0.01,3.4e-05,31878.0,,,,
6127,8000,70120,1.9246,0.0102,3.7538,3.375,0.0115,0.1,5.73,0.93,0.0,1233.0,616,608,9,50,49,1,213.0,0.01,3.4e-05,31865.0,,,,
6128,8000,70137,1.9076,0.0109,3.7184,3.458,0.0122,0.1,4.95,0.93,0.0,1218.0,628,583,7,52,48,1,215.0,0.02,3.4e-05,31858.0,,,,
6129,8000,70153,1.8863,0.0198,3.6576,3.477,0.0111,0.09,3.92,0.94,0.0,1162.0,579,576,7,50,50,1,226.0,0.02,3.4e-05,31843.0,,,,
6130,8000,70170,1.8688,0.016,3.63,3.499,0.0113,0.09,3.88,0.94,0.0,1174.0,594,575,5,51,49,0,223.0,0.01,3.4e-05,31838.0,,,,
6131,8000,70186,1.8811,0.0086,3.6704,3.554,0.0121,0.1,4.51,0.93,0.0,1243.0,604,629,10,49,51,1,211.0,0.02,3.4e-05,31853.0,,,,
6132,8000,70203,1.9148,0.0242,3.7065,3.585,0.0132,0.1,7.04,0.93,0.0,1232.0,653,574,5,53,47,0,213.0,0.02,3.4e-05,31832.0,,,,
6133,8000,70219,1.8619,0.0116,3.6253,3.539,0.0124,0.1,3.86,0.94,0.0,1204.0,616,583,5,51,48,0,218.0,0.02,3.4e-05,31862.0,,,,
6134,8000,70236,1.8589,0.0119,3.6189,3.54,0.0112,0.09,4.46,0.94,0.0,1178.0,619,557,2,53,47,0,223.0,0.01,3.4e-05,31857.0,,,,
6135,8000,70252,1.8911,0.0298,3.6473,3.528,0.013,0.1,4.81,0.94,0.0,1165.0,620,540,5,53,46,0,225.0,0.01,3.4e-05,31844.0,,,,
6136,8000,70269,1.8602,0.0171,3.6114,3.52,0.012,0.1,6.1,0.94,0.0,1071.0,529,537,5,49,50,0,245.0,0.01,3.4e-05,31851.0,,,,
6137,8000,70285,1.8524,0.0175,3.5945,3.422,0.0103,0.09,4.7,0.95,0.0,1111.0,572,527,12,51,47,1,236.0,0.01,3.4e-05,31847.0,,,,
6138,8000,70302,1.8432,0.0012,3.6075,3.375,0.0111,0.09,4.51,0.94,0.0,1164.0,573,587,4,49,50,0,225.0,0.01,3.4e-05,31854.0,,,,
6139,8000,70318,1.8684,0.0201,3.6213,3.492,0.0115,0.09,4.33,0.94,0.0,1156.0,559,586,11,48,51,1,227.0,0.01,3.4e-05,31900.0,,,,
6140,8000,70335,1.8503,0.002,3.6205,3.363,0.0118,0.1,4.11,0.94,0.0,1106.0,549,549,8,50,50,1,237.0,0.01,3.4e-05,31854.0,,,,
6141,8000,70352,1.8993,0.0182,3.6856,3.329,0.0129,0.11,5.21,0.93,0.0,1156.0,618,534,4,53,46,0,227.0,0.01,3.4e-05,30751.0,,,,
6142,8000,70369,1.8928,0.0186,3.6727,3.297,0.0136,0.11,3.12,0.93,0.0,1136.0,597,528,11,53,46,1,231.0,0.01,3.4e-05,31835.0,,,,
6143,8000,70385,1.9086,0.0214,3.6993,3.306,0.0125,0.11,4.34,0.93,0.0,1150.0,601,541,8,52,47,1,228.0,0.02,3.4e-05,31854.0,,,,
6144,8000,70402,1.9297,0.0213,3.7416,3.382,0.012,0.1,6.47,0.93,0.0,1118.0,593,517,8,53,46,1,234.0,0.02,3.4e-05,31855.0,,,,
6145,8000,70418,1.918,0.0183,3.7227,3.258,0.0128,0.11,4.0,0.93,0.0,1194.0,592,598,4,50,50,0,220.0,0.02,3.4e-05,31813.0,,,,
6146,8000,70435,1.8871,0.0181,3.6627,3.278,0.0124,0.11,3.91,0.93,0.0,1143.0,589,544,10,52,48,1,229.0,0.02,3.4e-05,31842.0,,,,
6147,8000,70451,1.8938,0.0089,3.6933,3.267,0.0121,0.11,3.89,0.93,0.0,1126.0,575,549,2,51,49,0,233.0,0.01,3.4e-05,31900.0,,,,
6148,8000,70468,1.863,0.0004,3.6487,3.262,0.0121,0.1,4.81,0.94,0.0,1160.0,606,550,4,52,47,0,226.0,0.01,3.4e-05,31839.0,,,,
6149,8000,70484,1.8628,-0.0056,3.6608,3.246,0.0132,0.11,3.15,0.93,0.0,1186.0,623,558,5,53,47,0,221.0,0.01,3.4e-05,31900.0,164,0,348,32
6150,8000,70516,1.8732,0.0125,3.6451,3.228,0.0127,0.11,3.56,0.94,0.0,1088.0,577,504,7,53,46,1,241.0,0.01,3.4e-05,31975.0,,,,
6151,8000,70532,1.9267,0.019,3.7389,3.267,0.0122,0.1,7.35,0.93,0.0,1105.0,581,520,4,53,47,0,237.0,0.01,3.4e-05,31845.0,,,,
6152,8000,70549,1.8779,0.0069,3.6657,3.268,0.0126,0.11,4.2,0.94,0.0,1118.0,538,573,7,48,51,1,234.0,0.01,3.4e-05,31831.0,,,,
6153,8000,70565,1.8521,0.0048,3.6191,3.313,0.0124,0.1,3.63,0.94,0.0,1095.0,551,534,10,50,49,1,239.0,0.01,3.4e-05,31855.0,,,,
6154,8000,70582,1.886,0.0072,3.6822,3.308,0.0113,0.1,5.2,0.94,0.0,1098.0,576,513,9,52,47,1,239.0,0.01,3.4e-05,31899.0,,,,
6155,8000,70598,1.8718,0.002,3.664,3.306,0.013,0.1,5.23,0.94,0.0,1126.0,602,515,9,53,46,1,233.0,0.0,3.4e-05,31837.0,,,,
6156,8000,70615,1.8816,-0.002,3.6911,3.286,0.0129,0.11,6.05,0.94,0.0,1131.0,582,539,10,51,48,1,232.0,0.01,3.4e-05,31833.0,,,,
6157,8000,70631,1.8796,0.0132,3.6569,3.297,0.0125,0.11,3.31,0.94,0.0,1121.0,582,532,7,52,47,1,234.0,0.0,3.4e-05,31889.0,,,,
6158,8000,70648,1.9038,0.0173,3.6975,3.334,0.013,0.1,3.73,0.93,0.0,1171.0,609,553,9,52,47,1,224.0,0.01,3.4e-05,31894.0,,,,
6159,8000,70664,1.8794,0.0292,3.6255,3.385,0.0138,0.11,4.69,0.94,0.0,1131.0,579,540,12,51,48,1,232.0,0.01,3.4e-05,31897.0,,,,
6160,8000,70681,1.8478,0.0206,3.579,3.396,0.0127,0.11,3.24,0.94,0.0,1093.0,593,497,3,54,45,0,240.0,0.01,3.4e-05,31849.0,,,,
6161,8000,70698,1.9169,0.0053,3.7472,3.293,0.0122,0.11,5.56,0.93,0.0,1156.0,607,545,4,53,47,0,227.0,0.01,3.4e-05,30745.0,,,,
6162,8000,70715,1.8484,0.0034,3.6137,3.255,0.0119,0.11,3.56,0.94,0.0,1082.0,562,514,6,52,48,1,242.0,0.01,3.4e-05,31812.0,,,,
6163,8000,70731,1.8703,0.0085,3.6483,3.38,0.0125,0.11,4.34,0.93,0.0,1101.0,576,515,10,52,47,1,238.0,0.0,3.4e-05,31810.0,,,,
6164,8000,70748,1.893,0.0019,3.7067,3.357,0.0118,0.1,4.77,0.93,0.0,1135.0,566,564,5,50,50,0,231.0,0.01,3.4e-05,31808.0,,,,
6165,8000,70764,1.8761,-0.0004,3.678,3.362,0.0125,0.11,3.27,0.93,0.0,1169.0,600,556,13,51,48,1,224.0,0.01,3.4e-05,31804.0,,,,
6166,8000,70781,1.8724,0.0226,3.6249,3.451,0.0119,0.11,3.87,0.94,0.0,1124.0,583,536,5,52,48,0,233.0,0.01,3.4e-05,31794.0,,,,
6167,8000,70797,1.8813,0.034,3.6212,3.454,0.0108,0.1,3.56,0.94,0.0,1105.0,555,539,11,50,49,1,237.0,0.01,3.4e-05,31805.0,,,,
6168,8000,70814,1.8763,0.0148,3.6491,3.364,0.0111,0.1,3.68,0.93,0.0,1072.0,543,518,11,51,48,1,245.0,0.01,3.4e-05,31793.0,,,,
6169,8000,70831,1.8479,-0.0013,3.6237,3.42,0.0115,0.1,3.98,0.94,0.0,1071.0,517,548,6,48,51,1,245.0,0.01,3.4e-05,31811.0,,,,
6170,8000,70847,1.8454,0.0146,3.5886,3.41,0.0118,0.1,3.44,0.94,0.0,1071.0,564,494,13,53,46,1,245.0,0.0,3.4e-05,31801.0,,,,
6171,8000,70864,1.8775,0.009,3.6644,3.399,0.0094,0.09,11.93,0.95,0.0,1071.0,516,540,15,48,50,1,245.0,0.0,3.4e-05,31881.0,,,,
6172,8000,70880,1.8873,-0.0063,3.7121,3.284,0.0069,0.07,14.1,0.94,0.0,1069.0,547,513,9,51,48,1,245.0,0.0,3.4e-05,31821.0,,,,
6173,8000,70897,1.858,-0.006,3.6528,3.304,0.0085,0.08,6.49,0.94,0.0,1111.0,582,518,11,52,47,1,236.0,0.0,3.4e-05,31869.0,,,,
6174,8000,70913,1.8352,-0.0102,3.6161,3.405,0.0107,0.09,4.75,0.95,0.0,1105.0,578,521,6,52,47,1,237.0,0.0,3.4e-05,31796.0,,,,
6175,8000,70930,1.8538,0.0057,3.623,3.375,0.0115,0.1,3.71,0.94,0.0,1173.0,613,545,15,52,46,1,223.0,0.0,3.4e-05,31784.0,,,,
6176,8000,70947,1.8732,0.0184,3.6353,3.344,0.0136,0.1,4.2,0.94,0.0,1126.0,567,551,8,50,49,1,233.0,0.01,3.4e-05,31800.0,,,,
6177,8000,70963,1.8458,0.0025,3.6137,3.358,0.0119,0.1,4.29,0.94,0.0,1162.0,587,563,12,51,48,1,226.0,0.01,3.4e-05,31796.0,,,,
6178,8000,70980,1.834,-0.0116,3.6181,3.408,0.0126,0.11,4.65,0.94,0.0,1140.0,593,537,10,52,47,1,230.0,0.0,3.4e-05,31808.0,,,,
6179,8000,70996,1.8318,0.0005,3.587,3.402,0.0265,0.11,3.17,0.94,0.0,1159.0,622,534,3,54,46,0,226.0,0.0,3.4e-05,31872.0,,,,
6180,8000,71013,1.8337,-0.0132,3.6216,3.509,0.0126,0.1,4.94,0.94,0.0,1163.0,609,543,11,52,47,1,225.0,0.0,3.4e-05,31809.0,,,,
6181,8000,71030,1.8819,-0.0036,3.6966,3.409,0.0133,0.11,3.43,0.93,0.0,1164.0,589,568,7,51,49,1,225.0,0.0,3.4e-05,30675.0,,,,
6182,8000,71046,1.8996,0.0145,3.6965,3.421,0.0138,0.11,4.88,0.93,0.0,1193.0,609,574,10,51,48,1,220.0,0.0,3.4e-05,31806.0,,,,
6183,8000,71063,1.8759,0.0203,3.6375,3.489,0.0134,0.1,3.55,0.93,0.0,1127.0,594,526,7,53,47,1,233.0,0.0,3.4e-05,31840.0,,,,
6184,8000,71079,1.8781,0.0237,3.6353,3.497,0.0133,0.11,3.82,0.93,0.0,1089.0,577,504,8,53,46,1,241.0,0.01,3.4e-05,31849.0,,,,
6185,8000,71096,1.8715,0.0163,3.6395,3.465,0.0122,0.1,3.81,0.93,0.0,1123.0,580,522,21,52,46,2,233.0,0.0,3.4e-05,31897.0,,,,
6186,8000,71112,1.8872,0.0208,3.6596,3.437,0.0117,0.1,7.08,0.93,0.0,1112.0,552,543,17,50,49,2,236.0,0.01,3.4e-05,31856.0,,,,
6187,8000,71129,1.8655,0.0259,3.6067,3.518,0.0116,0.1,4.82,0.94,0.0,1110.0,595,497,18,54,45,2,236.0,0.01,3.4e-05,31843.0,,,,
6188,8000,71146,1.8839,0.0254,3.6436,3.45,0.0117,0.1,9.26,0.94,0.0,1064.0,566,483,15,53,45,1,246.0,0.01,3.4e-05,31838.0,,,,
6189,8000,71162,1.8502,0.0024,3.6207,3.431,0.0146,0.1,5.22,0.94,0.0,1166.0,591,561,14,51,48,1,225.0,0.01,3.4e-05,31834.0,,,,
6190,8000,71179,1.865,0.0118,3.6323,3.395,0.0126,0.11,3.62,0.94,0.0,1156.0,622,520,14,54,45,1,227.0,0.01,3.4e-05,31845.0,,,,
6191,8000,71195,1.8881,0.0074,3.6863,3.343,0.0134,0.11,3.72,0.93,0.0,1242.0,652,578,12,52,47,1,211.0,0.01,3.4e-05,31841.0,,,,
6192,8000,71212,1.8683,0.0087,3.6431,3.314,0.0146,0.11,3.83,0.94,0.0,1180.0,597,576,7,51,49,1,222.0,0.01,3.4e-05,31880.0,,,,
6193,8000,71228,1.8932,0.0263,3.658,3.404,0.0136,0.11,4.27,0.94,0.0,1204.0,642,554,8,53,46,1,218.0,0.01,3.4e-05,31844.0,,,,
6194,8000,71245,1.8922,0.0212,3.6661,3.395,0.0145,0.11,3.52,0.94,0.0,1177.0,627,547,3,53,46,0,223.0,0.0,3.4e-05,31843.0,,,,
6195,8000,71261,1.8496,-0.0047,3.6343,3.408,0.0123,0.1,4.72,0.94,0.0,1197.0,586,601,10,49,50,1,219.0,0.01,3.4e-05,31847.0,,,,
6196,8000,71278,1.8493,0.0079,3.6071,3.448,0.0134,0.1,3.86,0.94,0.0,1149.0,567,579,3,49,50,0,228.0,0.01,3.4e-05,31842.0,,,,
6197,8000,71294,1.8621,0.0102,3.629,3.389,0.0123,0.1,4.59,0.94,0.0,1119.0,609,502,8,54,45,1,234.0,0.01,3.4e-05,31845.0,,,,
6198,8000,71311,1.8637,0.0215,3.6094,3.486,0.0122,0.1,5.73,0.95,0.0,1079.0,551,523,5,51,48,0,243.0,0.01,3.4e-05,31840.0,,,,
6199,8000,71327,1.8543,0.0131,3.6072,3.486,0.0128,0.1,3.8,0.94,0.0,1145.0,577,564,4,50,49,0,229.0,0.0,3.4e-05,31848.0,220,0,292,43
6200,8000,71359,1.8685,0.0226,3.6162,3.44,0.0146,0.11,3.35,0.94,0.0,1167.0,614,547,6,53,47,1,225.0,0.01,3.4e-05,32041.0,,,,
6201,8000,71376,1.9295,0.0385,3.7064,3.344,0.0132,0.1,3.95,0.93,0.0,1207.0,624,573,10,52,47,1,217.0,0.01,3.4e-05,30736.0,,,,
6202,8000,71393,1.899,0.0364,3.6488,3.358,0.0132,0.1,3.92,0.94,0.0,1205.0,581,618,6,48,51,0,218.0,0.01,3.4e-05,31817.0,,,,
6203,8000,71409,1.8935,0.0321,3.6475,3.459,0.0146,0.11,3.85,0.94,0.0,1237.0,610,622,5,49,50,0,212.0,0.0,3.4e-05,31816.0,,,,
6204,8000,71426,1.882,0.0339,3.6206,3.444,0.0119,0.1,4.15,0.94,0.0,1129.0,576,548,5,51,49,0,232.0,0.01,3.4e-05,31804.0,,,,
6205,8000,71442,1.9103,0.0419,3.6614,3.45,0.0133,0.1,3.38,0.93,0.0,1185.0,620,560,5,52,47,0,221.0,0.01,3.4e-05,31808.0,,,,
6206,8000,71459,1.8857,0.0236,3.6481,3.349,0.0118,0.1,4.72,0.94,0.0,1171.0,583,581,7,50,50,1,224.0,0.0,3.4e-05,31828.0,,,,
6207,8000,71475,1.8814,0.03,3.627,3.401,0.0134,0.1,3.74,0.94,0.0,1198.0,572,619,7,48,52,1,219.0,0.0,3.4e-05,31829.0,,,,
6208,8000,71492,1.8903,0.028,3.6491,3.473,0.0127,0.1,3.71,0.94,0.0,1201.0,600,596,5,50,50,0,218.0,0.0,3.4e-05,31886.0,,,,
6209,8000,71508,1.8774,0.0112,3.6566,3.433,0.0111,0.09,5.63,0.94,0.0,1199.0,582,608,9,49,51,1,219.0,0.0,3.4e-05,31881.0,,,,
6210,8000,71525,1.8718,0.0148,3.6388,3.454,0.0111,0.1,4.23,0.94,0.0,1175.0,587,583,5,50,50,0,223.0,0.0,3.4e-05,31810.0,,,,
6211,8000,71541,1.8793,0.0232,3.6366,3.454,0.013,0.1,3.91,0.94,0.0,1174.0,596,573,5,51,49,0,223.0,0.0,3.4e-05,31857.0,,,,
6212,8000,71558,1.8494,0.0135,3.5972,3.499,0.0114,0.1,3.77,0.94,0.0,1148.0,591,547,10,51,48,1,228.0,0.0,3.4e-05,31877.0,,,,
6213,8000,71574,1.8133,0.0067,3.5381,3.507,0.0117,0.1,4.13,0.95,0.0,1107.0,564,539,4,51,49,0,237.0,0.0,3.4e-05,31812.0,,,,
6214,8000,71591,1.7995,-0.004,3.5329,3.562,0.0116,0.1,4.27,0.95,0.0,1095.0,553,535,7,51,49,1,239.0,0.0,3.4e-05,31823.0,,,,
6215,8000,71607,1.8344,0.0023,3.5902,3.631,0.0094,0.09,9.92,0.95,0.0,1089.0,565,518,6,52,48,1,241.0,0.01,3.4e-05,31819.0,,,,
6216,8000,71624,1.8478,-0.0356,3.6927,3.542,0.0068,0.07,19.93,0.94,0.0,1118.0,564,540,14,50,48,1,234.0,0.01,3.4e-05,31822.0,,,,
6217,8000,71641,1.8374,-0.0084,3.6176,3.591,0.0071,0.07,6.9,0.94,0.0,1161.0,589,561,11,51,48,1,226.0,0.0,3.4e-05,31818.0,,,,
6218,8000,71657,1.8467,0.0112,3.5964,3.517,0.0093,0.08,6.09,0.95,0.0,1128.0,562,559,7,50,50,1,232.0,0.0,3.4e-05,31822.0,,,,
6219,8000,71674,1.8309,0.0008,3.5858,3.57,0.0127,0.1,5.75,0.95,0.0,1195.0,591,595,9,49,50,1,219.0,0.0,3.4e-05,31802.0,,,,
6220,8000,71690,1.836,0.0041,3.5895,3.633,0.0128,0.11,4.05,0.94,0.0,1115.0,545,565,5,49,51,0,235.0,0.01,3.4e-05,31830.0,,,,
6221,8000,71707,1.9033,0.0067,3.7193,3.671,0.0167,0.11,5.6,0.93,0.0,1221.0,611,604,6,50,49,0,215.0,0.01,3.4e-05,30771.0,,,,
6222,8000,71724,1.8634,-0.0023,3.6575,3.611,0.0113,0.1,4.36,0.93,0.0,1102.0,552,545,5,50,49,0,238.0,0.01,3.4e-05,31836.0,,,,
6223,8000,71740,1.8764,0.0043,3.6698,3.578,0.0112,0.1,5.21,0.93,0.0,1155.0,537,612,6,46,53,1,227.0,0.02,3.4e-05,31850.0,,,,
6224,8000,71757,1.8826,0.0323,3.6262,3.596,0.0128,0.1,5.14,0.93,0.0,1116.0,528,585,3,47,52,0,235.0,0.02,3.4e-05,31839.0,,,,
6225,8000,71773,1.898,0.0347,3.6523,3.614,0.0134,0.11,4.75,0.93,0.0,1166.0,603,548,15,52,47,1,225.0,0.03,3.4e-05,31862.0,,,,
6226,8000,71790,1.8739,0.0208,3.6311,3.542,0.0116,0.1,4.04,0.94,0.0,1181.0,593,579,9,50,49,1,222.0,0.01,3.4e-05,31841.0,,,,
6227,8000,71806,1.8755,0.0119,3.6522,3.536,0.0108,0.1,4.94,0.94,0.0,1159.0,582,573,4,50,49,0,226.0,0.01,3.4e-05,31907.0,,,,
6228,8000,71823,1.846,-0.0003,3.6178,3.528,0.0106,0.09,4.18,0.94,0.0,1126.0,592,529,5,53,47,0,233.0,0.01,3.4e-05,31878.0,,,,
6229,8000,71839,1.891,0.0162,3.6749,3.608,0.0126,0.1,9.74,0.94,0.0,1105.0,552,546,7,50,49,1,237.0,0.01,3.4e-05,31857.0,,,,
6230,8000,71856,1.854,0.0109,3.6115,3.587,0.0125,0.1,5.28,0.94,0.0,1148.0,568,576,4,49,50,0,228.0,0.01,3.3e-05,31842.0,,,,
6231,8000,71872,1.8347,0.0048,3.5852,3.639,0.0113,0.1,4.28,0.94,0.0,1073.0,552,518,3,51,48,0,244.0,0.01,3.3e-05,31837.0,,,,
6232,8000,71889,1.868,0.0196,3.6226,3.677,0.0102,0.09,6.17,0.94,0.0,1097.0,541,548,8,49,50,1,239.0,0.01,3.3e-05,31844.0,,,,
6233,8000,71906,1.8499,0.0171,3.5909,3.665,0.0124,0.1,5.98,0.94,0.0,1048.0,528,516,4,50,49,0,250.0,0.01,3.3e-05,31849.0,,,,
6234,8000,71922,1.8122,0.0069,3.5361,3.676,0.0125,0.1,4.16,0.95,0.0,1053.0,522,527,4,50,50,0,249.0,0.01,3.3e-05,31845.0,,,,
6235,8000,71939,1.8495,0.0147,3.5951,3.655,0.0123,0.1,11.02,0.95,0.0,1017.0,520,494,3,51,49,0,258.0,0.01,3.3e-05,31881.0,,,,
6236,8000,71955,1.8118,0.0182,3.5124,3.618,0.0115,0.1,3.77,0.95,0.0,1024.0,521,497,6,51,49,1,256.0,0.01,3.3e-05,31892.0,,,,
6237,8000,71972,1.8676,0.0236,3.6133,3.658,0.0114,0.09,13.44,0.95,0.0,1023.0,484,530,9,47,52,1,256.0,0.01,3.3e-05,31863.0,,,,
6238,8000,71988,1.8224,0.0196,3.5313,3.709,0.0126,0.1,5.02,0.95,0.0,994.0,496,493,5,50,50,1,264.0,0.01,3.3e-05,31860.0,,,,
6239,8000,72005,1.8322,0.0155,3.5587,3.683,0.0118,0.1,10.56,0.95,0.0,1080.0,546,526,8,51,49,1,243.0,0.01,3.3e-05,31865.0,,,,
6240,8000,72021,1.8121,0.0067,3.5366,3.646,0.0111,0.1,3.79,0.95,0.0,1051.0,507,532,12,48,51,1,249.0,0.01,3.3e-05,31845.0,,,,
6241,8000,72038,1.848,-0.0062,3.6335,3.645,0.0129,0.11,4.15,0.94,0.0,1124.0,610,506,8,54,45,1,233.0,0.02,3.3e-05,30687.0,,,,
6242,8000,72055,1.8519,-0.0091,3.647,3.655,0.0121,0.1,3.91,0.93,0.0,1141.0,579,556,6,51,49,1,230.0,0.02,3.3e-05,31810.0,,,,
6243,8000,72071,1.8792,-0.0139,3.7115,3.559,0.0129,0.11,4.57,0.92,0.0,1186.0,628,547,11,53,46,1,221.0,0.02,3.3e-05,31836.0,,,,
6244,8000,72088,1.8888,0.0046,3.6936,3.609,0.0123,0.11,3.39,0.93,0.0,1240.0,668,567,5,54,46,0,211.0,0.01,3.3e-05,31806.0,,,,
6245,8000,72104,1.8742,0.0232,3.6272,3.649,0.0117,0.1,3.74,0.93,0.0,1186.0,625,558,3,53,47,0,221.0,0.01,3.3e-05,31895.0,,,,
6246,8000,72121,1.8573,0.0086,3.6231,3.652,0.0109,0.09,4.32,0.94,0.0,1121.0,569,545,7,51,49,1,234.0,0.01,3.3e-05,31814.0,,,,
6247,8000,72138,1.85,-0.0123,3.6501,3.665,0.0115,0.1,6.51,0.94,0.0,1187.0,599,588,0,50,50,0,221.0,0.01,3.3e-05,31844.0,,,,
6248,8000,72154,1.8384,-0.0173,3.6365,3.646,0.01,0.09,4.84,0.94,0.0,1148.0,565,581,2,49,51,0,228.0,0.0,3.3e-05,31879.0,,,,
6249,8000,72171,1.8386,0.0113,3.5809,3.743,0.0113,0.1,4.04,0.94,0.0,1088.0,552,533,3,51,49,0,241.0,0.01,3.3e-05,31829.0,177,0,335,35
6250,8000,72202,1.8311,-0.0036,3.5954,3.671,0.0104,0.09,4.11,0.94,0.0,1087.0,529,549,9,49,51,1,241.0,0.01,3.3e-05,31970.0,,,,
6251,8000,72219,1.8444,-0.0096,3.6339,3.685,0.0104,0.09,4.54,0.94,0.0,1126.0,563,562,1,50,50,0,233.0,0.0,3.3e-05,31814.0,,,,
6252,8000,72235,1.853,-0.0118,3.6554,3.637,0.0111,0.09,7.72,0.94,0.0,1143.0,570,568,5,50,50,0,229.0,0.01,3.3e-05,31813.0,,,,
6253,8000,72252,1.8233,-0.0217,3.6149,3.564,0.0102,0.09,4.83,0.94,0.0,1141.0,567,569,5,50,50,0,230.0,0.0,3.3e-05,31901.0,,,,
6254,8000,72268,1.8562,-0.0024,3.6426,3.553,0.0106,0.1,4.28,0.94,0.0,1168.0,580,578,10,50,49,1,224.0,0.0,3.3e-05,31824.0,,,,
6255,8000,72285,1.8828,-0.0004,3.6912,3.514,0.0101,0.09,5.13,0.94,0.0,1181.0,581,593,7,49,50,1,222.0,0.01,3.3e-05,31837.0,,,,
6256,8000,72301,1.8613,-0.0056,3.6589,3.523,0.0111,0.1,3.95,0.94,0.0,1159.0,584,570,5,50,49,0,226.0,0.01,3.3e-05,31828.0,,,,
6257,8000,72318,1.8813,0.0028,3.6818,3.479,0.0104,0.1,4.46,0.94,0.0,1196.0,585,608,3,49,51,0,219.0,0.01,3.3e-05,31823.0,,,,
6258,8000,72334,1.8902,-0.0024,3.7091,3.369,0.012,0.1,4.37,0.94,0.0,1169.0,593,575,1,51,49,0,224.0,0.01,3.3e-05,31799.0,,,,
6259,8000,72351,1.8778,0.0001,3.6794,3.427,0.0132,0.1,6.89,0.94,0.0,1141.0,598,542,1,52,48,0,230.0,0.01,3.3e-05,31832.0,,,,
6260,8000,72367,1.8751,0.0015,3.6709,3.382,0.0111,0.1,6.52,0.94,0.0,1134.0,559,572,3,49,50,0,231.0,0.01,3.3e-05,31839.0,,,,
6261,8000,72385,1.8985,-0.0046,3.7297,3.411,0.0114,0.1,5.2,0.93,0.0,1118.0,568,549,1,51,49,0,234.0,0.01,3.3e-05,30751.0,,,,
6262,8000,72401,1.8614,-0.0038,3.6539,3.391,0.0128,0.1,4.32,0.93,0.0,1075.0,548,525,2,51,49,0,244.0,0.01,3.3e-05,31851.0,,,,
6263,8000,72418,1.8542,0.009,3.6149,3.509,0.0104,0.09,5.77,0.94,0.0,1086.0,541,539,6,50,50,1,241.0,0.01,3.3e-05,31856.0,,,,
6264,8000,72434,1.8604,0.0036,3.638,3.482,0.0126,0.1,4.08,0.94,0.0,1104.0,552,540,12,50,49,1,237.0,0.01,3.3e-05,31846.0,,,,
6265,8000,72451,1.8409,-0.0094,3.6252,3.505,0.0118,0.1,5.65,0.94,0.0,1142.0,592,547,3,52,48,0,230.0,0.01,3.3e-05,31840.0,,,,
6266,8000,72467,1.8576,-0.0117,3.663,3.524,0.0098,0.09,6.33,0.94,0.0,1187.0,604,576,7,51,49,1,221.0,0.0,3.3e-05,31849.0,,,,
6267,8000,72484,1.8836,0.008,3.6757,3.521,0.0115,0.1,3.93,0.94,0.0,1156.0,577,574,5,50,50,0,227.0,0.01,3.3e-05,31839.0,,,,
6268,8000,72500,1.9051,-0.0007,3.736,3.495,0.0107,0.1,6.2,0.93,0.0,1225.0,638,586,1,52,48,0,214.0,0.0,3.3e-05,31831.0,,,,
6269,8000,72517,1.8597,0.0086,3.6271,3.57,0.0113,0.1,4.69,0.94,0.0,1137.0,577,558,2,51,49,0,231.0,0.0,3.3e-05,31854.0,,,,
6270,8000,72533,1.8653,0.0112,3.6326,3.494,0.013,0.11,3.11,0.94,0.0,1187.0,612,572,3,52,48,0,221.0,0.01,3.3e-05,31850.0,,,,
6271,8000,72550,1.8471,-0.0167,3.6519,3.481,0.0116,0.1,4.78,0.94,0.0,1182.0,609,571,2,52,48,0,222.0,0.0,3.3e-05,31868.0,,,,
6272,8000,72566,1.8486,-0.008,3.6378,3.527,0.0129,0.1,4.99,0.94,0.0,1117.0,546,567,4,49,51,0,235.0,0.0,3.3e-05,31845.0,,,,
6273,8000,72583,1.8692,0.0036,3.6554,3.531,0.0121,0.1,5.66,0.94,0.0,1175.0,569,602,4,48,51,0,223.0,0.01,3.3e-05,31857.0,,,,
6274,8000,72599,1.8352,-0.0129,3.6211,3.518,0.0109,0.09,3.51,0.94,0.0,1187.0,619,567,1,52,48,0,221.0,0.0,3.3e-05,31861.0,,,,
6275,8000,72616,1.8524,-0.007,3.6435,3.541,0.0115,0.09,3.78,0.94,0.0,1229.0,631,597,1,51,49,0,213.0,0.01,3.3e-05,31852.0,,,,
6276,8000,72633,1.8519,-0.0091,3.6468,3.559,0.0111,0.09,5.37,0.94,0.0,1250.0,642,607,1,51,49,0,210.0,0.01,3.3e-05,31848.0,,,,
6277,8000,72649,1.817,-0.0343,3.6271,3.519,0.0112,0.09,4.42,0.94,0.0,1201.0,599,599,3,50,50,0,218.0,0.01,3.3e-05,31855.0,,,,
6278,8000,72666,1.839,-0.0254,3.6533,3.521,0.0132,0.1,3.66,0.93,0.0,1224.0,616,606,2,50,50,0,214.0,0.0,3.3e-05,31859.0,,,,
6279,8000,72682,1.8366,-0.0138,3.6258,3.561,0.0121,0.1,3.68,0.94,0.0,1215.0,597,616,2,49,51,0,216.0,0.0,3.3e-05,31854.0,,,,
6280,8000,72699,1.8702,-0.0046,3.6744,3.573,0.0119,0.1,4.39,0.94,0.0,1254.0,580,671,3,46,54,0,209.0,0.0,3.3e-05,31846.0,,,,
6281,8000,72716,1.9036,-0.002,3.7351,3.438,0.0142,0.1,4.6,0.93,0.0,1287.0,615,672,0,48,52,0,204.0,0.0,3.3e-05,30749.0,,,,
6282,8000,72732,1.8883,-0.0199,3.7401,3.388,0.0119,0.1,3.53,0.92,0.0,1289.0,658,630,1,51,49,0,203.0,0.01,3.3e-05,31881.0,,,,
6283,8000,72749,1.8599,-0.0249,3.6934,3.393,0.0117,0.1,3.1,0.92,0.0,1277.0,669,607,1,52,48,0,205.0,0.0,3.3e-05,31873.0,,,,
6284,8000,72765,1.8827,-0.0083,3.7064,3.515,0.0117,0.1,3.17,0.93,0.0,1317.0,667,647,3,51,49,0,199.0,0.01,3.3e-05,31836.0,,,,
6285,8000,72782,1.881,0.0114,3.6626,3.375,0.0114,0.1,3.05,0.93,0.0,1216.0,577,637,2,47,52,0,216.0,0.0,3.3e-05,31786.0,,,,
6286,8000,72798,1.8956,0.0032,3.7084,3.415,0.0108,0.09,8.33,0.93,0.0,1196.0,608,588,0,51,49,0,219.0,0.0,3.3e-05,31788.0,,,,
6287,8000,72815,1.8663,0.0138,3.6286,3.434,0.0116,0.1,4.42,0.94,0.0,1167.0,548,617,2,47,53,0,225.0,0.0,3.3e-05,31779.0,,,,
6288,8000,72831,1.8799,0.0219,3.6397,3.448,0.0107,0.1,3.76,0.94,0.0,1177.0,575,602,0,49,51,0,223.0,0.0,3.3e-05,31795.0,,,,
6289,8000,72848,1.8986,0.0414,3.6376,3.413,0.0103,0.09,3.71,0.94,0.0,1169.0,592,576,1,51,49,0,224.0,0.0,3.3e-05,31796.0,,,,
6290,8000,72865,1.8891,0.023,3.6557,3.418,0.0115,0.1,3.64,0.93,0.0,1210.0,608,598,4,50,49,0,217.0,0.01,3.3e-05,31814.0,,,,
6291,8000,72881,1.89,0.0197,3.6642,3.411,0.0121,0.11,4.82,0.94,0.0,1120.0,566,554,0,51,49,0,234.0,0.0,3.3e-05,31780.0,,,,
6292,8000,72898,1.8535,0.0169,3.5969,3.461,0.0113,0.1,3.34,0.94,0.0,1138.0,577,560,1,51,49,0,230.0,0.0,3.3e-05,31793.0,,,,
6293,8000,72914,1.8835,0.0287,3.6335,3.455,0.0133,0.11,4.4,0.94,0.0,1139.0,566,573,0,50,50,0,230.0,0.01,3.3e-05,31806.0,,,,
6294,8000,72931,1.894,0.0347,3.6425,3.505,0.0111,0.1,4.88,0.94,0.0,1114.0,557,556,1,50,50,0,235.0,0.01,3.3e-05,31767.0,,,,
6295,8000,72947,1.8525,0.0141,3.6006,3.478,0.0115,0.1,3.73,0.94,0.0,1127.0,542,584,1,48,52,0,233.0,0.01,3.3e-05,31826.0,,,,
6296,8000,72964,1.8537,0.0205,3.5905,3.539,0.0117,0.1,4.02,0.94,0.0,1128.0,575,552,1,51,49,0,232.0,0.01,3.3e-05,31793.0,,,,
6297,8000,72980,1.8582,0.0188,3.6033,3.59,0.0112,0.09,4.14,0.94,0.0,1104.0,553,550,1,50,50,0,237.0,0.01,3.3e-05,31779.0,,,,
6298,8000,72997,1.8633,0.0073,3.6365,3.597,0.0121,0.1,5.29,0.94,0.0,1108.0,558,549,1,50,50,0,237.0,0.02,3.3e-05,31789.0,,,,
6299,8000,73014,1.8609,0.0134,3.6203,3.594,0.0106,0.09,5.45,0.94,0.0,1156.0,585,568,3,51,49,0,227.0,0.0,3.3e-05,31796.0,188,0,324,37
6300,8000,73045,1.8574,0.0295,3.5804,3.56,0.013,0.1,4.88,0.95,0.0,1037.0,536,499,2,52,48,0,253.0,0.01,3.3e-05,31927.0,,,,
6301,8000,73062,1.8932,0.0195,3.6723,3.557,0.0121,0.1,5.32,0.93,0.0,1088.0,534,553,1,49,51,0,241.0,0.01,3.3e-05,30699.0,,,,
6302,8000,73079,1.8848,0.0183,3.6576,3.561,0.011,0.1,3.99,0.94,0.0,1026.0,524,502,0,51,49,0,256.0,0.01,3.3e-05,31845.0,,,,
6303,8000,73095,1.9259,0.0423,3.6914,3.475,0.0115,0.1,5.13,0.93,0.0,1132.0,553,578,1,49,51,0,232.0,0.02,3.3e-05,31839.0,,,,
6304,8000,73112,1.9077,0.0161,3.7078,3.528,0.0126,0.1,5.21,0.93,0.0,1165.0,591,573,1,51,49,0,225.0,0.01,3.3e-05,31872.0,,,,
6305,8000,73128,1.8724,0.0056,3.6586,3.579,0.0121,0.1,4.56,0.93,0.0,1102.0,552,549,1,50,50,0,238.0,0.01,3.3e-05,31907.0,,,,
6306,8000,73145,1.9081,0.014,3.7134,3.569,0.0112,0.1,4.6,0.93,0.0,1156.0,618,537,1,53,46,0,227.0,0.01,3.3e-05,31830.0,,,,
6307,8000,73161,1.9023,0.0161,3.6979,3.573,0.011,0.1,4.98,0.93,0.0,1140.0,588,551,1,52,48,0,230.0,0.01,3.3e-05,31880.0,,,,
6308,8000,73178,1.9002,0.0193,3.6874,3.555,0.0102,0.09,4.16,0.93,0.0,1181.0,606,574,1,51,49,0,222.0,0.01,3.3e-05,31891.0,,,,
6309,8000,73194,1.8704,0.0132,3.6397,3.527,0.0122,0.1,4.07,0.93,0.0,1147.0,614,531,2,54,46,0,229.0,0.01,3.3e-05,31850.0,,,,
6310,8000,73211,1.8549,0.001,3.6327,3.514,0.0106,0.09,4.78,0.94,0.0,1101.0,552,547,2,50,50,0,238.0,0.01,3.3e-05,31888.0,,,,
6311,8000,73227,1.872,0.0131,3.6431,3.607,0.0114,0.1,6.83,0.94,0.0,1138.0,572,564,2,50,50,0,230.0,0.01,3.3e-05,31843.0,,,,
6312,8000,73244,1.8713,0.0113,3.6454,3.573,0.0105,0.09,4.98,0.94,0.0,1116.0,541,571,4,48,51,0,235.0,0.01,3.3e-05,31834.0,,,,
6313,8000,73260,1.8543,0.0125,3.6096,3.682,0.0116,0.1,4.35,0.94,0.0,1135.0,570,564,1,50,50,0,231.0,0.02,3.3e-05,31841.0,,,,
6314,8000,73277,1.874,-0.0073,3.6888,3.653,0.0115,0.1,4.2,0.93,0.0,1220.0,632,586,2,52,48,0,215.0,0.01,3.3e-05,31841.0,,,,
6315,8000,73293,1.878,-0.0166,3.7149,3.561,0.0118,0.1,7.03,0.93,0.0,1190.0,643,541,6,54,45,1,220.0,0.01,3.3e-05,31836.0,,,,
6316,8000,73310,1.891,-0.0002,3.7081,3.593,0.0114,0.09,6.05,0.93,0.0,1191.0,597,591,3,50,50,0,220.0,0.01,3.3e-05,31834.0,,,,
6317,8000,73327,1.8568,-0.002,3.643,3.688,0.0117,0.1,4.21,0.93,0.0,1133.0,564,568,1,50,50,0,231.0,0.01,3.3e-05,31842.0,,,,
6318,8000,73343,1.869,0.019,3.6259,3.677,0.0119,0.09,5.17,0.93,0.0,1141.0,583,553,5,51,48,0,230.0,0.01,3.3e-05,31846.0,,,,
6319,8000,73360,1.8628,0.0097,3.6322,3.718,0.0106,0.09,5.54,0.93,0.0,1140.0,551,587,2,48,51,0,230.0,0.01,3.3e-05,31850.0,,,,
6320,8000,73376,1.838,0.0004,3.602,3.721,0.0114,0.09,4.25,0.94,0.0,1162.0,541,612,9,47,53,1,226.0,0.02,3.3e-05,31843.0,,,,
6321,8000,73393,1.8701,-0.0059,3.6777,3.647,0.0132,0.09,4.49,0.93,0.0,1207.0,608,593,6,50,49,0,217.0,0.02,3.3e-05,30736.0,,,,
6322,8000,73410,1.8763,0.0027,3.6732,3.635,0.0113,0.09,4.32,0.93,0.0,1178.0,581,593,4,49,50,0,223.0,0.01,3.3e-05,31848.0,,,,
6323,8000,73426,1.8883,0.004,3.695,3.7,0.0092,0.08,7.15,0.93,0.0,1214.0,632,577,5,52,48,0,216.0,0.01,3.3e-05,31831.0,,,,
6324,8000,73443,1.8751,0.002,3.6715,3.672,0.0116,0.09,4.7,0.93,0.0,1192.0,628,563,1,53,47,0,220.0,0.01,3.3e-05,31807.0,,,,
6325,8000,73459,1.8707,-0.0039,3.6744,3.695,0.0114,0.09,6.78,0.93,0.0,1217.0,649,567,1,53,47,0,215.0,0.01,3.3e-05,31799.0,,,,
6326,8000,73476,1.8851,0.0121,3.6711,3.696,0.0139,0.1,6.85,0.93,0.0,1209.0,641,567,1,53,47,0,217.0,0.0,3.3e-05,31813.0,,,,
6327,8000,73493,1.9044,0.0138,3.7058,3.639,0.0132,0.1,6.15,0.93,0.0,1230.0,599,629,2,49,51,0,213.0,0.01,3.3e-05,31838.0,,,,
6328,8000,73509,1.8877,0.0075,3.6849,3.615,0.0112,0.1,5.51,0.93,0.0,1197.0,588,609,0,49,51,0,219.0,0.01,3.3e-05,31801.0,,,,
6329,8000,73526,1.8524,0.0025,3.6237,3.547,0.0123,0.1,3.7,0.94,0.0,1183.0,573,610,0,48,52,0,222.0,0.0,3.3e-05,31803.0,,,,
6330,8000,73542,1.8788,0.0113,3.66,3.627,0.013,0.1,4.43,0.93,0.0,1218.0,581,634,3,48,52,0,215.0,0.0,3.3e-05,31828.0,,,,
6331,8000,73559,1.8852,0.0147,3.6659,3.643,0.0123,0.1,4.74,0.93,0.0,1231.0,635,596,0,52,48,0,213.0,0.0,3.3e-05,31769.0,,,,
6332,8000,73575,1.8806,0.009,3.6679,3.619,0.0097,0.08,5.19,0.94,0.0,1163.0,572,590,1,49,51,0,225.0,0.0,3.3e-05,31770.0,,,,
6333,8000,73592,1.8556,-0.0042,3.645,3.634,0.0117,0.09,5.55,0.94,0.0,1150.0,558,590,2,49,51,0,228.0,0.0,3.3e-05,31752.0,,,,
6334,8000,73609,1.8818,0.0165,3.6554,3.563,0.0122,0.1,6.04,0.94,0.0,1110.0,545,563,2,49,51,0,236.0,0.01,3.3e-05,31788.0,,,,
6335,8000,73625,1.8685,0.0149,3.6321,3.54,0.0114,0.1,5.77,0.94,0.0,1149.0,554,590,5,48,51,0,228.0,0.01,3.3e-05,31756.0,,,,
6336,8000,73642,1.8756,0.036,3.6038,3.533,0.0123,0.1,3.88,0.94,0.0,1087.0,553,530,4,51,49,0,241.0,0.0,3.3e-05,31766.0,,,,
6337,8000,73658,1.844,0.0131,3.5862,3.542,0.0118,0.1,4.04,0.94,0.0,1040.0,518,518,4,50,50,0,252.0,0.0,3.3e-05,31779.0,,,,
6338,8000,73675,1.8602,0.0227,3.5993,3.552,0.0132,0.11,4.69,0.94,0.0,1110.0,554,551,5,50,50,0,236.0,0.01,3.3e-05,31753.0,,,,
6339,8000,73691,1.9095,0.0496,3.6443,3.558,0.0098,0.09,4.71,0.94,0.0,1084.0,550,528,6,51,49,1,242.0,0.01,3.3e-05,31782.0,,,,
6340,8000,73708,1.8759,0.031,3.6147,3.548,0.0118,0.1,5.3,0.94,0.0,1143.0,582,555,6,51,49,1,229.0,0.0,3.3e-05,31758.0,,,,
6341,8000,73725,1.9156,-0.0009,3.7573,3.46,0.0117,0.1,5.45,0.92,0.0,1192.0,571,617,4,48,52,0,220.0,0.0,3.3e-05,30717.0,,,,
6342,8000,73742,1.8937,0.0019,3.7098,3.452,0.0119,0.1,4.8,0.92,0.0,1203.0,587,605,11,49,50,1,218.0,0.01,3.3e-05,31849.0,,,,
6343,8000,73758,1.9178,0.0001,3.7599,3.417,0.0134,0.11,5.21,0.92,0.0,1216.0,598,612,6,49,50,0,216.0,0.0,3.3e-05,31850.0,,,,
6344,8000,73775,1.9031,0.0255,3.6787,3.498,0.0112,0.1,3.63,0.93,0.0,1179.0,571,607,1,48,51,0,222.0,0.01,3.3e-05,31853.0,,,,
6345,8000,73791,1.9093,0.0316,3.6786,3.417,0.0119,0.1,3.31,0.93,0.0,1210.0,597,610,3,49,50,0,217.0,0.01,3.3e-05,31847.0,,,,
6346,8000,73808,1.9202,0.0191,3.7254,3.375,0.0115,0.1,6.46,0.93,0.0,1206.0,618,582,6,51,48,0,217.0,0.01,3.3e-05,31846.0,,,,
6347,8000,73824,1.8825,0.013,3.6616,3.387,0.0125,0.11,3.88,0.93,0.0,1177.0,602,572,3,51,49,0,223.0,0.01,3.3e-05,31837.0,,,,
6348,8000,73841,1.9146,0.0295,3.6948,3.406,0.0131,0.11,6.32,0.93,0.0,1200.0,594,597,9,50,50,1,218.0,0.01,3.3e-05,31835.0,,,,
6349,8000,73857,1.8903,0.0294,3.6446,3.419,0.0124,0.1,3.51,0.93,0.0,1185.0,592,588,5,50,50,0,221.0,0.01,3.3e-05,31841.0,256,0,256,50
6350,8000,73889,1.8496,0.0059,3.611,3.496,0.0102,0.09,3.35,0.94,0.0,1161.0,546,612,3,47,53,0,226.0,0.01,3.3e-05,32062.0,,,,
6351,8000,73905,1.8675,0.0114,3.6353,3.416,0.011,0.1,4.36,0.94,0.0,1149.0,590,553,6,51,48,1,228.0,0.01,3.3e-05,31843.0,,,,
6352,8000,73922,1.897,0.0241,3.6689,3.419,0.0125,0.11,3.7,0.94,0.0,1189.0,601,584,4,51,49,0,220.0,0.01,3.3e-05,31853.0,,,,
6353,8000,73938,1.8769,0.0227,3.6316,3.468,0.0118,0.1,3.67,0.94,0.0,1167.0,532,632,3,46,54,0,225.0,0.01,3.3e-05,31831.0,,,,
6354,8000,73955,1.8625,0.0165,3.6164,3.597,0.0101,0.09,4.0,0.94,0.0,1116.0,512,600,4,46,54,0,235.0,0.01,3.3e-05,31842.0,,,,
6355,8000,73971,1.8896,0.0339,3.6356,3.576,0.0116,0.1,3.93,0.94,0.0,1176.0,560,615,1,48,52,0,223.0,0.0,3.3e-05,31841.0,,,,
6356,8000,73988,1.8866,0.0254,3.6458,3.527,0.0106,0.1,4.1,0.94,0.0,1115.0,516,596,3,46,53,0,235.0,0.01,3.3e-05,31842.0,,,,
6357,8000,74004,1.8749,0.0123,3.6483,3.423,0.012,0.1,5.68,0.94,0.0,1107.0,550,556,1,50,50,0,237.0,0.0,3.3e-05,31841.0,,,,
6358,8000,74021,1.8933,0.0361,3.6367,3.412,0.0117,0.1,5.45,0.94,0.0,1097.0,533,559,5,49,51,0,239.0,0.01,3.3e-05,31838.0,,,,
6359,8000,74038,1.8496,0.035,3.5532,3.551,0.0107,0.09,5.77,0.94,0.0,1049.0,537,505,7,51,48,1,250.0,0.0,3.3e-05,31854.0,,,,
6360,8000,74054,1.8673,0.0466,3.5653,3.63,0.0114,0.09,4.31,0.94,0.0,1078.0,526,551,1,49,51,0,243.0,0.01,3.3e-05,31907.0,,,,
6361,8000,74071,1.9207,0.0344,3.6961,3.543,0.0119,0.09,5.3,0.93,0.0,1143.0,607,526,10,53,46,1,229.0,0.01,3.3e-05,30653.0,,,,
6362,8000,74088,1.897,0.0193,3.6784,3.494,0.0138,0.11,4.77,0.93,0.0,1168.0,580,580,8,50,50,1,224.0,0.01,3.3e-05,31802.0,,,,
6363,8000,74104,1.8742,0.0174,3.6374,3.654,0.0121,0.1,5.17,0.93,0.0,1131.0,565,561,5,50,50,0,232.0,0.01,3.3e-05,31875.0,,,,
6364,8000,74121,1.8733,0.0318,3.6079,3.716,0.0115,0.09,4.69,0.93,0.0,1105.0,575,523,7,52,47,1,237.0,0.01,3.3e-05,31776.0,,,,
6365,8000,74137,1.8715,0.0311,3.6055,3.763,0.0125,0.1,5.99,0.94,0.0,1074.0,542,529,3,50,49,0,244.0,0.0,3.3e-05,31792.0,,,,
6366,8000,74154,1.8686,0.0233,3.6156,3.754,0.0125,0.1,5.88,0.94,0.0,1083.0,567,511,5,52,47,0,242.0,0.01,3.3e-05,31803.0,,,,
6367,8000,74170,1.8706,0.0138,3.6384,3.701,0.0121,0.09,6.34,0.94,0.0,1084.0,553,523,8,51,48,1,242.0,0.01,3.3e-05,31876.0,,,,
6368,8000,74187,1.8589,0.0173,3.6088,3.742,0.0107,0.09,5.88,0.94,0.0,1080.0,553,521,6,51,48,1,243.0,0.01,3.3e-05,31802.0,,,,
6369,8000,74204,1.8641,0.0308,3.5926,3.793,0.0105,0.09,3.94,0.94,0.0,1027.0,538,481,8,52,47,1,255.0,0.0,3.3e-05,31806.0,,,,
6370,8000,74220,1.8611,0.0201,3.6073,3.727,0.0112,0.09,7.22,0.94,0.0,1046.0,554,487,5,53,47,0,251.0,0.01,3.3e-05,31835.0,,,,
6371,8000,74237,1.8788,0.0206,3.6413,3.669,0.01,0.08,4.97,0.94,0.0,1083.0,605,469,9,56,43,1,242.0,0.01,3.3e-05,31812.0,,,,
6372,8000,74253,1.8784,0.0266,3.6289,3.658,0.012,0.1,5.35,0.94,0.0,1101.0,565,525,11,51,48,1,238.0,0.01,3.3e-05,31866.0,,,,
6373,8000,74270,1.8658,0.0231,3.6104,3.657,0.0107,0.09,5.5,0.94,0.0,1046.0,523,519,4,50,50,0,251.0,0.0,3.3e-05,31791.0,,,,
6374,8000,74286,1.8573,0.0277,3.5844,3.662,0.0116,0.1,4.87,0.94,0.0,1016.0,537,474,5,53,47,0,258.0,0.01,3.3e-05,31806.0,,,,
6375,8000,74303,1.8648,0.0243,3.6064,3.693,0.0098,0.09,5.81,0.94,0.0,1038.0,550,480,8,53,46,1,253.0,0.01,3.3e-05,31829.0,,,,
6376,8000,74320,1.8772,0.0439,3.592,3.667,0.0126,0.1,4.65,0.94,0.0,1030.0,510,514,6,50,50,1,255.0,0.01,3.3e-05,31807.0,,,,
6377,8000,74336,1.8771,0.0344,3.611,3.688,0.0111,0.09,5.09,0.94,0.0,1063.0,573,481,9,54,45,1,247.0,0.01,3.3e-05,31806.0,,,,
6378,8000,74353,1.8792,0.028,3.6275,3.644,0.0097,0.09,8.22,0.94,0.0,1035.0,556,475,4,54,46,0,253.0,0.01,3.3e-05,31868.0,,,,
6379,8000,74369,1.8568,0.022,3.5946,3.64,0.0116,0.1,4.58,0.94,0.0,1028.0,522,499,7,51,49,1,255.0,0.01,3.3e-05,31777.0,,,,
6380,8000,74386,1.8495,0.0279,3.5689,3.727,0.0116,0.09,4.57,0.94,0.0,1047.0,515,526,6,49,50,1,250.0,0.02,3.3e-05,31863.0,,,,
6381,8000,74403,1.8852,0.0433,3.6094,3.703,0.0134,0.1,5.27,0.93,0.0,1047.0,520,520,7,50,50,1,250.0,0.01,3.3e-05,30718.0,,,,
6382,8000,74419,1.9159,0.0612,3.6352,3.732,0.0112,0.09,4.7,0.93,0.0,1107.0,533,571,3,48,52,0,237.0,0.01,3.3e-05,31846.0,,,,
6383,8000,74436,1.905,0.037,3.6615,3.682,0.011,0.09,5.82,0.92,0.0,1073.0,551,515,7,51,48,1,244.0,0.01,3.3e-05,31843.0,,,,
6384,8000,74452,1.9047,0.0345,3.6654,3.58,0.0121,0.1,5.6,0.93,0.0,1143.0,564,568,11,49,50,1,229.0,0.01,3.3e-05,31845.0,,,,
6385,8000,74469,1.8804,0.0231,3.6402,3.655,0.0121,0.1,4.66,0.93,0.0,1099.0,531,563,5,48,51,0,239.0,0.01,3.3e-05,31851.0,,,,
6386,8000,74486,1.8919,0.0022,3.7046,3.621,0.0149,0.11,5.3,0.92,0.0,1164.0,584,575,5,50,49,0,225.0,0.01,3.3e-05,31846.0,,,,
6387,8000,74502,1.8897,0.0033,3.6977,3.667,0.0113,0.09,7.23,0.92,0.0,1155.0,556,597,2,48,52,0,227.0,0.01,3.3e-05,31843.0,,,,
6388,8000,74519,1.8976,0.0182,3.6847,3.768,0.0112,0.09,8.41,0.93,0.0,1080.0,524,554,2,49,51,0,243.0,0.01,3.3e-05,31844.0,,,,
6389,8000,74535,1.8655,0.0096,3.6373,3.756,0.0104,0.09,6.92,0.94,0.0,1090.0,532,556,2,49,51,0,240.0,0.01,3.3e-05,31846.0,,,,
6390,8000,74552,1.848,0.008,3.6056,3.747,0.0128,0.1,5.86,0.94,0.0,1085.0,513,570,2,47,53,0,242.0,0.01,3.3e-05,31848.0,,,,
6391,8000,74568,1.8701,0.0117,3.6416,3.626,0.0106,0.09,7.78,0.93,0.0,1052.0,542,508,2,52,48,0,249.0,0.0,3.3e-05,31886.0,,,,
6392,8000,74585,1.8566,0.0109,3.6159,3.631,0.0135,0.1,4.99,0.93,0.0,1081.0,549,527,5,51,49,0,243.0,0.01,3.3e-05,31847.0,,,,
6393,8000,74601,1.8757,0.0129,3.65,3.586,0.0111,0.09,6.34,0.94,0.0,1098.0,548,544,6,50,50,1,239.0,0.01,3.3e-05,31832.0,,,,
6394,8000,74618,1.8659,0.0124,3.6312,3.594,0.0127,0.1,4.85,0.94,0.0,1112.0,573,532,7,52,48,1,236.0,0.01,3.3e-05,31870.0,,,,
6395,8000,74634,1.8389,0.0256,3.5512,3.641,0.0134,0.09,6.1,0.94,0.0,1035.0,517,518,0,50,50,0,253.0,0.01,3.3e-05,31854.0,,,,
6396,8000,74651,1.8519,0.02,3.5886,3.716,0.0121,0.09,6.31,0.94,0.0,1061.0,509,550,2,48,52,0,247.0,0.02,3.3e-05,31839.0,,,,
6397,8000,74667,1.8378,0.0095,3.5818,3.734,0.0129,0.1,7.29,0.94,0.0,998.0,501,496,1,50,50,0,263.0,0.01,3.3e-05,31863.0,,,,
6398,8000,74684,1.8623,-0.0001,3.6501,3.758,0.0098,0.08,21.47,0.94,0.0,970.0,460,503,7,47,52,1,270.0,0.01,3.3e-05,31840.0,,,,
6399,8000,74700,1.8761,0.0039,3.6699,3.806,0.0095,0.08,32.91,0.95,0.0,974.0,513,456,5,53,47,1,269.0,0.01,3.3e-05,31850.0,175,0,337,34
6400,8000,74732,1.837,0.0114,3.5764,3.71,0.0102,0.08,7.37,0.94,0.0,972.0,466,496,10,48,51,1,270.0,0.01,3.3e-05,31965.0,,,,
6401,8000,74749,1.8704,0.0069,3.6528,3.767,0.0127,0.1,9.4,0.93,0.0,1062.0,502,552,8,47,52,1,247.0,0.01,3.3e-05,30683.0,,,,
6402,8000,74766,1.8177,-0.007,3.5752,3.753,0.0153,0.11,8.81,0.94,0.0,1028.0,492,527,9,48,51,1,255.0,0.02,3.3e-05,31843.0,,,,
6403,8000,74782,1.8835,0.0016,3.6891,3.703,0.0123,0.09,12.53,0.93,0.0,1083.0,533,543,7,49,50,1,242.0,0.01,3.3e-05,31836.0,,,,
6404,8000,74799,1.8797,0.0116,3.662,3.746,0.0097,0.08,11.24,0.94,0.0,1089.0,562,520,7,52,48,1,241.0,0.0,3.2e-05,31826.0,,,,
6405,8000,74815,1.8853,0.0152,3.6664,3.775,0.0138,0.1,7.14,0.94,0.0,1128.0,584,542,2,52,48,0,232.0,0.01,3.2e-05,31895.0,,,,
6406,8000,74832,1.8479,0.0198,3.5824,3.822,0.0143,0.1,5.79,0.94,0.0,1037.0,511,524,2,49,51,0,253.0,0.0,3.2e-05,31871.0,,,,
6407,8000,74848,1.8839,0.0151,3.6638,3.751,0.0123,0.1,10.91,0.94,0.0,1062.0,531,527,4,50,50,0,247.0,0.0,3.2e-05,31845.0,,,,
6408,8000,74865,1.8663,0.0299,3.5986,3.673,0.013,0.1,6.75,0.94,0.0,1031.0,488,540,3,47,52,0,254.0,0.0,3.2e-05,31834.0,,,,
6409,8000,74881,1.8495,0.0298,3.5665,3.833,0.0122,0.09,7.28,0.94,0.0,1022.0,504,514,4,49,50,0,257.0,0.01,3.2e-05,31838.0,,,,
6410,8000,74898,1.8354,0.0107,3.5768,3.905,0.0121,0.09,9.79,0.94,0.0,1051.0,535,512,4,51,49,0,249.0,0.01,3.2e-05,31837.0,,,,
6411,8000,74915,1.8516,0.003,3.625,3.841,0.0136,0.1,7.39,0.94,0.0,1060.0,560,495,5,53,47,0,247.0,0.01,3.2e-05,31834.0,,,,
6412,8000,74931,1.8783,0.0156,3.6532,3.85,0.0129,0.1,10.8,0.94,0.0,1142.0,556,582,4,49,51,0,230.0,0.02,3.2e-05,31820.0,,,,
6413,8000,74948,1.8668,0.0052,3.6506,3.823,0.0129,0.1,5.94,0.94,0.0,1124.0,592,531,1,53,47,0,233.0,0.01,3.2e-05,31829.0,,,,
6414,8000,74964,1.9004,0.0137,3.7005,3.776,0.0135,0.1,7.86,0.93,0.0,1113.0,552,560,1,50,50,0,236.0,0.01,3.2e-05,31873.0,,,,
6415,8000,74981,1.9172,0.0138,3.7335,3.711,0.0152,0.11,9.66,0.93,0.0,1232.0,641,590,1,52,48,0,213.0,0.0,3.2e-05,31881.0,,,,
6416,8000,74997,1.8974,0.0169,3.6882,3.776,0.0132,0.1,6.29,0.93,0.0,1117.0,566,549,2,51,49,0,235.0,0.0,3.2e-05,31821.0,,,,
6417,8000,75014,1.8964,0.0124,3.6947,3.702,0.013,0.1,5.28,0.93,0.0,1149.0,573,576,0,50,50,0,228.0,0.01,3.2e-05,31840.0,,,,
6418,8000,75030,1.9023,0.0086,3.7145,3.707,0.0149,0.11,5.09,0.93,0.0,1149.0,567,580,2,49,50,0,228.0,0.01,3.2e-05,31832.0,,,,
6419,8000,75047,1.9231,0.017,3.7385,3.581,0.0147,0.11,9.24,0.93,0.0,1192.0,620,570,2,52,48,0,220.0,0.0,3.2e-05,31860.0,,,,
6420,8000,75063,1.9139,0.017,3.7202,3.569,0.0134,0.11,4.73,0.92,0.0,1217.0,580,634,3,48,52,0,215.0,0.0,3.2e-05,31837.0,,,,
6421,8000,75080,1.9038,-0.0094,3.7523,3.539,0.0118,0.1,5.36,0.92,0.0,1209.0,613,592,4,51,49,0,217.0,0.0,3.2e-05,30626.0,,,,
6422,8000,75097,1.876,-0.0068,3.6914,3.518,0.0136,0.11,7.35,0.92,0.0,1138.0,544,594,0,48,52,0,230.0,0.01,3.2e-05,31766.0,,,,
6423,8000,75114,1.8619,-0.0057,3.6611,3.541,0.0134,0.1,4.94,0.93,0.0,1057.0,531,524,2,50,50,0,248.0,0.02,3.2e-05,31820.0,,,,
6424,8000,75130,1.8621,-0.0013,3.6524,3.569,0.0117,0.1,5.5,0.92,0.0,1065.0,502,561,2,47,53,0,246.0,0.02,3.2e-05,31836.0,,,,
6425,8000,75147,1.8562,-0.0001,3.6378,3.548,0.0117,0.1,6.51,0.93,0.0,1079.0,522,556,1,48,52,0,243.0,0.01,3.2e-05,31756.0,,,,
6426,8000,75163,1.87,-0.0018,3.669,3.569,0.0144,0.1,8.13,0.93,0.0,1059.0,515,541,3,49,51,0,248.0,0.0,3.2e-05,31770.0,,,,
6427,8000,75180,1.8757,-0.0068,3.69,3.467,0.0115,0.1,5.54,0.93,0.0,1128.0,600,525,3,53,47,0,232.0,0.01,3.2e-05,31763.0,,,,
6428,8000,75196,1.8825,0.004,3.6817,3.489,0.0122,0.1,6.67,0.93,0.0,1143.0,542,599,2,47,52,0,229.0,0.01,3.2e-05,31755.0,,,,
6429,8000,75213,1.9445,0.0187,3.7767,3.487,0.0127,0.1,12.23,0.93,0.0,1090.0,535,552,3,49,51,0,240.0,0.01,3.2e-05,31857.0,,,,
6430,8000,75229,1.8522,0.0111,3.6083,3.65,0.0122,0.11,4.36,0.94,0.0,1048.0,544,502,2,52,48,0,250.0,0.01,3.2e-05,31776.0,,,,
6431,8000,75246,1.8327,0.013,3.5656,3.687,0.0117,0.1,5.03,0.94,0.0,994.0,487,504,3,49,51,0,264.0,0.01,3.2e-05,31765.0,,,,
6432,8000,75262,1.8204,0.015,3.5378,3.777,0.0117,0.1,4.61,0.94,0.0,948.0,450,495,3,47,52,0,277.0,0.01,3.2e-05,31866.0,,,,
6433,8000,75279,1.8346,0.0073,3.5812,3.698,0.0125,0.1,4.07,0.93,0.0,1004.0,510,492,2,51,49,0,261.0,0.01,3.2e-05,31747.0,,,,
6434,8000,75296,1.8471,-0.0049,3.6301,3.629,0.0116,0.1,6.66,0.93,0.0,1060.0,568,489,3,54,46,0,247.0,0.01,3.2e-05,31847.0,,,,
6435,8000,75312,1.8203,-0.0015,3.5703,3.744,0.0109,0.09,4.4,0.94,0.0,1016.0,519,496,1,51,49,0,258.0,0.01,3.2e-05,31770.0,,,,
6436,8000,75329,1.8784,0.0152,3.6532,3.718,0.0111,0.09,5.68,0.93,0.0,1112.0,536,573,3,48,52,0,236.0,0.0,3.2e-05,31770.0,,,,
6437,8000,75345,1.8755,0.0217,3.6348,3.742,0.0097,0.09,5.33,0.93,0.0,1105.0,546,557,2,49,50,0,237.0,0.0,3.2e-05,31782.0,,,,
6438,8000,75362,1.867,-0.0004,3.6617,3.656,0.0107,0.09,6.13,0.93,0.0,1094.0,543,543,8,50,50,1,240.0,0.01,3.2e-05,31850.0,,,,
6439,8000,75378,1.8809,0.0088,3.6701,3.605,0.0121,0.1,4.15,0.93,0.0,1152.0,578,573,1,50,50,0,228.0,0.01,3.2e-05,31761.0,,,,
6440,8000,75395,1.9094,0.009,3.7259,3.477,0.0132,0.1,3.84,0.93,0.0,1190.0,574,614,2,48,52,0,220.0,0.0,3.2e-05,31764.0,,,,
6441,8000,75412,1.894,-0.0017,3.7166,3.485,0.0121,0.1,3.58,0.92,0.0,1247.0,583,663,1,47,53,0,210.0,0.0,3.2e-05,30700.0,,,,
6442,8000,75429,1.8877,-0.0194,3.7392,3.485,0.013,0.11,3.35,0.92,0.0,1220.0,622,595,3,51,49,0,215.0,0.0,3.2e-05,31885.0,,,,
6443,8000,75445,1.8822,-0.0121,3.7138,3.54,0.0121,0.1,4.77,0.93,0.0,1140.0,566,571,3,50,50,0,230.0,0.0,3.2e-05,31824.0,,,,
6444,8000,75462,1.8941,0.0049,3.7036,3.564,0.0121,0.1,4.44,0.93,0.0,1132.0,571,560,1,50,49,0,232.0,0.0,3.2e-05,31900.0,,,,
6445,8000,75478,1.8979,0.0065,3.7081,3.525,0.0115,0.1,4.22,0.93,0.0,1166.0,558,605,3,48,52,0,225.0,0.01,3.2e-05,31835.0,,,,
6446,8000,75495,1.8563,-0.0221,3.6825,3.531,0.0118,0.1,3.48,0.93,0.0,1183.0,579,600,4,49,51,0,222.0,0.0,3.2e-05,31813.0,,,,
6447,8000,75511,1.8505,-0.028,3.6821,3.501,0.0132,0.1,3.96,0.93,0.0,1197.0,568,627,2,47,52,0,219.0,0.0,3.2e-05,31815.0,,,,
6448,8000,75528,1.833,-0.0152,3.6222,3.566,0.011,0.09,3.41,0.93,0.0,1120.0,554,561,5,49,50,0,234.0,0.0,3.2e-05,31909.0,,,,
6449,8000,75544,1.8372,0.0003,3.6007,3.669,0.0108,0.09,4.01,0.93,0.0,1106.0,535,562,9,48,51,1,237.0,0.0,3.2e-05,31867.0,244,0,268,48
6450,8000,75576,1.8604,0.0011,3.6438,3.5,0.0118,0.1,3.92,0.93,0.0,1130.0,559,565,6,49,50,1,232.0,0.0,3.2e-05,32006.0,,,,
6451,8000,75592,1.8479,-0.0167,3.656,3.521,0.0103,0.09,4.76,0.93,0.0,1155.0,549,592,14,48,51,1,227.0,0.0,3.2e-05,31864.0,,,,
6452,8000,75609,1.8531,-0.0079,3.6492,3.61,0.0101,0.09,4.25,0.93,0.0,1115.0,543,561,11,49,50,1,235.0,0.0,3.2e-05,31863.0,,,,
6453,8000,75625,1.8466,0.0056,3.609,3.614,0.0123,0.09,4.37,0.94,0.0,1117.0,559,548,10,50,49,1,235.0,0.0,3.2e-05,31917.0,,,,
6454,8000,75642,1.8587,-0.0035,3.6515,3.545,0.0103,0.09,4.4,0.93,0.0,1162.0,557,595,10,48,51,1,226.0,0.01,3.2e-05,31858.0,,,,
6455,8000,75658,1.8259,0.0022,3.5739,3.68,0.0105,0.09,4.17,0.94,0.0,1067.0,542,518,7,51,49,1,246.0,0.01,3.2e-05,31850.0,,,,
6456,8000,75675,1.8201,-0.0006,3.568,3.68,0.0113,0.09,3.98,0.94,0.0,1125.0,558,560,7,50,50,1,233.0,0.0,3.2e-05,31867.0,,,,
6457,8000,75691,1.8248,0.0007,3.5746,3.708,0.0107,0.09,4.62,0.94,0.0,1045.0,519,521,5,50,50,0,251.0,0.0,3.2e-05,31905.0,,,,
6458,8000,75708,1.8299,0.0025,3.5814,3.749,0.0113,0.09,7.51,0.94,0.0,1058.0,530,524,4,50,50,0,248.0,0.0,3.2e-05,31858.0,,,,
6459,8000,75724,1.8136,-0.0006,3.5547,3.711,0.0102,0.09,4.81,0.94,0.0,997.0,504,489,4,51,49,0,263.0,0.0,3.2e-05,31844.0,,,,
6460,8000,75741,1.8209,-0.0003,3.5684,3.704,0.0099,0.08,5.65,0.94,0.0,1050.0,535,507,8,51,48,1,250.0,0.01,3.2e-05,31873.0,,,,
6461,8000,75758,1.9197,0.0134,3.7379,3.552,0.0125,0.1,5.11,0.92,0.0,1122.0,566,543,13,50,48,1,234.0,0.01,3.2e-05,30648.0,,,,
6462,8000,75775,1.8649,0.0139,3.6276,3.584,0.0128,0.1,4.58,0.93,0.0,1142.0,572,559,11,50,49,1,230.0,0.01,3.2e-05,31855.0,,,,
6463,8000,75791,1.8648,0.0164,3.6228,3.585,0.0126,0.1,3.38,0.93,0.0,1099.0,567,523,9,52,48,1,239.0,0.01,3.2e-05,31848.0,,,,
6464,8000,75808,1.8414,0.0102,3.5884,3.682,0.0122,0.09,3.57,0.94,0.0,1099.0,558,530,11,51,48,1,239.0,0.01,3.2e-05,31866.0,,,,
6465,8000,75824,1.8454,0.0197,3.5767,3.676,0.0142,0.1,5.81,0.94,0.0,1042.0,538,500,4,52,48,0,252.0,0.0,3.2e-05,31844.0,,,,
6466,8000,75841,1.8738,0.0271,3.6191,3.704,0.0118,0.09,6.81,0.93,0.0,1073.0,557,512,4,52,48,0,244.0,0.01,3.2e-05,31866.0,,,,
6467,8000,75857,1.8582,0.019,3.6049,3.697,0.011,0.09,4.76,0.94,0.0,1064.0,526,528,10,49,50,1,246.0,0.01,3.2e-05,31915.0,,,,
6468,8000,75874,1.8578,0.0145,3.6133,3.683,0.0115,0.09,4.61,0.94,0.0,1071.0,551,509,11,51,48,1,245.0,0.0,3.2e-05,31859.0,,,,
6469,8000,75890,1.8484,-0.0005,3.6246,3.723,0.0121,0.09,4.97,0.93,0.0,1098.0,560,532,6,51,48,1,239.0,0.01,3.2e-05,31835.0,,,,
6470,8000,75907,1.8304,0.0093,3.5699,3.776,0.0098,0.08,5.75,0.94,0.0,1011.0,540,454,17,53,45,2,259.0,0.0,3.2e-05,31865.0,,,,
6471,8000,75923,1.8383,0.0114,3.5809,3.814,0.0125,0.09,5.02,0.94,0.0,1024.0,518,501,5,51,49,0,256.0,0.0,3.2e-05,31895.0,,,,
6472,8000,75940,1.8409,0.0219,3.5645,3.705,0.0126,0.09,6.48,0.94,0.0,1014.0,517,486,11,51,48,1,259.0,0.01,3.2e-05,31847.0,,,,
6473,8000,75956,1.8553,0.0282,3.581,3.789,0.0114,0.09,6.56,0.94,0.0,1006.0,504,496,6,50,49,1,261.0,0.01,3.2e-05,31909.0,,,,
6474,8000,75973,1.8661,0.0072,3.6452,3.756,0.0102,0.08,19.34,0.94,0.0,1059.0,525,520,14,50,49,1,248.0,0.01,3.2e-05,31905.0,,,,
6475,8000,75989,1.8732,-0.006,3.6839,3.633,0.0076,0.07,10.23,0.94,0.0,1069.0,542,524,3,51,49,0,245.0,0.01,3.2e-05,31899.0,,,,
6476,8000,76006,1.8504,0.0166,3.5935,3.698,0.0124,0.09,4.44,0.94,0.0,1070.0,564,503,3,53,47,0,245.0,0.01,3.2e-05,31851.0,,,,
6477,8000,76022,1.8514,0.0172,3.5943,3.741,0.0144,0.09,6.65,0.94,0.0,1039.0,546,486,7,53,47,1,252.0,0.0,3.2e-05,31840.0,,,,
6478,8000,76039,1.8397,0.0117,3.5818,3.684,0.0114,0.09,7.59,0.94,0.0,1079.0,556,516,7,52,48,1,243.0,0.0,3.2e-05,31853.0,,,,
6479,8000,76055,1.8222,0.0153,3.54,3.706,0.0148,0.1,4.09,0.94,0.0,1047.0,516,526,5,49,50,0,250.0,0.0,3.2e-05,31866.0,,,,
6480,8000,76072,1.8343,0.0153,3.5635,3.652,0.0153,0.1,6.01,0.94,0.0,1077.0,561,512,4,52,48,0,243.0,0.0,3.2e-05,31846.0,,,,
6481,8000,76089,1.9011,0.0183,3.6912,3.592,0.014,0.1,3.92,0.93,0.0,1169.0,596,565,8,51,48,1,224.0,0.01,3.2e-05,30639.0,,,,
6482,8000,76106,1.8865,0.0088,3.6811,3.559,0.012,0.1,7.28,0.93,0.0,1159.0,617,538,4,53,46,0,226.0,0.01,3.2e-05,31834.0,,,,
6483,8000,76122,1.8636,0.0032,3.6471,3.637,0.0131,0.1,4.17,0.94,0.0,1148.0,584,563,1,51,49,0,228.0,0.0,3.2e-05,31767.0,,,,
6484,8000,76139,1.874,0.0102,3.6538,3.595,0.0145,0.1,4.47,0.94,0.0,1120.0,561,556,3,50,50,0,234.0,0.01,3.2e-05,31793.0,,,,
6485,8000,76155,1.8877,0.0181,3.6654,3.533,0.0126,0.1,4.61,0.94,0.0,1144.0,574,565,5,50,49,0,229.0,0.01,3.2e-05,31786.0,,,,
6486,8000,76172,1.8888,0.0187,3.6663,3.582,0.0109,0.1,5.7,0.94,0.0,1142.0,563,578,1,49,51,0,230.0,0.01,3.2e-05,31775.0,,,,
6487,8000,76188,1.8666,0.012,3.6361,3.679,0.0131,0.1,4.59,0.94,0.0,1138.0,548,586,4,48,51,0,230.0,0.01,3.2e-05,31797.0,,,,
6488,8000,76205,1.8504,0.0183,3.5908,3.707,0.0129,0.1,3.38,0.94,0.0,1094.0,570,522,2,52,48,0,240.0,0.01,3.2e-05,31776.0,,,,
6489,8000,76222,1.8327,0.0051,3.5821,3.732,0.0115,0.1,3.67,0.94,0.0,1061.0,532,526,3,50,50,0,247.0,0.01,3.2e-05,31792.0,,,,
6490,8000,76238,1.8546,0.0027,3.6303,3.645,0.0106,0.09,4.85,0.94,0.0,1147.0,566,579,2,49,50,0,229.0,0.01,3.2e-05,31841.0,,,,
6491,8000,76255,1.8777,0.02,3.6419,3.649,0.0107,0.09,3.58,0.94,0.0,1140.0,542,595,3,48,52,0,230.0,0.01,3.2e-05,31774.0,,,,
6492,8000,76271,1.8685,0.0072,3.6494,3.674,0.0113,0.1,5.42,0.94,0.0,1170.0,578,588,4,49,50,0,224.0,0.01,3.2e-05,31771.0,,,,
6493,8000,76288,1.8544,0.015,3.6049,3.61,0.0098,0.09,4.48,0.94,0.0,1106.0,555,549,2,50,50,0,237.0,0.02,3.2e-05,31781.0,,,,
6494,8000,76304,1.8542,0.0211,3.593,3.696,0.011,0.09,4.54,0.95,0.0,1138.0,563,567,8,49,50,1,230.0,0.02,3.2e-05,31762.0,,,,
6495,8000,76321,1.8673,0.0135,3.6333,3.586,0.0121,0.1,4.16,0.94,0.0,1163.0,549,612,2,47,53,0,225.0,0.02,3.2e-05,31772.0,,,,
6496,8000,76337,1.8405,0.0129,3.5813,3.649,0.0133,0.1,3.4,0.94,0.0,1158.0,585,570,3,51,49,0,226.0,0.01,3.2e-05,31783.0,,,,
6497,8000,76354,1.8268,0.0022,3.5751,3.678,0.0115,0.09,3.71,0.95,0.0,1105.0,571,530,4,52,48,0,237.0,0.01,3.2e-05,31802.0,,,,
6498,8000,76371,1.834,0.0129,3.5691,3.757,0.0127,0.1,3.12,0.94,0.0,1132.0,583,546,3,52,48,0,232.0,0.01,3.2e-05,31760.0,,,,
6499,8000,76387,1.7971,0.0039,3.5131,3.772,0.011,0.09,3.32,0.95,0.0,1038.0,519,516,3,50,50,0,253.0,0.01,3.2e-05,31795.0,201,0,311,39
6500,8000,76419,1.7992,0.0021,3.521,3.721,0.0113,0.09,3.83,0.95,0.0,1010.0,498,508,4,49,50,0,260.0,0.01,3.2e-05,31988.0,,,,
6501,8000,76436,1.8533,-0.0035,3.6393,3.577,0.0131,0.1,3.7,0.94,0.0,1071.0,542,524,5,51,49,0,245.0,0.01,3.2e-05,30660.0,,,,
6502,8000,76452,1.8353,0.0029,3.5897,3.528,0.013,0.1,3.33,0.94,0.0,1105.0,571,527,7,52,48,1,237.0,0.01,3.2e-05,31777.0,,,,
6503,8000,76469,1.8519,0.006,3.6169,3.538,0.0135,0.1,3.05,0.94,0.0,1149.0,590,554,5,51,48,0,228.0,0.01,3.2e-05,31789.0,,,,
6504,8000,76485,1.8555,0.0097,3.617,3.565,0.0131,0.1,3.7,0.94,0.0,1142.0,569,570,3,50,50,0,230.0,0.01,3.2e-05,31854.0,,,,
6505,8000,76502,1.8489,0.0008,3.621,3.494,0.0132,0.1,3.35,0.94,0.0,1231.0,665,563,3,54,46,0,213.0,0.02,3.2e-05,31799.0,,,,
6506,8000,76519,1.8695,0.0128,3.6385,3.536,0.0112,0.09,4.25,0.94,0.0,1236.0,650,583,3,53,47,0,212.0,0.03,3.2e-05,31803.0,,,,
6507,8000,76535,1.8534,0.0022,3.627,3.465,0.011,0.09,3.63,0.94,0.0,1199.0,593,604,2,49,50,0,219.0,0.02,3.2e-05,31811.0,,,,
6508,8000,76552,1.8777,0.0186,3.6427,3.472,0.0123,0.1,3.81,0.94,0.0,1192.0,563,628,1,47,53,0,220.0,0.01,3.2e-05,31861.0,,,,
6509,8000,76568,1.8686,0.0161,3.6293,3.439,0.0126,0.1,3.22,0.94,0.0,1228.0,625,601,2,51,49,0,213.0,0.0,3.2e-05,31853.0,,,,
6510,8000,76585,1.8681,0.0098,3.6405,3.421,0.0134,0.1,3.92,0.94,0.0,1212.0,586,624,2,48,51,0,216.0,0.0,3.2e-05,31812.0,,,,
6511,8000,76601,1.8242,-0.0077,3.5877,3.389,0.0117,0.1,3.67,0.95,0.0,1174.0,579,594,1,49,51,0,223.0,0.01,3.2e-05,31811.0,,,,
6512,8000,76618,1.8517,0.0012,3.625,3.41,0.0137,0.1,3.75,0.94,0.0,1200.0,594,605,1,50,50,0,218.0,0.0,3.2e-05,31790.0,,,,
6513,8000,76634,1.838,0.0059,3.5889,3.463,0.0121,0.1,3.69,0.94,0.0,1154.0,578,572,4,50,50,0,227.0,0.0,3.2e-05,31796.0,,,,
6514,8000,76651,1.8574,0.0042,3.6311,3.384,0.0113,0.09,4.36,0.94,0.0,1252.0,609,634,9,49,51,1,209.0,0.0,3.2e-05,31888.0,,,,
6515,8000,76667,1.832,0.0135,3.5613,3.418,0.0112,0.09,3.6,0.95,0.0,1207.0,623,580,4,52,48,0,217.0,0.01,3.2e-05,31799.0,,,,
6516,8000,76684,1.8481,0.0241,3.5724,3.485,0.0139,0.1,4.0,0.95,0.0,1195.0,601,590,4,50,49,0,219.0,0.01,3.2e-05,31814.0,,,,
6517,8000,76700,1.8261,0.0123,3.5522,3.493,0.0127,0.1,3.82,0.95,0.0,1161.0,581,579,1,50,50,0,226.0,0.01,3.2e-05,31864.0,,,,
6518,8000,76717,1.8204,0.0054,3.5542,3.434,0.0119,0.1,4.07,0.95,0.0,1147.0,595,546,6,52,48,1,229.0,0.01,3.2e-05,31791.0,,,,
6519,8000,76734,1.8132,0.0059,3.5389,3.42,0.0123,0.1,5.05,0.95,0.0,1098.0,559,533,6,51,49,1,239.0,0.01,3.2e-05,31796.0,,,,
6520,8000,76750,1.8534,0.0018,3.6268,3.293,0.0089,0.08,6.65,0.95,0.0,1123.0,576,540,7,51,48,1,233.0,0.01,3.2e-05,31784.0,,,,
6521,8000,76767,1.8862,0.0013,3.6949,3.341,0.0125,0.1,4.24,0.93,0.0,1166.0,594,559,13,51,48,1,225.0,0.0,3.2e-05,30702.0,,,,
6522,8000,76784,1.8964,-0.0073,3.7324,3.344,0.0146,0.11,3.49,0.92,0.0,1264.0,641,609,14,51,48,1,207.0,0.0,3.2e-05,31822.0,,,,
6523,8000,76800,1.8853,-0.01,3.715,3.336,0.0132,0.1,3.62,0.92,0.0,1293.0,668,615,10,52,48,1,203.0,0.01,3.2e-05,31833.0,,,,
6524,8000,76817,1.8927,-0.0078,3.7268,3.364,0.0121,0.1,3.54,0.92,0.0,1269.0,681,574,14,54,45,1,207.0,0.02,3.2e-05,31848.0,,,,
6525,8000,76833,1.9111,0.0123,3.7226,3.375,0.0131,0.1,3.41,0.93,0.0,1239.0,653,581,5,53,47,0,212.0,0.02,3.2e-05,31836.0,,,,
6526,8000,76850,1.9116,0.0082,3.7319,3.318,0.0127,0.1,4.05,0.93,0.0,1212.0,609,598,5,50,49,0,216.0,0.02,3.2e-05,31848.0,,,,
6527,8000,76866,1.8954,-0.0098,3.7341,3.272,0.012,0.1,3.92,0.93,0.0,1248.0,652,594,2,52,48,0,210.0,0.01,3.2e-05,31837.0,,,,
6528,8000,76883,1.9192,0.0266,3.7093,3.318,0.0123,0.1,3.58,0.93,0.0,1167.0,593,572,2,51,49,0,225.0,0.0,3.2e-05,31835.0,,,,
6529,8000,76899,1.915,0.0324,3.6888,3.306,0.0118,0.1,4.13,0.94,0.0,1146.0,585,560,1,51,49,0,229.0,0.0,3.2e-05,31846.0,,,,
6530,8000,76916,1.9121,0.023,3.7026,3.176,0.0098,0.09,3.49,0.93,0.0,1181.0,630,544,7,53,46,1,222.0,0.0,3.2e-05,31900.0,,,,
6531,8000,76932,1.8899,0.0002,3.704,3.2,0.0107,0.1,4.2,0.93,0.0,1222.0,641,571,10,52,47,1,215.0,0.0,3.2e-05,31880.0,,,,
6532,8000,76949,1.8856,0.0093,3.6754,3.136,0.012,0.1,4.09,0.94,0.0,1200.0,651,547,2,54,46,0,218.0,0.0,3.2e-05,31843.0,,,,
6533,8000,76966,1.9111,0.0176,3.7105,3.128,0.0127,0.1,3.85,0.93,0.0,1255.0,638,611,6,51,49,0,209.0,0.0,3.2e-05,31826.0,,,,
6534,8000,76982,1.9055,0.0161,3.7011,3.058,0.0123,0.11,3.51,0.94,0.0,1235.0,633,597,5,51,48,0,212.0,0.0,3.2e-05,31896.0,,,,
6535,8000,76999,1.9016,0.0182,3.6898,3.149,0.0118,0.1,3.48,0.94,0.0,1259.0,657,599,3,52,48,0,208.0,0.0,3.2e-05,31844.0,,,,
6536,8000,77015,1.906,0.002,3.7303,3.108,0.0122,0.1,3.26,0.93,0.0,1281.0,651,627,3,51,49,0,205.0,0.0,3.2e-05,31853.0,,,,
6537,8000,77032,1.9,0.0168,3.6878,3.026,0.0117,0.1,3.42,0.94,0.0,1186.0,607,578,1,51,49,0,221.0,0.0,3.2e-05,31835.0,,,,
6538,8000,77048,1.9005,0.0218,3.6797,3.088,0.0136,0.11,5.52,0.94,0.0,1240.0,635,602,3,51,49,0,211.0,0.0,3.2e-05,31833.0,,,,
6539,8000,77065,1.8996,0.0067,3.7074,3.065,0.0116,0.1,3.71,0.94,0.0,1195.0,609,584,2,51,49,0,219.0,0.0,3.2e-05,31829.0,,,,
6540,8000,77081,1.8792,-0.0082,3.6966,3.077,0.0117,0.1,3.54,0.94,0.0,1226.0,618,606,2,50,49,0,214.0,0.0,3.2e-05,31834.0,,,,
6541,8000,77098,1.9549,0.0164,3.7987,3.084,0.0141,0.11,5.7,0.92,0.0,1224.0,602,620,2,49,51,0,214.0,0.0,3.2e-05,30672.0,,,,
6542,8000,77115,1.9266,0.0208,3.7329,3.061,0.0137,0.1,4.48,0.93,0.0,1178.0,584,593,1,50,50,0,223.0,0.0,3.2e-05,31880.0,,,,
6543,8000,77131,1.8906,0.0013,3.7007,3.126,0.0124,0.09,5.41,0.93,0.0,1211.0,598,612,1,49,51,0,216.0,0.0,3.2e-05,31799.0,,,,
6544,8000,77148,1.8838,0.0102,3.6704,3.194,0.0141,0.11,3.05,0.93,0.0,1187.0,562,621,4,47,52,0,221.0,0.01,3.2e-05,31802.0,,,,
6545,8000,77164,1.8762,0.0163,3.6423,3.254,0.0135,0.1,3.2,0.94,0.0,1149.0,580,569,0,50,50,0,228.0,0.01,3.2e-05,31782.0,,,,
6546,8000,77181,1.8708,0.0269,3.611,3.283,0.0124,0.1,4.11,0.94,0.0,1126.0,587,538,1,52,48,0,233.0,0.0,3.2e-05,31802.0,,,,
6547,8000,77197,1.8349,0.0054,3.5825,3.283,0.0119,0.1,3.24,0.94,0.0,1134.0,545,586,3,48,52,0,231.0,0.01,3.2e-05,31887.0,,,,
6548,8000,77214,1.8297,0.0024,3.5789,3.42,0.011,0.09,4.02,0.94,0.0,1088.0,518,566,4,48,52,0,241.0,0.01,3.2e-05,31815.0,,,,
6549,8000,77231,1.8627,0.0164,3.6173,3.439,0.0118,0.09,3.98,0.94,0.0,1146.0,554,587,5,48,51,0,229.0,0.01,3.2e-05,31814.0,218,0,294,43
6550,8000,77262,1.8642,0.0037,3.6469,3.399,0.0088,0.08,8.95,0.94,0.0,1132.0,574,548,10,51,48,1,232.0,0.01,3.2e-05,31943.0,,,,
6551,8000,77279,1.834,-0.0027,3.5986,3.425,0.0128,0.09,3.2,0.94,0.0,1212.0,582,623,7,48,51,1,216.0,0.01,3.2e-05,31800.0,,,,
6552,8000,77295,1.858,-0.0077,3.6563,3.442,0.0125,0.09,5.2,0.94,0.0,1180.0,578,596,6,49,51,1,222.0,0.01,3.2e-05,31812.0,,,,
6553,8000,77312,1.856,-0.0021,3.6413,3.478,0.0113,0.09,5.71,0.94,0.0,1186.0,600,580,6,51,49,1,221.0,0.0,3.2e-05,31791.0,,,,
6554,8000,77328,1.8687,0.0137,3.636,3.509,0.0115,0.09,4.18,0.94,0.0,1218.0,592,619,7,49,51,1,215.0,0.0,3.2e-05,31798.0,,,,
6555,8000,77345,1.8455,0.0066,3.6036,3.458,0.0129,0.1,3.09,0.94,0.0,1246.0,633,606,7,51,49,1,210.0,0.0,3.2e-05,31813.0,,,,
6556,8000,77361,1.8356,-0.0081,3.6121,3.451,0.0111,0.09,4.65,0.94,0.0,1187.0,609,576,2,51,49,0,221.0,0.0,3.2e-05,31807.0,,,,
6557,8000,77378,1.8431,-0.0003,3.6121,3.415,0.0118,0.09,3.72,0.94,0.0,1159.0,552,597,10,48,52,1,226.0,0.01,3.2e-05,31790.0,,,,
6558,8000,77394,1.8501,0.0168,3.592,3.489,0.0121,0.09,4.82,0.94,0.0,1157.0,576,575,6,50,50,1,227.0,0.01,3.2e-05,31879.0,,,,
6559,8000,77411,1.8208,0.0066,3.5539,3.548,0.0133,0.1,3.88,0.94,0.0,1122.0,562,554,6,50,49,1,234.0,0.0,3.2e-05,31811.0,,,,
6560,8000,77428,1.86,-0.0063,3.6591,3.564,0.0102,0.08,5.76,0.93,0.0,1130.0,548,575,7,48,51,1,232.0,0.01,3.2e-05,31792.0,,,,
6561,8000,77445,1.8612,0.0028,3.6435,3.566,0.0117,0.09,3.83,0.92,0.0,1122.0,590,525,7,53,47,1,234.0,0.01,3.2e-05,30686.0,,,,
6562,8000,77461,1.887,-0.0181,3.7367,3.525,0.011,0.09,6.18,0.92,0.0,1173.0,607,557,9,52,47,1,223.0,0.0,3.2e-05,31822.0,,,,
6563,8000,77478,1.8482,0.0008,3.6225,3.571,0.0097,0.08,4.44,0.93,0.0,1109.0,597,500,12,54,45,1,236.0,0.0,3.2e-05,31798.0,,,,
6564,8000,77494,1.884,0.016,3.6649,3.71,0.0104,0.08,4.68,0.92,0.0,1195.0,604,574,17,51,48,1,219.0,0.0,3.2e-05,31792.0,,,,
6565,8000,77511,1.8737,0.0117,3.6507,3.63,0.0098,0.08,5.71,0.93,0.0,1145.0,583,555,7,51,48,1,229.0,0.0,3.2e-05,31768.0,,,,
6566,8000,77527,1.8848,0.0182,3.6601,3.608,0.0099,0.08,4.46,0.93,0.0,1118.0,587,522,9,53,47,1,234.0,0.0,3.2e-05,31781.0,,,,
6567,8000,77544,1.8649,0.0045,3.6472,3.418,0.0099,0.09,4.16,0.93,0.0,1123.0,601,510,12,54,45,1,233.0,0.01,3.2e-05,31846.0,,,,
6568,8000,77560,1.8821,0.0121,3.6675,3.536,0.0083,0.08,5.47,0.93,0.0,1131.0,577,535,19,51,47,2,232.0,0.0,3.2e-05,31770.0,,,,
6569,8000,77577,1.9116,0.0291,3.6902,3.382,0.0111,0.09,4.11,0.93,0.0,1196.0,622,564,10,52,47,1,219.0,0.0,3.2e-05,31748.0,,,,
6570,8000,77594,1.8827,0.0089,3.6736,3.58,0.0103,0.09,3.94,0.93,0.0,1204.0,620,580,4,51,48,0,218.0,0.0,3.2e-05,31828.0,,,,
6571,8000,77610,1.8925,-0.0002,3.7118,3.596,0.0105,0.09,5.59,0.93,0.0,1230.0,615,609,6,50,50,0,213.0,0.0,3.2e-05,31762.0,,,,
6572,8000,77627,1.8646,0.0034,3.6486,3.547,0.0111,0.1,3.64,0.93,0.0,1210.0,652,553,5,54,46,0,217.0,0.0,3.2e-05,31773.0,,,,
6573,8000,77643,1.8565,-0.0021,3.6425,3.482,0.0102,0.09,5.28,0.94,0.0,1115.0,597,514,4,54,46,0,235.0,0.0,3.2e-05,31806.0,,,,
6574,8000,77660,1.8848,0.0071,3.6818,3.557,0.0113,0.09,4.79,0.94,0.0,1147.0,620,522,5,54,46,0,229.0,0.0,3.2e-05,31787.0,,,,
6575,8000,77676,1.8988,-0.0031,3.73,3.507,0.0112,0.09,6.18,0.94,0.0,1198.0,607,587,4,51,49,0,219.0,0.0,3.2e-05,31753.0,,,,
6576,8000,77693,1.8895,0.0139,3.6778,3.49,0.0119,0.1,3.4,0.93,0.0,1232.0,632,594,6,51,48,0,213.0,0.0,3.2e-05,31776.0,,,,
6577,8000,77710,1.8772,0.0086,3.6634,3.511,0.0113,0.1,3.36,0.93,0.0,1235.0,655,578,2,53,47,0,212.0,0.0,3.2e-05,31747.0,,,,
6578,8000,77726,1.8839,0.0038,3.6866,3.54,0.0115,0.09,4.8,0.93,0.0,1258.0,665,589,4,53,47,0,208.0,0.0,3.2e-05,31757.0,,,,
6579,8000,77743,1.8876,0.01,3.6822,3.571,0.0129,0.1,4.39,0.93,0.0,1254.0,650,599,5,52,48,0,209.0,0.0,3.2e-05,31776.0,,,,
6580,8000,77759,1.8927,0.0105,3.6909,3.555,0.0114,0.1,3.98,0.93,0.0,1274.0,638,632,4,50,50,0,206.0,0.0,3.2e-05,31767.0,,,,
6581,8000,77776,1.9161,0.0029,3.7519,3.427,0.0132,0.1,3.85,0.92,0.0,1307.0,642,663,2,49,51,0,201.0,0.0,3.2e-05,30670.0,,,,
6582,8000,77793,1.9535,0.0188,3.7942,3.345,0.0125,0.11,4.9,0.91,0.0,1227.0,602,624,1,49,51,0,214.0,0.01,3.2e-05,31865.0,,,,
6583,8000,77809,1.9223,0.0289,3.7123,3.42,0.0122,0.1,3.59,0.92,0.0,1202.0,599,601,2,50,50,0,218.0,0.01,3.2e-05,31800.0,,,,
6584,8000,77826,1.9006,0.0203,3.6865,3.53,0.011,0.09,5.03,0.92,0.0,1136.0,552,584,0,49,51,0,231.0,0.01,3.2e-05,31821.0,,,,
6585,8000,77843,1.8605,-0.0032,3.6529,3.489,0.0111,0.09,4.48,0.93,0.0,1168.0,608,555,5,52,48,0,224.0,0.01,3.2e-05,31797.0,,,,
6586,8000,77859,1.8928,0.0076,3.6964,3.456,0.0121,0.1,3.64,0.93,0.0,1168.0,554,608,6,47,52,1,224.0,0.01,3.2e-05,31808.0,,,,
6587,8000,77876,1.9326,0.0352,3.7204,3.418,0.0117,0.09,3.48,0.93,0.0,1241.0,587,652,2,47,53,0,211.0,0.01,3.2e-05,31862.0,,,,
6588,8000,77892,1.9092,0.0396,3.665,3.426,0.0113,0.1,3.12,0.93,0.0,1175.0,603,565,7,51,48,1,223.0,0.01,3.2e-05,31821.0,,,,
6589,8000,77909,1.912,0.0327,3.6845,3.446,0.011,0.09,4.09,0.93,0.0,1192.0,586,600,6,49,50,1,220.0,0.0,3.1e-05,31820.0,,,,
6590,8000,77925,1.8914,0.0214,3.6659,3.504,0.0113,0.1,3.7,0.93,0.0,1191.0,597,585,9,50,49,1,220.0,0.0,3.1e-05,31811.0,,,,
6591,8000,77942,1.9066,0.0056,3.7275,3.478,0.0105,0.09,7.26,0.93,0.0,1196.0,605,590,1,51,49,0,219.0,0.0,3.1e-05,31808.0,,,,
6592,8000,77958,1.8889,0.0166,3.6696,3.363,0.0108,0.09,3.02,0.93,0.0,1157.0,558,596,3,48,52,0,227.0,0.01,3.1e-05,31783.0,,,,
6593,8000,77975,1.9043,0.0312,3.6717,3.444,0.0123,0.1,2.87,0.93,0.0,1178.0,560,614,4,48,52,0,223.0,0.01,3.1e-05,31872.0,,,,
6594,8000,77991,1.8851,0.0122,3.6711,3.409,0.0106,0.1,3.08,0.93,0.0,1222.0,572,646,4,47,53,0,215.0,0.01,3.1e-05,31806.0,,,,
6595,8000,78008,1.8961,0.0137,3.6897,3.379,0.0111,0.1,3.14,0.94,0.0,1211.0,568,640,3,47,53,0,216.0,0.0,3.1e-05,31885.0,,,,
6596,8000,78024,1.9169,0.0167,3.7249,3.322,0.0112,0.1,5.07,0.93,0.0,1260.0,613,645,2,49,51,0,208.0,0.0,3.1e-05,31814.0,,,,
6597,8000,78041,1.8634,0.0051,3.6406,3.324,0.0137,0.11,3.33,0.94,0.0,1208.0,585,623,0,48,52,0,217.0,0.0,3.1e-05,31813.0,,,,
6598,8000,78058,1.9035,0.0014,3.7283,3.347,0.0099,0.09,9.66,0.94,0.0,1220.0,612,606,2,50,50,0,215.0,0.01,3.1e-05,31793.0,,,,
6599,8000,78074,1.8893,0.0147,3.6731,3.294,0.0115,0.1,4.4,0.94,0.0,1221.0,573,646,2,47,53,0,215.0,0.0,3.1e-05,31813.0,238,0,274,46
6600,8000,78106,1.8697,-0.001,3.6663,3.434,0.0132,0.1,3.52,0.94,0.0,1198.0,568,628,2,47,52,0,219.0,0.0,3.1e-05,31952.0,,,,
6601,8000,78123,1.9173,0.0106,3.7374,3.322,0.0144,0.11,2.69,0.92,0.0,1242.0,585,655,2,47,53,0,211.0,0.0,3.1e-05,30684.0,,,,
6602,8000,78139,1.9076,0.0042,3.7308,3.334,0.015,0.11,4.41,0.92,0.0,1185.0,589,594,2,50,50,0,221.0,0.0,3.1e-05,31845.0,,,,
6603,8000,78156,1.8545,-0.0268,3.6872,3.381,0.0126,0.1,3.38,0.92,0.0,1233.0,639,593,1,52,48,0,213.0,0.0,3.1e-05,31808.0,,,,
6604,8000,78172,1.8962,-0.0082,3.7336,3.418,0.0118,0.1,4.43,0.92,0.0,1256.0,598,657,1,48,52,0,209.0,0.0,3.1e-05,31809.0,,,,
6605,8000,78189,1.8873,0.0008,3.6978,3.446,0.011,0.09,4.05,0.93,0.0,1201.0,616,585,0,51,49,0,218.0,0.0,3.1e-05,31806.0,,,,
6606,8000,78205,1.8887,-0.0021,3.7055,3.288,0.0118,0.1,3.37,0.93,0.0,1245.0,614,630,1,49,51,0,211.0,0.01,3.1e-05,31819.0,,,,
6607,8000,78222,1.8878,-0.0025,3.7036,3.221,0.0129,0.1,3.8,0.93,0.0,1238.0,597,639,2,48,52,0,212.0,0.0,3.1e-05,31880.0,,,,
6608,8000,78238,1.8914,0.0064,3.6944,3.366,0.0113,0.09,3.57,0.93,0.0,1213.0,589,624,0,49,51,0,216.0,0.0,3.1e-05,31834.0,,,,
6609,8000,78255,1.8771,0.0084,3.6609,3.264,0.0116,0.1,3.01,0.93,0.0,1221.0,591,630,0,48,52,0,215.0,0.0,3.1e-05,31808.0,,,,
6610,8000,78272,1.8686,-0.0033,3.6671,3.264,0.0114,0.1,2.76,0.93,0.0,1173.0,575,597,1,49,51,0,223.0,0.0,3.1e-05,31808.0,,,,
6611,8000,78288,1.8618,0.0007,3.6453,3.268,0.0138,0.11,2.64,0.93,0.0,1189.0,585,603,1,49,51,0,220.0,0.0,3.1e-05,31865.0,,,,
6612,8000,78305,1.8868,0.0068,3.6825,3.14,0.0121,0.1,3.7,0.94,0.0,1159.0,594,564,1,51,49,0,226.0,0.0,3.1e-05,31790.0,,,,
6613,8000,78321,1.8842,0.0079,3.6759,3.244,0.013,0.11,3.97,0.93,0.0,1152.0,559,592,1,49,51,0,228.0,0.0,3.1e-05,31870.0,,,,
6614,8000,78338,1.887,0.0062,3.6843,3.195,0.0125,0.1,3.24,0.93,0.0,1129.0,561,567,1,50,50,0,232.0,0.0,3.1e-05,31861.0,,,,
6615,8000,78354,1.8526,-0.0015,3.632,3.317,0.0131,0.1,3.06,0.93,0.0,1179.0,607,571,1,51,48,0,222.0,0.0,3.1e-05,31799.0,,,,
6616,8000,78371,1.8538,-0.002,3.6354,3.329,0.0127,0.1,3.55,0.94,0.0,1134.0,571,562,1,50,50,0,231.0,0.0,3.1e-05,31822.0,,,,
6617,8000,78387,1.8528,0.0015,3.6271,3.358,0.0107,0.09,3.51,0.94,0.0,1102.0,540,561,1,49,51,0,238.0,0.0,3.1e-05,31816.0,,,,
6618,8000,78404,1.8266,0.0049,3.5679,3.351,0.0111,0.09,3.2,0.94,0.0,1081.0,525,549,7,49,51,1,243.0,0.0,3.1e-05,31877.0,,,,
6619,8000,78420,1.8445,0.0152,3.5834,3.447,0.0113,0.1,3.14,0.94,0.0,1104.0,536,565,3,49,51,0,237.0,0.0,3.1e-05,31832.0,,,,
6620,8000,78437,1.8271,0.0047,3.5701,3.511,0.0117,0.1,3.26,0.94,0.0,1058.0,514,538,6,49,51,1,248.0,0.0,3.1e-05,31878.0,,,,
6621,8000,78454,1.8934,0.0086,3.6943,3.391,0.0124,0.1,3.6,0.93,0.0,1180.0,564,609,7,48,52,1,222.0,0.01,3.1e-05,30637.0,,,,
6622,8000,78471,1.8705,-0.0058,3.6764,3.297,0.0121,0.1,2.75,0.93,0.0,1190.0,564,623,3,47,52,0,220.0,0.01,3.1e-05,31776.0,,,,
6623,8000,78487,1.8747,0.0063,3.6613,3.389,0.0119,0.1,3.18,0.93,0.0,1162.0,569,587,6,49,51,1,226.0,0.01,3.1e-05,31857.0,,,,
6624,8000,78504,1.8479,-0.0118,3.6441,3.393,0.0124,0.1,2.97,0.94,0.0,1243.0,614,624,5,49,50,0,211.0,0.01,3.1e-05,31778.0,,,,
6625,8000,78520,1.8517,-0.0132,3.6545,3.351,0.0116,0.1,3.01,0.94,0.0,1218.0,586,629,3,48,52,0,215.0,0.01,3.1e-05,31771.0,,,,
6626,8000,78537,1.8724,0.0116,3.6461,3.356,0.0119,0.1,2.66,0.94,0.0,1232.0,576,655,1,47,53,0,213.0,0.0,3.1e-05,31797.0,,,,
6627,8000,78553,1.8756,0.0056,3.664,3.319,0.0109,0.09,2.65,0.94,0.0,1214.0,540,674,0,44,56,0,216.0,0.0,3.1e-05,31783.0,,,,
6628,8000,78570,1.8748,-0.0006,3.6742,3.225,0.0107,0.09,3.17,0.94,0.0,1252.0,596,656,0,48,52,0,209.0,0.0,3.1e-05,31770.0,,,,
6629,8000,78586,1.8714,0.0093,3.6479,3.262,0.0112,0.09,3.33,0.94,0.0,1220.0,599,617,4,49,51,0,215.0,0.0,3.1e-05,31768.0,,,,
6630,8000,78603,1.8606,-0.0018,3.6485,3.226,0.0117,0.09,3.54,0.94,0.0,1228.0,588,637,3,48,52,0,213.0,0.0,3.1e-05,31785.0,,,,
6631,8000,78620,1.8698,0.0046,3.654,3.204,0.0124,0.1,2.65,0.94,0.0,1279.0,606,670,3,47,52,0,205.0,0.0,3.1e-05,31767.0,,,,
6632,8000,78636,1.8999,0.0223,3.6786,3.195,0.0132,0.1,4.19,0.94,0.0,1210.0,564,643,3,47,53,0,217.0,0.0,3.1e-05,31805.0,,,,
6633,8000,78653,1.844,0.0043,3.6023,3.219,0.013,0.11,3.56,0.95,0.0,1195.0,551,642,2,46,54,0,219.0,0.0,3.1e-05,31777.0,,,,
6634,8000,78669,1.833,-0.0109,3.6117,3.267,0.0127,0.1,2.69,0.95,0.0,1185.0,563,619,3,48,52,0,221.0,0.0,3.1e-05,31845.0,,,,
6635,8000,78686,1.8612,0.008,3.6297,3.261,0.014,0.11,2.63,0.94,0.0,1199.0,569,628,2,47,52,0,219.0,0.0,3.1e-05,31779.0,,,,
6636,8000,78702,1.849,0.0151,3.5918,3.322,0.0113,0.1,2.65,0.95,0.0,1217.0,590,626,1,48,51,0,215.0,0.0,3.1e-05,31800.0,,,,
6637,8000,78719,1.8586,0.0212,3.5986,3.274,0.0116,0.1,3.04,0.95,0.0,1169.0,550,618,1,47,53,0,224.0,0.0,3.1e-05,31773.0,,,,
6638,8000,78735,1.853,0.0086,3.6119,3.185,0.0121,0.1,3.34,0.95,0.0,1158.0,540,616,2,47,53,0,226.0,0.01,3.1e-05,31804.0,,,,
6639,8000,78752,1.8969,0.0199,3.6778,3.294,0.0125,0.1,3.34,0.94,0.0,1192.0,565,627,0,47,53,0,220.0,0.0,3.1e-05,31769.0,,,,
6640,8000,78769,1.8528,0.0084,3.6125,3.273,0.0112,0.09,3.89,0.95,0.0,1195.0,560,633,2,47,53,0,219.0,0.0,3.1e-05,31752.0,,,,
6641,8000,78786,1.9089,0.0208,3.6998,3.237,0.0136,0.1,3.18,0.93,0.0,1212.0,600,612,0,50,50,0,216.0,0.0,3.1e-05,30663.0,,,,
6642,8000,78802,1.9109,0.0266,3.6925,3.234,0.0136,0.1,3.92,0.93,0.0,1199.0,628,567,4,52,47,0,219.0,0.0,3.1e-05,31871.0,,,,
6643,8000,78819,1.8636,0.0032,3.6453,3.333,0.0106,0.1,2.82,0.94,0.0,1218.0,619,596,3,51,49,0,215.0,0.0,3.1e-05,31799.0,,,,
6644,8000,78835,1.8734,0.0112,3.6484,3.268,0.0106,0.09,2.86,0.93,0.0,1231.0,609,619,3,49,50,0,213.0,0.0,3.1e-05,31816.0,,,,
6645,8000,78852,1.851,-0.0084,3.6436,3.382,0.0109,0.09,3.8,0.94,0.0,1224.0,650,570,4,53,47,0,214.0,0.0,3.1e-05,31885.0,,,,
6646,8000,78868,1.8646,0.0004,3.6526,3.311,0.0106,0.09,3.3,0.94,0.0,1157.0,585,569,3,51,49,0,227.0,0.0,3.1e-05,31802.0,,,,
6647,8000,78885,1.8455,0.0045,3.6068,3.31,0.012,0.1,2.75,0.94,0.0,1186.0,616,564,6,52,48,1,221.0,0.0,3.1e-05,31803.0,,,,
6648,8000,78901,1.8595,0.0077,3.629,3.331,0.0119,0.09,3.23,0.94,0.0,1224.0,632,585,7,52,48,1,214.0,0.0,3.1e-05,31822.0,,,,
6649,8000,78918,1.8533,-0.0015,3.6336,3.287,0.0111,0.09,2.9,0.94,0.0,1193.0,614,575,4,51,48,0,220.0,0.0,3.1e-05,31850.0,269,0,243,53
6650,8000,78949,1.8456,-0.0035,3.6218,3.231,0.0116,0.1,3.01,0.94,0.0,1183.0,581,597,5,49,50,0,222.0,0.0,3.1e-05,32056.0,,,,
6651,8000,78966,1.8953,-0.0102,3.7359,3.339,0.0098,0.08,9.92,0.94,0.0,1208.0,633,570,5,52,47,0,217.0,0.0,3.1e-05,31822.0,,,,
6652,8000,78982,1.8365,-0.0049,3.6081,3.311,0.0119,0.09,2.98,0.94,0.0,1215.0,618,590,7,51,49,1,216.0,0.0,3.1e-05,31825.0,,,,
6653,8000,78999,1.8626,0.0135,3.6226,3.282,0.012,0.1,3.0,0.94,0.0,1211.0,659,542,10,54,45,1,216.0,0.0,3.1e-05,31814.0,,,,
6654,8000,79016,1.8593,0.0033,3.6366,3.32,0.0115,0.09,3.37,0.94,0.0,1189.0,592,593,4,50,50,0,220.0,0.0,3.1e-05,31823.0,,,,
6655,8000,79032,1.857,0.0005,3.6377,3.327,0.0119,0.09,3.13,0.94,0.0,1197.0,619,574,4,52,48,0,219.0,0.0,3.1e-05,31891.0,,,,
6656,8000,79049,1.8439,0.0129,3.5865,3.355,0.0113,0.09,3.28,0.95,0.0,1102.0,580,517,5,53,47,0,238.0,0.0,3.1e-05,31882.0,,,,
6657,8000,79065,1.8638,0.0133,3.6252,3.329,0.0116,0.09,4.67,0.94,0.0,1164.0,586,574,4,50,49,0,225.0,0.0,3.1e-05,31825.0,,,,
6658,8000,79082,1.8675,0.0139,3.6328,3.355,0.0098,0.08,3.82,0.94,0.0,1140.0,590,539,11,52,47,1,230.0,0.0,3.1e-05,31827.0,,,,
6659,8000,79098,1.8633,0.0106,3.6301,3.275,0.0111,0.09,3.85,0.95,0.0,1162.0,615,539,8,53,46,1,226.0,0.0,3.1e-05,31818.0,,,,
6660,8000,79115,1.8703,0.0108,3.6443,3.293,0.0112,0.09,4.62,0.95,0.0,1204.0,587,608,9,49,50,1,218.0,0.0,3.1e-05,31800.0,,,,
6661,8000,79132,1.8896,-0.0076,3.7188,3.277,0.0115,0.09,5.14,0.93,0.0,1147.0,606,536,5,53,47,0,229.0,0.0,3.1e-05,30689.0,,,,
6662,8000,79148,1.8906,-0.0096,3.7244,3.175,0.0139,0.11,2.67,0.93,0.0,1178.0,571,594,13,48,50,1,223.0,0.01,3.1e-05,31878.0,,,,
6663,8000,79165,1.8627,-0.0065,3.6617,3.161,0.0112,0.1,3.04,0.94,0.0,1132.0,561,567,4,50,50,0,232.0,0.01,3.1e-05,31877.0,,,,
6664,8000,79182,1.8783,0.0029,3.6741,3.128,0.0122,0.11,2.99,0.93,0.0,1147.0,592,548,7,52,48,1,229.0,0.01,3.1e-05,31816.0,,,,
6665,8000,79198,1.8753,0.0041,3.6655,3.111,0.0122,0.1,3.72,0.94,0.0,1111.0,580,522,9,52,47,1,236.0,0.01,3.1e-05,31790.0,,,,
6666,8000,79215,1.8946,0.0268,3.6581,3.06,0.0123,0.1,4.35,0.94,0.0,1092.0,551,537,4,50,49,0,240.0,0.01,3.1e-05,31776.0,,,,
6667,8000,79231,1.865,-0.0014,3.6555,3.091,0.0125,0.1,3.3,0.94,0.0,1153.0,586,562,5,51,49,0,227.0,0.01,3.1e-05,31798.0,,,,
6668,8000,79248,1.9176,0.0106,3.7366,3.108,0.0106,0.09,10.11,0.94,0.0,1193.0,621,570,2,52,48,0,220.0,0.0,3.1e-05,31760.0,,,,
6669,8000,79264,1.9269,0.0355,3.706,3.105,0.0127,0.1,4.56,0.94,0.0,1171.0,589,577,5,50,49,0,224.0,0.01,3.1e-05,31783.0,,,,
6670,8000,79281,1.9212,0.0272,3.711,3.076,0.0117,0.1,10.01,0.94,0.0,1130.0,570,554,6,50,49,1,232.0,0.02,3.1e-05,31784.0,,,,
6671,8000,79297,1.8596,-0.0034,3.6492,3.128,0.0114,0.1,3.53,0.94,0.0,1131.0,570,553,8,50,49,1,232.0,0.02,3.1e-05,31789.0,,,,
6672,8000,79314,1.8507,0.0119,3.6007,3.151,0.0122,0.1,3.5,0.94,0.0,1103.0,555,543,5,50,49,0,238.0,0.0,3.1e-05,31869.0,,,,
6673,8000,79330,1.8656,0.0085,3.638,3.196,0.0117,0.1,3.55,0.94,0.0,1132.0,572,551,9,51,49,1,232.0,0.0,3.1e-05,31791.0,,,,
6674,8000,79347,1.8836,0.0129,3.6644,3.091,0.0104,0.09,4.02,0.94,0.0,1105.0,550,551,4,50,50,0,237.0,0.0,3.1e-05,31800.0,,,,
6675,8000,79364,1.8596,-0.0031,3.6476,3.042,0.0127,0.1,3.64,0.94,0.0,1129.0,586,532,11,52,47,1,232.0,0.0,3.1e-05,31793.0,,,,
6676,8000,79380,1.8447,-0.0016,3.6143,2.974,0.0143,0.11,4.14,0.95,0.0,1079.0,559,515,5,52,48,0,243.0,0.0,3.1e-05,31791.0,,,,
6677,8000,79397,1.8359,-0.0103,3.6134,2.879,0.0136,0.11,6.9,0.95,0.0,1064.0,560,498,6,53,47,1,246.0,0.0,3.1e-05,31795.0,,,,
6678,8000,79413,1.8378,0.0017,3.5936,3.01,0.0137,0.11,3.67,0.95,0.0,1036.0,510,523,3,49,50,0,253.0,0.0,3.1e-05,31862.0,,,,
6679,8000,79430,1.8539,0.0091,3.612,3.065,0.0118,0.1,7.1,0.95,0.0,1022.0,509,508,5,50,50,0,257.0,0.0,3.1e-05,31784.0,,,,
6680,8000,79446,1.8373,0.0055,3.5863,3.034,0.0142,0.11,4.3,0.95,0.0,1029.0,526,491,12,51,48,1,255.0,0.0,3.1e-05,31860.0,,,,
6681,8000,79463,1.8785,0.0237,3.6315,3.046,0.0128,0.11,3.97,0.94,0.0,1017.0,520,492,5,51,48,0,258.0,0.01,3.1e-05,30680.0,,,,
6682,8000,79480,1.8239,-0.0019,3.5736,3.075,0.013,0.1,6.41,0.94,0.0,994.0,502,483,9,51,49,1,264.0,0.01,3.1e-05,31806.0,,,,
6683,8000,79497,1.8403,-0.0171,3.6371,3.127,0.0098,0.09,7.56,0.94,0.0,1060.0,542,512,6,51,48,1,247.0,0.01,3.1e-05,31807.0,,,,
6684,8000,79513,1.8383,-0.0055,3.6112,3.119,0.0109,0.09,4.49,0.94,0.0,1095.0,534,542,19,49,49,2,239.0,0.0,3.1e-05,31800.0,,,,
6685,8000,79530,1.8679,0.0064,3.6462,3.174,0.0129,0.11,3.92,0.94,0.0,1096.0,512,575,9,47,52,1,239.0,0.0,3.1e-05,31823.0,,,,
6686,8000,79546,1.8779,0.0136,3.6516,3.191,0.0112,0.1,5.86,0.94,0.0,1085.0,524,550,11,48,51,1,242.0,0.0,3.1e-05,31814.0,,,,
6687,8000,79563,1.8471,0.009,3.5982,3.077,0.01,0.09,4.11,0.94,0.0,1073.0,560,504,9,52,47,1,244.0,0.0,3.1e-05,31867.0,,,,
6688,8000,79579,1.8404,0.0045,3.5947,3.153,0.0103,0.09,5.26,0.95,0.0,1007.0,521,476,10,52,47,1,260.0,0.0,3.1e-05,31805.0,,,,
6689,8000,79596,1.8444,0.0134,3.5859,3.296,0.0117,0.1,7.76,0.95,0.0,1046.0,554,483,9,53,46,1,251.0,0.0,3.1e-05,31797.0,,,,
6690,8000,79612,1.8205,0.0114,3.542,3.224,0.0117,0.1,4.46,0.95,0.0,1012.0,508,492,12,50,49,1,259.0,0.01,3.1e-05,31844.0,,,,
6691,8000,79629,1.8533,0.0203,3.5907,3.31,0.0095,0.08,5.82,0.95,0.0,990.0,507,471,12,51,48,1,265.0,0.0,3.1e-05,31877.0,,,,
6692,8000,79645,1.8183,0.0012,3.5588,3.304,0.011,0.1,5.59,0.95,0.0,1031.0,521,498,12,51,48,1,254.0,0.0,3.1e-05,31827.0,,,,
6693,8000,79662,1.8235,0.0034,3.5645,3.313,0.0103,0.09,4.3,0.95,0.0,1012.0,509,488,15,50,48,1,259.0,0.0,3.1e-05,31831.0,,,,
6694,8000,79678,1.8754,-0.0048,3.6839,3.288,0.0095,0.09,16.48,0.95,0.0,1017.0,508,498,11,50,49,1,258.0,0.0,3.1e-05,31881.0,,,,
6695,8000,79695,1.8524,0.0424,3.5436,3.264,0.0153,0.11,3.97,0.95,0.0,1035.0,494,521,20,48,50,2,253.0,0.0,3.1e-05,31838.0,,,,
6696,8000,79711,1.8614,0.038,3.5722,3.464,0.0127,0.09,4.41,0.95,0.0,1053.0,518,522,13,49,50,1,249.0,0.0,3.1e-05,31812.0,,,,
6697,8000,79728,1.8641,0.0394,3.5743,3.398,0.0146,0.11,4.52,0.95,0.0,1037.0,534,491,12,51,47,1,253.0,0.0,3.1e-05,31820.0,,,,
6698,8000,79744,1.888,0.0362,3.6282,3.327,0.0136,0.1,5.71,0.95,0.0,1036.0,574,454,8,55,44,1,253.0,0.0,3.1e-05,31815.0,,,,
6699,8000,79761,1.8539,0.0224,3.5877,3.41,0.0124,0.1,14.83,0.95,0.0,1018.0,528,481,9,52,47,1,258.0,0.0,3.1e-05,31819.0,253,0,259,49
6700,8000,79792,1.8071,0.0088,3.5213,3.446,0.0118,0.09,3.51,0.95,0.0,1009.0,531,470,8,53,47,1,260.0,0.0,3.1e-05,31960.0,,,,
6701,8000,79810,1.8461,0.0051,3.6068,3.361,0.0144,0.11,4.3,0.94,0.0,1010.0,490,510,10,49,50,1,260.0,0.01,3.1e-05,30668.0,,,,
6702,8000,79826,1.8439,0.0069,3.598,3.289,0.0106,0.09,4.79,0.94,0.0,995.0,501,487,7,50,49,1,263.0,0.01,3.1e-05,31803.0,,,,
6703,8000,79843,1.8602,0.0195,3.607,3.38,0.0127,0.1,4.46,0.94,0.0,1033.0,477,542,14,46,52,1,254.0,0.01,3.1e-05,31874.0,,,,
6704,8000,79859,1.8397,0.0118,3.5812,3.449,0.0122,0.1,3.13,0.94,0.0,1063.0,526,526,11,49,49,1,247.0,0.01,3.1e-05,31805.0,,,,
6705,8000,79876,1.8748,0.009,3.6558,3.422,0.012,0.1,4.81,0.93,0.0,1165.0,587,568,10,50,49,1,225.0,0.01,3.1e-05,31816.0,,,,
6706,8000,79892,1.881,0.034,3.6181,3.326,0.0128,0.1,3.77,0.93,0.0,1141.0,557,575,9,49,50,1,230.0,0.01,3.1e-05,31822.0,,,,
6707,8000,79909,1.8511,-0.0043,3.6347,3.341,0.0083,0.08,5.78,0.94,0.0,1147.0,572,571,4,50,50,0,229.0,0.01,3.1e-05,31852.0,,,,
6708,8000,79925,1.8538,0.0067,3.6179,3.3,0.0133,0.11,3.15,0.94,0.0,1141.0,603,528,10,53,46,1,230.0,0.01,3.1e-05,31809.0,,,,
6709,8000,79942,1.8496,0.0135,3.5953,3.198,0.0128,0.11,3.1,0.94,0.0,1067.0,543,517,7,51,48,1,246.0,0.01,3.1e-05,31842.0,,,,
6710,8000,79959,1.8604,0.0152,3.6137,3.227,0.0163,0.11,2.82,0.94,0.0,1119.0,542,571,6,48,51,1,234.0,0.0,3.1e-05,31798.0,,,,
6711,8000,79975,1.8307,0.0018,3.5809,3.218,0.0112,0.09,3.99,0.95,0.0,1051.0,502,543,6,48,52,1,249.0,0.01,3.1e-05,31808.0,,,,
6712,8000,79992,1.8582,0.0124,3.6151,3.222,0.0122,0.1,3.83,0.95,0.0,1095.0,532,550,13,49,50,1,239.0,0.01,3.1e-05,31801.0,,,,
6713,8000,80008,1.8321,0.0128,3.5617,3.22,0.012,0.1,3.11,0.95,0.0,1044.0,519,522,3,50,50,0,251.0,0.01,3.1e-05,31817.0,,,,
6714,8000,80025,1.8562,0.0315,3.5728,3.185,0.0119,0.1,3.46,0.94,0.0,1044.0,554,481,9,53,46,1,251.0,0.01,3.1e-05,31802.0,,,,
6715,8000,80041,1.8207,0.0152,3.5341,3.201,0.0114,0.1,3.34,0.95,0.0,1047.0,527,511,9,50,49,1,250.0,0.0,3.1e-05,31853.0,,,,
6716,8000,80058,1.8166,0.0119,3.5336,3.289,0.0116,0.1,4.35,0.95,0.0,1036.0,528,502,6,51,48,1,253.0,0.01,3.1e-05,31793.0,,,,
6717,8000,80075,1.8546,0.0029,3.6266,3.192,0.0113,0.09,4.76,0.95,0.0,1088.0,527,556,5,48,51,0,241.0,0.01,3.1e-05,31805.0,,,,
6718,8000,80091,1.8414,0.016,3.5743,3.239,0.0126,0.1,3.05,0.95,0.0,1081.0,556,513,12,51,47,1,243.0,0.01,3.1e-05,31799.0,,,,
6719,8000,80108,1.8687,0.0219,3.6174,3.214,0.0095,0.09,8.93,0.95,0.0,1036.0,513,512,11,50,49,1,253.0,0.0,3.1e-05,31809.0,,,,
6720,8000,80124,1.8101,0.002,3.5391,3.202,0.0118,0.1,3.55,0.95,0.0,1028.0,519,508,1,50,49,0,255.0,0.0,3.1e-05,31804.0,,,,
6721,8000,80141,1.9333,0.0044,3.7817,3.289,0.0127,0.09,9.3,0.94,0.0,1107.0,527,569,11,48,51,1,237.0,0.01,3.1e-05,30688.0,,,,
6722,8000,80158,1.8842,0.0204,3.6516,3.302,0.0154,0.11,3.08,0.94,0.0,1131.0,561,564,6,50,50,1,232.0,0.01,3.1e-05,31810.0,,,,
6723,8000,80175,1.865,0.0039,3.6475,3.45,0.012,0.09,3.83,0.94,0.0,1176.0,560,606,10,48,52,1,223.0,0.0,3.1e-05,31813.0,,,,
6724,8000,80191,1.8712,-0.0009,3.6684,3.341,0.0136,0.1,3.78,0.94,0.0,1174.0,592,575,7,50,49,1,223.0,0.01,3.1e-05,31871.0,,,,
6725,8000,80208,1.8377,-0.0222,3.6453,3.47,0.0112,0.09,4.54,0.94,0.0,1209.0,599,600,10,50,50,1,217.0,0.0,3.1e-05,31882.0,,,,
6726,8000,80224,1.8675,-0.0084,3.6772,3.461,0.012,0.1,3.04,0.93,0.0,1229.0,605,620,4,49,50,0,213.0,0.0,3.1e-05,31807.0,,,,
6727,8000,80241,1.8785,0.0185,3.6456,3.452,0.0116,0.1,2.78,0.94,0.0,1203.0,588,607,8,49,50,1,218.0,0.01,3.1e-05,31812.0,,,,
6728,8000,80257,1.8589,0.0102,3.6234,3.534,0.0119,0.09,2.76,0.94,0.0,1191.0,602,587,2,51,49,0,220.0,0.01,3.1e-05,31808.0,,,,
6729,8000,80274,1.858,0.0024,3.637,3.496,0.0104,0.09,3.06,0.94,0.0,1147.0,585,556,6,51,48,1,229.0,0.01,3.1e-05,31800.0,,,,
6730,8000,80290,1.8687,0.0078,3.6479,3.467,0.0112,0.09,3.38,0.93,0.0,1195.0,606,583,6,51,49,1,219.0,0.0,3.1e-05,31814.0,,,,
6731,8000,80307,1.864,0.0073,3.6397,3.485,0.0109,0.09,2.78,0.94,0.0,1253.0,636,605,12,51,48,1,209.0,0.0,3.1e-05,31806.0,,,,
6732,8000,80324,1.9144,0.0207,3.7139,3.475,0.0102,0.09,3.84,0.93,0.0,1232.0,624,598,10,51,49,1,213.0,0.0,3.1e-05,31813.0,,,,
6733,8000,80340,1.8718,-0.0039,3.6772,3.463,0.0105,0.09,4.84,0.94,0.0,1195.0,583,611,1,49,51,0,219.0,0.0,3.1e-05,31816.0,,,,
6734,8000,80357,1.8421,-0.0277,3.6648,3.397,0.0115,0.1,2.72,0.93,0.0,1179.0,606,569,4,51,48,0,222.0,0.0,3.1e-05,31794.0,,,,
6735,8000,80373,1.8819,0.0003,3.6887,3.437,0.0108,0.09,3.84,0.94,0.0,1178.0,580,593,5,49,50,0,223.0,0.0,3.1e-05,31870.0,,,,
6736,8000,80390,1.8501,-0.0014,3.6285,3.427,0.0122,0.1,2.68,0.94,0.0,1229.0,557,669,3,45,54,0,213.0,0.0,3.1e-05,31877.0,,,,
6737,8000,80406,1.8463,0.0059,3.6068,3.491,0.0115,0.09,2.99,0.94,0.0,1183.0,617,559,7,52,47,1,222.0,0.0,3.1e-05,31810.0,,,,
6738,8000,80423,1.834,0.0023,3.5893,3.45,0.0112,0.1,3.68,0.94,0.0,1150.0,534,608,8,46,53,1,228.0,0.0,3.1e-05,31803.0,,,,
6739,8000,80439,1.8357,0.0037,3.5901,3.478,0.011,0.09,3.07,0.95,0.0,1151.0,557,590,4,48,51,0,228.0,0.0,3.1e-05,31825.0,,,,
6740,8000,80456,1.8712,0.0064,3.655,3.444,0.0129,0.1,4.4,0.94,0.0,1205.0,580,618,7,48,51,1,218.0,0.0,3.1e-05,31805.0,,,,
6741,8000,80473,1.9133,0.0205,3.7106,3.376,0.0132,0.1,2.52,0.93,0.0,1228.0,565,660,3,46,54,0,213.0,0.0,3.1e-05,30660.0,,,,
6742,8000,80490,1.9072,0.0141,3.7109,3.381,0.0107,0.08,5.52,0.93,0.0,1204.0,539,657,8,45,55,1,218.0,0.0,3.1e-05,31878.0,,,,
6743,8000,80506,1.8798,0.0303,3.6243,3.421,0.0128,0.1,2.59,0.93,0.0,1229.0,595,629,5,48,51,0,213.0,0.0,3.1e-05,31829.0,,,,
6744,8000,80523,1.8857,0.0184,3.6604,3.495,0.013,0.1,3.04,0.93,0.0,1241.0,577,660,4,46,53,0,211.0,0.0,3.1e-05,31806.0,,,,
6745,8000,80539,1.8904,0.0233,3.6605,3.536,0.0097,0.09,3.28,0.94,0.0,1214.0,568,641,5,47,53,0,216.0,0.0,3.1e-05,31811.0,,,,
6746,8000,80556,1.865,0.0088,3.6389,3.538,0.0102,0.09,2.86,0.94,0.0,1184.0,566,616,2,48,52,0,221.0,0.01,3.1e-05,31821.0,,,,
6747,8000,80572,1.8471,0.003,3.6144,3.512,0.0106,0.09,3.28,0.94,0.0,1202.0,543,657,2,45,55,0,218.0,0.01,3.1e-05,31811.0,,,,
6748,8000,80589,1.8513,0.0176,3.5942,3.555,0.0118,0.1,4.84,0.94,0.0,1174.0,563,605,6,48,52,1,223.0,0.01,3.1e-05,31825.0,,,,
6749,8000,80605,1.8725,0.0087,3.6543,3.582,0.0059,0.06,8.61,0.94,0.0,1133.0,552,575,6,49,51,1,231.0,0.01,3.1e-05,31827.0,191,0,321,37
6750,8000,80637,1.8288,0.0174,3.5493,3.573,0.0098,0.08,3.13,0.94,0.0,1095.0,539,551,5,49,50,0,239.0,0.01,3.1e-05,31959.0,,,,
6751,8000,80653,1.8285,0.0167,3.5506,3.678,0.0131,0.09,3.47,0.94,0.0,1093.0,533,554,6,49,51,1,240.0,0.01,3.1e-05,31818.0,,,,
6752,8000,80670,1.8378,0.0187,3.5657,3.675,0.0107,0.09,3.32,0.94,0.0,1059.0,492,555,12,46,52,1,248.0,0.0,3.1e-05,31863.0,,,,
6753,8000,80686,1.824,0.0018,3.5713,3.624,0.0106,0.09,3.34,0.94,0.0,1085.0,539,535,11,50,49,1,242.0,0.0,3.1e-05,31824.0,,,,
6754,8000,80703,1.8412,0.0077,3.5935,3.58,0.0131,0.1,3.27,0.94,0.0,1129.0,540,577,12,48,51,1,232.0,0.0,3.1e-05,31823.0,,,,
6755,8000,80719,1.8372,0.0143,3.5726,3.632,0.0107,0.09,4.86,0.94,0.0,1058.0,498,550,10,47,52,1,248.0,0.0,3.1e-05,31806.0,,,,
6756,8000,80736,1.8502,0.0125,3.6023,3.585,0.011,0.09,3.22,0.94,0.0,1116.0,539,562,15,48,50,1,235.0,0.0,3.1e-05,31816.0,,,,
6757,8000,80753,1.8424,-0.0016,3.6153,3.615,0.0103,0.09,5.4,0.93,0.0,1128.0,549,570,9,49,51,1,232.0,0.0,3.1e-05,31815.0,,,,
6758,8000,80769,1.8458,0.0045,3.61,3.658,0.0108,0.09,5.52,0.93,0.0,1139.0,582,541,16,51,47,1,230.0,0.0,3.1e-05,31810.0,,,,
6759,8000,80786,1.8662,0.0051,3.649,3.582,0.0102,0.09,4.52,0.93,0.0,1165.0,565,590,10,48,51,1,225.0,0.01,3.1e-05,31804.0,,,,
6760,8000,80802,1.8495,0.0155,3.5955,3.671,0.0111,0.09,3.27,0.94,0.0,1107.0,534,561,12,48,51,1,237.0,0.0,3.1e-05,31891.0,,,,
6761,8000,80819,1.8552,0.0112,3.6155,3.675,0.0107,0.09,3.99,0.93,0.0,1102.0,548,544,10,50,49,1,238.0,0.0,3.1e-05,30654.0,,,,
6762,8000,80836,1.8567,0.0058,3.6294,3.674,0.0116,0.1,3.66,0.93,0.0,1156.0,590,555,11,51,48,1,227.0,0.01,3.1e-05,31807.0,,,,
6763,8000,80852,1.872,0.0043,3.6633,3.743,0.0098,0.08,4.9,0.93,0.0,1045.0,503,532,10,48,51,1,251.0,0.01,3.1e-05,31840.0,,,,
6764,8000,80869,1.8668,0.01,3.6425,3.809,0.0112,0.09,4.23,0.93,0.0,1142.0,569,561,12,50,49,1,230.0,0.0,3.1e-05,31810.0,,,,
6765,8000,80886,1.8466,-0.0015,3.6248,3.834,0.0108,0.09,3.42,0.93,0.0,1144.0,588,553,3,51,48,0,229.0,0.0,3.1e-05,31798.0,,,,
6766,8000,80902,1.8543,-0.0022,3.642,3.895,0.0103,0.08,4.51,0.93,0.0,1119.0,563,552,4,50,49,0,234.0,0.01,3.1e-05,31816.0,,,,
6767,8000,80919,1.877,0.0147,3.6531,3.792,0.0104,0.09,3.41,0.93,0.0,1162.0,592,563,7,51,48,1,226.0,0.0,3.1e-05,31818.0,,,,
6768,8000,80935,1.8611,0.0176,3.6159,3.873,0.0098,0.08,4.58,0.93,0.0,1157.0,587,563,7,51,49,1,227.0,0.01,3.1e-05,31807.0,,,,
6769,8000,80952,1.8832,0.0249,3.6454,3.878,0.0098,0.08,4.26,0.93,0.0,1145.0,583,560,2,51,49,0,229.0,0.01,3.1e-05,31835.0,,,,
6770,8000,80968,1.877,0.0351,3.6129,3.858,0.013,0.09,4.27,0.93,0.0,1103.0,557,541,5,50,49,0,238.0,0.01,3.1e-05,31797.0,,,,
6771,8000,80985,1.8542,0.015,3.6071,3.835,0.0104,0.08,4.13,0.93,0.0,1069.0,532,530,7,50,50,1,245.0,0.01,3.1e-05,31811.0,,,,
6772,8000,81001,1.8895,0.0214,3.6646,3.766,0.011,0.09,3.63,0.93,0.0,1165.0,607,550,8,52,47,1,225.0,0.01,3.1e-05,31811.0,,,,
6773,8000,81018,1.8981,0.0179,3.6886,3.635,0.0111,0.09,3.27,0.93,0.0,1180.0,618,555,7,52,47,1,222.0,0.01,3.1e-05,31804.0,,,,
6774,8000,81035,1.8695,0.0255,3.6157,3.676,0.0119,0.09,2.91,0.93,0.0,1193.0,582,607,4,49,51,0,220.0,0.01,3.1e-05,31815.0,,,,
6775,8000,81051,1.8889,0.0339,3.6382,3.715,0.0117,0.09,3.0,0.93,0.0,1147.0,554,581,12,48,51,1,229.0,0.01,3.1e-05,31864.0,,,,
6776,8000,81068,1.9082,0.0352,3.6739,3.675,0.011,0.09,3.42,0.93,0.0,1230.0,603,613,14,49,50,1,213.0,0.01,3.1e-05,31783.0,,,,
6777,8000,81084,1.878,0.032,3.6206,3.735,0.0099,0.09,3.16,0.93,0.0,1190.0,573,605,12,48,51,1,220.0,0.01,3.1e-05,31802.0,,,,
6778,8000,81101,1.8866,0.0278,3.6462,3.73,0.0103,0.09,2.92,0.93,0.0,1231.0,596,625,10,48,51,1,213.0,0.0,3.1e-05,31815.0,,,,
6779,8000,81117,1.8833,0.0204,3.6544,3.719,0.0096,0.08,3.58,0.93,0.0,1196.0,603,582,11,50,49,1,219.0,0.01,3.1e-05,31800.0,,,,
6780,8000,81134,1.8998,0.019,3.6901,3.681,0.011,0.09,4.93,0.93,0.0,1194.0,604,576,14,51,48,1,220.0,0.01,3.1e-05,31797.0,,,,
6781,8000,81151,1.9137,-0.0107,3.7766,3.618,0.0092,0.08,7.04,0.92,0.0,1222.0,582,628,12,48,51,1,215.0,0.0,3.1e-05,30720.0,,,,
6782,8000,81167,1.8912,0.0111,3.6878,3.63,0.0121,0.09,3.13,0.92,0.0,1230.0,606,614,10,49,50,1,213.0,0.0,3.1e-05,31832.0,,,,
6783,8000,81184,1.9029,0.0163,3.7012,3.689,0.0112,0.09,3.3,0.92,0.0,1232.0,606,619,7,49,50,1,213.0,0.01,3.1e-05,31821.0,,,,
6784,8000,81200,1.8538,0.0031,3.6298,3.776,0.0108,0.09,3.38,0.93,0.0,1181.0,600,571,10,51,48,1,222.0,0.01,3.1e-05,31843.0,,,,
6785,8000,81217,1.853,0.0075,3.6198,3.81,0.0111,0.09,3.29,0.93,0.0,1149.0,579,560,10,50,49,1,228.0,0.01,3e-05,31832.0,,,,
6786,8000,81234,1.8564,-0.0036,3.6489,3.777,0.0106,0.09,3.32,0.93,0.0,1154.0,614,529,11,53,46,1,227.0,0.01,3e-05,31814.0,,,,
6787,8000,81250,1.856,0.0086,3.6235,3.782,0.0102,0.09,3.17,0.93,0.0,1098.0,542,549,7,49,50,1,239.0,0.0,3e-05,31825.0,,,,
6788,8000,81267,1.8755,0.0195,3.6414,3.783,0.0113,0.09,5.6,0.94,0.0,1094.0,573,508,13,52,46,1,240.0,0.0,3e-05,31837.0,,,,
6789,8000,81283,1.8608,0.0237,3.6027,3.656,0.0107,0.09,10.69,0.94,0.0,1041.0,494,537,10,47,52,1,252.0,0.0,3e-05,31869.0,,,,
6790,8000,81300,1.9229,0.0158,3.7416,3.656,0.0065,0.06,15.21,0.94,0.0,1034.0,507,515,12,49,50,1,254.0,0.01,3e-05,31828.0,,,,
6791,8000,81316,1.8323,0.0109,3.5708,3.663,0.0105,0.09,3.62,0.94,0.0,1105.0,562,526,17,51,48,2,237.0,0.0,3e-05,31837.0,,,,
6792,8000,81333,1.8566,0.0175,3.6067,3.658,0.0098,0.08,5.32,0.94,0.0,1060.0,525,513,22,50,48,2,247.0,0.01,3e-05,31836.0,,,,
6793,8000,81349,1.8651,0.0225,3.6133,3.618,0.0107,0.09,11.77,0.95,0.0,1062.0,530,514,18,50,48,2,247.0,0.01,3e-05,31822.0,,,,
6794,8000,81366,1.8649,-0.0131,3.6829,3.591,0.0051,0.05,13.81,0.94,0.0,1071.0,530,533,8,49,50,1,245.0,0.01,3e-05,31808.0,,,,
6795,8000,81382,1.8351,-0.0147,3.6274,3.69,0.0092,0.08,6.5,0.94,0.0,1084.0,554,517,13,51,48,1,242.0,0.01,3e-05,31841.0,,,,
6796,8000,81399,1.799,-0.0128,3.5517,3.659,0.0105,0.08,4.87,0.94,0.0,1066.0,514,531,21,48,50,2,246.0,0.0,3e-05,31814.0,,,,
6797,8000,81415,1.8221,0.0105,3.5517,3.635,0.0119,0.09,6.13,0.94,0.0,1037.0,502,516,19,48,50,2,253.0,0.01,3e-05,31829.0,,,,
6798,8000,81432,1.8262,-0.0156,3.6115,3.603,0.0148,0.1,4.07,0.94,0.0,1076.0,516,541,19,48,50,2,244.0,0.01,3e-05,31817.0,,,,
6799,8000,81449,1.7951,-0.015,3.5496,3.702,0.0123,0.09,3.96,0.94,0.0,1088.0,542,523,23,50,48,2,241.0,0.01,3e-05,31833.0,221,0,291,43
6800,8000,81480,1.8165,-0.0232,3.6081,3.633,0.0123,0.09,5.24,0.94,0.0,1101.0,573,510,18,52,46,2,238.0,0.0,3e-05,31971.0,,,,
6801,8000,81497,1.8755,0.0004,3.6776,3.492,0.0161,0.11,5.01,0.93,0.0,1138.0,575,546,17,51,48,1,230.0,0.0,3e-05,30640.0,,,,
6802,8000,81514,1.8798,0.0102,3.6675,3.493,0.0154,0.11,4.71,0.93,0.0,1125.0,521,580,24,46,52,2,233.0,0.0,3e-05,31796.0,,,,
6803,8000,81530,1.836,-0.0056,3.6109,3.551,0.0144,0.1,4.97,0.94,0.0,1119.0,570,539,10,51,48,1,234.0,0.0,3e-05,31807.0,,,,
6804,8000,81547,1.823,-0.0158,3.6061,3.51,0.0165,0.11,3.08,0.94,0.0,1113.0,561,531,21,50,48,2,236.0,0.01,3e-05,31829.0,,,,
6805,8000,81563,1.8236,0.0045,3.5654,3.6,0.0163,0.11,2.91,0.94,0.0,1147.0,560,581,6,49,51,1,229.0,0.02,3e-05,31809.0,,,,
6806,8000,81580,1.8115,0.0043,3.5427,3.613,0.0128,0.1,5.2,0.94,0.0,1084.0,503,569,12,46,52,1,242.0,0.01,3e-05,31827.0,,,,
6807,8000,81596,1.8348,0.003,3.5915,3.535,0.0137,0.1,5.28,0.94,0.0,1019.0,485,524,10,48,51,1,257.0,0.02,3e-05,31801.0,,,,
6808,8000,81613,1.8252,0.0054,3.5679,3.587,0.0149,0.1,6.74,0.94,0.0,1025.0,498,514,13,49,50,1,256.0,0.01,3e-05,31856.0,,,,
6809,8000,81630,1.9414,0.0124,3.7858,3.47,0.0054,0.05,40.45,0.94,0.0,968.0,479,478,11,49,49,1,271.0,0.01,3e-05,31801.0,,,,
6810,8000,81646,1.8691,-0.0158,3.7016,3.519,0.004,0.04,20.44,0.94,0.0,990.0,479,484,27,48,49,3,265.0,0.01,3e-05,31825.0,,,,
6811,8000,81663,1.8316,-0.002,3.5968,3.477,0.009,0.08,8.34,0.94,0.0,1049.0,513,520,16,49,50,2,250.0,0.01,3e-05,31866.0,,,,
6812,8000,81679,1.836,0.0047,3.5944,3.546,0.0077,0.07,10.85,0.95,0.0,1026.0,499,502,25,49,49,2,256.0,0.01,3e-05,31809.0,,,,
6813,8000,81696,1.8483,0.0167,3.5942,3.524,0.0103,0.08,10.48,0.95,0.0,1019.0,494,503,22,48,49,2,257.0,0.0,3e-05,31814.0,,,,
6814,8000,81712,1.8716,0.0236,3.6247,3.45,0.0144,0.11,5.1,0.94,0.0,1067.0,509,547,11,48,51,1,246.0,0.01,3e-05,31799.0,,,,
6815,8000,81729,1.8655,0.0234,3.6142,3.514,0.0144,0.11,5.81,0.94,0.0,1103.0,545,539,19,49,49,2,238.0,0.0,3e-05,31865.0,,,,
6816,8000,81745,1.8677,0.0218,3.6209,3.495,0.0149,0.12,4.23,0.94,0.0,1065.0,540,515,10,51,48,1,246.0,0.01,3e-05,31803.0,,,,
6817,8000,81762,1.8539,0.0233,3.5911,3.607,0.0141,0.11,4.68,0.94,0.0,1078.0,556,503,19,52,47,2,243.0,0.01,3e-05,31814.0,,,,
6818,8000,81778,1.8622,0.0135,3.6263,3.622,0.0105,0.09,10.76,0.95,0.0,1032.0,481,540,11,47,52,1,254.0,0.0,3e-05,31846.0,,,,
6819,8000,81795,1.8538,0.0299,3.5766,3.527,0.0133,0.1,4.53,0.95,0.0,1085.0,531,542,12,49,50,1,242.0,0.01,3e-05,31809.0,,,,
6820,8000,81811,1.8599,0.0269,3.5951,3.503,0.0131,0.1,7.1,0.94,0.0,1039.0,511,515,13,49,50,1,252.0,0.01,3e-05,31809.0,,,,
6821,8000,81829,1.9059,0.0407,3.6589,3.524,0.0166,0.12,4.2,0.93,0.0,1086.0,525,553,8,48,51,1,241.0,0.01,3e-05,30691.0,,,,
6822,8000,81845,1.8903,0.0331,3.6425,3.556,0.0162,0.11,5.31,0.93,0.0,1094.0,542,544,8,50,50,1,240.0,0.01,3e-05,31837.0,,,,
6823,8000,81862,1.8412,0.0169,3.5782,3.723,0.014,0.1,4.14,0.93,0.0,1028.0,499,515,14,49,50,1,255.0,0.01,3e-05,31832.0,,,,
6824,8000,81878,1.8628,0.0251,3.6064,3.727,0.0135,0.1,4.54,0.93,0.0,1037.0,463,550,24,45,53,2,253.0,0.01,3e-05,31848.0,,,,
6825,8000,81895,1.8633,0.0348,3.5848,3.627,0.015,0.11,3.38,0.93,0.0,1022.0,516,489,17,50,48,2,257.0,0.02,3e-05,31841.0,,,,
6826,8000,81911,1.8465,0.0232,3.5759,3.698,0.0144,0.11,6.51,0.93,0.0,984.0,484,480,20,49,49,2,266.0,0.01,3e-05,31834.0,,,,
6827,8000,81928,1.8391,0.0222,3.5625,3.656,0.0128,0.1,4.47,0.93,0.0,1005.0,466,519,20,46,52,2,261.0,0.01,3e-05,31838.0,,,,
6828,8000,81944,1.8464,0.0317,3.5596,3.727,0.0124,0.1,3.25,0.93,0.0,1012.0,500,489,23,49,48,2,259.0,0.01,3e-05,31826.0,,,,
6829,8000,81961,1.8533,0.0278,3.5812,3.771,0.0107,0.09,7.13,0.94,0.0,1038.0,502,515,21,48,50,2,253.0,0.02,3e-05,31848.0,,,,
6830,8000,81977,1.8612,0.0423,3.5679,3.746,0.0128,0.1,6.59,0.94,0.0,1027.0,506,498,23,49,48,2,255.0,0.02,3e-05,31823.0,,,,
6831,8000,81994,1.9266,0.0468,3.6881,3.701,0.006,0.06,19.35,0.94,0.0,1001.0,495,498,8,49,50,1,262.0,0.01,3e-05,31836.0,,,,
6832,8000,82011,1.8792,0.0369,3.6129,3.582,0.0111,0.1,4.45,0.94,0.0,1016.0,487,509,20,48,50,2,258.0,0.01,3e-05,31819.0,,,,
6833,8000,82027,1.883,0.0481,3.598,3.586,0.0123,0.1,4.44,0.94,0.0,1092.0,532,551,9,49,50,1,240.0,0.01,3e-05,31880.0,,,,
6834,8000,82044,1.8597,0.0469,3.5545,3.657,0.0126,0.1,3.17,0.94,0.0,1027.0,501,512,14,49,50,1,255.0,0.01,3e-05,31835.0,,,,
6835,8000,82060,1.8906,0.0533,3.6029,3.598,0.013,0.1,4.43,0.94,0.0,1103.0,525,565,13,48,51,1,238.0,0.01,3e-05,31829.0,,,,
6836,8000,82077,1.8998,0.0488,3.63,3.593,0.0121,0.1,7.35,0.94,0.0,1085.0,530,549,6,49,51,1,242.0,0.01,3e-05,31889.0,,,,
6837,8000,82093,1.8347,0.0326,3.5328,3.644,0.0118,0.1,3.52,0.95,0.0,1059.0,491,555,13,46,52,1,248.0,0.01,3e-05,31840.0,,,,
6838,8000,82110,1.8547,0.03,3.5778,3.616,0.0136,0.11,4.63,0.94,0.0,1090.0,532,547,11,49,50,1,240.0,0.0,3e-05,31831.0,,,,
6839,8000,82126,1.8832,0.0407,3.6136,3.602,0.0126,0.1,3.41,0.94,0.0,1133.0,543,584,6,48,52,1,231.0,0.01,3e-05,31825.0,,,,
6840,8000,82143,1.8904,0.0231,3.6627,3.521,0.0109,0.09,4.41,0.94,0.0,1135.0,569,555,11,50,49,1,231.0,0.01,3e-05,31838.0,,,,
6841,8000,82160,1.8973,0.0102,3.702,3.564,0.0102,0.09,6.31,0.94,0.0,1160.0,582,570,8,50,49,1,226.0,0.01,3e-05,30649.0,,,,
6842,8000,82177,1.8917,0.017,3.6771,3.566,0.0138,0.1,3.0,0.93,0.0,1204.0,580,616,8,48,51,1,218.0,0.0,3e-05,31787.0,,,,
6843,8000,82193,1.8896,0.0329,3.6409,3.574,0.0143,0.1,3.04,0.94,0.0,1216.0,628,584,4,52,48,0,216.0,0.01,3e-05,31775.0,,,,
6844,8000,82210,1.8965,0.0218,3.6772,3.599,0.013,0.11,3.22,0.93,0.0,1196.0,605,588,3,51,49,0,219.0,0.01,3e-05,31890.0,,,,
6845,8000,82226,1.9014,0.026,3.6784,3.576,0.0134,0.1,5.01,0.94,0.0,1159.0,579,578,2,50,50,0,226.0,0.01,3e-05,31819.0,,,,
6846,8000,82243,1.8757,0.0318,3.6162,3.627,0.0126,0.1,3.93,0.95,0.0,1117.0,581,533,3,52,48,0,235.0,0.01,3e-05,31795.0,,,,
6847,8000,82259,1.8826,0.0129,3.6681,3.649,0.0093,0.08,4.83,0.94,0.0,1144.0,605,536,3,53,47,0,229.0,0.0,3e-05,31808.0,,,,
6848,8000,82276,1.8554,0.0196,3.6014,3.731,0.011,0.09,3.43,0.94,0.0,1173.0,613,554,6,52,47,1,223.0,0.0,3e-05,31891.0,,,,
6849,8000,82292,1.8646,0.0243,3.6096,3.738,0.0127,0.09,3.19,0.94,0.0,1149.0,620,527,2,54,46,0,228.0,0.0,3e-05,31816.0,279,0,233,54
6850,8000,82324,1.8631,0.0187,3.6187,3.848,0.0129,0.09,4.88,0.94,0.0,1148.0,599,547,2,52,48,0,228.0,0.0,3e-05,31958.0,,,,
6851,8000,82340,1.8562,0.0132,3.6149,3.746,0.0111,0.09,4.16,0.94,0.0,1108.0,562,546,0,51,49,0,237.0,0.0,3e-05,31800.0,,,,
6852,8000,82357,1.855,0.0115,3.6172,3.767,0.0089,0.08,4.58,0.94,0.0,1092.0,539,545,8,49,50,1,240.0,0.0,3e-05,31803.0,,,,
6853,8000,82373,1.8414,0.0146,3.5837,3.884,0.0108,0.09,3.64,0.94,0.0,1112.0,567,542,3,51,49,0,236.0,0.01,3e-05,31859.0,,,,
6854,8000,82390,1.8204,0.0025,3.5661,3.875,0.0101,0.08,3.85,0.95,0.0,1042.0,528,510,4,51,49,0,252.0,0.01,3e-05,31797.0,,,,
6855,8000,82407,1.8255,0.0088,3.5628,3.811,0.0116,0.09,4.4,0.95,0.0,1026.0,539,484,3,53,47,0,256.0,0.0,3e-05,31820.0,,,,
6856,8000,82423,1.834,0.0091,3.579,3.76,0.0115,0.09,3.55,0.95,0.0,1094.0,542,549,3,50,50,0,240.0,0.01,3e-05,31800.0,,,,
6857,8000,82440,1.839,0.0204,3.5667,3.803,0.0106,0.08,3.19,0.94,0.0,1058.0,534,522,2,50,49,0,248.0,0.01,3e-05,31807.0,,,,
6858,8000,82456,1.8365,0.0184,3.5657,3.804,0.0105,0.08,3.9,0.95,0.0,1108.0,540,566,2,49,51,0,237.0,0.02,3e-05,31814.0,,,,
6859,8000,82473,1.8182,0.0121,3.5412,3.789,0.0116,0.09,3.53,0.95,0.0,1079.0,543,534,2,50,49,0,243.0,0.01,3e-05,31810.0,,,,
6860,8000,82489,1.8428,0.0115,3.5917,3.717,0.0115,0.09,6.9,0.95,0.0,1033.0,528,501,4,51,48,0,254.0,0.01,3e-05,31876.0,,,,
6861,8000,82506,1.8731,0.0055,3.6626,3.537,0.0108,0.09,5.76,0.94,0.0,1086.0,586,498,2,54,46,0,241.0,0.01,3e-05,30748.0,,,,
6862,8000,82523,1.9267,0.042,3.6962,3.493,0.0107,0.09,4.28,0.94,0.0,1158.0,590,568,0,51,49,0,226.0,0.01,3e-05,31877.0,,,,
6863,8000,82539,1.8925,0.0347,3.6424,3.444,0.0128,0.1,3.12,0.93,0.0,1152.0,573,577,2,50,50,0,228.0,0.01,3e-05,31881.0,,,,
6864,8000,82556,1.8753,0.0306,3.6168,3.536,0.0136,0.1,3.05,0.94,0.0,1137.0,584,552,1,51,49,0,231.0,0.02,3e-05,31876.0,,,,
6865,8000,82573,1.8867,0.0342,3.6316,3.437,0.0121,0.1,3.25,0.94,0.0,1133.0,554,578,1,49,51,0,231.0,0.01,3e-05,31838.0,,,,
6866,8000,82589,1.8934,0.0339,3.6455,3.414,0.0138,0.11,3.15,0.94,0.0,1136.0,590,544,2,52,48,0,231.0,0.01,3e-05,31808.0,,,,
6867,8000,82606,1.8636,0.047,3.5598,3.425,0.0117,0.09,4.2,0.95,0.0,1036.0,519,516,1,50,50,0,253.0,0.01,3e-05,31887.0,,,,
6868,8000,82622,1.8423,0.0369,3.5382,3.515,0.0108,0.09,5.59,0.95,0.0,1029.0,522,504,3,51,49,0,255.0,0.0,3e-05,31822.0,,,,
6869,8000,82639,1.8578,0.041,3.5611,3.531,0.0106,0.08,6.8,0.95,0.0,1014.0,514,493,7,51,49,1,259.0,0.0,3e-05,31883.0,,,,
6870,8000,82655,1.8213,0.0291,3.5123,3.512,0.0114,0.09,4.89,0.95,0.0,1003.0,529,464,10,53,46,1,261.0,0.01,3e-05,31840.0,,,,
6871,8000,82672,1.9164,0.0343,3.6906,3.444,0.0115,0.08,16.48,0.95,0.0,1018.0,516,495,7,51,49,1,258.0,0.01,3e-05,31885.0,,,,
6872,8000,82688,1.826,0.029,3.5208,3.438,0.0127,0.1,3.46,0.95,0.0,1016.0,516,490,10,51,48,1,258.0,0.01,3e-05,31875.0,,,,
6873,8000,82705,1.8302,0.0418,3.5042,3.488,0.014,0.1,2.93,0.95,0.0,994.0,508,475,11,51,48,1,264.0,0.01,3e-05,31841.0,,,,
6874,8000,82721,1.8688,0.0455,3.5732,3.416,0.0146,0.11,3.2,0.95,0.0,1042.0,522,515,5,50,49,0,252.0,0.0,3e-05,31835.0,,,,
6875,8000,82738,1.8538,0.0559,3.5223,3.365,0.0126,0.1,3.18,0.95,0.0,1044.0,545,496,3,52,48,0,251.0,0.01,3e-05,31815.0,,,,
6876,8000,82754,1.8646,0.0501,3.5557,3.395,0.0129,0.1,3.26,0.95,0.0,1041.0,531,509,1,51,49,0,252.0,0.02,3e-05,31830.0,,,,
6877,8000,82771,1.8455,0.0414,3.5349,3.426,0.0127,0.1,2.97,0.95,0.0,1048.0,533,512,3,51,49,0,250.0,0.02,3e-05,31886.0,,,,
6878,8000,82787,1.8233,0.0327,3.5089,3.546,0.0108,0.09,10.28,0.95,0.0,985.0,522,459,4,53,47,0,266.0,0.02,3e-05,31834.0,,,,
6879,8000,82804,1.8277,0.0461,3.4901,3.452,0.0108,0.1,4.35,0.95,0.0,964.0,497,464,3,52,48,0,272.0,0.02,3e-05,31834.0,,,,
6880,8000,82820,1.8426,0.0477,3.5177,3.473,0.0117,0.1,3.31,0.95,0.0,1040.0,528,505,7,51,49,1,252.0,0.02,3e-05,31841.0,,,,
6881,8000,82837,1.8627,0.0386,3.5755,3.417,0.0133,0.1,2.95,0.94,0.0,1001.0,518,478,5,52,48,0,262.0,0.03,3e-05,30696.0,,,,
6882,8000,82854,1.8647,0.0394,3.5777,3.412,0.0124,0.1,2.71,0.94,0.0,1051.0,562,485,4,53,46,0,249.0,0.02,3e-05,31876.0,,,,
6883,8000,82871,1.86,0.0369,3.5727,3.313,0.0129,0.1,2.75,0.95,0.0,1072.0,561,506,5,52,47,0,245.0,0.01,3e-05,31824.0,,,,
6884,8000,82887,1.8525,0.0189,3.5943,3.426,0.0115,0.1,3.5,0.94,0.0,1074.0,552,518,4,51,48,0,244.0,0.01,3e-05,31818.0,,,,
6885,8000,82904,1.886,0.0336,3.6313,3.375,0.0121,0.1,3.76,0.94,0.0,1107.0,545,560,2,49,51,0,237.0,0.0,3e-05,31799.0,,,,
6886,8000,82920,1.8721,0.047,3.5774,3.4,0.0101,0.09,4.12,0.95,0.0,1046.0,573,468,5,55,45,0,251.0,0.0,3e-05,31867.0,,,,
6887,8000,82937,1.851,0.0189,3.5916,3.364,0.0106,0.09,3.79,0.95,0.0,1083.0,574,503,6,53,46,1,242.0,0.01,3e-05,31844.0,,,,
6888,8000,82953,1.8526,0.0249,3.5812,3.314,0.0113,0.1,3.7,0.95,0.0,1058.0,546,509,3,52,48,0,248.0,0.0,3e-05,31823.0,,,,
6889,8000,82970,1.8902,0.037,3.6321,3.245,0.0103,0.09,7.06,0.95,0.0,1056.0,531,521,4,50,49,0,248.0,0.0,3e-05,31872.0,,,,
6890,8000,82986,1.8903,0.0527,3.6015,3.256,0.0106,0.09,4.37,0.95,0.0,1085.0,574,502,9,53,46,1,242.0,0.01,3e-05,31821.0,,,,
6891,8000,83003,1.85,0.0439,3.5383,3.307,0.0099,0.09,5.85,0.95,0.0,1018.0,508,504,6,50,50,1,258.0,0.01,3e-05,31823.0,,,,
6892,8000,83020,1.8331,0.04,3.5119,3.265,0.0116,0.1,5.04,0.95,0.0,1020.0,523,489,8,51,48,1,257.0,0.01,3e-05,31837.0,,,,
6893,8000,83036,1.8482,0.0341,3.5548,3.405,0.0114,0.09,5.13,0.95,0.0,1000.0,511,481,8,51,48,1,262.0,0.0,3e-05,31813.0,,,,
6894,8000,83053,1.8249,0.0466,3.4851,3.496,0.0125,0.1,4.44,0.95,0.0,974.0,477,489,8,49,50,1,269.0,0.0,3e-05,31866.0,,,,
6895,8000,83069,1.8555,0.0426,3.553,3.421,0.0102,0.08,7.45,0.95,0.0,989.0,507,476,6,51,48,1,265.0,0.0,3e-05,31812.0,,,,
6896,8000,83086,1.8361,0.042,3.5161,3.45,0.0094,0.08,7.7,0.96,0.0,956.0,497,451,8,52,47,1,274.0,0.0,3e-05,31838.0,,,,
6897,8000,83102,1.8192,0.0293,3.5096,3.475,0.0096,0.09,7.8,0.96,0.0,959.0,474,469,16,49,49,2,273.0,0.01,3e-05,31820.0,,,,
6898,8000,83119,1.8377,0.0447,3.5136,3.49,0.0119,0.1,4.68,0.95,0.0,973.0,471,494,8,48,51,1,269.0,0.01,3e-05,31818.0,,,,
6899,8000,83135,1.847,0.0415,3.5397,3.4,0.0108,0.09,9.35,0.95,0.0,939.0,487,436,16,52,46,2,279.0,0.01,3e-05,31887.0,280,0,232,55
6900,8000,83167,1.8418,0.0336,3.5471,3.342,0.0107,0.08,6.98,0.95,0.0,952.0,477,456,19,50,48,2,275.0,0.01,3e-05,31954.0,,,,
6901,8000,83184,1.8632,0.0472,3.5591,3.352,0.0125,0.1,6.05,0.95,0.0,943.0,497,436,10,53,46,1,278.0,0.0,3e-05,30680.0,,,,
6902,8000,83200,1.836,0.0504,3.5002,3.457,0.0099,0.09,12.63,0.95,0.0,911.0,447,447,17,49,49,2,288.0,0.01,3e-05,31833.0,,,,
6903,8000,83217,1.8222,0.0245,3.5251,3.522,0.0097,0.09,15.36,0.95,0.0,897.0,460,414,23,51,46,3,292.0,0.01,3e-05,31836.0,,,,
6904,8000,83234,1.9012,0.0426,3.6489,3.499,0.0092,0.08,18.39,0.95,0.0,926.0,474,432,20,51,47,2,283.0,0.01,3e-05,31828.0,,,,
6905,8000,83250,1.8215,0.0477,3.4786,3.576,0.0126,0.1,4.41,0.95,0.0,904.0,473,417,14,52,46,2,290.0,0.01,3e-05,31875.0,,,,
6906,8000,83267,1.8323,0.0441,3.5073,3.594,0.0134,0.1,6.82,0.95,0.0,922.0,469,433,20,51,47,2,284.0,0.01,3e-05,31840.0,,,,
6907,8000,83283,1.8169,0.0461,3.4725,3.7,0.0122,0.1,5.71,0.95,0.0,936.0,477,447,12,51,48,1,280.0,0.02,3e-05,31831.0,,,,
6908,8000,83300,1.8306,0.0274,3.5395,3.659,0.0103,0.09,8.54,0.95,0.0,961.0,516,423,22,54,44,2,273.0,0.01,3e-05,31828.0,,,,
6909,8000,83316,1.8125,0.042,3.4721,3.69,0.0126,0.1,3.89,0.95,0.0,973.0,537,423,13,55,43,1,269.0,0.01,3e-05,31802.0,,,,
6910,8000,83333,1.806,0.0361,3.4714,3.728,0.0125,0.1,5.68,0.95,0.0,920.0,513,388,19,56,42,2,285.0,0.01,3e-05,31824.0,,,,
6911,8000,83349,1.7935,0.0516,3.4164,3.728,0.0146,0.11,3.93,0.96,0.0,929.0,508,400,21,55,43,2,282.0,0.01,3e-05,31844.0,,,,
6912,8000,83366,1.8563,0.0396,3.5658,3.637,0.0105,0.08,15.36,0.96,0.0,946.0,498,437,11,53,46,1,277.0,0.02,3e-05,31835.0,,,,
6913,8000,83382,1.8079,0.0337,3.4814,3.684,0.0091,0.08,8.32,0.96,0.0,904.0,462,426,16,51,47,2,290.0,0.01,3e-05,31827.0,,,,
6914,8000,83399,1.7956,0.0423,3.4385,3.71,0.0124,0.1,4.61,0.95,0.0,903.0,457,436,10,51,48,1,290.0,0.01,3e-05,31841.0,,,,
6915,8000,83415,1.7856,0.0459,3.4115,3.767,0.0134,0.1,3.8,0.96,0.0,840.0,450,381,9,54,45,1,312.0,0.02,3e-05,31839.0,,,,
6916,8000,83432,1.8163,0.0446,3.4764,3.791,0.0103,0.09,11.68,0.96,0.0,871.0,474,384,13,54,44,1,301.0,0.01,3e-05,31879.0,,,,
6917,8000,83448,1.7805,0.0469,3.4024,3.798,0.0127,0.1,4.15,0.96,0.0,911.0,504,390,17,55,43,2,288.0,0.02,3e-05,31818.0,,,,
6918,8000,83465,1.7757,0.0413,3.4031,3.895,0.0127,0.1,3.75,0.96,0.0,920.0,465,443,12,51,48,1,285.0,0.02,3e-05,31880.0,,,,
6919,8000,83481,1.7704,0.0387,3.4011,3.891,0.0128,0.09,4.08,0.96,0.0,890.0,497,369,24,56,41,3,295.0,0.01,3e-05,31823.0,,,,
6920,8000,83498,1.7719,0.0396,3.3988,3.858,0.0114,0.1,4.6,0.96,0.0,907.0,479,414,14,53,46,2,289.0,0.01,3e-05,31831.0,,,,
6921,8000,83515,1.8208,0.0187,3.539,3.793,0.0125,0.1,3.63,0.94,0.0,909.0,424,470,15,47,52,2,288.0,0.01,3e-05,30627.0,,,,
6922,8000,83532,1.8128,0.0193,3.5221,3.843,0.0122,0.1,3.6,0.94,0.0,941.0,453,472,16,48,50,2,279.0,0.01,3e-05,31744.0,,,,
6923,8000,83548,1.8455,0.0328,3.5595,3.892,0.0114,0.09,4.23,0.94,0.0,976.0,482,480,14,49,49,1,269.0,0.01,3e-05,31761.0,,,,
6924,8000,83565,1.8872,0.0365,3.6348,3.783,0.0111,0.09,5.55,0.93,0.0,1029.0,552,461,16,54,45,2,255.0,0.01,3e-05,31759.0,,,,
6925,8000,83582,1.8257,0.0286,3.527,3.807,0.0126,0.11,2.62,0.94,0.0,995.0,471,516,8,47,52,1,263.0,0.01,3e-05,31766.0,,,,
6926,8000,83598,1.8393,0.0316,3.549,3.812,0.0129,0.1,3.72,0.94,0.0,1001.0,528,459,14,53,46,1,262.0,0.01,3e-05,31739.0,,,,
6927,8000,83615,1.8722,0.031,3.6142,3.695,0.0115,0.1,3.23,0.93,0.0,1042.0,513,520,9,49,50,1,252.0,0.01,3e-05,31762.0,,,,
6928,8000,83631,1.873,0.0197,3.6387,3.679,0.0098,0.09,4.61,0.93,0.0,1091.0,544,534,13,50,49,1,240.0,0.01,3e-05,31757.0,,,,
6929,8000,83648,1.8364,0.0256,3.5527,3.709,0.0108,0.09,3.89,0.94,0.0,1019.0,511,498,10,50,49,1,257.0,0.01,3e-05,31829.0,,,,
6930,8000,83664,1.8141,0.0264,3.5075,3.825,0.0106,0.1,3.32,0.94,0.0,951.0,510,432,9,54,45,1,276.0,0.01,3e-05,31747.0,,,,
6931,8000,83681,1.8458,0.0198,3.5839,3.767,0.0106,0.09,4.75,0.94,0.0,1009.0,519,477,13,51,47,1,260.0,0.02,3e-05,31760.0,,,,
6932,8000,83698,1.8588,0.0241,3.6022,3.791,0.0113,0.1,5.62,0.93,0.0,1037.0,496,526,15,48,51,1,253.0,0.01,3e-05,31748.0,,,,
6933,8000,83714,1.8703,0.0312,3.6105,3.753,0.0102,0.09,3.86,0.93,0.0,1116.0,592,502,22,53,45,2,235.0,0.01,3e-05,31764.0,,,,
6934,8000,83731,1.8619,0.0208,3.6133,3.767,0.0106,0.09,4.82,0.94,0.0,1132.0,582,541,9,51,48,1,232.0,0.0,3e-05,31759.0,,,,
6935,8000,83747,1.8502,0.0228,3.5854,3.711,0.0126,0.1,2.76,0.93,0.0,1070.0,529,533,8,49,50,1,245.0,0.0,3e-05,31815.0,,,,
6936,8000,83764,1.8319,0.0074,3.5791,3.784,0.0102,0.09,6.59,0.94,0.0,1016.0,501,510,5,49,50,0,258.0,0.01,3e-05,31759.0,,,,
6937,8000,83780,1.8553,0.0157,3.6089,3.659,0.0106,0.09,5.91,0.93,0.0,1095.0,573,513,9,52,47,1,239.0,0.01,3e-05,31849.0,,,,
6938,8000,83797,1.8655,0.0098,3.641,3.669,0.0093,0.08,5.15,0.94,0.0,1162.0,623,525,14,54,45,1,226.0,0.01,3e-05,31789.0,,,,
6939,8000,83814,1.8691,0.0163,3.6349,3.621,0.0128,0.1,3.59,0.93,0.0,1152.0,620,526,6,54,46,1,228.0,0.01,3e-05,31838.0,,,,
6940,8000,83830,1.8662,0.0076,3.646,3.553,0.011,0.09,4.11,0.93,0.0,1217.0,603,609,5,50,50,0,215.0,0.01,3e-05,31760.0,,,,
6941,8000,83847,1.8929,0.0241,3.6666,3.62,0.0117,0.09,4.31,0.92,0.0,1156.0,589,564,3,51,49,0,227.0,0.0,3e-05,30715.0,,,,
6942,8000,83864,1.9,0.0023,3.7243,3.615,0.0096,0.08,7.73,0.92,0.0,1164.0,593,565,6,51,49,1,225.0,0.01,3e-05,31852.0,,,,
6943,8000,83880,1.9079,0.0134,3.7184,3.642,0.0063,0.06,9.74,0.93,0.0,1118.0,560,551,7,50,49,1,234.0,0.0,3e-05,31853.0,,,,
6944,8000,83897,1.8547,-0.0109,3.66,3.614,0.0082,0.07,6.1,0.93,0.0,1104.0,546,550,8,49,50,1,237.0,0.0,3e-05,31920.0,,,,
6945,8000,83913,1.8628,0.012,3.6298,3.501,0.0114,0.1,5.05,0.93,0.0,1078.0,537,532,9,50,49,1,243.0,0.0,3e-05,31857.0,,,,
6946,8000,83930,1.8368,0.018,3.5661,3.527,0.0134,0.1,3.47,0.94,0.0,1084.0,564,511,9,52,47,1,242.0,0.01,3e-05,31855.0,,,,
6947,8000,83946,1.8467,0.0228,3.5767,3.594,0.0171,0.12,2.98,0.94,0.0,1128.0,545,568,15,48,50,1,232.0,0.0,3e-05,31846.0,,,,
6948,8000,83963,1.8725,0.0331,3.6075,3.582,0.0108,0.09,6.4,0.93,0.0,1011.0,533,470,8,53,46,1,259.0,0.01,3e-05,31905.0,,,,
6949,8000,83979,1.83,0.0397,3.5104,3.637,0.0131,0.1,3.16,0.94,0.0,1017.0,503,500,14,49,49,1,258.0,0.0,3e-05,31903.0,289,0,223,56
6950,8000,84011,1.8498,0.0338,3.5615,3.606,0.0122,0.1,4.36,0.93,0.0,1067.0,532,523,12,50,49,1,246.0,0.0,3e-05,31997.0,,,,
6951,8000,84027,1.8386,0.0173,3.5725,3.657,0.0108,0.09,5.77,0.94,0.0,1082.0,551,517,14,51,48,1,242.0,0.0,3e-05,31849.0,,,,
6952,8000,84044,1.8059,0.013,3.5169,3.74,0.0108,0.09,3.11,0.94,0.0,1106.0,572,511,23,52,46,2,237.0,0.0,3e-05,31853.0,,,,
6953,8000,84060,1.8261,0.0229,3.5361,3.724,0.0136,0.1,3.57,0.94,0.0,1075.0,532,530,13,49,49,1,244.0,0.01,3e-05,31872.0,,,,
6954,8000,84077,1.8317,0.0164,3.5609,3.735,0.0093,0.08,5.34,0.94,0.0,1095.0,528,555,12,48,51,1,239.0,0.01,3e-05,31841.0,,,,
6955,8000,84093,1.8357,0.0244,3.5531,3.667,0.0111,0.09,5.46,0.95,0.0,1024.0,522,487,15,51,48,1,256.0,0.0,3e-05,31865.0,,,,
6956,8000,84110,1.8369,0.039,3.5281,3.759,0.0129,0.1,3.03,0.95,0.0,1043.0,502,525,16,48,50,2,251.0,0.0,3e-05,31853.0,,,,
6957,8000,84126,1.8246,0.0207,3.5407,3.764,0.0113,0.09,5.99,0.95,0.0,1019.0,497,505,17,49,50,2,257.0,0.0,3e-05,31865.0,,,,
6958,8000,84143,1.8373,0.0289,3.5492,3.752,0.0122,0.1,3.99,0.94,0.0,1106.0,570,522,14,52,47,1,237.0,0.0,3e-05,31860.0,,,,
6959,8000,84159,1.8119,0.0309,3.4941,3.768,0.0102,0.09,3.94,0.95,0.0,1014.0,501,496,17,49,49,2,259.0,0.0,3e-05,31876.0,,,,
6960,8000,84176,1.7871,0.0192,3.4663,3.744,0.0109,0.09,3.38,0.95,0.0,984.0,513,460,11,52,47,1,266.0,0.0,3e-05,31850.0,,,,
6961,8000,84193,1.8881,0.048,3.6103,3.609,0.0129,0.1,3.6,0.94,0.0,1081.0,543,526,12,50,49,1,243.0,0.01,3e-05,30643.0,,,,
6962,8000,84210,1.8776,0.0244,3.6364,3.551,0.0121,0.1,4.61,0.93,0.0,1172.0,578,579,15,49,49,1,224.0,0.01,3e-05,31790.0,,,,
6963,8000,84226,1.8871,0.0323,3.6392,3.504,0.0135,0.11,3.06,0.93,0.0,1171.0,553,605,13,47,52,1,224.0,0.01,3e-05,31837.0,,,,
6964,8000,84243,1.9133,0.0401,3.6751,3.406,0.012,0.09,3.74,0.93,0.0,1231.0,614,605,12,50,49,1,213.0,0.01,3e-05,31759.0,,,,
6965,8000,84259,1.8741,0.0179,3.6406,3.495,0.0119,0.09,3.08,0.94,0.0,1247.0,604,638,5,48,51,0,210.0,0.0,3e-05,31781.0,,,,
6966,8000,84276,1.8568,0.0241,3.5937,3.493,0.0124,0.1,2.77,0.94,0.0,1174.0,599,571,4,51,49,0,223.0,0.0,3e-05,31846.0,,,,
6967,8000,84292,1.8652,0.0226,3.6138,3.535,0.0132,0.1,3.43,0.94,0.0,1199.0,624,572,3,52,48,0,219.0,0.0,3e-05,31780.0,,,,
6968,8000,84309,1.8541,0.0071,3.6225,3.548,0.0109,0.09,3.15,0.94,0.0,1184.0,582,599,3,49,51,0,221.0,0.0,3e-05,31780.0,,,,
6969,8000,84326,1.8719,0.0209,3.6325,3.583,0.011,0.09,4.11,0.94,0.0,1197.0,577,610,10,48,51,1,219.0,0.0,3e-05,31773.0,,,,
6970,8000,84342,1.8607,0.0162,3.6185,3.566,0.0099,0.09,2.99,0.94,0.0,1194.0,602,587,5,50,49,0,220.0,0.0,3e-05,31776.0,,,,
6971,8000,84359,1.8701,0.0142,3.6412,3.49,0.0096,0.08,4.07,0.94,0.0,1209.0,563,639,7,47,53,1,217.0,0.0,3e-05,31781.0,,,,
6972,8000,84375,1.891,0.0313,3.6477,3.49,0.0097,0.09,3.05,0.94,0.0,1136.0,527,606,3,46,53,0,231.0,0.0,3e-05,31775.0,,,,
6973,8000,84392,1.8883,0.0099,3.6848,3.431,0.0107,0.09,3.63,0.94,0.0,1244.0,631,609,4,51,49,0,211.0,0.0,3e-05,31818.0,,,,
6974,8000,84408,1.8692,0.0041,3.6581,3.463,0.0098,0.09,3.52,0.94,0.0,1240.0,610,628,2,49,51,0,211.0,0.0,3e-05,31819.0,,,,
6975,8000,84425,1.8939,0.0132,3.6897,3.476,0.0102,0.09,4.5,0.94,0.0,1220.0,616,598,6,50,49,0,215.0,0.0,3e-05,31770.0,,,,
6976,8000,84441,1.8607,0.0032,3.6431,3.452,0.0102,0.09,3.18,0.94,0.0,1209.0,583,621,5,48,51,0,217.0,0.0,3e-05,31857.0,,,,
6977,8000,84458,1.8937,0.0292,3.6571,3.489,0.0107,0.09,5.45,0.94,0.0,1216.0,585,628,3,48,52,0,216.0,0.0,3e-05,31848.0,,,,
6978,8000,84474,1.8566,0.0184,3.6046,3.454,0.0093,0.08,4.15,0.94,0.0,1159.0,575,577,7,50,50,1,226.0,0.0,3e-05,31820.0,,,,
6979,8000,84491,1.8736,0.0199,3.6359,3.491,0.01,0.09,6.47,0.94,0.0,1166.0,574,587,5,49,50,0,225.0,0.0,3e-05,31767.0,,,,
6980,8000,84507,1.9064,-0.0219,3.7845,3.482,0.0044,0.04,21.93,0.94,0.0,1176.0,577,598,1,49,51,0,223.0,0.0,3e-05,31781.0,,,,
6981,8000,84525,1.8729,-0.0009,3.676,3.531,0.0094,0.08,4.02,0.93,0.0,1171.0,567,598,6,48,51,1,224.0,0.01,3e-05,30688.0,,,,
6982,8000,84541,1.8355,-0.0137,3.627,3.573,0.0112,0.1,3.17,0.94,0.0,1160.0,585,571,4,50,49,0,226.0,0.01,3e-05,31880.0,,,,
6983,8000,84558,1.8347,-0.0139,3.6271,3.709,0.0101,0.09,3.73,0.94,0.0,1176.0,574,599,3,49,51,0,223.0,0.01,3e-05,31849.0,,,,
6984,8000,84574,1.868,-0.0099,3.6859,3.688,0.0099,0.09,4.49,0.94,0.0,1249.0,652,594,3,52,48,0,210.0,0.0,3e-05,31831.0,,,,
6985,8000,84591,1.8484,-0.0027,3.6326,3.728,0.0103,0.09,3.48,0.94,0.0,1209.0,600,604,5,50,50,0,217.0,0.0,3e-05,31871.0,,,,
6986,8000,84607,1.8755,0.0002,3.6807,3.662,0.0099,0.09,5.21,0.94,0.0,1177.0,564,607,6,48,52,1,223.0,0.0,3e-05,31838.0,,,,
6987,8000,84624,1.8597,0.0205,3.609,3.766,0.0099,0.08,4.14,0.95,0.0,1185.0,638,544,3,54,46,0,221.0,0.0,3e-05,31831.0,,,,
6988,8000,84640,1.8631,0.0142,3.6276,3.672,0.0104,0.09,4.11,0.94,0.0,1105.0,565,538,2,51,49,0,237.0,0.0,3e-05,31849.0,,,,
6989,8000,84657,1.8371,-0.0037,3.6124,3.722,0.0105,0.09,4.88,0.94,0.0,1136.0,567,567,2,50,50,0,231.0,0.0,3e-05,31829.0,,,,
6990,8000,84673,1.8943,0.0205,3.6784,3.742,0.0095,0.08,9.24,0.94,0.0,1052.0,526,524,2,50,50,0,249.0,0.01,3e-05,31877.0,,,,
6991,8000,84690,1.8287,0.021,3.5476,3.834,0.0093,0.08,4.81,0.95,0.0,1046.0,541,499,6,52,48,1,251.0,0.01,3e-05,31836.0,,,,
6992,8000,84706,1.8104,0.0041,3.5439,3.763,0.0088,0.08,3.88,0.95,0.0,1061.0,538,517,6,51,49,1,247.0,0.0,3e-05,31823.0,,,,
6993,8000,84723,1.8329,0.0037,3.5898,3.797,0.0099,0.08,5.92,0.95,0.0,1097.0,572,518,7,52,47,1,239.0,0.0,3e-05,31829.0,,,,
6994,8000,84740,1.8372,0.0161,3.5725,3.748,0.0115,0.09,4.0,0.95,0.0,1109.0,574,531,4,52,48,0,236.0,0.0,2.9e-05,31831.0,,,,
6995,8000,84756,1.8741,0.0227,3.6327,3.681,0.0101,0.09,3.95,0.94,0.0,1174.0,624,546,4,53,47,0,223.0,0.0,2.9e-05,31833.0,,,,
6996,8000,84773,1.8545,0.0261,3.5863,3.698,0.0113,0.09,2.9,0.95,0.0,1136.0,570,566,0,50,50,0,231.0,0.01,2.9e-05,31822.0,,,,
6997,8000,84789,1.879,0.026,3.6355,3.623,0.0104,0.08,8.53,0.95,0.0,1065.0,524,539,2,49,51,0,246.0,0.0,2.9e-05,31826.0,,,,
6998,8000,84806,1.8179,0.0282,3.5087,3.625,0.0124,0.1,3.78,0.96,0.0,1022.0,455,564,3,45,55,0,257.0,0.01,2.9e-05,31816.0,,,,
6999,8000,84822,1.8453,0.0218,3.577,3.707,0.0111,0.08,6.14,0.95,0.0,979.0,484,488,7,49,50,1,268.0,0.01,2.9e-05,31811.0,241,1,270,47
7000,8000,84854,1.8306,0.0306,3.5296,3.684,0.0118,0.08,4.75,0.96,0.0,1005.0,495,507,3,49,50,0,261.0,0.0,2.9e-05,31979.0,,,,
7001,8000,84871,1.8941,0.0415,3.6347,3.544,0.0123,0.1,3.83,0.94,0.0,1044.0,483,549,12,46,53,1,251.0,0.01,2.9e-05,30708.0,,,,
7002,8000,84887,1.8648,0.0048,3.6487,3.512,0.012,0.09,5.25,0.94,0.0,1062.0,512,545,5,48,51,0,247.0,0.01,2.9e-05,31805.0,,,,
7003,8000,84904,1.8382,0.0071,3.5914,3.579,0.0121,0.1,4.36,0.94,0.0,1088.0,485,595,8,45,55,1,241.0,0.01,2.9e-05,31837.0,,,,
7004,8000,84920,1.8331,-0.0014,3.5995,3.679,0.0103,0.08,3.6,0.94,0.0,1116.0,496,608,12,44,54,1,235.0,0.0,2.9e-05,31830.0,,,,
7005,8000,84937,1.8376,0.0156,3.5749,3.678,0.0102,0.08,6.08,0.95,0.0,1073.0,510,554,9,48,52,1,244.0,0.0,2.9e-05,31823.0,,,,
7006,8000,84953,1.8336,0.0203,3.5581,3.711,0.0109,0.08,4.26,0.95,0.0,1074.0,542,523,9,50,49,1,244.0,0.0,2.9e-05,31797.0,,,,
7007,8000,84970,1.8533,0.0226,3.5923,3.622,0.0139,0.1,3.65,0.95,0.0,1048.0,481,558,9,46,53,1,250.0,0.0,2.9e-05,31835.0,,,,
7008,8000,84987,1.839,0.01,3.5888,3.66,0.0142,0.1,5.23,0.95,0.0,1048.0,514,525,9,49,50,1,250.0,0.0,2.9e-05,31819.0,,,,
7009,8000,85003,1.8513,0.0137,3.6045,3.603,0.0118,0.09,4.77,0.95,0.0,1067.0,484,578,5,45,54,0,246.0,0.0,2.9e-05,31818.0,,,,
7010,8000,85020,1.8475,-0.0017,3.6291,3.655,0.0096,0.08,7.31,0.95,0.0,1041.0,498,536,7,48,51,1,252.0,0.0,2.9e-05,31825.0,,,,
7011,8000,85036,1.8477,0.0185,3.588,3.596,0.0131,0.1,5.72,0.95,0.0,1065.0,523,538,4,49,51,0,246.0,0.0,2.9e-05,31816.0,,,,
7012,8000,85053,1.8354,0.0094,3.5833,3.636,0.0109,0.09,4.14,0.95,0.0,1078.0,511,558,9,47,52,1,243.0,0.0,2.9e-05,31825.0,,,,
7013,8000,85069,1.8603,0.0114,3.6265,3.519,0.0126,0.09,5.88,0.95,0.0,1068.0,514,549,5,48,51,0,245.0,0.0,2.9e-05,31838.0,,,,
7014,8000,85086,1.8701,0.0165,3.6365,3.476,0.0119,0.09,9.81,0.95,0.0,1063.0,508,543,12,48,51,1,247.0,0.01,2.9e-05,31824.0,,,,
7015,8000,85102,1.8221,0.0136,3.5469,3.519,0.014,0.1,4.2,0.95,0.0,1081.0,545,527,9,50,49,1,243.0,0.0,2.9e-05,31878.0,,,,
7016,8000,85119,1.8118,0.0085,3.5356,3.561,0.0143,0.1,3.88,0.96,0.0,1041.0,511,526,4,49,51,0,252.0,0.0,2.9e-05,31820.0,,,,
7017,8000,85135,1.8226,0.0188,3.5365,3.592,0.0146,0.11,3.89,0.95,0.0,1017.0,514,500,3,51,49,0,258.0,0.0,2.9e-05,31824.0,,,,
7018,8000,85152,1.8569,0.0374,3.5698,3.645,0.0141,0.1,3.8,0.95,0.0,1085.0,561,514,10,52,47,1,242.0,0.0,2.9e-05,31824.0,,,,
7019,8000,85168,1.8586,0.03,3.5871,3.572,0.0129,0.1,3.68,0.95,0.0,1038.0,508,523,7,49,50,1,253.0,0.0,2.9e-05,31804.0,,,,
7020,8000,85185,1.8451,0.0226,3.5739,3.517,0.0132,0.11,3.95,0.95,0.0,1089.0,535,547,7,49,50,1,241.0,0.0,2.9e-05,31827.0,,,,
7021,8000,85202,1.894,0.0313,3.6542,3.55,0.0113,0.09,7.3,0.95,0.0,1055.0,501,550,4,47,52,0,248.0,0.0,2.9e-05,30642.0,,,,
7022,8000,85219,1.8712,0.0303,3.6114,3.613,0.0119,0.09,3.7,0.95,0.0,1066.0,547,515,4,51,48,0,246.0,0.0,2.9e-05,31763.0,,,,
7023,8000,85235,1.8585,0.0256,3.5962,3.628,0.0108,0.09,4.07,0.95,0.0,1012.0,536,469,7,53,46,1,259.0,0.0,2.9e-05,31828.0,,,,
7024,8000,85252,1.8725,0.0358,3.6032,3.687,0.0106,0.09,8.62,0.95,0.0,1022.0,529,488,5,52,48,0,257.0,0.0,2.9e-05,31837.0,,,,
7025,8000,85268,1.841,0.0104,3.5906,3.589,0.0127,0.09,5.47,0.95,0.0,987.0,510,469,8,52,48,1,266.0,0.0,2.9e-05,31778.0,,,,
7026,8000,85285,1.8469,0.0203,3.5825,3.529,0.0092,0.08,7.76,0.95,0.0,1001.0,491,504,6,49,50,1,262.0,0.0,2.9e-05,31769.0,,,,
7027,8000,85301,1.8409,0.0443,3.5227,3.52,0.0113,0.1,3.05,0.95,0.0,1028.0,548,471,9,53,46,1,255.0,0.0,2.9e-05,31754.0,,,,
7028,8000,85318,1.836,0.0227,3.5559,3.556,0.0116,0.1,5.2,0.95,0.0,1075.0,568,500,7,53,47,1,244.0,0.01,2.9e-05,31786.0,,,,
7029,8000,85335,1.8463,0.0117,3.5986,3.587,0.0108,0.08,10.8,0.96,0.0,1048.0,501,536,11,48,51,1,250.0,0.01,2.9e-05,31844.0,,,,
7030,8000,85351,1.8284,0.0355,3.5139,3.509,0.0122,0.1,3.1,0.95,0.0,1003.0,530,469,4,53,47,0,261.0,0.0,2.9e-05,31753.0,,,,
7031,8000,85368,1.8198,0.0299,3.5076,3.521,0.0132,0.1,6.5,0.95,0.0,1010.0,551,451,8,55,45,1,260.0,0.01,2.9e-05,31746.0,,,,
7032,8000,85384,1.8416,0.0316,3.5494,3.62,0.0109,0.09,5.72,0.95,0.0,1024.0,556,463,5,54,45,0,256.0,0.0,2.9e-05,31763.0,,,,
7033,8000,85401,1.8236,0.0155,3.5469,3.626,0.0144,0.1,4.55,0.95,0.0,1044.0,545,488,11,52,47,1,251.0,0.0,2.9e-05,31775.0,,,,
7034,8000,85417,1.8447,0.0152,3.5898,3.675,0.0126,0.09,3.81,0.94,0.0,1080.0,554,517,9,51,48,1,243.0,0.0,2.9e-05,31840.0,,,,
7035,8000,85434,1.8628,0.0243,3.6074,3.64,0.0127,0.1,3.51,0.94,0.0,1121.0,561,552,8,50,49,1,234.0,0.01,2.9e-05,31766.0,,,,
7036,8000,85451,1.8539,0.0207,3.5962,3.646,0.0116,0.09,4.0,0.94,0.0,1046.0,564,477,5,54,46,0,251.0,0.0,2.9e-05,31822.0,,,,
7037,8000,85467,1.8471,0.0216,3.5811,3.607,0.0113,0.09,4.14,0.95,0.0,1028.0,530,487,11,52,47,1,255.0,0.01,2.9e-05,31843.0,,,,
7038,8000,85484,1.8173,0.0286,3.5075,3.636,0.0116,0.09,4.67,0.95,0.0,1032.0,537,486,9,52,47,1,254.0,0.01,2.9e-05,31754.0,,,,
7039,8000,85500,1.8254,0.0215,3.5388,3.695,0.0113,0.09,5.44,0.95,0.0,1064.0,564,486,14,53,46,1,246.0,0.01,2.9e-05,31768.0,,,,
7040,8000,85517,1.8521,0.0302,3.5731,3.57,0.0094,0.08,6.61,0.95,0.0,1053.0,540,497,16,51,47,2,249.0,0.0,2.9e-05,31749.0,,,,
7041,8000,85534,1.8905,0.0394,3.6317,3.654,0.0113,0.09,5.43,0.94,0.0,1061.0,548,501,12,52,47,1,247.0,0.0,2.9e-05,30645.0,,,,
7042,8000,85551,1.8665,0.0386,3.5854,3.602,0.0117,0.09,3.39,0.94,0.0,1059.0,555,489,15,52,46,1,248.0,0.0,2.9e-05,31868.0,,,,
7043,8000,85567,1.8894,0.0374,3.6335,3.652,0.0114,0.09,4.56,0.94,0.0,1123.0,583,532,8,52,47,1,233.0,0.01,2.9e-05,31800.0,,,,
7044,8000,85584,1.8417,0.0226,3.5676,3.63,0.0121,0.1,3.02,0.94,0.0,1083.0,554,522,7,51,48,1,242.0,0.0,2.9e-05,31844.0,,,,
7045,8000,85600,1.8276,0.0339,3.5176,3.78,0.0108,0.09,4.13,0.95,0.0,1012.0,464,539,9,46,53,1,259.0,0.0,2.9e-05,31797.0,,,,
7046,8000,85617,1.8122,0.025,3.5054,3.781,0.0115,0.09,3.14,0.95,0.0,1046.0,546,488,12,52,47,1,251.0,0.01,2.9e-05,31800.0,,,,
7047,8000,85633,1.8205,0.03,3.5112,3.758,0.0114,0.09,3.59,0.95,0.0,1005.0,520,472,13,52,47,1,261.0,0.0,2.9e-05,31801.0,,,,
7048,8000,85650,1.8333,0.0257,3.5448,3.661,0.0113,0.09,4.37,0.95,0.0,1051.0,514,517,20,49,49,2,249.0,0.0,2.9e-05,31805.0,,,,
7049,8000,85666,1.8466,0.0256,3.5721,3.608,0.0118,0.1,3.78,0.94,0.0,1028.0,500,505,23,49,49,2,255.0,0.0,2.9e-05,31856.0,333,0,179,65
7050,8000,85698,1.8281,0.0179,3.5505,3.634,0.011,0.09,4.27,0.94,0.0,1014.0,527,469,18,52,46,2,259.0,0.0,2.9e-05,31937.0,,,,
7051,8000,85714,1.8533,0.0148,3.6071,3.625,0.0098,0.09,4.92,0.94,0.0,1112.0,581,511,20,52,46,2,236.0,0.0,2.9e-05,31812.0,,,,
7052,8000,85731,1.8671,0.0169,3.6301,3.638,0.0113,0.09,5.31,0.94,0.0,1156.0,564,574,18,49,50,2,227.0,0.01,2.9e-05,31802.0,,,,
7053,8000,85748,1.8631,0.0353,3.5847,3.601,0.0098,0.08,4.34,0.94,0.0,1105.0,558,532,15,50,48,1,237.0,0.01,2.9e-05,31794.0,,,,
7054,8000,85764,1.8711,0.0352,3.6006,3.6,0.0109,0.09,4.66,0.94,0.0,1135.0,554,565,16,49,50,1,231.0,0.0,2.9e-05,31791.0,,,,
7055,8000,85781,1.8844,0.0278,3.6416,3.53,0.0117,0.09,4.68,0.94,0.0,1139.0,588,543,8,52,48,1,230.0,0.0,2.9e-05,31805.0,,,,
7056,8000,85797,1.8647,0.0296,3.5986,3.587,0.0105,0.09,3.62,0.94,0.0,1124.0,565,556,3,50,49,0,233.0,0.01,2.9e-05,31801.0,,,,
7057,8000,85814,1.8813,0.0375,3.6162,3.555,0.0111,0.09,4.65,0.94,0.0,1046.0,526,514,6,50,49,1,251.0,0.0,2.9e-05,31858.0,,,,
7058,8000,85830,1.8674,0.0254,3.6126,3.573,0.0117,0.09,4.07,0.94,0.0,1107.0,576,523,8,52,47,1,237.0,0.01,2.9e-05,31809.0,,,,
7059,8000,85847,1.9121,0.0328,3.688,3.611,0.013,0.1,6.2,0.93,0.0,1172.0,574,581,17,49,50,1,224.0,0.01,2.9e-05,31862.0,,,,
7060,8000,85863,1.9059,0.0481,3.6448,3.622,0.0108,0.08,7.27,0.94,0.0,1147.0,602,532,13,52,46,1,229.0,0.01,2.9e-05,31809.0,,,,
7061,8000,85880,1.931,0.0381,3.7145,3.569,0.0135,0.1,4.64,0.92,0.0,1155.0,635,514,6,55,45,1,227.0,0.0,2.9e-05,30683.0,,,,
7062,8000,85897,1.9122,0.0268,3.6989,3.508,0.0116,0.1,3.98,0.92,0.0,1169.0,579,579,11,50,50,1,224.0,0.0,2.9e-05,31826.0,,,,
7063,8000,85914,1.8895,0.0302,3.6471,3.621,0.0126,0.09,4.39,0.93,0.0,1174.0,610,549,15,52,47,1,223.0,0.0,2.9e-05,31804.0,,,,
7064,8000,85930,1.8713,0.0268,3.6184,3.67,0.0114,0.09,4.83,0.93,0.0,1111.0,580,522,9,52,47,1,236.0,0.0,2.9e-05,31847.0,,,,
7065,8000,85947,1.8946,0.0235,3.6717,3.711,0.01,0.09,7.29,0.93,0.0,1142.0,577,557,8,51,49,1,230.0,0.01,2.9e-05,31856.0,,,,
7066,8000,85963,1.8842,0.0128,3.6718,3.53,0.012,0.1,4.27,0.93,0.0,1190.0,630,551,9,53,46,1,220.0,0.0,2.9e-05,31910.0,,,,
7067,8000,85980,1.8675,0.0022,3.6595,3.591,0.0112,0.09,6.26,0.93,0.0,1166.0,608,545,13,52,47,1,225.0,0.0,2.9e-05,31849.0,,,,
7068,8000,85996,1.8884,0.0232,3.6597,3.652,0.012,0.09,4.24,0.93,0.0,1188.0,627,548,13,53,46,1,221.0,0.0,2.9e-05,31854.0,,,,
7069,8000,86013,1.8461,0.0073,3.6071,3.627,0.0125,0.09,4.58,0.93,0.0,1110.0,591,509,10,53,46,1,236.0,0.0,2.9e-05,31857.0,,,,
7070,8000,86029,1.8731,0.0119,3.6509,3.529,0.0135,0.1,5.23,0.93,0.0,1134.0,586,542,6,52,48,1,231.0,0.0,2.9e-05,31909.0,,,,
7071,8000,86046,1.8717,0.0194,3.6335,3.553,0.0121,0.09,7.0,0.94,0.0,1070.0,548,508,14,51,47,1,245.0,0.01,2.9e-05,31860.0,,,,
7072,8000,86062,1.8386,0.0107,3.5856,3.608,0.0124,0.09,6.24,0.94,0.0,1127.0,583,530,14,52,47,1,233.0,0.01,2.9e-05,31912.0,,,,
7073,8000,86079,1.8451,0.0221,3.575,3.595,0.0116,0.09,5.49,0.94,0.0,1083.0,558,514,11,52,47,1,242.0,0.0,2.9e-05,31865.0,,,,
7074,8000,86095,1.8416,0.0113,3.5906,3.706,0.0105,0.09,8.3,0.95,0.0,1075.0,569,491,15,53,46,1,244.0,0.0,2.9e-05,31848.0,,,,
7075,8000,86112,1.8037,0.0104,3.5177,3.801,0.0121,0.1,3.56,0.94,0.0,1052.0,535,507,10,51,48,1,249.0,0.0,2.9e-05,31889.0,,,,
7076,8000,86128,1.8142,-0.0029,3.565,3.728,0.0103,0.08,7.69,0.95,0.0,1000.0,520,463,17,52,46,2,262.0,0.01,2.9e-05,31903.0,,,,
7077,8000,86145,1.8291,0.0034,3.5831,3.788,0.0116,0.09,7.78,0.95,0.0,1029.0,508,506,15,49,49,1,255.0,0.0,2.9e-05,31844.0,,,,
7078,8000,86161,1.827,0.0091,3.5686,3.914,0.0087,0.08,11.03,0.95,0.0,1059.0,565,478,16,53,45,2,248.0,0.0,2.9e-05,31847.0,,,,
7079,8000,86178,1.8075,-0.0032,3.5535,3.882,0.0096,0.08,5.73,0.95,0.0,1001.0,504,485,12,50,48,1,262.0,0.0,2.9e-05,31852.0,,,,
7080,8000,86194,1.8242,-0.001,3.5828,3.879,0.012,0.08,6.44,0.94,0.0,1085.0,554,502,29,51,46,3,242.0,0.0,2.9e-05,31843.0,,,,
7081,8000,86212,1.8759,0.0028,3.6764,3.706,0.0107,0.09,4.72,0.93,0.0,1116.0,554,550,12,50,49,1,235.0,0.0,2.9e-05,30723.0,,,,
7082,8000,86228,1.8929,0.0081,3.7003,3.672,0.0114,0.09,4.5,0.93,0.0,1190.0,567,611,12,48,51,1,220.0,0.0,2.9e-05,31874.0,,,,
7083,8000,86245,1.8752,0.0121,3.6572,3.741,0.0121,0.09,4.13,0.93,0.0,1199.0,606,584,9,51,49,1,219.0,0.0,2.9e-05,31835.0,,,,
7084,8000,86261,1.9013,0.0195,3.6941,3.727,0.013,0.1,4.21,0.93,0.0,1236.0,602,619,15,49,50,1,212.0,0.01,2.9e-05,31833.0,,,,
7085,8000,86278,1.8703,-0.0029,3.6763,3.676,0.0117,0.09,3.73,0.93,0.0,1217.0,615,600,2,51,49,0,215.0,0.0,2.9e-05,31896.0,,,,
7086,8000,86294,1.8516,-0.0047,3.6431,3.686,0.0114,0.1,5.25,0.93,0.0,1169.0,556,608,5,48,52,0,224.0,0.0,2.9e-05,31845.0,,,,
7087,8000,86311,1.8434,-0.0137,3.6451,3.739,0.0102,0.09,4.88,0.93,0.0,1162.0,615,539,8,53,46,1,226.0,0.01,2.9e-05,31888.0,,,,
7088,8000,86327,1.8116,-0.0016,3.5575,3.801,0.0118,0.09,4.12,0.94,0.0,1118.0,570,543,5,51,49,0,234.0,0.0,2.9e-05,31827.0,,,,
7089,8000,86344,1.8135,-0.0024,3.5641,3.828,0.01,0.08,5.59,0.94,0.0,1096.0,546,542,8,50,49,1,239.0,0.0,2.9e-05,31873.0,,,,
7090,8000,86360,1.8335,0.0219,3.5552,3.805,0.0092,0.08,7.32,0.94,0.0,1074.0,512,552,10,48,51,1,244.0,0.0,2.9e-05,31845.0,,,,
7091,8000,86377,1.8387,0.007,3.5961,3.843,0.0097,0.08,7.39,0.94,0.0,1060.0,521,524,15,49,49,1,247.0,0.0,2.9e-05,31836.0,,,,
7092,8000,86393,1.8058,0.0196,3.5049,3.901,0.0121,0.09,4.44,0.94,0.0,986.0,502,469,15,51,48,2,266.0,0.0,2.9e-05,31862.0,,,,
7093,8000,86410,1.8144,-0.002,3.5648,3.91,0.0089,0.08,6.07,0.94,0.0,1062.0,515,533,14,48,50,1,247.0,0.01,2.9e-05,31842.0,,,,
7094,8000,86426,1.7854,0.0032,3.4959,3.884,0.011,0.08,5.43,0.94,0.0,990.0,477,499,14,48,50,1,265.0,0.0,2.9e-05,31874.0,,,,
7095,8000,86443,1.7538,0.0061,3.4283,3.97,0.0111,0.09,4.11,0.95,0.0,932.0,459,458,15,49,49,2,281.0,0.0,2.9e-05,31831.0,,,,
7096,8000,86459,1.7914,0.0081,3.4994,4.003,0.0091,0.08,5.16,0.95,0.0,958.0,464,479,15,48,50,2,274.0,0.0,2.9e-05,31840.0,,,,
7097,8000,86476,1.7894,0.0067,3.4987,3.909,0.0104,0.08,4.47,0.95,0.0,984.0,484,481,19,49,49,2,266.0,0.01,2.9e-05,31830.0,,,,
7098,8000,86493,1.7854,0.012,3.4806,3.935,0.0122,0.09,4.21,0.95,0.0,949.0,460,465,24,48,49,3,276.0,0.01,2.9e-05,31835.0,,,,
7099,8000,86509,1.7962,0.0112,3.5056,3.917,0.0124,0.09,5.63,0.95,0.0,990.0,502,466,22,51,47,2,265.0,0.01,2.9e-05,31831.0,262,0,250,51
7100,8000,86541,1.7936,0.0109,3.4976,3.902,0.0117,0.09,3.31,0.94,0.0,1023.0,533,474,16,52,46,2,256.0,0.01,2.9e-05,31965.0,,,,
7101,8000,86558,1.8113,-0.0026,3.559,3.844,0.0123,0.1,4.16,0.94,0.0,1019.0,505,495,19,50,49,2,257.0,0.0,2.9e-05,30716.0,,,,
7102,8000,86574,1.802,-0.0041,3.5445,3.858,0.0127,0.1,4.24,0.94,0.0,1013.0,529,468,16,52,46,2,259.0,0.0,2.9e-05,31847.0,,,,
7103,8000,86591,1.7852,-0.0039,3.51,3.841,0.012,0.09,3.02,0.94,0.0,1034.0,565,448,21,55,43,2,254.0,0.01,2.9e-05,31879.0,,,,
7104,8000,86607,1.7986,0.0041,3.5201,3.763,0.0111,0.09,4.32,0.95,0.0,1005.0,514,477,14,51,47,1,261.0,0.01,2.9e-05,31916.0,,,,
7105,8000,86624,1.8125,-0.0059,3.5674,3.75,0.0098,0.08,4.77,0.94,0.0,1058.0,554,495,9,52,47,1,248.0,0.01,2.9e-05,31848.0,,,,
7106,8000,86640,1.787,-0.003,3.5113,3.84,0.0112,0.09,3.55,0.94,0.0,1061.0,572,478,11,54,45,1,247.0,0.01,2.9e-05,31868.0,,,,
7107,8000,86657,1.7891,0.0041,3.5019,3.809,0.0128,0.09,3.33,0.95,0.0,1056.0,546,498,12,52,47,1,248.0,0.01,2.9e-05,31856.0,,,,
7108,8000,86673,1.8012,0.0137,3.5062,3.842,0.0102,0.08,3.56,0.95,0.0,1032.0,567,456,9,55,44,1,254.0,0.0,2.9e-05,31868.0,,,,
7109,8000,86690,1.8207,0.0225,3.5275,3.825,0.0113,0.09,5.07,0.94,0.0,1021.0,568,442,11,56,43,1,257.0,0.01,2.9e-05,31847.0,,,,
7110,8000,86706,1.7885,0.0045,3.4993,3.875,0.0109,0.08,3.31,0.95,0.0,1083.0,576,499,8,53,46,1,242.0,0.01,2.9e-05,31858.0,,,,
7111,8000,86723,1.7729,-0.0199,3.5174,3.816,0.0112,0.09,4.53,0.95,0.0,1097.0,567,521,9,52,47,1,239.0,0.01,2.9e-05,31843.0,,,,
7112,8000,86739,1.8116,-0.0005,3.5563,3.93,0.0105,0.08,4.81,0.94,0.0,1090.0,562,518,10,52,48,1,240.0,0.01,2.9e-05,31870.0,,,,
7113,8000,86756,1.8011,0.0009,3.5309,3.799,0.0105,0.08,4.55,0.94,0.0,1041.0,489,542,10,47,52,1,252.0,0.01,2.9e-05,31841.0,,,,
7114,8000,86772,1.7963,0.0189,3.486,3.847,0.0112,0.09,5.27,0.95,0.0,1025.0,509,506,10,50,49,1,256.0,0.01,2.9e-05,31872.0,,,,
7115,8000,86789,1.8021,-0.0006,3.5359,3.843,0.0099,0.08,6.79,0.95,0.0,1047.0,546,495,6,52,47,1,250.0,0.01,2.9e-05,31841.0,,,,
7116,8000,86805,1.7915,-0.0077,3.5289,3.75,0.0127,0.09,5.23,0.95,0.0,1084.0,566,511,7,52,47,1,242.0,0.02,2.9e-05,31863.0,,,,
7117,8000,86822,1.8001,0.0028,3.5261,3.917,0.0122,0.09,3.85,0.95,0.0,1074.0,535,529,10,50,49,1,244.0,0.01,2.9e-05,31859.0,,,,
7118,8000,86838,1.8147,0.0188,3.5229,3.882,0.0119,0.09,4.05,0.95,0.0,1046.0,549,492,5,52,47,0,251.0,0.01,2.9e-05,31843.0,,,,
7119,8000,86855,1.8185,0.012,3.5432,3.803,0.0095,0.08,8.52,0.95,0.0,1023.0,540,474,9,53,46,1,256.0,0.01,2.9e-05,31850.0,,,,
7120,8000,86871,1.7936,0.0053,3.5073,3.806,0.0122,0.09,3.86,0.95,0.0,1123.0,577,538,8,51,48,1,233.0,0.01,2.9e-05,31850.0,,,,
7121,8000,86889,1.8778,0.0043,3.677,3.685,0.014,0.1,3.87,0.93,0.0,1225.0,625,590,10,51,48,1,214.0,0.01,2.9e-05,30714.0,,,,
7122,8000,86905,1.9104,0.0072,3.7355,3.518,0.0162,0.11,4.87,0.93,0.0,1337.0,681,652,4,51,49,0,196.0,0.01,2.9e-05,31822.0,,,,
7123,8000,86922,1.9063,0.0098,3.7227,3.616,0.0132,0.1,4.76,0.93,0.0,1288.0,663,624,1,51,48,0,204.0,0.01,2.9e-05,31850.0,,,,
7124,8000,86938,1.8761,-0.0073,3.6968,3.669,0.0127,0.1,4.13,0.93,0.0,1277.0,693,583,1,54,46,0,205.0,0.0,2.9e-05,31852.0,,,,
7125,8000,86955,1.8582,-0.0022,3.6514,3.777,0.0113,0.09,3.04,0.93,0.0,1273.0,677,593,3,53,47,0,206.0,0.01,2.9e-05,31827.0,,,,
7126,8000,86971,1.8826,0.0131,3.6689,3.685,0.012,0.09,4.09,0.93,0.0,1212.0,610,602,0,50,50,0,216.0,0.01,2.9e-05,31842.0,,,,
7127,8000,86988,1.8818,-0.0007,3.695,3.732,0.0127,0.1,6.98,0.93,0.0,1203.0,600,603,0,50,50,0,218.0,0.0,2.9e-05,31832.0,,,,
7128,8000,87004,1.8535,0.0091,3.6191,3.761,0.0108,0.09,3.73,0.93,0.0,1223.0,619,603,1,51,49,0,214.0,0.01,2.9e-05,31842.0,,,,
7129,8000,87021,1.8382,-0.0055,3.6188,3.884,0.0103,0.08,3.9,0.93,0.0,1154.0,581,567,6,50,49,1,227.0,0.01,2.9e-05,31838.0,,,,
7130,8000,87037,1.8706,-0.0003,3.6726,3.854,0.0096,0.08,6.37,0.93,0.0,1183.0,598,580,5,51,49,0,222.0,0.01,2.9e-05,31837.0,,,,
7131,8000,87054,1.8756,0.0142,3.6539,3.883,0.0096,0.07,6.51,0.94,0.0,1174.0,554,614,6,47,52,1,223.0,0.01,2.9e-05,31841.0,,,,
7132,8000,87070,1.8722,0.0076,3.6604,3.879,0.0095,0.08,6.25,0.93,0.0,1183.0,595,583,5,50,49,0,222.0,0.01,2.9e-05,31875.0,,,,
7133,8000,87087,1.8458,0.0146,3.5934,3.862,0.0102,0.08,4.55,0.94,0.0,1154.0,594,559,1,51,48,0,227.0,0.01,2.9e-05,31842.0,,,,
7134,8000,87103,1.8688,0.0258,3.6172,3.866,0.0116,0.08,6.04,0.94,0.0,1146.0,517,625,4,45,55,0,229.0,0.02,2.9e-05,31843.0,,,,
7135,8000,87120,1.8737,0.014,3.6506,3.838,0.0098,0.08,11.57,0.94,0.0,1142.0,561,576,5,49,50,0,230.0,0.01,2.9e-05,31838.0,,,,
7136,8000,87136,1.8716,0.022,3.6301,3.784,0.0107,0.08,5.68,0.94,0.0,1123.0,595,520,8,53,46,1,233.0,0.01,2.9e-05,31915.0,,,,
7137,8000,87153,1.8628,0.0313,3.5943,3.841,0.0101,0.08,5.13,0.94,0.0,1158.0,564,587,7,49,51,1,226.0,0.0,2.9e-05,31848.0,,,,
7138,8000,87170,1.8621,0.0357,3.5844,3.905,0.0125,0.09,3.92,0.94,0.0,1158.0,567,582,9,49,50,1,226.0,0.0,2.9e-05,31839.0,,,,
7139,8000,87186,1.8344,0.0303,3.5394,3.904,0.011,0.08,5.34,0.95,0.0,1047.0,507,539,1,48,51,0,250.0,0.01,2.9e-05,31841.0,,,,
7140,8000,87203,1.8346,0.0245,3.5523,3.984,0.0095,0.07,8.0,0.95,0.0,1064.0,519,541,4,49,51,0,246.0,0.01,2.9e-05,31837.0,,,,
7141,8000,87220,1.8829,0.0387,3.6204,4.026,0.0106,0.08,11.31,0.93,0.0,1072.0,556,510,6,52,48,1,245.0,0.01,2.9e-05,30675.0,,,,
7142,8000,87236,1.8243,0.0362,3.5086,4.083,0.0123,0.08,5.44,0.94,0.0,978.0,481,487,10,49,50,1,268.0,0.01,2.9e-05,31810.0,,,,
7143,8000,87253,1.8219,0.0424,3.4915,4.121,0.011,0.08,7.99,0.94,0.0,921.0,494,418,9,54,45,1,285.0,0.01,2.9e-05,31814.0,,,,
7144,8000,87269,1.8358,0.0478,3.5087,4.152,0.0125,0.08,7.72,0.94,0.0,978.0,486,477,15,50,49,2,268.0,0.02,2.9e-05,31812.0,,,,
7145,8000,87286,1.8382,0.0335,3.5425,4.137,0.0117,0.07,10.42,0.94,0.0,969.0,476,484,9,49,50,1,271.0,0.02,2.9e-05,31812.0,,,,
7146,8000,87302,1.8718,0.0241,3.6283,4.143,0.0107,0.08,21.78,0.94,0.0,1005.0,507,482,16,50,48,2,261.0,0.02,2.9e-05,31827.0,,,,
7147,8000,87319,1.8786,0.0008,3.6877,4.078,0.0056,0.05,23.99,0.94,0.0,982.0,442,529,11,45,54,1,267.0,0.01,2.9e-05,31824.0,,,,
7148,8000,87335,1.8232,0.0075,3.5636,4.127,0.0081,0.07,11.31,0.94,0.0,976.0,477,491,8,49,50,1,269.0,0.01,2.9e-05,31824.0,,,,
7149,8000,87352,1.8064,0.0037,3.5382,4.203,0.0115,0.07,11.22,0.94,0.0,989.0,479,503,7,48,51,1,265.0,0.01,2.9e-05,31812.0,237,0,275,46
7150,8000,87384,1.7815,-0.0004,3.4966,4.254,0.0095,0.07,11.09,0.95,0.0,967.0,474,483,10,49,50,1,271.0,0.01,2.9e-05,31939.0,,,,
7151,8000,87400,1.7779,0.0061,3.4768,4.252,0.0103,0.06,10.72,0.95,0.0,949.0,459,478,12,48,50,1,276.0,0.01,2.9e-05,31814.0,,,,
7152,8000,87417,1.8096,-0.0073,3.5666,4.248,0.0074,0.06,18.26,0.95,0.0,939.0,437,495,7,47,53,1,279.0,0.01,2.9e-05,31806.0,,,,
7153,8000,87433,1.7968,0.01,3.507,4.249,0.0096,0.07,13.53,0.94,0.0,912.0,445,457,10,49,50,1,287.0,0.01,2.9e-05,31821.0,,,,
7154,8000,87450,1.7582,-0.0055,3.4612,4.35,0.0114,0.07,18.04,0.95,0.0,817.0,389,418,10,48,51,1,321.0,0.01,2.9e-05,31878.0,,,,
7155,8000,87466,1.7431,0.0222,3.376,4.345,0.0145,0.08,10.26,0.95,0.0,868.0,393,457,18,45,53,2,302.0,0.01,2.9e-05,31892.0,,,,
7156,8000,87483,1.747,0.0208,3.3879,4.492,0.014,0.08,14.0,0.95,0.0,832.0,391,424,17,47,51,2,315.0,0.01,2.9e-05,31868.0,,,,
7157,8000,87499,1.7492,0.0176,3.399,4.526,0.008,0.06,13.28,0.95,0.0,795.0,350,428,17,44,54,2,330.0,0.01,2.9e-05,31819.0,,,,
7158,8000,87516,1.7332,0.0271,3.3473,4.516,0.019,0.1,6.56,0.95,0.0,784.0,375,399,10,48,51,1,334.0,0.01,2.9e-05,31853.0,,,,
7159,8000,87532,1.7726,0.0391,3.4041,4.524,0.0201,0.09,8.24,0.95,0.0,885.0,413,452,20,47,51,2,296.0,0.01,2.9e-05,31875.0,,,,
7160,8000,87549,1.7872,0.015,3.4801,4.383,0.0133,0.09,11.65,0.95,0.0,916.0,414,487,15,45,53,2,286.0,0.01,2.9e-05,31822.0,,,,
7161,8000,87566,1.7848,0.0203,3.465,4.403,0.0149,0.09,6.52,0.94,0.0,857.0,424,415,18,49,48,2,306.0,0.01,2.9e-05,30747.0,,,,
7162,8000,87582,1.8024,0.0346,3.4713,4.417,0.0164,0.1,8.66,0.94,0.0,979.0,471,492,16,48,50,2,268.0,0.01,2.9e-05,31811.0,,,,
7163,8000,87599,1.8191,0.0287,3.5173,4.409,0.0112,0.08,8.82,0.94,0.0,930.0,489,424,17,53,46,2,282.0,0.01,2.9e-05,31836.0,,,,
7164,8000,87615,1.7932,0.0347,3.4527,4.465,0.0156,0.1,4.12,0.95,0.0,921.0,444,458,19,48,50,2,285.0,0.01,2.9e-05,31878.0,,,,
7165,8000,87632,1.7359,0.0301,3.3484,4.654,0.0172,0.09,4.74,0.95,0.0,857.0,443,408,6,52,48,1,306.0,0.0,2.9e-05,31835.0,,,,
7166,8000,87648,1.7466,0.0316,3.3673,4.659,0.0129,0.09,3.9,0.95,0.0,823.0,416,391,16,51,48,2,319.0,0.0,2.9e-05,31834.0,,,,
7167,8000,87665,1.7846,0.0303,3.4454,4.664,0.0121,0.08,20.99,0.96,0.0,823.0,396,415,12,48,50,1,319.0,0.0,2.9e-05,31809.0,,,,
7168,8000,87682,1.7253,0.0195,3.349,4.633,0.0129,0.08,6.98,0.96,0.0,802.0,381,406,15,48,51,2,327.0,0.01,2.9e-05,31842.0,,,,
7169,8000,87698,1.7225,0.0352,3.3112,4.616,0.0157,0.1,3.46,0.96,0.0,791.0,395,384,12,50,49,2,331.0,0.01,2.9e-05,31825.0,,,,
7170,8000,87715,1.7672,0.0395,3.3923,4.546,0.0166,0.1,3.66,0.95,0.0,827.0,451,368,8,55,44,1,317.0,0.01,2.9e-05,31825.0,,,,
7171,8000,87731,1.7455,0.0367,3.3556,4.626,0.0137,0.09,4.66,0.96,0.0,829.0,407,411,11,49,50,1,316.0,0.01,2.9e-05,31828.0,,,,
7172,8000,87748,1.7959,0.0418,3.4452,4.487,0.0118,0.08,6.69,0.95,0.0,896.0,432,450,14,48,50,2,293.0,0.01,2.9e-05,31823.0,,,,
7173,8000,87764,1.8172,0.0497,3.4704,4.336,0.0136,0.09,3.79,0.95,0.0,961.0,487,462,12,51,48,1,273.0,0.01,2.9e-05,31823.0,,,,
7174,8000,87781,1.8164,0.0383,3.4929,4.415,0.0155,0.09,4.36,0.95,0.0,956.0,488,458,10,51,48,1,274.0,0.01,2.9e-05,31875.0,,,,
7175,8000,87797,1.7978,0.0194,3.4942,4.422,0.0129,0.09,3.27,0.95,0.0,1002.0,548,441,13,55,44,1,262.0,0.0,2.9e-05,31836.0,,,,
7176,8000,87814,1.8102,0.0257,3.507,4.455,0.0092,0.08,6.54,0.95,0.0,986.0,501,469,16,51,48,2,266.0,0.0,2.9e-05,31833.0,,,,
7177,8000,87830,1.8485,0.0279,3.5766,4.39,0.012,0.08,6.44,0.94,0.0,1077.0,586,486,5,54,45,0,243.0,0.0,2.9e-05,31811.0,,,,
7178,8000,87847,1.8014,0.0175,3.5034,4.476,0.0101,0.07,6.79,0.95,0.0,999.0,545,452,2,55,45,0,262.0,0.0,2.9e-05,31827.0,,,,
7179,8000,87863,1.8126,0.0239,3.5134,4.468,0.0106,0.07,6.68,0.95,0.0,1012.0,515,490,7,51,48,1,259.0,0.01,2.9e-05,31839.0,,,,
7180,8000,87880,1.8184,0.0107,3.5505,4.352,0.0091,0.07,7.88,0.95,0.0,1052.0,514,530,8,49,50,1,249.0,0.0,2.9e-05,31816.0,,,,
7181,8000,87897,1.8277,0.0084,3.5737,4.29,0.0126,0.09,4.69,0.94,0.0,1023.0,512,505,6,50,49,1,256.0,0.01,2.9e-05,30663.0,,,,
7182,8000,87914,1.8053,0.0039,3.5386,4.336,0.0128,0.09,3.36,0.94,0.0,979.0,479,495,5,49,51,1,268.0,0.02,2.9e-05,31779.0,,,,
7183,8000,87930,1.8298,0.0159,3.5627,4.293,0.0125,0.09,3.95,0.94,0.0,1031.0,532,496,3,52,48,0,254.0,0.02,2.9e-05,31799.0,,,,
7184,8000,87947,1.8218,0.0123,3.554,4.311,0.0107,0.08,4.98,0.94,0.0,958.0,463,490,5,48,51,1,274.0,0.01,2.9e-05,31797.0,,,,
7185,8000,87963,1.7699,0.0021,3.4716,4.406,0.0117,0.08,3.74,0.95,0.0,931.0,466,456,9,50,49,1,282.0,0.01,2.9e-05,31858.0,,,,
7186,8000,87980,1.7472,0.0064,3.4185,4.469,0.0108,0.08,3.9,0.95,0.0,904.0,439,458,7,49,51,1,290.0,0.01,2.9e-05,31832.0,,,,
7187,8000,87996,1.7713,0.0155,3.449,4.449,0.012,0.08,3.95,0.95,0.0,956.0,465,483,8,49,51,1,274.0,0.02,2.9e-05,31785.0,,,,
7188,8000,88013,1.767,0.0214,3.4284,4.491,0.0096,0.07,3.64,0.95,0.0,919.0,439,472,8,48,51,1,285.0,0.02,2.9e-05,31801.0,,,,
7189,8000,88029,1.7982,0.0263,3.4828,4.511,0.0108,0.08,9.87,0.95,0.0,903.0,426,469,8,47,52,1,290.0,0.01,2.9e-05,31797.0,,,,
7190,8000,88046,1.7742,0.027,3.4351,4.608,0.0087,0.07,6.09,0.95,0.0,877.0,432,432,13,49,49,1,299.0,0.01,2.9e-05,31790.0,,,,
7191,8000,88062,1.7745,0.0254,3.4425,4.487,0.0106,0.09,4.45,0.95,0.0,914.0,432,455,27,47,50,3,287.0,0.01,2.9e-05,31837.0,,,,
7192,8000,88079,1.7836,0.0317,3.4436,4.515,0.0096,0.08,8.55,0.95,0.0,859.0,423,423,13,49,49,2,305.0,0.01,2.9e-05,31794.0,,,,
7193,8000,88096,1.7946,0.0481,3.4347,4.542,0.0135,0.08,5.44,0.95,0.0,933.0,423,490,20,45,53,2,281.0,0.01,2.9e-05,31808.0,,,,
7194,8000,88112,1.7671,0.0237,3.4276,4.509,0.0124,0.08,3.26,0.95,0.0,913.0,421,475,17,46,52,2,287.0,0.01,2.9e-05,31801.0,,,,
7195,8000,88129,1.7982,0.0249,3.4854,4.466,0.0101,0.08,7.5,0.95,0.0,920.0,429,470,21,47,51,2,285.0,0.01,2.9e-05,31797.0,,,,
7196,8000,88145,1.7493,0.0209,3.3951,4.406,0.0104,0.08,3.95,0.96,0.0,921.0,442,463,16,48,50,2,285.0,0.01,2.9e-05,31798.0,,,,
7197,8000,88162,1.7801,0.0239,3.4515,4.353,0.0091,0.08,3.41,0.95,0.0,1009.0,501,493,15,50,49,1,260.0,0.0,2.9e-05,31790.0,,,,
7198,8000,88178,1.8395,0.0113,3.5944,4.364,0.0079,0.07,11.05,0.95,0.0,982.0,484,484,14,49,49,1,267.0,0.01,2.9e-05,31788.0,,,,
7199,8000,88195,1.7799,0.0176,3.4632,4.277,0.0105,0.08,3.31,0.95,0.0,989.0,469,503,17,47,51,2,265.0,0.01,2.9e-05,31797.0,171,0,341,33
7200,8000,88226,1.7893,0.0246,3.4682,4.339,0.0117,0.09,3.16,0.95,0.0,955.0,465,475,15,49,50,2,274.0,0.0,2.9e-05,31926.0,,,,
7201,8000,88244,1.7969,0.014,3.5051,4.241,0.0109,0.09,3.01,0.94,0.0,1032.0,483,524,25,47,51,2,254.0,0.01,2.9e-05,30695.0,,,,
7202,8000,88260,1.7903,0.0062,3.5081,4.286,0.0111,0.08,3.87,0.95,0.0,1028.0,485,514,29,47,50,3,255.0,0.01,2.9e-05,31833.0,,,,
7203,8000,88277,1.8275,0.0069,3.5794,4.2,0.0104,0.08,3.32,0.94,0.0,1119.0,514,578,27,46,52,2,234.0,0.01,2.9e-05,31825.0,,,,
7204,8000,88293,1.8647,0.0135,3.6367,4.133,0.0112,0.08,3.91,0.94,0.0,1193.0,569,614,10,48,51,1,220.0,0.01,2.9e-05,31832.0,,,,
7205,8000,88310,1.8576,-0.0011,3.6513,4.045,0.0102,0.08,3.69,0.94,0.0,1249.0,612,633,4,49,51,0,210.0,0.01,2.9e-05,31850.0,,,,
7206,8000,88326,1.8556,-0.0018,3.6485,4.007,0.0107,0.09,3.17,0.93,0.0,1222.0,623,590,9,51,48,1,215.0,0.0,2.9e-05,31804.0,,,,
7207,8000,88343,1.8617,-0.0049,3.6662,4.016,0.0101,0.08,3.15,0.93,0.0,1222.0,578,639,5,47,52,0,215.0,0.0,2.9e-05,31812.0,,,,
7208,8000,88359,1.8792,0.0056,3.6803,3.996,0.0116,0.09,3.18,0.93,0.0,1274.0,616,654,4,48,51,0,206.0,0.0,2.9e-05,31791.0,,,,
7209,8000,88376,1.8611,0.0141,3.6275,4.008,0.0107,0.08,3.2,0.94,0.0,1233.0,610,616,7,49,50,1,213.0,0.0,2.9e-05,31867.0,,,,
7210,8000,88393,1.8609,0.0151,3.6245,3.988,0.0114,0.09,2.83,0.94,0.0,1216.0,601,610,5,49,50,0,216.0,0.01,2.9e-05,31811.0,,,,
7211,8000,88409,1.8571,0.007,3.6326,3.958,0.01,0.08,3.07,0.94,0.0,1207.0,588,615,4,49,51,0,217.0,0.01,2.9e-05,31810.0,,,,
7212,8000,88426,1.8819,0.0168,3.663,4.012,0.0113,0.09,3.56,0.94,0.0,1227.0,624,601,2,51,49,0,214.0,0.0,2.9e-05,31788.0,,,,
7213,8000,88442,1.8608,0.019,3.6154,3.926,0.0107,0.08,4.52,0.94,0.0,1195.0,638,554,3,53,46,0,219.0,0.01,2.9e-05,31842.0,,,,
7214,8000,88459,1.867,0.0145,3.6387,4.018,0.0097,0.08,4.38,0.94,0.0,1187.0,601,578,8,51,49,1,221.0,0.01,2.9e-05,31805.0,,,,
7215,8000,88475,1.8732,0.0374,3.605,4.061,0.0101,0.08,4.04,0.94,0.0,1164.0,618,540,6,53,46,1,225.0,0.0,2.9e-05,31797.0,,,,
7216,8000,88492,1.8559,0.0187,3.607,4.018,0.0098,0.08,3.35,0.94,0.0,1146.0,573,571,2,50,50,0,229.0,0.0,2.8e-05,31844.0,,,,
7217,8000,88508,1.8544,0.0034,3.6358,4.026,0.0085,0.07,6.99,0.94,0.0,1152.0,559,583,10,49,51,1,228.0,0.01,2.8e-05,31804.0,,,,
7218,8000,88525,1.8546,0.0094,3.6235,3.977,0.0109,0.08,3.87,0.94,0.0,1184.0,602,573,9,51,48,1,221.0,0.0,2.8e-05,31872.0,,,,
7219,8000,88541,1.851,0.0197,3.596,4.082,0.0099,0.08,3.5,0.94,0.0,1187.0,630,547,10,53,46,1,221.0,0.0,2.8e-05,31805.0,,,,
7220,8000,88558,1.8502,0.0166,3.5999,3.991,0.0112,0.09,2.9,0.94,0.0,1203.0,654,540,9,54,45,1,218.0,0.01,2.8e-05,31842.0,,,,
7221,8000,88575,1.9003,0.0129,3.7061,3.843,0.0099,0.08,3.61,0.93,0.0,1242.0,629,610,3,51,49,0,211.0,0.0,2.8e-05,30638.0,,,,
7222,8000,88592,1.8933,0.0153,3.6868,3.798,0.0112,0.09,2.83,0.93,0.0,1317.0,679,634,4,52,48,0,199.0,0.01,2.8e-05,31801.0,,,,
7223,8000,88608,1.8992,0.0128,3.704,3.867,0.0113,0.09,2.75,0.93,0.0,1301.0,669,625,7,51,48,1,201.0,0.0,2.8e-05,31798.0,,,,
7224,8000,88625,1.8763,0.0212,3.6412,3.868,0.0107,0.08,3.11,0.93,0.0,1215.0,621,593,1,51,49,0,216.0,0.0,2.8e-05,31787.0,,,,
7225,8000,88641,1.8569,0.0303,3.585,3.949,0.0111,0.08,2.76,0.94,0.0,1180.0,594,584,2,50,49,0,222.0,0.0,2.8e-05,31792.0,,,,
7226,8000,88658,1.8617,0.0282,3.5991,3.977,0.0089,0.08,3.74,0.94,0.0,1155.0,591,561,3,51,49,0,227.0,0.01,2.8e-05,31788.0,,,,
7227,8000,88674,1.8447,0.0244,3.5735,4.05,0.009,0.08,3.44,0.94,0.0,1117.0,553,560,4,50,50,0,235.0,0.0,2.8e-05,31775.0,,,,
7228,8000,88691,1.8464,0.029,3.5678,3.996,0.0081,0.07,4.74,0.95,0.0,1084.0,533,542,9,49,50,1,242.0,0.0,2.8e-05,31857.0,,,,
7229,8000,88708,1.8537,0.0337,3.573,4.004,0.0097,0.08,4.29,0.95,0.0,1093.0,568,516,9,52,47,1,240.0,0.0,2.8e-05,31776.0,,,,
7230,8000,88724,1.8426,0.0292,3.5589,3.988,0.0094,0.08,4.51,0.95,0.0,1068.0,529,531,8,50,50,1,245.0,0.01,2.8e-05,31780.0,,,,
7231,8000,88741,1.8328,0.0332,3.532,4.104,0.0098,0.08,4.33,0.95,0.0,1118.0,566,545,7,51,49,1,234.0,0.0,2.8e-05,31801.0,,,,
7232,8000,88757,1.9043,0.0327,3.6753,3.922,0.0127,0.09,5.88,0.94,0.0,1166.0,597,560,9,51,48,1,225.0,0.0,2.8e-05,31799.0,,,,
7233,8000,88774,1.836,0.0192,3.5654,3.919,0.0098,0.08,4.0,0.95,0.0,1163.0,581,579,3,50,50,0,225.0,0.0,2.8e-05,31851.0,,,,
7234,8000,88790,1.862,0.0156,3.6246,3.956,0.0093,0.07,4.35,0.94,0.0,1174.0,594,578,2,51,49,0,223.0,0.0,2.8e-05,31788.0,,,,
7235,8000,88807,1.8393,0.0131,3.5845,3.98,0.0101,0.08,3.52,0.94,0.0,1143.0,544,596,3,48,52,0,229.0,0.0,2.8e-05,31780.0,,,,
7236,8000,88823,1.8365,0.0121,3.5811,4.016,0.0122,0.09,6.74,0.95,0.0,1130.0,572,553,5,51,49,0,232.0,0.0,2.8e-05,31791.0,,,,
7237,8000,88840,1.851,0.0272,3.5795,3.957,0.0114,0.09,3.76,0.95,0.0,1172.0,567,602,3,48,51,0,224.0,0.0,2.8e-05,31836.0,,,,
7238,8000,88856,1.8402,0.0157,3.5804,3.918,0.0117,0.09,3.58,0.95,0.0,1164.0,582,578,4,50,50,0,225.0,0.0,2.8e-05,31796.0,,,,
7239,8000,88873,1.8455,0.0295,3.5637,3.883,0.0115,0.09,3.26,0.95,0.0,1119.0,521,592,6,47,53,1,234.0,0.0,2.8e-05,31779.0,,,,
7240,8000,88890,1.8509,0.0147,3.6029,3.806,0.0109,0.09,2.9,0.94,0.0,1150.0,600,549,1,52,48,0,228.0,0.0,2.8e-05,31797.0,,,,
7241,8000,88907,1.88,0.0182,3.6545,3.782,0.0109,0.09,3.78,0.94,0.0,1089.0,555,524,10,51,48,1,241.0,0.0,2.8e-05,30747.0,,,,
7242,8000,88923,1.8622,0.0202,3.615,3.845,0.0112,0.09,3.75,0.94,0.0,1168.0,596,563,9,51,48,1,224.0,0.0,2.8e-05,31862.0,,,,
7243,8000,88940,1.8613,0.0195,3.614,3.797,0.0111,0.09,4.44,0.94,0.0,1155.0,568,583,4,49,50,0,227.0,0.0,2.8e-05,31833.0,,,,
7244,8000,88956,1.8735,0.0169,3.6437,3.813,0.0118,0.08,5.63,0.94,0.0,1204.0,604,594,6,50,49,0,218.0,0.0,2.8e-05,31887.0,,,,
7245,8000,88973,1.8658,0.0072,3.6469,3.724,0.0117,0.09,3.66,0.94,0.0,1224.0,615,607,2,50,50,0,214.0,0.0,2.8e-05,31829.0,,,,
7246,8000,88989,1.8324,0.0087,3.5778,3.817,0.0121,0.08,3.5,0.95,0.0,1236.0,581,652,3,47,53,0,212.0,0.0,2.8e-05,31836.0,,,,
7247,8000,89006,1.8653,0.013,3.6339,3.679,0.0117,0.09,3.8,0.94,0.0,1199.0,590,607,2,49,51,0,219.0,0.0,2.8e-05,31848.0,,,,
7248,8000,89022,1.8771,0.0116,3.6603,3.658,0.0124,0.09,4.54,0.95,0.0,1201.0,567,633,1,47,53,0,218.0,0.0,2.8e-05,31848.0,,,,
7249,8000,89039,1.8673,0.0116,3.6412,3.71,0.0104,0.08,4.21,0.95,0.0,1193.0,612,578,3,51,48,0,220.0,0.0,2.8e-05,31899.0,254,0,258,50
7250,8000,89070,1.8666,0.0137,3.6352,3.686,0.0127,0.09,3.91,0.95,0.0,1170.0,563,605,2,48,52,0,224.0,0.01,2.8e-05,31978.0,,,,
7251,8000,89087,1.854,0.0135,3.6113,3.689,0.0121,0.1,3.84,0.95,0.0,1132.0,569,557,6,50,49,1,232.0,0.0,2.8e-05,31848.0,,,,
7252,8000,89103,1.8521,0.0203,3.5932,3.677,0.0103,0.09,4.44,0.95,0.0,1138.0,589,544,5,52,48,0,230.0,0.0,2.8e-05,31848.0,,,,
7253,8000,89120,1.8248,0.0125,3.5541,3.637,0.0101,0.09,3.55,0.95,0.0,1091.0,554,530,7,51,49,1,240.0,0.0,2.8e-05,31847.0,,,,
7254,8000,89136,1.8387,0.0154,3.5765,3.64,0.011,0.09,3.59,0.95,0.0,1132.0,595,531,6,53,47,1,232.0,0.0,2.8e-05,31887.0,,,,
7255,8000,89153,1.8637,0.0218,3.6136,3.64,0.0118,0.09,4.57,0.95,0.0,1094.0,569,517,8,52,47,1,240.0,0.0,2.8e-05,31836.0,,,,
7256,8000,89170,1.8422,0.0174,3.5806,3.747,0.0104,0.09,3.34,0.95,0.0,1105.0,547,550,8,50,50,1,237.0,0.0,2.8e-05,31844.0,,,,
7257,8000,89186,1.8354,0.0053,3.5899,3.729,0.0095,0.08,3.96,0.95,0.0,1138.0,591,543,4,52,48,0,230.0,0.0,2.8e-05,31836.0,,,,
7258,8000,89203,1.8537,0.0165,3.6043,3.646,0.0113,0.09,3.59,0.95,0.0,1135.0,568,557,10,50,49,1,231.0,0.0,2.8e-05,31842.0,,,,
7259,8000,89219,1.8681,0.0266,3.6123,3.662,0.0117,0.09,4.2,0.95,0.0,1096.0,550,538,8,50,49,1,239.0,0.0,2.8e-05,31878.0,,,,
7260,8000,89236,1.8496,0.0209,3.5868,3.577,0.0097,0.08,7.0,0.95,0.0,1008.0,504,494,10,50,49,1,260.0,0.0,2.8e-05,31846.0,,,,
7261,8000,89253,1.865,0.019,3.6212,3.634,0.0103,0.09,4.3,0.94,0.0,1068.0,516,543,9,48,51,1,245.0,0.0,2.8e-05,30662.0,,,,
7262,8000,89269,1.821,0.004,3.5631,3.649,0.0098,0.08,3.84,0.94,0.0,1021.0,516,497,8,51,49,1,257.0,0.0,2.8e-05,31796.0,,,,
7263,8000,89286,1.8193,0.0105,3.5469,3.568,0.011,0.09,4.16,0.94,0.0,1032.0,515,508,9,50,49,1,254.0,0.01,2.8e-05,31798.0,,,,
7264,8000,89303,1.8372,0.0175,3.5685,3.57,0.0093,0.08,4.87,0.94,0.0,1071.0,551,509,11,51,48,1,245.0,0.01,2.8e-05,31850.0,,,,
7265,8000,89319,1.8392,0.0111,3.5847,3.533,0.01,0.09,5.59,0.94,0.0,1094.0,546,535,13,50,49,1,240.0,0.0,2.8e-05,31810.0,,,,
7266,8000,89336,1.8505,0.0183,3.5928,3.481,0.0102,0.09,3.89,0.94,0.0,1093.0,530,549,14,48,50,1,240.0,0.0,2.8e-05,31793.0,,,,
7267,8000,89352,1.8284,0.0105,3.5649,3.574,0.0109,0.09,4.07,0.94,0.0,1068.0,534,525,9,50,49,1,245.0,0.01,2.8e-05,31800.0,,,,
7268,8000,89369,1.8405,-0.0005,3.611,3.554,0.0097,0.09,4.19,0.94,0.0,1167.0,596,558,13,51,48,1,225.0,0.0,2.8e-05,31809.0,,,,
7269,8000,89385,1.8358,-0.0045,3.6106,3.587,0.0102,0.09,5.71,0.95,0.0,1105.0,572,519,14,52,47,1,237.0,0.0,2.8e-05,31857.0,,,,
7270,8000,89402,1.8395,0.0027,3.6022,3.522,0.0082,0.08,8.13,0.94,0.0,1074.0,544,521,9,51,49,1,244.0,0.01,2.8e-05,31839.0,,,,
7271,8000,89418,1.8369,0.0076,3.5882,3.618,0.0101,0.08,5.61,0.95,0.0,1018.0,532,477,9,52,47,1,258.0,0.0,2.8e-05,31792.0,,,,
7272,8000,89435,1.7851,0.0,3.5011,3.693,0.0108,0.09,4.45,0.95,0.0,1019.0,498,509,12,49,50,1,257.0,0.01,2.8e-05,31874.0,,,,
7273,8000,89452,1.7823,-0.0012,3.498,3.777,0.0114,0.08,11.07,0.95,0.0,982.0,461,507,14,47,52,1,267.0,0.0,2.8e-05,31802.0,,,,
7274,8000,89468,1.8011,-0.0199,3.572,3.705,0.0106,0.09,11.31,0.94,0.0,1059.0,504,540,15,48,51,1,248.0,0.0,2.8e-05,31876.0,,,,
7275,8000,89485,1.7847,-0.0161,3.5321,3.68,0.01,0.08,5.9,0.95,0.0,1014.0,495,503,16,49,50,2,259.0,0.0,2.8e-05,31786.0,,,,
7276,8000,89501,1.7857,-0.0048,3.5117,3.79,0.0117,0.1,3.71,0.95,0.0,993.0,476,500,17,48,50,2,264.0,0.01,2.8e-05,31811.0,,,,
7277,8000,89518,1.8275,0.0137,3.5592,3.813,0.0098,0.08,6.16,0.95,0.0,1006.0,461,533,12,46,53,1,261.0,0.01,2.8e-05,31801.0,,,,
7278,8000,89534,1.8495,0.0113,3.6077,3.794,0.01,0.08,6.82,0.94,0.0,1047.0,492,539,16,47,51,2,250.0,0.01,2.8e-05,31802.0,,,,
7279,8000,89551,1.8321,-0.0066,3.6087,3.769,0.0112,0.09,4.86,0.94,0.0,1117.0,491,605,21,44,54,2,235.0,0.01,2.8e-05,31801.0,,,,
7280,8000,89567,1.8237,0.0113,3.5571,3.921,0.0104,0.09,4.74,0.94,0.0,1066.0,504,551,11,47,52,1,246.0,0.01,2.8e-05,31806.0,,,,
7281,8000,89585,1.8606,0.0178,3.6172,3.846,0.0133,0.1,3.45,0.93,0.0,1139.0,547,577,15,48,51,1,230.0,0.01,2.8e-05,30687.0,,,,
7282,8000,89601,1.8448,0.005,3.6108,3.873,0.0107,0.09,3.63,0.92,0.0,1153.0,579,563,11,50,49,1,227.0,0.01,2.8e-05,31822.0,,,,
7283,8000,89618,1.8576,0.0186,3.6094,3.808,0.012,0.09,6.44,0.93,0.0,1151.0,572,567,12,50,49,1,228.0,0.0,2.8e-05,31838.0,,,,
7284,8000,89634,1.8257,0.0097,3.5635,3.904,0.0095,0.08,3.92,0.93,0.0,1127.0,578,538,11,51,48,1,233.0,0.0,2.8e-05,31850.0,,,,
7285,8000,89651,1.8221,0.003,3.57,3.865,0.0137,0.09,3.37,0.93,0.0,1188.0,589,584,15,50,49,1,221.0,0.0,2.8e-05,31882.0,,,,
7286,8000,89667,1.8399,0.0154,3.5809,3.916,0.0097,0.08,4.12,0.93,0.0,1133.0,538,584,11,47,52,1,231.0,0.0,2.8e-05,31840.0,,,,
7287,8000,89684,1.8399,0.0101,3.591,3.922,0.0103,0.08,4.79,0.93,0.0,1176.0,551,610,15,47,52,1,223.0,0.01,2.8e-05,31840.0,,,,
7288,8000,89700,1.8264,-0.0042,3.5926,3.84,0.0113,0.09,3.78,0.93,0.0,1168.0,589,571,8,50,49,1,224.0,0.0,2.8e-05,31880.0,,,,
7289,8000,89717,1.8492,-0.0101,3.6505,3.874,0.0104,0.08,5.02,0.93,0.0,1224.0,591,620,13,48,51,1,214.0,0.0,2.8e-05,31839.0,,,,
7290,8000,89733,1.834,0.0064,3.5869,3.858,0.0109,0.09,3.37,0.93,0.0,1169.0,560,593,16,48,51,1,224.0,0.0,2.8e-05,31838.0,,,,
7291,8000,89750,1.8235,0.0191,3.5402,3.87,0.012,0.09,4.49,0.94,0.0,1127.0,583,539,5,52,48,0,233.0,0.0,2.8e-05,31841.0,,,,
7292,8000,89766,1.8143,0.0065,3.5472,3.899,0.0115,0.09,4.08,0.94,0.0,1107.0,563,537,7,51,49,1,237.0,0.0,2.8e-05,31854.0,,,,
7293,8000,89783,1.8068,-0.0056,3.5568,3.921,0.0095,0.08,7.54,0.94,0.0,1088.0,560,516,12,51,47,1,241.0,0.0,2.8e-05,31845.0,,,,
