iteration,total_iterations,elapsed_seconds,loss,pg_loss,vf_loss,entropy,approx_kl,clip_frac,grad_norm,explained_variance,reward,episodes,wins,losses,draws,win_pct,loss_pct,draw_pct,episode_length,cities,lr,sps,eval_wins,eval_losses,eval_draws,eval_win_pct
2001,8000,227,1.7517,-0.0294,3.4886,5.293,0.012,0.08,5.05,0.84,0.0,710.0,325,385,0,46,54,0,369.0,0.0,0.0001,2831.0,,,,
2002,8000,252,1.5817,-0.0253,3.144,5.713,0.0097,0.07,3.33,0.87,0.0,463.0,246,217,0,53,47,0,566.0,0.02,0.0001,21765.0,,,,
2003,8000,270,1.5859,-0.0116,3.1239,5.655,0.009,0.06,3.72,0.89,0.0,342.0,149,193,0,44,56,0,767.0,0.1,0.0001,31824.0,,,,
2004,8000,286,1.491,-0.0146,2.9415,5.824,0.0084,0.06,3.15,0.92,0.0,306.0,140,141,25,46,46,8,857.0,0.18,0.0001,31766.0,,,,
2005,8000,303,1.495,-0.0238,2.9714,5.858,0.0069,0.05,3.81,0.91,0.0,321.0,141,152,28,44,47,9,817.0,0.23,0.0001,31738.0,,,,
2006,8000,319,1.5142,-0.0007,2.9648,5.826,0.0086,0.05,3.54,0.93,0.0,371.0,165,157,49,44,42,13,707.0,0.22,0.0001,31742.0,,,,
2007,8000,336,1.6179,-0.0044,3.1752,5.642,0.0094,0.07,3.25,0.91,0.0,504.0,245,242,17,49,48,3,520.0,0.22,0.0001,31717.0,,,,
2008,8000,353,1.6341,-0.0063,3.2114,5.573,0.0112,0.06,3.95,0.92,0.0,548.0,271,254,23,49,46,4,478.0,0.17,0.0001,31710.0,,,,
2009,8000,369,1.6309,-0.0124,3.2159,5.549,0.0116,0.06,4.05,0.92,0.0,624.0,307,301,16,49,48,3,420.0,0.1,0.0001,31705.0,,,,
2010,8000,386,1.6426,-0.0183,3.2494,5.454,0.0113,0.06,4.47,0.92,0.0,686.0,322,352,12,47,51,2,382.0,0.03,0.0001,31740.0,,,,
2011,8000,402,1.6826,-0.0065,3.3054,5.382,0.0091,0.06,4.98,0.92,0.0,636.0,322,306,8,51,48,1,412.0,0.01,0.0001,31793.0,,,,
2012,8000,419,1.6726,-0.0033,3.2789,5.38,0.0082,0.06,7.21,0.93,0.0,624.0,278,340,6,45,54,1,420.0,0.0,0.0001,31675.0,,,,
2013,8000,436,1.6966,0.0057,3.3079,5.237,0.0184,0.07,6.59,0.92,0.0,641.0,289,347,5,45,54,1,409.0,0.02,0.0001,31746.0,,,,
2014,8000,452,1.7353,-0.0134,3.4218,5.009,0.0089,0.07,6.96,0.92,0.0,728.0,316,404,8,43,55,1,360.0,0.01,0.0001,31769.0,,,,
2015,8000,469,1.7526,0.0076,3.4132,4.939,0.0184,0.09,4.48,0.93,0.0,793.0,368,424,1,46,53,0,331.0,0.02,0.0001,31729.0,,,,
2016,8000,485,1.7303,0.0147,3.3543,4.928,0.0154,0.09,5.25,0.94,0.0,713.0,315,395,3,44,55,0,368.0,0.01,0.0001,31757.0,,,,
2017,8000,502,1.7202,-0.0072,3.3771,4.858,0.0118,0.08,5.7,0.94,0.0,720.0,287,432,1,40,60,0,364.0,0.03,0.0001,31715.0,,,,
2018,8000,518,1.6692,0.0122,3.2369,4.927,0.0146,0.08,6.94,0.95,0.0,599.0,239,358,2,40,60,0,438.0,0.05,0.0001,31710.0,,,,
2019,8000,535,1.6584,0.024,3.1932,5.084,0.0125,0.07,6.18,0.94,0.0,573.0,254,315,4,44,55,1,457.0,0.05,0.0001,31721.0,,,,
2020,8000,552,1.7267,0.0489,3.2807,5.165,0.0171,0.08,4.77,0.92,0.0,754.0,371,383,0,49,51,0,348.0,0.09,0.0001,31714.0,,,,
2021,8000,569,1.8156,-0.01,3.5757,5.057,0.0172,0.08,4.6,0.84,0.0,1034.0,579,452,3,56,44,0,254.0,0.07,0.0001,30602.0,,,,
2022,8000,585,1.8511,0.0134,3.5991,5.031,0.0163,0.09,3.43,0.87,0.0,1143.0,648,495,0,57,43,0,229.0,0.06,0.0001,31696.0,,,,
2023,8000,602,1.9369,0.068,3.6606,4.94,0.0191,0.1,6.28,0.88,0.0,1197.0,672,524,1,56,44,0,219.0,0.02,0.0001,31719.0,,,,
2024,8000,619,1.8872,0.0442,3.6071,4.809,0.0156,0.08,8.22,0.9,0.0,1028.0,547,481,0,53,47,0,255.0,0.01,0.0001,31707.0,,,,
2025,8000,635,1.8282,0.0178,3.5424,4.782,0.0134,0.09,7.87,0.9,0.0,865.0,439,426,0,51,49,0,303.0,0.01,0.0001,31776.0,,,,
2026,8000,652,1.767,-0.0115,3.4795,4.85,0.0138,0.09,5.63,0.89,0.0,861.0,402,459,0,47,53,0,304.0,0.01,0.0001,31706.0,,,,
2027,8000,668,1.725,0.0143,3.3467,5.135,0.013,0.07,5.58,0.89,0.0,809.0,422,387,0,52,48,0,324.0,0.02,0.0001,31703.0,,,,
2028,8000,685,1.7614,0.0262,3.3976,5.339,0.0133,0.09,5.99,0.88,0.0,657.0,302,354,1,46,54,0,399.0,0.03,0.0001,31760.0,,,,
2029,8000,702,1.6538,0.0041,3.2277,5.487,0.0108,0.08,4.18,0.89,0.0,524.0,277,247,0,53,47,0,500.0,0.05,0.0001,31726.0,,,,
2030,8000,718,1.6511,-0.0012,3.2332,5.542,0.0088,0.07,5.58,0.9,0.0,527.0,232,295,0,44,56,0,497.0,0.05,0.0001,31784.0,,,,
2031,8000,735,1.627,-0.0014,3.1845,5.442,0.0105,0.08,4.07,0.89,0.0,496.0,254,242,0,51,49,0,529.0,0.05,0.0001,31736.0,,,,
2032,8000,751,1.6113,0.0021,3.1456,5.406,0.0081,0.07,4.27,0.89,0.0,450.0,205,243,2,46,54,0,583.0,0.05,0.0001,31707.0,,,,
2033,8000,768,1.5988,0.0056,3.1125,5.317,0.0189,0.07,5.0,0.91,0.0,454.0,219,233,2,48,51,0,577.0,0.04,0.0001,31790.0,,,,
2034,8000,784,1.6754,-0.0006,3.2777,5.205,0.0084,0.07,5.48,0.87,0.0,622.0,287,331,4,46,53,1,421.0,0.03,0.0001,31717.0,,,,
2035,8000,801,1.7157,-0.001,3.358,5.102,0.0092,0.08,4.02,0.85,0.0,635.0,308,324,3,49,51,0,413.0,0.04,0.0001,31716.0,,,,
2036,8000,818,1.7469,-0.0041,3.4253,4.982,0.0104,0.08,4.94,0.86,0.0,718.0,358,359,1,50,50,0,365.0,0.02,0.0001,31734.0,,,,
2037,8000,834,1.7275,0.0212,3.3365,5.059,0.0105,0.08,4.32,0.88,0.0,591.0,300,290,1,51,49,0,444.0,0.02,0.0001,31729.0,,,,
2038,8000,851,1.7075,0.0349,3.2698,5.119,0.0116,0.09,3.84,0.88,0.0,570.0,318,252,0,56,44,0,460.0,0.04,0.0001,31776.0,,,,
2039,8000,867,1.6783,0.0263,3.2283,5.084,0.013,0.09,3.49,0.88,0.0,554.0,319,232,3,58,42,1,473.0,0.04,0.0001,31718.0,,,,
2040,8000,884,1.6381,0.0224,3.1567,5.197,0.0165,0.08,3.99,0.87,0.0,540.0,344,192,4,64,36,1,485.0,0.06,0.0001,31723.0,,,,
2041,8000,901,1.7271,0.0519,3.275,5.129,0.0136,0.09,3.11,0.85,0.0,630.0,291,336,3,46,53,0,416.0,0.05,0.0001,30577.0,,,,
2042,8000,918,1.7041,0.0457,3.2424,5.216,0.011,0.07,5.29,0.89,0.0,571.0,216,351,4,38,61,1,459.0,0.05,0.0001,31747.0,,,,
2043,8000,934,1.6361,0.0484,3.1006,5.212,0.0087,0.07,6.11,0.91,0.0,451.0,152,298,1,34,66,0,581.0,0.09,0.0001,31737.0,,,,
2044,8000,951,1.5404,0.0271,2.9526,5.334,0.0086,0.07,6.82,0.94,0.0,280.0,101,177,2,36,63,1,936.0,0.18,0.0001,31757.0,,,,
2045,8000,967,1.5357,0.024,2.9477,5.186,0.0099,0.07,5.77,0.94,0.0,303.0,128,168,7,42,55,2,865.0,0.24,0.0001,31745.0,,,,
2046,8000,984,1.5508,0.0198,2.9869,5.187,0.0074,0.06,8.61,0.95,0.0,330.0,194,124,12,59,38,4,794.0,0.25,0.0001,31792.0,,,,
2047,8000,1001,1.5967,0.0439,3.0304,5.164,0.0092,0.06,14.17,0.95,0.0,423.0,269,137,17,64,32,4,620.0,0.15,0.0001,31740.0,,,,
2048,8000,1017,1.659,0.0496,3.1441,5.254,0.0093,0.05,23.42,0.94,0.0,538.0,361,170,7,67,32,1,487.0,0.04,0.0001,31756.0,,,,
2049,8000,1034,1.663,0.02,3.2109,5.18,0.0102,0.06,16.53,0.92,0.0,506.0,290,209,7,57,41,1,518.0,0.01,0.0001,31756.0,475,1,36,93
2050,8000,1170,1.6525,0.0116,3.2087,5.448,0.0153,0.07,7.13,0.91,0.0,337.0,163,174,0,48,52,0,778.0,0.0,0.0001,4738.0,,,,
2051,8000,1186,1.5184,0.0044,2.9567,5.643,0.0058,0.04,9.97,0.94,0.0,298.0,118,180,0,40,60,0,880.0,0.01,0.0001,31717.0,,,,
2052,8000,1203,1.6179,0.0045,3.1526,5.224,0.0134,0.08,5.08,0.93,0.0,522.0,231,291,0,44,56,0,502.0,0.02,0.0001,31734.0,,,,
2053,8000,1219,1.6869,0.0105,3.2772,5.122,0.0092,0.06,8.44,0.92,0.0,609.0,244,351,14,40,58,2,430.0,0.03,0.0001,31732.0,,,,
2054,8000,1236,1.6887,0.0197,3.2632,5.144,0.0097,0.06,13.69,0.93,0.0,547.0,234,274,39,43,50,7,479.0,0.02,0.0001,31716.0,,,,
2055,8000,1253,1.6403,0.0178,3.17,5.236,0.0077,0.06,7.82,0.93,0.0,469.0,241,222,6,51,47,1,559.0,0.02,0.0001,31708.0,,,,
2056,8000,1269,1.6433,0.0211,3.17,5.312,0.0076,0.06,9.93,0.93,0.0,484.0,258,205,21,53,42,4,542.0,0.04,0.0001,31696.0,,,,
2057,8000,1286,1.6084,0.0255,3.0934,5.451,0.0144,0.07,7.27,0.93,0.0,476.0,241,203,32,51,43,7,551.0,0.03,0.0001,31707.0,,,,
2058,8000,1302,1.6177,0.0102,3.1419,5.365,0.0107,0.07,6.2,0.93,0.0,517.0,254,228,35,49,44,7,507.0,0.02,0.0001,31725.0,,,,
2059,8000,1319,1.6102,0.005,3.1381,5.445,0.0138,0.05,9.33,0.95,0.0,462.0,230,194,38,50,42,8,567.0,0.02,0.0001,31778.0,,,,
2060,8000,1336,1.6599,0.0145,3.2176,5.272,0.0131,0.07,4.36,0.94,0.0,599.0,292,247,60,49,41,10,438.0,0.02,0.0001,31700.0,,,,
2061,8000,1353,1.648,0.0285,3.1656,5.4,0.0138,0.08,4.83,0.93,0.0,487.0,245,225,17,50,46,3,538.0,0.01,0.0001,30559.0,,,,
2062,8000,1369,1.5565,0.0304,2.9809,5.616,0.008,0.05,15.45,0.95,0.0,286.0,137,138,11,48,48,4,917.0,0.01,0.0001,31703.0,,,,
2063,8000,1386,1.4712,0.0276,2.8166,5.679,0.0097,0.06,3.82,0.96,0.0,229.0,121,91,17,53,40,7,1145.0,0.01,0.0001,31695.0,,,,
2064,8000,1403,1.398,0.0293,2.6691,5.932,0.0074,0.04,4.36,0.97,0.0,178.0,104,55,19,58,31,11,1473.0,0.01,0.0001,31698.0,,,,
2065,8000,1419,1.4334,0.0214,2.7664,5.827,0.007,0.04,5.5,0.96,0.0,298.0,86,68,144,29,23,48,880.0,0.01,0.0001,31713.0,,,,
2066,8000,1436,1.4632,0.0093,2.8453,5.626,0.0069,0.05,5.65,0.95,0.0,366.0,108,140,118,30,38,32,716.0,0.01,0.0001,31673.0,,,,
2067,8000,1452,1.4619,0.0087,2.8438,5.667,0.0097,0.06,3.79,0.95,0.0,344.0,116,148,80,34,43,23,762.0,0.01,0.0001,31746.0,,,,
2068,8000,1469,1.4545,0.0128,2.8235,5.669,0.0077,0.05,6.54,0.96,0.0,306.0,111,112,83,36,37,27,857.0,0.04,0.0001,31676.0,,,,
2069,8000,1486,1.4252,0.0108,2.7706,5.804,0.0058,0.04,7.15,0.97,0.0,276.0,92,105,79,33,38,29,950.0,0.04,0.0001,31678.0,,,,
2070,8000,1502,1.4412,0.0148,2.7933,5.74,0.0072,0.05,4.66,0.96,0.0,355.0,129,135,91,36,38,26,738.0,0.04,0.0001,31678.0,,,,
2071,8000,1519,1.4609,0.0015,2.8584,5.666,0.0087,0.05,5.63,0.96,0.0,363.0,116,156,91,32,43,25,722.0,0.06,0.0001,31723.0,,,,
2072,8000,1536,1.4407,0.0045,2.812,5.764,0.01,0.05,4.66,0.96,0.0,302.0,116,102,84,38,34,28,868.0,0.08,0.0001,31687.0,,,,
2073,8000,1552,1.4401,-0.0035,2.825,5.757,0.0091,0.06,4.0,0.96,0.0,259.0,88,105,66,34,41,25,1012.0,0.08,0.0001,31780.0,,,,
2074,8000,1569,1.4593,0.0036,2.8506,5.716,0.0123,0.07,4.03,0.95,0.0,264.0,81,125,58,31,47,22,993.0,0.07,0.0001,31757.0,,,,
2075,8000,1585,1.4842,-0.0095,2.9249,5.59,0.0123,0.07,3.31,0.95,0.0,341.0,96,163,82,28,48,24,769.0,0.05,0.0001,31714.0,,,,
2076,8000,1602,1.5459,-0.011,3.0464,5.355,0.0116,0.08,3.83,0.94,0.0,408.0,172,180,56,42,44,14,643.0,0.04,0.0001,31790.0,,,,
2077,8000,1618,1.6298,-0.0125,3.2147,5.19,0.0118,0.08,5.52,0.92,0.0,564.0,251,248,65,45,44,12,465.0,0.04,0.0001,31721.0,,,,
2078,8000,1635,1.7075,-0.0101,3.3616,5.052,0.0158,0.08,4.43,0.91,0.0,720.0,338,337,45,47,47,6,364.0,0.03,0.0001,31723.0,,,,
2079,8000,1652,1.7412,-0.0075,3.4232,4.965,0.0125,0.09,4.71,0.89,0.0,790.0,380,375,35,48,47,4,332.0,0.02,0.0001,31712.0,,,,
2080,8000,1668,1.7217,-0.0212,3.4114,4.989,0.0102,0.08,5.01,0.9,0.0,813.0,398,392,23,49,48,3,322.0,0.01,0.0001,31710.0,,,,
2081,8000,1685,1.7448,0.0015,3.4129,5.176,0.014,0.09,3.28,0.9,0.0,797.0,406,380,11,51,48,1,329.0,0.01,0.0001,30634.0,,,,
2082,8000,1702,1.6725,0.0116,3.2499,5.443,0.0127,0.07,4.51,0.92,0.0,549.0,314,235,0,57,43,0,477.0,0.02,0.0001,31750.0,,,,
2083,8000,1719,1.6436,0.0025,3.2103,5.466,0.0086,0.06,4.71,0.93,0.0,534.0,314,215,5,59,40,1,491.0,0.02,0.0001,31733.0,,,,
2084,8000,1735,1.6055,-0.0084,3.1554,5.428,0.0105,0.07,3.77,0.94,0.0,521.0,296,221,4,57,42,1,503.0,0.02,0.0001,31755.0,,,,
2085,8000,1752,1.6439,-0.0035,3.2211,5.223,0.012,0.09,3.13,0.93,0.0,615.0,327,266,22,53,43,4,426.0,0.04,0.0001,31709.0,,,,
2086,8000,1768,1.67,0.0032,3.2594,5.097,0.0114,0.08,3.6,0.93,0.0,602.0,302,280,20,50,47,3,435.0,0.02,0.0001,31697.0,,,,
2087,8000,1785,1.702,-0.0037,3.3366,5.089,0.0098,0.07,4.98,0.92,0.0,661.0,378,266,17,57,40,3,397.0,0.02,0.0001,31702.0,,,,
2088,8000,1801,1.727,-0.014,3.4059,4.95,0.0125,0.08,4.5,0.91,0.0,719.0,390,312,17,54,43,2,365.0,0.01,0.0001,31726.0,,,,
2089,8000,1818,1.7346,-0.0342,3.4611,4.942,0.0145,0.08,4.21,0.91,0.0,856.0,469,372,15,55,43,2,306.0,0.03,0.0001,31754.0,,,,
2090,8000,1835,1.7961,0.0163,3.482,4.896,0.0106,0.08,6.41,0.92,0.0,835.0,420,413,2,50,49,0,314.0,0.02,0.0001,31687.0,,,,
2091,8000,1851,1.701,0.0029,3.3197,5.045,0.0129,0.08,3.95,0.93,0.0,797.0,392,404,1,49,51,0,329.0,0.01,0.0001,31684.0,,,,
2092,8000,1868,1.6587,-0.0043,3.2521,5.285,0.0114,0.07,5.59,0.94,0.0,668.0,311,355,2,47,53,0,392.0,0.01,0.0001,31675.0,,,,
2093,8000,1884,1.6631,-0.0018,3.256,5.304,0.0101,0.06,5.8,0.94,0.0,603.0,274,321,8,45,53,1,435.0,0.02,0.0001,31743.0,,,,
2094,8000,1901,1.6294,-0.0053,3.197,5.281,0.009,0.06,6.36,0.94,0.0,605.0,261,310,34,43,51,6,433.0,0.02,0.0001,31710.0,,,,
2095,8000,1918,1.652,-0.0083,3.2497,5.216,0.0109,0.07,6.76,0.94,0.0,696.0,306,318,72,44,46,10,377.0,0.04,0.0001,31725.0,,,,
2096,8000,1934,1.6736,-0.0055,3.2852,5.119,0.0111,0.07,6.04,0.94,0.0,748.0,340,352,56,45,47,7,350.0,0.05,0.0001,31731.0,,,,
2097,8000,1951,1.7221,-0.0042,3.3781,5.073,0.0102,0.06,10.53,0.93,0.0,731.0,362,322,47,50,44,6,359.0,0.07,0.0001,31787.0,,,,
2098,8000,1967,1.7435,0.0186,3.3743,4.967,0.0148,0.08,5.67,0.92,0.0,809.0,379,395,35,47,49,4,324.0,0.1,0.0001,31718.0,,,,
2099,8000,1984,1.7074,0.0356,3.2679,5.027,0.0156,0.08,4.69,0.94,0.0,712.0,370,321,21,52,45,3,368.0,0.14,0.0001,31700.0,360,3,149,70
2100,8000,2112,1.8971,0.0444,3.6263,4.676,0.0132,0.09,6.96,0.86,0.0,757.0,284,473,0,38,62,0,346.0,0.01,0.0001,5093.0,,,,
2101,8000,2129,1.8448,0.0739,3.4641,4.852,0.0146,0.09,5.46,0.91,0.0,758.0,398,360,0,53,47,0,346.0,0.02,0.0001,30569.0,,,,
2102,8000,2146,1.6999,0.0152,3.2947,5.167,0.0142,0.09,5.1,0.9,0.0,639.0,434,205,0,68,32,0,410.0,0.04,0.0001,31792.0,,,,
2103,8000,2163,1.6537,0.0044,3.2248,5.238,0.0212,0.1,3.44,0.9,0.0,554.0,308,231,15,56,42,3,473.0,0.04,0.0001,31711.0,,,,
2104,8000,2179,1.6293,0.0067,3.1705,5.206,0.0136,0.09,2.95,0.92,0.0,522.0,254,264,4,49,51,1,502.0,0.05,0.0001,31719.0,,,,
2105,8000,2196,1.4996,0.0063,2.9137,5.453,0.01,0.07,3.51,0.94,0.0,290.0,121,169,0,42,58,0,904.0,0.07,0.0001,31722.0,,,,
2106,8000,2212,1.4376,0.0059,2.793,5.872,0.0061,0.05,5.31,0.96,0.0,152.0,57,92,3,38,61,2,1725.0,0.08,0.0001,31767.0,,,,
2107,8000,2229,1.4902,0.0156,2.8774,5.657,0.007,0.06,4.61,0.94,0.0,231.0,60,159,12,26,69,5,1135.0,0.1,0.0001,31726.0,,,,
2108,8000,2246,1.4506,0.0137,2.8047,5.833,0.007,0.05,4.32,0.93,0.0,275.0,60,188,27,22,68,10,953.0,0.05,0.0001,31779.0,,,,
2109,8000,2262,1.4339,0.0037,2.791,5.839,0.0081,0.05,3.64,0.89,0.0,239.0,71,157,11,30,66,5,1097.0,0.02,0.0001,31728.0,,,,
2110,8000,2279,1.4264,-0.0059,2.7962,5.845,0.0072,0.05,3.67,0.89,0.0,259.0,96,147,16,37,57,6,1012.0,0.01,0.0001,31770.0,,,,
2111,8000,2295,1.5245,0.0019,2.9757,5.662,0.0081,0.06,3.37,0.87,0.0,418.0,151,230,37,36,55,9,627.0,0.01,0.0001,31713.0,,,,
2112,8000,2312,1.5439,-0.0056,3.0286,5.477,0.0157,0.07,3.36,0.89,0.0,462.0,216,223,23,47,48,5,567.0,0.02,0.0001,31729.0,,,,
2113,8000,2328,1.613,0.0055,3.1428,5.363,0.014,0.07,3.46,0.9,0.0,444.0,233,198,13,52,45,3,590.0,0.04,0.0001,31719.0,,,,
2114,8000,2345,1.6255,-0.0042,3.186,5.244,0.0096,0.07,3.43,0.91,0.0,460.0,274,175,11,60,38,2,570.0,0.03,0.0001,31715.0,,,,
2115,8000,2362,1.5945,-0.0043,3.1252,5.283,0.0081,0.07,4.05,0.94,0.0,525.0,297,215,13,57,41,2,499.0,0.02,0.0001,31715.0,,,,
2116,8000,2378,1.6281,-0.005,3.1926,5.226,0.0092,0.07,4.3,0.93,0.0,601.0,346,251,4,58,42,1,436.0,0.0,0.0001,31765.0,,,,
2117,8000,2395,1.582,0.009,3.0736,5.368,0.0109,0.07,3.81,0.95,0.0,586.0,274,307,5,47,52,1,447.0,0.0,0.0001,31770.0,,,,
2118,8000,2411,1.5799,-0.0067,3.1021,5.444,0.0094,0.07,3.62,0.94,0.0,598.0,296,292,10,49,49,2,438.0,0.01,0.0001,31705.0,,,,
2119,8000,2428,1.5899,-0.0053,3.1201,5.442,0.0074,0.06,4.17,0.95,0.0,575.0,253,307,15,44,53,3,456.0,0.02,0.0001,31727.0,,,,
2120,8000,2445,1.63,0.0107,3.1661,5.273,0.0115,0.07,4.33,0.93,0.0,636.0,294,332,10,46,52,2,412.0,0.05,0.0001,31715.0,,,,
2121,8000,2462,1.615,-0.0135,3.1835,5.301,0.0093,0.06,3.97,0.92,0.0,555.0,264,286,5,48,52,1,472.0,0.03,0.0001,30643.0,,,,
2122,8000,2478,1.639,-0.019,3.2422,5.28,0.0099,0.07,3.34,0.92,0.0,618.0,358,258,2,58,42,0,424.0,0.04,0.0001,31723.0,,,,
2123,8000,2495,1.7022,0.0089,3.3114,5.128,0.0095,0.07,3.92,0.91,0.0,661.0,348,309,4,53,47,1,397.0,0.09,0.0001,31781.0,,,,
2124,8000,2511,1.7506,0.0068,3.411,4.946,0.0109,0.08,3.26,0.9,0.0,706.0,374,331,1,53,47,0,371.0,0.16,0.0001,31723.0,,,,
2125,8000,2528,1.7971,-0.0131,3.5422,4.755,0.0111,0.09,3.46,0.88,0.0,881.0,459,419,3,52,48,0,298.0,0.13,0.0001,31709.0,,,,
2126,8000,2545,1.7953,-0.0108,3.5327,4.63,0.0135,0.09,3.38,0.88,0.0,1004.0,520,484,0,52,48,0,261.0,0.07,0.0001,31708.0,,,,
2127,8000,2561,1.787,-0.0002,3.4944,4.593,0.013,0.09,4.6,0.9,0.0,950.0,515,433,2,54,46,0,276.0,0.06,0.0001,31716.0,,,,
2128,8000,2578,1.7509,-0.0059,3.4338,4.619,0.0111,0.08,4.91,0.9,0.0,888.0,509,379,0,57,43,0,295.0,0.05,0.0001,31709.0,,,,
2129,8000,2594,1.751,0.0019,3.4191,4.667,0.0091,0.08,4.84,0.9,0.0,769.0,422,347,0,55,45,0,341.0,0.03,0.0001,31715.0,,,,
2130,8000,2611,1.7549,-0.0032,3.4381,4.765,0.0082,0.07,6.43,0.9,0.0,729.0,432,297,0,59,41,0,360.0,0.03,0.0001,31786.0,,,,
2131,8000,2628,1.7122,-0.0004,3.3479,4.857,0.0102,0.08,4.59,0.9,0.0,709.0,375,334,0,53,47,0,370.0,0.03,0.0001,31719.0,,,,
2132,8000,2644,1.7146,-0.0006,3.3536,4.933,0.0103,0.08,5.87,0.89,0.0,664.0,355,308,1,53,46,0,395.0,0.04,0.0001,31721.0,,,,
2133,8000,2661,1.6939,-0.0032,3.318,5.01,0.0091,0.07,5.57,0.89,0.0,625.0,327,298,0,52,48,0,419.0,0.06,0.0001,31705.0,,,,
2134,8000,2677,1.707,-0.0011,3.3399,4.995,0.0109,0.08,4.25,0.9,0.0,616.0,339,275,2,55,45,0,426.0,0.06,0.0001,31746.0,,,,
2135,8000,2694,1.7012,-0.002,3.3292,4.897,0.0108,0.08,4.73,0.91,0.0,689.0,389,300,0,56,44,0,380.0,0.07,0.0001,31719.0,,,,
2136,8000,2711,1.7147,-0.0007,3.3535,4.912,0.0106,0.08,6.25,0.92,0.0,710.0,365,345,0,51,49,0,369.0,0.07,0.0001,31718.0,,,,
2137,8000,2727,1.6961,-0.0001,3.3158,4.979,0.0104,0.08,5.32,0.92,0.0,674.0,340,334,0,50,50,0,389.0,0.03,0.0001,31755.0,,,,
2138,8000,2744,1.7013,-0.0059,3.3386,5.082,0.0103,0.08,5.08,0.9,0.0,657.0,332,322,3,51,49,0,399.0,0.01,0.0001,31702.0,,,,
2139,8000,2760,1.6373,-0.0073,3.2145,5.211,0.009,0.07,6.39,0.92,0.0,557.0,262,293,2,47,53,0,471.0,0.01,0.0001,31800.0,,,,
2140,8000,2777,1.6267,0.0008,3.1781,5.296,0.0096,0.07,5.72,0.92,0.0,539.0,243,291,5,45,54,1,486.0,0.02,0.0001,31712.0,,,,
2141,8000,2794,1.6219,0.0283,3.1147,5.397,0.0112,0.07,4.43,0.9,0.0,385.0,175,203,7,45,53,2,681.0,0.02,0.0001,30573.0,,,,
2142,8000,2811,1.6136,0.0058,3.1435,5.412,0.009,0.07,3.99,0.9,0.0,395.0,189,190,16,48,48,4,664.0,0.03,0.0001,31709.0,,,,
2143,8000,2827,1.651,0.0091,3.2097,5.141,0.0094,0.07,6.34,0.91,0.0,469.0,196,258,15,42,55,3,559.0,0.05,0.0001,31732.0,,,,
2144,8000,2844,1.6226,0.0085,3.1543,5.151,0.0088,0.07,6.62,0.92,0.0,476.0,207,236,33,43,50,7,551.0,0.05,0.0001,31660.0,,,,
2145,8000,2861,1.5941,0.0167,3.0819,5.247,0.0099,0.07,6.54,0.93,0.0,429.0,214,193,22,50,45,5,611.0,0.04,0.0001,31665.0,,,,
2146,8000,2877,1.5481,0.0166,2.9912,5.347,0.0069,0.06,7.44,0.94,0.0,321.0,144,160,17,45,50,5,817.0,0.03,0.0001,31743.0,,,,
2147,8000,2894,1.4882,0.0092,2.8905,5.543,0.006,0.05,8.52,0.95,0.0,275.0,122,119,34,44,43,12,953.0,0.03,0.0001,31653.0,,,,
2148,8000,2910,1.4507,0.0087,2.8199,5.633,0.0085,0.06,5.56,0.94,0.0,279.0,133,85,61,48,30,22,940.0,0.02,0.0001,31750.0,,,,
2149,8000,2927,1.4274,0.0112,2.7751,5.75,0.0086,0.05,7.06,0.95,0.0,315.0,163,58,94,52,18,30,832.0,0.01,0.0001,31672.0,79,10,423,15
2150,8000,2969,1.4428,0.0107,2.8054,5.652,0.0085,0.05,6.49,0.95,0.0,322.0,185,50,87,57,16,27,814.0,0.0,0.0001,31787.0,,,,
2151,8000,2986,1.4751,0.0034,2.8839,5.547,0.0031,0.03,20.46,0.95,0.0,332.0,159,85,88,48,26,27,790.0,0.0,0.0001,31686.0,,,,
2152,8000,3002,1.4473,0.0085,2.8123,5.593,0.0045,0.03,10.47,0.95,0.0,289.0,143,77,69,49,27,24,907.0,0.0,0.0001,31666.0,,,,
2153,8000,3019,1.4091,0.0063,2.7417,5.638,0.0081,0.05,7.33,0.96,0.0,270.0,128,65,77,47,24,29,971.0,0.0,0.0001,31672.0,,,,
2154,8000,3035,1.4019,0.0104,2.7182,5.642,0.0082,0.04,6.94,0.96,0.0,293.0,138,67,88,47,23,30,895.0,0.0,0.0001,31666.0,,,,
2155,8000,3052,1.4264,0.0086,2.7713,5.58,0.0073,0.05,9.78,0.96,0.0,337.0,141,89,107,42,26,32,778.0,0.0,0.0001,31677.0,,,,
2156,8000,3069,1.4492,0.0167,2.8012,5.506,0.0112,0.06,9.14,0.96,0.0,356.0,184,81,91,52,23,26,736.0,0.0,0.0001,31662.0,,,,
2157,8000,3085,1.4428,0.0158,2.7921,5.541,0.0137,0.06,7.6,0.95,0.0,332.0,154,98,80,46,30,24,790.0,0.0,0.0001,31668.0,,,,
2158,8000,3102,1.4851,0.0174,2.8726,5.465,0.0117,0.07,6.3,0.94,0.0,344.0,137,127,80,40,37,23,762.0,0.0,0.0001,31663.0,,,,
2159,8000,3119,1.5805,0.0097,3.0772,5.157,0.0178,0.09,7.3,0.91,0.0,456.0,174,191,91,38,42,20,575.0,0.0,0.0001,31741.0,,,,
2160,8000,3135,1.678,0.0031,3.2788,4.799,0.0112,0.07,8.09,0.89,0.0,667.0,257,317,93,39,48,14,393.0,0.0,0.0001,31666.0,,,,
2161,8000,3152,1.7225,0.0114,3.3523,5.081,0.0203,0.1,4.91,0.84,0.0,754.0,393,283,78,52,38,10,348.0,0.01,0.0001,30534.0,,,,
2162,8000,3169,1.5968,0.012,3.1023,5.535,0.0195,0.1,2.67,0.87,0.0,401.0,180,180,41,45,45,10,654.0,0.01,0.0001,31772.0,,,,
2163,8000,3186,1.5124,0.0189,2.9168,5.57,0.0125,0.07,2.93,0.93,0.0,318.0,126,175,17,40,55,5,824.0,0.01,0.0001,31702.0,,,,
2164,8000,3202,1.5668,0.0065,3.0495,5.48,0.009,0.06,4.38,0.93,0.0,360.0,153,188,19,42,52,5,728.0,0.02,0.0001,31778.0,,,,
2165,8000,3219,1.6401,0.0143,3.1842,5.209,0.0144,0.09,3.9,0.91,0.0,635.0,224,306,105,35,48,17,413.0,0.02,0.0001,31731.0,,,,
2166,8000,3235,1.666,0.0117,3.2345,5.063,0.0105,0.07,4.48,0.91,0.0,616.0,267,323,26,43,52,4,426.0,0.02,0.0001,31701.0,,,,
2167,8000,3252,1.6789,0.0131,3.257,5.06,0.011,0.07,4.57,0.91,0.0,588.0,285,285,18,48,48,3,446.0,0.02,0.0001,31694.0,,,,
2168,8000,3269,1.6929,0.0279,3.2543,4.986,0.0108,0.07,4.55,0.91,0.0,656.0,344,301,11,52,46,2,400.0,0.03,0.0001,31722.0,,,,
2169,8000,3285,1.7201,0.0222,3.3199,4.887,0.0116,0.08,4.73,0.91,0.0,763.0,352,357,54,46,47,7,344.0,0.03,0.0001,31715.0,,,,
2170,8000,3302,1.7623,0.0332,3.3804,4.716,0.014,0.1,5.15,0.91,0.0,843.0,415,385,43,49,46,5,311.0,0.03,0.0001,31701.0,,,,
2171,8000,3318,1.7422,0.0428,3.3202,4.663,0.0108,0.08,6.48,0.92,0.0,812.0,353,442,17,43,54,2,323.0,0.02,0.0001,31703.0,,,,
2172,8000,3335,1.7369,0.0217,3.3525,4.618,0.0103,0.07,11.97,0.93,0.0,719.0,272,426,21,38,59,3,365.0,0.02,0.0001,31710.0,,,,
2173,8000,3352,1.7034,0.0422,3.2457,4.805,0.0103,0.07,9.05,0.93,0.0,585.0,234,326,25,40,56,4,448.0,0.03,0.0001,31697.0,,,,
2174,8000,3368,1.6442,0.0265,3.1599,4.893,0.01,0.06,9.08,0.94,0.0,552.0,206,302,44,37,55,8,475.0,0.04,0.0001,31747.0,,,,
2175,8000,3385,1.5944,0.027,3.0611,5.12,0.0085,0.06,10.56,0.94,0.0,458.0,196,226,36,43,49,8,572.0,0.02,0.0001,31709.0,,,,
2176,8000,3401,1.5368,0.0142,2.9754,5.35,0.0099,0.04,9.11,0.94,0.0,387.0,146,191,50,38,49,13,677.0,0.01,0.0001,31748.0,,,,
2177,8000,3418,1.5223,0.0182,2.9388,5.427,0.0113,0.06,8.31,0.94,0.0,381.0,167,151,63,44,40,17,688.0,0.01,0.0001,31705.0,,,,
2178,8000,3435,1.4758,0.0097,2.8638,5.483,0.0091,0.06,8.42,0.95,0.0,313.0,133,129,51,42,41,16,838.0,0.01,0.0001,31715.0,,,,
2179,8000,3451,1.494,0.0186,2.8855,5.45,0.0093,0.05,8.79,0.95,0.0,327.0,142,111,74,43,34,23,802.0,0.01,0.0001,31762.0,,,,
2180,8000,3468,1.5317,0.0239,2.9495,5.315,0.0069,0.05,10.45,0.95,0.0,343.0,155,114,74,45,33,22,764.0,0.01,0.0001,31795.0,,,,
2181,8000,3485,1.588,0.0492,3.0152,5.173,0.0114,0.07,11.11,0.95,0.0,411.0,179,143,89,44,35,22,638.0,0.01,0.0001,30561.0,,,,
2182,8000,3502,1.5868,0.0534,3.0015,5.347,0.0099,0.06,8.31,0.95,0.0,376.0,174,132,70,46,35,19,697.0,0.01,0.0001,31731.0,,,,
2183,8000,3518,1.5583,0.0456,2.9578,5.491,0.0122,0.06,6.06,0.94,0.0,339.0,155,129,55,46,38,16,773.0,0.01,0.0001,31729.0,,,,
2184,8000,3535,1.5265,0.038,2.9071,5.454,0.0092,0.06,7.4,0.93,0.0,300.0,119,143,38,40,48,13,874.0,0.02,0.0001,31773.0,,,,
2185,8000,3551,1.4865,0.0319,2.8443,5.672,0.0069,0.04,7.58,0.94,0.0,277.0,74,120,83,27,43,30,946.0,0.02,0.0001,31757.0,,,,
2186,8000,3568,1.4793,0.0337,2.8299,5.581,0.0136,0.06,6.28,0.93,0.0,331.0,92,128,111,28,39,34,792.0,0.02,0.0001,31731.0,,,,
2187,8000,3584,1.4831,0.0241,2.8574,5.418,0.0101,0.06,6.55,0.93,0.0,326.0,112,124,90,34,38,28,804.0,0.03,0.0001,31733.0,,,,
2188,8000,3601,1.4662,0.0202,2.83,5.505,0.0103,0.06,5.79,0.95,0.0,329.0,130,123,76,40,37,23,797.0,0.05,0.0001,31736.0,,,,
2189,8000,3618,1.4166,0.022,2.7308,5.702,0.0149,0.07,3.67,0.96,0.0,288.0,95,106,87,33,37,30,910.0,0.1,0.0001,31735.0,,,,
2190,8000,3634,1.4145,0.033,2.7056,5.74,0.0141,0.06,3.12,0.96,0.0,265.0,93,79,93,35,30,35,989.0,0.16,0.0001,31790.0,,,,
2191,8000,3651,1.3881,0.0167,2.6821,5.748,0.0138,0.06,3.3,0.97,0.0,196.0,53,64,79,27,33,40,1337.0,0.23,0.0001,31732.0,,,,
2192,8000,3667,1.3724,0.0144,2.6588,5.697,0.0103,0.06,3.68,0.98,0.0,240.0,58,70,112,24,29,47,1092.0,0.29,0.0001,31738.0,,,,
2193,8000,3684,1.3683,0.0049,2.6708,5.709,0.0098,0.06,3.25,0.98,0.0,225.0,69,56,100,31,25,44,1165.0,0.26,0.0001,31753.0,,,,
2194,8000,3700,1.3552,0.0136,2.6242,5.695,0.0138,0.07,2.82,0.98,0.0,246.0,81,83,82,33,34,33,1066.0,0.23,0.0001,31782.0,,,,
2195,8000,3717,1.3777,0.0099,2.6756,5.61,0.015,0.07,2.63,0.98,0.0,262.0,79,100,83,30,38,32,1001.0,0.2,0.0001,31791.0,,,,
2196,8000,3734,1.4078,0.0038,2.7515,5.538,0.011,0.06,3.32,0.97,0.0,344.0,105,145,94,31,42,27,762.0,0.14,0.0001,31794.0,,,,
2197,8000,3750,1.4357,0.0075,2.7927,5.454,0.0088,0.06,3.26,0.97,0.0,316.0,104,153,59,33,48,19,830.0,0.17,0.0001,31720.0,,,,
2198,8000,3767,1.4576,0.006,2.8385,5.376,0.0103,0.07,3.24,0.97,0.0,417.0,146,203,68,35,49,16,629.0,0.24,0.0001,31765.0,,,,
2199,8000,3783,1.5136,0.0105,2.9386,5.283,0.0096,0.07,3.84,0.97,0.0,496.0,182,270,44,37,54,9,529.0,0.21,0.0001,31787.0,62,17,433,12
2200,8000,3815,1.5446,0.0118,2.9969,5.251,0.0111,0.07,4.24,0.97,0.0,532.0,188,304,40,35,57,8,493.0,0.12,0.0001,31873.0,,,,
2201,8000,3832,1.6191,0.0353,3.0953,5.266,0.0106,0.07,4.8,0.95,0.0,465.0,207,230,28,45,49,6,564.0,0.12,0.0001,30637.0,,,,
2202,8000,3849,1.5842,0.038,3.0231,5.436,0.0068,0.05,5.8,0.95,0.0,343.0,163,152,28,48,44,8,764.0,0.15,0.0001,31731.0,,,,
2203,8000,3865,1.5654,0.0326,2.9959,5.422,0.008,0.06,5.24,0.95,0.0,320.0,160,131,29,50,41,9,819.0,0.19,0.0001,31749.0,,,,
2204,8000,3882,1.5576,0.0478,2.9525,5.43,0.0091,0.06,4.56,0.94,0.0,331.0,143,149,39,43,45,12,792.0,0.24,0.0001,31741.0,,,,
2205,8000,3899,1.6572,0.0467,3.1517,5.177,0.0079,0.06,7.74,0.92,0.0,525.0,194,214,117,37,41,22,499.0,0.17,0.0001,31752.0,,,,
2206,8000,3915,1.6874,0.0489,3.2036,5.068,0.0076,0.06,8.46,0.93,0.0,502.0,184,263,55,37,52,11,522.0,0.12,0.0001,31769.0,,,,
2207,8000,3932,1.6506,0.0293,3.1704,5.077,0.0077,0.06,6.54,0.94,0.0,554.0,209,301,44,38,54,8,473.0,0.1,0.0001,31763.0,,,,
2208,8000,3948,1.6922,0.0362,3.2374,5.036,0.0071,0.06,6.52,0.93,0.0,558.0,213,313,32,38,56,6,470.0,0.08,0.0001,31764.0,,,,
2209,8000,3965,1.6886,0.0247,3.254,5.01,0.0075,0.06,7.94,0.93,0.0,556.0,188,338,30,34,61,5,471.0,0.06,0.0001,31729.0,,,,
2210,8000,3982,1.7131,0.0309,3.2897,4.973,0.0076,0.06,8.09,0.92,0.0,549.0,228,299,22,42,54,4,477.0,0.03,0.0001,31738.0,,,,
2211,8000,3998,1.7009,0.0165,3.2936,4.896,0.0082,0.07,7.18,0.92,0.0,583.0,232,316,35,40,54,6,450.0,0.03,0.0001,31727.0,,,,
2212,8000,4015,1.7032,0.0298,3.2712,4.832,0.0088,0.07,5.47,0.93,0.0,568.0,250,297,21,44,52,4,462.0,0.04,0.0001,31699.0,,,,
2213,8000,4031,1.742,0.0286,3.3513,4.861,0.0084,0.07,7.06,0.93,0.0,582.0,283,268,31,49,46,5,450.0,0.09,0.0001,31729.0,,,,
2214,8000,4048,1.7373,0.0238,3.3496,4.732,0.0108,0.07,10.83,0.93,0.0,585.0,285,278,22,49,48,4,448.0,0.12,0.0001,31780.0,,,,
2215,8000,4065,1.7121,0.0271,3.2923,4.805,0.0159,0.08,8.77,0.94,0.0,646.0,308,324,14,48,50,2,406.0,0.12,0.0001,31714.0,,,,
2216,8000,4081,1.6595,0.0069,3.2291,4.871,0.0136,0.08,5.51,0.95,0.0,719.0,316,378,25,44,53,3,365.0,0.11,0.0001,31691.0,,,,
2217,8000,4098,1.6767,0.0495,3.1784,4.944,0.015,0.09,5.24,0.95,0.0,697.0,277,400,20,40,57,3,376.0,0.08,0.0001,31721.0,,,,
2218,8000,4114,1.5866,0.0289,3.0415,5.074,0.0124,0.08,4.7,0.96,0.0,537.0,212,298,27,39,55,5,488.0,0.07,0.0001,31662.0,,,,
2219,8000,4131,1.5316,0.0356,2.9194,5.267,0.0107,0.07,4.28,0.96,0.0,398.0,144,237,17,36,60,4,659.0,0.06,0.0001,31777.0,,,,
2220,8000,4147,1.4695,0.027,2.8181,5.544,0.0086,0.06,6.94,0.96,0.0,283.0,92,150,41,33,53,14,926.0,0.07,0.0001,31803.0,,,,
2221,8000,4165,1.5738,0.0306,3.0236,5.466,0.0112,0.06,5.29,0.93,0.0,402.0,136,168,98,34,42,24,652.0,0.08,0.0001,30600.0,,,,
2222,8000,4181,1.5848,0.0365,3.0334,5.4,0.0144,0.07,3.25,0.93,0.0,481.0,239,154,88,50,32,18,545.0,0.05,0.0001,31720.0,,,,
2223,8000,4198,1.6215,0.0292,3.1174,5.407,0.0088,0.06,5.5,0.93,0.0,511.0,214,231,66,42,45,13,513.0,0.05,0.0001,31786.0,,,,
2224,8000,4214,1.6639,0.0268,3.2012,5.179,0.0104,0.07,4.1,0.93,0.0,580.0,270,270,40,47,47,7,452.0,0.05,0.0001,31777.0,,,,
2225,8000,4231,1.6825,0.0554,3.181,5.148,0.0124,0.07,7.63,0.93,0.0,573.0,297,258,18,52,45,3,457.0,0.03,0.0001,31716.0,,,,
2226,8000,4248,1.6808,0.0483,3.1909,5.111,0.0133,0.07,4.63,0.93,0.0,566.0,271,283,12,48,50,2,463.0,0.03,0.0001,31718.0,,,,
2227,8000,4264,1.6655,0.0448,3.1671,5.088,0.0108,0.06,4.53,0.93,0.0,549.0,273,259,17,50,47,3,477.0,0.03,0.0001,31726.0,,,,
2228,8000,4281,1.6768,0.0497,3.1788,5.014,0.0136,0.08,3.79,0.94,0.0,536.0,269,252,15,50,47,3,489.0,0.03,0.0001,31774.0,,,,
2229,8000,4297,1.6666,0.044,3.1703,4.869,0.0114,0.08,3.91,0.93,0.0,548.0,290,239,19,53,44,3,478.0,0.02,0.0001,31721.0,,,,
2230,8000,4314,1.6022,0.0389,3.0522,4.933,0.0093,0.07,3.78,0.94,0.0,446.0,217,212,17,49,48,4,588.0,0.02,0.0001,31795.0,,,,
2231,8000,4330,1.5431,0.0274,2.9604,5.105,0.0079,0.06,4.32,0.95,0.0,362.0,165,166,31,46,46,9,724.0,0.02,0.0001,31784.0,,,,
2232,8000,4347,1.5955,0.0258,3.0682,5.041,0.0087,0.07,4.18,0.95,0.0,419.0,181,205,33,43,49,8,626.0,0.07,0.0001,31787.0,,,,
2233,8000,4364,1.6739,0.0315,3.2149,4.895,0.0094,0.07,4.46,0.95,0.0,588.0,277,253,58,47,43,10,446.0,0.12,0.0001,31718.0,,,,
2234,8000,4380,1.7223,0.0141,3.3429,4.832,0.0104,0.07,4.86,0.94,0.0,732.0,355,337,40,48,46,5,358.0,0.11,0.0001,31713.0,,,,
2235,8000,4397,1.7763,0.0267,3.423,4.821,0.0115,0.08,7.17,0.93,0.0,858.0,490,347,21,57,40,2,306.0,0.15,0.0001,31715.0,,,,
2236,8000,4413,1.7408,0.016,3.373,4.908,0.0115,0.08,4.24,0.93,0.0,903.0,481,413,9,53,46,1,290.0,0.16,0.0001,31722.0,,,,
2237,8000,4430,1.7722,0.0261,3.4142,4.827,0.0106,0.07,6.3,0.94,0.0,891.0,488,403,0,55,45,0,294.0,0.15,0.0001,31731.0,,,,
2238,8000,4446,1.7314,0.028,3.3289,4.817,0.0099,0.07,5.61,0.94,0.0,792.0,427,365,0,54,46,0,331.0,0.08,0.0001,31776.0,,,,
2239,8000,4463,1.7144,0.0133,3.3228,4.677,0.0081,0.06,6.92,0.94,0.0,705.0,369,336,0,52,48,0,372.0,0.04,0.0001,31725.0,,,,
2240,8000,4480,1.6659,-0.0022,3.2577,4.787,0.0083,0.07,6.12,0.93,0.0,580.0,271,309,0,47,53,0,452.0,0.04,0.0001,31778.0,,,,
2241,8000,4497,1.7546,0.0053,3.4195,4.704,0.0162,0.08,5.02,0.92,0.0,623.0,302,320,1,48,51,0,421.0,0.05,0.0001,30632.0,,,,
2242,8000,4513,1.7178,-0.0031,3.3655,4.917,0.0102,0.08,4.14,0.93,0.0,689.0,320,368,1,46,53,0,380.0,0.06,0.0001,31801.0,,,,
2243,8000,4530,1.7569,-0.008,3.453,4.822,0.0127,0.08,3.77,0.92,0.0,903.0,428,474,1,47,52,0,290.0,0.06,0.0001,31735.0,,,,
2244,8000,4546,1.7917,-0.0034,3.5135,4.838,0.0121,0.08,5.29,0.9,0.0,955.0,474,476,5,50,50,1,274.0,0.05,0.0001,31784.0,,,,
2245,8000,4563,1.7332,-0.0145,3.4197,4.976,0.0102,0.07,5.17,0.91,0.0,759.0,353,403,3,47,53,0,345.0,0.03,0.0001,31717.0,,,,
2246,8000,4580,1.6879,-0.0068,3.3148,5.091,0.0086,0.06,5.72,0.92,0.0,633.0,293,339,1,46,54,0,414.0,0.04,0.0001,31747.0,,,,
2247,8000,4596,1.7186,0.0128,3.3374,5.078,0.0095,0.06,9.06,0.92,0.0,548.0,261,283,4,48,52,1,478.0,0.04,0.0001,31729.0,,,,
2248,8000,4613,1.7058,0.0323,3.2729,5.11,0.0103,0.07,4.79,0.91,0.0,533.0,257,272,4,48,51,1,492.0,0.04,0.0001,31725.0,,,,
2249,8000,4629,1.6673,0.0186,3.2249,5.324,0.0082,0.06,6.44,0.92,0.0,454.0,216,234,4,48,52,1,577.0,0.04,0.0001,31780.0,123,5,384,24
2250,8000,4661,1.6522,0.0211,3.1903,5.301,0.0094,0.07,4.16,0.9,0.0,444.0,190,249,5,43,56,1,590.0,0.04,0.0001,31870.0,,,,
2251,8000,4678,1.631,0.0257,3.1403,5.44,0.0083,0.07,4.59,0.9,0.0,400.0,180,210,10,45,52,2,655.0,0.03,0.0001,31798.0,,,,
2252,8000,4694,1.573,0.0328,3.0098,5.538,0.0062,0.05,6.12,0.93,0.0,286.0,131,146,9,46,51,3,917.0,0.01,0.0001,31742.0,,,,
2253,8000,4711,1.5747,0.0272,3.0234,5.358,0.0075,0.07,4.4,0.92,0.0,335.0,146,169,20,44,50,6,783.0,0.01,0.0001,31780.0,,,,
2254,8000,4727,1.6008,0.0321,3.0657,5.333,0.0074,0.07,5.84,0.93,0.0,347.0,146,188,13,42,54,4,755.0,0.02,0.0001,31729.0,,,,
2255,8000,4744,1.6084,0.0211,3.1035,5.308,0.0077,0.06,5.62,0.93,0.0,442.0,171,243,28,39,55,6,593.0,0.04,0.0001,31730.0,,,,
2256,8000,4761,1.6425,0.0345,3.1438,5.213,0.0097,0.07,5.71,0.93,0.0,483.0,193,278,12,40,58,2,543.0,0.03,0.0001,31719.0,,,,
2257,8000,4777,1.6482,0.0469,3.1305,5.233,0.0083,0.06,5.79,0.94,0.0,489.0,191,282,16,39,58,3,536.0,0.04,0.0001,31716.0,,,,
2258,8000,4794,1.7101,0.0393,3.2671,5.041,0.0073,0.06,7.19,0.94,0.0,573.0,245,321,7,43,56,1,457.0,0.05,0.0001,31734.0,,,,
2259,8000,4810,1.6034,0.0253,3.0833,5.199,0.0107,0.07,5.36,0.95,0.0,500.0,236,254,10,47,51,2,524.0,0.04,0.0001,31732.0,,,,
2260,8000,4827,1.5753,0.0228,3.0321,5.267,0.0068,0.05,6.68,0.95,0.0,434.0,218,213,3,50,49,1,604.0,0.03,0.0001,31724.0,,,,
2261,8000,4844,1.5809,0.0386,3.0134,5.463,0.0105,0.06,8.57,0.93,0.0,355.0,177,176,2,50,50,1,738.0,0.02,0.0001,30593.0,,,,
2262,8000,4861,1.5967,0.0359,3.0509,5.525,0.0136,0.06,4.15,0.9,0.0,399.0,204,190,5,51,48,1,657.0,0.02,0.0001,31704.0,,,,
2263,8000,4877,1.6916,0.0524,3.2064,5.321,0.0158,0.07,4.85,0.89,0.0,520.0,284,223,13,55,43,2,504.0,0.02,0.0001,31721.0,,,,
2264,8000,4894,1.6904,0.0267,3.2565,5.261,0.0115,0.07,4.61,0.88,0.0,705.0,393,285,27,56,40,4,372.0,0.03,0.0001,31777.0,,,,
2265,8000,4910,1.6788,0.0491,3.1885,5.397,0.0256,0.07,4.96,0.89,0.0,687.0,362,313,12,53,46,2,382.0,0.03,0.0001,31790.0,,,,
2266,8000,4927,1.5745,0.0469,2.9863,5.694,0.0141,0.05,5.58,0.93,0.0,398.0,244,148,6,61,37,2,659.0,0.03,0.0001,31776.0,,,,
2267,8000,4944,1.5186,0.0411,2.8882,5.835,0.0079,0.04,5.42,0.94,0.0,328.0,197,118,13,60,36,4,799.0,0.03,0.0001,31767.0,,,,
2268,8000,4960,1.4647,0.0203,2.8236,5.816,0.007,0.04,5.52,0.94,0.0,277.0,150,110,17,54,40,6,946.0,0.03,0.0001,31741.0,,,,
2269,8000,4977,1.4575,0.0134,2.8263,5.777,0.0059,0.04,7.27,0.95,0.0,230.0,100,92,38,43,40,17,1140.0,0.04,0.0001,31793.0,,,,
2270,8000,4993,1.4487,0.0185,2.8033,5.773,0.0107,0.05,6.01,0.95,0.0,283.0,117,106,60,41,37,21,926.0,0.03,0.0001,31768.0,,,,
2271,8000,5010,1.4726,0.0142,2.8612,5.629,0.0095,0.05,4.08,0.94,0.0,361.0,133,141,87,37,39,24,726.0,0.03,0.0001,31788.0,,,,
2272,8000,5026,1.4629,0.028,2.809,5.558,0.0118,0.06,3.54,0.94,0.0,342.0,124,140,78,36,41,23,767.0,0.02,0.0001,31739.0,,,,
2273,8000,5043,1.491,0.0218,2.8752,5.502,0.0095,0.05,5.55,0.94,0.0,370.0,133,164,73,36,44,20,708.0,0.01,0.0001,31749.0,,,,
2274,8000,5060,1.5151,0.0156,2.9435,5.378,0.0125,0.07,4.44,0.94,0.0,555.0,202,258,95,36,46,17,472.0,0.03,0.0001,31713.0,,,,
2275,8000,5076,1.612,0.0214,3.1285,5.218,0.0156,0.06,7.86,0.93,0.0,660.0,177,366,117,27,55,18,397.0,0.03,0.0001,31732.0,,,,
2276,8000,5093,1.6587,0.0247,3.2041,5.013,0.0087,0.07,9.09,0.94,0.0,730.0,295,362,73,40,50,10,359.0,0.03,0.0001,31769.0,,,,
2277,8000,5109,1.671,0.0217,3.2263,5.119,0.0122,0.07,8.85,0.93,0.0,608.0,265,327,16,44,54,3,431.0,0.02,0.0001,31746.0,,,,
2278,8000,5126,1.652,0.0315,3.1694,5.239,0.0124,0.06,7.02,0.94,0.0,575.0,260,298,17,45,52,3,456.0,0.02,0.0001,31741.0,,,,
2279,8000,5142,1.6605,0.0222,3.2037,5.265,0.0106,0.06,4.99,0.93,0.0,540.0,210,324,6,39,60,1,485.0,0.02,0.0001,31743.0,,,,
2280,8000,5159,1.6557,0.0236,3.1911,5.253,0.0135,0.06,6.12,0.94,0.0,472.0,183,277,12,39,59,3,555.0,0.01,0.0001,31750.0,,,,
2281,8000,5176,1.6754,0.0167,3.2439,5.257,0.0081,0.06,9.31,0.93,0.0,449.0,221,219,9,49,49,2,584.0,0.02,0.0001,30598.0,,,,
2282,8000,5193,1.5711,0.0149,3.0427,5.592,0.009,0.06,6.78,0.94,0.0,359.0,179,174,6,50,48,2,730.0,0.02,0.0001,31764.0,,,,
2283,8000,5209,1.5054,0.0028,2.9364,5.686,0.0083,0.06,4.77,0.93,0.0,280.0,168,100,12,60,36,4,936.0,0.03,0.0001,31767.0,,,,
2284,8000,5226,1.5261,0.0127,2.9567,5.56,0.0083,0.06,4.76,0.94,0.0,292.0,155,106,31,53,36,11,898.0,0.05,0.0001,31718.0,,,,
2285,8000,5243,1.5326,0.0001,2.9983,5.597,0.0113,0.06,6.05,0.94,0.0,292.0,173,94,25,59,32,9,898.0,0.06,0.0001,31770.0,,,,
2286,8000,5259,1.5084,-0.0241,3.0074,5.434,0.0099,0.07,5.28,0.92,0.0,387.0,226,89,72,58,23,19,677.0,0.1,0.0001,31717.0,,,,
2287,8000,5276,1.5834,-0.0162,3.1347,5.311,0.0083,0.07,6.1,0.9,0.0,477.0,288,129,60,60,27,13,550.0,0.08,0.0001,31777.0,,,,
2288,8000,5292,1.5691,-0.0054,3.0826,5.38,0.0089,0.07,5.41,0.91,0.0,371.0,211,124,36,57,33,10,707.0,0.08,0.0001,31766.0,,,,
2289,8000,5309,1.5067,-0.0048,2.9564,5.507,0.0061,0.05,6.71,0.93,0.0,302.0,165,108,29,55,36,10,868.0,0.05,0.0001,31714.0,,,,
2290,8000,5325,1.5098,0.0107,2.9323,5.536,0.0094,0.06,4.53,0.94,0.0,307.0,165,114,28,54,37,9,854.0,0.06,0.0001,31714.0,,,,
2291,8000,5342,1.5129,0.0211,2.9206,5.635,0.011,0.07,4.28,0.95,0.0,343.0,145,155,43,42,45,13,764.0,0.06,0.0001,31766.0,,,,
2292,8000,5359,1.488,0.0142,2.8836,5.67,0.0097,0.05,5.1,0.96,0.0,323.0,136,148,39,42,46,12,812.0,0.04,0.0001,31775.0,,,,
2293,8000,5375,1.4704,0.0174,2.8429,5.562,0.0096,0.06,4.44,0.97,0.0,307.0,126,141,40,41,46,13,854.0,0.02,0.0001,31775.0,,,,
2294,8000,5392,1.4849,0.0247,2.8565,5.448,0.0107,0.05,3.56,0.98,0.0,379.0,145,188,46,38,50,12,692.0,0.0,0.0001,31705.0,,,,
2295,8000,5408,1.4929,-0.0088,2.9423,5.466,0.0093,0.06,4.57,0.96,0.0,431.0,166,201,64,39,47,15,608.0,0.0,0.0001,31761.0,,,,
2296,8000,5425,1.4937,0.0026,2.9187,5.521,0.0087,0.05,5.61,0.96,0.0,349.0,133,166,50,38,48,14,751.0,0.0,0.0001,31720.0,,,,
2297,8000,5441,1.5632,-0.0041,3.0664,5.105,0.0128,0.06,8.76,0.96,0.0,452.0,159,242,51,35,54,11,580.0,0.0,0.0001,31714.0,,,,
2298,8000,5458,1.56,0.0175,3.0195,5.336,0.0077,0.05,7.14,0.96,0.0,429.0,174,195,60,41,45,14,611.0,0.01,0.0001,31713.0,,,,
2299,8000,5475,1.5089,0.0296,2.8933,5.535,0.0079,0.06,5.68,0.96,0.0,360.0,195,121,44,54,34,12,728.0,0.01,0.0001,31756.0,164,5,343,32
2300,8000,5506,1.4632,0.0223,2.8172,5.847,0.0071,0.05,6.58,0.95,0.0,236.0,135,73,28,57,31,12,1111.0,0.01,0.0001,31913.0,,,,
2301,8000,5524,1.5383,0.0218,2.9697,5.791,0.0118,0.04,7.36,0.92,0.0,309.0,179,92,38,58,30,12,848.0,0.01,0.0001,30605.0,,,,
2302,8000,5540,1.5434,0.0157,2.9934,5.678,0.0098,0.04,6.34,0.9,0.0,456.0,181,215,60,40,47,13,575.0,0.01,0.0001,31843.0,,,,
2303,8000,5557,1.5464,0.0184,3.0014,5.631,0.0247,0.07,5.12,0.9,0.0,519.0,189,209,121,36,40,23,505.0,0.01,0.0001,31788.0,,,,
2304,8000,5573,1.5972,0.0154,3.1038,5.352,0.0132,0.06,4.96,0.92,0.0,559.0,292,155,112,52,28,20,469.0,0.01,0.0001,31723.0,,,,
2305,8000,5590,1.6554,0.013,3.2139,5.305,0.0058,0.05,10.46,0.93,0.0,514.0,327,172,15,64,33,3,510.0,0.02,0.0001,31728.0,,,,
2306,8000,5606,1.5767,0.0286,3.031,5.439,0.0115,0.08,6.05,0.95,0.0,475.0,298,131,46,63,28,10,552.0,0.02,0.0001,31761.0,,,,
2307,8000,5623,1.6168,0.0275,3.1093,5.358,0.015,0.07,7.05,0.93,0.0,434.0,229,175,30,53,40,7,604.0,0.01,0.0001,31705.0,,,,
2308,8000,5640,1.6584,0.0255,3.193,5.206,0.0071,0.06,13.56,0.94,0.0,467.0,263,194,10,56,42,2,561.0,0.01,0.0001,31698.0,,,,
2309,8000,5656,1.6135,0.0107,3.1336,5.268,0.0096,0.07,8.67,0.94,0.0,501.0,282,210,9,56,42,2,523.0,0.01,0.0001,31713.0,,,,
2310,8000,5673,1.5541,0.0024,3.0337,5.403,0.0097,0.07,9.68,0.95,0.0,416.0,235,168,13,56,40,3,630.0,0.0,0.0001,31756.0,,,,
2311,8000,5689,1.5282,0.0102,2.9652,5.413,0.0073,0.06,11.13,0.95,0.0,329.0,177,139,13,54,42,4,797.0,0.01,0.0001,31752.0,,,,
2312,8000,5706,1.491,0.0102,2.8949,5.501,0.0064,0.05,14.38,0.96,0.0,274.0,111,121,42,41,44,15,957.0,0.01,0.0001,31766.0,,,,
2313,8000,5723,1.4493,0.0094,2.8207,5.654,0.0069,0.05,10.48,0.96,0.0,269.0,99,102,68,37,38,25,975.0,0.0,0.0001,31721.0,,,,
2314,8000,5739,1.5269,0.0213,2.9537,5.701,0.0105,0.07,19.01,0.95,0.0,301.0,104,118,79,35,39,26,871.0,0.0,0.0001,31707.0,,,,
2315,8000,5756,1.5343,0.0314,2.945,5.666,0.0083,0.06,8.16,0.93,0.0,378.0,153,148,77,40,39,20,694.0,0.01,0.0001,31708.0,,,,
2316,8000,5772,1.5399,0.0369,2.9418,5.716,0.0138,0.08,4.92,0.93,0.0,347.0,145,162,40,42,47,12,755.0,0.02,9.9e-05,31788.0,,,,
2317,8000,5789,1.5284,0.0402,2.9109,5.74,0.0107,0.07,4.15,0.93,0.0,327.0,124,177,26,38,54,8,802.0,0.02,9.9e-05,31725.0,,,,
2318,8000,5806,1.5314,0.0284,2.9377,5.715,0.0087,0.06,4.22,0.93,0.0,323.0,121,190,12,37,59,4,812.0,0.01,9.9e-05,31718.0,,,,
2319,8000,5822,1.4748,0.0181,2.8479,5.815,0.0091,0.07,3.9,0.94,0.0,271.0,84,164,23,31,61,8,967.0,0.01,9.9e-05,31722.0,,,,
2320,8000,5839,1.5035,0.0107,2.9185,5.727,0.0145,0.07,4.6,0.93,0.0,289.0,78,189,22,27,65,8,907.0,0.01,9.9e-05,31749.0,,,,
2321,8000,5856,1.6781,0.0198,3.2466,5.289,0.0192,0.09,4.15,0.9,0.0,482.0,187,270,25,39,56,5,544.0,0.02,9.9e-05,30656.0,,,,
2322,8000,5872,1.5984,0.0082,3.1107,5.353,0.0136,0.08,4.42,0.91,0.0,536.0,243,271,22,45,51,4,489.0,0.01,9.9e-05,31763.0,,,,
2323,8000,5889,1.6112,0.0388,3.0755,5.426,0.0165,0.09,3.48,0.9,0.0,312.0,163,133,16,52,43,5,840.0,0.01,9.9e-05,31725.0,,,,
2324,8000,5906,1.6174,0.0165,3.1308,5.31,0.0125,0.08,3.81,0.9,0.0,357.0,176,168,13,49,47,4,734.0,0.06,9.9e-05,31749.0,,,,
2325,8000,5922,1.6099,0.0112,3.1279,5.278,0.0134,0.08,4.04,0.89,0.0,476.0,245,179,52,51,38,11,551.0,0.07,9.9e-05,31718.0,,,,
2326,8000,5939,1.7017,0.0145,3.3058,5.076,0.0154,0.08,6.87,0.89,0.0,682.0,290,293,99,43,43,15,384.0,0.03,9.9e-05,31709.0,,,,
2327,8000,5955,1.7379,0.0183,3.3657,5.04,0.0109,0.07,7.86,0.9,0.0,765.0,366,364,35,48,48,5,343.0,0.02,9.9e-05,31704.0,,,,
2328,8000,5972,1.7445,0.0183,3.3776,5.026,0.0101,0.06,8.23,0.92,0.0,821.0,433,370,18,53,45,2,319.0,0.02,9.9e-05,31711.0,,,,
2329,8000,5989,1.72,0.0138,3.3361,4.963,0.0169,0.07,9.63,0.92,0.0,835.0,405,420,10,49,50,1,314.0,0.02,9.9e-05,31714.0,,,,
2330,8000,6005,1.6529,0.0088,3.2119,5.007,0.0103,0.06,9.16,0.94,0.0,698.0,400,287,11,57,41,2,376.0,0.01,9.9e-05,31706.0,,,,
2331,8000,6022,1.568,0.0075,3.0463,5.196,0.012,0.05,10.34,0.96,0.0,569.0,335,219,15,59,38,3,461.0,0.01,9.9e-05,31724.0,,,,
2332,8000,6038,1.5775,0.0321,3.0191,5.408,0.0118,0.05,8.1,0.95,0.0,495.0,266,188,41,54,38,8,530.0,0.0,9.9e-05,31721.0,,,,
2333,8000,6055,1.5433,0.0211,2.9751,5.595,0.0108,0.06,9.72,0.95,0.0,461.0,235,155,71,51,34,15,569.0,0.01,9.9e-05,31790.0,,,,
2334,8000,6071,1.517,0.0238,2.917,5.58,0.0136,0.06,5.97,0.96,0.0,470.0,263,148,59,56,31,13,558.0,0.01,9.9e-05,31722.0,,,,
2335,8000,6088,1.5128,0.0126,2.9312,5.602,0.0083,0.05,9.0,0.95,0.0,366.0,175,124,67,48,34,18,716.0,0.01,9.9e-05,31717.0,,,,
2336,8000,6105,1.502,0.0195,2.8964,5.414,0.0158,0.07,9.53,0.96,0.0,413.0,197,142,74,48,34,18,635.0,0.03,9.9e-05,31707.0,,,,
2337,8000,6121,1.4609,0.0085,2.8355,5.198,0.0152,0.08,6.85,0.96,0.0,346.0,178,116,52,51,34,15,758.0,0.04,9.9e-05,31728.0,,,,
2338,8000,6138,1.4549,0.0248,2.7882,5.118,0.01,0.07,5.78,0.96,0.0,279.0,147,92,40,53,33,14,940.0,0.04,9.8e-05,31718.0,,,,
2339,8000,6154,1.4949,0.0352,2.8543,5.377,0.0132,0.06,12.55,0.96,0.0,324.0,155,103,66,48,32,20,809.0,0.05,9.8e-05,31732.0,,,,
2340,8000,6171,1.4442,0.0294,2.7702,5.19,0.0134,0.08,7.52,0.96,0.0,315.0,150,86,79,48,27,25,832.0,0.08,9.8e-05,31718.0,,,,
2341,8000,6188,1.5424,0.0468,2.9324,5.645,0.0075,0.04,22.04,0.96,0.0,282.0,103,84,95,37,30,34,930.0,0.1,9.8e-05,30627.0,,,,
2342,8000,6205,1.4917,0.0529,2.8153,5.741,0.0099,0.06,6.0,0.95,0.0,240.0,86,73,81,36,30,34,1092.0,0.12,9.8e-05,31724.0,,,,
2343,8000,6221,1.4872,0.0558,2.7973,5.657,0.0118,0.07,5.66,0.94,0.0,261.0,105,86,70,40,33,27,1004.0,0.09,9.8e-05,31748.0,,,,
2344,8000,6238,1.4825,0.0454,2.8086,5.621,0.0086,0.05,6.26,0.95,0.0,268.0,104,87,77,39,32,29,978.0,0.04,9.8e-05,31751.0,,,,
2345,8000,6254,1.4687,0.0517,2.769,5.68,0.0087,0.05,6.37,0.96,0.0,295.0,117,55,123,40,19,42,889.0,0.01,9.8e-05,31753.0,,,,
2346,8000,6271,1.4715,0.0429,2.7927,5.637,0.0098,0.06,5.01,0.96,0.0,273.0,132,60,81,48,22,30,960.0,0.01,9.8e-05,31750.0,,,,
2347,8000,6288,1.4467,0.0439,2.7431,5.743,0.0107,0.06,5.15,0.95,0.0,268.0,118,75,75,44,28,28,978.0,0.01,9.8e-05,31743.0,,,,
2348,8000,6304,1.4428,0.05,2.7254,5.794,0.012,0.05,3.61,0.94,0.0,280.0,120,75,85,43,27,30,936.0,0.01,9.8e-05,31758.0,,,,
2349,8000,6321,1.405,0.0284,2.6973,5.759,0.0093,0.06,3.43,0.96,0.0,263.0,94,73,96,36,28,37,997.0,0.02,9.8e-05,31745.0,144,12,356,28
2350,8000,6353,1.4074,0.0292,2.6977,5.741,0.0083,0.05,4.48,0.95,0.0,271.0,100,78,93,37,29,34,967.0,0.03,9.8e-05,31879.0,,,,
2351,8000,6369,1.4552,0.0343,2.7819,5.741,0.0098,0.05,5.1,0.94,0.0,318.0,138,72,108,43,23,34,824.0,0.03,9.8e-05,31730.0,,,,
2352,8000,6386,1.443,0.0392,2.7485,5.757,0.0117,0.05,5.0,0.95,0.0,326.0,124,110,92,38,34,28,804.0,0.01,9.8e-05,31798.0,,,,
2353,8000,6402,1.4443,0.0413,2.7481,5.758,0.0128,0.06,4.02,0.95,0.0,305.0,118,104,83,39,34,27,859.0,0.03,9.8e-05,31734.0,,,,
2354,8000,6419,1.4438,0.0403,2.747,5.83,0.0128,0.06,3.29,0.96,0.0,252.0,76,112,64,30,44,25,1040.0,0.05,9.8e-05,31746.0,,,,
2355,8000,6435,1.4557,0.0451,2.7593,5.841,0.0116,0.06,2.76,0.96,0.0,291.0,92,127,72,32,44,25,901.0,0.05,9.8e-05,31718.0,,,,
2356,8000,6452,1.4661,0.0356,2.7962,5.813,0.0092,0.06,3.57,0.96,0.0,268.0,76,124,68,28,46,25,978.0,0.08,9.8e-05,31781.0,,,,
2357,8000,6469,1.5558,0.0437,2.9588,5.637,0.009,0.06,4.33,0.95,0.0,342.0,135,146,61,39,43,18,767.0,0.13,9.8e-05,31734.0,,,,
2358,8000,6485,1.6231,0.0488,3.0808,5.505,0.0093,0.06,6.72,0.95,0.0,435.0,207,183,45,48,42,10,603.0,0.17,9.8e-05,31788.0,,,,
2359,8000,6502,1.5681,0.0424,2.9866,5.573,0.0117,0.06,3.53,0.96,0.0,429.0,216,164,49,50,38,11,611.0,0.17,9.7e-05,31744.0,,,,
2360,8000,6518,1.5509,0.0535,2.9284,5.588,0.0101,0.06,3.89,0.96,0.0,416.0,186,184,46,45,44,11,630.0,0.14,9.7e-05,31771.0,,,,
2361,8000,6535,1.6228,0.068,3.0409,5.614,0.0106,0.06,7.8,0.95,0.0,362.0,158,169,35,44,47,10,724.0,0.09,9.7e-05,30637.0,,,,
2362,8000,6552,1.6568,0.0593,3.1267,5.607,0.0101,0.07,3.96,0.94,0.0,438.0,207,206,25,47,47,6,599.0,0.07,9.7e-05,31738.0,,,,
2363,8000,6569,1.6591,0.0476,3.155,5.642,0.0085,0.06,3.2,0.93,0.0,508.0,243,235,30,48,46,6,516.0,0.06,9.7e-05,31784.0,,,,
2364,8000,6585,1.6884,0.0398,3.2288,5.594,0.0094,0.06,3.23,0.92,0.0,575.0,243,295,37,42,51,6,456.0,0.04,9.7e-05,31779.0,,,,
2365,8000,6602,1.6895,0.0272,3.2563,5.599,0.0068,0.06,3.84,0.93,0.0,499.0,216,273,10,43,55,2,525.0,0.03,9.7e-05,31759.0,,,,
2366,8000,6618,1.7186,0.0255,3.3173,5.54,0.0079,0.06,4.21,0.91,0.0,580.0,298,271,11,51,47,2,452.0,0.03,9.7e-05,31749.0,,,,
2367,8000,6635,1.6997,0.0336,3.2643,5.586,0.008,0.05,4.92,0.92,0.0,585.0,283,287,15,48,49,3,448.0,0.02,9.7e-05,31730.0,,,,
2368,8000,6651,1.7366,0.0315,3.3415,5.441,0.0088,0.06,4.2,0.92,0.0,636.0,316,304,16,50,48,3,412.0,0.01,9.7e-05,31790.0,,,,
2369,8000,6668,1.7501,0.0306,3.3691,5.373,0.0111,0.07,3.9,0.93,0.0,774.0,357,405,12,46,52,2,339.0,0.01,9.7e-05,31741.0,,,,
2370,8000,6685,1.7868,0.0435,3.4156,5.232,0.0104,0.07,4.01,0.93,0.0,895.0,389,494,12,43,55,1,293.0,0.01,9.7e-05,31759.0,,,,
2371,8000,6701,1.8171,0.0326,3.4961,5.119,0.0119,0.08,4.08,0.93,0.0,989.0,455,531,3,46,54,0,265.0,0.01,9.7e-05,31738.0,,,,
2372,8000,6718,1.8078,0.0395,3.4639,5.164,0.0108,0.07,3.81,0.92,0.0,861.0,412,445,4,48,52,0,304.0,0.01,9.7e-05,31762.0,,,,
2373,8000,6734,1.7836,0.0239,3.4469,5.193,0.0072,0.06,7.74,0.93,0.0,717.0,375,339,3,52,47,0,366.0,0.01,9.7e-05,31773.0,,,,
2374,8000,6751,1.7221,0.0268,3.3186,5.273,0.0088,0.07,4.04,0.93,0.0,686.0,358,325,3,52,47,0,382.0,0.01,9.7e-05,31759.0,,,,
2375,8000,6767,1.6587,0.027,3.1917,5.334,0.0086,0.06,4.35,0.94,0.0,579.0,307,264,8,53,46,1,453.0,0.01,9.7e-05,31748.0,,,,
2376,8000,6784,1.5875,0.02,3.0659,5.508,0.0067,0.05,4.97,0.95,0.0,426.0,204,206,16,48,48,4,615.0,0.02,9.7e-05,31809.0,,,,
2377,8000,6801,1.5756,0.0273,3.0289,5.547,0.0066,0.05,5.28,0.95,0.0,401.0,182,182,37,45,45,9,654.0,0.01,9.7e-05,31736.0,,,,
2378,8000,6817,1.5467,0.019,2.9877,5.552,0.0094,0.06,4.81,0.94,0.0,368.0,179,159,30,49,43,8,712.0,0.01,9.7e-05,31752.0,,,,
2379,8000,6834,1.5502,0.017,2.9999,5.527,0.0071,0.05,4.44,0.94,0.0,387.0,177,154,56,46,40,14,677.0,0.01,9.7e-05,31759.0,,,,
2380,8000,6850,1.5223,0.0172,2.9458,5.518,0.0079,0.05,4.12,0.94,0.0,379.0,181,148,50,48,39,13,692.0,0.01,9.7e-05,31771.0,,,,
2381,8000,6868,1.5153,0.0023,2.963,5.653,0.0082,0.05,4.19,0.93,0.0,382.0,186,146,50,49,38,13,686.0,0.01,9.7e-05,30596.0,,,,
2382,8000,6884,1.4842,-0.0068,2.9223,5.532,0.0079,0.05,4.6,0.95,0.0,380.0,155,166,59,41,44,16,690.0,0.01,9.6e-05,31722.0,,,,
2383,8000,6901,1.4942,-0.0113,2.9517,5.589,0.0093,0.05,4.85,0.96,0.0,430.0,162,185,83,38,43,19,610.0,0.02,9.6e-05,31713.0,,,,
2384,8000,6917,1.4936,-0.0165,2.9603,5.646,0.0094,0.05,4.67,0.95,0.0,444.0,154,201,89,35,45,20,590.0,0.02,9.6e-05,31736.0,,,,
2385,8000,6934,1.5125,-0.0143,2.9888,5.671,0.0057,0.04,8.75,0.94,0.0,402.0,172,182,48,43,45,12,652.0,0.02,9.6e-05,31722.0,,,,
2386,8000,6951,1.5373,-0.0153,3.0382,5.505,0.008,0.05,5.06,0.93,0.0,440.0,176,218,46,40,50,10,596.0,0.02,9.6e-05,31731.0,,,,
2387,8000,6967,1.5106,-0.0107,2.9758,5.568,0.0098,0.05,7.82,0.94,0.0,412.0,163,197,52,40,48,13,636.0,0.01,9.6e-05,31733.0,,,,
2388,8000,6984,1.4853,-0.0075,2.9201,5.538,0.0099,0.06,5.95,0.95,0.0,386.0,153,164,69,40,42,18,679.0,0.01,9.6e-05,31782.0,,,,
2389,8000,7000,1.4185,-0.0036,2.7808,5.664,0.0081,0.06,7.96,0.96,0.0,280.0,79,129,72,28,46,26,936.0,0.02,9.6e-05,31722.0,,,,
2390,8000,7017,1.4055,-0.0121,2.7726,5.642,0.009,0.06,5.33,0.96,0.0,269.0,64,123,82,24,46,30,975.0,0.02,9.6e-05,31758.0,,,,
2391,8000,7033,1.5133,0.0011,2.959,5.527,0.0102,0.07,9.7,0.93,0.0,358.0,104,169,85,29,47,24,732.0,0.02,9.6e-05,31715.0,,,,
2392,8000,7050,1.614,-0.0058,3.1709,5.283,0.0076,0.05,9.5,0.92,0.0,448.0,163,216,69,36,48,15,585.0,0.02,9.6e-05,31728.0,,,,
2393,8000,7067,1.6936,0.0039,3.3109,5.159,0.0116,0.07,4.8,0.91,0.0,742.0,289,365,88,39,49,12,353.0,0.02,9.6e-05,31705.0,,,,
2394,8000,7083,1.7118,0.013,3.3264,5.116,0.0123,0.08,4.5,0.91,0.0,695.0,290,359,46,42,52,7,377.0,0.02,9.6e-05,31717.0,,,,
2395,8000,7100,1.7187,0.0117,3.3444,5.15,0.0118,0.08,3.98,0.9,0.0,759.0,314,376,69,41,50,9,345.0,0.02,9.6e-05,31783.0,,,,
2396,8000,7116,1.7125,0.0265,3.3006,5.13,0.0128,0.08,3.25,0.92,0.0,704.0,315,363,26,45,52,4,372.0,0.01,9.6e-05,31724.0,,,,
2397,8000,7133,1.7071,0.0266,3.2906,5.231,0.0113,0.08,4.73,0.92,0.0,753.0,316,403,34,42,54,5,348.0,0.01,9.6e-05,31728.0,,,,
2398,8000,7149,1.7046,0.0331,3.2724,5.238,0.0125,0.08,3.2,0.93,0.0,762.0,323,408,31,42,54,4,344.0,0.01,9.6e-05,31778.0,,,,
2399,8000,7166,1.7054,0.0293,3.2818,5.297,0.0085,0.07,3.9,0.94,0.0,679.0,319,341,19,47,50,3,386.0,0.01,9.6e-05,31779.0,161,8,343,31
2400,8000,7198,1.6739,0.0196,3.2386,5.349,0.0088,0.06,5.38,0.94,0.0,607.0,314,277,16,52,46,3,432.0,0.01,9.6e-05,31863.0,,,,
2401,8000,7215,1.6544,-0.0068,3.2536,5.416,0.0095,0.06,7.22,0.94,0.0,519.0,271,222,26,52,43,5,505.0,0.01,9.6e-05,30638.0,,,,
2402,8000,7232,1.5389,-0.0118,3.0371,5.613,0.0074,0.05,4.36,0.96,0.0,394.0,146,212,36,37,54,9,665.0,0.02,9.6e-05,31718.0,,,,
2403,8000,7248,1.5166,0.0036,2.963,5.677,0.0079,0.05,6.26,0.96,0.0,358.0,126,195,37,35,54,10,732.0,0.03,9.6e-05,31776.0,,,,
2404,8000,7265,1.479,0.0031,2.8915,5.746,0.0046,0.03,8.54,0.96,0.0,311.0,109,152,50,35,49,16,843.0,0.04,9.5e-05,31787.0,,,,
2405,8000,7281,1.4827,0.0039,2.9046,5.715,0.0065,0.04,5.23,0.96,0.0,387.0,176,118,93,45,30,24,677.0,0.06,9.5e-05,31689.0,,,,
2406,8000,7298,1.5152,0.0098,2.9542,5.582,0.0069,0.04,6.11,0.96,0.0,446.0,197,152,97,44,34,22,588.0,0.05,9.5e-05,31692.0,,,,
2407,8000,7315,1.4961,0.0012,2.9291,5.629,0.0066,0.04,6.0,0.96,0.0,382.0,165,145,72,43,38,19,686.0,0.03,9.5e-05,31719.0,,,,
2408,8000,7331,1.4627,0.0013,2.8623,5.738,0.0067,0.04,8.16,0.97,0.0,318.0,100,162,56,31,51,18,824.0,0.03,9.5e-05,31788.0,,,,
2409,8000,7348,1.4313,0.0114,2.7853,5.852,0.0053,0.03,6.73,0.98,0.0,266.0,93,104,69,35,39,26,986.0,0.03,9.5e-05,31711.0,,,,
2410,8000,7364,1.4254,0.0096,2.7807,5.831,0.0057,0.04,5.25,0.98,0.0,307.0,74,142,91,24,46,30,854.0,0.02,9.5e-05,31710.0,,,,
2411,8000,7381,1.4822,0.0161,2.8798,5.735,0.0073,0.05,6.21,0.97,0.0,358.0,117,144,97,33,40,27,732.0,0.01,9.5e-05,31721.0,,,,
2412,8000,7397,1.4751,0.0173,2.8633,5.718,0.0085,0.05,4.24,0.97,0.0,371.0,130,145,96,35,39,26,707.0,0.01,9.5e-05,31738.0,,,,
2413,8000,7414,1.4674,0.0138,2.8516,5.74,0.007,0.04,5.83,0.97,0.0,357.0,131,151,75,37,42,21,734.0,0.01,9.5e-05,31758.0,,,,
2414,8000,7431,1.5005,0.0128,2.9193,5.685,0.0058,0.04,6.14,0.96,0.0,329.0,127,135,67,39,41,20,797.0,0.01,9.5e-05,31716.0,,,,
2415,8000,7447,1.5266,0.016,2.9701,5.6,0.0072,0.05,5.12,0.96,0.0,414.0,167,155,92,40,37,22,633.0,0.01,9.5e-05,31706.0,,,,
2416,8000,7464,1.5129,0.0169,2.9356,5.646,0.0079,0.05,4.4,0.96,0.0,412.0,188,149,75,46,36,18,636.0,0.02,9.5e-05,31714.0,,,,
2417,8000,7480,1.5245,0.0221,2.9448,5.606,0.0107,0.06,5.9,0.96,0.0,377.0,175,142,60,46,38,16,695.0,0.02,9.5e-05,31789.0,,,,
2418,8000,7497,1.5515,0.0142,3.0125,5.573,0.01,0.05,5.35,0.95,0.0,403.0,176,176,51,44,44,13,650.0,0.02,9.5e-05,31778.0,,,,
2419,8000,7514,1.5644,0.018,3.0322,5.475,0.0085,0.05,4.52,0.95,0.0,439.0,171,182,86,39,41,20,597.0,0.02,9.5e-05,31697.0,,,,
2420,8000,7530,1.6269,0.0177,3.1558,5.359,0.0088,0.06,6.06,0.94,0.0,532.0,216,229,87,41,43,16,493.0,0.02,9.5e-05,31722.0,,,,
2421,8000,7547,1.5795,0.0025,3.0913,5.541,0.0105,0.06,6.05,0.93,0.0,485.0,225,205,55,46,42,11,541.0,0.01,9.5e-05,30697.0,,,,
2422,8000,7564,1.5297,0.0072,2.9841,5.618,0.0078,0.05,5.38,0.95,0.0,366.0,162,142,62,44,39,17,716.0,0.02,9.5e-05,31763.0,,,,
2423,8000,7580,1.4948,0.0131,2.9029,5.688,0.009,0.05,5.66,0.96,0.0,311.0,132,127,52,42,41,17,843.0,0.03,9.5e-05,31752.0,,,,
2424,8000,7597,1.5677,0.0181,3.039,5.565,0.0055,0.04,12.06,0.95,0.0,369.0,136,163,70,37,44,19,710.0,0.03,9.5e-05,31765.0,,,,
2425,8000,7614,1.5678,0.008,3.0662,5.575,0.0061,0.05,6.48,0.95,0.0,443.0,168,174,101,38,39,23,592.0,0.03,9.5e-05,31806.0,,,,
2426,8000,7630,1.5982,0.014,3.1079,5.506,0.0091,0.07,4.88,0.95,0.0,477.0,193,218,66,40,46,14,550.0,0.03,9.5e-05,31829.0,,,,
2427,8000,7647,1.6373,0.0251,3.1583,5.395,0.0083,0.06,5.67,0.94,0.0,485.0,189,251,45,39,52,9,541.0,0.04,9.4e-05,31795.0,,,,
2428,8000,7663,1.6223,0.0166,3.1452,5.416,0.007,0.05,9.8,0.94,0.0,488.0,185,255,48,38,52,10,537.0,0.06,9.4e-05,31756.0,,,,
2429,8000,7680,1.6638,0.0108,3.2409,5.366,0.0088,0.06,8.8,0.93,0.0,539.0,191,290,58,35,54,11,486.0,0.09,9.4e-05,31754.0,,,,
2430,8000,7696,1.6494,0.013,3.2075,5.365,0.0102,0.07,5.63,0.94,0.0,608.0,226,326,56,37,54,9,431.0,0.1,9.4e-05,31825.0,,,,
2431,8000,7713,1.6713,-0.0016,3.2801,5.373,0.0077,0.05,7.35,0.94,0.0,628.0,265,319,44,42,51,7,417.0,0.09,9.4e-05,31751.0,,,,
2432,8000,7730,1.6742,-0.012,3.3071,5.351,0.0065,0.05,12.85,0.95,0.0,655.0,247,358,50,38,55,8,400.0,0.06,9.4e-05,31746.0,,,,
2433,8000,7746,1.6378,-0.0033,3.2159,5.447,0.0099,0.07,5.04,0.95,0.0,608.0,250,321,37,41,53,6,431.0,0.04,9.4e-05,31766.0,,,,
2434,8000,7763,1.628,0.0112,3.1653,5.483,0.01,0.06,4.34,0.95,0.0,538.0,225,288,25,42,54,5,487.0,0.04,9.4e-05,31726.0,,,,
2435,8000,7779,1.6127,0.0158,3.1267,5.536,0.0076,0.05,6.48,0.96,0.0,439.0,197,219,23,45,50,5,597.0,0.03,9.4e-05,31828.0,,,,
2436,8000,7796,1.5952,0.0167,3.0908,5.517,0.0071,0.05,6.87,0.96,0.0,482.0,199,241,42,41,50,9,544.0,0.02,9.4e-05,31736.0,,,,
2437,8000,7812,1.6383,0.0192,3.1736,5.404,0.0118,0.06,5.02,0.95,0.0,564.0,224,271,69,40,48,12,465.0,0.01,9.4e-05,31824.0,,,,
2438,8000,7829,1.6675,0.0127,3.2419,5.307,0.0087,0.06,7.44,0.95,0.0,672.0,274,347,51,41,52,8,390.0,0.01,9.4e-05,31747.0,,,,
2439,8000,7846,1.6596,0.0171,3.2147,5.26,0.0105,0.07,5.02,0.95,0.0,594.0,254,306,34,43,52,6,441.0,0.02,9.4e-05,31765.0,,,,
2440,8000,7862,1.6779,0.0121,3.2604,5.173,0.0108,0.07,5.5,0.95,0.0,635.0,274,334,27,43,53,4,413.0,0.02,9.4e-05,31800.0,,,,
2441,8000,7879,1.7498,0.0328,3.3616,5.091,0.0081,0.06,10.19,0.94,0.0,670.0,327,330,13,49,49,2,391.0,0.02,9.4e-05,30588.0,,,,
2442,8000,7896,1.7065,0.0149,3.3123,5.137,0.0082,0.06,8.29,0.93,0.0,615.0,290,308,17,47,50,3,426.0,0.03,9.4e-05,31726.0,,,,
2443,8000,7913,1.6577,0.0127,3.2203,5.224,0.0091,0.06,5.18,0.92,0.0,559.0,260,275,24,47,49,4,469.0,0.05,9.4e-05,31730.0,,,,
2444,8000,7929,1.6005,0.0145,3.1024,5.33,0.0079,0.06,5.35,0.94,0.0,431.0,186,231,14,43,54,3,608.0,0.05,9.4e-05,31776.0,,,,
2445,8000,7946,1.6197,0.0176,3.1363,5.288,0.0083,0.06,4.89,0.94,0.0,485.0,197,230,58,41,47,12,541.0,0.07,9.4e-05,31737.0,,,,
2446,8000,7962,1.6273,0.0239,3.1389,5.155,0.0103,0.06,4.4,0.93,0.0,573.0,241,270,62,42,47,11,457.0,0.04,9.4e-05,31785.0,,,,
2447,8000,7979,1.6619,0.0215,3.2116,5.148,0.0112,0.07,4.9,0.93,0.0,642.0,296,291,55,46,45,9,408.0,0.04,9.4e-05,31732.0,,,,
2448,8000,7995,1.6309,0.0211,3.1508,5.18,0.0113,0.07,5.9,0.94,0.0,598.0,265,294,39,44,49,7,438.0,0.06,9.4e-05,31779.0,,,,
2449,8000,8012,1.5937,0.0096,3.1014,5.203,0.0069,0.05,7.74,0.95,0.0,525.0,268,206,51,51,39,10,499.0,0.05,9.4e-05,31740.0,104,5,403,20
2450,8000,8044,1.5663,0.0041,3.0553,5.259,0.009,0.06,5.56,0.95,0.0,531.0,271,218,42,51,41,8,494.0,0.05,9.4e-05,31879.0,,,,
2451,8000,8060,1.6165,0.0103,3.1437,5.116,0.0096,0.06,7.4,0.95,0.0,556.0,260,248,48,47,45,9,471.0,0.03,9.3e-05,31793.0,,,,
2452,8000,8077,1.6309,0.0168,3.1576,5.1,0.0125,0.07,6.23,0.95,0.0,640.0,339,247,54,53,39,8,410.0,0.02,9.3e-05,31736.0,,,,
2453,8000,8093,1.6157,0.0186,3.1256,5.195,0.0119,0.07,4.8,0.96,0.0,600.0,314,249,37,52,42,6,437.0,0.02,9.3e-05,31742.0,,,,
2454,8000,8110,1.6187,0.0046,3.1592,5.245,0.0087,0.06,9.88,0.96,0.0,556.0,303,227,26,54,41,5,471.0,0.03,9.3e-05,31775.0,,,,
2455,8000,8127,1.6284,0.0213,3.1436,5.165,0.0118,0.07,4.92,0.95,0.0,557.0,288,244,25,52,44,4,471.0,0.04,9.3e-05,31763.0,,,,
2456,8000,8143,1.5796,0.016,3.0592,5.29,0.0092,0.06,5.94,0.95,0.0,462.0,205,216,41,44,47,9,567.0,0.04,9.3e-05,31761.0,,,,
2457,8000,8160,1.5755,0.0077,3.0688,5.392,0.0079,0.06,5.57,0.94,0.0,445.0,191,213,41,43,48,9,589.0,0.02,9.3e-05,31783.0,,,,
2458,8000,8176,1.5112,0.002,2.953,5.473,0.0085,0.05,4.72,0.95,0.0,398.0,149,201,48,37,51,12,659.0,0.01,9.3e-05,31742.0,,,,
2459,8000,8193,1.5157,0.0117,2.9451,5.48,0.0106,0.06,4.99,0.95,0.0,402.0,145,199,58,36,50,14,652.0,0.02,9.3e-05,31758.0,,,,
2460,8000,8210,1.501,0.0068,2.9287,5.438,0.0126,0.07,4.41,0.95,0.0,399.0,137,185,77,34,46,19,657.0,0.01,9.3e-05,31765.0,,,,
2461,8000,8227,1.5757,-0.0155,3.1183,5.531,0.0123,0.06,6.05,0.93,0.0,501.0,205,241,55,41,48,11,523.0,0.01,9.3e-05,30625.0,,,,
2462,8000,8243,1.4896,-0.0234,2.963,5.646,0.0088,0.06,4.49,0.94,0.0,424.0,158,223,43,37,53,10,618.0,0.03,9.3e-05,31760.0,,,,
2463,8000,8260,1.4598,-0.0238,2.9057,5.681,0.0072,0.04,6.4,0.95,0.0,349.0,148,141,60,42,40,17,751.0,0.03,9.3e-05,31747.0,,,,
2464,8000,8276,1.4796,-0.0125,2.9212,5.579,0.0115,0.06,3.5,0.95,0.0,401.0,179,162,60,45,40,15,654.0,0.08,9.3e-05,31820.0,,,,
2465,8000,8293,1.533,-0.0163,3.0325,5.533,0.0097,0.06,8.65,0.94,0.0,422.0,175,182,65,41,43,15,621.0,0.15,9.3e-05,31819.0,,,,
2466,8000,8310,1.492,0.0027,2.913,5.547,0.0098,0.06,4.42,0.95,0.0,386.0,187,149,50,48,39,13,679.0,0.16,9.3e-05,31807.0,,,,
2467,8000,8326,1.4889,0.0043,2.9044,5.557,0.0121,0.06,5.34,0.95,0.0,291.0,137,107,47,47,37,16,901.0,0.15,9.3e-05,31772.0,,,,
2468,8000,8343,1.4826,0.0012,2.8986,5.523,0.0098,0.06,4.0,0.95,0.0,321.0,127,138,56,40,43,17,817.0,0.12,9.3e-05,31748.0,,,,
2469,8000,8359,1.4936,0.0061,2.9108,5.419,0.0099,0.06,4.66,0.95,0.0,325.0,117,127,81,36,39,25,807.0,0.09,9.3e-05,31738.0,,,,
2470,8000,8376,1.466,0.0077,2.8499,5.536,0.0101,0.06,4.88,0.95,0.0,339.0,120,134,85,35,40,25,773.0,0.06,9.3e-05,31748.0,,,,
2471,8000,8392,1.4598,0.023,2.8056,5.63,0.0111,0.06,3.24,0.96,0.0,269.0,109,114,46,41,42,17,975.0,0.08,9.3e-05,31755.0,,,,
2472,8000,8409,1.4786,0.0189,2.852,5.583,0.01,0.06,2.63,0.94,0.0,296.0,86,153,57,29,52,19,886.0,0.06,9.3e-05,31769.0,,,,
2473,8000,8426,1.4639,0.0243,2.8111,5.525,0.0099,0.06,3.16,0.95,0.0,302.0,98,148,56,32,49,19,868.0,0.03,9.3e-05,31766.0,,,,
2474,8000,8442,1.4427,0.0235,2.7719,5.712,0.0079,0.05,3.71,0.96,0.0,256.0,77,123,56,30,48,22,1024.0,0.02,9.3e-05,31757.0,,,,
2475,8000,8459,1.4251,0.0283,2.7301,5.773,0.0083,0.06,3.13,0.96,0.0,251.0,68,131,52,27,52,21,1044.0,0.02,9.2e-05,31768.0,,,,
2476,8000,8475,1.4384,0.0277,2.7583,5.641,0.0088,0.06,3.7,0.96,0.0,259.0,78,113,68,30,44,26,1012.0,0.04,9.2e-05,31824.0,,,,
2477,8000,8492,1.4819,0.0229,2.8555,5.522,0.0109,0.07,3.26,0.94,0.0,341.0,93,158,90,27,46,26,769.0,0.03,9.2e-05,31817.0,,,,
2478,8000,8508,1.5404,0.0287,2.9579,5.413,0.0088,0.07,3.51,0.93,0.0,342.0,129,157,56,38,46,16,767.0,0.03,9.2e-05,31824.0,,,,
2479,8000,8525,1.6091,0.0349,3.0811,5.159,0.0089,0.07,4.31,0.93,0.0,443.0,172,214,57,39,48,13,592.0,0.03,9.2e-05,31813.0,,,,
2480,8000,8541,1.6135,0.0264,3.1021,5.07,0.0081,0.06,5.26,0.93,0.0,408.0,206,171,31,50,42,8,643.0,0.04,9.2e-05,31747.0,,,,
2481,8000,8559,1.634,0.0319,3.1351,5.187,0.0112,0.08,3.85,0.92,0.0,494.0,231,224,39,47,45,8,531.0,0.03,9.2e-05,30636.0,,,,
2482,8000,8575,1.6165,0.0256,3.1105,5.185,0.0104,0.08,3.81,0.92,0.0,402.0,215,167,20,53,42,5,652.0,0.06,9.2e-05,31771.0,,,,
2483,8000,8592,1.6049,0.024,3.0918,5.264,0.0108,0.07,3.92,0.92,0.0,413.0,221,177,15,54,43,4,635.0,0.06,9.2e-05,31776.0,,,,
2484,8000,8608,1.6085,0.0274,3.0931,5.287,0.0074,0.06,5.38,0.91,0.0,394.0,187,189,18,47,48,5,665.0,0.05,9.2e-05,31776.0,,,,
2485,8000,8625,1.594,0.0223,3.0769,5.333,0.0105,0.07,3.51,0.91,0.0,431.0,192,180,59,45,42,14,608.0,0.05,9.2e-05,31760.0,,,,
2486,8000,8641,1.5536,0.0171,3.0057,5.478,0.0075,0.06,4.41,0.91,0.0,383.0,187,168,28,49,44,7,684.0,0.04,9.2e-05,31768.0,,,,
2487,8000,8658,1.5409,0.0162,2.9827,5.531,0.0084,0.06,3.45,0.91,0.0,364.0,171,166,27,47,46,7,720.0,0.05,9.2e-05,31771.0,,,,
2488,8000,8674,1.5594,0.0195,3.0149,5.512,0.0085,0.06,4.95,0.91,0.0,371.0,153,173,45,41,47,12,707.0,0.07,9.2e-05,31760.0,,,,
2489,8000,8691,1.6031,0.0147,3.1112,5.406,0.0063,0.05,6.55,0.91,0.0,456.0,191,207,58,42,45,13,575.0,0.05,9.2e-05,31761.0,,,,
2490,8000,8708,1.6342,0.018,3.164,5.24,0.0099,0.07,4.23,0.91,0.0,531.0,209,284,38,39,53,7,494.0,0.03,9.2e-05,31760.0,,,,
2491,8000,8724,1.6478,0.0192,3.1882,5.301,0.0087,0.06,6.15,0.91,0.0,525.0,208,280,37,40,53,7,499.0,0.03,9.2e-05,31767.0,,,,
2492,8000,8741,1.6367,0.0262,3.1511,5.296,0.0096,0.07,4.94,0.91,0.0,532.0,225,282,25,42,53,5,493.0,0.02,9.2e-05,31739.0,,,,
2493,8000,8757,1.6174,0.0168,3.1323,5.354,0.008,0.06,5.59,0.91,0.0,460.0,181,260,19,39,57,4,570.0,0.03,9.2e-05,31768.0,,,,
2494,8000,8774,1.6098,0.0251,3.1016,5.364,0.0088,0.06,3.9,0.91,0.0,470.0,178,262,30,38,56,6,558.0,0.04,9.2e-05,31762.0,,,,
2495,8000,8790,1.5511,0.0223,2.9933,5.454,0.0081,0.06,4.66,0.93,0.0,430.0,174,200,56,40,47,13,610.0,0.02,9.2e-05,31775.0,,,,
2496,8000,8807,1.5004,0.0222,2.8936,5.592,0.0069,0.05,5.03,0.94,0.0,379.0,132,193,54,35,51,14,692.0,0.01,9.2e-05,31743.0,,,,
2497,8000,8824,1.5127,0.022,2.9191,5.579,0.0095,0.06,3.61,0.93,0.0,406.0,169,169,68,42,42,17,646.0,0.02,9.2e-05,31756.0,,,,
2498,8000,8840,1.5254,0.0281,2.931,5.609,0.0086,0.05,4.43,0.94,0.0,383.0,154,174,55,40,45,14,684.0,0.04,9.2e-05,31828.0,,,,
2499,8000,8857,1.5574,0.0221,3.0073,5.507,0.0096,0.06,4.09,0.93,0.0,463.0,184,204,75,40,44,16,566.0,0.02,9.2e-05,31744.0,137,11,364,27
2500,8000,8889,1.5761,0.0243,3.0382,5.398,0.0083,0.06,5.55,0.93,0.0,472.0,216,204,52,46,43,11,555.0,0.02,9.1e-05,31916.0,,,,
2501,8000,8906,1.5686,0.0304,3.0118,5.456,0.0103,0.07,4.61,0.92,0.0,432.0,162,194,76,38,45,18,607.0,0.01,9.1e-05,30599.0,,,,
2502,8000,8922,1.4968,0.03,2.8702,5.727,0.0078,0.05,3.93,0.93,0.0,291.0,117,109,65,40,37,22,901.0,0.01,9.1e-05,31749.0,,,,
2503,8000,8939,1.4687,0.0388,2.7987,5.761,0.0069,0.05,3.79,0.95,0.0,292.0,104,106,82,36,36,28,898.0,0.02,9.1e-05,31780.0,,,,
2504,8000,8955,1.4467,0.031,2.7671,5.738,0.0104,0.06,3.87,0.95,0.0,254.0,99,94,61,39,37,24,1032.0,0.04,9.1e-05,31771.0,,,,
2505,8000,8972,1.4902,0.0368,2.8473,5.653,0.0091,0.06,3.33,0.95,0.0,389.0,149,114,126,38,29,32,674.0,0.06,9.1e-05,31768.0,,,,
2506,8000,8989,1.4941,0.0283,2.8696,5.589,0.0088,0.06,3.42,0.95,0.0,374.0,157,130,87,42,35,23,701.0,0.05,9.1e-05,31706.0,,,,
2507,8000,9005,1.5351,0.0187,2.971,5.517,0.0091,0.07,3.99,0.93,0.0,397.0,172,151,74,43,38,19,660.0,0.06,9.1e-05,31692.0,,,,
2508,8000,9022,1.5588,0.0197,3.0134,5.475,0.0089,0.07,3.56,0.93,0.0,451.0,217,175,59,48,39,13,581.0,0.04,9.1e-05,31695.0,,,,
2509,8000,9038,1.6063,0.0251,3.096,5.426,0.0079,0.06,5.62,0.92,0.0,472.0,212,205,55,45,43,12,555.0,0.05,9.1e-05,31777.0,,,,
2510,8000,9055,1.6006,0.0255,3.083,5.398,0.0084,0.06,3.79,0.94,0.0,476.0,242,194,40,51,41,8,551.0,0.05,9.1e-05,31729.0,,,,
2511,8000,9072,1.611,0.015,3.1242,5.383,0.0092,0.06,4.53,0.93,0.0,499.0,240,220,39,48,44,8,525.0,0.05,9.1e-05,31780.0,,,,
2512,8000,9088,1.6454,0.0256,3.1703,5.328,0.0101,0.07,4.37,0.93,0.0,526.0,276,226,24,52,43,5,498.0,0.05,9.1e-05,31713.0,,,,
2513,8000,9105,1.6723,0.0199,3.2358,5.242,0.0086,0.07,3.74,0.93,0.0,582.0,297,261,24,51,45,4,450.0,0.06,9.1e-05,31787.0,,,,
2514,8000,9121,1.7421,0.026,3.3622,5.139,0.0088,0.07,4.86,0.92,0.0,702.0,325,351,26,46,50,4,373.0,0.06,9.1e-05,31738.0,,,,
2515,8000,9138,1.7227,0.0301,3.3136,5.055,0.0108,0.08,3.42,0.93,0.0,655.0,319,318,18,49,49,3,400.0,0.03,9.1e-05,31757.0,,,,
2516,8000,9155,1.783,0.0329,3.4281,5.013,0.0096,0.08,3.64,0.92,0.0,757.0,363,377,17,48,50,2,346.0,0.04,9.1e-05,31723.0,,,,
2517,8000,9171,1.728,0.0176,3.3488,5.074,0.0094,0.07,4.48,0.93,0.0,689.0,336,330,23,49,48,3,380.0,0.04,9.1e-05,31724.0,,,,
2518,8000,9188,1.7101,0.0126,3.3246,5.16,0.011,0.08,3.22,0.94,0.0,678.0,337,314,27,50,46,4,387.0,0.05,9.1e-05,31713.0,,,,
2519,8000,9204,1.6954,0.0204,3.28,5.273,0.0094,0.07,4.2,0.93,0.0,609.0,314,277,18,52,45,3,430.0,0.05,9.1e-05,31735.0,,,,
2520,8000,9221,1.657,0.0181,3.2093,5.341,0.0078,0.06,4.82,0.94,0.0,554.0,255,268,31,46,48,6,473.0,0.06,9.1e-05,31719.0,,,,
2521,8000,9238,1.7024,0.0311,3.274,5.311,0.0121,0.07,5.52,0.93,0.0,528.0,269,230,29,51,44,5,496.0,0.05,9.1e-05,30668.0,,,,
2522,8000,9255,1.6058,0.0238,3.0968,5.38,0.0086,0.06,11.14,0.95,0.0,454.0,172,242,40,38,53,9,577.0,0.04,9.1e-05,31733.0,,,,
2523,8000,9271,1.6291,0.0175,3.1564,5.352,0.0067,0.05,8.79,0.94,0.0,495.0,206,231,58,42,47,12,530.0,0.01,9.1e-05,31794.0,,,,
2524,8000,9288,1.6292,0.0181,3.1554,5.386,0.0087,0.06,5.34,0.95,0.0,521.0,233,243,45,45,47,9,503.0,0.01,9.1e-05,31784.0,,,,
2525,8000,9304,1.6857,0.0194,3.2667,5.347,0.007,0.05,11.4,0.95,0.0,562.0,252,257,53,45,46,9,466.0,0.01,9e-05,31793.0,,,,
2526,8000,9321,1.663,0.0251,3.21,5.339,0.0101,0.06,4.87,0.95,0.0,609.0,269,272,68,44,45,11,430.0,0.03,9e-05,31752.0,,,,
2527,8000,9337,1.6598,0.0261,3.2004,5.31,0.0122,0.07,4.02,0.95,0.0,621.0,289,294,38,47,47,6,422.0,0.02,9e-05,31787.0,,,,
2528,8000,9354,1.6349,0.0218,3.1596,5.313,0.0088,0.06,4.64,0.95,0.0,582.0,279,261,42,48,45,7,450.0,0.01,9e-05,31740.0,,,,
2529,8000,9371,1.6321,0.0138,3.1716,5.379,0.0085,0.06,5.65,0.95,0.0,617.0,266,310,41,43,50,7,425.0,0.02,9e-05,31714.0,,,,
2530,8000,9387,1.6062,0.0203,3.1044,5.416,0.0093,0.06,3.93,0.96,0.0,533.0,252,253,28,47,47,5,492.0,0.03,9e-05,31732.0,,,,
2531,8000,9404,1.6196,0.0137,3.1444,5.313,0.011,0.06,4.55,0.96,0.0,549.0,263,250,36,48,46,7,477.0,0.03,9e-05,31779.0,,,,
2532,8000,9420,1.6265,0.0068,3.1729,5.314,0.009,0.06,4.37,0.95,0.0,607.0,301,272,34,50,45,6,432.0,0.02,9e-05,31743.0,,,,
2533,8000,9437,1.598,0.0009,3.1314,5.342,0.0098,0.06,4.46,0.96,0.0,584.0,282,252,50,48,43,9,449.0,0.03,9e-05,31762.0,,,,
2534,8000,9453,1.6282,0.0021,3.187,5.278,0.0089,0.06,4.71,0.96,0.0,612.0,277,297,38,45,49,6,428.0,0.04,9e-05,31767.0,,,,
2535,8000,9470,1.6206,0.0071,3.1646,5.341,0.0097,0.07,3.82,0.96,0.0,592.0,282,271,39,48,46,7,443.0,0.02,9e-05,31724.0,,,,
2536,8000,9487,1.6526,0.0102,3.2209,5.28,0.0096,0.07,3.78,0.95,0.0,650.0,284,322,44,44,50,7,403.0,0.03,9e-05,31790.0,,,,
2537,8000,9503,1.6186,0.004,3.1659,5.292,0.0095,0.07,3.68,0.96,0.0,601.0,287,278,36,48,46,6,436.0,0.03,9e-05,31728.0,,,,
2538,8000,9520,1.6155,0.0107,3.1466,5.352,0.008,0.06,5.03,0.96,0.0,552.0,272,245,35,49,44,6,475.0,0.04,9e-05,31728.0,,,,
2539,8000,9536,1.6345,0.0113,3.1862,5.236,0.0085,0.06,4.49,0.96,0.0,601.0,272,278,51,45,46,8,436.0,0.05,9e-05,31732.0,,,,
2540,8000,9553,1.66,0.017,3.221,5.248,0.0083,0.06,5.83,0.96,0.0,565.0,280,252,33,50,45,6,464.0,0.05,9e-05,31738.0,,,,
2541,8000,9570,1.7889,0.0302,3.45,5.14,0.0134,0.08,5.72,0.93,0.0,672.0,277,350,45,41,52,7,390.0,0.04,9e-05,30656.0,,,,
2542,8000,9587,1.7605,0.0242,3.4032,5.15,0.0111,0.07,3.56,0.92,0.0,679.0,275,374,30,41,55,4,386.0,0.03,9e-05,31815.0,,,,
2543,8000,9603,1.6832,0.025,3.2495,5.274,0.0099,0.07,4.23,0.94,0.0,577.0,227,311,39,39,54,7,454.0,0.04,9e-05,31706.0,,,,
2544,8000,9620,1.6453,0.0273,3.1697,5.325,0.0082,0.06,4.97,0.94,0.0,547.0,223,279,45,41,51,8,479.0,0.03,9e-05,31692.0,,,,
2545,8000,9636,1.6192,0.0307,3.1093,5.423,0.0096,0.06,4.84,0.94,0.0,518.0,203,277,38,39,53,7,506.0,0.03,9e-05,31710.0,,,,
2546,8000,9653,1.5936,0.021,3.0803,5.419,0.0081,0.06,4.35,0.94,0.0,486.0,201,222,63,41,46,13,539.0,0.01,9e-05,31787.0,,,,
2547,8000,9670,1.5836,0.0171,3.0696,5.427,0.0119,0.07,4.08,0.94,0.0,463.0,207,189,67,45,41,14,566.0,0.02,9e-05,31725.0,,,,
2548,8000,9686,1.5685,0.0073,3.0591,5.45,0.0086,0.06,4.37,0.94,0.0,445.0,190,187,68,43,42,15,589.0,0.02,9e-05,31744.0,,,,
2549,8000,9703,1.5778,0.0121,3.069,5.476,0.0072,0.05,6.16,0.95,0.0,460.0,179,213,68,39,46,15,570.0,0.02,9e-05,31761.0,163,3,346,32
2550,8000,9735,1.5699,0.0144,3.0467,5.493,0.009,0.06,4.79,0.94,0.0,468.0,188,222,58,40,47,12,560.0,0.02,8.9e-05,31905.0,,,,
2551,8000,9751,1.5505,0.0227,2.9902,5.531,0.008,0.05,4.51,0.96,0.0,449.0,201,200,48,45,45,11,584.0,0.02,8.9e-05,31757.0,,,,
2552,8000,9768,1.5373,0.0191,2.9725,5.515,0.0077,0.05,4.12,0.96,0.0,451.0,203,191,57,45,42,13,581.0,0.02,8.9e-05,31738.0,,,,
2553,8000,9784,1.5837,0.0367,3.0289,5.409,0.0099,0.06,4.57,0.96,0.0,499.0,241,204,54,48,41,11,525.0,0.01,8.9e-05,31735.0,,,,
2554,8000,9801,1.6462,0.0337,3.1572,5.252,0.009,0.06,6.02,0.95,0.0,562.0,249,254,59,44,45,10,466.0,0.02,8.9e-05,31724.0,,,,
2555,8000,9818,1.6879,0.0238,3.2601,5.188,0.0092,0.06,5.15,0.94,0.0,626.0,298,286,42,48,46,7,419.0,0.03,8.9e-05,31737.0,,,,
2556,8000,9834,1.7219,0.0231,3.3266,4.973,0.0112,0.07,5.49,0.93,0.0,737.0,310,386,41,42,52,6,356.0,0.03,8.9e-05,31727.0,,,,
2557,8000,9851,1.7229,0.0364,3.3014,5.014,0.0123,0.07,5.13,0.93,0.0,731.0,360,342,29,49,47,4,359.0,0.01,8.9e-05,31752.0,,,,
2558,8000,9867,1.6977,0.0229,3.2796,5.174,0.009,0.06,5.34,0.93,0.0,656.0,318,311,27,48,47,4,400.0,0.01,8.9e-05,31736.0,,,,
2559,8000,9884,1.6714,0.013,3.2471,5.188,0.0092,0.06,5.36,0.93,0.0,578.0,271,278,29,47,48,5,454.0,0.02,8.9e-05,31708.0,,,,
2560,8000,9901,1.6325,0.0164,3.1639,5.171,0.0099,0.06,5.94,0.95,0.0,572.0,255,282,35,45,49,6,458.0,0.02,8.9e-05,31730.0,,,,
2561,8000,9918,1.7014,0.0263,3.2846,5.182,0.013,0.07,6.98,0.93,0.0,595.0,257,291,47,43,49,8,441.0,0.02,8.9e-05,30632.0,,,,
2562,8000,9934,1.7224,0.0353,3.3096,5.171,0.0141,0.07,4.16,0.91,0.0,700.0,313,323,64,45,46,9,374.0,0.01,8.9e-05,31721.0,,,,
2563,8000,9951,1.7113,0.0237,3.3094,5.146,0.0127,0.06,5.53,0.91,0.0,774.0,398,312,64,51,40,8,339.0,0.01,8.9e-05,31725.0,,,,
2564,8000,9968,1.6962,0.0301,3.2665,5.188,0.0117,0.07,5.7,0.91,0.0,728.0,375,300,53,52,41,7,360.0,0.01,8.9e-05,31687.0,,,,
2565,8000,9984,1.6405,0.0334,3.1459,5.277,0.0112,0.06,5.85,0.92,0.0,601.0,312,257,32,52,43,5,436.0,0.0,8.9e-05,31676.0,,,,
2566,8000,10001,1.6112,0.0277,3.1023,5.331,0.01,0.06,4.82,0.94,0.0,537.0,248,234,55,46,44,10,488.0,0.01,8.9e-05,31744.0,,,,
2567,8000,10017,1.5708,0.0151,3.0493,5.385,0.0094,0.06,4.62,0.94,0.0,487.0,212,224,51,44,46,10,538.0,0.01,8.9e-05,31677.0,,,,
2568,8000,10034,1.5766,0.0091,3.0772,5.382,0.0078,0.05,5.58,0.95,0.0,491.0,196,213,82,40,43,17,534.0,0.01,8.9e-05,31673.0,,,,
2569,8000,10051,1.5884,0.0101,3.095,5.316,0.0102,0.06,4.25,0.95,0.0,520.0,223,230,67,43,44,13,504.0,0.02,8.9e-05,31658.0,,,,
2570,8000,10067,1.6043,0.005,3.1387,5.302,0.0089,0.06,4.74,0.94,0.0,571.0,260,240,71,46,42,12,459.0,0.03,8.9e-05,31743.0,,,,
2571,8000,10084,1.6386,0.0085,3.196,5.204,0.0089,0.06,8.08,0.93,0.0,557.0,251,260,46,45,47,8,471.0,0.03,8.9e-05,31719.0,,,,
2572,8000,10100,1.6334,0.0059,3.1911,5.268,0.0089,0.06,4.75,0.93,0.0,630.0,300,280,50,48,44,8,416.0,0.03,8.9e-05,31676.0,,,,
2573,8000,10117,1.5897,0.0147,3.089,5.411,0.0069,0.05,4.88,0.94,0.0,500.0,209,244,47,42,49,9,524.0,0.02,8.9e-05,31686.0,,,,
2574,8000,10134,1.5749,0.0166,3.055,5.481,0.0093,0.05,4.23,0.95,0.0,502.0,193,257,52,38,51,10,522.0,0.01,8.9e-05,31705.0,,,,
2575,8000,10150,1.5568,0.0116,3.0257,5.45,0.0082,0.05,5.22,0.95,0.0,430.0,165,234,31,38,54,7,610.0,0.01,8.9e-05,31727.0,,,,
2576,8000,10167,1.5867,0.012,3.0895,5.382,0.006,0.04,6.42,0.95,0.0,487.0,183,233,71,38,48,15,538.0,0.01,8.8e-05,31687.0,,,,
2577,8000,10183,1.5884,0.0046,3.1041,5.262,0.0066,0.05,8.41,0.95,0.0,494.0,176,244,74,36,49,15,531.0,0.0,8.8e-05,31689.0,,,,
2578,8000,10200,1.6083,0.0099,3.1302,5.273,0.0049,0.04,11.73,0.95,0.0,473.0,193,230,50,41,49,11,554.0,0.01,8.8e-05,31686.0,,,,
2579,8000,10217,1.5717,0.0108,3.0548,5.399,0.0077,0.05,11.09,0.96,0.0,428.0,173,208,47,40,49,11,612.0,0.01,8.8e-05,31671.0,,,,
2580,8000,10233,1.5678,0.0046,3.0604,5.323,0.008,0.06,8.56,0.95,0.0,438.0,170,218,50,39,50,11,599.0,0.02,8.8e-05,31683.0,,,,
2581,8000,10250,1.6237,0.0107,3.1594,5.415,0.0083,0.05,11.81,0.94,0.0,421.0,193,182,46,46,43,11,623.0,0.04,8.8e-05,30668.0,,,,
2582,8000,10267,1.5708,0.007,3.0624,5.485,0.0111,0.07,5.18,0.94,0.0,418.0,161,209,48,39,50,11,627.0,0.05,8.8e-05,31730.0,,,,
2583,8000,10283,1.6108,0.0024,3.153,5.315,0.0144,0.09,4.23,0.93,0.0,487.0,187,255,45,38,52,9,538.0,0.06,8.8e-05,31750.0,,,,
2584,8000,10300,1.6371,0.0039,3.1987,5.228,0.0125,0.09,4.66,0.92,0.0,512.0,226,258,28,44,50,5,512.0,0.05,8.8e-05,31707.0,,,,
2585,8000,10317,1.6773,0.0084,3.2692,5.161,0.0143,0.09,3.99,0.88,0.0,587.0,271,286,30,46,49,5,447.0,0.04,8.8e-05,31714.0,,,,
2586,8000,10333,1.6623,0.0078,3.2398,5.268,0.0109,0.07,5.24,0.89,0.0,540.0,249,269,22,46,50,4,485.0,0.04,8.8e-05,31704.0,,,,
2587,8000,10350,1.6857,0.0109,3.2815,5.251,0.0108,0.08,9.75,0.91,0.0,568.0,241,294,33,42,52,6,462.0,0.04,8.8e-05,31714.0,,,,
2588,8000,10366,1.6384,0.0096,3.1912,5.286,0.0143,0.08,4.51,0.9,0.0,589.0,246,304,39,42,52,7,445.0,0.02,8.8e-05,31727.0,,,,
2589,8000,10383,1.5774,-0.0029,3.0949,5.475,0.0102,0.06,5.73,0.92,0.0,490.0,246,215,29,50,44,6,535.0,0.01,8.8e-05,31780.0,,,,
2590,8000,10400,1.5069,-0.0072,2.9635,5.672,0.0082,0.05,5.48,0.94,0.0,372.0,188,156,28,51,42,8,705.0,0.02,8.8e-05,31746.0,,,,
2591,8000,10416,1.4998,-0.0011,2.9397,5.646,0.011,0.06,3.71,0.94,0.0,340.0,171,132,37,50,39,11,771.0,0.02,8.8e-05,31718.0,,,,
2592,8000,10433,1.5156,0.005,2.9621,5.537,0.0142,0.07,3.22,0.93,0.0,417.0,217,141,59,52,34,14,629.0,0.02,8.8e-05,31729.0,,,,
2593,8000,10449,1.5801,0.0039,3.099,5.399,0.0116,0.07,3.69,0.92,0.0,517.0,240,186,91,46,36,18,507.0,0.02,8.8e-05,31713.0,,,,
2594,8000,10466,1.5981,-0.0004,3.1369,5.325,0.0102,0.06,4.51,0.91,0.0,610.0,268,278,64,44,46,10,430.0,0.01,8.8e-05,31778.0,,,,
2595,8000,10482,1.6444,-0.0045,3.2298,5.209,0.0107,0.06,4.5,0.91,0.0,579.0,293,248,38,51,43,7,453.0,0.01,8.8e-05,31709.0,,,,
2596,8000,10499,1.6747,-0.0127,3.3046,5.117,0.0089,0.07,6.49,0.9,0.0,634.0,324,286,24,51,45,4,413.0,0.02,8.8e-05,31720.0,,,,
2597,8000,10516,1.658,-0.021,3.2879,5.174,0.0102,0.07,5.1,0.91,0.0,625.0,342,271,12,55,43,2,419.0,0.03,8.8e-05,31723.0,,,,
2598,8000,10532,1.6681,-0.0097,3.2856,5.184,0.009,0.06,4.73,0.91,0.0,653.0,326,313,14,50,48,2,401.0,0.03,8.8e-05,31729.0,,,,
2599,8000,10549,1.6179,-0.0176,3.2013,5.255,0.0119,0.07,3.7,0.92,0.0,631.0,326,291,14,52,46,2,415.0,0.04,8.8e-05,31721.0,164,7,341,32
2600,8000,10581,1.6224,-0.0158,3.207,5.13,0.0111,0.08,3.6,0.92,0.0,664.0,319,324,21,48,49,3,395.0,0.05,8.8e-05,31853.0,,,,
2601,8000,10598,1.7119,0.0008,3.3525,5.092,0.0088,0.07,4.9,0.91,0.0,624.0,305,299,20,49,48,3,420.0,0.04,8.8e-05,30627.0,,,,
2602,8000,10614,1.7255,-0.0082,3.3965,5.121,0.0091,0.07,4.74,0.91,0.0,582.0,296,271,15,51,47,3,450.0,0.04,8.8e-05,31703.0,,,,
2603,8000,10631,1.6929,-0.0048,3.3238,5.173,0.0099,0.07,5.02,0.91,0.0,557.0,273,275,9,49,49,2,471.0,0.05,8.7e-05,31699.0,,,,
2604,8000,10648,1.6586,-0.004,3.2533,5.199,0.0108,0.07,3.98,0.92,0.0,553.0,271,276,6,49,50,1,474.0,0.06,8.7e-05,31696.0,,,,
2605,8000,10664,1.7162,0.0165,3.3266,5.064,0.012,0.07,3.98,0.91,0.0,704.0,287,394,23,41,56,3,372.0,0.07,8.7e-05,31703.0,,,,
2606,8000,10681,1.7149,0.0173,3.3217,4.999,0.0108,0.07,6.28,0.92,0.0,629.0,291,321,17,46,51,3,417.0,0.06,8.7e-05,31723.0,,,,
2607,8000,10697,1.707,0.0135,3.3129,4.892,0.0112,0.07,4.07,0.92,0.0,591.0,291,290,10,49,49,2,444.0,0.05,8.7e-05,31704.0,,,,
2608,8000,10714,1.6915,0.0001,3.3083,4.811,0.0109,0.07,4.7,0.93,0.0,719.0,335,375,9,47,52,1,365.0,0.05,8.7e-05,31708.0,,,,
2609,8000,10731,1.7398,0.0011,3.4043,4.863,0.0108,0.08,4.47,0.92,0.0,798.0,415,367,16,52,46,2,329.0,0.04,8.7e-05,31719.0,,,,
2610,8000,10747,1.7212,-0.0171,3.4034,4.877,0.0127,0.08,3.95,0.92,0.0,893.0,444,440,9,50,49,1,294.0,0.03,8.7e-05,31752.0,,,,
2611,8000,10764,1.6885,-0.0033,3.3105,4.934,0.0113,0.07,3.86,0.93,0.0,788.0,392,384,12,50,49,2,333.0,0.02,8.7e-05,31711.0,,,,
2612,8000,10780,1.6462,-0.0149,3.2493,5.008,0.0094,0.07,4.66,0.94,0.0,702.0,378,317,7,54,45,1,373.0,0.04,8.7e-05,31692.0,,,,
2613,8000,10797,1.6243,-0.0194,3.2165,5.112,0.0124,0.07,4.48,0.93,0.0,661.0,360,287,14,54,43,2,397.0,0.05,8.7e-05,31719.0,,,,
2614,8000,10814,1.646,-0.0162,3.2544,5.061,0.0122,0.08,3.66,0.93,0.0,696.0,373,291,32,54,42,5,377.0,0.05,8.7e-05,31714.0,,,,
2615,8000,10830,1.659,-0.0049,3.261,5.041,0.0139,0.08,4.44,0.93,0.0,699.0,352,304,43,50,43,6,375.0,0.03,8.7e-05,31722.0,,,,
2616,8000,10847,1.6665,0.002,3.2584,4.946,0.0157,0.08,3.53,0.93,0.0,738.0,399,315,24,54,43,3,355.0,0.02,8.7e-05,31696.0,,,,
2617,8000,10863,1.6689,-0.0033,3.2716,4.936,0.0132,0.07,5.43,0.94,0.0,779.0,412,356,11,53,46,1,337.0,0.02,8.7e-05,31710.0,,,,
2618,8000,10880,1.6759,0.0124,3.2518,4.82,0.0119,0.07,4.8,0.95,0.0,814.0,463,344,7,57,42,1,322.0,0.01,8.7e-05,31703.0,,,,
2619,8000,10897,1.6652,0.0034,3.2503,4.855,0.0115,0.07,14.83,0.95,0.0,772.0,421,332,19,55,43,2,340.0,0.01,8.7e-05,31706.0,,,,
2620,8000,10913,1.6861,-0.0028,3.3029,4.719,0.0112,0.08,4.02,0.94,0.0,775.0,423,344,8,55,44,1,338.0,0.02,8.7e-05,31698.0,,,,
2621,8000,10930,1.8068,0.0051,3.5287,4.742,0.0164,0.09,3.79,0.89,0.0,904.0,402,499,3,44,55,0,290.0,0.02,8.7e-05,30619.0,,,,
2622,8000,10947,1.8178,0.0061,3.5488,4.802,0.0123,0.08,3.62,0.87,0.0,999.0,443,554,2,44,55,0,262.0,0.04,8.7e-05,31778.0,,,,
2623,8000,10964,1.7815,0.0174,3.4545,4.913,0.0127,0.09,3.68,0.89,0.0,820.0,405,415,0,49,51,0,320.0,0.07,8.7e-05,31679.0,,,,
2624,8000,10980,1.7812,0.0412,3.4061,4.875,0.0109,0.08,4.81,0.91,0.0,769.0,424,344,1,55,45,0,341.0,0.09,8.7e-05,31669.0,,,,
2625,8000,10997,1.7508,0.0255,3.3761,4.791,0.0119,0.08,4.65,0.92,0.0,760.0,466,292,2,61,38,0,345.0,0.07,8.7e-05,31679.0,,,,
2626,8000,11013,1.7514,0.0122,3.405,4.747,0.0149,0.09,4.03,0.91,0.0,791.0,445,335,11,56,42,1,331.0,0.07,8.7e-05,31664.0,,,,
2627,8000,11030,1.7642,0.0246,3.404,4.749,0.0129,0.09,3.5,0.91,0.0,775.0,454,319,2,59,41,0,338.0,0.05,8.7e-05,31721.0,,,,
2628,8000,11047,1.756,0.0344,3.3683,4.792,0.0108,0.07,5.71,0.92,0.0,679.0,326,349,4,48,51,1,386.0,0.05,8.7e-05,31675.0,,,,
2629,8000,11063,1.7246,0.035,3.3045,4.86,0.012,0.08,4.59,0.92,0.0,623.0,361,262,0,58,42,0,421.0,0.07,8.7e-05,31759.0,,,,
2630,8000,11080,1.7075,0.0235,3.294,4.904,0.0109,0.08,4.15,0.91,0.0,638.0,363,265,10,57,42,2,411.0,0.07,8.7e-05,31700.0,,,,
2631,8000,11096,1.719,0.0251,3.3151,4.976,0.0116,0.08,4.82,0.92,0.0,639.0,331,298,10,52,47,2,410.0,0.1,8.6e-05,31688.0,,,,
2632,8000,11113,1.7319,0.0317,3.327,4.898,0.011,0.08,5.1,0.92,0.0,646.0,353,277,16,55,43,2,406.0,0.13,8.6e-05,31693.0,,,,
2633,8000,11130,1.7463,0.0127,3.3924,4.808,0.0111,0.08,5.11,0.91,0.0,714.0,369,339,6,52,47,1,367.0,0.11,8.6e-05,31689.0,,,,
2634,8000,11146,1.8091,0.0246,3.4931,4.675,0.0112,0.08,4.13,0.89,0.0,818.0,408,398,12,50,49,1,320.0,0.11,8.6e-05,31725.0,,,,
2635,8000,11163,1.8556,0.026,3.5824,4.553,0.0147,0.09,3.64,0.88,0.0,998.0,464,527,7,46,53,1,263.0,0.09,8.6e-05,31745.0,,,,
2636,8000,11179,1.8219,0.018,3.5311,4.593,0.0114,0.08,5.92,0.89,0.0,893.0,449,442,2,50,49,0,294.0,0.08,8.6e-05,31676.0,,,,
2637,8000,11196,1.7946,0.0075,3.4969,4.541,0.0127,0.09,4.78,0.9,0.0,896.0,455,439,2,51,49,0,293.0,0.07,8.6e-05,31676.0,,,,
2638,8000,11213,1.7772,0.011,3.455,4.561,0.0141,0.09,4.33,0.91,0.0,957.0,489,463,5,51,48,1,274.0,0.05,8.6e-05,31711.0,,,,
2639,8000,11229,1.7279,0.0056,3.3684,4.679,0.0097,0.07,7.31,0.93,0.0,898.0,439,457,2,49,51,0,292.0,0.05,8.6e-05,31681.0,,,,
2640,8000,11246,1.7553,0.0167,3.4008,4.657,0.0087,0.06,7.03,0.93,0.0,891.0,409,480,2,46,54,0,294.0,0.05,8.6e-05,31677.0,,,,
2641,8000,11263,1.7795,-0.0065,3.4972,4.828,0.0129,0.08,6.79,0.91,0.0,917.0,481,432,4,52,47,0,286.0,0.06,8.6e-05,30597.0,,,,
2642,8000,11280,1.7064,0.0018,3.3362,5.006,0.0134,0.08,3.49,0.92,0.0,723.0,294,423,6,41,59,1,363.0,0.06,8.6e-05,31701.0,,,,
2643,8000,11296,1.7362,0.0016,3.395,4.908,0.0139,0.09,6.12,0.9,0.0,814.0,306,501,7,38,62,1,322.0,0.05,8.6e-05,31711.0,,,,
2644,8000,11313,1.7204,0.0119,3.3442,5.01,0.0147,0.08,5.33,0.9,0.0,846.0,341,495,10,40,59,1,310.0,0.04,8.6e-05,31716.0,,,,
2645,8000,11329,1.6772,0.0088,3.2633,5.004,0.0139,0.08,4.55,0.9,0.0,796.0,370,421,5,46,53,1,329.0,0.02,8.6e-05,31712.0,,,,
2646,8000,11346,1.665,0.0092,3.2388,5.102,0.0181,0.07,5.68,0.91,0.0,732.0,304,426,2,42,58,0,358.0,0.02,8.6e-05,31702.0,,,,
2647,8000,11363,1.6781,0.0093,3.2645,5.037,0.0112,0.07,4.34,0.91,0.0,750.0,331,409,10,44,55,1,350.0,0.02,8.6e-05,31686.0,,,,
2648,8000,11379,1.6699,0.0091,3.2483,5.037,0.0128,0.07,4.14,0.92,0.0,682.0,301,372,9,44,55,1,384.0,0.01,8.6e-05,31701.0,,,,
2649,8000,11396,1.6659,0.013,3.2329,5.095,0.0141,0.08,3.19,0.91,0.0,649.0,260,383,6,40,59,1,404.0,0.02,8.6e-05,31698.0,125,5,382,24
2650,8000,11428,1.6572,0.0153,3.2106,5.092,0.0154,0.08,3.71,0.92,0.0,594.0,235,352,7,40,59,1,441.0,0.02,8.6e-05,31898.0,,,,
2651,8000,11444,1.6012,0.01,3.1095,5.115,0.01,0.07,3.94,0.94,0.0,510.0,172,330,8,34,65,2,514.0,0.02,8.6e-05,31694.0,,,,
2652,8000,11461,1.5748,0.0033,3.07,5.116,0.0131,0.07,4.04,0.94,0.0,459.0,155,298,6,34,65,1,571.0,0.02,8.6e-05,31694.0,,,,
2653,8000,11477,1.543,0.0028,3.0096,5.259,0.0099,0.07,3.69,0.94,0.0,382.0,153,215,14,40,56,4,686.0,0.01,8.6e-05,31754.0,,,,
2654,8000,11494,1.5088,0.0023,2.9428,5.377,0.0098,0.06,3.24,0.94,0.0,364.0,128,223,13,35,61,4,720.0,0.02,8.6e-05,31708.0,,,,
2655,8000,11511,1.4758,0.0063,2.8714,5.473,0.0093,0.06,3.19,0.95,0.0,333.0,119,191,23,36,57,7,787.0,0.02,8.6e-05,31705.0,,,,
2656,8000,11527,1.4788,0.0008,2.8942,5.491,0.0107,0.06,4.1,0.94,0.0,373.0,118,200,55,32,54,15,703.0,0.01,8.6e-05,31701.0,,,,
2657,8000,11544,1.4905,0.0041,2.9116,5.397,0.0128,0.07,4.02,0.95,0.0,414.0,142,210,62,34,51,15,633.0,0.02,8.6e-05,31753.0,,,,
2658,8000,11560,1.506,0.0028,2.9425,5.403,0.0118,0.06,3.98,0.93,0.0,429.0,170,209,50,40,49,12,611.0,0.02,8.5e-05,31701.0,,,,
2659,8000,11577,1.5517,0.0061,3.0268,5.304,0.0135,0.06,4.89,0.92,0.0,504.0,192,255,57,38,51,11,520.0,0.01,8.5e-05,31738.0,,,,
2660,8000,11594,1.5511,-0.013,3.062,5.224,0.0091,0.05,4.92,0.93,0.0,568.0,233,282,53,41,50,9,462.0,0.01,8.5e-05,31685.0,,,,
2661,8000,11611,1.7267,0.0279,3.327,5.178,0.0114,0.05,8.26,0.88,0.0,595.0,293,254,48,49,43,8,441.0,0.02,8.5e-05,30570.0,,,,
2662,8000,11627,1.6326,0.018,3.1614,5.255,0.0115,0.06,5.21,0.92,0.0,525.0,256,212,57,49,40,11,499.0,0.03,8.5e-05,31700.0,,,,
2663,8000,11644,1.6097,0.0196,3.111,5.224,0.0119,0.07,3.79,0.93,0.0,545.0,277,234,34,51,43,6,481.0,0.01,8.5e-05,31716.0,,,,
2664,8000,11661,1.5973,0.0234,3.0791,5.293,0.0119,0.07,4.83,0.94,0.0,462.0,231,200,31,50,43,7,567.0,0.02,8.5e-05,31788.0,,,,
2665,8000,11677,1.6066,0.0297,3.0861,5.252,0.0114,0.07,4.22,0.94,0.0,493.0,214,251,28,43,51,6,532.0,0.03,8.5e-05,31713.0,,,,
2666,8000,11694,1.5992,0.0292,3.0758,5.331,0.0117,0.06,5.02,0.94,0.0,507.0,212,246,49,42,49,10,517.0,0.03,8.5e-05,31793.0,,,,
2667,8000,11710,1.5804,0.0288,3.0422,5.402,0.0088,0.05,3.45,0.94,0.0,513.0,212,241,60,41,47,12,511.0,0.02,8.5e-05,31712.0,,,,
2668,8000,11727,1.5879,0.0355,3.0414,5.317,0.0113,0.06,4.6,0.94,0.0,513.0,245,218,50,48,42,10,511.0,0.01,8.5e-05,31735.0,,,,
2669,8000,11743,1.5998,0.0287,3.0759,5.293,0.0088,0.05,4.77,0.94,0.0,538.0,284,211,43,53,39,8,487.0,0.01,8.5e-05,31723.0,,,,
2670,8000,11760,1.5806,0.0152,3.0649,5.287,0.0085,0.05,4.18,0.95,0.0,537.0,289,210,38,54,39,7,488.0,0.01,8.5e-05,31744.0,,,,
2671,8000,11777,1.6108,0.0008,3.1543,5.221,0.0134,0.07,3.57,0.94,0.0,704.0,343,305,56,49,43,8,372.0,0.01,8.5e-05,31709.0,,,,
2672,8000,11793,1.6723,0.0045,3.27,5.125,0.0112,0.07,3.23,0.93,0.0,797.0,426,314,57,53,39,7,329.0,0.01,8.5e-05,31712.0,,,,
2673,8000,11810,1.7151,0.0226,3.3145,4.971,0.0162,0.08,3.32,0.93,0.0,848.0,458,359,31,54,42,4,309.0,0.02,8.5e-05,31709.0,,,,
2674,8000,11826,1.687,0.0287,3.2444,4.976,0.0129,0.08,3.77,0.95,0.0,723.0,398,306,19,55,42,3,363.0,0.02,8.5e-05,31732.0,,,,
2675,8000,11843,1.6576,0.0213,3.2027,5.023,0.0125,0.08,3.56,0.96,0.0,701.0,364,312,25,52,45,4,374.0,0.02,8.5e-05,31748.0,,,,
2676,8000,11860,1.6598,0.0165,3.2154,4.976,0.0122,0.08,3.52,0.95,0.0,698.0,374,307,17,54,44,2,376.0,0.02,8.5e-05,31751.0,,,,
2677,8000,11876,1.6788,0.0343,3.2168,4.952,0.0145,0.08,2.75,0.95,0.0,762.0,463,281,18,61,37,2,344.0,0.03,8.5e-05,31755.0,,,,
2678,8000,11893,1.6921,0.0348,3.2428,5.004,0.0142,0.08,2.69,0.94,0.0,941.0,549,370,22,58,39,2,279.0,0.04,8.5e-05,31714.0,,,,
2679,8000,11909,1.7002,0.0211,3.2856,5.022,0.0113,0.07,3.1,0.94,0.0,913.0,566,331,16,62,36,2,287.0,0.03,8.5e-05,31742.0,,,,
2680,8000,11926,1.6836,0.025,3.2446,5.071,0.0123,0.08,2.96,0.94,0.0,851.0,516,333,2,61,39,0,308.0,0.03,8.5e-05,31735.0,,,,
2681,8000,11943,1.7553,0.0223,3.3946,5.137,0.0104,0.07,4.11,0.9,0.0,730.0,407,321,2,56,44,0,359.0,0.03,8.5e-05,30632.0,,,,
2682,8000,11960,1.7178,0.0212,3.3226,5.256,0.0068,0.06,8.66,0.9,0.0,553.0,295,257,1,53,46,0,474.0,0.02,8.5e-05,31734.0,,,,
2683,8000,11976,1.7321,0.0198,3.3527,5.085,0.0085,0.07,3.93,0.9,0.0,663.0,331,330,2,50,50,0,395.0,0.03,8.5e-05,31719.0,,,,
2684,8000,11993,1.7458,0.026,3.3667,4.982,0.0091,0.07,3.66,0.91,0.0,745.0,367,374,4,49,50,1,352.0,0.03,8.5e-05,31715.0,,,,
2685,8000,12009,1.7363,0.0256,3.3482,4.95,0.0105,0.07,4.84,0.92,0.0,744.0,340,394,10,46,53,1,352.0,0.02,8.5e-05,31701.0,,,,
2686,8000,12026,1.7289,0.0133,3.3564,4.839,0.0077,0.06,5.75,0.91,0.0,736.0,350,383,3,48,52,0,356.0,0.01,8.5e-05,31767.0,,,,
2687,8000,12043,1.7576,0.0242,3.3907,4.679,0.011,0.07,4.84,0.9,0.0,854.0,362,486,6,42,57,1,307.0,0.01,8.4e-05,31723.0,,,,
2688,8000,12059,1.7623,0.0289,3.3908,4.674,0.0118,0.08,3.68,0.91,0.0,846.0,393,452,1,46,53,0,310.0,0.01,8.4e-05,31720.0,,,,
2689,8000,12076,1.7612,0.0384,3.3702,4.744,0.0088,0.07,6.17,0.93,0.0,793.0,383,409,1,48,52,0,331.0,0.01,8.4e-05,31786.0,,,,
2690,8000,12092,1.7718,0.0249,3.4194,4.784,0.0092,0.07,7.51,0.92,0.0,804.0,387,414,3,48,51,0,326.0,0.01,8.4e-05,31715.0,,,,
2691,8000,12109,1.8021,0.0301,3.4696,4.797,0.0105,0.08,4.3,0.9,0.0,910.0,427,481,2,47,53,0,288.0,0.01,8.4e-05,31721.0,,,,
2692,8000,12126,1.7846,0.0348,3.4254,4.821,0.0099,0.07,4.34,0.9,0.0,842.0,424,413,5,50,49,1,311.0,0.01,8.4e-05,31715.0,,,,
2693,8000,12142,1.75,0.0245,3.3781,4.964,0.01,0.07,4.54,0.9,0.0,722.0,384,337,1,53,47,0,363.0,0.02,8.4e-05,31731.0,,,,
2694,8000,12159,1.7088,0.0104,3.3235,4.945,0.0105,0.07,4.77,0.91,0.0,718.0,364,348,6,51,48,1,365.0,0.02,8.4e-05,31775.0,,,,
2695,8000,12175,1.6431,0.0049,3.205,5.132,0.0107,0.07,4.42,0.92,0.0,563.0,286,268,9,51,48,2,466.0,0.02,8.4e-05,31727.0,,,,
2696,8000,12192,1.6462,0.0019,3.2168,5.118,0.0098,0.06,4.79,0.92,0.0,640.0,256,357,27,40,56,4,410.0,0.03,8.4e-05,31740.0,,,,
2697,8000,12208,1.64,0.0158,3.1764,5.176,0.0102,0.07,4.75,0.93,0.0,563.0,238,299,26,42,53,5,466.0,0.01,8.4e-05,31721.0,,,,
2698,8000,12225,1.6403,0.0098,3.189,5.185,0.007,0.05,5.63,0.93,0.0,574.0,276,277,21,48,48,4,457.0,0.02,8.4e-05,31733.0,,,,
2699,8000,12242,1.6289,0.0134,3.1594,5.215,0.0073,0.05,9.74,0.94,0.0,474.0,213,236,25,45,50,5,553.0,0.02,8.4e-05,31731.0,220,2,290,43
2700,8000,12274,1.6135,0.0157,3.1241,5.216,0.0089,0.06,7.16,0.95,0.0,479.0,231,215,33,48,45,7,547.0,0.02,8.4e-05,31855.0,,,,
2701,8000,12291,1.6919,0.0184,3.2741,5.065,0.0128,0.07,5.29,0.93,0.0,534.0,269,238,27,50,45,5,491.0,0.02,8.4e-05,30565.0,,,,
2702,8000,12307,1.6892,-0.0002,3.3053,4.954,0.013,0.09,6.47,0.92,0.0,601.0,301,275,25,50,46,4,436.0,0.02,8.4e-05,31744.0,,,,
2703,8000,12324,1.6605,-0.0019,3.2521,4.995,0.0131,0.09,3.35,0.92,0.0,653.0,298,330,25,46,51,4,401.0,0.01,8.4e-05,31672.0,,,,
2704,8000,12341,1.6482,-0.0039,3.2319,5.057,0.0102,0.07,4.13,0.92,0.0,601.0,270,304,27,45,51,4,436.0,0.02,8.4e-05,31678.0,,,,
2705,8000,12357,1.6566,-0.0057,3.2522,5.029,0.0125,0.08,4.69,0.92,0.0,611.0,313,275,23,51,45,4,429.0,0.02,8.4e-05,31716.0,,,,
2706,8000,12374,1.6481,0.0103,3.2035,5.108,0.0061,0.05,7.47,0.92,0.0,534.0,253,263,18,47,49,3,491.0,0.02,8.4e-05,31752.0,,,,
2707,8000,12390,1.5454,0.0133,2.9946,5.332,0.0088,0.06,4.56,0.94,0.0,388.0,169,187,32,44,48,8,676.0,0.01,8.4e-05,31700.0,,,,
2708,8000,12407,1.5336,0.0081,2.9826,5.4,0.0088,0.06,4.9,0.93,0.0,376.0,155,188,33,41,50,9,697.0,0.02,8.4e-05,31681.0,,,,
2709,8000,12424,1.5745,0.0022,3.0772,5.277,0.0085,0.06,5.55,0.92,0.0,437.0,179,201,57,41,46,13,600.0,0.03,8.4e-05,31727.0,,,,
2710,8000,12440,1.5915,0.0086,3.098,5.17,0.0087,0.06,5.21,0.94,0.0,515.0,198,239,78,38,46,15,509.0,0.03,8.4e-05,31732.0,,,,
2711,8000,12457,1.6374,0.0221,3.1601,5.068,0.0106,0.07,4.76,0.94,0.0,523.0,195,272,56,37,52,11,501.0,0.04,8.4e-05,31690.0,,,,
2712,8000,12473,1.6121,0.0167,3.1206,5.167,0.0106,0.07,3.85,0.94,0.0,474.0,192,241,41,41,51,9,553.0,0.07,8.4e-05,31699.0,,,,
2713,8000,12490,1.635,0.0168,3.167,5.244,0.0106,0.07,4.68,0.94,0.0,477.0,209,240,28,44,50,6,550.0,0.08,8.4e-05,31659.0,,,,
2714,8000,12507,1.7191,0.0305,3.3075,5.137,0.0112,0.07,4.4,0.93,0.0,614.0,256,327,31,42,53,5,427.0,0.08,8.4e-05,31728.0,,,,
2715,8000,12523,1.7154,0.0341,3.2911,5.016,0.0153,0.09,2.91,0.93,0.0,753.0,380,349,24,50,46,3,348.0,0.06,8.4e-05,31736.0,,,,
2716,8000,12540,1.6501,0.0247,3.1807,5.068,0.0121,0.07,3.09,0.94,0.0,651.0,320,292,39,49,45,6,403.0,0.05,8.3e-05,31741.0,,,,
2717,8000,12556,1.614,0.0104,3.1372,5.093,0.0114,0.07,3.46,0.93,0.0,568.0,331,212,25,58,37,4,462.0,0.04,8.3e-05,31701.0,,,,
2718,8000,12573,1.6619,0.0139,3.2261,5.042,0.0116,0.07,3.25,0.92,0.0,669.0,370,278,21,55,42,3,392.0,0.04,8.3e-05,31665.0,,,,
2719,8000,12590,1.6685,0.0108,3.2503,4.941,0.0135,0.08,3.19,0.93,0.0,709.0,344,301,64,49,42,9,370.0,0.03,8.3e-05,31670.0,,,,
2720,8000,12606,1.6983,-0.003,3.3332,4.794,0.0115,0.08,4.48,0.93,0.0,878.0,428,400,50,49,46,6,299.0,0.03,8.3e-05,31722.0,,,,
2721,8000,12623,1.7717,-0.0144,3.4985,4.805,0.0125,0.08,3.93,0.88,0.0,830.0,436,355,39,53,43,5,316.0,0.03,8.3e-05,30579.0,,,,
2722,8000,12640,1.8149,0.0062,3.5432,4.676,0.0128,0.08,4.9,0.88,0.0,864.0,424,408,32,49,47,4,303.0,0.04,8.3e-05,31692.0,,,,
2723,8000,12657,1.7606,0.0014,3.4434,4.727,0.0122,0.08,3.5,0.9,0.0,824.0,387,418,19,47,51,2,318.0,0.04,8.3e-05,31750.0,,,,
2724,8000,12673,1.6698,-0.0082,3.2822,4.907,0.0091,0.07,5.3,0.92,0.0,632.0,302,321,9,48,51,1,415.0,0.04,8.3e-05,31719.0,,,,
2725,8000,12690,1.6386,-0.0003,3.2053,4.958,0.0084,0.07,4.0,0.92,0.0,550.0,249,275,26,45,50,5,477.0,0.03,8.3e-05,31709.0,,,,
2726,8000,12706,1.5794,0.0021,3.0855,5.139,0.0098,0.07,4.01,0.92,0.0,450.0,215,198,37,48,44,8,583.0,0.02,8.3e-05,31714.0,,,,
2727,8000,12723,1.5897,0.0082,3.0974,5.102,0.0093,0.06,4.52,0.92,0.0,488.0,214,209,65,44,43,13,537.0,0.02,8.3e-05,31725.0,,,,
2728,8000,12740,1.5906,0.0042,3.1052,5.076,0.0089,0.06,4.74,0.92,0.0,482.0,221,204,57,46,42,12,544.0,0.01,8.3e-05,31764.0,,,,
2729,8000,12756,1.5861,0.0058,3.0931,5.15,0.0091,0.06,5.82,0.93,0.0,455.0,191,213,51,42,47,11,576.0,0.01,8.3e-05,31781.0,,,,
2730,8000,12773,1.5379,-0.0084,3.0274,5.199,0.006,0.05,8.15,0.94,0.0,422.0,175,182,65,41,43,15,621.0,0.01,8.3e-05,31730.0,,,,
2731,8000,12789,1.5765,-0.0014,3.0901,5.094,0.0073,0.05,7.94,0.94,0.0,475.0,187,213,75,39,45,16,552.0,0.01,8.3e-05,31719.0,,,,
2732,8000,12806,1.5825,0.0026,3.0934,5.053,0.008,0.06,6.4,0.95,0.0,486.0,169,244,73,35,50,15,539.0,0.01,8.3e-05,31721.0,,,,
2733,8000,12822,1.6531,0.0044,3.2289,4.99,0.0084,0.05,12.91,0.94,0.0,538.0,237,244,57,44,45,11,487.0,0.02,8.3e-05,31722.0,,,,
2734,8000,12839,1.6848,0.0043,3.2907,4.867,0.0089,0.06,6.65,0.94,0.0,677.0,295,326,56,44,48,8,387.0,0.02,8.3e-05,31716.0,,,,
2735,8000,12856,1.7179,0.0118,3.3405,4.74,0.0133,0.07,5.69,0.94,0.0,758.0,333,361,64,44,48,8,346.0,0.02,8.3e-05,31731.0,,,,
2736,8000,12872,1.7955,0.014,3.4902,4.716,0.0084,0.06,9.08,0.93,0.0,891.0,435,399,57,49,45,6,294.0,0.01,8.3e-05,31707.0,,,,
2737,8000,12889,1.7885,0.0205,3.4597,4.639,0.0113,0.08,5.67,0.93,0.0,923.0,424,470,29,46,51,3,284.0,0.02,8.3e-05,31733.0,,,,
2738,8000,12905,1.8199,0.019,3.5244,4.577,0.0146,0.08,6.84,0.92,0.0,999.0,442,531,26,44,53,3,262.0,0.02,8.3e-05,31713.0,,,,
2739,8000,12922,1.7579,0.0143,3.4113,4.707,0.0119,0.08,4.88,0.94,0.0,891.0,392,485,14,44,54,2,294.0,0.01,8.3e-05,31710.0,,,,
2740,8000,12939,1.7413,0.0064,3.3942,4.711,0.0103,0.08,4.32,0.94,0.0,872.0,394,462,16,45,53,2,301.0,0.01,8.3e-05,31718.0,,,,
2741,8000,12956,1.7576,0.0037,3.4337,4.827,0.0096,0.07,6.21,0.91,0.0,805.0,354,431,20,44,54,2,326.0,0.0,8.3e-05,30584.0,,,,
2742,8000,12972,1.7396,0.0127,3.3802,4.897,0.0102,0.08,5.49,0.91,0.0,644.0,319,309,16,50,48,2,407.0,0.02,8.3e-05,31689.0,,,,
2743,8000,12989,1.6807,0.0221,3.2438,4.978,0.0132,0.08,4.56,0.93,0.0,576.0,301,266,9,52,46,2,455.0,0.03,8.3e-05,31700.0,,,,
2744,8000,13006,1.6411,0.0108,3.1879,5.064,0.0108,0.07,6.69,0.93,0.0,533.0,254,268,11,48,50,2,492.0,0.03,8.3e-05,31716.0,,,,
2745,8000,13022,1.5579,0.0007,3.0457,5.27,0.0077,0.05,5.26,0.94,0.0,427.0,216,178,33,51,42,8,614.0,0.04,8.3e-05,31712.0,,,,
2746,8000,13039,1.5226,0.0052,2.968,5.347,0.0091,0.06,4.92,0.94,0.0,377.0,184,157,36,49,42,10,695.0,0.04,8.2e-05,31693.0,,,,
2747,8000,13055,1.5044,0.0019,2.9419,5.433,0.0078,0.05,11.62,0.95,0.0,382.0,156,161,65,41,42,17,686.0,0.02,8.2e-05,31748.0,,,,
2748,8000,13072,1.4925,-0.007,2.9352,5.524,0.0033,0.03,12.27,0.95,0.0,330.0,145,129,56,44,39,17,794.0,0.02,8.2e-05,31747.0,,,,
2749,8000,13088,1.4437,-0.0126,2.8507,5.644,0.0094,0.05,5.8,0.95,0.0,337.0,153,130,54,45,39,16,778.0,0.02,8.2e-05,31719.0,139,13,360,27
2750,8000,13120,1.438,-0.0095,2.8324,5.715,0.0083,0.05,3.94,0.94,0.0,283.0,115,115,53,41,41,19,926.0,0.04,8.2e-05,31898.0,,,,
2751,8000,13137,1.4095,-0.0045,2.7712,5.857,0.0075,0.04,5.45,0.95,0.0,249.0,104,82,63,42,33,25,1053.0,0.05,8.2e-05,31697.0,,,,
2752,8000,13154,1.4388,0.0005,2.8181,5.772,0.0093,0.04,4.47,0.94,0.0,285.0,109,101,75,38,35,26,920.0,0.07,8.2e-05,31712.0,,,,
2753,8000,13170,1.4378,-0.0053,2.8286,5.717,0.0068,0.04,6.79,0.94,0.0,286.0,97,112,77,34,39,27,917.0,0.08,8.2e-05,31746.0,,,,
2754,8000,13187,1.4235,0.0027,2.7855,5.74,0.0085,0.05,3.43,0.95,0.0,295.0,122,95,78,41,32,26,889.0,0.08,8.2e-05,31699.0,,,,
2755,8000,13203,1.4115,0.0069,2.7519,5.857,0.008,0.04,4.35,0.95,0.0,248.0,103,88,57,42,35,23,1057.0,0.07,8.2e-05,31713.0,,,,
2756,8000,13220,1.412,0.006,2.7578,5.833,0.0072,0.04,3.7,0.95,0.0,288.0,123,92,73,43,32,25,910.0,0.06,8.2e-05,31704.0,,,,
2757,8000,13236,1.403,0.0055,2.7388,5.773,0.0079,0.04,3.77,0.95,0.0,266.0,112,75,79,42,28,30,986.0,0.06,8.2e-05,31701.0,,,,
2758,8000,13253,1.4408,-0.0024,2.8278,5.647,0.0078,0.04,5.9,0.95,0.0,285.0,90,109,86,32,38,30,920.0,0.08,8.2e-05,31755.0,,,,
2759,8000,13270,1.4566,0.002,2.8487,5.553,0.0066,0.04,10.64,0.95,0.0,307.0,115,114,78,37,37,25,854.0,0.09,8.2e-05,31706.0,,,,
2760,8000,13286,1.4623,0.0052,2.8532,5.569,0.0075,0.04,8.09,0.95,0.0,318.0,111,122,85,35,38,27,824.0,0.1,8.2e-05,31758.0,,,,
2761,8000,13303,1.5291,-0.0025,3.0037,5.484,0.009,0.06,5.63,0.93,0.0,383.0,163,139,81,43,36,21,684.0,0.09,8.2e-05,30642.0,,,,
2762,8000,13320,1.5157,-0.0032,2.9744,5.389,0.0087,0.06,9.25,0.95,0.0,335.0,141,132,62,42,39,19,783.0,0.07,8.2e-05,31758.0,,,,
2763,8000,13337,1.5196,0.0067,2.9612,5.398,0.0105,0.07,4.87,0.95,0.0,399.0,176,167,56,44,42,14,657.0,0.04,8.2e-05,31745.0,,,,
2764,8000,13353,1.5254,0.003,2.9793,5.381,0.0086,0.06,7.92,0.95,0.0,359.0,188,123,48,52,34,13,730.0,0.03,8.2e-05,31762.0,,,,
2765,8000,13370,1.5555,0.0054,3.0385,5.376,0.0086,0.06,6.04,0.95,0.0,414.0,188,163,63,45,39,15,633.0,0.03,8.2e-05,31740.0,,,,
2766,8000,13386,1.6315,0.0057,3.1825,4.949,0.0076,0.06,15.86,0.94,0.0,437.0,210,177,50,48,41,11,600.0,0.02,8.2e-05,31796.0,,,,
2767,8000,13403,1.7185,0.0217,3.3222,4.793,0.0079,0.05,22.91,0.95,0.0,579.0,295,238,46,51,41,8,453.0,0.03,8.2e-05,31735.0,,,,
2768,8000,13419,1.7054,0.0114,3.3163,4.839,0.0097,0.07,7.05,0.94,0.0,714.0,394,286,34,55,40,5,367.0,0.02,8.2e-05,31727.0,,,,
2769,8000,13436,1.6876,0.0102,3.2821,4.848,0.0121,0.07,5.08,0.95,0.0,664.0,375,262,27,56,39,4,395.0,0.01,8.2e-05,31742.0,,,,
2770,8000,13453,1.7229,-0.0044,3.3796,4.712,0.009,0.07,7.35,0.95,0.0,669.0,362,296,11,54,44,2,392.0,0.01,8.2e-05,31743.0,,,,
2771,8000,13469,1.7234,0.0136,3.3444,4.659,0.0118,0.08,7.33,0.95,0.0,742.0,401,327,14,54,44,2,353.0,0.03,8.2e-05,31798.0,,,,
2772,8000,13486,1.7379,0.012,3.3768,4.715,0.009,0.07,8.04,0.95,0.0,754.0,418,321,15,55,43,2,348.0,0.02,8.2e-05,31739.0,,,,
2773,8000,13502,1.7152,0.0047,3.346,4.672,0.0088,0.07,7.64,0.95,0.0,706.0,390,303,13,55,43,2,371.0,0.01,8.2e-05,31727.0,,,,
2774,8000,13519,1.697,0.016,3.2866,4.75,0.0095,0.07,9.96,0.96,0.0,703.0,390,310,3,55,44,0,373.0,0.03,8.2e-05,31731.0,,,,
2775,8000,13535,1.6704,0.0176,3.2315,4.887,0.0106,0.07,8.14,0.96,0.0,633.0,328,300,5,52,47,1,414.0,0.02,8.2e-05,31722.0,,,,
2776,8000,13552,1.67,0.0147,3.2376,5.016,0.0092,0.06,9.96,0.96,0.0,558.0,259,293,6,46,53,1,470.0,0.02,8.2e-05,31726.0,,,,
2777,8000,13569,1.6439,0.0107,3.1942,5.052,0.0097,0.07,5.97,0.96,0.0,564.0,259,292,13,46,52,2,465.0,0.02,8.1e-05,31760.0,,,,
2778,8000,13585,1.6329,0.0058,3.1821,5.055,0.0089,0.07,7.31,0.96,0.0,557.0,263,280,14,47,50,3,471.0,0.01,8.1e-05,31772.0,,,,
2779,8000,13602,1.6992,0.0227,3.282,5.102,0.0157,0.08,9.08,0.95,0.0,627.0,256,349,22,41,56,4,418.0,0.01,8.1e-05,31740.0,,,,
2780,8000,13618,1.6957,0.0214,3.2775,5.126,0.0108,0.07,8.34,0.95,0.0,612.0,268,330,14,44,54,2,428.0,0.02,8.1e-05,31743.0,,,,
2781,8000,13635,1.7291,0.02,3.3481,5.267,0.0095,0.06,9.48,0.95,0.0,571.0,261,298,12,46,52,2,459.0,0.02,8.1e-05,30585.0,,,,
2782,8000,13652,1.6721,0.0195,3.2361,5.386,0.0102,0.07,7.08,0.94,0.0,503.0,205,290,8,41,58,2,521.0,0.05,8.1e-05,31727.0,,,,
2783,8000,13669,1.647,0.013,3.1987,5.344,0.0102,0.07,4.9,0.93,0.0,486.0,208,271,7,43,56,1,539.0,0.07,8.1e-05,31769.0,,,,
2784,8000,13685,1.6418,0.0055,3.2039,5.362,0.0091,0.06,5.13,0.93,0.0,463.0,231,218,14,50,47,3,566.0,0.1,8.1e-05,31728.0,,,,
2785,8000,13702,1.6683,0.0207,3.2253,5.222,0.0094,0.07,5.71,0.94,0.0,513.0,265,218,30,52,42,6,511.0,0.09,8.1e-05,31714.0,,,,
2786,8000,13718,1.7036,0.0266,3.283,5.099,0.0097,0.07,7.53,0.93,0.0,567.0,277,267,23,49,47,4,462.0,0.07,8.1e-05,31732.0,,,,
2787,8000,13735,1.7308,0.0276,3.3336,4.959,0.01,0.08,6.77,0.94,0.0,616.0,307,298,11,50,48,2,426.0,0.05,8.1e-05,31718.0,,,,
2788,8000,13751,1.7441,0.0362,3.3429,4.968,0.0108,0.08,6.1,0.93,0.0,766.0,377,376,13,49,49,2,342.0,0.06,8.1e-05,31780.0,,,,
2789,8000,13768,1.7818,0.0261,3.4374,4.846,0.0092,0.07,5.87,0.93,0.0,744.0,339,399,6,46,54,1,352.0,0.05,8.1e-05,31745.0,,,,
2790,8000,13785,1.7613,0.0313,3.3862,4.9,0.0118,0.08,5.18,0.92,0.0,763.0,333,426,4,44,56,1,344.0,0.03,8.1e-05,31744.0,,,,
2791,8000,13801,1.7638,0.0229,3.4063,4.756,0.0114,0.08,4.02,0.93,0.0,774.0,344,425,5,44,55,1,339.0,0.04,8.1e-05,31752.0,,,,
2792,8000,13818,1.7648,0.0204,3.4136,4.768,0.0124,0.09,5.01,0.93,0.0,697.0,297,398,2,43,57,0,376.0,0.02,8.1e-05,31792.0,,,,
2793,8000,13834,1.7167,0.0267,3.3064,4.913,0.0113,0.07,4.21,0.94,0.0,642.0,306,332,4,48,52,1,408.0,0.02,8.1e-05,31787.0,,,,
2794,8000,13851,1.7257,0.0219,3.3334,4.869,0.0102,0.08,4.17,0.93,0.0,624.0,296,328,0,47,53,0,420.0,0.02,8.1e-05,31735.0,,,,
2795,8000,13867,1.7631,0.0328,3.3855,4.743,0.0116,0.08,4.9,0.94,0.0,631.0,303,328,0,48,52,0,415.0,0.02,8.1e-05,31731.0,,,,
2796,8000,13884,1.7405,0.0448,3.3171,4.812,0.0127,0.08,5.02,0.94,0.0,707.0,372,335,0,53,47,0,371.0,0.02,8.1e-05,31813.0,,,,
2797,8000,13901,1.7076,0.0375,3.2663,4.852,0.0131,0.08,3.86,0.94,0.0,690.0,378,311,1,55,45,0,380.0,0.02,8.1e-05,31729.0,,,,
2798,8000,13917,1.6964,0.0405,3.2377,4.886,0.0135,0.08,4.02,0.95,0.0,644.0,388,256,0,60,40,0,407.0,0.02,8.1e-05,31785.0,,,,
2799,8000,13934,1.6352,0.0319,3.1339,5.027,0.0094,0.07,5.6,0.95,0.0,561.0,333,228,0,59,41,0,467.0,0.02,8.1e-05,31750.0,198,9,305,39
2800,8000,13966,1.6002,0.0298,3.0691,5.141,0.0094,0.06,4.9,0.95,0.0,483.0,293,187,3,61,39,1,543.0,0.03,8.1e-05,31880.0,,,,
2801,8000,13983,1.6287,0.0121,3.1611,5.1,0.0109,0.07,3.87,0.94,0.0,519.0,270,243,6,52,47,1,505.0,0.04,8.1e-05,30580.0,,,,
2802,8000,14000,1.6725,0.0149,3.2431,5.116,0.0083,0.06,9.28,0.94,0.0,521.0,235,279,7,45,54,1,503.0,0.06,8.1e-05,31687.0,,,,
2803,8000,14016,1.6529,0.0207,3.1914,4.948,0.0132,0.08,3.43,0.94,0.0,536.0,242,289,5,45,54,1,489.0,0.1,8.1e-05,31733.0,,,,
2804,8000,14033,1.683,0.0266,3.2387,4.857,0.0124,0.08,3.23,0.93,0.0,599.0,239,359,1,40,60,0,438.0,0.11,8.1e-05,31746.0,,,,
2805,8000,14049,1.6391,0.0149,3.1735,4.832,0.0123,0.08,3.58,0.95,0.0,592.0,282,306,4,48,52,1,443.0,0.19,8.1e-05,31729.0,,,,
2806,8000,14066,1.6504,0.0281,3.1696,4.861,0.0202,0.07,5.83,0.95,0.0,579.0,300,278,1,52,48,0,453.0,0.18,8.1e-05,31731.0,,,,
2807,8000,14082,1.586,0.0165,3.0665,5.076,0.01,0.06,4.25,0.96,0.0,541.0,223,318,0,41,59,0,485.0,0.1,8.1e-05,31747.0,,,,
2808,8000,14099,1.5948,0.0156,3.0872,5.192,0.0077,0.06,6.01,0.96,0.0,482.0,186,293,3,39,61,1,544.0,0.09,8e-05,31754.0,,,,
2809,8000,14116,1.5984,0.024,3.078,5.203,0.0094,0.06,4.75,0.95,0.0,447.0,196,245,6,44,55,1,586.0,0.07,8e-05,31744.0,,,,
2810,8000,14132,1.6187,0.0292,3.1065,5.037,0.0113,0.08,3.56,0.95,0.0,484.0,220,257,7,45,53,1,542.0,0.07,8e-05,31791.0,,,,
2811,8000,14149,1.6892,0.0317,3.2425,4.95,0.0113,0.07,5.08,0.95,0.0,564.0,270,284,10,48,50,2,465.0,0.06,8e-05,31728.0,,,,
2812,8000,14165,1.6642,0.036,3.1847,4.95,0.0134,0.08,3.19,0.95,0.0,595.0,278,299,18,47,50,3,441.0,0.05,8e-05,31729.0,,,,
2813,8000,14182,1.6538,0.0326,3.1707,4.985,0.0119,0.07,3.62,0.95,0.0,617.0,266,339,12,43,55,2,425.0,0.06,8e-05,31747.0,,,,
2814,8000,14198,1.6828,0.0369,3.2178,4.857,0.0098,0.07,5.38,0.95,0.0,618.0,319,288,11,52,47,2,424.0,0.08,8e-05,31736.0,,,,
2815,8000,14215,1.6544,0.0257,3.1827,4.858,0.0076,0.06,6.8,0.95,0.0,598.0,282,308,8,47,52,1,438.0,0.11,8e-05,31793.0,,,,
2816,8000,14231,1.6341,0.0343,3.1266,4.928,0.0109,0.07,7.8,0.95,0.0,530.0,223,294,13,42,55,2,495.0,0.12,8e-05,31757.0,,,,
2817,8000,14248,1.5845,0.0261,3.0443,5.081,0.0109,0.07,4.15,0.94,0.0,426.0,189,231,6,44,54,1,615.0,0.14,8e-05,31799.0,,,,
2818,8000,14265,1.5362,0.0155,2.9718,5.23,0.0121,0.07,4.16,0.94,0.0,359.0,141,193,25,39,54,7,730.0,0.13,8e-05,31718.0,,,,
2819,8000,14281,1.5026,-0.0018,2.9402,5.347,0.0081,0.06,5.01,0.94,0.0,309.0,152,134,23,49,43,7,848.0,0.15,8e-05,31759.0,,,,
2820,8000,14298,1.4746,0.0074,2.8688,5.509,0.01,0.06,3.55,0.93,0.0,296.0,134,117,45,45,40,15,886.0,0.17,8e-05,31745.0,,,,
2821,8000,14315,1.5644,0.0139,3.0334,5.397,0.0094,0.07,3.44,0.92,0.0,390.0,176,165,49,45,42,13,672.0,0.18,8e-05,30654.0,,,,
2822,8000,14332,1.6402,0.013,3.1854,5.222,0.01,0.07,4.54,0.9,0.0,558.0,255,263,40,46,47,7,470.0,0.11,8e-05,31679.0,,,,
2823,8000,14348,1.5767,0.0104,3.0656,5.49,0.0088,0.06,4.0,0.92,0.0,448.0,235,185,28,52,41,6,585.0,0.05,8e-05,31715.0,,,,
2824,8000,14365,1.5204,0.0163,2.9422,5.61,0.0105,0.06,2.98,0.94,0.0,395.0,211,140,44,53,35,11,664.0,0.02,8e-05,31703.0,,,,
2825,8000,14381,1.519,0.018,2.9355,5.593,0.0095,0.06,3.18,0.95,0.0,370.0,238,100,32,64,27,9,708.0,0.0,8e-05,31719.0,,,,
2826,8000,14398,1.5273,0.0233,2.943,5.5,0.0126,0.07,4.56,0.96,0.0,460.0,287,119,54,62,26,12,570.0,0.0,8e-05,31795.0,,,,
2827,8000,14414,1.5395,0.0273,2.9592,5.436,0.0105,0.06,3.02,0.96,0.0,507.0,336,121,50,66,24,10,517.0,0.0,8e-05,31780.0,,,,
2828,8000,14431,1.545,0.0295,2.9633,5.309,0.0103,0.06,4.53,0.97,0.0,496.0,309,149,38,62,30,8,529.0,0.0,8e-05,31773.0,,,,
2829,8000,14447,1.526,0.024,2.9353,5.307,0.0097,0.05,4.08,0.97,0.0,456.0,278,149,29,61,33,6,575.0,0.0,8e-05,31810.0,,,,
2830,8000,14464,1.4878,0.0184,2.8724,5.465,0.006,0.04,5.17,0.97,0.0,341.0,187,96,58,55,28,17,769.0,0.0,8e-05,31829.0,,,,
2831,8000,14481,1.4534,0.0128,2.8173,5.581,0.0044,0.04,6.89,0.97,0.0,283.0,136,83,64,48,29,23,926.0,0.0,8e-05,31762.0,,,,
2832,8000,14497,1.4468,0.0214,2.7891,5.658,0.0051,0.04,7.03,0.97,0.0,218.0,83,84,51,38,39,23,1202.0,0.0,8e-05,31759.0,,,,
2833,8000,14514,1.5063,0.029,2.894,5.552,0.0074,0.05,4.83,0.95,0.0,312.0,106,144,62,34,46,20,840.0,0.01,8e-05,31765.0,,,,
2834,8000,14530,1.5122,0.0316,2.902,5.616,0.0135,0.06,4.93,0.94,0.0,330.0,128,145,57,39,44,17,794.0,0.01,8e-05,31767.0,,,,
2835,8000,14547,1.5698,0.0232,3.032,5.433,0.0095,0.06,5.52,0.92,0.0,431.0,176,191,64,41,44,15,608.0,0.01,8e-05,31775.0,,,,
2836,8000,14563,1.627,0.0205,3.1444,5.316,0.0098,0.06,4.86,0.92,0.0,468.0,237,201,30,51,43,6,560.0,0.01,8e-05,31743.0,,,,
2837,8000,14580,1.6759,0.0119,3.2592,5.196,0.0076,0.06,5.73,0.93,0.0,529.0,226,260,43,43,49,8,496.0,0.02,8e-05,31749.0,,,,
2838,8000,14597,1.7318,0.0197,3.3517,4.989,0.0074,0.06,8.82,0.93,0.0,602.0,272,309,21,45,51,3,435.0,0.02,8e-05,31750.0,,,,
2839,8000,14613,1.7186,0.0274,3.3102,4.971,0.0085,0.07,6.02,0.93,0.0,601.0,253,331,17,42,55,3,436.0,0.03,8e-05,31744.0,,,,
2840,8000,14630,1.747,0.0335,3.3549,5.007,0.0082,0.07,11.08,0.94,0.0,633.0,267,358,8,42,57,1,414.0,0.04,7.9e-05,31809.0,,,,
2841,8000,14647,1.6794,0.03,3.2279,5.13,0.0099,0.07,5.57,0.94,0.0,496.0,192,294,10,39,59,2,529.0,0.09,7.9e-05,30590.0,,,,
2842,8000,14663,1.6493,0.0308,3.1658,5.193,0.009,0.06,7.53,0.93,0.0,374.0,202,153,19,54,41,5,701.0,0.2,7.9e-05,31704.0,,,,
2843,8000,14680,1.6288,0.0237,3.1386,5.144,0.0089,0.06,8.23,0.94,0.0,416.0,211,181,24,51,44,6,630.0,0.31,7.9e-05,31706.0,,,,
2844,8000,14697,1.6525,0.03,3.172,5.03,0.0102,0.08,4.3,0.94,0.0,517.0,312,180,25,60,35,5,507.0,0.24,7.9e-05,31783.0,,,,
2845,8000,14713,1.6248,0.0322,3.1137,5.095,0.0105,0.07,6.12,0.95,0.0,509.0,288,198,23,57,39,5,515.0,0.15,7.9e-05,31742.0,,,,
2846,8000,14730,1.6383,0.032,3.1417,5.167,0.0089,0.06,9.74,0.94,0.0,516.0,305,200,11,59,39,2,508.0,0.12,7.9e-05,31737.0,,,,
2847,8000,14746,1.6868,0.0312,3.2381,4.987,0.0126,0.08,4.75,0.94,0.0,561.0,336,224,1,60,40,0,467.0,0.09,7.9e-05,31737.0,,,,
2848,8000,14763,1.7086,0.0333,3.2784,5.071,0.0166,0.08,9.0,0.95,0.0,645.0,396,247,2,61,38,0,406.0,0.07,7.9e-05,31739.0,,,,
2849,8000,14780,1.7271,0.0233,3.3354,5.042,0.0111,0.07,5.84,0.94,0.0,685.0,445,238,2,65,35,0,383.0,0.06,7.9e-05,31752.0,161,11,340,31
2850,8000,14811,1.717,0.0068,3.3492,5.145,0.0108,0.07,3.9,0.93,0.0,616.0,399,216,1,65,35,0,426.0,0.03,7.9e-05,31889.0,,,,
2851,8000,14828,1.6909,0.0126,3.2858,5.181,0.0103,0.07,4.45,0.92,0.0,628.0,379,247,2,60,39,0,417.0,0.02,7.9e-05,31753.0,,,,
2852,8000,14845,1.7168,0.0136,3.3356,5.167,0.0109,0.07,4.3,0.92,0.0,622.0,334,287,1,54,46,0,421.0,0.03,7.9e-05,31730.0,,,,
2853,8000,14861,1.6718,0.0078,3.2574,5.224,0.011,0.07,4.6,0.91,0.0,605.0,353,251,1,58,41,0,433.0,0.02,7.9e-05,31746.0,,,,
2854,8000,14878,1.7114,0.0216,3.3082,5.13,0.0107,0.07,3.34,0.92,0.0,671.0,392,278,1,58,41,0,391.0,0.03,7.9e-05,31734.0,,,,
2855,8000,14894,1.6399,0.0101,3.1892,5.273,0.0089,0.06,4.21,0.93,0.0,550.0,316,234,0,57,43,0,477.0,0.04,7.9e-05,31732.0,,,,
2856,8000,14911,1.6902,0.0272,3.2547,5.133,0.011,0.07,4.11,0.93,0.0,625.0,333,290,2,53,46,0,419.0,0.04,7.9e-05,31727.0,,,,
2857,8000,14927,1.6311,0.0166,3.1579,5.187,0.008,0.06,3.8,0.94,0.0,566.0,326,238,2,58,42,0,463.0,0.03,7.9e-05,31734.0,,,,
2858,8000,14944,1.6604,0.015,3.2195,5.131,0.0087,0.06,3.76,0.93,0.0,584.0,303,281,0,52,48,0,449.0,0.03,7.9e-05,31795.0,,,,
2859,8000,14961,1.7004,0.0205,3.2885,5.108,0.0086,0.07,5.75,0.93,0.0,601.0,319,279,3,53,46,0,436.0,0.02,7.9e-05,31737.0,,,,
2860,8000,14977,1.6784,0.0146,3.2563,5.117,0.01,0.07,3.66,0.93,0.0,642.0,362,280,0,56,44,0,408.0,0.03,7.9e-05,31750.0,,,,
2861,8000,14994,1.7529,0.0159,3.4018,5.008,0.0141,0.08,3.27,0.91,0.0,818.0,453,361,4,55,44,0,320.0,0.03,7.9e-05,30594.0,,,,
2862,8000,15011,1.7821,0.0125,3.4647,4.766,0.0112,0.08,4.36,0.92,0.0,902.0,455,444,3,50,49,0,291.0,0.04,7.9e-05,31720.0,,,,
2863,8000,15027,1.7615,0.016,3.4171,4.836,0.0143,0.09,4.02,0.92,0.0,812.0,404,407,1,50,50,0,323.0,0.04,7.9e-05,31719.0,,,,
2864,8000,15044,1.7326,0.0158,3.3582,4.692,0.0111,0.08,4.25,0.92,0.0,746.0,361,384,1,48,51,0,351.0,0.04,7.9e-05,31690.0,,,,
2865,8000,15061,1.7372,0.0084,3.3813,4.615,0.0108,0.08,3.4,0.91,0.0,747.0,342,404,1,46,54,0,351.0,0.06,7.9e-05,31692.0,,,,
2866,8000,15077,1.7257,0.0164,3.3431,4.646,0.0138,0.1,3.19,0.91,0.0,705.0,331,374,0,47,53,0,372.0,0.06,7.9e-05,31718.0,,,,
2867,8000,15094,1.7023,0.0231,3.2847,4.871,0.008,0.07,6.7,0.92,0.0,634.0,314,319,1,50,50,0,413.0,0.06,7.9e-05,31727.0,,,,
2868,8000,15110,1.6371,0.0127,3.1769,5.078,0.0102,0.07,3.51,0.93,0.0,568.0,271,297,0,48,52,0,462.0,0.06,7.9e-05,31713.0,,,,
2869,8000,15127,1.586,0.0143,3.0737,5.32,0.0095,0.06,4.66,0.93,0.0,439.0,208,230,1,47,52,0,597.0,0.06,7.9e-05,31696.0,,,,
2870,8000,15144,1.5504,-0.0034,3.0381,5.332,0.0094,0.06,3.94,0.94,0.0,415.0,201,213,1,48,51,0,632.0,0.05,7.9e-05,31703.0,,,,
2871,8000,15160,1.5561,-0.0097,3.0625,5.392,0.0082,0.06,3.77,0.94,0.0,453.0,185,260,8,41,57,2,579.0,0.03,7.9e-05,31718.0,,,,
2872,8000,15177,1.5387,-0.0139,3.0361,5.36,0.0085,0.06,3.58,0.95,0.0,417.0,182,219,16,44,53,4,629.0,0.02,7.9e-05,31705.0,,,,
2873,8000,15193,1.5472,-0.0047,3.0349,5.3,0.0094,0.07,4.57,0.95,0.0,437.0,205,205,27,47,47,6,600.0,0.01,7.8e-05,31696.0,,,,
2874,8000,15210,1.5809,-0.001,3.0933,5.159,0.008,0.06,5.12,0.94,0.0,439.0,199,226,14,45,51,3,597.0,0.02,7.8e-05,31710.0,,,,
2875,8000,15227,1.6247,0.0149,3.1483,5.042,0.0119,0.09,3.15,0.94,0.0,519.0,236,275,8,45,53,2,505.0,0.03,7.8e-05,31713.0,,,,
2876,8000,15243,1.6047,0.0166,3.1063,5.216,0.0101,0.08,3.67,0.95,0.0,483.0,214,256,13,44,53,3,543.0,0.05,7.8e-05,31706.0,,,,
2877,8000,15260,1.5943,0.0147,3.0891,5.202,0.0078,0.07,5.14,0.95,0.0,470.0,232,226,12,49,48,3,558.0,0.04,7.8e-05,31723.0,,,,
2878,8000,15276,1.6382,0.0351,3.1367,5.187,0.0072,0.06,7.03,0.95,0.0,492.0,238,246,8,48,50,2,533.0,0.03,7.8e-05,31791.0,,,,
2879,8000,15293,1.5728,0.0328,3.0123,5.347,0.0072,0.06,4.39,0.96,0.0,469.0,233,225,11,50,48,2,559.0,0.02,7.8e-05,31706.0,,,,
2880,8000,15310,1.5867,0.0308,3.0433,5.258,0.0078,0.06,5.56,0.96,0.0,480.0,235,224,21,49,47,4,546.0,0.01,7.8e-05,31789.0,,,,
2881,8000,15327,1.6623,0.0294,3.1962,5.236,0.0098,0.07,4.32,0.94,0.0,541.0,262,266,13,48,49,2,485.0,0.01,7.8e-05,30591.0,,,,
2882,8000,15343,1.5702,0.0103,3.0512,5.373,0.0092,0.06,3.68,0.95,0.0,438.0,207,221,10,47,50,2,599.0,0.01,7.8e-05,31690.0,,,,
2883,8000,15360,1.603,0.0114,3.1138,5.293,0.0085,0.06,5.35,0.94,0.0,392.0,190,195,7,48,50,2,669.0,0.02,7.8e-05,31689.0,,,,
2884,8000,15377,1.5795,0.0085,3.0724,5.209,0.0087,0.06,6.65,0.95,0.0,421.0,207,200,14,49,48,3,623.0,0.01,7.8e-05,31697.0,,,,
2885,8000,15393,1.6519,0.003,3.2296,5.127,0.0087,0.06,12.53,0.94,0.0,564.0,308,184,72,55,33,13,465.0,0.01,7.8e-05,31676.0,,,,
2886,8000,15410,1.6512,0.0096,3.2156,5.125,0.0111,0.07,4.29,0.94,0.0,642.0,283,296,63,44,46,10,408.0,0.01,7.8e-05,31690.0,,,,
2887,8000,15426,1.6808,0.0211,3.25,5.092,0.008,0.06,6.56,0.95,0.0,589.0,291,270,28,49,46,5,445.0,0.02,7.8e-05,31704.0,,,,
2888,8000,15443,1.6666,0.0065,3.2504,5.12,0.0072,0.06,9.06,0.95,0.0,491.0,257,218,16,52,44,3,534.0,0.02,7.8e-05,31709.0,,,,
2889,8000,15460,1.6552,0.0104,3.2195,5.072,0.0078,0.07,6.36,0.95,0.0,503.0,202,283,18,40,56,4,521.0,0.02,7.8e-05,31713.0,,,,
2890,8000,15476,1.6642,0.0109,3.2351,5.0,0.0103,0.07,5.41,0.94,0.0,510.0,196,312,2,38,61,0,514.0,0.03,7.8e-05,31683.0,,,,
2891,8000,15493,1.6962,0.0126,3.2954,4.872,0.0099,0.09,5.78,0.93,0.0,668.0,193,470,5,29,70,1,392.0,0.02,7.8e-05,31689.0,,,,
2892,8000,15509,1.708,0.0059,3.3316,4.827,0.0102,0.08,5.55,0.93,0.0,816.0,287,529,0,35,65,0,321.0,0.02,7.8e-05,31685.0,,,,
2893,8000,15526,1.7016,-0.0001,3.3311,4.85,0.0129,0.09,3.17,0.94,0.0,803.0,370,432,1,46,54,0,326.0,0.01,7.8e-05,31702.0,,,,
2894,8000,15543,1.7458,0.0104,3.3965,4.695,0.0168,0.1,3.18,0.93,0.0,808.0,365,442,1,45,55,0,324.0,0.01,7.8e-05,31677.0,,,,
2895,8000,15559,1.7751,0.0285,3.4176,4.604,0.0201,0.1,7.26,0.93,0.0,895.0,449,445,1,50,50,0,293.0,0.01,7.8e-05,31685.0,,,,
2896,8000,15576,1.7414,-0.009,3.4259,4.648,0.0123,0.08,4.41,0.93,0.0,790.0,477,311,2,60,39,0,332.0,0.03,7.8e-05,31697.0,,,,
2897,8000,15592,1.69,-0.0163,3.3385,4.743,0.0118,0.09,5.35,0.93,0.0,677.0,407,268,2,60,40,0,387.0,0.05,7.8e-05,31695.0,,,,
2898,8000,15609,1.6484,-0.0098,3.2424,4.761,0.0102,0.09,3.71,0.94,0.0,550.0,358,189,3,65,34,1,477.0,0.09,7.8e-05,31765.0,,,,
2899,8000,15626,1.7228,0.0121,3.349,4.833,0.0103,0.08,5.78,0.92,0.0,663.0,377,276,10,57,42,2,395.0,0.08,7.8e-05,31717.0,222,6,284,43
2900,8000,15658,1.7723,0.0417,3.3886,4.819,0.0171,0.08,8.1,0.93,0.0,747.0,380,357,10,51,48,1,351.0,0.07,7.8e-05,31820.0,,,,
2901,8000,15675,1.8565,0.0502,3.5385,4.734,0.0148,0.09,3.32,0.9,0.0,915.0,467,439,9,51,48,1,286.0,0.05,7.8e-05,30590.0,,,,
2902,8000,15691,1.7544,0.0383,3.3587,4.845,0.0134,0.08,3.74,0.91,0.0,894.0,374,520,0,42,58,0,293.0,0.05,7.8e-05,31722.0,,,,
2903,8000,15708,1.7206,0.0073,3.3545,4.961,0.0109,0.08,3.8,0.91,0.0,751.0,359,390,2,48,52,0,349.0,0.07,7.8e-05,31729.0,,,,
2904,8000,15725,1.6886,-0.0055,3.3171,5.053,0.0117,0.08,2.83,0.93,0.0,861.0,406,454,1,47,53,0,304.0,0.1,7.8e-05,31727.0,,,,
2905,8000,15741,1.6469,-0.0079,3.2395,5.161,0.0098,0.07,3.1,0.94,0.0,759.0,375,382,2,49,50,0,345.0,0.08,7.8e-05,31719.0,,,,
2906,8000,15758,1.6503,-0.0076,3.2451,5.179,0.0108,0.07,3.01,0.94,0.0,694.0,296,398,0,43,57,0,378.0,0.03,7.8e-05,31718.0,,,,
2907,8000,15774,1.6385,-0.0014,3.2083,5.109,0.0119,0.08,2.98,0.94,0.0,644.0,262,381,1,41,59,0,407.0,0.03,7.7e-05,31814.0,,,,
2908,8000,15791,1.682,0.0184,3.2555,5.064,0.0125,0.08,3.44,0.94,0.0,678.0,263,414,1,39,61,0,387.0,0.03,7.7e-05,31744.0,,,,
2909,8000,15807,1.6493,0.0042,3.2183,5.052,0.012,0.07,3.62,0.94,0.0,603.0,210,391,2,35,65,0,435.0,0.04,7.7e-05,31735.0,,,,
2910,8000,15824,1.6334,0.0005,3.1954,5.152,0.008,0.05,4.47,0.95,0.0,610.0,265,342,3,43,56,0,430.0,0.04,7.7e-05,31729.0,,,,
2911,8000,15841,1.6799,0.0095,3.2689,4.96,0.0097,0.06,4.79,0.95,0.0,679.0,258,416,5,38,61,1,386.0,0.02,7.7e-05,31736.0,,,,
2912,8000,15857,1.6899,0.0063,3.2949,4.909,0.0121,0.07,4.56,0.95,0.0,777.0,330,440,7,42,57,1,337.0,0.04,7.7e-05,31776.0,,,,
2913,8000,15874,1.7065,0.0079,3.3251,4.918,0.0126,0.07,5.29,0.94,0.0,739.0,325,402,12,44,54,2,355.0,0.04,7.7e-05,31731.0,,,,
2914,8000,15890,1.7033,0.0093,3.3176,5.008,0.01,0.07,4.38,0.93,0.0,730.0,341,372,17,47,51,2,359.0,0.04,7.7e-05,31797.0,,,,
2915,8000,15907,1.7183,0.0081,3.3475,4.842,0.0137,0.08,4.94,0.93,0.0,686.0,364,310,12,53,45,2,382.0,0.07,7.7e-05,31751.0,,,,
2916,8000,15924,1.7438,0.0077,3.3983,4.723,0.0112,0.08,4.71,0.92,0.0,751.0,385,349,17,51,46,2,349.0,0.05,7.7e-05,31740.0,,,,
2917,8000,15940,1.7952,0.0146,3.4864,4.632,0.011,0.07,4.28,0.92,0.0,964.0,516,431,17,54,45,2,272.0,0.03,7.7e-05,31747.0,,,,
2918,8000,15957,1.8326,0.029,3.5312,4.546,0.0129,0.08,4.47,0.92,0.0,982.0,502,469,11,51,48,1,267.0,0.03,7.7e-05,31720.0,,,,
2919,8000,15973,1.8411,0.0248,3.5565,4.505,0.0104,0.07,4.25,0.91,0.0,986.0,470,505,11,48,51,1,266.0,0.06,7.7e-05,31778.0,,,,
2920,8000,15990,1.8532,0.0397,3.5515,4.557,0.0116,0.08,5.03,0.9,0.0,968.0,492,471,5,51,49,1,271.0,0.05,7.7e-05,31741.0,,,,
2921,8000,16007,1.8301,0.0261,3.5336,4.713,0.0111,0.07,3.82,0.9,0.0,908.0,433,469,6,48,52,1,289.0,0.04,7.7e-05,30623.0,,,,
2922,8000,16024,1.7819,0.0104,3.4681,4.633,0.0088,0.07,5.82,0.92,0.0,773.0,343,427,3,44,55,0,339.0,0.06,7.7e-05,31740.0,,,,
2923,8000,16040,1.8043,-0.003,3.5378,4.487,0.0091,0.08,15.6,0.91,0.0,740.0,352,386,2,48,52,0,354.0,0.06,7.7e-05,31791.0,,,,
2924,8000,16057,1.741,0.0175,3.3712,4.578,0.0125,0.09,4.52,0.93,0.0,689.0,361,327,1,52,47,0,380.0,0.09,7.7e-05,31745.0,,,,
2925,8000,16073,1.7478,0.0172,3.3861,4.547,0.0104,0.09,4.35,0.93,0.0,754.0,406,342,6,54,45,1,348.0,0.09,7.7e-05,31715.0,,,,
2926,8000,16090,1.706,0.019,3.2976,4.538,0.0093,0.07,5.69,0.95,0.0,655.0,381,273,1,58,42,0,400.0,0.06,7.7e-05,31752.0,,,,
2927,8000,16107,1.7038,0.0217,3.2906,4.706,0.0102,0.07,8.73,0.95,0.0,604.0,341,256,7,56,42,1,434.0,0.06,7.7e-05,31737.0,,,,
2928,8000,16123,1.6093,0.0092,3.126,4.736,0.0108,0.07,5.33,0.96,0.0,514.0,296,214,4,58,42,1,510.0,0.04,7.7e-05,31745.0,,,,
2929,8000,16140,1.6464,0.0179,3.1835,4.788,0.0103,0.07,6.67,0.95,0.0,483.0,275,202,6,57,42,1,543.0,0.05,7.7e-05,31790.0,,,,
2930,8000,16156,1.6273,0.0221,3.1364,4.719,0.0086,0.07,4.49,0.96,0.0,485.0,258,222,5,53,46,1,541.0,0.03,7.7e-05,31747.0,,,,
2931,8000,16173,1.597,0.02,3.0823,4.935,0.0096,0.07,4.91,0.96,0.0,471.0,211,252,8,45,54,2,557.0,0.03,7.7e-05,31774.0,,,,
2932,8000,16189,1.5867,0.0006,3.1009,4.977,0.0094,0.07,4.55,0.96,0.0,452.0,239,199,14,53,44,3,580.0,0.02,7.7e-05,31753.0,,,,
2933,8000,16206,1.5487,-0.0007,3.0271,4.966,0.0078,0.06,4.73,0.97,0.0,388.0,189,192,7,49,49,2,676.0,0.03,7.7e-05,31793.0,,,,
2934,8000,16222,1.5186,0.001,2.9655,5.03,0.009,0.07,4.82,0.97,0.0,382.0,172,186,24,45,49,6,686.0,0.01,7.7e-05,31731.0,,,,
2935,8000,16239,1.5256,-0.0049,2.9913,5.106,0.0107,0.07,4.01,0.97,0.0,443.0,207,210,26,47,47,6,592.0,0.02,7.7e-05,31755.0,,,,
2936,8000,16256,1.5028,-0.0053,2.9492,5.169,0.0113,0.07,5.05,0.97,0.0,419.0,186,202,31,44,48,7,626.0,0.02,7.7e-05,31749.0,,,,
2937,8000,16272,1.5066,-0.0096,2.9648,5.192,0.0076,0.06,5.32,0.96,0.0,413.0,215,171,27,52,41,7,635.0,0.01,7.7e-05,31734.0,,,,
2938,8000,16289,1.5841,-0.0009,3.099,5.02,0.0117,0.07,4.04,0.95,0.0,498.0,230,249,19,46,50,4,526.0,0.01,7.7e-05,31748.0,,,,
2939,8000,16305,1.5863,-0.0001,3.1,4.901,0.0097,0.07,5.77,0.95,0.0,509.0,244,251,14,48,49,3,515.0,0.01,7.7e-05,31786.0,,,,
2940,8000,16322,1.5878,0.0049,3.0929,4.892,0.0112,0.07,4.0,0.95,0.0,482.0,230,237,15,48,49,3,544.0,0.02,7.7e-05,31773.0,,,,
2941,8000,16339,1.62,0.0024,3.1606,4.718,0.0156,0.09,3.95,0.94,0.0,467.0,230,222,15,49,48,3,561.0,0.03,7.6e-05,30631.0,,,,
2942,8000,16356,1.6252,-0.01,3.1955,4.64,0.0101,0.07,4.5,0.94,0.0,539.0,316,209,14,59,39,3,486.0,0.04,7.6e-05,31731.0,,,,
2943,8000,16372,1.6539,-0.0009,3.2355,4.758,0.0133,0.07,14.51,0.94,0.0,598.0,354,228,16,59,38,3,438.0,0.04,7.6e-05,31723.0,,,,
2944,8000,16389,1.6088,-0.0082,3.1613,4.936,0.0096,0.07,5.19,0.94,0.0,537.0,298,223,16,55,42,3,488.0,0.04,7.6e-05,31736.0,,,,
2945,8000,16406,1.6223,-0.0001,3.1719,4.922,0.0092,0.06,5.46,0.95,0.0,461.0,181,274,6,39,59,1,569.0,0.05,7.6e-05,31728.0,,,,
2946,8000,16422,1.6356,-0.002,3.2023,4.974,0.0084,0.06,5.14,0.95,0.0,478.0,188,287,3,39,60,1,548.0,0.07,7.6e-05,31742.0,,,,
2947,8000,16439,1.6167,-0.0038,3.1686,4.994,0.0119,0.07,3.95,0.95,0.0,440.0,178,254,8,40,58,2,596.0,0.11,7.6e-05,31717.0,,,,
2948,8000,16455,1.6026,-0.0061,3.1457,5.028,0.011,0.07,4.54,0.95,0.0,436.0,176,250,10,40,57,2,601.0,0.14,7.6e-05,31743.0,,,,
2949,8000,16472,1.5608,0.0012,3.0486,5.183,0.0086,0.06,4.31,0.95,0.0,342.0,140,191,11,41,56,3,767.0,0.23,7.6e-05,31732.0,160,12,340,31
2950,8000,16504,1.5739,0.0117,3.0541,5.125,0.0074,0.06,4.31,0.96,0.0,353.0,153,183,17,43,52,5,743.0,0.29,7.6e-05,31883.0,,,,
2951,8000,16520,1.6161,0.0131,3.1352,5.041,0.0105,0.07,3.63,0.94,0.0,439.0,177,243,19,40,55,4,597.0,0.29,7.6e-05,31722.0,,,,
2952,8000,16537,1.6298,0.0138,3.1602,4.955,0.0087,0.07,4.46,0.94,0.0,429.0,200,201,28,47,47,7,611.0,0.26,7.6e-05,31745.0,,,,
2953,8000,16554,1.6165,0.0204,3.1235,5.066,0.0102,0.07,4.03,0.94,0.0,452.0,180,240,32,40,53,7,580.0,0.23,7.6e-05,31794.0,,,,
2954,8000,16570,1.5921,0.0242,3.0672,5.128,0.0091,0.06,5.99,0.94,0.0,414.0,168,216,30,41,52,7,633.0,0.21,7.6e-05,31801.0,,,,
2955,8000,16587,1.6125,0.0325,3.0947,5.093,0.0076,0.06,5.94,0.94,0.0,436.0,175,221,40,40,51,9,601.0,0.18,7.6e-05,31773.0,,,,
2956,8000,16603,1.6211,0.0372,3.1015,5.009,0.0113,0.07,3.5,0.94,0.0,522.0,211,267,44,40,51,8,502.0,0.13,7.6e-05,31741.0,,,,
2957,8000,16620,1.6609,0.0397,3.1742,4.977,0.0104,0.08,4.81,0.93,0.0,547.0,224,281,42,41,51,8,479.0,0.08,7.6e-05,31782.0,,,,
2958,8000,16636,1.643,0.0354,3.1466,4.942,0.0081,0.07,5.09,0.95,0.0,547.0,249,255,43,46,47,8,479.0,0.09,7.6e-05,31732.0,,,,
2959,8000,16653,1.6434,0.035,3.1511,5.077,0.0107,0.07,4.14,0.94,0.0,580.0,276,260,44,48,45,8,452.0,0.11,7.6e-05,31727.0,,,,
2960,8000,16670,1.6245,0.0374,3.1103,5.196,0.0117,0.07,4.52,0.94,0.0,563.0,249,268,46,44,48,8,466.0,0.13,7.6e-05,31729.0,,,,
2961,8000,16687,1.6526,0.0432,3.1489,5.188,0.0189,0.08,3.46,0.93,0.0,565.0,254,273,38,45,48,7,464.0,0.18,7.6e-05,30575.0,,,,
2962,8000,16703,1.6374,0.0485,3.1085,5.139,0.0133,0.08,3.15,0.93,0.0,501.0,229,221,51,46,44,10,523.0,0.14,7.6e-05,31742.0,,,,
2963,8000,16720,1.6251,0.0353,3.1112,5.174,0.0128,0.08,3.21,0.94,0.0,486.0,211,234,41,43,48,8,539.0,0.08,7.6e-05,31667.0,,,,
2964,8000,16737,1.6072,0.0289,3.0888,5.16,0.0103,0.07,4.02,0.94,0.0,439.0,181,224,34,41,51,8,597.0,0.09,7.6e-05,31679.0,,,,
2965,8000,16753,1.5884,0.0164,3.076,5.195,0.007,0.05,6.79,0.95,0.0,414.0,176,186,52,43,45,13,633.0,0.09,7.6e-05,31684.0,,,,
2966,8000,16770,1.5404,0.0208,2.9719,5.24,0.0091,0.06,3.44,0.95,0.0,413.0,168,192,53,41,46,13,635.0,0.08,7.6e-05,31659.0,,,,
2967,8000,16787,1.5481,0.0205,2.9901,5.283,0.0095,0.06,4.95,0.95,0.0,433.0,199,181,53,46,42,12,605.0,0.08,7.6e-05,31691.0,,,,
2968,8000,16803,1.5622,0.0182,3.0223,5.316,0.0064,0.04,9.27,0.95,0.0,412.0,159,202,51,39,49,12,636.0,0.07,7.6e-05,31736.0,,,,
2969,8000,16820,1.5487,0.0247,2.9842,5.251,0.0098,0.06,4.64,0.95,0.0,496.0,228,201,67,46,41,14,529.0,0.06,7.6e-05,31679.0,,,,
2970,8000,16836,1.5664,0.0225,3.023,5.132,0.0071,0.05,13.11,0.96,0.0,561.0,249,238,74,44,42,13,467.0,0.05,7.6e-05,31744.0,,,,
2971,8000,16853,1.5894,0.0218,3.0694,5.133,0.0097,0.06,8.35,0.96,0.0,608.0,294,256,58,48,42,10,431.0,0.06,7.6e-05,31680.0,,,,
2972,8000,16870,1.6817,0.0317,3.2322,4.993,0.0076,0.05,18.85,0.96,0.0,638.0,331,254,53,52,40,8,411.0,0.09,7.6e-05,31723.0,,,,
2973,8000,16886,1.6505,0.0288,3.1749,5.025,0.0088,0.06,6.53,0.96,0.0,660.0,326,297,37,49,45,6,397.0,0.13,7.6e-05,31684.0,,,,
2974,8000,16903,1.7256,0.0341,3.3143,4.931,0.0104,0.06,15.6,0.96,0.0,801.0,411,350,40,51,44,5,327.0,0.09,7.6e-05,31694.0,,,,
2975,8000,16919,1.7098,0.03,3.2883,4.857,0.0078,0.05,7.99,0.96,0.0,789.0,395,371,23,50,47,3,332.0,0.03,7.6e-05,31675.0,,,,
2976,8000,16936,1.7343,0.0341,3.3292,4.843,0.0124,0.07,11.02,0.95,0.0,747.0,392,328,27,52,44,4,351.0,0.03,7.6e-05,31731.0,,,,
2977,8000,16953,1.7071,0.0402,3.2617,4.911,0.0137,0.08,3.76,0.95,0.0,755.0,399,344,12,53,46,2,347.0,0.04,7.5e-05,31670.0,,,,
2978,8000,16969,1.6842,0.0324,3.2311,4.909,0.0108,0.07,4.98,0.95,0.0,685.0,362,312,11,53,46,2,383.0,0.06,7.5e-05,31651.0,,,,
2979,8000,16986,1.6578,0.0313,3.1818,5.035,0.0092,0.07,6.19,0.95,0.0,624.0,308,298,18,49,48,3,420.0,0.09,7.5e-05,31664.0,,,,
2980,8000,17002,1.7088,0.0475,3.2513,4.989,0.0154,0.08,8.58,0.95,0.0,664.0,303,335,26,46,50,4,395.0,0.1,7.5e-05,31683.0,,,,
2981,8000,17020,1.6852,0.0421,3.215,4.991,0.0107,0.07,9.46,0.94,0.0,575.0,208,338,29,36,59,5,456.0,0.07,7.5e-05,30637.0,,,,
2982,8000,17036,1.5589,0.0315,2.9862,5.179,0.0092,0.06,3.85,0.96,0.0,375.0,161,186,28,43,50,7,699.0,0.05,7.5e-05,31690.0,,,,
2983,8000,17053,1.5301,0.0187,2.9545,5.178,0.0088,0.06,7.47,0.97,0.0,327.0,141,158,28,43,48,9,802.0,0.04,7.5e-05,31772.0,,,,
2984,8000,17069,1.5287,0.0106,2.9676,5.166,0.0132,0.06,5.07,0.97,0.0,360.0,159,174,27,44,48,8,728.0,0.03,7.5e-05,31701.0,,,,
2985,8000,17086,1.584,0.0129,3.0832,5.143,0.0079,0.05,12.52,0.96,0.0,568.0,199,232,137,35,41,24,462.0,0.02,7.5e-05,31724.0,,,,
2986,8000,17103,1.6253,0.0048,3.1783,5.143,0.0107,0.06,14.27,0.95,0.0,584.0,214,289,81,37,49,14,449.0,0.01,7.5e-05,31800.0,,,,
2987,8000,17119,1.6036,0.0163,3.1086,5.0,0.0095,0.06,6.49,0.96,0.0,524.0,228,246,50,44,47,10,500.0,0.01,7.5e-05,31738.0,,,,
2988,8000,17136,1.5923,0.0229,3.0727,4.985,0.011,0.06,9.51,0.96,0.0,491.0,226,226,39,46,46,8,534.0,0.01,7.5e-05,31710.0,,,,
2989,8000,17152,1.5682,0.0183,3.038,5.042,0.0096,0.06,7.33,0.96,0.0,520.0,235,214,71,45,41,14,504.0,0.01,7.5e-05,31728.0,,,,
2990,8000,17169,1.5561,0.0114,3.0288,5.084,0.0134,0.07,6.39,0.96,0.0,512.0,199,232,81,39,45,16,512.0,0.01,7.5e-05,31765.0,,,,
2991,8000,17186,1.6053,0.02,3.1045,4.871,0.0095,0.06,7.86,0.96,0.0,520.0,228,231,61,44,44,12,504.0,0.01,7.5e-05,31723.0,,,,
2992,8000,17202,1.661,0.0053,3.2441,4.937,0.0074,0.06,12.66,0.96,0.0,554.0,258,243,53,47,44,10,473.0,0.03,7.5e-05,31724.0,,,,
2993,8000,17219,1.6322,0.0034,3.1929,5.026,0.0091,0.06,4.97,0.96,0.0,572.0,270,254,48,47,44,8,458.0,0.05,7.5e-05,31746.0,,,,
2994,8000,17235,1.7031,0.0146,3.3097,4.989,0.0125,0.07,16.22,0.96,0.0,571.0,271,264,36,47,46,6,459.0,0.08,7.5e-05,31718.0,,,,
2995,8000,17252,1.6517,0.0199,3.196,5.001,0.0107,0.07,10.58,0.96,0.0,600.0,314,263,23,52,44,4,437.0,0.07,7.5e-05,31714.0,,,,
2996,8000,17268,1.6622,0.0208,3.2157,5.006,0.0094,0.07,7.93,0.96,0.0,535.0,285,222,28,53,41,5,490.0,0.09,7.5e-05,31723.0,,,,
2997,8000,17285,1.6607,0.0142,3.2243,5.04,0.0103,0.07,8.74,0.95,0.0,606.0,304,270,32,50,45,5,433.0,0.09,7.5e-05,31705.0,,,,
2998,8000,17302,1.7228,0.0281,3.3189,4.93,0.0096,0.07,6.8,0.95,0.0,667.0,358,292,17,54,44,3,393.0,0.06,7.5e-05,31705.0,,,,
2999,8000,17318,1.7452,0.0314,3.3568,4.869,0.0137,0.09,4.71,0.94,0.0,778.0,405,351,22,52,45,3,337.0,0.03,7.5e-05,31766.0,184,10,318,36
3000,8000,17350,1.7388,0.0191,3.3673,4.773,0.0119,0.08,4.29,0.95,0.0,793.0,387,392,14,49,49,2,331.0,0.04,7.5e-05,31853.0,,,,
3001,8000,17367,1.7295,0.0116,3.3653,4.98,0.0114,0.08,4.91,0.94,0.0,706.0,365,328,13,52,46,2,371.0,0.04,7.5e-05,30660.0,,,,
3002,8000,17384,1.6987,-0.0007,3.3284,5.069,0.012,0.07,5.71,0.94,0.0,629.0,313,307,9,50,49,1,417.0,0.03,7.5e-05,31701.0,,,,
3003,8000,17400,1.6601,-0.0099,3.2696,5.096,0.0097,0.07,5.65,0.95,0.0,652.0,324,319,9,50,49,1,402.0,0.02,7.5e-05,31816.0,,,,
3004,8000,17417,1.7251,0.0033,3.3708,4.85,0.01,0.07,6.23,0.95,0.0,725.0,350,370,5,48,51,1,362.0,0.02,7.5e-05,31735.0,,,,
3005,8000,17434,1.7265,0.0095,3.3608,4.778,0.0101,0.07,5.39,0.95,0.0,808.0,369,433,6,46,54,1,324.0,0.03,7.5e-05,31789.0,,,,
3006,8000,17450,1.7345,0.0163,3.3624,4.775,0.0095,0.07,6.88,0.95,0.0,772.0,356,415,1,46,54,0,340.0,0.04,7.5e-05,31697.0,,,,
3007,8000,17467,1.7358,0.0097,3.3774,4.665,0.0086,0.07,7.12,0.96,0.0,810.0,372,437,1,46,54,0,324.0,0.03,7.5e-05,31816.0,,,,
3008,8000,17483,1.7665,0.0134,3.4308,4.588,0.012,0.08,6.82,0.95,0.0,846.0,420,424,2,50,50,0,310.0,0.03,7.5e-05,31712.0,,,,
3009,8000,17500,1.7636,0.0114,3.4287,4.565,0.0109,0.08,8.5,0.95,0.0,870.0,458,408,4,53,47,0,301.0,0.03,7.5e-05,31688.0,,,,
3010,8000,17517,1.7699,0.0366,3.3918,4.649,0.0128,0.08,5.32,0.95,0.0,878.0,440,436,2,50,50,0,299.0,0.02,7.5e-05,31719.0,,,,
3011,8000,17533,1.8167,0.0588,3.442,4.72,0.0136,0.08,16.67,0.95,0.0,891.0,495,392,4,56,44,0,294.0,0.02,7.5e-05,31709.0,,,,
3012,8000,17550,1.745,0.0225,3.3708,4.595,0.0128,0.09,3.91,0.95,0.0,893.0,469,417,7,53,47,1,294.0,0.02,7.5e-05,31769.0,,,,
3013,8000,17566,1.7265,0.0091,3.3607,4.63,0.0123,0.08,3.89,0.95,0.0,833.0,425,402,6,51,48,1,315.0,0.02,7.4e-05,31714.0,,,,
3014,8000,17583,1.784,0.0157,3.4614,4.6,0.017,0.09,3.43,0.94,0.0,910.0,479,430,1,53,47,0,288.0,0.02,7.4e-05,31710.0,,,,
3015,8000,17599,1.7872,0.0306,3.4377,4.509,0.015,0.09,3.94,0.94,0.0,860.0,439,416,5,51,48,1,305.0,0.01,7.4e-05,31799.0,,,,
3016,8000,17616,1.7909,0.0305,3.4448,4.556,0.0128,0.08,4.4,0.93,0.0,859.0,455,404,0,53,47,0,305.0,0.01,7.4e-05,31693.0,,,,
3017,8000,17633,1.7594,0.0066,3.4309,4.624,0.014,0.08,5.01,0.93,0.0,815.0,450,359,6,55,44,1,322.0,0.02,7.4e-05,31703.0,,,,
3018,8000,17649,1.7576,-0.0025,3.4455,4.634,0.0105,0.08,4.8,0.93,0.0,873.0,462,410,1,53,47,0,300.0,0.02,7.4e-05,31706.0,,,,
3019,8000,17666,1.7664,0.0129,3.432,4.595,0.015,0.08,5.28,0.93,0.0,824.0,467,354,3,57,43,0,318.0,0.02,7.4e-05,31706.0,,,,
3020,8000,17682,1.7765,0.044,3.3904,4.688,0.0126,0.08,3.57,0.94,0.0,808.0,428,378,2,53,47,0,324.0,0.01,7.4e-05,31695.0,,,,
3021,8000,17700,1.7871,0.0353,3.4292,4.72,0.0134,0.08,4.64,0.93,0.0,776.0,359,415,2,46,53,0,338.0,0.02,7.4e-05,30593.0,,,,
3022,8000,17716,1.7814,0.0248,3.4384,4.655,0.0131,0.08,4.8,0.93,0.0,771.0,335,431,5,43,56,1,340.0,0.03,7.4e-05,31694.0,,,,
3023,8000,17733,1.7578,0.01,3.4211,4.713,0.0137,0.08,4.58,0.93,0.0,770.0,325,444,1,42,58,0,340.0,0.02,7.4e-05,31702.0,,,,
3024,8000,17749,1.772,0.0044,3.4596,4.616,0.0105,0.08,5.42,0.93,0.0,771.0,379,392,0,49,51,0,340.0,0.02,7.4e-05,31698.0,,,,
3025,8000,17766,1.7977,0.0243,3.4743,4.567,0.0115,0.08,4.76,0.93,0.0,853.0,399,427,27,47,50,3,307.0,0.02,7.4e-05,31690.0,,,,
3026,8000,17783,1.8186,0.0199,3.5218,4.437,0.0092,0.07,6.64,0.92,0.0,918.0,440,469,9,48,51,1,286.0,0.01,7.4e-05,31703.0,,,,
3027,8000,17799,1.7997,0.0157,3.4922,4.549,0.0099,0.07,5.86,0.93,0.0,914.0,444,468,2,49,51,0,287.0,0.01,7.4e-05,31692.0,,,,
3028,8000,17816,1.7828,0.0126,3.4636,4.5,0.0119,0.08,7.91,0.94,0.0,848.0,424,421,3,50,50,0,309.0,0.02,7.4e-05,31706.0,,,,
3029,8000,17832,1.7718,0.0171,3.4322,4.445,0.0121,0.09,5.34,0.94,0.0,846.0,470,374,2,56,44,0,310.0,0.03,7.4e-05,31709.0,,,,
3030,8000,17849,1.7635,0.0226,3.4057,4.523,0.0128,0.08,7.35,0.94,0.0,811.0,432,367,12,53,45,1,323.0,0.04,7.4e-05,31706.0,,,,
3031,8000,17866,1.7286,0.0161,3.3503,4.609,0.0134,0.07,9.31,0.95,0.0,811.0,430,369,12,53,45,1,323.0,0.04,7.4e-05,31762.0,,,,
3032,8000,17882,1.7005,0.0111,3.3038,4.68,0.0129,0.08,6.95,0.94,0.0,759.0,410,344,5,54,45,1,345.0,0.04,7.4e-05,31700.0,,,,
3033,8000,17899,1.6874,0.0151,3.2703,4.739,0.0143,0.09,5.15,0.94,0.0,675.0,343,321,11,51,48,2,388.0,0.06,7.4e-05,31686.0,,,,
3034,8000,17915,1.6693,0.0196,3.2269,4.866,0.01,0.07,7.03,0.95,0.0,649.0,345,293,11,53,45,2,404.0,0.07,7.4e-05,31692.0,,,,
3035,8000,17932,1.6467,0.0342,3.1528,4.931,0.0162,0.08,6.56,0.95,0.0,580.0,292,275,13,50,47,2,452.0,0.07,7.4e-05,31688.0,,,,
3036,8000,17949,1.6777,0.0291,3.2249,4.915,0.0121,0.07,7.81,0.95,0.0,580.0,301,270,9,52,47,2,452.0,0.08,7.4e-05,31682.0,,,,
3037,8000,17965,1.6983,0.0333,3.2553,4.679,0.0138,0.09,4.54,0.94,0.0,576.0,284,288,4,49,50,1,455.0,0.07,7.4e-05,31748.0,,,,
3038,8000,17982,1.6677,0.0245,3.2131,4.717,0.0142,0.08,6.74,0.95,0.0,592.0,310,267,15,52,45,3,443.0,0.07,7.4e-05,31695.0,,,,
3039,8000,17998,1.6649,0.0376,3.1812,4.864,0.0128,0.08,4.33,0.95,0.0,549.0,296,250,3,54,46,1,477.0,0.08,7.4e-05,31709.0,,,,
3040,8000,18015,1.6728,0.0375,3.1974,4.845,0.0139,0.09,4.12,0.95,0.0,583.0,296,281,6,51,48,1,450.0,0.1,7.4e-05,31694.0,,,,
3041,8000,18032,1.8175,0.0527,3.455,4.641,0.0167,0.1,3.03,0.91,0.0,762.0,350,406,6,46,53,1,344.0,0.08,7.4e-05,30640.0,,,,
3042,8000,18049,1.9091,0.02,3.7023,4.556,0.0128,0.09,14.65,0.9,0.0,935.0,411,520,4,44,56,0,280.0,0.05,7.4e-05,31732.0,,,,
3043,8000,18065,1.8434,0.0515,3.5069,4.495,0.0172,0.1,3.55,0.9,0.0,957.0,447,508,2,47,53,0,274.0,0.04,7.4e-05,31735.0,,,,
3044,8000,18082,1.7988,0.0409,3.4384,4.503,0.0128,0.08,4.96,0.92,0.0,846.0,397,447,2,47,53,0,310.0,0.04,7.4e-05,31723.0,,,,
3045,8000,18098,1.7832,0.0469,3.395,4.442,0.0126,0.08,5.51,0.93,0.0,765.0,379,380,6,50,50,1,343.0,0.03,7.4e-05,31742.0,,,,
3046,8000,18115,1.775,0.0465,3.3793,4.46,0.0105,0.08,6.83,0.93,0.0,687.0,303,379,5,44,55,1,382.0,0.02,7.4e-05,31711.0,,,,
3047,8000,18132,1.7244,0.0334,3.3047,4.486,0.0069,0.06,9.23,0.94,0.0,577.0,294,280,3,51,49,1,454.0,0.02,7.4e-05,31732.0,,,,
3048,8000,18148,1.6715,0.0466,3.1741,4.663,0.009,0.07,9.36,0.95,0.0,530.0,292,229,9,55,43,2,495.0,0.02,7.4e-05,31728.0,,,,
3049,8000,18165,1.6145,0.0293,3.0957,4.773,0.008,0.07,7.82,0.95,0.0,480.0,285,187,8,59,39,2,546.0,0.01,7.4e-05,31736.0,229,13,270,45
3050,8000,18197,1.6476,0.0369,3.147,4.788,0.0111,0.08,7.28,0.95,0.0,565.0,366,179,20,65,32,4,464.0,0.01,7.3e-05,31860.0,,,,
3051,8000,18213,1.7026,0.0338,3.2618,4.648,0.0121,0.08,5.49,0.94,0.0,732.0,445,261,26,61,36,4,358.0,0.01,7.3e-05,31796.0,,,,
3052,8000,18230,1.7158,0.031,3.294,4.569,0.0119,0.08,7.01,0.95,0.0,740.0,432,282,26,58,38,4,354.0,0.01,7.3e-05,31722.0,,,,
3053,8000,18246,1.693,0.0353,3.2401,4.643,0.0125,0.08,6.66,0.95,0.0,651.0,390,251,10,60,39,2,403.0,0.02,7.3e-05,31732.0,,,,
3054,8000,18263,1.7086,0.0433,3.2554,4.66,0.0123,0.08,7.14,0.95,0.0,627.0,361,260,6,58,41,1,418.0,0.01,7.3e-05,31731.0,,,,
3055,8000,18280,1.7174,0.0239,3.3105,4.531,0.0149,0.1,4.93,0.94,0.0,631.0,365,251,15,58,40,2,415.0,0.03,7.3e-05,31741.0,,,,
3056,8000,18296,1.7061,0.0129,3.3095,4.494,0.0142,0.09,4.38,0.94,0.0,675.0,373,290,12,55,43,2,388.0,0.05,7.3e-05,31804.0,,,,
3057,8000,18313,1.7002,0.0179,3.2888,4.559,0.0111,0.08,6.92,0.94,0.0,623.0,342,264,17,55,42,3,421.0,0.05,7.3e-05,31800.0,,,,
3058,8000,18329,1.6812,0.0263,3.2357,4.74,0.0166,0.09,4.42,0.93,0.0,569.0,325,234,10,57,41,2,461.0,0.05,7.3e-05,31725.0,,,,
3059,8000,18346,1.6497,0.0185,3.1882,4.759,0.0136,0.08,5.61,0.94,0.0,532.0,289,228,15,54,43,3,493.0,0.07,7.3e-05,31734.0,,,,
3060,8000,18362,1.6005,0.0277,3.0726,4.938,0.0121,0.08,4.54,0.95,0.0,439.0,235,188,16,54,43,4,597.0,0.07,7.3e-05,31747.0,,,,
3061,8000,18380,1.6226,0.0281,3.1161,4.93,0.0129,0.07,5.09,0.94,0.0,528.0,255,251,22,48,48,4,496.0,0.04,7.3e-05,30586.0,,,,
3062,8000,18396,1.537,0.0071,2.9888,5.046,0.0071,0.04,9.55,0.95,0.0,411.0,178,201,32,43,49,8,638.0,0.03,7.3e-05,31711.0,,,,
3063,8000,18413,1.511,0.026,2.8994,5.125,0.0116,0.07,4.09,0.95,0.0,342.0,138,164,40,40,48,12,767.0,0.02,7.3e-05,31698.0,,,,
3064,8000,18429,1.5351,0.0173,2.9637,4.993,0.0085,0.06,8.1,0.94,0.0,349.0,164,147,38,47,42,11,751.0,0.04,7.3e-05,31725.0,,,,
3065,8000,18446,1.5745,0.0267,3.0226,4.734,0.0125,0.08,4.81,0.94,0.0,413.0,198,173,42,48,42,10,635.0,0.05,7.3e-05,31767.0,,,,
3066,8000,18463,1.609,0.015,3.1132,4.678,0.0126,0.08,4.39,0.94,0.0,465.0,243,181,41,52,39,9,564.0,0.04,7.3e-05,31810.0,,,,
3067,8000,18479,1.6232,0.0126,3.1455,4.652,0.0103,0.07,5.75,0.95,0.0,448.0,223,199,26,50,44,6,585.0,0.04,7.3e-05,31743.0,,,,
3068,8000,18496,1.614,0.0082,3.1369,4.783,0.0098,0.07,5.34,0.93,0.0,447.0,241,184,22,54,41,5,586.0,0.04,7.3e-05,31746.0,,,,
3069,8000,18512,1.617,0.0214,3.1165,4.645,0.0123,0.08,5.0,0.94,0.0,478.0,237,206,35,50,43,7,548.0,0.03,7.3e-05,31728.0,,,,
3070,8000,18529,1.601,0.0027,3.1231,4.708,0.0105,0.07,6.57,0.94,0.0,473.0,234,210,29,49,44,6,554.0,0.03,7.3e-05,31719.0,,,,
3071,8000,18545,1.5992,0.0036,3.1167,4.695,0.011,0.07,6.88,0.95,0.0,506.0,249,225,32,49,44,6,518.0,0.02,7.3e-05,31787.0,,,,
3072,8000,18562,1.6181,0.0213,3.1212,4.736,0.0114,0.08,9.0,0.94,0.0,452.0,218,197,37,48,44,8,580.0,0.02,7.3e-05,31735.0,,,,
3073,8000,18579,1.6007,0.03,3.071,4.834,0.0145,0.08,5.17,0.95,0.0,512.0,259,208,45,51,41,9,512.0,0.02,7.3e-05,31731.0,,,,
3074,8000,18595,1.5657,0.0143,3.0326,4.973,0.0103,0.07,4.89,0.96,0.0,467.0,238,204,25,51,44,5,561.0,0.02,7.3e-05,31724.0,,,,
3075,8000,18612,1.5436,0.0196,2.9781,5.082,0.0123,0.07,4.05,0.96,0.0,446.0,235,187,24,53,42,5,588.0,0.02,7.3e-05,31776.0,,,,
3076,8000,18628,1.5285,0.0232,2.9416,5.222,0.0092,0.06,5.49,0.96,0.0,360.0,193,145,22,54,40,6,728.0,0.02,7.3e-05,31719.0,,,,
3077,8000,18645,1.511,0.0151,2.9265,5.289,0.0091,0.05,4.7,0.96,0.0,369.0,164,156,49,44,42,13,710.0,0.03,7.3e-05,31737.0,,,,
3078,8000,18661,1.5204,0.0132,2.9514,5.298,0.0107,0.06,4.07,0.96,0.0,355.0,168,130,57,47,37,16,738.0,0.02,7.3e-05,31742.0,,,,
3079,8000,18678,1.5551,0.0148,3.0132,5.1,0.01,0.07,4.03,0.96,0.0,442.0,198,194,50,45,44,11,593.0,0.03,7.3e-05,31713.0,,,,
3080,8000,18695,1.6044,0.0256,3.0868,4.957,0.011,0.07,4.13,0.95,0.0,507.0,258,217,32,51,43,6,517.0,0.05,7.3e-05,31781.0,,,,
3081,8000,18712,1.6987,0.0142,3.297,4.95,0.0119,0.06,6.55,0.94,0.0,602.0,338,248,16,56,41,3,435.0,0.06,7.3e-05,30616.0,,,,
3082,8000,18728,1.7032,-0.0073,3.3481,4.819,0.0136,0.08,4.17,0.93,0.0,755.0,428,312,15,57,41,2,347.0,0.07,7.3e-05,31715.0,,,,
3083,8000,18745,1.6976,-0.003,3.3279,4.852,0.0147,0.08,3.72,0.94,0.0,851.0,535,304,12,63,36,1,308.0,0.04,7.3e-05,31720.0,,,,
3084,8000,18762,1.7359,0.0148,3.367,4.655,0.0101,0.06,8.45,0.93,0.0,834.0,548,270,16,66,32,2,314.0,0.02,7.3e-05,31724.0,,,,
3085,8000,18778,1.6987,0.0315,3.2596,4.78,0.0113,0.07,7.33,0.94,0.0,748.0,498,247,3,67,33,0,350.0,0.02,7.3e-05,31725.0,,,,
3086,8000,18795,1.6634,0.0142,3.2243,4.827,0.0127,0.06,5.41,0.92,0.0,631.0,392,232,7,62,37,1,415.0,0.02,7.3e-05,31725.0,,,,
3087,8000,18812,1.6606,0.0049,3.236,4.752,0.0064,0.05,21.26,0.94,0.0,558.0,328,215,15,59,39,3,470.0,0.01,7.3e-05,31732.0,,,,
3088,8000,18828,1.6922,0.0032,3.3037,4.704,0.0092,0.06,10.96,0.94,0.0,701.0,428,251,22,61,36,3,374.0,0.01,7.2e-05,31718.0,,,,
3089,8000,18845,1.6895,0.0148,3.2745,4.665,0.0089,0.06,10.53,0.95,0.0,705.0,378,303,24,54,43,3,372.0,0.01,7.2e-05,31736.0,,,,
3090,8000,18861,1.6613,0.0212,3.2042,4.682,0.0141,0.08,5.43,0.96,0.0,680.0,373,295,12,55,43,2,386.0,0.01,7.2e-05,31702.0,,,,
3091,8000,18878,1.6731,0.0196,3.232,4.699,0.0162,0.08,4.93,0.96,0.0,729.0,378,329,22,52,45,3,360.0,0.02,7.2e-05,31727.0,,,,
3092,8000,18894,1.6518,0.0057,3.2166,4.653,0.0141,0.07,5.23,0.95,0.0,724.0,345,362,17,48,50,2,362.0,0.01,7.2e-05,31773.0,,,,
3093,8000,18911,1.6581,-0.0016,3.2429,4.568,0.0103,0.07,5.66,0.95,0.0,639.0,332,294,13,52,46,2,410.0,0.01,7.2e-05,31726.0,,,,
3094,8000,18928,1.7105,0.0021,3.3414,4.624,0.0104,0.06,7.14,0.93,0.0,762.0,401,338,23,53,44,3,344.0,0.02,7.2e-05,31730.0,,,,
3095,8000,18944,1.7187,-0.0085,3.3781,4.566,0.0132,0.08,6.95,0.92,0.0,807.0,416,368,23,52,46,3,325.0,0.01,7.2e-05,31811.0,,,,
3096,8000,18961,1.7232,-0.0081,3.3839,4.517,0.0098,0.06,11.92,0.94,0.0,776.0,451,291,34,58,38,4,338.0,0.02,7.2e-05,31805.0,,,,
3097,8000,18977,1.7333,-0.0003,3.3886,4.447,0.0135,0.07,9.46,0.94,0.0,769.0,457,291,21,59,38,3,341.0,0.02,7.2e-05,31774.0,,,,
3098,8000,18994,1.7092,0.0036,3.3337,4.466,0.0153,0.09,6.17,0.94,0.0,750.0,450,279,21,60,37,3,350.0,0.02,7.2e-05,31724.0,,,,
3099,8000,19011,1.733,0.0031,3.3823,4.406,0.0173,0.09,5.55,0.93,0.0,771.0,447,310,14,58,40,2,340.0,0.03,7.2e-05,31720.0,193,10,309,38
3100,8000,19042,1.727,0.0055,3.366,4.489,0.0126,0.08,12.44,0.93,0.0,709.0,427,267,15,60,38,2,370.0,0.03,7.2e-05,31847.0,,,,
3101,8000,19060,1.6798,0.012,3.2609,4.715,0.0097,0.07,8.89,0.94,0.0,476.0,268,192,16,56,40,3,551.0,0.03,7.2e-05,30657.0,,,,
3102,8000,19076,1.6413,0.0111,3.1883,4.947,0.0124,0.08,6.04,0.94,0.0,441.0,259,173,9,59,39,2,594.0,0.07,7.2e-05,31739.0,,,,
3103,8000,19093,1.7074,-0.0015,3.3433,4.646,0.0139,0.09,3.37,0.92,0.0,624.0,333,278,13,53,45,2,420.0,0.07,7.2e-05,31730.0,,,,
3104,8000,19109,1.7232,-0.0083,3.389,4.505,0.0162,0.1,3.17,0.92,0.0,707.0,345,323,39,49,46,6,371.0,0.07,7.2e-05,31722.0,,,,
3105,8000,19126,1.7107,-0.0084,3.3618,4.472,0.0145,0.08,4.36,0.93,0.0,699.0,378,315,6,54,45,1,375.0,0.08,7.2e-05,31728.0,,,,
3106,8000,19143,1.702,-0.0186,3.3628,4.345,0.0124,0.08,4.96,0.93,0.0,668.0,381,286,1,57,43,0,392.0,0.08,7.2e-05,31724.0,,,,
3107,8000,19159,1.6916,-0.0305,3.3656,4.296,0.0131,0.08,5.97,0.94,0.0,776.0,426,347,3,55,45,0,338.0,0.06,7.2e-05,31786.0,,,,
3108,8000,19176,1.6997,-0.029,3.3779,4.224,0.0115,0.08,6.75,0.94,0.0,751.0,414,333,4,55,44,1,349.0,0.04,7.2e-05,31721.0,,,,
3109,8000,19192,1.686,-0.0259,3.3447,4.218,0.0103,0.07,6.88,0.94,0.0,721.0,362,354,5,50,49,1,364.0,0.03,7.2e-05,31709.0,,,,
3110,8000,19209,1.6959,-0.0209,3.3553,4.272,0.0086,0.07,13.64,0.94,0.0,679.0,342,328,9,50,48,1,386.0,0.04,7.2e-05,31773.0,,,,
3111,8000,19225,1.6947,-0.0109,3.3323,4.218,0.0097,0.07,8.51,0.94,0.0,650.0,311,325,14,48,50,2,403.0,0.05,7.2e-05,31733.0,,,,
3112,8000,19242,1.6316,-0.0094,3.2039,4.32,0.0104,0.07,5.39,0.94,0.0,592.0,352,225,15,59,38,3,443.0,0.05,7.2e-05,31727.0,,,,
3113,8000,19259,1.6313,-0.0019,3.1893,4.445,0.0111,0.08,7.26,0.94,0.0,541.0,288,240,13,53,44,2,485.0,0.05,7.2e-05,31739.0,,,,
3114,8000,19275,1.6401,-0.0032,3.209,4.337,0.0121,0.08,9.0,0.94,0.0,511.0,243,248,20,48,49,4,513.0,0.05,7.2e-05,31728.0,,,,
3115,8000,19292,1.6055,0.0006,3.1345,4.409,0.0117,0.08,4.93,0.95,0.0,528.0,213,280,35,40,53,7,496.0,0.07,7.2e-05,31761.0,,,,
3116,8000,19308,1.6364,-0.0093,3.2166,4.398,0.0079,0.06,9.24,0.94,0.0,549.0,204,300,45,37,55,8,477.0,0.07,7.2e-05,31738.0,,,,
3117,8000,19325,1.6337,-0.0065,3.2065,4.492,0.0126,0.09,4.96,0.94,0.0,567.0,212,316,39,37,56,7,462.0,0.08,7.2e-05,31782.0,,,,
3118,8000,19341,1.6521,-0.0077,3.2441,4.467,0.0095,0.07,6.92,0.94,0.0,565.0,206,332,27,36,59,5,464.0,0.06,7.2e-05,31741.0,,,,
3119,8000,19358,1.6269,-0.0042,3.1848,4.351,0.0131,0.09,4.91,0.94,0.0,593.0,248,331,14,42,56,2,442.0,0.05,7.2e-05,31729.0,,,,
3120,8000,19375,1.6574,0.0074,3.2237,4.47,0.0212,0.09,4.14,0.92,0.0,629.0,274,336,19,44,53,3,417.0,0.05,7.2e-05,31766.0,,,,
3121,8000,19392,1.7117,-0.0062,3.3591,4.407,0.0154,0.1,4.23,0.91,0.0,663.0,323,322,18,49,49,3,395.0,0.07,7.2e-05,30594.0,,,,
3122,8000,19408,1.7481,-0.0071,3.4332,4.293,0.0141,0.09,3.62,0.91,0.0,756.0,337,392,27,45,52,4,347.0,0.1,7.2e-05,31690.0,,,,
3123,8000,19425,1.7909,-0.0083,3.5186,4.113,0.0158,0.1,6.03,0.91,0.0,883.0,367,503,13,42,57,1,297.0,0.1,7.2e-05,31710.0,,,,
3124,8000,19442,1.7785,0.0081,3.4613,4.2,0.0141,0.09,8.01,0.91,0.0,850.0,399,445,6,47,52,1,308.0,0.09,7.2e-05,31774.0,,,,
3125,8000,19458,1.7515,0.0056,3.4123,4.184,0.0098,0.07,12.43,0.93,0.0,764.0,287,467,10,38,61,1,343.0,0.09,7.2e-05,31696.0,,,,
3126,8000,19475,1.7101,-0.0104,3.3611,4.219,0.0106,0.08,6.37,0.93,0.0,738.0,340,388,10,46,53,1,355.0,0.08,7.2e-05,31700.0,,,,
3127,8000,19491,1.7461,-0.0053,3.4228,4.212,0.0098,0.07,8.68,0.93,0.0,768.0,367,389,12,48,51,2,341.0,0.06,7.2e-05,31771.0,,,,
3128,8000,19508,1.7419,0.0099,3.3839,4.212,0.0095,0.07,10.97,0.93,0.0,707.0,351,343,13,50,49,2,371.0,0.04,7.1e-05,31697.0,,,,
3129,8000,19525,1.7852,0.0157,3.4571,4.015,0.0083,0.07,18.05,0.93,0.0,656.0,349,302,5,53,46,1,400.0,0.05,7.1e-05,31756.0,,,,
3130,8000,19541,1.7805,0.0306,3.4173,3.992,0.0086,0.06,13.8,0.93,0.0,662.0,327,320,15,49,48,2,396.0,0.04,7.1e-05,31769.0,,,,
3131,8000,19558,1.7324,0.0271,3.3297,4.102,0.0111,0.08,9.07,0.94,0.0,651.0,318,305,28,49,47,4,403.0,0.03,7.1e-05,31690.0,,,,
3132,8000,19574,1.7782,0.0509,3.3734,4.047,0.0121,0.08,15.22,0.94,0.0,682.0,331,327,24,49,48,4,384.0,0.02,7.1e-05,31700.0,,,,
3133,8000,19591,1.7771,0.028,3.4176,3.949,0.0089,0.07,15.76,0.94,0.0,713.0,348,347,18,49,49,3,368.0,0.03,7.1e-05,31717.0,,,,
3134,8000,19608,1.7909,0.0477,3.4065,3.982,0.0135,0.1,6.9,0.94,0.0,729.0,375,334,20,51,46,3,360.0,0.03,7.1e-05,31701.0,,,,
3135,8000,19624,1.7701,0.0206,3.4179,3.926,0.0132,0.1,12.83,0.95,0.0,746.0,368,360,18,49,48,2,351.0,0.03,7.1e-05,31698.0,,,,
3136,8000,19641,1.8252,0.0323,3.5045,3.96,0.0103,0.08,9.31,0.94,0.0,901.0,458,426,17,51,47,2,291.0,0.02,7.1e-05,31699.0,,,,
3137,8000,19657,1.8028,0.0185,3.4881,4.01,0.0145,0.1,6.66,0.93,0.0,846.0,421,415,10,50,49,1,310.0,0.02,7.1e-05,31686.0,,,,
3138,8000,19674,1.8177,0.0224,3.5092,3.949,0.015,0.1,6.38,0.93,0.0,889.0,437,443,9,49,50,1,295.0,0.02,7.1e-05,31717.0,,,,
3139,8000,19691,1.8125,0.014,3.514,3.789,0.0127,0.09,6.4,0.93,0.0,881.0,471,408,2,53,46,0,298.0,0.02,7.1e-05,31696.0,,,,
3140,8000,19707,1.808,0.0186,3.497,3.897,0.0138,0.11,7.49,0.93,0.0,853.0,430,417,6,50,49,1,307.0,0.01,7.1e-05,31682.0,,,,
3141,8000,19724,1.8008,0.0174,3.4862,4.106,0.0119,0.09,13.25,0.91,0.0,716.0,377,326,13,53,46,2,366.0,0.02,7.1e-05,30628.0,,,,
3142,8000,19741,1.6913,-0.0006,3.3025,4.065,0.0102,0.08,6.87,0.92,0.0,563.0,272,283,8,48,50,1,466.0,0.03,7.1e-05,31730.0,,,,
3143,8000,19758,1.6734,0.0004,3.2661,4.191,0.0138,0.09,5.58,0.92,0.0,530.0,269,242,19,51,46,4,495.0,0.04,7.1e-05,31736.0,,,,
3144,8000,19774,1.6975,-0.0093,3.3338,4.163,0.0144,0.1,4.36,0.92,0.0,645.0,304,333,8,47,52,1,406.0,0.03,7.1e-05,31727.0,,,,
3145,8000,19791,1.6772,-0.0016,3.2795,4.354,0.0127,0.09,4.99,0.92,0.0,688.0,346,335,7,50,49,1,381.0,0.02,7.1e-05,31796.0,,,,
3146,8000,19807,1.6813,-0.0127,3.3105,4.46,0.0103,0.08,7.75,0.92,0.0,609.0,303,300,6,50,49,1,430.0,0.02,7.1e-05,31803.0,,,,
3147,8000,19824,1.695,0.0014,3.3088,4.337,0.0114,0.08,5.75,0.91,0.0,621.0,321,295,5,52,48,1,422.0,0.01,7.1e-05,31712.0,,,,
3148,8000,19840,1.6931,0.0017,3.3054,4.431,0.0158,0.09,4.64,0.92,0.0,687.0,350,335,2,51,49,0,382.0,0.01,7.1e-05,31715.0,,,,
3149,8000,19857,1.7232,0.0027,3.3615,4.249,0.0098,0.07,7.53,0.92,0.0,680.0,360,313,7,53,46,1,386.0,0.02,7.1e-05,31741.0,296,3,213,58
3150,8000,19889,1.7141,0.0078,3.334,4.304,0.0119,0.08,5.72,0.93,0.0,700.0,345,354,1,49,51,0,374.0,0.02,7.1e-05,31939.0,,,,
3151,8000,19905,1.7014,0.0084,3.3081,4.367,0.0114,0.08,4.56,0.92,0.0,684.0,341,341,2,50,50,0,383.0,0.02,7.1e-05,31733.0,,,,
3152,8000,19922,1.7598,0.0117,3.418,4.321,0.0121,0.09,5.89,0.92,0.0,741.0,366,374,1,49,50,0,354.0,0.03,7.1e-05,31726.0,,,,
3153,8000,19939,1.7882,0.0162,3.4651,4.226,0.0125,0.09,5.4,0.92,0.0,816.0,410,404,2,50,50,0,321.0,0.03,7.1e-05,31723.0,,,,
3154,8000,19955,1.8097,0.0182,3.5042,4.247,0.0107,0.08,5.19,0.92,0.0,883.0,423,457,3,48,52,0,297.0,0.03,7.1e-05,31745.0,,,,
3155,8000,19972,1.832,0.0248,3.5353,4.181,0.0141,0.09,4.34,0.91,0.0,911.0,431,477,3,47,52,0,288.0,0.01,7.1e-05,31775.0,,,,
3156,8000,19988,1.8014,0.0204,3.4831,4.214,0.0127,0.09,5.46,0.92,0.0,856.0,403,450,3,47,53,0,306.0,0.01,7.1e-05,31786.0,,,,
3157,8000,20005,1.8147,0.0244,3.5005,4.084,0.0121,0.09,5.14,0.92,0.0,843.0,405,437,1,48,52,0,311.0,0.01,7.1e-05,31727.0,,,,
3158,8000,20022,1.8304,0.0129,3.554,4.015,0.0111,0.08,7.06,0.92,0.0,856.0,424,431,1,50,50,0,306.0,0.01,7.1e-05,31726.0,,,,
3159,8000,20038,1.7946,0.015,3.4783,4.029,0.0142,0.1,3.91,0.92,0.0,911.0,444,464,3,49,51,0,288.0,0.01,7.1e-05,31733.0,,,,
3160,8000,20055,1.7993,0.0235,3.4709,4.061,0.0123,0.09,4.48,0.92,0.0,885.0,457,423,5,52,48,1,296.0,0.01,7.1e-05,31760.0,,,,
3161,8000,20072,1.8014,0.0017,3.5202,4.235,0.0115,0.08,5.08,0.91,0.0,882.0,466,414,2,53,47,0,297.0,0.02,7.1e-05,30598.0,,,,
3162,8000,20089,1.8197,0.0157,3.5273,4.068,0.0144,0.1,4.76,0.92,0.0,863.0,459,402,2,53,47,0,304.0,0.04,7.1e-05,31741.0,,,,
3163,8000,20105,1.8347,0.011,3.5665,4.051,0.0124,0.09,5.35,0.91,0.0,889.0,437,449,3,49,51,0,295.0,0.06,7.1e-05,31794.0,,,,
3164,8000,20122,1.8211,0.0352,3.4912,4.072,0.0147,0.1,3.59,0.91,0.0,903.0,470,433,0,52,48,0,290.0,0.07,7.1e-05,31758.0,,,,
3165,8000,20138,1.795,0.0087,3.4917,4.013,0.0124,0.09,4.55,0.92,0.0,915.0,484,422,9,53,46,1,286.0,0.05,7.1e-05,31733.0,,,,
3166,8000,20155,1.7921,0.0022,3.4987,4.045,0.0102,0.08,5.63,0.92,0.0,946.0,494,448,4,52,47,0,277.0,0.05,7.1e-05,31717.0,,,,
3167,8000,20171,1.785,0.0007,3.4868,3.976,0.014,0.1,5.49,0.92,0.0,933.0,509,418,6,55,45,1,281.0,0.05,7.1e-05,31731.0,,,,
3168,8000,20188,1.8065,0.0207,3.4906,4.072,0.0107,0.08,7.52,0.93,0.0,968.0,535,431,2,55,45,0,271.0,0.04,7e-05,31725.0,,,,
3169,8000,20205,1.7916,0.0035,3.4937,3.906,0.0105,0.08,6.59,0.93,0.0,917.0,449,461,7,49,50,1,286.0,0.02,7e-05,31738.0,,,,
3170,8000,20221,1.7841,0.0042,3.4781,3.968,0.0098,0.08,7.0,0.94,0.0,893.0,487,403,3,55,45,0,294.0,0.03,7e-05,31713.0,,,,
3171,8000,20238,1.7941,0.0106,3.4843,3.887,0.0111,0.08,8.87,0.94,0.0,877.0,460,415,2,52,47,0,299.0,0.04,7e-05,31779.0,,,,
3172,8000,20254,1.7828,0.0175,3.4483,3.892,0.0115,0.08,8.68,0.94,0.0,844.0,450,389,5,53,46,1,311.0,0.03,7e-05,31730.0,,,,
3173,8000,20271,1.7908,0.0178,3.4636,3.871,0.009,0.08,7.29,0.94,0.0,820.0,406,411,3,50,50,0,320.0,0.04,7e-05,31748.0,,,,
3174,8000,20288,1.7474,0.0151,3.3818,3.857,0.0121,0.09,6.33,0.95,0.0,778.0,372,397,9,48,51,1,337.0,0.04,7e-05,31731.0,,,,
3175,8000,20304,1.7872,0.0086,3.4732,3.76,0.0135,0.09,11.43,0.94,0.0,778.0,373,404,1,48,52,0,337.0,0.06,7e-05,31739.0,,,,
3176,8000,20321,1.7753,0.0317,3.4049,3.883,0.0109,0.07,13.24,0.95,0.0,723.0,348,367,8,48,51,1,363.0,0.07,7e-05,31802.0,,,,
3177,8000,20337,1.7536,0.0285,3.3692,3.98,0.0102,0.08,10.93,0.95,0.0,740.0,354,379,7,48,51,1,354.0,0.04,7e-05,31727.0,,,,
3178,8000,20354,1.7703,0.0275,3.4028,3.822,0.0172,0.1,7.85,0.94,0.0,756.0,326,426,4,43,56,1,347.0,0.03,7e-05,31727.0,,,,
3179,8000,20370,1.7612,0.0067,3.4271,3.898,0.0116,0.08,9.91,0.94,0.0,770.0,351,416,3,46,54,0,340.0,0.04,7e-05,31794.0,,,,
3180,8000,20387,1.7409,0.0126,3.3751,3.937,0.0117,0.08,8.82,0.95,0.0,714.0,348,359,7,49,50,1,367.0,0.05,7e-05,31728.0,,,,
3181,8000,20404,1.7449,0.0229,3.3615,3.941,0.0136,0.08,11.64,0.94,0.0,599.0,282,311,6,47,52,1,438.0,0.06,7e-05,30690.0,,,,
3182,8000,20421,1.6894,0.022,3.2513,3.855,0.0074,0.06,15.6,0.94,0.0,525.0,252,263,10,48,50,2,499.0,0.05,7e-05,31745.0,,,,
3183,8000,20437,1.7299,0.0118,3.3546,3.997,0.0118,0.08,10.25,0.93,0.0,586.0,276,302,8,47,52,1,447.0,0.04,7e-05,31737.0,,,,
3184,8000,20454,1.7842,0.0183,3.4503,3.97,0.0138,0.09,10.66,0.93,0.0,765.0,377,371,17,49,48,2,343.0,0.03,7e-05,31816.0,,,,
3185,8000,20470,1.7675,0.0214,3.4094,3.94,0.0183,0.1,8.1,0.93,0.0,727.0,383,338,6,53,46,1,361.0,0.02,7e-05,31756.0,,,,
3186,8000,20487,1.7567,0.0214,3.3872,3.859,0.01,0.07,15.74,0.94,0.0,716.0,354,348,14,49,49,2,366.0,0.04,7e-05,31799.0,,,,
3187,8000,20503,1.7607,0.0184,3.4021,3.917,0.0132,0.09,7.6,0.93,0.0,849.0,407,424,18,48,50,2,309.0,0.05,7e-05,31765.0,,,,
3188,8000,20520,1.8243,0.0248,3.5164,3.833,0.0168,0.09,20.88,0.94,0.0,806.0,388,383,35,48,48,4,325.0,0.05,7e-05,31767.0,,,,
3189,8000,20537,1.805,0.0303,3.4668,3.833,0.0124,0.08,13.35,0.93,0.0,773.0,391,368,14,51,48,2,339.0,0.05,7e-05,31800.0,,,,
3190,8000,20553,1.7586,0.0227,3.3871,3.714,0.016,0.1,7.22,0.94,0.0,766.0,395,365,6,52,48,1,342.0,0.03,7e-05,31753.0,,,,
3191,8000,20570,1.7576,0.0272,3.3768,3.772,0.0194,0.11,7.47,0.94,0.0,777.0,406,358,13,52,46,2,337.0,0.03,7e-05,31755.0,,,,
3192,8000,20586,1.7662,0.0309,3.3873,3.841,0.0149,0.1,7.43,0.93,0.0,738.0,395,336,7,54,46,1,355.0,0.02,7e-05,31748.0,,,,
3193,8000,20603,1.7592,0.0283,3.3772,3.784,0.0167,0.1,8.71,0.93,0.0,727.0,404,316,7,56,43,1,361.0,0.02,7e-05,31753.0,,,,
3194,8000,20619,1.7472,0.0093,3.3923,3.856,0.0087,0.07,12.56,0.93,0.0,692.0,376,308,8,54,45,1,379.0,0.01,7e-05,31797.0,,,,
3195,8000,20636,1.7368,0.0323,3.327,3.93,0.0122,0.09,12.0,0.93,0.0,690.0,376,297,17,54,43,2,380.0,0.02,7e-05,31759.0,,,,
3196,8000,20653,1.7215,0.0155,3.329,3.85,0.0112,0.09,9.43,0.93,0.0,627.0,342,268,17,55,43,3,418.0,0.02,7e-05,31757.0,,,,
3197,8000,20669,1.7173,-0.0021,3.3577,3.953,0.0125,0.09,13.55,0.93,0.0,650.0,358,270,22,55,42,3,403.0,0.04,7e-05,31747.0,,,,
3198,8000,20686,1.6885,0.0075,3.2821,4.042,0.0174,0.11,9.54,0.93,0.0,636.0,324,284,28,51,45,4,412.0,0.04,7e-05,31754.0,,,,
3199,8000,20702,1.6618,0.0021,3.2416,4.072,0.0116,0.09,8.8,0.94,0.0,607.0,310,253,44,51,42,7,432.0,0.03,7e-05,31760.0,252,1,259,49
3200,8000,20734,1.6223,0.0046,3.1569,4.144,0.0158,0.1,5.4,0.94,0.0,597.0,288,276,33,48,46,6,439.0,0.02,7e-05,31958.0,,,,
3201,8000,20751,1.6778,0.0052,3.268,4.153,0.0148,0.09,7.31,0.92,0.0,603.0,255,302,46,42,50,8,435.0,0.03,7e-05,30626.0,,,,
3202,8000,20768,1.5943,-0.0089,3.1321,4.357,0.0103,0.08,13.44,0.93,0.0,450.0,197,214,39,44,48,9,583.0,0.01,7e-05,31746.0,,,,
3203,8000,20784,1.5316,-0.0009,2.9948,4.492,0.0108,0.08,6.08,0.93,0.0,388.0,146,189,53,38,49,14,676.0,0.02,7e-05,31770.0,,,,
3204,8000,20801,1.5034,-0.0098,2.9561,4.462,0.0117,0.08,5.7,0.94,0.0,375.0,138,182,55,37,49,15,699.0,0.03,7e-05,31739.0,,,,
3205,8000,20818,1.5606,0.0004,3.0492,4.34,0.0132,0.08,6.66,0.93,0.0,462.0,157,220,85,34,48,18,567.0,0.02,7e-05,31754.0,,,,
3206,8000,20834,1.6137,0.0077,3.1373,4.331,0.0155,0.1,4.55,0.92,0.0,525.0,197,265,63,38,50,12,499.0,0.03,7e-05,31716.0,,,,
3207,8000,20851,1.6326,0.0045,3.1798,4.293,0.0121,0.08,6.4,0.93,0.0,603.0,249,303,51,41,50,8,435.0,0.02,7e-05,31753.0,,,,
3208,8000,20867,1.6463,0.0056,3.2066,4.432,0.0105,0.08,6.96,0.93,0.0,582.0,262,263,57,45,45,10,450.0,0.02,7e-05,31717.0,,,,
3209,8000,20884,1.6327,0.0054,3.1788,4.416,0.0158,0.1,6.53,0.93,0.0,612.0,275,301,36,45,49,6,428.0,0.02,6.9e-05,31716.0,,,,
3210,8000,20900,1.6555,-0.0025,3.24,4.406,0.0099,0.07,7.44,0.93,0.0,615.0,263,324,28,43,53,5,426.0,0.02,6.9e-05,31729.0,,,,
3211,8000,20917,1.6889,0.0041,3.2939,4.314,0.0119,0.09,4.69,0.92,0.0,682.0,273,359,50,40,53,7,384.0,0.01,6.9e-05,31734.0,,,,
3212,8000,20934,1.7323,0.0123,3.3632,4.193,0.013,0.09,5.16,0.92,0.0,781.0,311,422,48,40,54,6,336.0,0.02,6.9e-05,31789.0,,,,
3213,8000,20950,1.7682,0.0138,3.4319,4.206,0.0148,0.09,5.31,0.92,0.0,842.0,317,480,45,38,57,5,311.0,0.02,6.9e-05,31711.0,,,,
3214,8000,20967,1.7326,0.0152,3.358,4.208,0.0159,0.1,3.71,0.92,0.0,826.0,321,468,37,39,57,4,317.0,0.02,6.9e-05,31781.0,,,,
3215,8000,20983,1.7076,0.0088,3.3214,4.262,0.0131,0.09,5.14,0.92,0.0,708.0,283,392,33,40,55,5,370.0,0.02,6.9e-05,31727.0,,,,
3216,8000,21000,1.6387,0.0159,3.1716,4.514,0.0128,0.08,4.36,0.93,0.0,616.0,260,327,29,42,53,5,426.0,0.02,6.9e-05,31775.0,,,,
3217,8000,21016,1.6109,0.0111,3.1277,4.656,0.0087,0.06,5.77,0.94,0.0,534.0,204,286,44,38,54,8,491.0,0.02,6.9e-05,31780.0,,,,
3218,8000,21033,1.6115,0.0186,3.1148,4.65,0.0117,0.08,4.14,0.93,0.0,558.0,229,269,60,41,48,11,470.0,0.01,6.9e-05,31742.0,,,,
3219,8000,21050,1.5898,0.0119,3.0867,4.605,0.01,0.07,4.86,0.94,0.0,538.0,213,263,62,40,49,12,487.0,0.02,6.9e-05,31704.0,,,,
3220,8000,21066,1.6402,0.0214,3.1687,4.569,0.0097,0.06,7.98,0.94,0.0,574.0,218,287,69,38,50,12,457.0,0.02,6.9e-05,31720.0,,,,
3221,8000,21083,1.6332,0.0268,3.1415,4.717,0.0087,0.06,7.08,0.93,0.0,522.0,240,226,56,46,43,11,502.0,0.02,6.9e-05,30646.0,,,,
3222,8000,21100,1.6134,0.0242,3.1076,4.744,0.01,0.07,5.51,0.93,0.0,499.0,207,219,73,41,44,15,525.0,0.02,6.9e-05,31746.0,,,,
3223,8000,21117,1.5652,0.0249,3.0112,4.862,0.0113,0.08,5.61,0.93,0.0,484.0,223,191,70,46,39,14,542.0,0.03,6.9e-05,31753.0,,,,
3224,8000,21133,1.5784,0.0235,3.0393,4.765,0.0097,0.07,5.05,0.94,0.0,473.0,219,192,62,46,41,13,554.0,0.03,6.9e-05,31783.0,,,,
3225,8000,21150,1.6121,0.0181,3.1209,4.645,0.0092,0.07,8.77,0.94,0.0,525.0,245,192,88,47,37,17,499.0,0.03,6.9e-05,31744.0,,,,
3226,8000,21166,1.5875,0.0157,3.075,4.647,0.0101,0.07,6.71,0.94,0.0,533.0,225,220,88,42,41,17,492.0,0.02,6.9e-05,31726.0,,,,
3227,8000,21183,1.5909,0.0148,3.0809,4.658,0.0117,0.07,6.85,0.93,0.0,493.0,218,211,64,44,43,13,532.0,0.03,6.9e-05,31751.0,,,,
3228,8000,21199,1.5423,0.0151,2.9852,4.754,0.0099,0.08,4.75,0.95,0.0,461.0,217,188,56,47,41,12,569.0,0.03,6.9e-05,31751.0,,,,
3229,8000,21216,1.5769,0.0141,3.0578,4.745,0.01,0.07,7.01,0.94,0.0,467.0,215,166,86,46,36,18,561.0,0.02,6.9e-05,31793.0,,,,
3230,8000,21233,1.5507,0.0156,3.0044,4.853,0.0121,0.07,4.71,0.94,0.0,506.0,205,221,80,41,44,16,518.0,0.03,6.9e-05,31738.0,,,,
3231,8000,21249,1.4884,0.0104,2.8926,5.027,0.0112,0.07,5.04,0.95,0.0,437.0,174,187,76,40,43,17,600.0,0.02,6.9e-05,31733.0,,,,
3232,8000,21266,1.4978,0.011,2.9095,5.061,0.0094,0.06,8.58,0.96,0.0,364.0,127,165,72,35,45,20,720.0,0.01,6.9e-05,31736.0,,,,
3233,8000,21282,1.4851,0.0095,2.8879,5.112,0.0094,0.06,4.93,0.95,0.0,389.0,128,190,71,33,49,18,674.0,0.01,6.9e-05,31787.0,,,,
3234,8000,21299,1.5196,0.0205,2.9392,5.068,0.0107,0.07,4.44,0.96,0.0,444.0,140,195,109,32,44,25,590.0,0.01,6.9e-05,31756.0,,,,
3235,8000,21315,1.5695,0.0251,3.0272,5.013,0.0083,0.05,5.7,0.96,0.0,460.0,157,206,97,34,45,21,570.0,0.01,6.9e-05,31737.0,,,,
3236,8000,21332,1.5528,0.0226,2.9968,5.042,0.0079,0.05,6.2,0.96,0.0,430.0,154,207,69,36,48,16,610.0,0.02,6.9e-05,31808.0,,,,
3237,8000,21349,1.5166,0.0212,2.926,5.125,0.008,0.05,6.52,0.96,0.0,380.0,158,168,54,42,44,14,690.0,0.03,6.9e-05,31739.0,,,,
3238,8000,21365,1.5405,0.0231,2.9707,5.023,0.0107,0.07,4.65,0.96,0.0,422.0,167,181,74,40,43,18,621.0,0.02,6.9e-05,31754.0,,,,
3239,8000,21382,1.5713,0.032,3.0118,4.958,0.0109,0.07,4.63,0.96,0.0,430.0,187,175,68,43,41,16,610.0,0.03,6.9e-05,31754.0,,,,
3240,8000,21398,1.5595,0.0344,2.9822,5.001,0.0139,0.08,3.39,0.95,0.0,440.0,173,213,54,39,48,12,596.0,0.04,6.9e-05,31813.0,,,,
3241,8000,21415,1.6142,0.03,3.1008,4.944,0.0116,0.08,3.98,0.94,0.0,467.0,203,209,55,43,45,12,561.0,0.04,6.9e-05,30531.0,,,,
3242,8000,21432,1.6271,0.0332,3.1187,5.042,0.008,0.06,8.62,0.94,0.0,445.0,188,202,55,42,45,12,589.0,0.05,6.9e-05,31644.0,,,,
3243,8000,21449,1.6522,0.0417,3.1509,5.061,0.0081,0.06,6.53,0.93,0.0,529.0,203,279,47,38,53,9,496.0,0.05,6.9e-05,31633.0,,,,
3244,8000,21465,1.6438,0.0423,3.1315,5.015,0.0101,0.07,4.29,0.93,0.0,493.0,216,249,28,44,51,6,532.0,0.04,6.9e-05,31702.0,,,,
3245,8000,21482,1.6083,0.046,3.056,5.087,0.0098,0.07,3.86,0.95,0.0,491.0,208,238,45,42,48,9,534.0,0.05,6.9e-05,31642.0,,,,
3246,8000,21499,1.5771,0.0288,3.0259,5.05,0.0093,0.06,4.58,0.95,0.0,385.0,159,197,29,41,51,8,681.0,0.07,6.9e-05,31647.0,,,,
3247,8000,21515,1.5913,0.0301,3.0526,4.979,0.0094,0.07,3.41,0.95,0.0,446.0,194,205,47,43,46,11,588.0,0.06,6.9e-05,31652.0,,,,
3248,8000,21532,1.6006,0.0274,3.0745,4.856,0.0087,0.07,3.68,0.94,0.0,447.0,210,200,37,47,45,8,586.0,0.09,6.9e-05,31647.0,,,,
3249,8000,21549,1.616,0.032,3.0969,4.769,0.0081,0.06,3.75,0.95,0.0,480.0,211,213,56,44,44,12,546.0,0.1,6.9e-05,31653.0,214,1,297,42
3250,8000,21580,1.6442,0.0367,3.1424,4.799,0.0098,0.06,4.2,0.94,0.0,507.0,251,215,41,50,42,8,517.0,0.1,6.9e-05,31785.0,,,,
3251,8000,21597,1.644,0.0234,3.1668,4.705,0.0048,0.04,10.41,0.95,0.0,470.0,217,222,31,46,47,7,558.0,0.11,6.9e-05,31690.0,,,,
3252,8000,21614,1.62,0.0287,3.1105,4.763,0.0077,0.06,5.69,0.94,0.0,459.0,216,205,38,47,45,8,571.0,0.09,6.8e-05,31690.0,,,,
3253,8000,21630,1.6212,0.0269,3.1153,4.749,0.0061,0.05,7.45,0.95,0.0,426.0,199,194,33,47,46,8,615.0,0.1,6.8e-05,31700.0,,,,
3254,8000,21647,1.6202,0.0352,3.0992,4.715,0.008,0.06,5.41,0.95,0.0,432.0,190,190,52,44,44,12,607.0,0.12,6.8e-05,31706.0,,,,
3255,8000,21663,1.6001,0.0289,3.0708,4.791,0.0098,0.06,4.26,0.95,0.0,448.0,219,192,37,49,43,8,585.0,0.12,6.8e-05,31641.0,,,,
3256,8000,21680,1.5726,0.0151,3.0454,4.86,0.0082,0.06,6.01,0.95,0.0,413.0,194,175,44,47,42,11,635.0,0.1,6.8e-05,31688.0,,,,
3257,8000,21697,1.6136,0.0249,3.1077,4.887,0.0098,0.06,6.02,0.95,0.0,453.0,216,190,47,48,42,10,579.0,0.09,6.8e-05,31640.0,,,,
3258,8000,21713,1.5472,0.0223,2.9804,4.888,0.0098,0.07,4.3,0.95,0.0,376.0,160,174,42,43,46,11,697.0,0.09,6.8e-05,31695.0,,,,
3259,8000,21730,1.5378,0.0189,2.9686,5.014,0.0076,0.06,5.48,0.95,0.0,362.0,135,172,55,37,48,15,724.0,0.08,6.8e-05,31654.0,,,,
3260,8000,21747,1.552,0.0222,2.9925,5.052,0.01,0.06,3.85,0.95,0.0,414.0,156,190,68,38,46,16,633.0,0.1,6.8e-05,31652.0,,,,
3261,8000,21764,1.5603,0.008,3.0368,5.085,0.0096,0.06,5.07,0.94,0.0,351.0,163,147,41,46,42,12,747.0,0.11,6.8e-05,30651.0,,,,
3262,8000,21780,1.5831,0.0022,3.0922,4.961,0.0099,0.06,4.77,0.93,0.0,424.0,208,165,51,49,39,12,618.0,0.11,6.8e-05,31749.0,,,,
3263,8000,21797,1.5973,0.0001,3.1258,4.928,0.0087,0.06,5.97,0.93,0.0,448.0,203,197,48,45,44,11,585.0,0.08,6.8e-05,31793.0,,,,
3264,8000,21813,1.6225,0.0046,3.1658,4.863,0.0094,0.07,4.9,0.93,0.0,517.0,226,240,51,44,46,10,507.0,0.05,6.8e-05,31744.0,,,,
3265,8000,21830,1.6482,0.0037,3.2168,4.759,0.0096,0.07,5.85,0.93,0.0,545.0,275,242,28,50,44,5,481.0,0.04,6.8e-05,31738.0,,,,
3266,8000,21847,1.6911,0.003,3.3015,4.654,0.01,0.07,5.47,0.93,0.0,623.0,281,318,24,45,51,4,421.0,0.04,6.8e-05,31797.0,,,,
3267,8000,21863,1.6399,0.0073,3.1923,4.8,0.0079,0.06,7.44,0.94,0.0,521.0,258,246,17,50,47,3,503.0,0.06,6.8e-05,31751.0,,,,
3268,8000,21880,1.6304,0.0069,3.1739,4.894,0.0058,0.04,16.06,0.95,0.0,436.0,218,197,21,50,45,5,601.0,0.08,6.8e-05,31784.0,,,,
3269,8000,21896,1.5958,0.0114,3.0952,4.836,0.0064,0.05,9.2,0.95,0.0,416.0,194,202,20,47,49,5,630.0,0.09,6.8e-05,31772.0,,,,
3270,8000,21913,1.6109,0.004,3.1413,4.856,0.0076,0.05,8.42,0.95,0.0,476.0,249,201,26,52,42,5,551.0,0.11,6.8e-05,31746.0,,,,
3271,8000,21929,1.6136,0.0158,3.1231,4.847,0.0098,0.06,6.74,0.95,0.0,450.0,235,191,24,52,42,5,583.0,0.11,6.8e-05,31804.0,,,,
3272,8000,21946,1.6034,0.0092,3.1159,4.91,0.0093,0.06,9.22,0.94,0.0,421.0,232,170,19,55,40,5,623.0,0.1,6.8e-05,31753.0,,,,
3273,8000,21963,1.6413,0.011,3.1867,4.706,0.014,0.08,4.36,0.93,0.0,490.0,279,195,16,57,40,3,535.0,0.09,6.8e-05,31751.0,,,,
3274,8000,21979,1.6514,0.0067,3.2161,4.789,0.0152,0.08,4.98,0.93,0.0,554.0,281,259,14,51,47,3,473.0,0.08,6.8e-05,31739.0,,,,
3275,8000,21996,1.6838,0.0063,3.2804,4.642,0.0092,0.06,7.46,0.93,0.0,530.0,282,235,13,53,44,2,495.0,0.06,6.8e-05,31747.0,,,,
3276,8000,22012,1.6511,0.0036,3.2189,4.601,0.0094,0.07,6.58,0.93,0.0,541.0,280,253,8,52,47,1,485.0,0.06,6.8e-05,31808.0,,,,
3277,8000,22029,1.6389,0.0177,3.1667,4.635,0.0096,0.06,7.71,0.94,0.0,463.0,232,221,10,50,48,2,566.0,0.05,6.8e-05,31723.0,,,,
3278,8000,22045,1.6011,0.0163,3.0944,4.675,0.0103,0.07,4.29,0.94,0.0,458.0,240,207,11,52,45,2,572.0,0.05,6.8e-05,31737.0,,,,
3279,8000,22062,1.6403,0.0164,3.1717,4.484,0.0095,0.07,5.86,0.93,0.0,497.0,223,260,14,45,52,3,527.0,0.04,6.8e-05,31741.0,,,,
3280,8000,22079,1.6329,0.0226,3.1445,4.56,0.0124,0.08,4.0,0.94,0.0,453.0,210,233,10,46,51,2,579.0,0.06,6.8e-05,31729.0,,,,
3281,8000,22096,1.6823,0.0224,3.246,4.671,0.012,0.08,4.19,0.92,0.0,547.0,274,254,19,50,46,3,479.0,0.07,6.8e-05,30597.0,,,,
3282,8000,22112,1.6579,0.0101,3.2212,4.681,0.0088,0.06,5.75,0.92,0.0,550.0,265,273,12,48,50,2,477.0,0.08,6.8e-05,31701.0,,,,
3283,8000,22129,1.679,0.0233,3.2372,4.573,0.0142,0.08,6.11,0.93,0.0,577.0,243,315,19,42,55,3,454.0,0.09,6.8e-05,31649.0,,,,
3284,8000,22146,1.6451,0.013,3.1898,4.636,0.0135,0.08,4.06,0.93,0.0,541.0,219,301,21,40,56,4,485.0,0.09,6.8e-05,31733.0,,,,
3285,8000,22162,1.5672,-0.001,3.0636,4.764,0.0098,0.07,5.43,0.95,0.0,461.0,210,233,18,46,51,4,569.0,0.08,6.8e-05,31742.0,,,,
3286,8000,22179,1.6507,0.0137,3.2002,4.682,0.0096,0.07,5.9,0.93,0.0,558.0,239,292,27,43,52,5,470.0,0.08,6.8e-05,31751.0,,,,
3287,8000,22195,1.6552,0.013,3.2099,4.533,0.0123,0.08,3.85,0.93,0.0,587.0,249,315,23,42,54,4,447.0,0.07,6.8e-05,31724.0,,,,
3288,8000,22212,1.6604,0.0064,3.2328,4.487,0.0126,0.08,4.44,0.93,0.0,667.0,293,347,27,44,52,4,393.0,0.07,6.8e-05,31745.0,,,,
3289,8000,22228,1.68,-0.004,3.293,4.458,0.0083,0.06,8.05,0.93,0.0,605.0,298,283,24,49,47,4,433.0,0.07,6.8e-05,31710.0,,,,
3290,8000,22245,1.6895,0.0028,3.2988,4.465,0.0107,0.07,5.36,0.93,0.0,659.0,276,353,30,42,54,5,398.0,0.06,6.8e-05,31741.0,,,,
3291,8000,22262,1.6443,-0.0079,3.2303,4.553,0.0125,0.08,3.5,0.93,0.0,637.0,294,317,26,46,50,4,412.0,0.06,6.8e-05,31779.0,,,,
3292,8000,22278,1.6399,-0.0033,3.2117,4.532,0.0107,0.07,5.11,0.93,0.0,573.0,247,305,21,43,53,4,457.0,0.05,6.8e-05,31731.0,,,,
3293,8000,22295,1.5904,-0.0047,3.1176,4.54,0.0122,0.07,4.06,0.94,0.0,511.0,221,259,31,43,51,6,513.0,0.04,6.8e-05,31746.0,,,,
3294,8000,22311,1.5926,-0.0065,3.1271,4.638,0.0097,0.06,6.25,0.94,0.0,508.0,222,244,42,44,48,8,516.0,0.04,6.8e-05,31748.0,,,,
3295,8000,22328,1.5594,0.0012,3.0492,4.74,0.0118,0.07,4.17,0.95,0.0,506.0,196,244,66,39,48,13,518.0,0.03,6.8e-05,31710.0,,,,
3296,8000,22344,1.6033,0.0011,3.136,4.729,0.0096,0.06,4.85,0.94,0.0,633.0,302,273,58,48,43,9,414.0,0.03,6.7e-05,31742.0,,,,
3297,8000,22361,1.6413,0.0074,3.1946,4.537,0.0119,0.08,5.33,0.94,0.0,606.0,282,292,32,47,48,5,433.0,0.02,6.7e-05,31742.0,,,,
3298,8000,22378,1.637,0.0137,3.1728,4.507,0.0101,0.07,6.68,0.94,0.0,636.0,267,328,41,42,52,6,412.0,0.02,6.7e-05,31714.0,,,,
3299,8000,22394,1.6322,0.0174,3.159,4.506,0.014,0.07,4.23,0.94,0.0,601.0,267,296,38,44,49,6,436.0,0.03,6.7e-05,31731.0,198,6,308,39
3300,8000,22426,1.6042,0.0202,3.0998,4.649,0.0108,0.06,5.17,0.95,0.0,540.0,231,264,45,43,49,8,485.0,0.03,6.7e-05,31857.0,,,,
3301,8000,22443,1.651,0.0217,3.1872,4.569,0.0121,0.07,4.35,0.93,0.0,526.0,208,285,33,40,54,6,498.0,0.04,6.7e-05,30601.0,,,,
3302,8000,22460,1.6176,0.0325,3.1005,4.693,0.0106,0.07,4.4,0.94,0.0,492.0,198,253,41,40,51,8,533.0,0.05,6.7e-05,31728.0,,,,
3303,8000,22476,1.6223,0.0265,3.1249,4.817,0.0065,0.05,8.52,0.95,0.0,498.0,236,212,50,47,43,10,526.0,0.05,6.7e-05,31779.0,,,,
3304,8000,22493,1.6075,0.0356,3.0759,4.764,0.0109,0.07,3.95,0.95,0.0,512.0,248,222,42,48,43,8,512.0,0.05,6.7e-05,31729.0,,,,
3305,8000,22510,1.5704,0.0319,3.0109,4.873,0.0132,0.08,3.31,0.95,0.0,519.0,226,235,58,44,45,11,505.0,0.04,6.7e-05,31727.0,,,,
3306,8000,22526,1.5352,0.0345,2.9378,5.077,0.0104,0.06,3.97,0.95,0.0,433.0,154,233,46,36,54,11,605.0,0.02,6.7e-05,31775.0,,,,
3307,8000,22543,1.499,0.0256,2.8852,5.08,0.0092,0.05,5.29,0.95,0.0,358.0,123,178,57,34,50,16,732.0,0.03,6.7e-05,31727.0,,,,
3308,8000,22559,1.5222,0.0248,2.9335,4.849,0.0099,0.06,4.73,0.95,0.0,409.0,139,186,84,34,45,21,641.0,0.03,6.7e-05,31711.0,,,,
3309,8000,22576,1.5955,0.0256,3.075,4.695,0.0082,0.05,7.27,0.94,0.0,433.0,145,210,78,33,48,18,605.0,0.04,6.7e-05,31727.0,,,,
3310,8000,22593,1.5973,0.0242,3.0781,4.578,0.0088,0.06,8.69,0.94,0.0,478.0,155,252,71,32,53,15,548.0,0.05,6.7e-05,31744.0,,,,
3311,8000,22609,1.6477,0.0321,3.1615,4.611,0.0074,0.05,12.6,0.94,0.0,486.0,186,251,49,38,52,10,539.0,0.04,6.7e-05,31744.0,,,,
3312,8000,22626,1.6215,0.0357,3.1019,4.601,0.0107,0.06,8.42,0.94,0.0,467.0,180,240,47,39,51,10,561.0,0.05,6.7e-05,31774.0,,,,
3313,8000,22642,1.6244,0.0242,3.1295,4.558,0.0076,0.06,25.84,0.95,0.0,457.0,178,231,48,39,51,11,574.0,0.05,6.7e-05,31733.0,,,,
3314,8000,22659,1.5945,0.0212,3.0753,4.646,0.0074,0.05,18.05,0.95,0.0,425.0,187,195,43,44,46,10,617.0,0.04,6.7e-05,31710.0,,,,
3315,8000,22676,1.6147,0.0426,3.074,4.642,0.0295,0.07,19.23,0.96,0.0,444.0,179,211,54,40,48,12,590.0,0.05,6.7e-05,31739.0,,,,
3316,8000,22692,1.5714,0.0163,3.0387,4.552,0.011,0.07,7.47,0.96,0.0,455.0,168,233,54,37,51,12,576.0,0.05,6.7e-05,31755.0,,,,
3317,8000,22709,1.5803,0.0159,3.0574,4.614,0.0134,0.09,5.17,0.95,0.0,473.0,190,232,51,40,49,11,554.0,0.04,6.7e-05,31720.0,,,,
3318,8000,22725,1.543,0.0218,2.972,4.745,0.0108,0.07,4.91,0.95,0.0,433.0,186,198,49,43,46,11,605.0,0.03,6.7e-05,31717.0,,,,
3319,8000,22742,1.5562,0.0229,2.9964,4.841,0.0094,0.06,9.19,0.96,0.0,424.0,182,180,62,43,42,15,618.0,0.03,6.7e-05,31711.0,,,,
3320,8000,22759,1.5874,0.0222,3.0613,4.781,0.0126,0.07,7.49,0.95,0.0,481.0,196,221,64,41,46,13,545.0,0.02,6.7e-05,31771.0,,,,
3321,8000,22776,1.6279,0.024,3.137,4.759,0.0147,0.08,4.83,0.94,0.0,509.0,234,226,49,46,44,10,515.0,0.03,6.7e-05,30612.0,,,,
3322,8000,22792,1.6557,0.0437,3.1527,4.724,0.0167,0.09,3.5,0.93,0.0,514.0,223,232,59,43,45,11,510.0,0.02,6.7e-05,31706.0,,,,
3323,8000,22809,1.6581,0.0434,3.1571,4.635,0.0107,0.07,7.09,0.94,0.0,532.0,252,229,51,47,43,10,493.0,0.02,6.7e-05,31694.0,,,,
3324,8000,22826,1.6323,0.051,3.0903,4.817,0.0177,0.08,4.65,0.94,0.0,509.0,247,223,39,49,44,8,515.0,0.02,6.7e-05,31757.0,,,,
3325,8000,22842,1.6631,0.0381,3.1778,4.744,0.0103,0.07,6.4,0.93,0.0,525.0,254,233,38,48,44,7,499.0,0.01,6.7e-05,31705.0,,,,
3326,8000,22859,1.6614,0.0273,3.1956,4.71,0.0111,0.08,4.48,0.93,0.0,536.0,263,244,29,49,46,5,489.0,0.03,6.7e-05,31697.0,,,,
3327,8000,22875,1.657,0.0377,3.1671,4.731,0.0129,0.08,4.03,0.93,0.0,554.0,266,247,41,48,45,7,473.0,0.04,6.7e-05,31688.0,,,,
3328,8000,22892,1.6687,0.0297,3.2046,4.62,0.0127,0.09,4.59,0.92,0.0,539.0,255,249,35,47,46,6,486.0,0.05,6.7e-05,31708.0,,,,
3329,8000,22909,1.614,0.029,3.0968,4.728,0.0139,0.08,3.55,0.94,0.0,456.0,224,210,22,49,46,5,575.0,0.04,6.7e-05,31698.0,,,,
3330,8000,22925,1.565,0.0237,3.0114,4.867,0.0091,0.07,4.14,0.94,0.0,432.0,216,181,35,50,42,8,607.0,0.04,6.7e-05,31688.0,,,,
3331,8000,22942,1.5924,0.0191,3.0746,4.905,0.007,0.06,10.65,0.94,0.0,387.0,185,172,30,48,44,8,677.0,0.06,6.7e-05,31760.0,,,,
3332,8000,22958,1.6007,0.0179,3.0963,4.815,0.0098,0.07,4.8,0.94,0.0,504.0,237,213,54,47,42,11,520.0,0.09,6.7e-05,31695.0,,,,
3333,8000,22975,1.674,0.0337,3.2065,4.654,0.0144,0.09,4.41,0.94,0.0,567.0,281,255,31,50,45,5,462.0,0.12,6.7e-05,31711.0,,,,
3334,8000,22992,1.7332,0.0286,3.334,4.406,0.0118,0.08,4.36,0.92,0.0,676.0,330,320,26,49,47,4,388.0,0.11,6.7e-05,31704.0,,,,
3335,8000,23008,1.7064,0.0224,3.2913,4.407,0.0137,0.08,4.76,0.93,0.0,680.0,331,341,8,49,50,1,386.0,0.1,6.7e-05,31780.0,,,,
3336,8000,23025,1.7257,0.0282,3.3189,4.472,0.0114,0.09,4.13,0.93,0.0,689.0,354,329,6,51,48,1,380.0,0.09,6.7e-05,31743.0,,,,
3337,8000,23041,1.6855,0.0189,3.2575,4.523,0.0133,0.08,4.21,0.93,0.0,646.0,319,317,10,49,49,2,406.0,0.06,6.7e-05,31710.0,,,,
3338,8000,23058,1.6985,0.0177,3.2857,4.488,0.0139,0.09,4.32,0.93,0.0,644.0,323,312,9,50,48,1,407.0,0.06,6.7e-05,31768.0,,,,
3339,8000,23075,1.7404,0.0211,3.3621,4.461,0.0113,0.08,5.46,0.93,0.0,713.0,362,344,7,51,48,1,368.0,0.05,6.7e-05,31689.0,,,,
3340,8000,23091,1.7004,0.014,3.2968,4.501,0.0105,0.08,4.64,0.94,0.0,659.0,339,314,6,51,48,1,398.0,0.05,6.7e-05,31773.0,,,,
3341,8000,23108,1.7124,0.0165,3.3173,4.6,0.0073,0.06,7.07,0.93,0.0,609.0,302,294,13,50,48,2,430.0,0.05,6.6e-05,30599.0,,,,
3342,8000,23125,1.7078,0.0286,3.2836,4.656,0.0094,0.07,5.5,0.94,0.0,582.0,284,283,15,49,49,3,450.0,0.07,6.6e-05,31772.0,,,,
3343,8000,23141,1.7245,0.0264,3.3206,4.558,0.0098,0.07,5.9,0.93,0.0,622.0,290,319,13,47,51,2,421.0,0.05,6.6e-05,31697.0,,,,
3344,8000,23158,1.7143,0.0268,3.2995,4.547,0.0115,0.08,4.77,0.94,0.0,590.0,287,287,16,49,49,3,444.0,0.04,6.6e-05,31771.0,,,,
3345,8000,23175,1.7274,0.0277,3.3263,4.469,0.0106,0.08,5.87,0.93,0.0,702.0,335,334,33,48,48,5,373.0,0.05,6.6e-05,31703.0,,,,
3346,8000,23191,1.7473,0.0202,3.378,4.371,0.0141,0.09,4.05,0.93,0.0,787.0,401,367,19,51,47,2,333.0,0.05,6.6e-05,31709.0,,,,
3347,8000,23208,1.7763,0.0162,3.4436,4.313,0.0132,0.08,7.25,0.93,0.0,915.0,459,439,17,50,48,2,286.0,0.06,6.6e-05,31711.0,,,,
3348,8000,23224,1.7696,0.0116,3.4383,4.29,0.0125,0.07,13.54,0.94,0.0,768.0,374,384,10,49,50,1,341.0,0.04,6.6e-05,31711.0,,,,
3349,8000,23241,1.7111,0.0197,3.3058,4.406,0.0095,0.07,5.51,0.94,0.0,737.0,373,354,10,51,48,1,356.0,0.04,6.6e-05,31771.0,273,3,236,53
3350,8000,23273,1.7401,0.0186,3.3651,4.337,0.0111,0.08,24.57,0.95,0.0,646.0,318,324,4,49,50,1,406.0,0.04,6.6e-05,31855.0,,,,
3351,8000,23289,1.8001,-0.0065,3.5351,4.235,0.0098,0.06,24.52,0.95,0.0,644.0,294,335,15,46,52,2,407.0,0.05,6.6e-05,31764.0,,,,
3352,8000,23306,1.6647,-0.0044,3.2615,4.366,0.0086,0.06,7.54,0.95,0.0,637.0,315,305,17,49,48,3,412.0,0.06,6.6e-05,31713.0,,,,
3353,8000,23323,1.6965,0.0137,3.2884,4.329,0.0103,0.06,10.0,0.95,0.0,612.0,290,297,25,47,49,4,428.0,0.07,6.6e-05,31721.0,,,,
3354,8000,23339,1.625,-0.0018,3.1777,4.508,0.0132,0.07,7.56,0.95,0.0,576.0,283,271,22,49,47,4,455.0,0.07,6.6e-05,31711.0,,,,
3355,8000,23356,1.6572,-0.006,3.2508,4.366,0.0115,0.07,8.04,0.94,0.0,557.0,268,260,29,48,47,5,471.0,0.06,6.6e-05,31707.0,,,,
3356,8000,23372,1.6226,0.0079,3.1543,4.485,0.0139,0.07,6.46,0.94,0.0,514.0,255,238,21,50,46,4,510.0,0.05,6.6e-05,31755.0,,,,
3357,8000,23389,1.6826,0.005,3.2807,4.47,0.0121,0.08,6.93,0.93,0.0,579.0,264,282,33,46,49,6,453.0,0.05,6.6e-05,31754.0,,,,
3358,8000,23406,1.6546,-0.0034,3.2414,4.618,0.0102,0.07,5.86,0.94,0.0,584.0,258,310,16,44,53,3,449.0,0.05,6.6e-05,31713.0,,,,
3359,8000,23422,1.6211,-0.0144,3.1958,4.618,0.0079,0.06,5.84,0.94,0.0,565.0,256,301,8,45,53,1,464.0,0.06,6.6e-05,31710.0,,,,
3360,8000,23439,1.651,-0.0141,3.2558,4.649,0.0101,0.07,7.56,0.94,0.0,563.0,262,291,10,47,52,2,466.0,0.06,6.6e-05,31693.0,,,,
3361,8000,23456,1.6688,-0.0048,3.2732,4.489,0.0097,0.07,5.77,0.94,0.0,524.0,246,262,16,47,50,3,500.0,0.07,6.6e-05,30574.0,,,,
3362,8000,23472,1.7061,0.0024,3.3374,4.47,0.011,0.08,6.63,0.93,0.0,601.0,255,312,34,42,52,6,436.0,0.07,6.6e-05,31783.0,,,,
3363,8000,23489,1.6932,0.0152,3.2828,4.494,0.012,0.08,4.32,0.93,0.0,585.0,220,344,21,38,59,4,448.0,0.05,6.6e-05,31720.0,,,,
3364,8000,23506,1.6769,0.0135,3.2527,4.561,0.0137,0.08,5.07,0.93,0.0,552.0,267,266,19,48,48,3,475.0,0.05,6.6e-05,31759.0,,,,
3365,8000,23522,1.6882,0.0117,3.2779,4.626,0.0101,0.08,4.97,0.93,0.0,556.0,269,280,7,48,50,1,471.0,0.06,6.6e-05,31729.0,,,,
3366,8000,23539,1.6704,0.0172,3.2314,4.63,0.0092,0.07,4.85,0.93,0.0,536.0,271,254,11,51,47,2,489.0,0.06,6.6e-05,31685.0,,,,
3367,8000,23555,1.6231,0.0152,3.1422,4.812,0.0094,0.07,6.91,0.94,0.0,466.0,246,211,9,53,45,2,563.0,0.06,6.6e-05,31691.0,,,,
3368,8000,23572,1.5632,0.0215,3.0111,4.923,0.0078,0.05,7.06,0.95,0.0,366.0,183,167,16,50,46,4,716.0,0.05,6.6e-05,31714.0,,,,
3369,8000,23589,1.575,0.0081,3.0605,4.778,0.0087,0.06,8.52,0.95,0.0,376.0,164,185,27,44,49,7,697.0,0.05,6.6e-05,31762.0,,,,
3370,8000,23605,1.5711,0.0133,3.0421,4.709,0.0072,0.05,6.64,0.94,0.0,393.0,163,183,47,41,47,12,667.0,0.06,6.6e-05,31734.0,,,,
3371,8000,23622,1.6218,0.0131,3.1427,4.521,0.0088,0.07,5.72,0.94,0.0,465.0,213,217,35,46,47,8,564.0,0.04,6.6e-05,31715.0,,,,
3372,8000,23638,1.649,0.0067,3.2092,4.531,0.0098,0.07,7.19,0.94,0.0,528.0,259,239,30,49,45,6,496.0,0.04,6.6e-05,31710.0,,,,
3373,8000,23655,1.6138,0.0085,3.1347,4.541,0.012,0.08,5.56,0.95,0.0,512.0,252,240,20,49,47,4,512.0,0.03,6.6e-05,31723.0,,,,
3374,8000,23672,1.6246,0.0101,3.1518,4.454,0.0122,0.08,7.33,0.94,0.0,482.0,246,222,14,51,46,3,544.0,0.02,6.6e-05,31698.0,,,,
3375,8000,23688,1.6546,0.009,3.2137,4.356,0.01,0.07,8.97,0.94,0.0,549.0,280,248,21,51,45,4,477.0,0.02,6.6e-05,31769.0,,,,
3376,8000,23705,1.6389,0.0053,3.1899,4.39,0.0099,0.07,9.35,0.94,0.0,511.0,248,233,30,49,46,6,513.0,0.04,6.6e-05,31739.0,,,,
3377,8000,23721,1.6245,0.0091,3.1545,4.484,0.0093,0.06,7.43,0.95,0.0,498.0,225,239,34,45,48,7,526.0,0.04,6.6e-05,31701.0,,,,
3378,8000,23738,1.7067,-0.0007,3.3372,4.326,0.0071,0.06,13.95,0.94,0.0,587.0,277,286,24,47,49,4,447.0,0.04,6.6e-05,31695.0,,,,
3379,8000,23754,1.6711,0.0108,3.2417,4.274,0.0094,0.06,11.96,0.95,0.0,603.0,272,303,28,45,50,5,435.0,0.05,6.6e-05,31707.0,,,,
3380,8000,23771,1.6536,0.009,3.2115,4.322,0.0113,0.08,8.22,0.95,0.0,604.0,297,279,28,49,46,5,434.0,0.07,6.6e-05,31705.0,,,,
3381,8000,23788,1.6965,0.0066,3.3033,4.415,0.0097,0.07,8.85,0.93,0.0,564.0,267,281,16,47,50,3,465.0,0.09,6.6e-05,30635.0,,,,
3382,8000,23805,1.6729,0.0047,3.2596,4.435,0.0134,0.09,6.56,0.93,0.0,512.0,252,250,10,49,49,2,512.0,0.08,6.6e-05,31671.0,,,,
3383,8000,23821,1.6318,0.0066,3.1729,4.34,0.0121,0.09,4.91,0.93,0.0,506.0,235,251,20,46,50,4,518.0,0.09,6.6e-05,31666.0,,,,
3384,8000,23838,1.6322,0.0035,3.1803,4.37,0.0112,0.08,8.02,0.94,0.0,494.0,237,234,23,48,47,5,531.0,0.11,6.6e-05,31665.0,,,,
3385,8000,23855,1.6143,0.0042,3.1464,4.435,0.0131,0.08,7.43,0.94,0.0,481.0,224,211,46,47,44,10,545.0,0.14,6.6e-05,31681.0,,,,
3386,8000,23871,1.6644,-0.001,3.258,4.482,0.0091,0.07,9.7,0.93,0.0,529.0,249,233,47,47,44,9,496.0,0.13,6.6e-05,31669.0,,,,
3387,8000,23888,1.6469,-0.0041,3.2268,4.35,0.0142,0.09,5.23,0.93,0.0,612.0,302,267,43,49,44,7,428.0,0.11,6.5e-05,31663.0,,,,
3388,8000,23904,1.6795,-0.0008,3.2845,4.351,0.0171,0.11,3.67,0.92,0.0,629.0,321,281,27,51,45,4,417.0,0.12,6.5e-05,31668.0,,,,
3389,8000,23921,1.6886,-0.0031,3.3075,4.398,0.0101,0.08,7.32,0.92,0.0,588.0,320,253,15,54,43,3,446.0,0.13,6.5e-05,31694.0,,,,
3390,8000,23938,1.6451,-0.0074,3.2316,4.5,0.0094,0.07,5.86,0.93,0.0,603.0,297,284,22,49,47,4,435.0,0.11,6.5e-05,31706.0,,,,
3391,8000,23954,1.6514,-0.0063,3.2416,4.568,0.0109,0.07,5.15,0.93,0.0,620.0,294,306,20,47,49,3,423.0,0.08,6.5e-05,31680.0,,,,
3392,8000,23971,1.639,-0.0045,3.2149,4.63,0.0089,0.06,7.52,0.93,0.0,579.0,261,293,25,45,51,4,453.0,0.06,6.5e-05,31668.0,,,,
3393,8000,23987,1.599,-0.0032,3.1341,4.794,0.0095,0.07,6.7,0.94,0.0,544.0,254,262,28,47,48,5,482.0,0.05,6.5e-05,31673.0,,,,
3394,8000,24004,1.6043,0.0044,3.1284,4.81,0.0111,0.07,4.04,0.94,0.0,540.0,280,231,29,52,43,5,485.0,0.03,6.5e-05,31670.0,,,,
3395,8000,24021,1.5923,0.002,3.1115,4.798,0.0092,0.07,5.26,0.95,0.0,540.0,233,265,42,43,49,8,485.0,0.04,6.5e-05,31680.0,,,,
3396,8000,24037,1.5898,0.0079,3.0975,4.987,0.0074,0.05,10.31,0.95,0.0,482.0,206,235,41,43,49,9,544.0,0.04,6.5e-05,31674.0,,,,
3397,8000,24054,1.5792,0.0151,3.063,4.943,0.0084,0.06,7.35,0.95,0.0,439.0,186,200,53,42,46,12,597.0,0.03,6.5e-05,31682.0,,,,
3398,8000,24071,1.5567,0.0126,3.0207,4.942,0.0107,0.07,4.61,0.95,0.0,443.0,197,203,43,44,46,10,592.0,0.02,6.5e-05,31665.0,,,,
3399,8000,24087,1.5869,0.0137,3.0834,4.944,0.0099,0.07,6.19,0.94,0.0,536.0,229,241,66,43,45,12,489.0,0.03,6.5e-05,31678.0,222,9,281,43
3400,8000,24119,1.6319,0.0161,3.1623,4.855,0.0098,0.07,5.79,0.94,0.0,508.0,227,241,40,45,47,8,516.0,0.04,6.5e-05,31789.0,,,,
3401,8000,24136,1.6115,0.0175,3.1201,5.076,0.0117,0.07,4.13,0.93,0.0,479.0,230,218,31,48,46,6,547.0,0.04,6.5e-05,30599.0,,,,
3402,8000,24153,1.6822,0.0127,3.2686,4.938,0.0109,0.08,5.1,0.91,0.0,545.0,289,231,25,53,42,5,481.0,0.07,6.5e-05,31717.0,,,,
3403,8000,24169,1.6842,0.0236,3.2504,4.876,0.0113,0.09,3.88,0.92,0.0,531.0,277,234,20,52,44,4,494.0,0.12,6.5e-05,31723.0,,,,
3404,8000,24186,1.6363,0.015,3.1722,4.983,0.0115,0.08,4.4,0.93,0.0,522.0,300,210,12,57,40,2,502.0,0.18,6.5e-05,31793.0,,,,
3405,8000,24203,1.6298,0.0156,3.1585,4.968,0.0094,0.07,4.52,0.92,0.0,515.0,251,237,27,49,46,5,509.0,0.19,6.5e-05,31771.0,,,,
3406,8000,24219,1.6529,0.0229,3.1888,4.837,0.0105,0.08,4.31,0.92,0.0,483.0,222,236,25,46,49,5,543.0,0.22,6.5e-05,31747.0,,,,
3407,8000,24236,1.6687,0.0263,3.2156,4.893,0.0099,0.08,5.37,0.92,0.0,515.0,242,231,42,47,45,8,509.0,0.15,6.5e-05,31726.0,,,,
3408,8000,24252,1.6593,0.0151,3.2178,4.836,0.0103,0.06,6.11,0.92,0.0,553.0,279,250,24,50,45,4,474.0,0.1,6.5e-05,31770.0,,,,
3409,8000,24269,1.6091,0.0095,3.129,4.976,0.0077,0.07,5.31,0.93,0.0,508.0,268,212,28,53,42,6,516.0,0.11,6.5e-05,31767.0,,,,
3410,8000,24285,1.6554,0.0121,3.2156,4.841,0.01,0.08,3.79,0.92,0.0,558.0,289,242,27,52,43,5,470.0,0.11,6.5e-05,31777.0,,,,
3411,8000,24302,1.6879,0.0086,3.2875,4.842,0.0072,0.06,6.09,0.92,0.0,578.0,288,266,24,50,46,4,454.0,0.1,6.5e-05,31704.0,,,,
3412,8000,24319,1.6423,0.0151,3.1834,4.893,0.0105,0.08,5.29,0.93,0.0,504.0,256,226,22,51,45,4,520.0,0.1,6.5e-05,31758.0,,,,
3413,8000,24335,1.6586,0.0167,3.2131,4.815,0.013,0.09,3.7,0.93,0.0,562.0,282,258,22,50,46,4,466.0,0.08,6.5e-05,31728.0,,,,
3414,8000,24352,1.6254,0.0179,3.1443,4.874,0.01,0.07,4.44,0.93,0.0,513.0,275,215,23,54,42,4,511.0,0.06,6.5e-05,31767.0,,,,
3415,8000,24368,1.6189,0.0175,3.1326,4.905,0.0108,0.07,4.26,0.93,0.0,535.0,264,244,27,49,46,5,490.0,0.05,6.5e-05,31758.0,,,,
3416,8000,24385,1.639,0.0162,3.1737,4.811,0.0084,0.06,5.0,0.93,0.0,520.0,248,249,23,48,48,4,504.0,0.05,6.5e-05,31738.0,,,,
3417,8000,24402,1.6422,0.0135,3.1852,4.718,0.0097,0.07,4.22,0.93,0.0,569.0,265,279,25,47,49,4,461.0,0.04,6.5e-05,31727.0,,,,
3418,8000,24418,1.6516,0.0056,3.2195,4.69,0.0091,0.07,5.14,0.93,0.0,557.0,257,277,23,46,50,4,471.0,0.03,6.5e-05,31717.0,,,,
3419,8000,24435,1.6434,0.0105,3.1932,4.707,0.0087,0.07,5.26,0.93,0.0,517.0,279,217,21,54,42,4,507.0,0.02,6.5e-05,31716.0,,,,
3420,8000,24451,1.586,0.0065,3.0881,4.819,0.0088,0.06,4.49,0.94,0.0,459.0,215,214,30,47,47,7,571.0,0.04,6.5e-05,31708.0,,,,
3421,8000,24468,1.6324,0.0114,3.1708,4.874,0.0094,0.06,4.91,0.93,0.0,490.0,247,216,27,50,44,6,535.0,0.06,6.5e-05,30629.0,,,,
3422,8000,24485,1.6792,0.0156,3.2561,4.812,0.0114,0.07,4.78,0.92,0.0,598.0,332,229,37,56,38,6,438.0,0.07,6.5e-05,31676.0,,,,
3423,8000,24502,1.7354,0.0185,3.3616,4.658,0.0095,0.07,4.99,0.91,0.0,714.0,359,313,42,50,44,6,367.0,0.06,6.5e-05,31674.0,,,,
3424,8000,24518,1.7562,0.0155,3.4082,4.652,0.0077,0.07,6.07,0.92,0.0,756.0,398,333,25,53,44,3,347.0,0.04,6.5e-05,31697.0,,,,
3425,8000,24535,1.7118,0.0071,3.3359,4.661,0.0097,0.07,4.19,0.92,0.0,685.0,377,304,4,55,44,1,383.0,0.02,6.5e-05,31751.0,,,,
3426,8000,24551,1.7054,0.0059,3.3261,4.718,0.0106,0.07,5.04,0.93,0.0,636.0,335,289,12,53,45,2,412.0,0.02,6.5e-05,31694.0,,,,
3427,8000,24568,1.7362,0.0134,3.371,4.575,0.0084,0.06,5.11,0.92,0.0,702.0,361,338,3,51,48,0,373.0,0.03,6.5e-05,31671.0,,,,
3428,8000,24585,1.7113,0.0075,3.3342,4.679,0.0121,0.08,4.38,0.93,0.0,667.0,353,308,6,53,46,1,393.0,0.02,6.5e-05,31714.0,,,,
3429,8000,24601,1.6967,0.012,3.2958,4.626,0.0124,0.08,3.73,0.93,0.0,631.0,331,294,6,52,47,1,415.0,0.03,6.5e-05,31669.0,,,,
3430,8000,24618,1.6478,0.0009,3.2207,4.753,0.0091,0.07,4.46,0.94,0.0,603.0,308,288,7,51,48,1,435.0,0.04,6.5e-05,31665.0,,,,
3431,8000,24634,1.6545,0.0049,3.2257,4.657,0.0083,0.06,5.41,0.95,0.0,565.0,268,282,15,47,50,3,464.0,0.05,6.5e-05,31698.0,,,,
3432,8000,24651,1.6893,0.0027,3.2985,4.55,0.0087,0.07,5.53,0.94,0.0,641.0,314,316,11,49,49,2,409.0,0.04,6.5e-05,31696.0,,,,
3433,8000,24668,1.6958,-0.0073,3.3324,4.598,0.0079,0.06,5.18,0.94,0.0,687.0,318,347,22,46,51,3,382.0,0.03,6.5e-05,31684.0,,,,
3434,8000,24684,1.7229,-0.0099,3.3915,4.591,0.009,0.07,5.36,0.93,0.0,735.0,371,357,7,50,49,1,357.0,0.03,6.5e-05,31708.0,,,,
3435,8000,24701,1.7149,-0.0051,3.3646,4.49,0.0106,0.07,4.93,0.93,0.0,716.0,355,350,11,50,49,2,366.0,0.03,6.4e-05,31744.0,,,,
3436,8000,24717,1.724,0.0082,3.3566,4.498,0.014,0.08,4.44,0.92,0.0,764.0,398,360,6,52,47,1,343.0,0.03,6.4e-05,31684.0,,,,
3437,8000,24734,1.7021,0.0038,3.3206,4.403,0.0108,0.08,4.81,0.93,0.0,731.0,373,353,5,51,48,1,359.0,0.03,6.4e-05,31697.0,,,,
3438,8000,24751,1.6991,0.0087,3.3042,4.325,0.0098,0.08,4.57,0.93,0.0,714.0,345,359,10,48,50,1,367.0,0.04,6.4e-05,31686.0,,,,
3439,8000,24767,1.6998,0.0058,3.312,4.428,0.0088,0.07,5.86,0.93,0.0,682.0,344,330,8,50,48,1,384.0,0.05,6.4e-05,31686.0,,,,
3440,8000,24784,1.7093,0.0061,3.3295,4.326,0.0104,0.08,5.71,0.93,0.0,721.0,390,311,20,54,43,3,364.0,0.05,6.4e-05,31686.0,,,,
3441,8000,24801,1.7115,0.0125,3.3235,4.54,0.0114,0.08,3.81,0.92,0.0,677.0,349,306,22,52,45,3,387.0,0.06,6.4e-05,30636.0,,,,
3442,8000,24818,1.6969,0.0174,3.2853,4.668,0.0105,0.08,3.48,0.92,0.0,648.0,307,322,19,47,50,3,405.0,0.06,6.4e-05,31716.0,,,,
3443,8000,24834,1.7079,0.0391,3.2633,4.628,0.0097,0.08,3.74,0.92,0.0,589.0,274,296,19,47,50,3,445.0,0.07,6.4e-05,31716.0,,,,
3444,8000,24851,1.707,0.0342,3.2709,4.615,0.0097,0.08,4.11,0.92,0.0,552.0,279,268,5,51,49,1,475.0,0.09,6.4e-05,31785.0,,,,
3445,8000,24867,1.679,0.0276,3.2295,4.67,0.0097,0.08,3.85,0.93,0.0,576.0,297,273,6,52,47,1,455.0,0.07,6.4e-05,31789.0,,,,
3446,8000,24884,1.6861,0.0127,3.2733,4.684,0.0107,0.08,4.04,0.91,0.0,569.0,285,273,11,50,48,2,461.0,0.05,6.4e-05,31763.0,,,,
3447,8000,24901,1.6787,0.0168,3.2516,4.738,0.0102,0.08,3.91,0.91,0.0,582.0,275,291,16,47,50,3,450.0,0.05,6.4e-05,31727.0,,,,
3448,8000,24917,1.6733,0.0121,3.2503,4.805,0.0106,0.08,3.39,0.92,0.0,556.0,270,270,16,49,49,3,471.0,0.05,6.4e-05,31726.0,,,,
3449,8000,24934,1.7016,0.0157,3.2986,4.709,0.0075,0.06,5.0,0.92,0.0,586.0,295,282,9,50,48,2,447.0,0.06,6.4e-05,31722.0,255,7,250,50
3450,8000,24966,1.7256,0.0228,3.3318,4.632,0.0095,0.08,3.25,0.92,0.0,661.0,303,351,7,46,53,1,397.0,0.07,6.4e-05,31888.0,,,,
3451,8000,24982,1.739,0.0179,3.3677,4.53,0.0106,0.08,3.88,0.91,0.0,738.0,386,347,5,52,47,1,355.0,0.06,6.4e-05,31754.0,,,,
3452,8000,24999,1.715,0.009,3.3378,4.601,0.0094,0.07,4.61,0.92,0.0,723.0,330,392,1,46,54,0,363.0,0.06,6.4e-05,31754.0,,,,
3453,8000,25015,1.7014,0.0063,3.3161,4.637,0.0081,0.07,4.88,0.93,0.0,731.0,351,377,3,48,52,0,359.0,0.07,6.4e-05,31724.0,,,,
3454,8000,25032,1.7037,0.0194,3.2944,4.599,0.0098,0.07,5.34,0.94,0.0,718.0,334,376,8,47,52,1,365.0,0.07,6.4e-05,31787.0,,,,
3455,8000,25048,1.6967,0.0025,3.3133,4.542,0.0084,0.07,9.46,0.94,0.0,734.0,374,353,7,51,48,1,357.0,0.06,6.4e-05,31767.0,,,,
3456,8000,25065,1.683,0.0125,3.2662,4.613,0.0084,0.07,6.6,0.94,0.0,635.0,315,309,11,50,49,2,413.0,0.07,6.4e-05,31717.0,,,,
3457,8000,25082,1.7273,0.012,3.355,4.523,0.0084,0.07,10.37,0.94,0.0,711.0,350,355,6,49,50,1,369.0,0.06,6.4e-05,31721.0,,,,
3458,8000,25098,1.6355,0.0156,3.1646,4.587,0.0099,0.07,6.82,0.95,0.0,589.0,291,293,5,49,50,1,445.0,0.06,6.4e-05,31774.0,,,,
3459,8000,25115,1.6519,0.0213,3.186,4.619,0.0097,0.07,6.31,0.95,0.0,586.0,318,261,7,54,45,1,447.0,0.06,6.4e-05,31724.0,,,,
3460,8000,25131,1.6617,0.0203,3.2077,4.663,0.0142,0.06,8.09,0.95,0.0,562.0,307,250,5,55,44,1,466.0,0.06,6.4e-05,31722.0,,,,
3461,8000,25149,1.709,0.0194,3.3048,4.661,0.0188,0.07,7.31,0.93,0.0,617.0,287,315,15,47,51,2,425.0,0.05,6.4e-05,30602.0,,,,
3462,8000,25165,1.7027,0.042,3.2467,4.655,0.0199,0.07,8.82,0.93,0.0,528.0,235,273,20,45,52,4,496.0,0.04,6.4e-05,31718.0,,,,
3463,8000,25182,1.6986,0.0184,3.2858,4.65,0.0104,0.08,8.0,0.93,0.0,525.0,232,284,9,44,54,2,499.0,0.06,6.4e-05,31735.0,,,,
3464,8000,25198,1.6593,0.0309,3.1831,4.786,0.0118,0.08,5.88,0.93,0.0,502.0,228,268,6,45,53,1,522.0,0.05,6.4e-05,31796.0,,,,
3465,8000,25215,1.5858,0.0252,3.0489,4.964,0.0124,0.07,4.41,0.95,0.0,414.0,190,218,6,46,53,1,633.0,0.04,6.4e-05,31812.0,,,,
3466,8000,25232,1.6197,0.021,3.1248,4.858,0.0123,0.09,3.39,0.93,0.0,460.0,214,236,10,47,51,2,570.0,0.06,6.4e-05,31740.0,,,,
3467,8000,25248,1.6142,0.0222,3.1112,4.83,0.0141,0.08,3.45,0.94,0.0,481.0,210,262,9,44,54,2,545.0,0.06,6.4e-05,31754.0,,,,
3468,8000,25265,1.617,0.018,3.1262,4.92,0.0133,0.08,3.86,0.93,0.0,493.0,221,252,20,45,51,4,532.0,0.04,6.4e-05,31730.0,,,,
3469,8000,25281,1.6224,0.003,3.1669,4.869,0.0078,0.06,5.96,0.93,0.0,510.0,241,244,25,47,48,5,514.0,0.03,6.4e-05,31809.0,,,,
3470,8000,25298,1.6172,0.0146,3.1323,4.765,0.0094,0.07,3.99,0.93,0.0,497.0,266,217,14,54,44,3,527.0,0.03,6.4e-05,31733.0,,,,
3471,8000,25314,1.6345,0.011,3.1739,4.791,0.011,0.07,4.09,0.93,0.0,511.0,237,267,7,46,52,1,513.0,0.02,6.4e-05,31779.0,,,,
3472,8000,25331,1.6444,0.0148,3.1866,4.83,0.0111,0.07,3.99,0.93,0.0,525.0,248,263,14,47,50,3,499.0,0.04,6.4e-05,31745.0,,,,
3473,8000,25348,1.6206,0.0116,3.1458,4.863,0.0113,0.07,3.51,0.94,0.0,547.0,250,284,13,46,52,2,479.0,0.04,6.4e-05,31740.0,,,,
3474,8000,25364,1.6951,0.0194,3.2789,4.672,0.0105,0.07,5.27,0.92,0.0,640.0,279,339,22,44,53,3,410.0,0.04,6.4e-05,31815.0,,,,
3475,8000,25381,1.7225,0.0171,3.3367,4.646,0.0126,0.07,4.36,0.92,0.0,679.0,345,322,12,51,47,2,386.0,0.03,6.4e-05,31765.0,,,,
3476,8000,25397,1.6704,0.0109,3.2449,4.629,0.0102,0.08,4.48,0.93,0.0,631.0,293,331,7,46,52,1,415.0,0.05,6.4e-05,31711.0,,,,
3477,8000,25414,1.6841,0.0116,3.2708,4.674,0.0111,0.08,3.73,0.93,0.0,628.0,305,319,4,49,51,1,417.0,0.06,6.4e-05,31722.0,,,,
3478,8000,25430,1.7089,0.0243,3.2952,4.664,0.0109,0.08,4.32,0.92,0.0,604.0,316,283,5,52,47,1,434.0,0.05,6.4e-05,31745.0,,,,
3479,8000,25447,1.7338,0.021,3.3506,4.564,0.0096,0.08,4.42,0.92,0.0,637.0,337,298,2,53,47,0,412.0,0.04,6.4e-05,31733.0,,,,
3480,8000,25464,1.7362,0.0232,3.351,4.556,0.0092,0.07,4.15,0.92,0.0,651.0,340,306,5,52,47,1,403.0,0.05,6.4e-05,31775.0,,,,
3481,8000,25481,1.8172,0.0105,3.5374,4.385,0.0099,0.07,5.7,0.9,0.0,795.0,422,369,4,53,46,1,330.0,0.04,6.4e-05,30639.0,,,,
3482,8000,25497,1.7517,0.0093,3.4092,4.455,0.0116,0.08,6.33,0.92,0.0,697.0,341,352,4,49,51,1,376.0,0.05,6.4e-05,31697.0,,,,
3483,8000,25514,1.6946,0.0087,3.2976,4.616,0.0103,0.08,5.96,0.94,0.0,610.0,313,292,5,51,48,1,430.0,0.07,6.4e-05,31704.0,,,,
3484,8000,25531,1.6854,0.0135,3.2689,4.548,0.0104,0.08,5.45,0.93,0.0,581.0,281,295,5,48,51,1,451.0,0.07,6.3e-05,31698.0,,,,
3485,8000,25547,1.6901,0.021,3.2642,4.536,0.0114,0.08,4.83,0.94,0.0,623.0,256,353,14,41,57,2,421.0,0.08,6.3e-05,31719.0,,,,
3486,8000,25564,1.6523,0.018,3.1957,4.66,0.0113,0.08,4.27,0.94,0.0,626.0,270,345,11,43,55,2,419.0,0.06,6.3e-05,31705.0,,,,
3487,8000,25580,1.6496,0.0187,3.1886,4.709,0.009,0.08,4.2,0.94,0.0,544.0,222,313,9,41,58,2,482.0,0.06,6.3e-05,31717.0,,,,
3488,8000,25597,1.6837,0.0225,3.249,4.706,0.008,0.07,5.46,0.94,0.0,566.0,268,294,4,47,52,1,463.0,0.05,6.3e-05,31774.0,,,,
3489,8000,25613,1.6494,0.0221,3.1817,4.722,0.0078,0.07,5.2,0.95,0.0,541.0,258,275,8,48,51,1,485.0,0.04,6.3e-05,31787.0,,,,
3490,8000,25630,1.6483,0.0278,3.1683,4.765,0.0107,0.08,3.84,0.94,0.0,597.0,295,299,3,49,50,1,439.0,0.05,6.3e-05,31703.0,,,,
3491,8000,25647,1.6614,0.029,3.1927,4.776,0.0103,0.08,3.51,0.94,0.0,574.0,262,298,14,46,52,2,457.0,0.05,6.3e-05,31760.0,,,,
3492,8000,25663,1.6887,0.0243,3.2564,4.73,0.0094,0.07,3.32,0.93,0.0,609.0,285,314,10,47,52,2,430.0,0.06,6.3e-05,31765.0,,,,
3493,8000,25680,1.677,0.0277,3.225,4.691,0.0107,0.08,3.4,0.93,0.0,599.0,285,311,3,48,52,1,438.0,0.08,6.3e-05,31770.0,,,,
3494,8000,25696,1.685,0.0229,3.2511,4.7,0.0114,0.09,3.08,0.92,0.0,624.0,311,301,12,50,48,2,420.0,0.08,6.3e-05,31697.0,,,,
3495,8000,25713,1.7192,0.0303,3.3038,4.638,0.0129,0.09,3.13,0.92,0.0,647.0,333,307,7,51,47,1,405.0,0.1,6.3e-05,31688.0,,,,
3496,8000,25730,1.6978,0.0293,3.2634,4.645,0.0099,0.07,3.69,0.92,0.0,645.0,352,282,11,55,44,2,406.0,0.08,6.3e-05,31695.0,,,,
3497,8000,25746,1.7344,0.0317,3.3312,4.552,0.0108,0.08,4.1,0.92,0.0,700.0,348,343,9,50,49,1,374.0,0.09,6.3e-05,31682.0,,,,
3498,8000,25763,1.7152,0.0323,3.291,4.516,0.0106,0.08,3.95,0.93,0.0,689.0,362,322,5,53,47,1,380.0,0.08,6.3e-05,31688.0,,,,
3499,8000,25779,1.6745,0.022,3.2316,4.635,0.0107,0.08,3.29,0.94,0.0,634.0,328,297,9,52,47,1,413.0,0.06,6.3e-05,31695.0,235,7,270,46
3500,8000,25811,1.699,0.0202,3.2832,4.577,0.0103,0.08,3.73,0.94,0.0,663.0,348,311,4,52,47,1,395.0,0.06,6.3e-05,31936.0,,,,
3501,8000,25828,1.7402,0.0247,3.3562,4.551,0.0107,0.07,3.94,0.91,0.0,671.0,357,307,7,53,46,1,391.0,0.03,6.3e-05,30652.0,,,,
3502,8000,25845,1.6914,0.0147,3.2799,4.728,0.0085,0.07,4.65,0.92,0.0,598.0,303,287,8,51,48,1,438.0,0.03,6.3e-05,31685.0,,,,
3503,8000,25862,1.6203,0.0251,3.1194,4.958,0.007,0.05,7.49,0.94,0.0,460.0,209,241,10,45,52,2,570.0,0.02,6.3e-05,31684.0,,,,
3504,8000,25878,1.6031,0.0223,3.0915,4.943,0.0085,0.06,7.1,0.94,0.0,451.0,207,215,29,46,48,6,581.0,0.02,6.3e-05,31681.0,,,,
3505,8000,25895,1.6369,0.0113,3.1785,4.829,0.0065,0.05,12.77,0.94,0.0,429.0,211,183,35,49,43,8,611.0,0.03,6.3e-05,31686.0,,,,
3506,8000,25911,1.5941,0.0154,3.087,4.858,0.015,0.06,6.22,0.94,0.0,493.0,227,216,50,46,44,10,532.0,0.03,6.3e-05,31690.0,,,,
3507,8000,25928,1.6168,0.0152,3.131,4.856,0.0115,0.07,6.77,0.94,0.0,480.0,226,234,20,47,49,4,546.0,0.03,6.3e-05,31691.0,,,,
3508,8000,25945,1.6057,0.0117,3.1157,4.843,0.0082,0.06,5.58,0.94,0.0,495.0,238,225,32,48,45,6,530.0,0.02,6.3e-05,31681.0,,,,
3509,8000,25961,1.5921,0.0103,3.0914,4.803,0.0099,0.07,4.5,0.94,0.0,515.0,235,265,15,46,51,3,509.0,0.03,6.3e-05,31750.0,,,,
3510,8000,25978,1.6097,0.0175,3.1123,4.871,0.012,0.07,4.88,0.94,0.0,533.0,270,245,18,51,46,3,492.0,0.02,6.3e-05,31671.0,,,,
3511,8000,25994,1.5811,0.0118,3.0657,4.797,0.0101,0.06,5.78,0.94,0.0,508.0,240,249,19,47,49,4,516.0,0.02,6.3e-05,31678.0,,,,
3512,8000,26011,1.5768,0.0078,3.0648,4.83,0.0092,0.06,5.07,0.94,0.0,484.0,263,210,11,54,43,2,542.0,0.03,6.3e-05,31663.0,,,,
3513,8000,26028,1.5648,0.0074,3.0418,4.852,0.0071,0.06,6.39,0.95,0.0,430.0,218,197,15,51,46,3,610.0,0.07,6.3e-05,31679.0,,,,
3514,8000,26044,1.5743,0.0071,3.0605,4.776,0.0073,0.06,6.03,0.96,0.0,420.0,215,196,9,51,47,2,624.0,0.08,6.3e-05,31674.0,,,,
3515,8000,26061,1.6142,0.0133,3.1273,4.666,0.0085,0.06,6.46,0.95,0.0,503.0,234,255,14,47,51,3,521.0,0.06,6.3e-05,31678.0,,,,
3516,8000,26077,1.6593,0.0119,3.2201,4.527,0.006,0.05,12.58,0.95,0.0,519.0,229,277,13,44,53,3,505.0,0.05,6.3e-05,31675.0,,,,
3517,8000,26094,1.634,-0.0052,3.2028,4.464,0.0069,0.06,12.2,0.95,0.0,554.0,243,299,12,44,54,2,473.0,0.04,6.3e-05,31662.0,,,,
3518,8000,26111,1.6598,-0.0006,3.2452,4.51,0.01,0.08,9.05,0.94,0.0,557.0,263,287,7,47,52,1,471.0,0.05,6.3e-05,31656.0,,,,
3519,8000,26127,1.6457,0.0055,3.2053,4.59,0.013,0.09,5.1,0.94,0.0,556.0,250,304,2,45,55,0,471.0,0.04,6.3e-05,31678.0,,,,
3520,8000,26144,1.658,0.0034,3.2344,4.647,0.0115,0.09,4.78,0.94,0.0,561.0,246,310,5,44,55,1,467.0,0.06,6.3e-05,31677.0,,,,
3521,8000,26161,1.7223,0.0197,3.3304,4.617,0.0175,0.09,4.53,0.92,0.0,630.0,302,325,3,48,52,0,416.0,0.06,6.3e-05,30608.0,,,,
3522,8000,26178,1.7176,0.0203,3.3199,4.658,0.0106,0.07,6.63,0.92,0.0,658.0,343,314,1,52,48,0,398.0,0.03,6.3e-05,31701.0,,,,
3523,8000,26194,1.6477,0.0141,3.1928,4.696,0.0118,0.07,5.36,0.93,0.0,533.0,298,230,5,56,43,1,492.0,0.05,6.3e-05,31743.0,,,,
3524,8000,26211,1.6661,0.0209,3.2152,4.592,0.0117,0.08,5.33,0.93,0.0,502.0,263,235,4,52,47,1,522.0,0.11,6.3e-05,31719.0,,,,
3525,8000,26227,1.6732,0.0185,3.2337,4.479,0.0105,0.08,5.1,0.93,0.0,481.0,272,200,9,57,42,2,545.0,0.16,6.3e-05,31706.0,,,,
3526,8000,26244,1.672,0.0233,3.2212,4.436,0.0166,0.09,5.25,0.94,0.0,537.0,284,246,7,53,46,1,488.0,0.14,6.3e-05,31712.0,,,,
3527,8000,26261,1.7212,0.0295,3.3086,4.518,0.0109,0.08,8.38,0.94,0.0,552.0,287,251,14,52,45,3,475.0,0.16,6.3e-05,31709.0,,,,
3528,8000,26277,1.7185,0.0292,3.3033,4.435,0.0149,0.09,4.68,0.94,0.0,641.0,314,310,17,49,48,3,409.0,0.09,6.3e-05,31767.0,,,,
3529,8000,26294,1.7404,0.0179,3.3677,4.337,0.0133,0.08,7.12,0.94,0.0,650.0,345,300,5,53,46,1,403.0,0.05,6.3e-05,31710.0,,,,
3530,8000,26310,1.75,0.0092,3.4035,4.224,0.0134,0.08,6.74,0.94,0.0,701.0,354,343,4,50,49,1,374.0,0.04,6.3e-05,31710.0,,,,
3531,8000,26327,1.7688,0.0269,3.406,4.29,0.0188,0.09,7.65,0.94,0.0,703.0,340,360,3,48,51,0,373.0,0.03,6.3e-05,31712.0,,,,
3532,8000,26344,1.7463,0.0044,3.4066,4.343,0.0134,0.09,5.95,0.94,0.0,705.0,349,353,3,50,50,0,372.0,0.04,6.3e-05,31695.0,,,,
3533,8000,26360,1.7183,0.0148,3.33,4.358,0.0115,0.07,7.95,0.94,0.0,584.0,290,287,7,50,49,1,449.0,0.04,6.3e-05,31714.0,,,,
3534,8000,26377,1.7115,0.0189,3.3085,4.384,0.0083,0.07,7.83,0.94,0.0,550.0,251,292,7,46,53,1,477.0,0.05,6.2e-05,31703.0,,,,
3535,8000,26393,1.7285,0.0217,3.3365,4.35,0.0109,0.08,8.23,0.94,0.0,602.0,285,294,23,47,49,4,435.0,0.07,6.2e-05,31776.0,,,,
3536,8000,26410,1.7243,0.0155,3.3412,4.376,0.0093,0.07,9.81,0.95,0.0,625.0,295,316,14,47,51,2,419.0,0.05,6.2e-05,31716.0,,,,
3537,8000,26427,1.781,0.0333,3.4182,4.269,0.0148,0.08,6.89,0.94,0.0,771.0,349,406,16,45,53,2,340.0,0.04,6.2e-05,31714.0,,,,
3538,8000,26443,1.7535,0.016,3.3969,4.191,0.0131,0.09,9.63,0.95,0.0,694.0,350,337,7,50,49,1,378.0,0.03,6.2e-05,31731.0,,,,
3539,8000,26460,1.7733,0.0205,3.4274,4.178,0.0105,0.08,8.89,0.94,0.0,778.0,361,413,4,46,53,1,337.0,0.03,6.2e-05,31706.0,,,,
3540,8000,26476,1.82,0.0224,3.5168,4.147,0.013,0.09,10.72,0.93,0.0,831.0,387,434,10,47,52,1,315.0,0.04,6.2e-05,31718.0,,,,
3541,8000,26494,1.809,0.0308,3.4778,4.137,0.0159,0.1,6.16,0.92,0.0,789.0,405,373,11,51,47,1,332.0,0.03,6.2e-05,30597.0,,,,
3542,8000,26510,1.8182,0.0031,3.552,4.127,0.0144,0.1,7.67,0.92,0.0,837.0,418,413,6,50,49,1,313.0,0.04,6.2e-05,31767.0,,,,
3543,8000,26527,1.8173,0.0407,3.475,4.142,0.0166,0.1,4.98,0.92,0.0,898.0,469,421,8,52,47,1,292.0,0.05,6.2e-05,31719.0,,,,
3544,8000,26543,1.82,0.0252,3.5113,4.084,0.0189,0.12,4.96,0.92,0.0,911.0,499,412,0,55,45,0,288.0,0.07,6.2e-05,31714.0,,,,
3545,8000,26560,1.8225,0.0235,3.5192,4.028,0.0181,0.12,4.0,0.92,0.0,959.0,490,461,8,51,48,1,273.0,0.07,6.2e-05,31705.0,,,,
3546,8000,26577,1.8997,0.0509,3.6186,4.008,0.0158,0.11,5.35,0.92,0.0,981.0,486,488,7,50,50,1,267.0,0.05,6.2e-05,31673.0,,,,
3547,8000,26593,1.8792,0.0549,3.5702,4.085,0.0134,0.09,6.56,0.92,0.0,934.0,428,496,10,46,53,1,281.0,0.03,6.2e-05,31691.0,,,,
3548,8000,26610,1.8446,0.0168,3.5767,4.051,0.0117,0.09,5.92,0.93,0.0,892.0,455,434,3,51,49,0,294.0,0.03,6.2e-05,31698.0,,,,
3549,8000,26626,1.831,0.0081,3.5666,4.048,0.0116,0.09,6.88,0.93,0.0,857.0,408,442,7,48,52,1,306.0,0.03,6.2e-05,31679.0,271,3,238,53
3550,8000,26658,1.847,0.0133,3.5874,3.972,0.0106,0.09,6.26,0.93,0.0,914.0,499,412,3,55,45,0,287.0,0.03,6.2e-05,31821.0,,,,
3551,8000,26675,1.8464,0.0163,3.5806,4.029,0.0124,0.09,7.38,0.93,0.0,910.0,465,444,1,51,49,0,288.0,0.03,6.2e-05,31688.0,,,,
3552,8000,26692,1.8255,0.0155,3.5408,4.049,0.0131,0.1,4.42,0.93,0.0,905.0,468,434,3,52,48,0,290.0,0.02,6.2e-05,31749.0,,,,
3553,8000,26708,1.7887,-0.0067,3.5126,4.201,0.0109,0.09,5.17,0.93,0.0,936.0,475,461,0,51,49,0,280.0,0.04,6.2e-05,31739.0,,,,
3554,8000,26725,1.7708,-0.0187,3.501,4.219,0.0104,0.08,6.19,0.93,0.0,820.0,429,387,4,52,47,0,320.0,0.03,6.2e-05,31690.0,,,,
3555,8000,26741,1.7692,-0.0236,3.5077,4.219,0.0081,0.07,8.87,0.94,0.0,838.0,426,410,2,51,49,0,313.0,0.03,6.2e-05,31685.0,,,,
3556,8000,26758,1.7512,-0.0244,3.4735,4.269,0.0092,0.07,11.59,0.94,0.0,770.0,378,389,3,49,51,0,340.0,0.03,6.2e-05,31658.0,,,,
3557,8000,26775,1.7741,-0.0126,3.495,4.192,0.0104,0.08,7.06,0.94,0.0,818.0,407,411,0,50,50,0,320.0,0.03,6.2e-05,31716.0,,,,
3558,8000,26791,1.7709,0.0001,3.4637,4.244,0.0114,0.08,5.86,0.94,0.0,861.0,415,446,0,48,52,0,304.0,0.04,6.2e-05,31712.0,,,,
3559,8000,26808,1.7334,-0.0155,3.4201,4.284,0.0117,0.08,8.65,0.94,0.0,761.0,392,367,2,52,48,0,344.0,0.05,6.2e-05,31703.0,,,,
3560,8000,26824,1.7574,-0.021,3.4788,4.235,0.009,0.07,11.68,0.94,0.0,758.0,375,380,3,49,50,0,346.0,0.08,6.2e-05,31721.0,,,,
3561,8000,26842,1.761,-0.0007,3.446,4.285,0.012,0.09,6.77,0.93,0.0,703.0,361,334,8,51,48,1,373.0,0.06,6.2e-05,30613.0,,,,
3562,8000,26858,1.7092,-0.001,3.3442,4.489,0.0133,0.1,5.38,0.93,0.0,608.0,331,274,3,54,45,0,431.0,0.04,6.2e-05,31743.0,,,,
3563,8000,26875,1.7309,-0.0135,3.4124,4.441,0.009,0.07,11.52,0.92,0.0,645.0,330,313,2,51,49,0,406.0,0.04,6.2e-05,31732.0,,,,
3564,8000,26891,1.7506,0.0013,3.4205,4.248,0.0119,0.09,7.05,0.92,0.0,693.0,379,311,3,55,45,0,378.0,0.06,6.2e-05,31728.0,,,,
3565,8000,26908,1.756,-0.0144,3.4622,4.193,0.0097,0.08,14.7,0.93,0.0,731.0,382,344,5,52,47,1,359.0,0.05,6.2e-05,31740.0,,,,
3566,8000,26924,1.8045,-0.0057,3.5426,4.25,0.0085,0.07,13.07,0.93,0.0,767.0,391,375,1,51,49,0,342.0,0.04,6.2e-05,31727.0,,,,
3567,8000,26941,1.7221,0.0016,3.3641,4.396,0.0113,0.08,9.13,0.94,0.0,689.0,371,315,3,54,46,0,380.0,0.03,6.2e-05,31742.0,,,,
3568,8000,26958,1.7476,-0.0073,3.4327,4.372,0.0101,0.08,8.42,0.93,0.0,713.0,340,365,8,48,51,1,368.0,0.02,6.2e-05,31719.0,,,,
3569,8000,26974,1.7368,-0.0051,3.4069,4.431,0.0126,0.09,7.02,0.94,0.0,710.0,312,395,3,44,56,0,369.0,0.02,6.2e-05,31775.0,,,,
3570,8000,26991,1.7649,0.01,3.4332,4.394,0.0121,0.09,7.57,0.93,0.0,696.0,331,363,2,48,52,0,377.0,0.02,6.2e-05,31756.0,,,,
3571,8000,27007,1.7602,0.0041,3.4352,4.391,0.0121,0.09,8.14,0.93,0.0,735.0,363,370,2,49,50,0,357.0,0.03,6.2e-05,31737.0,,,,
3572,8000,27024,1.7717,0.0111,3.4444,4.412,0.0107,0.08,8.76,0.93,0.0,665.0,308,357,0,46,54,0,394.0,0.03,6.2e-05,31745.0,,,,
3573,8000,27040,1.7652,-0.0033,3.4612,4.474,0.0086,0.07,11.73,0.93,0.0,766.0,422,339,5,55,44,1,342.0,0.02,6.2e-05,31739.0,,,,
3574,8000,27057,1.7559,0.0192,3.3983,4.603,0.0133,0.09,6.98,0.93,0.0,692.0,353,333,6,51,48,1,379.0,0.03,6.2e-05,31787.0,,,,
3575,8000,27074,1.7791,0.0159,3.451,4.536,0.014,0.1,7.89,0.93,0.0,804.0,405,397,2,50,49,0,326.0,0.03,6.2e-05,31737.0,,,,
3576,8000,27090,1.7802,0.019,3.4466,4.53,0.0124,0.08,7.21,0.94,0.0,760.0,404,355,1,53,47,0,345.0,0.02,6.2e-05,31750.0,,,,
3577,8000,27107,1.7663,0.0204,3.4167,4.599,0.0125,0.09,8.47,0.94,0.0,734.0,367,365,2,50,50,0,357.0,0.03,6.2e-05,31742.0,,,,
3578,8000,27123,1.7358,0.0186,3.3585,4.489,0.0126,0.09,5.34,0.94,0.0,677.0,363,311,3,54,46,0,387.0,0.05,6.2e-05,31721.0,,,,
3579,8000,27140,1.7015,0.0204,3.2883,4.759,0.0122,0.09,5.33,0.94,0.0,618.0,311,304,3,50,49,0,424.0,0.06,6.2e-05,31722.0,,,,
3580,8000,27157,1.7019,0.023,3.2836,4.741,0.008,0.06,11.17,0.95,0.0,520.0,258,259,3,50,50,1,504.0,0.04,6.2e-05,31725.0,,,,
3581,8000,27174,1.7413,0.0257,3.3571,4.71,0.0096,0.07,9.15,0.94,0.0,605.0,292,309,4,48,51,1,433.0,0.04,6.2e-05,30610.0,,,,
3582,8000,27190,1.7463,0.0284,3.3617,4.716,0.0116,0.08,8.02,0.95,0.0,606.0,272,332,2,45,55,0,433.0,0.04,6.2e-05,31731.0,,,,
3583,8000,27207,1.7543,0.0304,3.3728,4.544,0.0123,0.09,6.94,0.94,0.0,695.0,310,374,11,45,54,2,377.0,0.03,6.2e-05,31783.0,,,,
3584,8000,27223,1.7758,0.0258,3.4236,4.447,0.0083,0.07,10.44,0.94,0.0,672.0,327,342,3,49,51,0,390.0,0.03,6.2e-05,31727.0,,,,
3585,8000,27240,1.7252,0.0095,3.355,4.487,0.0131,0.09,8.89,0.94,0.0,703.0,331,359,13,47,51,2,373.0,0.03,6.2e-05,31741.0,,,,
3586,8000,27257,1.7274,0.0179,3.344,4.603,0.013,0.09,5.24,0.94,0.0,661.0,322,335,4,49,51,1,397.0,0.03,6.2e-05,31721.0,,,,
3587,8000,27273,1.753,0.0137,3.403,4.484,0.0095,0.07,10.56,0.94,0.0,643.0,331,303,9,51,47,1,408.0,0.03,6.1e-05,31720.0,,,,
3588,8000,27290,1.7049,0.0202,3.2951,4.607,0.0088,0.07,9.39,0.94,0.0,586.0,303,274,9,52,47,2,447.0,0.02,6.1e-05,31777.0,,,,
3589,8000,27306,1.7405,0.0228,3.3609,4.543,0.0125,0.09,5.33,0.93,0.0,678.0,318,343,17,47,51,3,387.0,0.03,6.1e-05,31711.0,,,,
3590,8000,27323,1.7545,0.0278,3.3788,4.568,0.0135,0.09,18.16,0.94,0.0,631.0,307,309,15,49,49,2,415.0,0.02,6.1e-05,31726.0,,,,
3591,8000,27340,1.7607,0.0115,3.4221,4.4,0.007,0.06,14.81,0.93,0.0,600.0,298,293,9,50,49,2,437.0,0.02,6.1e-05,31737.0,,,,
3592,8000,27356,1.7369,0.0312,3.3362,4.476,0.0131,0.09,8.68,0.94,0.0,647.0,322,311,14,50,48,2,405.0,0.03,6.1e-05,31725.0,,,,
3593,8000,27373,1.7546,0.0257,3.3829,4.426,0.0113,0.08,9.61,0.93,0.0,647.0,304,325,18,47,50,3,405.0,0.04,6.1e-05,31720.0,,,,
3594,8000,27389,1.7349,0.0269,3.3415,4.463,0.0117,0.09,5.27,0.94,0.0,626.0,330,281,15,53,45,2,419.0,0.03,6.1e-05,31733.0,,,,
3595,8000,27406,1.7696,0.0257,3.4125,4.401,0.0123,0.09,8.82,0.93,0.0,698.0,317,366,15,45,52,2,376.0,0.03,6.1e-05,31723.0,,,,
3596,8000,27422,1.7958,0.0283,3.4599,4.284,0.0124,0.08,6.62,0.93,0.0,795.0,369,403,23,46,51,3,330.0,0.03,6.1e-05,31773.0,,,,
3597,8000,27439,1.7918,0.0288,3.4495,4.274,0.0135,0.09,4.86,0.92,0.0,783.0,407,362,14,52,46,2,335.0,0.04,6.1e-05,31724.0,,,,
3598,8000,27456,1.8388,0.0289,3.5419,4.228,0.0107,0.08,8.3,0.92,0.0,861.0,433,418,10,50,49,1,304.0,0.05,6.1e-05,31737.0,,,,
3599,8000,27472,1.805,0.0203,3.4913,4.217,0.0126,0.09,8.39,0.93,0.0,839.0,418,413,8,50,49,1,312.0,0.03,6.1e-05,31708.0,264,2,246,52
3600,8000,27504,1.8187,0.0058,3.548,4.204,0.0095,0.08,9.46,0.92,0.0,835.0,411,409,15,49,49,2,314.0,0.03,6.1e-05,31913.0,,,,
3601,8000,27521,1.8456,0.0277,3.5601,4.232,0.0129,0.09,7.54,0.91,0.0,837.0,400,419,18,48,50,2,313.0,0.04,6.1e-05,30566.0,,,,
3602,8000,27538,1.8321,0.0399,3.5087,4.294,0.0133,0.09,6.38,0.92,0.0,807.0,429,363,15,53,45,2,325.0,0.04,6.1e-05,31639.0,,,,
3603,8000,27555,1.7871,0.04,3.4186,4.379,0.0097,0.08,7.07,0.94,0.0,758.0,402,341,15,53,45,2,346.0,0.04,6.1e-05,31661.0,,,,
3604,8000,27571,1.7861,0.0302,3.4353,4.3,0.0115,0.08,9.86,0.94,0.0,745.0,381,344,20,51,46,3,352.0,0.03,6.1e-05,31666.0,,,,
3605,8000,27588,1.7583,0.0176,3.4041,4.281,0.0109,0.08,8.75,0.95,0.0,710.0,372,317,21,52,45,3,369.0,0.02,6.1e-05,31651.0,,,,
3606,8000,27604,1.7436,0.0162,3.3774,4.283,0.0101,0.07,10.74,0.94,0.0,698.0,371,311,16,53,45,2,376.0,0.03,6.1e-05,31643.0,,,,
3607,8000,27621,1.7238,0.0075,3.355,4.336,0.0075,0.06,16.01,0.95,0.0,593.0,305,279,9,51,47,2,442.0,0.03,6.1e-05,31666.0,,,,
3608,8000,27638,1.724,0.0149,3.3405,4.283,0.0094,0.07,13.51,0.94,0.0,642.0,324,308,10,50,48,2,408.0,0.03,6.1e-05,31640.0,,,,
3609,8000,27654,1.7223,0.0225,3.3227,4.399,0.0105,0.08,17.3,0.95,0.0,593.0,281,301,11,47,51,2,442.0,0.04,6.1e-05,31648.0,,,,
3610,8000,27671,1.7036,0.0184,3.2937,4.382,0.0121,0.08,11.07,0.95,0.0,560.0,279,265,16,50,47,3,468.0,0.07,6.1e-05,31709.0,,,,
3611,8000,27688,1.7247,0.0154,3.3421,4.367,0.014,0.08,11.45,0.95,0.0,624.0,299,313,12,48,50,2,420.0,0.05,6.1e-05,31693.0,,,,
3612,8000,27704,1.6993,0.0215,3.2794,4.461,0.0097,0.07,10.59,0.94,0.0,577.0,291,277,9,50,48,2,454.0,0.05,6.1e-05,31654.0,,,,
3613,8000,27721,1.6803,0.018,3.2502,4.464,0.0114,0.08,11.11,0.94,0.0,529.0,252,258,19,48,49,4,496.0,0.06,6.1e-05,31701.0,,,,
3614,8000,27737,1.696,0.0202,3.2773,4.517,0.0111,0.08,15.89,0.94,0.0,530.0,263,252,15,50,48,3,495.0,0.05,6.1e-05,31655.0,,,,
3615,8000,27754,1.7126,0.0257,3.2995,4.484,0.0109,0.08,15.42,0.94,0.0,600.0,293,288,19,49,48,3,437.0,0.04,6.1e-05,31640.0,,,,
3616,8000,27771,1.7843,0.0496,3.3942,4.355,0.0141,0.1,6.13,0.93,0.0,680.0,332,330,18,49,49,3,386.0,0.05,6.1e-05,31634.0,,,,
3617,8000,27787,1.7558,0.0391,3.3572,4.342,0.0129,0.09,8.26,0.94,0.0,648.0,311,326,11,48,50,2,405.0,0.06,6.1e-05,31641.0,,,,
3618,8000,27804,1.7679,0.0433,3.3732,4.397,0.011,0.08,14.7,0.94,0.0,629.0,329,290,10,52,46,2,417.0,0.07,6.1e-05,31648.0,,,,
3619,8000,27821,1.7113,0.0418,3.2644,4.455,0.0104,0.08,12.59,0.95,0.0,561.0,277,267,17,49,48,3,467.0,0.06,6.1e-05,31636.0,,,,
3620,8000,27837,1.7179,0.0455,3.2697,4.478,0.0108,0.08,8.99,0.94,0.0,564.0,284,267,13,50,47,2,465.0,0.07,6.1e-05,31637.0,,,,
3621,8000,27854,1.7669,0.051,3.3585,4.496,0.0128,0.09,12.54,0.93,0.0,611.0,284,295,32,46,48,5,429.0,0.09,6.1e-05,30624.0,,,,
3622,8000,27871,1.768,0.0601,3.3422,4.467,0.0117,0.07,9.09,0.93,0.0,674.0,318,327,29,47,49,4,389.0,0.07,6.1e-05,31726.0,,,,
3623,8000,27888,1.7942,0.0602,3.3949,4.476,0.0125,0.09,13.43,0.93,0.0,693.0,321,342,30,46,49,4,378.0,0.05,6.1e-05,31766.0,,,,
3624,8000,27904,1.7816,0.057,3.3747,4.444,0.015,0.1,7.41,0.92,0.0,675.0,338,320,17,50,47,3,388.0,0.03,6.1e-05,31715.0,,,,
3625,8000,27921,1.7755,0.0501,3.3783,4.434,0.0098,0.08,11.61,0.93,0.0,618.0,305,297,16,49,48,3,424.0,0.03,6.1e-05,31709.0,,,,
3626,8000,27937,1.7795,0.0481,3.3919,4.438,0.0097,0.08,9.23,0.92,0.0,628.0,292,315,21,46,50,3,417.0,0.03,6.1e-05,31721.0,,,,
3627,8000,27954,1.8769,0.0716,3.5386,4.305,0.0187,0.12,6.53,0.91,0.0,866.0,397,448,21,46,52,2,303.0,0.03,6.1e-05,31709.0,,,,
3628,8000,27971,1.9066,0.0637,3.6101,4.143,0.0131,0.1,5.62,0.91,0.0,947.0,440,493,14,46,52,1,277.0,0.05,6.1e-05,31694.0,,,,
3629,8000,27987,1.8891,0.0509,3.6015,4.251,0.0111,0.09,8.26,0.92,0.0,925.0,435,474,16,47,51,2,283.0,0.05,6.1e-05,31746.0,,,,
3630,8000,28004,1.9255,0.0687,3.6365,4.186,0.0123,0.09,7.26,0.91,0.0,1004.0,538,463,3,54,46,0,261.0,0.04,6.1e-05,31699.0,,,,
3631,8000,28020,1.9201,0.0632,3.6366,4.191,0.0131,0.09,5.34,0.92,0.0,1036.0,521,510,5,50,49,0,253.0,0.04,6.1e-05,31750.0,,,,
3632,8000,28037,1.8921,0.0482,3.6111,4.284,0.0148,0.1,5.81,0.92,0.0,1070.0,508,557,5,47,52,0,245.0,0.03,6.1e-05,31698.0,,,,
3633,8000,28054,1.8578,0.0293,3.5808,4.354,0.0135,0.09,8.86,0.93,0.0,1012.0,488,521,3,48,51,0,259.0,0.03,6.1e-05,31697.0,,,,
3634,8000,28070,1.8534,0.0341,3.5616,4.265,0.0109,0.08,7.22,0.93,0.0,955.0,503,447,5,53,47,1,274.0,0.03,6.1e-05,31685.0,,,,
3635,8000,28087,1.8538,0.0462,3.5393,4.356,0.0088,0.07,9.7,0.93,0.0,891.0,439,448,4,49,50,0,294.0,0.04,6.1e-05,31689.0,,,,
3636,8000,28103,1.84,0.052,3.5004,4.337,0.0102,0.08,10.52,0.93,0.0,873.0,438,427,8,50,49,1,300.0,0.04,6.1e-05,31697.0,,,,
3637,8000,28120,1.7995,0.0474,3.4335,4.453,0.0107,0.08,6.59,0.94,0.0,801.0,381,396,24,48,49,3,327.0,0.03,6.1e-05,31784.0,,,,
3638,8000,28136,1.7841,0.0339,3.4294,4.512,0.0088,0.07,13.12,0.93,0.0,718.0,350,346,22,49,48,3,365.0,0.04,6.1e-05,31767.0,,,,
3639,8000,28153,1.7711,0.0201,3.428,4.396,0.0077,0.06,10.57,0.93,0.0,670.0,314,330,26,47,49,4,391.0,0.04,6.1e-05,31706.0,,,,
3640,8000,28170,1.7546,0.0415,3.3543,4.526,0.0096,0.07,7.52,0.93,0.0,684.0,323,331,30,47,48,4,383.0,0.03,6.1e-05,31721.0,,,,
3641,8000,28187,1.7422,0.055,3.301,4.709,0.0092,0.07,6.33,0.93,0.0,617.0,310,285,22,50,46,4,425.0,0.03,6e-05,30586.0,,,,
3642,8000,28203,1.6942,0.0425,3.2312,4.803,0.0108,0.08,8.16,0.93,0.0,554.0,257,269,28,46,49,5,473.0,0.03,6e-05,31766.0,,,,
3643,8000,28220,1.7421,0.0332,3.3442,4.735,0.0083,0.07,11.17,0.93,0.0,507.0,262,234,11,52,46,2,517.0,0.02,6e-05,31736.0,,,,
3644,8000,28237,1.7475,0.039,3.3433,4.577,0.0103,0.09,6.78,0.93,0.0,595.0,292,284,19,49,48,3,441.0,0.04,6e-05,31748.0,,,,
3645,8000,28253,1.7709,0.0314,3.4046,4.514,0.0102,0.08,6.66,0.93,0.0,693.0,339,343,11,49,49,2,378.0,0.04,6e-05,31732.0,,,,
3646,8000,28270,1.7509,0.0368,3.354,4.55,0.0116,0.09,4.44,0.93,0.0,699.0,348,338,13,50,48,2,375.0,0.03,6e-05,31719.0,,,,
3647,8000,28286,1.7137,0.0336,3.286,4.562,0.0093,0.07,7.67,0.94,0.0,588.0,290,287,11,49,49,2,446.0,0.04,6e-05,31712.0,,,,
3648,8000,28303,1.6683,0.0263,3.2111,4.633,0.0089,0.07,5.74,0.94,0.0,540.0,249,272,19,46,50,4,485.0,0.03,6e-05,31739.0,,,,
3649,8000,28320,1.6611,0.0226,3.2056,4.783,0.0096,0.07,5.91,0.95,0.0,560.0,250,292,18,45,52,3,468.0,0.04,6e-05,31719.0,187,6,319,37
3650,8000,28351,1.6284,0.025,3.1352,4.852,0.011,0.08,5.37,0.95,0.0,493.0,239,238,16,48,48,3,532.0,0.05,6e-05,31855.0,,,,
3651,8000,28368,1.6389,0.0163,3.1751,4.783,0.0081,0.06,6.26,0.95,0.0,519.0,217,270,32,42,52,6,505.0,0.04,6e-05,31722.0,,,,
3652,8000,28385,1.6195,0.0076,3.155,4.843,0.0087,0.07,8.96,0.95,0.0,500.0,232,231,37,46,46,7,524.0,0.03,6e-05,31713.0,,,,
3653,8000,28401,1.6147,0.0021,3.1581,4.809,0.0083,0.06,8.15,0.95,0.0,524.0,222,260,42,42,50,8,500.0,0.03,6e-05,31725.0,,,,
3654,8000,28418,1.6271,0.0115,3.1639,4.831,0.0116,0.08,4.28,0.95,0.0,524.0,244,241,39,47,46,7,500.0,0.04,6e-05,31723.0,,,,
3655,8000,28434,1.6354,0.0061,3.1919,4.808,0.0127,0.08,3.7,0.95,0.0,572.0,258,266,48,45,47,8,458.0,0.02,6e-05,31715.0,,,,
3656,8000,28451,1.6919,0.0112,3.2936,4.725,0.0103,0.08,5.47,0.94,0.0,617.0,241,335,41,39,54,7,425.0,0.03,6e-05,31727.0,,,,
3657,8000,28468,1.6757,-0.0003,3.2816,4.696,0.011,0.08,5.29,0.95,0.0,654.0,314,310,30,48,47,5,401.0,0.03,6e-05,31729.0,,,,
3658,8000,28484,1.7124,0.0074,3.3395,4.637,0.0089,0.08,4.89,0.94,0.0,715.0,328,358,29,46,50,4,367.0,0.03,6e-05,31729.0,,,,
3659,8000,28501,1.727,0.0141,3.3558,4.674,0.0121,0.09,5.35,0.94,0.0,713.0,313,372,28,44,52,4,368.0,0.03,6e-05,31730.0,,,,
3660,8000,28517,1.6943,0.0173,3.2839,4.719,0.0117,0.08,6.12,0.95,0.0,652.0,290,336,26,44,52,4,402.0,0.03,6e-05,31712.0,,,,
3661,8000,28535,1.7244,0.015,3.3497,4.72,0.0101,0.07,6.23,0.93,0.0,634.0,287,318,29,45,50,5,413.0,0.03,6e-05,30553.0,,,,
3662,8000,28551,1.688,0.026,3.2564,4.733,0.0112,0.07,5.53,0.94,0.0,592.0,259,294,39,44,50,7,443.0,0.04,6e-05,31679.0,,,,
3663,8000,28568,1.7035,0.0309,3.279,4.731,0.0123,0.07,5.34,0.95,0.0,690.0,306,339,45,44,49,7,380.0,0.03,6e-05,31704.0,,,,
3664,8000,28585,1.7567,0.0293,3.3872,4.641,0.0087,0.07,6.36,0.94,0.0,741.0,358,339,44,48,46,6,354.0,0.02,6e-05,31693.0,,,,
3665,8000,28601,1.7844,0.026,3.4487,4.523,0.0108,0.08,6.39,0.94,0.0,866.0,408,412,46,47,48,5,303.0,0.02,6e-05,31774.0,,,,
3666,8000,28618,1.7818,0.0163,3.4605,4.47,0.0112,0.08,4.22,0.94,0.0,901.0,466,408,27,52,45,3,291.0,0.03,6e-05,31718.0,,,,
3667,8000,28634,1.8072,0.0163,3.5096,4.533,0.0107,0.08,5.22,0.93,0.0,862.0,411,428,23,48,50,3,304.0,0.04,6e-05,31681.0,,,,
3668,8000,28651,1.8091,0.0058,3.534,4.476,0.0118,0.09,5.48,0.93,0.0,914.0,431,452,31,47,49,3,287.0,0.04,6e-05,31705.0,,,,
3669,8000,28667,1.8308,0.0235,3.5403,4.436,0.011,0.09,3.74,0.93,0.0,910.0,451,449,10,50,49,1,288.0,0.03,6e-05,31684.0,,,,
3670,8000,28684,1.8462,0.0129,3.5914,4.383,0.0127,0.09,4.56,0.93,0.0,928.0,450,466,12,48,50,1,282.0,0.02,6e-05,31758.0,,,,
3671,8000,28701,1.8393,0.0053,3.5936,4.386,0.0106,0.08,4.78,0.92,0.0,1042.0,525,513,4,50,49,0,252.0,0.02,6e-05,31691.0,,,,
3672,8000,28717,1.852,0.021,3.5871,4.438,0.0112,0.09,3.68,0.92,0.0,1020.0,495,521,4,49,51,0,257.0,0.01,6e-05,31701.0,,,,
3673,8000,28734,1.8051,0.0148,3.5064,4.428,0.0103,0.08,4.88,0.94,0.0,887.0,445,432,10,50,49,1,296.0,0.02,6e-05,31698.0,,,,
3674,8000,28750,1.7833,0.0143,3.4645,4.49,0.008,0.07,5.11,0.94,0.0,889.0,451,425,13,51,48,1,295.0,0.02,6e-05,31700.0,,,,
3675,8000,28767,1.7616,0.023,3.4056,4.538,0.0121,0.09,5.75,0.94,0.0,801.0,389,392,20,49,49,2,327.0,0.02,6e-05,31683.0,,,,
3676,8000,28784,1.767,0.027,3.4099,4.613,0.0105,0.08,4.24,0.94,0.0,777.0,382,371,24,49,48,3,337.0,0.02,6e-05,31749.0,,,,
3677,8000,28800,1.7564,0.0175,3.407,4.577,0.0089,0.07,7.53,0.94,0.0,708.0,361,325,22,51,46,3,370.0,0.03,6e-05,31692.0,,,,
3678,8000,28817,1.7186,0.0233,3.3223,4.571,0.0091,0.07,8.97,0.95,0.0,681.0,356,293,32,52,43,5,385.0,0.03,6e-05,31679.0,,,,
3679,8000,28833,1.7679,0.0188,3.4268,4.513,0.0097,0.07,8.62,0.94,0.0,708.0,355,327,26,50,46,4,370.0,0.02,6e-05,31722.0,,,,
3680,8000,28850,1.6946,0.0159,3.2861,4.582,0.0114,0.08,6.73,0.95,0.0,664.0,331,298,35,50,45,5,395.0,0.02,6e-05,31706.0,,,,
3681,8000,28867,1.6791,0.0073,3.2746,4.73,0.011,0.08,5.74,0.95,0.0,593.0,299,254,40,50,43,7,442.0,0.02,6e-05,30666.0,,,,
3682,8000,28884,1.6502,-0.0021,3.2369,4.847,0.0074,0.06,7.29,0.95,0.0,511.0,243,233,35,48,46,7,513.0,0.02,6e-05,31657.0,,,,
3683,8000,28900,1.6087,0.0125,3.1246,4.929,0.0093,0.07,4.32,0.95,0.0,495.0,253,206,36,51,42,7,530.0,0.02,6e-05,31691.0,,,,
3684,8000,28917,1.5747,-0.0032,3.088,5.112,0.0073,0.06,16.18,0.96,0.0,353.0,160,165,28,45,47,8,743.0,0.02,6e-05,31762.0,,,,
3685,8000,28934,1.5323,-0.0219,3.0455,4.991,0.0057,0.05,14.02,0.97,0.0,329.0,135,135,59,41,41,18,797.0,0.02,6e-05,31715.0,,,,
3686,8000,28950,1.5273,-0.016,3.0231,5.047,0.0072,0.06,6.54,0.96,0.0,358.0,163,144,51,46,40,14,732.0,0.01,6e-05,31725.0,,,,
3687,8000,28967,1.5263,-0.0152,3.0254,4.972,0.0057,0.05,11.41,0.97,0.0,373.0,133,163,77,36,44,21,703.0,0.01,6e-05,31711.0,,,,
3688,8000,28983,1.5666,-0.0131,3.1008,4.796,0.0424,0.05,10.49,0.96,0.0,414.0,150,187,77,36,45,19,633.0,0.01,6e-05,31722.0,,,,
3689,8000,29000,1.5809,-0.0074,3.1137,4.764,0.0086,0.07,6.88,0.95,0.0,449.0,181,203,65,40,45,14,584.0,0.01,6e-05,31762.0,,,,
3690,8000,29017,1.5546,-0.003,3.0538,4.881,0.0104,0.08,5.65,0.96,0.0,485.0,207,198,80,43,41,16,541.0,0.01,6e-05,31715.0,,,,
3691,8000,29033,1.5948,0.001,3.1234,4.794,0.0133,0.09,5.18,0.95,0.0,538.0,228,245,65,42,46,12,487.0,0.01,6e-05,31705.0,,,,
3692,8000,29050,1.6325,0.0101,3.1795,4.684,0.0137,0.1,3.49,0.95,0.0,564.0,240,269,55,43,48,10,465.0,0.01,6e-05,31703.0,,,,
3693,8000,29066,1.6513,0.0022,3.2345,4.672,0.0108,0.08,3.96,0.94,0.0,625.0,307,258,60,49,41,10,419.0,0.01,6e-05,31713.0,,,,
3694,8000,29083,1.7309,0.0177,3.3578,4.592,0.0097,0.07,6.57,0.94,0.0,685.0,298,340,47,44,50,7,383.0,0.02,6e-05,31713.0,,,,
3695,8000,29100,1.7485,0.0219,3.3834,4.544,0.0103,0.08,4.92,0.94,0.0,715.0,332,351,32,46,49,4,367.0,0.02,6e-05,31712.0,,,,
3696,8000,29116,1.7165,0.0197,3.3222,4.581,0.0111,0.09,3.77,0.94,0.0,719.0,348,350,21,48,49,3,365.0,0.03,5.9e-05,31766.0,,,,
3697,8000,29133,1.7306,0.0241,3.3402,4.536,0.0127,0.09,3.64,0.95,0.0,713.0,370,327,16,52,46,2,368.0,0.02,5.9e-05,31718.0,,,,
3698,8000,29149,1.7558,0.0222,3.3921,4.425,0.0138,0.1,4.15,0.94,0.0,755.0,379,368,8,50,49,1,347.0,0.02,5.9e-05,31699.0,,,,
3699,8000,29166,1.7483,0.0187,3.3836,4.417,0.0115,0.09,3.53,0.95,0.0,724.0,365,356,3,50,49,0,362.0,0.03,5.9e-05,31716.0,274,2,236,54
3700,8000,29198,1.7385,0.0257,3.3511,4.523,0.0109,0.08,3.71,0.95,0.0,700.0,335,359,6,48,51,1,374.0,0.02,5.9e-05,31840.0,,,,
3701,8000,29215,1.798,0.0381,3.4439,4.435,0.0123,0.09,3.34,0.94,0.0,728.0,381,343,4,52,47,1,360.0,0.03,5.9e-05,30636.0,,,,
3702,8000,29232,1.8259,0.0259,3.5239,4.345,0.0115,0.09,3.18,0.93,0.0,801.0,437,359,5,55,45,1,327.0,0.04,5.9e-05,31723.0,,,,
3703,8000,29248,1.7453,0.0182,3.3785,4.438,0.0103,0.09,3.39,0.94,0.0,723.0,352,366,5,49,51,1,363.0,0.04,5.9e-05,31742.0,,,,
3704,8000,29265,1.6928,0.0208,3.2694,4.557,0.0097,0.08,3.0,0.94,0.0,661.0,330,325,6,50,49,1,397.0,0.03,5.9e-05,31780.0,,,,
3705,8000,29281,1.6976,0.0134,3.2936,4.542,0.0099,0.08,2.75,0.94,0.0,646.0,318,317,11,49,49,2,406.0,0.03,5.9e-05,31730.0,,,,
3706,8000,29298,1.6969,0.0121,3.2947,4.497,0.0098,0.08,3.52,0.94,0.0,688.0,328,350,10,48,51,1,381.0,0.05,5.9e-05,31733.0,,,,
3707,8000,29315,1.6827,0.0038,3.2831,4.471,0.0088,0.08,3.83,0.94,0.0,619.0,305,300,14,49,48,2,423.0,0.05,5.9e-05,31783.0,,,,
3708,8000,29331,1.6852,0.0115,3.2727,4.517,0.0096,0.08,3.4,0.94,0.0,631.0,297,315,19,47,50,3,415.0,0.05,5.9e-05,31722.0,,,,
3709,8000,29348,1.725,0.0102,3.3543,4.43,0.0086,0.07,4.13,0.94,0.0,683.0,334,334,15,49,49,2,384.0,0.06,5.9e-05,31704.0,,,,
3710,8000,29364,1.7131,0.0128,3.3258,4.463,0.0092,0.08,3.44,0.94,0.0,649.0,326,311,12,50,48,2,404.0,0.06,5.9e-05,31714.0,,,,
3711,8000,29381,1.7066,0.0083,3.3221,4.484,0.0078,0.07,5.06,0.94,0.0,637.0,307,320,10,48,50,2,412.0,0.07,5.9e-05,31779.0,,,,
3712,8000,29397,1.7054,0.0167,3.3034,4.477,0.0077,0.07,4.86,0.94,0.0,605.0,279,313,13,46,52,2,433.0,0.05,5.9e-05,31778.0,,,,
3713,8000,29414,1.7188,0.0128,3.3369,4.421,0.0095,0.08,3.87,0.94,0.0,628.0,302,318,8,48,51,1,417.0,0.07,5.9e-05,31745.0,,,,
3714,8000,29431,1.7381,0.0066,3.387,4.293,0.0099,0.08,4.55,0.94,0.0,702.0,355,337,10,51,48,1,373.0,0.07,5.9e-05,31737.0,,,,
3715,8000,29447,1.7413,0.0097,3.3872,4.334,0.0091,0.08,5.54,0.94,0.0,657.0,344,302,11,52,46,2,399.0,0.06,5.9e-05,31738.0,,,,
3716,8000,29464,1.7153,0.0024,3.3504,4.425,0.0084,0.07,5.12,0.94,0.0,647.0,328,310,9,51,48,1,405.0,0.05,5.9e-05,31738.0,,,,
3717,8000,29480,1.785,0.0003,3.4936,4.33,0.0093,0.08,8.18,0.93,0.0,736.0,367,364,5,50,49,1,356.0,0.04,5.9e-05,31724.0,,,,
3718,8000,29497,1.7491,0.0066,3.4098,4.375,0.0111,0.08,8.2,0.94,0.0,756.0,368,379,9,49,50,1,347.0,0.04,5.9e-05,31784.0,,,,
3719,8000,29514,1.7103,0.0129,3.3191,4.437,0.0102,0.08,6.26,0.95,0.0,655.0,350,300,5,53,46,1,400.0,0.03,5.9e-05,31715.0,,,,
3720,8000,29530,1.7083,0.0163,3.3094,4.515,0.0105,0.08,5.49,0.95,0.0,626.0,365,251,10,58,40,2,419.0,0.03,5.9e-05,31726.0,,,,
3721,8000,29547,1.7683,0.0195,3.423,4.513,0.0087,0.07,10.6,0.93,0.0,647.0,341,289,17,53,45,3,405.0,0.03,5.9e-05,30579.0,,,,
3722,8000,29564,1.6623,0.0134,3.2257,4.701,0.0089,0.07,7.62,0.95,0.0,532.0,273,239,20,51,45,4,493.0,0.02,5.9e-05,31696.0,,,,
3723,8000,29581,1.6174,0.0124,3.139,4.791,0.0081,0.06,11.13,0.95,0.0,435.0,211,207,17,49,48,4,603.0,0.02,5.9e-05,31723.0,,,,
3724,8000,29597,1.5808,0.011,3.0701,4.882,0.0077,0.06,4.94,0.95,0.0,446.0,234,189,23,52,42,5,588.0,0.02,5.9e-05,31742.0,,,,
3725,8000,29614,1.6025,0.0031,3.1316,4.895,0.0071,0.06,6.01,0.94,0.0,451.0,202,182,67,45,40,15,581.0,0.02,5.9e-05,31710.0,,,,
3726,8000,29630,1.6106,0.0093,3.1346,4.776,0.0095,0.07,5.66,0.94,0.0,488.0,243,187,58,50,38,12,537.0,0.03,5.9e-05,31723.0,,,,
3727,8000,29647,1.6547,0.0118,3.215,4.654,0.0108,0.08,3.88,0.94,0.0,553.0,280,233,40,51,42,7,474.0,0.03,5.9e-05,31713.0,,,,
3728,8000,29664,1.6499,0.0123,3.2037,4.637,0.0101,0.08,3.65,0.94,0.0,562.0,280,252,30,50,45,5,466.0,0.05,5.9e-05,31727.0,,,,
3729,8000,29680,1.64,0.0033,3.2015,4.621,0.0093,0.07,4.75,0.95,0.0,515.0,247,244,24,48,47,5,509.0,0.06,5.9e-05,31762.0,,,,
3730,8000,29697,1.6363,0.0086,3.1834,4.67,0.0111,0.08,7.92,0.94,0.0,558.0,279,256,23,50,46,4,470.0,0.06,5.9e-05,31693.0,,,,
3731,8000,29713,1.6119,-0.0054,3.1635,4.693,0.0104,0.08,8.8,0.95,0.0,471.0,235,206,30,50,44,6,557.0,0.05,5.9e-05,31710.0,,,,
3732,8000,29730,1.5581,-0.0037,3.0548,4.748,0.0075,0.06,5.7,0.95,0.0,492.0,234,218,40,48,44,8,533.0,0.04,5.9e-05,31761.0,,,,
3733,8000,29747,1.575,0.0019,3.0765,4.743,0.0091,0.07,8.21,0.95,0.0,492.0,221,235,36,45,48,7,533.0,0.04,5.9e-05,31704.0,,,,
3734,8000,29763,1.6396,0.0155,3.1802,4.642,0.0108,0.08,4.74,0.94,0.0,571.0,251,267,53,44,47,9,459.0,0.06,5.9e-05,31760.0,,,,
3735,8000,29780,1.6933,0.0306,3.2527,4.55,0.0132,0.09,3.46,0.94,0.0,641.0,275,335,31,43,52,5,409.0,0.06,5.9e-05,31717.0,,,,
3736,8000,29796,1.7079,0.0215,3.2995,4.592,0.0101,0.08,8.08,0.93,0.0,644.0,312,313,19,48,49,3,407.0,0.06,5.9e-05,31703.0,,,,
3737,8000,29813,1.6831,0.0225,3.2487,4.564,0.0111,0.08,3.85,0.93,0.0,648.0,322,295,31,50,46,5,405.0,0.05,5.9e-05,31710.0,,,,
3738,8000,29830,1.683,0.0234,3.2456,4.536,0.0124,0.09,4.06,0.93,0.0,620.0,307,290,23,50,47,4,423.0,0.05,5.9e-05,31715.0,,,,
3739,8000,29846,1.6388,0.0203,3.1654,4.678,0.0111,0.08,4.7,0.94,0.0,554.0,261,259,34,47,47,6,473.0,0.04,5.9e-05,31769.0,,,,
3740,8000,29863,1.6025,0.0238,3.0865,4.802,0.0098,0.07,5.22,0.95,0.0,530.0,246,244,40,46,46,8,495.0,0.03,5.9e-05,31720.0,,,,
3741,8000,29880,1.6609,0.032,3.1877,4.776,0.0107,0.07,5.65,0.93,0.0,527.0,247,238,42,47,45,8,497.0,0.03,5.9e-05,30580.0,,,,
3742,8000,29896,1.6944,0.0398,3.2377,4.659,0.01,0.07,7.78,0.93,0.0,569.0,274,246,49,48,43,9,461.0,0.04,5.9e-05,31739.0,,,,
3743,8000,29913,1.7166,0.0387,3.2828,4.534,0.0117,0.09,8.25,0.93,0.0,657.0,307,305,45,47,46,7,399.0,0.03,5.9e-05,31725.0,,,,
3744,8000,29930,1.7013,0.0251,3.2786,4.498,0.01,0.08,6.16,0.93,0.0,684.0,295,337,52,43,49,8,383.0,0.03,5.9e-05,31779.0,,,,
3745,8000,29946,1.6877,0.0276,3.245,4.491,0.0114,0.08,4.32,0.94,0.0,650.0,311,321,18,48,49,3,403.0,0.03,5.9e-05,31710.0,,,,
3746,8000,29963,1.6803,0.0326,3.221,4.634,0.0109,0.07,5.32,0.94,0.0,575.0,276,281,18,48,49,3,456.0,0.03,5.9e-05,31689.0,,,,
3747,8000,29979,1.6487,0.0401,3.1438,4.737,0.0104,0.07,4.97,0.95,0.0,542.0,293,230,19,54,42,4,484.0,0.03,5.9e-05,31677.0,,,,
3748,8000,29996,1.6202,0.0337,3.1011,4.805,0.0102,0.07,4.97,0.95,0.0,525.0,248,246,31,47,47,6,499.0,0.02,5.9e-05,31708.0,,,,
3749,8000,30013,1.628,0.0364,3.1113,4.786,0.0109,0.07,5.72,0.95,0.0,535.0,254,235,46,47,44,9,490.0,0.02,5.9e-05,31691.0,259,4,249,51
3750,8000,30044,1.6505,0.0372,3.1554,4.747,0.0118,0.08,4.19,0.95,0.0,571.0,273,257,41,48,45,7,459.0,0.02,5.9e-05,31853.0,,,,
3751,8000,30061,1.6851,0.043,3.2124,4.749,0.0109,0.07,4.9,0.94,0.0,613.0,299,277,37,49,45,6,428.0,0.02,5.9e-05,31679.0,,,,
3752,8000,30078,1.6632,0.0353,3.1837,4.786,0.0112,0.07,6.59,0.95,0.0,561.0,275,257,29,49,46,5,467.0,0.04,5.9e-05,31692.0,,,,
3753,8000,30094,1.6213,0.0178,3.1353,4.846,0.0096,0.06,5.16,0.95,0.0,543.0,276,238,29,51,44,5,483.0,0.04,5.8e-05,31688.0,,,,
3754,8000,30111,1.6322,0.0253,3.1416,4.79,0.0105,0.07,4.19,0.95,0.0,533.0,258,246,29,48,46,5,492.0,0.04,5.8e-05,31694.0,,,,
3755,8000,30127,1.6599,0.0383,3.1732,4.809,0.012,0.07,4.33,0.94,0.0,605.0,320,253,32,53,42,5,433.0,0.04,5.8e-05,31698.0,,,,
3756,8000,30144,1.6599,0.0106,3.2265,4.696,0.0105,0.07,4.78,0.94,0.0,644.0,331,280,33,51,43,5,407.0,0.04,5.8e-05,31700.0,,,,
3757,8000,30161,1.668,0.0145,3.2348,4.719,0.0104,0.07,4.1,0.94,0.0,653.0,351,279,23,54,43,4,401.0,0.04,5.8e-05,31680.0,,,,
3758,8000,30177,1.7197,0.0133,3.3397,4.645,0.0099,0.07,5.32,0.94,0.0,725.0,378,329,18,52,45,2,362.0,0.05,5.8e-05,31685.0,,,,
3759,8000,30194,1.7256,0.0112,3.3542,4.515,0.0131,0.08,4.11,0.93,0.0,761.0,375,372,14,49,49,2,344.0,0.04,5.8e-05,31728.0,,,,
3760,8000,30210,1.6738,0.0173,3.2388,4.584,0.0117,0.08,4.24,0.95,0.0,652.0,369,270,13,57,41,2,402.0,0.03,5.8e-05,31696.0,,,,
3761,8000,30228,1.7461,0.0287,3.3593,4.542,0.01,0.07,6.04,0.93,0.0,659.0,362,278,19,55,42,3,398.0,0.03,5.8e-05,30595.0,,,,
3762,8000,30244,1.7275,0.0373,3.3063,4.576,0.0112,0.07,5.28,0.94,0.0,633.0,356,256,21,56,40,3,414.0,0.05,5.8e-05,31784.0,,,,
3763,8000,30261,1.7265,0.0206,3.3378,4.561,0.01,0.07,6.5,0.94,0.0,676.0,349,309,18,52,46,3,388.0,0.05,5.8e-05,31714.0,,,,
3764,8000,30277,1.7119,0.0275,3.2947,4.581,0.01,0.07,5.44,0.94,0.0,654.0,317,319,18,48,49,3,401.0,0.06,5.8e-05,31738.0,,,,
3765,8000,30294,1.7207,0.012,3.3426,4.5,0.0103,0.08,4.33,0.94,0.0,701.0,319,367,15,46,52,2,374.0,0.08,5.8e-05,31703.0,,,,
3766,8000,30311,1.7249,0.018,3.3378,4.436,0.0119,0.09,3.93,0.94,0.0,719.0,333,374,12,46,52,2,365.0,0.07,5.8e-05,31712.0,,,,
3767,8000,30327,1.7351,0.0104,3.3734,4.389,0.0089,0.07,5.08,0.94,0.0,707.0,343,354,10,49,50,1,371.0,0.07,5.8e-05,31728.0,,,,
3768,8000,30344,1.7924,0.0125,3.4841,4.395,0.0102,0.08,7.89,0.93,0.0,845.0,395,438,12,47,52,1,310.0,0.05,5.8e-05,31708.0,,,,
3769,8000,30360,1.7088,-0.0042,3.3495,4.385,0.0104,0.08,4.59,0.94,0.0,741.0,364,372,5,49,50,1,354.0,0.04,5.8e-05,31715.0,,,,
3770,8000,30377,1.7637,0.0028,3.4451,4.312,0.0117,0.09,4.72,0.93,0.0,845.0,437,403,5,52,48,1,310.0,0.05,5.8e-05,31711.0,,,,
3771,8000,30394,1.8076,0.0041,3.53,4.215,0.0111,0.08,14.7,0.93,0.0,903.0,442,453,8,49,50,1,290.0,0.04,5.8e-05,31731.0,,,,
3772,8000,30410,1.969,0.0019,3.8554,4.002,0.0082,0.06,21.51,0.92,0.0,904.0,431,463,10,48,51,1,290.0,0.04,5.8e-05,31717.0,,,,
3773,8000,30427,1.798,-0.0045,3.5265,4.071,0.009,0.07,8.49,0.93,0.0,868.0,422,444,2,49,51,0,302.0,0.04,5.8e-05,31764.0,,,,
3774,8000,30443,1.8034,-0.0148,3.5584,4.049,0.0069,0.06,11.91,0.93,0.0,871.0,409,454,8,47,52,1,301.0,0.03,5.8e-05,31730.0,,,,
3775,8000,30460,1.8603,0.0053,3.6308,3.937,0.0073,0.06,14.57,0.93,0.0,927.0,490,433,4,53,47,0,283.0,0.04,5.8e-05,31719.0,,,,
3776,8000,30476,1.8286,0.0271,3.5241,3.97,0.0097,0.07,8.68,0.93,0.0,920.0,494,420,6,54,46,1,285.0,0.05,5.8e-05,31726.0,,,,
3777,8000,30493,1.8516,0.0294,3.5636,3.784,0.0117,0.09,9.22,0.93,0.0,904.0,506,391,7,56,43,1,290.0,0.04,5.8e-05,31719.0,,,,
3778,8000,30510,1.8586,0.021,3.5945,3.845,0.0099,0.08,13.93,0.93,0.0,935.0,520,409,6,56,44,1,280.0,0.04,5.8e-05,31724.0,,,,
3779,8000,30526,1.8129,0.0226,3.5003,3.892,0.0099,0.08,10.66,0.94,0.0,840.0,456,378,6,54,45,1,312.0,0.03,5.8e-05,31729.0,,,,
3780,8000,30543,1.8288,0.0453,3.4873,3.964,0.0085,0.07,12.07,0.94,0.0,886.0,496,388,2,56,44,0,296.0,0.02,5.8e-05,31723.0,,,,
3781,8000,30560,1.8316,0.0159,3.5537,4.111,0.0136,0.09,8.16,0.93,0.0,847.0,458,375,14,54,44,2,309.0,0.02,5.8e-05,30592.0,,,,
3782,8000,30577,1.8342,0.0245,3.5415,4.093,0.0094,0.08,9.76,0.93,0.0,889.0,440,442,7,49,50,1,295.0,0.03,5.8e-05,31724.0,,,,
3783,8000,30593,1.8177,0.0105,3.5369,4.136,0.0105,0.08,9.01,0.93,0.0,906.0,469,429,8,52,47,1,289.0,0.05,5.8e-05,31756.0,,,,
3784,8000,30610,1.8124,0.0145,3.518,4.172,0.0117,0.09,9.14,0.93,0.0,860.0,424,427,9,49,50,1,305.0,0.05,5.8e-05,31707.0,,,,
3785,8000,30626,1.8187,0.0037,3.551,3.986,0.0158,0.11,6.8,0.92,0.0,904.0,467,427,10,52,47,1,290.0,0.07,5.8e-05,31769.0,,,,
3786,8000,30643,1.8189,0.0084,3.5415,3.916,0.0121,0.09,9.88,0.93,0.0,902.0,473,423,6,52,47,1,291.0,0.06,5.8e-05,31713.0,,,,
3787,8000,30659,1.8077,-0.0067,3.5487,3.879,0.0143,0.1,7.36,0.92,0.0,935.0,470,457,8,50,49,1,280.0,0.05,5.8e-05,31783.0,,,,
3788,8000,30676,1.8006,-0.0055,3.5321,3.861,0.0159,0.11,5.66,0.92,0.0,900.0,471,422,7,52,47,1,291.0,0.05,5.8e-05,31712.0,,,,
3789,8000,30693,1.8238,0.0179,3.5323,3.926,0.0136,0.1,7.57,0.93,0.0,856.0,436,410,10,51,48,1,306.0,0.07,5.8e-05,31696.0,,,,
3790,8000,30709,1.7857,0.0129,3.4667,4.027,0.0128,0.09,5.51,0.93,0.0,846.0,435,407,4,51,48,0,310.0,0.07,5.8e-05,31704.0,,,,
3791,8000,30726,1.8136,0.016,3.5167,4.013,0.0132,0.09,5.99,0.92,0.0,864.0,424,435,5,49,50,1,303.0,0.06,5.8e-05,31697.0,,,,
3792,8000,30742,1.7893,0.0016,3.4963,4.013,0.0131,0.1,6.06,0.92,0.0,857.0,422,429,6,49,50,1,306.0,0.06,5.8e-05,31701.0,,,,
3793,8000,30759,1.7839,0.0114,3.4662,4.054,0.0154,0.1,6.65,0.93,0.0,810.0,417,385,8,51,48,1,324.0,0.08,5.8e-05,31686.0,,,,
3794,8000,30776,1.8153,0.0203,3.5115,4.039,0.0105,0.09,8.37,0.93,0.0,826.0,415,405,6,50,49,1,317.0,0.08,5.8e-05,31767.0,,,,
3795,8000,30792,1.7877,-0.0019,3.5001,3.981,0.0105,0.09,7.84,0.93,0.0,898.0,441,454,3,49,51,0,292.0,0.06,5.8e-05,31689.0,,,,
3796,8000,30809,1.8088,0.0069,3.5245,3.953,0.0126,0.09,7.0,0.93,0.0,911.0,498,408,5,55,45,1,288.0,0.07,5.8e-05,31697.0,,,,
3797,8000,30825,1.7926,0.0149,3.4757,4.01,0.0124,0.09,6.05,0.93,0.0,865.0,461,402,2,53,46,0,303.0,0.06,5.8e-05,31687.0,,,,
3798,8000,30842,1.7437,0.008,3.3922,4.067,0.0122,0.09,6.84,0.94,0.0,804.0,436,365,3,54,45,0,326.0,0.07,5.8e-05,31706.0,,,,
3799,8000,30859,1.7443,0.0108,3.3889,4.194,0.0096,0.08,8.29,0.94,0.0,705.0,356,345,4,50,49,1,372.0,0.06,5.8e-05,31698.0,342,0,170,67
3800,8000,30977,1.8953,0.0669,3.5788,4.187,0.0173,0.12,3.96,0.88,0.0,796.0,352,444,0,44,56,0,329.0,0.01,5.8e-05,5076.0,,,,
3801,8000,30994,1.8246,-0.0227,3.6166,4.248,0.0334,0.11,3.93,0.89,0.0,1175.0,613,562,0,52,48,0,223.0,0.01,5.8e-05,30609.0,,,,
3802,8000,31011,1.7971,-0.0109,3.5363,3.923,0.0222,0.12,4.17,0.92,0.0,1025.0,600,425,0,59,41,0,256.0,0.0,5.8e-05,31731.0,,,,
3803,8000,31028,1.8392,0.0574,3.485,4.05,0.0176,0.11,5.31,0.91,0.0,1055.0,396,655,4,38,62,0,248.0,0.02,5.8e-05,31727.0,,,,
3804,8000,31044,1.6987,0.037,3.2463,4.356,0.0123,0.09,5.96,0.93,0.0,683.0,225,458,0,33,67,0,384.0,0.07,5.8e-05,31729.0,,,,
3805,8000,31061,1.5767,0.0064,3.0651,4.607,0.0099,0.09,6.14,0.94,0.0,385.0,138,247,0,36,64,0,681.0,0.12,5.8e-05,31735.0,,,,
3806,8000,31077,1.5798,0.0121,3.0595,4.522,0.0098,0.09,5.15,0.94,0.0,326.0,133,192,1,41,59,0,804.0,0.19,5.8e-05,31722.0,,,,
3807,8000,31094,1.6413,0.0163,3.1728,4.308,0.0163,0.11,3.36,0.91,0.0,478.0,179,276,23,37,58,5,548.0,0.17,5.8e-05,31722.0,,,,
3808,8000,31110,1.7032,0.0102,3.3068,4.034,0.0159,0.12,3.53,0.92,0.0,666.0,230,395,41,35,59,6,394.0,0.06,5.8e-05,31790.0,,,,
3809,8000,31127,1.7554,0.0059,3.4185,3.855,0.0169,0.11,3.18,0.91,0.0,837.0,337,477,23,40,57,3,313.0,0.01,5.8e-05,31728.0,,,,
3810,8000,31144,1.7825,-0.019,3.522,3.794,0.0126,0.1,4.2,0.9,0.0,931.0,419,502,10,45,54,1,282.0,0.01,5.8e-05,31762.0,,,,
3811,8000,31160,1.7716,0.0017,3.458,3.742,0.0153,0.11,3.39,0.91,0.0,868.0,443,421,4,51,49,0,302.0,0.01,5.8e-05,31721.0,,,,
3812,8000,31177,1.7058,-0.0087,3.3477,3.828,0.014,0.1,3.99,0.91,0.0,750.0,345,404,1,46,54,0,350.0,0.01,5.8e-05,31743.0,,,,
3813,8000,31193,1.6313,-0.0181,3.2185,4.026,0.0095,0.08,4.66,0.93,0.0,648.0,371,276,1,57,43,0,405.0,0.01,5.7e-05,31728.0,,,,
3814,8000,31210,1.5633,0.0005,3.0479,4.375,0.0083,0.07,4.26,0.94,0.0,465.0,232,231,2,50,50,0,564.0,0.01,5.7e-05,31785.0,,,,
3815,8000,31227,1.5545,0.0045,3.0225,4.379,0.0107,0.08,3.94,0.94,0.0,459.0,195,263,1,42,57,0,571.0,0.01,5.7e-05,31716.0,,,,
3816,8000,31243,1.5075,-0.0134,2.9658,4.569,0.0107,0.08,3.59,0.94,0.0,429.0,191,237,1,45,55,0,611.0,0.01,5.7e-05,31727.0,,,,
3817,8000,31260,1.5851,-0.0027,3.0979,4.355,0.0111,0.08,3.94,0.93,0.0,548.0,247,301,0,45,55,0,478.0,0.02,5.7e-05,31725.0,,,,
3818,8000,31276,1.633,0.0103,3.1684,4.385,0.0132,0.1,3.07,0.93,0.0,583.0,292,290,1,50,50,0,450.0,0.02,5.7e-05,31728.0,,,,
3819,8000,31293,1.7021,0.0151,3.2959,4.223,0.0154,0.11,3.25,0.92,0.0,652.0,341,310,1,52,48,0,402.0,0.01,5.7e-05,31720.0,,,,
3820,8000,31309,1.7615,0.0014,3.4412,4.069,0.0125,0.1,3.29,0.91,0.0,845.0,413,432,0,49,51,0,310.0,0.01,5.7e-05,31744.0,,,,
3821,8000,31327,1.7794,-0.021,3.5201,3.923,0.0126,0.08,7.11,0.91,0.0,876.0,486,390,0,55,45,0,299.0,0.01,5.7e-05,30660.0,,,,
3822,8000,31343,1.7319,-0.0083,3.4007,4.119,0.0084,0.06,14.05,0.94,0.0,790.0,485,305,0,61,39,0,332.0,0.02,5.7e-05,31701.0,,,,
3823,8000,31360,1.7421,-0.003,3.4107,4.096,0.0101,0.07,7.92,0.94,0.0,828.0,476,350,2,57,42,0,317.0,0.02,5.7e-05,31698.0,,,,
3824,8000,31376,1.8163,0.0228,3.5052,3.816,0.0079,0.06,10.75,0.93,0.0,852.0,418,429,5,49,50,1,308.0,0.01,5.7e-05,31732.0,,,,
3825,8000,31393,1.7943,0.0003,3.5094,3.878,0.0108,0.08,8.27,0.93,0.0,977.0,474,486,17,49,50,2,268.0,0.02,5.7e-05,31712.0,,,,
3826,8000,31410,1.8089,0.0096,3.5201,3.874,0.0142,0.09,8.55,0.94,0.0,952.0,455,484,13,48,51,1,275.0,0.03,5.7e-05,31723.0,,,,
3827,8000,31426,1.7707,0.0226,3.4166,3.936,0.0134,0.09,8.56,0.94,0.0,931.0,440,489,2,47,53,0,282.0,0.03,5.7e-05,31761.0,,,,
3828,8000,31443,1.7467,0.0068,3.4013,4.06,0.0105,0.08,8.72,0.94,0.0,919.0,416,500,3,45,54,0,285.0,0.02,5.7e-05,31773.0,,,,
3829,8000,31459,1.7127,-0.0125,3.3706,3.961,0.0071,0.06,11.26,0.94,0.0,930.0,460,468,2,49,50,0,282.0,0.01,5.7e-05,31714.0,,,,
3830,8000,31476,1.6631,-0.0081,3.2637,4.124,0.0113,0.07,9.13,0.95,0.0,864.0,394,468,2,46,54,0,303.0,0.0,5.7e-05,31723.0,,,,
3831,8000,31492,1.6071,-0.0263,3.1875,3.957,0.0087,0.06,17.07,0.96,0.0,607.0,259,344,4,43,57,1,432.0,0.0,5.7e-05,31718.0,,,,
3832,8000,31509,1.6279,0.0158,3.1533,4.195,0.0079,0.06,19.03,0.97,0.0,532.0,210,302,20,39,57,4,493.0,0.0,5.7e-05,31717.0,,,,
3833,8000,31526,1.6762,0.0409,3.2065,4.133,0.0102,0.06,19.4,0.96,0.0,549.0,197,295,57,36,54,10,477.0,0.01,5.7e-05,31776.0,,,,
3834,8000,31542,1.8149,0.0664,3.4383,3.973,0.0082,0.07,17.9,0.94,0.0,728.0,280,354,94,38,49,13,360.0,0.01,5.7e-05,31728.0,,,,
3835,8000,31559,1.8525,0.0583,3.5181,3.75,0.0121,0.08,14.84,0.94,0.0,844.0,356,438,50,42,52,6,311.0,0.01,5.7e-05,31700.0,,,,
3836,8000,31575,1.8082,0.0498,3.4428,3.615,0.0179,0.11,9.56,0.94,0.0,861.0,345,482,34,40,56,4,304.0,0.01,5.7e-05,31697.0,,,,
3837,8000,31592,1.7897,0.0233,3.4542,3.592,0.0145,0.09,14.75,0.94,0.0,786.0,325,433,28,41,55,4,334.0,0.01,5.7e-05,31725.0,,,,
3838,8000,31609,1.7662,0.02,3.4134,3.762,0.0098,0.08,15.24,0.93,0.0,725.0,277,430,18,38,59,2,362.0,0.01,5.7e-05,31715.0,,,,
3839,8000,31625,1.7674,0.0238,3.4072,3.872,0.0134,0.1,8.57,0.92,0.0,702.0,293,395,14,42,56,2,373.0,0.01,5.7e-05,31761.0,,,,
3840,8000,31642,1.7699,0.0309,3.3989,3.934,0.0118,0.09,7.82,0.92,0.0,732.0,279,437,16,38,60,2,358.0,0.01,5.7e-05,31711.0,,,,
3841,8000,31659,1.7585,0.0094,3.4185,4.033,0.0161,0.09,8.4,0.92,0.0,719.0,288,420,11,40,58,2,365.0,0.01,5.7e-05,30558.0,,,,
3842,8000,31676,1.6855,0.0112,3.2697,4.206,0.0077,0.06,12.75,0.95,0.0,551.0,249,295,7,45,54,1,476.0,0.03,5.7e-05,31682.0,,,,
3843,8000,31692,1.614,0.0006,3.1468,4.112,0.0102,0.07,12.84,0.96,0.0,458.0,208,244,6,45,53,1,572.0,0.05,5.7e-05,31748.0,,,,
3844,8000,31709,1.6293,-0.0039,3.1858,4.026,0.0079,0.06,17.77,0.96,0.0,473.0,227,238,8,48,50,2,554.0,0.05,5.7e-05,31682.0,,,,
3845,8000,31725,1.6595,0.0044,3.2306,4.106,0.0147,0.09,8.52,0.95,0.0,560.0,246,303,11,44,54,2,468.0,0.06,5.7e-05,31738.0,,,,
3846,8000,31742,1.6605,0.01,3.2217,4.085,0.0127,0.09,10.73,0.96,0.0,526.0,218,298,10,41,57,2,498.0,0.05,5.7e-05,31677.0,,,,
3847,8000,31759,1.6393,0.0098,3.1778,3.967,0.0132,0.09,8.72,0.96,0.0,445.0,170,270,5,38,61,1,589.0,0.05,5.7e-05,31686.0,,,,
3848,8000,31775,1.6779,0.0162,3.2427,3.967,0.012,0.09,7.83,0.95,0.0,518.0,227,286,5,44,55,1,506.0,0.04,5.7e-05,31690.0,,,,
3849,8000,31792,1.6856,0.0162,3.2596,4.108,0.0167,0.1,8.14,0.95,0.0,591.0,258,328,5,44,55,1,444.0,0.02,5.7e-05,31688.0,126,2,384,25
3850,8000,31833,1.6797,-0.0053,3.2902,4.012,0.0123,0.08,11.21,0.95,0.0,639.0,285,353,1,45,55,0,410.0,0.03,5.7e-05,31789.0,,,,
3851,8000,31850,1.7113,0.0096,3.323,4.001,0.011,0.08,12.74,0.94,0.0,620.0,299,320,1,48,52,0,423.0,0.03,5.7e-05,31688.0,,,,
3852,8000,31867,1.7313,0.0119,3.3583,3.954,0.0135,0.09,13.71,0.94,0.0,691.0,318,369,4,46,53,1,379.0,0.03,5.7e-05,31739.0,,,,
3853,8000,31883,1.7802,0.0202,3.4401,3.945,0.0196,0.11,6.37,0.93,0.0,836.0,397,429,10,47,51,1,314.0,0.03,5.7e-05,31675.0,,,,
3854,8000,31900,1.8144,0.016,3.5167,3.891,0.0199,0.12,4.97,0.92,0.0,1005.0,443,560,2,44,56,0,261.0,0.04,5.7e-05,31681.0,,,,
3855,8000,31916,1.8172,0.0133,3.5264,3.784,0.0173,0.1,6.73,0.92,0.0,967.0,457,506,4,47,52,0,271.0,0.04,5.7e-05,31680.0,,,,
3856,8000,31933,1.7838,0.0038,3.4787,3.833,0.0171,0.11,5.78,0.92,0.0,868.0,425,441,2,49,51,0,302.0,0.02,5.7e-05,31678.0,,,,
3857,8000,31950,1.7642,-0.0054,3.4572,3.741,0.0148,0.1,6.31,0.93,0.0,918.0,462,452,4,50,49,0,286.0,0.01,5.7e-05,31730.0,,,,
3858,8000,31966,1.8024,-0.0028,3.5288,3.767,0.0108,0.08,9.09,0.93,0.0,957.0,507,448,2,53,47,0,274.0,0.0,5.7e-05,31670.0,,,,
3859,8000,31983,1.8105,0.0409,3.4572,3.702,0.0165,0.1,5.75,0.93,0.0,960.0,566,393,1,59,41,0,273.0,0.01,5.7e-05,31682.0,,,,
3860,8000,32000,1.8155,0.032,3.4856,3.742,0.0172,0.11,5.56,0.92,0.0,1043.0,585,457,1,56,44,0,251.0,0.01,5.7e-05,31678.0,,,,
3861,8000,32017,1.8086,-0.0056,3.5477,3.83,0.0195,0.11,9.51,0.91,0.0,934.0,552,381,1,59,41,0,281.0,0.0,5.7e-05,30572.0,,,,
3862,8000,32033,1.7492,0.0012,3.4161,4.005,0.0161,0.1,4.22,0.91,0.0,790.0,455,334,1,58,42,0,332.0,0.03,5.7e-05,31746.0,,,,
3863,8000,32050,1.7223,0.0024,3.3589,3.918,0.0137,0.1,4.29,0.91,0.0,708.0,422,286,0,60,40,0,370.0,0.04,5.7e-05,31746.0,,,,
3864,8000,32067,1.7159,0.0183,3.3145,3.947,0.0153,0.1,4.56,0.92,0.0,602.0,350,252,0,58,42,0,435.0,0.05,5.7e-05,31705.0,,,,
3865,8000,32083,1.7124,0.0227,3.2993,4.039,0.0139,0.09,7.04,0.93,0.0,654.0,384,268,2,59,41,0,401.0,0.05,5.7e-05,31713.0,,,,
3866,8000,32100,1.7108,0.0121,3.3165,3.879,0.0118,0.08,7.14,0.93,0.0,715.0,376,330,9,53,46,1,367.0,0.06,5.7e-05,31766.0,,,,
3867,8000,32116,1.7254,0.0119,3.3488,3.893,0.014,0.09,4.15,0.93,0.0,867.0,446,396,25,51,46,3,302.0,0.04,5.7e-05,31766.0,,,,
3868,8000,32133,1.6909,0.0082,3.2872,4.032,0.0137,0.09,4.16,0.93,0.0,753.0,396,351,6,53,47,1,348.0,0.01,5.7e-05,31703.0,,,,
3869,8000,32150,1.7341,0.0131,3.3646,4.102,0.0114,0.09,4.73,0.93,0.0,788.0,409,373,6,52,47,1,333.0,0.01,5.7e-05,31717.0,,,,
3870,8000,32166,1.7331,0.0202,3.3462,3.97,0.0142,0.09,5.97,0.93,0.0,774.0,412,360,2,53,47,0,339.0,0.01,5.7e-05,31728.0,,,,
3871,8000,32183,1.706,0.0016,3.3286,3.952,0.0116,0.09,8.36,0.93,0.0,726.0,400,325,1,55,45,0,361.0,0.02,5.7e-05,31728.0,,,,
3872,8000,32199,1.731,-0.0055,3.3926,3.895,0.0125,0.09,5.3,0.93,0.0,806.0,420,384,2,52,48,0,325.0,0.02,5.7e-05,31716.0,,,,
3873,8000,32216,1.7545,0.0017,3.425,3.908,0.0129,0.09,6.46,0.93,0.0,875.0,497,375,3,57,43,0,300.0,0.01,5.7e-05,31702.0,,,,
3874,8000,32232,1.7388,0.0057,3.387,3.944,0.0117,0.08,8.18,0.94,0.0,873.0,487,378,8,56,43,1,300.0,0.01,5.6e-05,31737.0,,,,
3875,8000,32249,1.7519,0.0096,3.4063,3.964,0.015,0.09,6.05,0.94,0.0,852.0,489,352,11,57,41,1,308.0,0.01,5.6e-05,31763.0,,,,
3876,8000,32266,1.7434,0.008,3.3924,3.939,0.0173,0.09,11.96,0.94,0.0,743.0,457,275,11,62,37,1,353.0,0.01,5.6e-05,31763.0,,,,
3877,8000,32282,1.7272,0.0237,3.3316,4.029,0.013,0.08,8.49,0.94,0.0,670.0,374,277,19,56,41,3,391.0,0.01,5.6e-05,31752.0,,,,
3878,8000,32299,1.7065,0.0166,3.3076,4.023,0.0109,0.07,10.15,0.94,0.0,699.0,374,298,27,54,43,4,375.0,0.01,5.6e-05,31725.0,,,,
3879,8000,32315,1.7303,0.0315,3.3259,3.934,0.0143,0.09,13.76,0.95,0.0,737.0,382,321,34,52,44,5,356.0,0.01,5.6e-05,31757.0,,,,
3880,8000,32332,1.714,0.0063,3.3451,4.055,0.0091,0.07,19.68,0.95,0.0,724.0,368,315,41,51,44,6,362.0,0.01,5.6e-05,31772.0,,,,
3881,8000,32349,1.7507,0.0218,3.3848,4.148,0.0254,0.1,7.73,0.92,0.0,786.0,411,343,32,52,44,4,334.0,0.01,5.6e-05,30649.0,,,,
3882,8000,32366,1.734,0.0376,3.323,4.269,0.0212,0.1,4.03,0.92,0.0,758.0,411,310,37,54,41,5,346.0,0.03,5.6e-05,31732.0,,,,
3883,8000,32382,1.7155,0.0269,3.307,4.146,0.0198,0.11,4.61,0.93,0.0,811.0,453,311,47,56,38,6,323.0,0.06,5.6e-05,31724.0,,,,
3884,8000,32399,1.6799,-0.0114,3.31,4.106,0.0153,0.09,5.48,0.93,0.0,883.0,493,334,56,56,38,6,297.0,0.06,5.6e-05,31761.0,,,,
3885,8000,32415,1.6745,-0.0125,3.2924,3.888,0.0127,0.09,7.7,0.93,0.0,672.0,368,302,2,55,45,0,390.0,0.04,5.6e-05,31677.0,,,,
3886,8000,32432,1.7112,0.0204,3.3009,3.986,0.0111,0.08,6.6,0.93,0.0,748.0,403,343,2,54,46,0,350.0,0.04,5.6e-05,31679.0,,,,
3887,8000,32449,1.7331,0.0165,3.3512,3.833,0.0167,0.1,6.04,0.93,0.0,741.0,369,367,5,50,50,1,354.0,0.03,5.6e-05,31683.0,,,,
3888,8000,32465,1.7529,0.0086,3.4073,3.803,0.0131,0.08,10.11,0.93,0.0,765.0,388,368,9,51,48,1,343.0,0.03,5.6e-05,31675.0,,,,
3889,8000,32482,1.7702,0.0181,3.4234,3.811,0.014,0.09,8.78,0.93,0.0,752.0,400,341,11,53,45,1,349.0,0.03,5.6e-05,31718.0,,,,
3890,8000,32499,1.7794,0.0297,3.4181,3.808,0.0158,0.09,9.01,0.93,0.0,798.0,409,382,7,51,48,1,329.0,0.04,5.6e-05,31707.0,,,,
3891,8000,32515,1.7737,0.0285,3.4094,3.864,0.0104,0.08,13.81,0.94,0.0,755.0,381,368,6,50,49,1,347.0,0.04,5.6e-05,31680.0,,,,
3892,8000,32532,1.7569,0.0371,3.3582,3.818,0.0156,0.09,9.31,0.94,0.0,780.0,387,386,7,50,49,1,336.0,0.05,5.6e-05,31727.0,,,,
3893,8000,32548,1.7321,0.0285,3.3271,4.01,0.0141,0.08,12.37,0.95,0.0,689.0,347,337,5,50,49,1,380.0,0.08,5.6e-05,31686.0,,,,
3894,8000,32565,1.7239,0.0358,3.2971,4.067,0.0141,0.08,13.9,0.94,0.0,679.0,375,294,10,55,43,1,386.0,0.12,5.6e-05,31683.0,,,,
3895,8000,32582,1.6855,0.0215,3.2493,4.163,0.011,0.07,14.48,0.95,0.0,624.0,308,306,10,49,49,2,420.0,0.12,5.6e-05,31698.0,,,,
3896,8000,32598,1.6619,0.0245,3.1959,4.163,0.0091,0.06,15.73,0.95,0.0,579.0,293,277,9,51,48,2,453.0,0.12,5.6e-05,31783.0,,,,
3897,8000,32615,1.6383,0.0256,3.1474,4.144,0.0111,0.06,15.15,0.96,0.0,521.0,288,220,13,55,42,2,503.0,0.09,5.6e-05,31685.0,,,,
3898,8000,32631,1.6707,0.0314,3.2039,4.137,0.0102,0.07,18.73,0.96,0.0,579.0,307,248,24,53,43,4,453.0,0.08,5.6e-05,31712.0,,,,
3899,8000,32648,1.6456,0.0349,3.1481,4.222,0.0122,0.08,15.64,0.96,0.0,551.0,295,222,34,54,40,6,476.0,0.07,5.6e-05,31707.0,141,0,371,28
3900,8000,32680,1.6333,0.0368,3.121,4.323,0.0135,0.08,12.4,0.96,0.0,532.0,260,234,38,49,44,7,493.0,0.07,5.6e-05,31837.0,,,,
3901,8000,32697,1.7241,0.0144,3.3434,4.065,0.0137,0.07,17.39,0.94,0.0,590.0,286,278,26,48,47,4,444.0,0.05,5.6e-05,30623.0,,,,
3902,8000,32714,1.7627,0.052,3.3454,4.102,0.0166,0.09,11.91,0.94,0.0,570.0,276,270,24,48,47,4,460.0,0.02,5.6e-05,31757.0,,,,
3903,8000,32730,1.7879,0.0544,3.3905,4.004,0.0224,0.1,12.25,0.93,0.0,727.0,300,393,34,41,54,5,361.0,0.01,5.6e-05,31708.0,,,,
3904,8000,32747,1.7922,0.0467,3.4114,3.981,0.0167,0.09,10.42,0.94,0.0,794.0,400,372,22,50,47,3,330.0,0.02,5.6e-05,31709.0,,,,
3905,8000,32763,1.7499,0.0489,3.3224,3.949,0.0243,0.11,6.18,0.95,0.0,866.0,479,377,10,55,44,1,303.0,0.03,5.6e-05,31708.0,,,,
3906,8000,32780,1.7623,0.0519,3.3402,3.954,0.0207,0.11,6.68,0.94,0.0,843.0,502,331,10,60,39,1,311.0,0.02,5.6e-05,31706.0,,,,
3907,8000,32797,1.7907,0.0446,3.4112,3.92,0.0159,0.09,8.97,0.93,0.0,769.0,399,363,7,52,47,1,341.0,0.03,5.6e-05,31737.0,,,,
3908,8000,32813,1.7227,0.0221,3.3195,3.898,0.0166,0.1,6.51,0.93,0.0,689.0,372,317,0,54,46,0,380.0,0.02,5.6e-05,31717.0,,,,
3909,8000,32830,1.7109,0.0418,3.2573,4.028,0.0229,0.1,5.37,0.93,0.0,608.0,322,285,1,53,47,0,431.0,0.03,5.6e-05,31730.0,,,,
3910,8000,32846,1.6779,0.0397,3.1987,4.292,0.0186,0.1,4.93,0.93,0.0,541.0,270,265,6,50,49,1,485.0,0.04,5.6e-05,31711.0,,,,
3911,8000,32863,1.6725,0.0391,3.1893,4.366,0.0126,0.09,5.17,0.93,0.0,484.0,249,230,5,51,48,1,542.0,0.05,5.6e-05,31715.0,,,,
3912,8000,32880,1.6511,0.0325,3.1585,4.263,0.0116,0.08,6.88,0.94,0.0,457.0,220,234,3,48,51,1,574.0,0.06,5.6e-05,31706.0,,,,
3913,8000,32896,1.7148,0.0329,3.2835,4.019,0.0114,0.09,10.91,0.94,0.0,531.0,289,231,11,54,44,2,494.0,0.06,5.6e-05,31715.0,,,,
3914,8000,32913,1.7735,0.0418,3.3809,3.737,0.0115,0.08,8.69,0.94,0.0,652.0,319,329,4,49,50,1,402.0,0.05,5.6e-05,31767.0,,,,
3915,8000,32929,1.7773,0.049,3.3734,3.657,0.0112,0.08,9.0,0.94,0.0,667.0,290,371,6,43,56,1,393.0,0.03,5.6e-05,31721.0,,,,
3916,8000,32946,1.7711,0.0318,3.3948,3.638,0.0168,0.09,14.43,0.93,0.0,675.0,292,379,4,43,56,1,388.0,0.01,5.6e-05,31707.0,,,,
3917,8000,32962,1.6955,0.0404,3.2297,3.888,0.0214,0.09,6.76,0.93,0.0,619.0,277,333,9,45,54,1,423.0,0.01,5.6e-05,31697.0,,,,
3918,8000,32979,1.6555,0.0282,3.1738,4.018,0.0131,0.08,8.57,0.94,0.0,542.0,266,268,8,49,49,1,484.0,0.01,5.6e-05,31751.0,,,,
3919,8000,32996,1.6529,0.0273,3.1709,4.136,0.018,0.09,5.47,0.94,0.0,553.0,312,239,2,56,43,0,474.0,0.01,5.6e-05,31708.0,,,,
3920,8000,33012,1.6522,0.0273,3.1703,4.15,0.0176,0.1,4.47,0.94,0.0,594.0,346,244,4,58,41,1,441.0,0.01,5.6e-05,31711.0,,,,
3921,8000,33029,1.6588,0.0221,3.196,4.36,0.0156,0.09,4.82,0.93,0.0,556.0,287,262,7,52,47,1,471.0,0.01,5.6e-05,30611.0,,,,
3922,8000,33046,1.63,0.0247,3.1339,4.561,0.008,0.06,10.29,0.95,0.0,422.0,182,236,4,43,56,1,621.0,0.01,5.6e-05,31730.0,,,,
3923,8000,33063,1.662,0.0196,3.2071,4.358,0.0155,0.09,7.52,0.95,0.0,415.0,192,219,4,46,53,1,632.0,0.06,5.6e-05,31729.0,,,,
3924,8000,33079,1.6735,0.028,3.2129,4.306,0.0107,0.08,6.17,0.94,0.0,574.0,292,281,1,51,49,0,457.0,0.05,5.6e-05,31727.0,,,,
3925,8000,33096,1.6297,0.0294,3.1237,4.236,0.0146,0.09,7.93,0.95,0.0,492.0,243,228,21,49,46,4,533.0,0.03,5.6e-05,31701.0,,,,
3926,8000,33112,1.5852,0.013,3.0681,4.161,0.0104,0.08,11.8,0.95,0.0,402.0,196,181,25,49,45,6,652.0,0.03,5.6e-05,31760.0,,,,
3927,8000,33129,1.6027,0.0222,3.0853,4.336,0.0103,0.08,10.2,0.95,0.0,395.0,189,187,19,48,47,5,664.0,0.03,5.6e-05,31671.0,,,,
3928,8000,33146,1.6194,0.0203,3.1232,4.219,0.0139,0.09,15.34,0.94,0.0,422.0,179,213,30,42,50,7,621.0,0.02,5.6e-05,31720.0,,,,
3929,8000,33162,1.6423,0.027,3.1571,4.126,0.0079,0.06,14.53,0.94,0.0,465.0,189,229,47,41,49,10,564.0,0.01,5.6e-05,31791.0,,,,
3930,8000,33179,1.6261,0.0193,3.1361,4.152,0.0084,0.07,20.22,0.95,0.0,408.0,170,213,25,42,52,6,643.0,0.0,5.6e-05,31749.0,,,,
3931,8000,33195,1.6321,0.0188,3.1484,4.171,0.0096,0.07,17.92,0.94,0.0,422.0,163,230,29,39,55,7,621.0,0.01,5.6e-05,31752.0,,,,
3932,8000,33212,1.615,0.0217,3.1083,4.156,0.0131,0.1,10.39,0.95,0.0,447.0,199,210,38,45,47,9,586.0,0.01,5.6e-05,31782.0,,,,
3933,8000,33229,1.59,0.0238,3.0567,4.371,0.014,0.09,11.56,0.95,0.0,412.0,176,201,35,43,49,8,636.0,0.01,5.6e-05,31780.0,,,,
3934,8000,33245,1.598,0.0312,3.0565,4.409,0.0117,0.08,10.99,0.96,0.0,395.0,164,195,36,42,49,9,664.0,0.01,5.6e-05,31747.0,,,,
3935,8000,33262,1.5974,0.0138,3.0899,4.376,0.0127,0.09,7.35,0.96,0.0,397.0,188,187,22,47,47,6,660.0,0.02,5.6e-05,31757.0,,,,
3936,8000,33278,1.5772,0.0225,3.034,4.524,0.0104,0.08,6.78,0.97,0.0,455.0,196,231,28,43,51,6,576.0,0.02,5.6e-05,31739.0,,,,
3937,8000,33295,1.6405,0.0325,3.1382,4.318,0.0173,0.1,5.36,0.96,0.0,544.0,262,261,21,48,48,4,482.0,0.02,5.5e-05,31746.0,,,,
3938,8000,33312,1.5987,0.0121,3.097,4.453,0.0157,0.09,5.53,0.96,0.0,497.0,233,251,13,47,51,3,527.0,0.03,5.5e-05,31738.0,,,,
3939,8000,33328,1.6028,0.0134,3.1024,4.381,0.0115,0.08,7.89,0.96,0.0,450.0,193,238,19,43,53,4,583.0,0.02,5.5e-05,31733.0,,,,
3940,8000,33345,1.6126,0.0141,3.1197,4.335,0.0105,0.07,10.97,0.96,0.0,472.0,193,262,17,41,56,4,555.0,0.03,5.5e-05,31756.0,,,,
3941,8000,33362,1.7253,0.0132,3.3453,4.134,0.0108,0.07,9.58,0.94,0.0,607.0,277,315,15,46,52,2,432.0,0.01,5.5e-05,30606.0,,,,
3942,8000,33379,1.7763,0.005,3.462,3.925,0.0139,0.07,14.26,0.94,0.0,668.0,279,375,14,42,56,2,392.0,0.02,5.5e-05,31733.0,,,,
3943,8000,33395,1.6743,0.0024,3.2642,4.042,0.013,0.09,15.09,0.96,0.0,593.0,254,329,10,43,55,2,442.0,0.02,5.5e-05,31712.0,,,,
3944,8000,33412,1.6935,-0.0089,3.325,3.902,0.0111,0.09,8.77,0.95,0.0,566.0,255,302,9,45,53,2,463.0,0.04,5.5e-05,31703.0,,,,
3945,8000,33428,1.7114,0.0144,3.313,4.008,0.0088,0.07,13.9,0.96,0.0,580.0,290,270,20,50,47,3,452.0,0.05,5.5e-05,31717.0,,,,
3946,8000,33445,1.6933,0.0175,3.2721,4.082,0.0089,0.07,13.83,0.95,0.0,634.0,306,308,20,48,49,3,413.0,0.08,5.5e-05,31707.0,,,,
3947,8000,33462,1.6606,0.02,3.2015,4.084,0.0073,0.06,15.11,0.96,0.0,554.0,241,304,9,44,55,2,473.0,0.07,5.5e-05,31720.0,,,,
3948,8000,33478,1.6392,0.0322,3.1361,4.211,0.0126,0.09,11.51,0.96,0.0,502.0,230,258,14,46,51,3,522.0,0.09,5.5e-05,31711.0,,,,
3949,8000,33495,1.67,0.0405,3.1818,4.159,0.0089,0.07,9.79,0.96,0.0,522.0,233,264,25,45,51,5,502.0,0.1,5.5e-05,31702.0,113,1,398,22
3950,8000,33527,1.6787,0.0374,3.2051,4.149,0.0126,0.08,12.85,0.96,0.0,538.0,263,257,18,49,48,3,487.0,0.12,5.5e-05,31843.0,,,,
3951,8000,33543,1.6956,0.0333,3.2476,4.171,0.0102,0.09,11.6,0.96,0.0,584.0,307,258,19,53,44,3,449.0,0.12,5.5e-05,31711.0,,,,
3952,8000,33560,1.7222,0.0547,3.2567,4.127,0.0126,0.09,10.6,0.95,0.0,613.0,305,293,15,50,48,2,428.0,0.1,5.5e-05,31710.0,,,,
3953,8000,33577,1.7182,0.0391,3.2805,4.222,0.0131,0.09,16.67,0.96,0.0,600.0,306,286,8,51,48,1,437.0,0.08,5.5e-05,31767.0,,,,
3954,8000,33593,1.7252,0.0351,3.3022,4.18,0.0232,0.1,9.04,0.95,0.0,625.0,328,291,6,52,47,1,419.0,0.06,5.5e-05,31703.0,,,,
3955,8000,33610,1.7621,0.0392,3.3669,4.068,0.014,0.1,8.44,0.95,0.0,661.0,325,326,10,49,49,2,397.0,0.03,5.5e-05,31708.0,,,,
3956,8000,33626,1.7518,0.042,3.3406,4.084,0.0164,0.1,5.53,0.95,0.0,612.0,274,329,9,45,54,1,428.0,0.04,5.5e-05,31704.0,,,,
3957,8000,33643,1.751,0.0234,3.376,4.073,0.0133,0.09,9.03,0.94,0.0,648.0,288,348,12,44,54,2,405.0,0.05,5.5e-05,31712.0,,,,
3958,8000,33660,1.7546,0.0297,3.3706,4.067,0.0145,0.09,9.17,0.95,0.0,693.0,330,360,3,48,52,0,378.0,0.05,5.5e-05,31720.0,,,,
3959,8000,33676,1.6609,0.018,3.2075,4.21,0.0099,0.07,11.68,0.96,0.0,558.0,264,289,5,47,52,1,470.0,0.05,5.5e-05,31706.0,,,,
3960,8000,33693,1.684,0.0182,3.2531,4.151,0.0101,0.08,7.5,0.96,0.0,568.0,234,328,6,41,58,1,462.0,0.05,5.5e-05,31708.0,,,,
3961,8000,33710,1.7251,0.0162,3.3393,4.115,0.0101,0.07,12.28,0.95,0.0,598.0,262,328,8,44,55,1,438.0,0.04,5.5e-05,30613.0,,,,
3962,8000,33726,1.6673,0.0238,3.2105,4.367,0.0128,0.06,13.88,0.96,0.0,460.0,218,230,12,47,50,3,570.0,0.03,5.5e-05,31709.0,,,,
3963,8000,33743,1.6467,0.0353,3.1469,4.504,0.0121,0.06,12.16,0.96,0.0,446.0,245,191,10,55,43,2,588.0,0.04,5.5e-05,31727.0,,,,
3964,8000,33760,1.6667,0.0444,3.1679,4.409,0.0141,0.09,6.64,0.96,0.0,515.0,280,227,8,54,44,2,509.0,0.04,5.5e-05,31725.0,,,,
3965,8000,33776,1.6841,0.0337,3.2265,4.429,0.0164,0.08,8.48,0.96,0.0,560.0,275,262,23,49,47,4,468.0,0.03,5.5e-05,31789.0,,,,
3966,8000,33793,1.6865,0.0253,3.2446,4.27,0.0201,0.08,10.91,0.96,0.0,579.0,254,313,12,44,54,2,453.0,0.02,5.5e-05,31717.0,,,,
3967,8000,33809,1.6968,0.0162,3.2819,4.133,0.0191,0.09,7.43,0.95,0.0,717.0,363,347,7,51,48,1,366.0,0.01,5.5e-05,31719.0,,,,
3968,8000,33826,1.7374,0.0353,3.3244,4.064,0.023,0.09,7.75,0.95,0.0,815.0,493,314,8,60,39,1,322.0,0.02,5.5e-05,31728.0,,,,
3969,8000,33843,1.7957,0.0143,3.4829,4.008,0.0123,0.08,16.2,0.95,0.0,867.0,490,369,8,57,43,1,302.0,0.01,5.5e-05,31720.0,,,,
3970,8000,33859,1.7606,0.0207,3.402,4.017,0.0195,0.09,5.77,0.93,0.0,999.0,525,455,19,53,46,2,262.0,0.01,5.5e-05,31749.0,,,,
3971,8000,33876,1.7838,0.0178,3.4519,3.851,0.019,0.09,9.54,0.94,0.0,868.0,416,438,14,48,50,2,302.0,0.01,5.5e-05,31719.0,,,,
3972,8000,33892,1.7364,0.0231,3.345,3.893,0.017,0.08,8.16,0.95,0.0,787.0,404,378,5,51,48,1,333.0,0.02,5.5e-05,31755.0,,,,
3973,8000,33909,1.7079,0.0376,3.2587,3.904,0.0179,0.09,7.0,0.96,0.0,715.0,380,333,2,53,47,0,367.0,0.03,5.5e-05,31715.0,,,,
3974,8000,33925,1.7025,0.0284,3.2689,3.943,0.0174,0.09,5.68,0.96,0.0,701.0,357,334,10,51,48,1,374.0,0.04,5.5e-05,31707.0,,,,
3975,8000,33942,1.746,0.0178,3.3762,3.809,0.0104,0.08,9.28,0.95,0.0,687.0,325,347,15,47,51,2,382.0,0.03,5.5e-05,31718.0,,,,
3976,8000,33959,1.713,0.0194,3.3058,3.897,0.0126,0.08,11.89,0.96,0.0,705.0,324,375,6,46,53,1,372.0,0.01,5.5e-05,31704.0,,,,
3977,8000,33975,1.6968,0.0301,3.2527,3.892,0.0128,0.08,8.93,0.96,0.0,631.0,262,358,11,42,57,2,415.0,0.02,5.5e-05,31708.0,,,,
3978,8000,33992,1.6947,0.0256,3.2583,3.936,0.0162,0.09,6.71,0.96,0.0,673.0,278,388,7,41,58,1,390.0,0.01,5.5e-05,31715.0,,,,
3979,8000,34008,1.7105,0.0246,3.2897,3.72,0.0155,0.09,7.94,0.96,0.0,681.0,266,404,11,39,59,2,385.0,0.02,5.5e-05,31726.0,,,,
3980,8000,34025,1.7351,0.0348,3.3174,3.689,0.0148,0.09,11.17,0.96,0.0,716.0,322,391,3,45,55,0,366.0,0.03,5.5e-05,31778.0,,,,
3981,8000,34042,1.7518,0.0008,3.4216,3.948,0.0206,0.1,7.09,0.94,0.0,799.0,353,439,7,44,55,1,328.0,0.02,5.5e-05,30592.0,,,,
3982,8000,34059,1.6551,-0.0281,3.2879,4.24,0.0144,0.08,12.61,0.94,0.0,721.0,350,364,7,49,50,1,364.0,0.01,5.5e-05,31726.0,,,,
3983,8000,34075,1.7003,0.0049,3.3121,4.146,0.0165,0.09,4.81,0.94,0.0,667.0,321,332,14,48,50,2,393.0,0.02,5.5e-05,31704.0,,,,
3984,8000,34092,1.7508,0.0357,3.3513,4.045,0.0244,0.11,3.34,0.93,0.0,777.0,380,387,10,49,50,1,337.0,0.02,5.5e-05,31720.0,,,,
3985,8000,34108,1.7591,0.0136,3.412,4.008,0.0223,0.11,3.57,0.92,0.0,885.0,383,485,17,43,55,2,296.0,0.02,5.5e-05,31734.0,,,,
3986,8000,34125,1.7185,0.0091,3.3401,4.082,0.0231,0.11,4.05,0.93,0.0,963.0,415,536,12,43,56,1,272.0,0.02,5.5e-05,31703.0,,,,
3987,8000,34142,1.7483,-0.0059,3.4278,3.855,0.022,0.11,3.85,0.92,0.0,1047.0,456,580,11,44,55,1,250.0,0.03,5.5e-05,31758.0,,,,
3988,8000,34158,1.7524,0.0016,3.4213,3.929,0.0168,0.1,5.13,0.93,0.0,1003.0,509,488,6,51,49,1,261.0,0.02,5.5e-05,31754.0,,,,
3989,8000,34175,1.7171,-0.0016,3.3584,4.117,0.0147,0.09,4.06,0.94,0.0,944.0,474,462,8,50,49,1,278.0,0.03,5.5e-05,31758.0,,,,
3990,8000,34191,1.627,0.0078,3.1605,4.284,0.0136,0.09,3.47,0.96,0.0,718.0,363,344,11,51,48,2,365.0,0.04,5.5e-05,31725.0,,,,
3991,8000,34208,1.5875,0.0059,3.0859,4.42,0.0143,0.09,3.43,0.96,0.0,584.0,267,309,8,46,53,1,449.0,0.04,5.5e-05,31708.0,,,,
3992,8000,34225,1.5802,0.0163,3.0522,4.538,0.012,0.07,4.07,0.97,0.0,528.0,244,262,22,46,50,4,496.0,0.03,5.5e-05,31698.0,,,,
3993,8000,34241,1.5425,0.0147,2.9821,4.698,0.0129,0.07,3.61,0.97,0.0,450.0,223,208,19,50,46,4,583.0,0.03,5.5e-05,31716.0,,,,
3994,8000,34258,1.5316,0.0062,2.9787,4.758,0.0104,0.07,3.64,0.96,0.0,445.0,216,203,26,49,46,6,589.0,0.03,5.5e-05,31721.0,,,,
3995,8000,34274,1.5178,0.0089,2.9468,4.825,0.0096,0.06,3.09,0.97,0.0,433.0,199,203,31,46,47,7,605.0,0.02,5.5e-05,31740.0,,,,
3996,8000,34291,1.5909,0.0185,3.0726,4.686,0.0117,0.06,3.48,0.96,0.0,514.0,222,249,43,43,48,8,510.0,0.01,5.5e-05,31731.0,,,,
3997,8000,34307,1.5946,0.0066,3.1033,4.647,0.0091,0.06,4.96,0.96,0.0,534.0,224,274,36,42,51,7,491.0,0.02,5.5e-05,31738.0,,,,
3998,8000,34324,1.6047,0.0066,3.1229,4.611,0.0101,0.07,3.64,0.95,0.0,551.0,222,295,34,40,54,6,476.0,0.01,5.5e-05,31731.0,,,,
3999,8000,34341,1.6104,0.0128,3.1198,4.62,0.0128,0.08,3.77,0.95,0.0,507.0,245,248,14,48,49,3,517.0,0.01,5.5e-05,31738.0,61,1,450,12
4000,8000,34373,1.5944,0.0073,3.0997,4.681,0.012,0.08,3.15,0.94,0.0,515.0,254,243,18,49,47,3,509.0,0.01,5.5e-05,31827.0,,,,
4001,8000,34390,1.7116,0.0148,3.3181,4.503,0.0106,0.06,7.74,0.91,0.0,504.0,221,259,24,44,51,5,520.0,0.01,5.5e-05,30626.0,,,,
4002,8000,34407,1.7397,0.0205,3.3606,4.348,0.008,0.05,11.3,0.92,0.0,553.0,291,243,19,53,44,3,474.0,0.01,5.5e-05,31724.0,,,,
4003,8000,34423,1.7502,0.0475,3.3268,4.263,0.0128,0.08,7.03,0.92,0.0,602.0,308,276,18,51,46,3,435.0,0.02,5.4e-05,31733.0,,,,
4004,8000,34440,1.7176,0.0234,3.3082,4.081,0.01,0.07,10.38,0.93,0.0,604.0,329,257,18,54,43,3,434.0,0.01,5.4e-05,31723.0,,,,
4005,8000,34457,1.6526,0.0112,3.2031,4.173,0.0095,0.06,11.75,0.94,0.0,488.0,243,226,19,50,46,4,537.0,0.02,5.4e-05,31725.0,,,,
4006,8000,34473,1.586,0.0213,3.0519,4.347,0.0114,0.06,8.93,0.95,0.0,409.0,176,199,34,43,49,8,641.0,0.01,5.4e-05,31732.0,,,,
4007,8000,34490,1.605,0.0147,3.1026,4.35,0.0112,0.06,7.15,0.94,0.0,464.0,219,211,34,47,45,7,565.0,0.02,5.4e-05,31727.0,,,,
4008,8000,34506,1.5753,0.0091,3.0558,4.468,0.0102,0.06,8.73,0.94,0.0,445.0,197,200,48,44,45,11,589.0,0.02,5.4e-05,31782.0,,,,
4009,8000,34523,1.6116,0.0175,3.112,4.431,0.0106,0.07,6.26,0.93,0.0,519.0,257,206,56,50,40,11,505.0,0.02,5.4e-05,31742.0,,,,
4010,8000,34540,1.6715,0.0174,3.2305,4.306,0.0097,0.06,10.59,0.93,0.0,641.0,352,254,35,55,40,5,409.0,0.02,5.4e-05,31738.0,,,,
4011,8000,34556,1.7327,0.0165,3.3546,4.186,0.011,0.08,5.75,0.92,0.0,716.0,356,326,34,50,46,5,366.0,0.02,5.4e-05,31726.0,,,,
4012,8000,34573,1.753,0.0094,3.4064,3.968,0.0131,0.09,5.39,0.91,0.0,752.0,425,321,6,57,43,1,349.0,0.01,5.4e-05,31713.0,,,,
4013,8000,34589,1.7638,0.0198,3.4075,3.961,0.0163,0.09,5.55,0.93,0.0,850.0,463,376,11,54,44,1,308.0,0.01,5.4e-05,31726.0,,,,
4014,8000,34606,1.8031,0.0419,3.4409,3.886,0.0141,0.08,7.33,0.93,0.0,887.0,489,390,8,55,44,1,296.0,0.01,5.4e-05,31718.0,,,,
4015,8000,34623,1.8204,0.0448,3.4689,3.793,0.0124,0.08,7.47,0.93,0.0,900.0,476,420,4,53,47,0,291.0,0.01,5.4e-05,31719.0,,,,
4016,8000,34639,1.7685,0.0196,3.4155,3.82,0.0104,0.08,8.15,0.93,0.0,726.0,372,350,4,51,48,1,361.0,0.02,5.4e-05,31777.0,,,,
4017,8000,34656,1.7891,0.0281,3.4403,3.811,0.0175,0.1,7.58,0.92,0.0,772.0,385,377,10,50,49,1,340.0,0.03,5.4e-05,31786.0,,,,
4018,8000,34672,1.7631,0.0096,3.4242,3.676,0.008,0.07,12.24,0.93,0.0,667.0,317,346,4,48,52,1,393.0,0.03,5.4e-05,31731.0,,,,
4019,8000,34689,1.7001,0.0124,3.2937,3.758,0.0095,0.07,10.32,0.94,0.0,561.0,251,303,7,45,54,1,467.0,0.02,5.4e-05,31728.0,,,,
4020,8000,34705,1.7183,0.0236,3.3078,3.841,0.0129,0.09,13.18,0.94,0.0,549.0,244,301,4,44,55,1,477.0,0.03,5.4e-05,31769.0,,,,
4021,8000,34723,1.6992,0.0271,3.2626,3.878,0.0119,0.08,10.92,0.94,0.0,518.0,242,272,4,47,53,1,506.0,0.03,5.4e-05,30609.0,,,,
4022,8000,34739,1.7254,0.0138,3.3438,4.02,0.0087,0.06,16.22,0.94,0.0,589.0,305,270,14,52,46,2,445.0,0.04,5.4e-05,31691.0,,,,
4023,8000,34756,1.6568,-0.0007,3.2341,3.966,0.0223,0.09,8.32,0.95,0.0,592.0,300,285,7,51,48,1,443.0,0.04,5.4e-05,31740.0,,,,
4024,8000,34772,1.6511,0.0307,3.1609,4.105,0.0232,0.08,12.17,0.95,0.0,564.0,325,232,7,58,41,1,465.0,0.03,5.4e-05,31754.0,,,,
4025,8000,34789,1.6952,0.0169,3.2763,4.005,0.0127,0.08,10.14,0.94,0.0,572.0,301,236,35,53,41,6,458.0,0.03,5.4e-05,31702.0,,,,
4026,8000,34805,1.7142,0.0204,3.306,3.772,0.0127,0.09,13.73,0.95,0.0,577.0,313,225,39,54,39,7,454.0,0.02,5.4e-05,31760.0,,,,
4027,8000,34822,1.7047,-0.0011,3.33,3.703,0.013,0.08,13.22,0.94,0.0,635.0,312,273,50,49,43,8,413.0,0.01,5.4e-05,31701.0,,,,
4028,8000,34839,1.688,0.0048,3.2872,3.731,0.0136,0.08,12.84,0.95,0.0,663.0,321,290,52,48,44,8,395.0,0.02,5.4e-05,31714.0,,,,
4029,8000,34855,1.7884,0.0134,3.4681,3.531,0.0053,0.04,44.52,0.95,0.0,588.0,315,245,28,54,42,5,446.0,0.01,5.4e-05,31713.0,,,,
4030,8000,34872,1.7076,0.003,3.3332,3.598,0.0099,0.07,20.65,0.96,0.0,677.0,382,256,39,56,38,6,387.0,0.0,5.4e-05,31705.0,,,,
4031,8000,34888,1.7029,-0.0075,3.349,3.535,0.0106,0.07,17.98,0.96,0.0,671.0,359,264,48,54,39,7,391.0,0.01,5.4e-05,31696.0,,,,
4032,8000,34905,1.7111,0.0059,3.3332,3.56,0.0158,0.1,12.65,0.96,0.0,769.0,423,292,54,55,38,7,341.0,0.01,5.4e-05,31709.0,,,,
4033,8000,34922,1.7479,0.0206,3.3718,3.544,0.0202,0.11,8.89,0.95,0.0,770.0,441,308,21,57,40,3,340.0,0.01,5.4e-05,31708.0,,,,
4034,8000,34938,1.7815,-0.0013,3.4832,3.505,0.0165,0.1,24.68,0.95,0.0,808.0,455,329,24,56,41,3,324.0,0.01,5.4e-05,31702.0,,,,
4035,8000,34955,1.7584,0.0094,3.4164,3.434,0.0151,0.1,15.3,0.95,0.0,744.0,423,296,25,57,40,3,352.0,0.01,5.4e-05,31702.0,,,,
4036,8000,34971,1.7624,0.0041,3.4351,3.567,0.0143,0.09,17.02,0.94,0.0,751.0,406,325,20,54,43,3,349.0,0.01,5.4e-05,31770.0,,,,
4037,8000,34988,1.7039,0.0069,3.3135,3.612,0.0189,0.1,9.99,0.95,0.0,647.0,368,250,29,57,39,4,405.0,0.02,5.4e-05,31705.0,,,,
4038,8000,35005,1.6681,0.0038,3.2485,3.84,0.0151,0.09,20.55,0.95,0.0,544.0,309,213,22,57,39,4,482.0,0.03,5.4e-05,31693.0,,,,
4039,8000,35021,1.6286,-0.0002,3.179,3.913,0.0093,0.07,18.96,0.95,0.0,499.0,254,216,29,51,43,6,525.0,0.03,5.4e-05,31710.0,,,,
4040,8000,35038,1.6002,-0.0002,3.125,4.093,0.0123,0.08,13.23,0.95,0.0,483.0,249,185,49,52,38,10,543.0,0.06,5.4e-05,31767.0,,,,
4041,8000,35055,1.6773,0.0152,3.2508,4.006,0.0208,0.11,8.27,0.93,0.0,531.0,246,245,40,46,46,8,494.0,0.06,5.4e-05,30572.0,,,,
4042,8000,35072,1.6709,0.0221,3.2269,4.054,0.0231,0.12,17.51,0.93,0.0,531.0,225,244,62,42,46,12,494.0,0.04,5.4e-05,31733.0,,,,
4043,8000,35088,1.6171,0.0065,3.149,4.024,0.0151,0.09,8.44,0.94,0.0,474.0,182,245,47,38,52,10,553.0,0.03,5.4e-05,31750.0,,,,
4044,8000,35105,1.6542,0.0121,3.2087,3.976,0.0172,0.11,7.32,0.94,0.0,503.0,219,247,37,44,49,7,521.0,0.06,5.4e-05,31791.0,,,,
4045,8000,35121,1.6395,0.0191,3.164,4.022,0.0162,0.1,6.0,0.94,0.0,506.0,230,243,33,45,48,7,518.0,0.05,5.4e-05,31724.0,,,,
4046,8000,35138,1.644,0.0054,3.2023,4.175,0.0211,0.11,4.75,0.93,0.0,572.0,233,289,50,41,51,9,458.0,0.03,5.4e-05,31715.0,,,,
4047,8000,35155,1.67,0.0291,3.2064,4.125,0.0187,0.11,3.56,0.93,0.0,627.0,252,327,48,40,52,8,418.0,0.03,5.4e-05,31741.0,,,,
4048,8000,35171,1.6493,0.0204,3.1822,4.121,0.0134,0.09,4.37,0.93,0.0,563.0,231,290,42,41,52,7,466.0,0.02,5.4e-05,31786.0,,,,
4049,8000,35188,1.6478,0.0076,3.2117,4.062,0.0134,0.09,4.44,0.93,0.0,618.0,233,310,75,38,50,12,424.0,0.0,5.4e-05,31787.0,56,1,455,11
4050,8000,35220,1.6567,0.0076,3.2263,4.054,0.0143,0.09,3.53,0.93,0.0,626.0,241,320,65,38,51,10,419.0,0.01,5.4e-05,31877.0,,,,
4051,8000,35236,1.6526,-0.0036,3.2389,4.079,0.0137,0.09,3.72,0.94,0.0,676.0,275,332,69,41,49,10,388.0,0.04,5.4e-05,31740.0,,,,
4052,8000,35253,1.6726,0.0045,3.2603,3.936,0.0146,0.1,3.8,0.95,0.0,684.0,300,329,55,44,48,8,383.0,0.05,5.4e-05,31738.0,,,,
4053,8000,35269,1.6345,0.0041,3.184,3.978,0.0142,0.09,4.92,0.95,0.0,664.0,305,312,47,46,47,7,395.0,0.03,5.4e-05,31728.0,,,,
4054,8000,35286,1.6627,0.0038,3.24,3.951,0.0106,0.08,4.6,0.94,0.0,674.0,344,287,43,51,43,6,389.0,0.05,5.4e-05,31718.0,,,,
4055,8000,35303,1.7097,0.0076,3.326,3.916,0.0111,0.08,8.5,0.95,0.0,753.0,363,342,48,48,45,6,348.0,0.07,5.4e-05,31783.0,,,,
4056,8000,35319,1.7577,0.0113,3.4126,3.78,0.0124,0.09,4.71,0.94,0.0,867.0,434,399,34,50,46,4,302.0,0.06,5.4e-05,31740.0,,,,
4057,8000,35336,1.7818,0.0002,3.4803,3.587,0.012,0.09,5.8,0.94,0.0,890.0,450,407,33,51,46,4,295.0,0.03,5.4e-05,31719.0,,,,
4058,8000,35352,1.786,0.0045,3.4801,3.636,0.0135,0.09,5.06,0.94,0.0,931.0,467,454,10,50,49,1,282.0,0.02,5.4e-05,31729.0,,,,
4059,8000,35369,1.787,0.0231,3.4451,3.64,0.0107,0.08,5.74,0.94,0.0,885.0,450,421,14,51,48,2,296.0,0.01,5.4e-05,31767.0,,,,
4060,8000,35385,1.7901,0.015,3.4671,3.635,0.0123,0.09,10.56,0.94,0.0,838.0,415,411,12,50,49,1,313.0,0.01,5.4e-05,31727.0,,,,
4061,8000,35403,1.7791,0.0064,3.4639,3.707,0.0126,0.09,9.43,0.93,0.0,809.0,419,372,18,52,46,2,324.0,0.01,5.4e-05,30614.0,,,,
4062,8000,35419,1.7381,-0.0004,3.3958,3.805,0.0117,0.08,10.85,0.94,0.0,764.0,415,327,22,54,43,3,343.0,0.02,5.4e-05,31777.0,,,,
4063,8000,35436,1.766,0.0053,3.4404,3.884,0.0146,0.09,22.52,0.94,0.0,813.0,473,324,16,58,40,2,322.0,0.01,5.4e-05,31710.0,,,,
4064,8000,35452,1.7843,0.0079,3.474,3.724,0.0146,0.07,13.97,0.95,0.0,788.0,447,321,20,57,41,3,333.0,0.01,5.4e-05,31717.0,,,,
4065,8000,35469,1.7471,0.0162,3.3821,3.768,0.0118,0.08,8.66,0.95,0.0,796.0,401,367,28,50,46,4,329.0,0.01,5.4e-05,31711.0,,,,
4066,8000,35486,1.7103,0.0211,3.2974,3.864,0.0106,0.07,9.62,0.96,0.0,738.0,365,357,16,49,48,2,355.0,0.01,5.4e-05,31700.0,,,,
4067,8000,35502,1.6721,0.0061,3.2513,3.886,0.0072,0.06,16.18,0.96,0.0,626.0,337,269,20,54,43,3,419.0,0.01,5.4e-05,31716.0,,,,
4068,8000,35519,1.6613,0.0127,3.2184,3.91,0.0091,0.07,11.75,0.96,0.0,637.0,333,276,28,52,43,4,412.0,0.01,5.4e-05,31723.0,,,,
4069,8000,35535,1.6531,0.0094,3.2074,3.842,0.0101,0.07,16.46,0.96,0.0,625.0,326,269,30,52,43,5,419.0,0.01,5.4e-05,31709.0,,,,
4070,8000,35552,1.6768,0.0221,3.2297,3.853,0.0107,0.07,12.98,0.96,0.0,648.0,330,279,39,51,43,6,405.0,0.01,5.4e-05,31703.0,,,,
4071,8000,35569,1.6656,0.0091,3.2306,3.726,0.0129,0.09,12.05,0.95,0.0,608.0,308,279,21,51,46,3,431.0,0.01,5.3e-05,31713.0,,,,
4072,8000,35585,1.654,0.016,3.1953,3.887,0.0107,0.08,14.48,0.96,0.0,639.0,321,294,24,50,46,4,410.0,0.01,5.3e-05,31716.0,,,,
4073,8000,35602,1.6268,0.0351,3.1044,3.985,0.0119,0.07,16.69,0.96,0.0,537.0,288,219,30,54,41,6,488.0,0.01,5.3e-05,31701.0,,,,
4074,8000,35618,1.6093,0.0234,3.0949,4.05,0.0095,0.07,12.03,0.96,0.0,512.0,263,209,40,51,41,8,512.0,0.01,5.3e-05,31707.0,,,,
4075,8000,35635,1.593,0.0171,3.0736,3.97,0.0161,0.08,14.77,0.96,0.0,450.0,233,173,44,52,38,10,583.0,0.01,5.3e-05,31720.0,,,,
4076,8000,35652,1.5723,0.0247,3.019,4.215,0.0112,0.07,9.11,0.96,0.0,433.0,203,177,53,47,41,12,605.0,0.02,5.3e-05,31719.0,,,,
4077,8000,35668,1.5823,0.0294,3.0287,4.19,0.0137,0.09,8.8,0.96,0.0,419.0,192,185,42,46,44,10,626.0,0.03,5.3e-05,31719.0,,,,
4078,8000,35685,1.5446,0.0394,2.9345,4.303,0.0139,0.08,7.65,0.96,0.0,402.0,168,184,50,42,46,12,652.0,0.04,5.3e-05,31761.0,,,,
4079,8000,35701,1.5937,0.0409,3.0285,4.16,0.0123,0.07,10.12,0.96,0.0,438.0,198,189,51,45,43,12,599.0,0.06,5.3e-05,31779.0,,,,
4080,8000,35718,1.5911,0.0431,3.0193,4.218,0.0169,0.09,6.32,0.95,0.0,471.0,204,220,47,43,47,10,557.0,0.06,5.3e-05,31707.0,,,,
4081,8000,35735,1.5959,0.0422,3.0344,4.337,0.0208,0.09,7.11,0.94,0.0,410.0,157,204,49,38,50,12,639.0,0.05,5.3e-05,30577.0,,,,
4082,8000,35752,1.7035,0.032,3.2687,4.388,0.0117,0.07,17.89,0.95,0.0,331.0,123,167,41,37,50,12,792.0,0.06,5.3e-05,31724.0,,,,
4083,8000,35768,1.6109,0.0462,3.0506,4.128,0.0174,0.09,4.3,0.94,0.0,352.0,148,173,31,42,49,9,745.0,0.05,5.3e-05,31721.0,,,,
4084,8000,35785,1.5526,0.033,2.958,3.982,0.0177,0.09,3.5,0.94,0.0,301.0,134,146,21,45,49,7,871.0,0.04,5.3e-05,31776.0,,,,
4085,8000,35801,1.6308,0.015,3.1505,3.763,0.0096,0.07,7.94,0.94,0.0,402.0,145,189,68,36,47,17,652.0,0.04,5.3e-05,31710.0,,,,
4086,8000,35818,1.5887,0.0138,3.0734,4.05,0.0163,0.09,4.62,0.94,0.0,434.0,171,218,45,39,50,10,604.0,0.04,5.3e-05,31709.0,,,,
4087,8000,35835,1.5782,0.0007,3.0804,4.208,0.012,0.08,5.57,0.94,0.0,423.0,184,201,38,43,48,9,620.0,0.05,5.3e-05,31693.0,,,,
4088,8000,35851,1.5247,-0.0239,3.0216,4.285,0.0071,0.06,7.12,0.95,0.0,375.0,138,205,32,37,55,9,699.0,0.05,5.3e-05,31715.0,,,,
4089,8000,35868,1.5158,-0.022,3.0017,4.269,0.0091,0.07,6.69,0.96,0.0,372.0,149,186,37,40,50,10,705.0,0.09,5.3e-05,31772.0,,,,
4090,8000,35884,1.5657,-0.019,3.091,4.126,0.0093,0.07,7.27,0.96,0.0,419.0,190,212,17,45,51,4,626.0,0.13,5.3e-05,31691.0,,,,
4091,8000,35901,1.6087,-0.0018,3.1449,4.229,0.0106,0.08,4.36,0.95,0.0,463.0,218,221,24,47,48,5,566.0,0.11,5.3e-05,31756.0,,,,
4092,8000,35918,1.6217,-0.0082,3.1832,4.289,0.0128,0.1,4.49,0.94,0.0,547.0,278,252,17,51,46,3,479.0,0.07,5.3e-05,31768.0,,,,
4093,8000,35934,1.668,-0.0046,3.2688,4.4,0.0103,0.08,8.17,0.93,0.0,570.0,281,272,17,49,48,3,460.0,0.04,5.3e-05,31703.0,,,,
4094,8000,35951,1.6515,-0.0122,3.2496,4.338,0.0152,0.09,5.93,0.94,0.0,601.0,289,301,11,48,50,2,436.0,0.03,5.3e-05,31758.0,,,,
4095,8000,35967,1.6669,0.0003,3.2566,4.452,0.0111,0.08,5.84,0.94,0.0,648.0,278,369,1,43,57,0,405.0,0.04,5.3e-05,31666.0,,,,
4096,8000,35984,1.7026,-0.0163,3.36,4.278,0.0109,0.08,6.94,0.94,0.0,703.0,285,412,6,41,59,1,373.0,0.04,5.3e-05,31712.0,,,,
4097,8000,36000,1.6836,-0.017,3.3226,4.22,0.0092,0.07,9.32,0.94,0.0,678.0,300,372,6,44,55,1,387.0,0.03,5.3e-05,31685.0,,,,
4098,8000,36017,1.67,-0.0178,3.2972,4.234,0.0103,0.07,8.92,0.95,0.0,637.0,270,359,8,42,56,1,412.0,0.03,5.3e-05,31756.0,,,,
4099,8000,36034,1.6982,0.0075,3.3021,4.171,0.0086,0.07,12.97,0.95,0.0,676.0,285,383,8,42,57,1,388.0,0.02,5.3e-05,31735.0,73,0,439,14
4100,8000,36066,1.6697,-0.0029,3.266,4.241,0.0089,0.07,10.52,0.95,0.0,618.0,258,351,9,42,57,1,424.0,0.03,5.3e-05,31889.0,,,,
4101,8000,36083,1.7902,0.011,3.4803,4.274,0.0116,0.07,9.13,0.94,0.0,682.0,311,359,12,46,53,2,384.0,0.04,5.3e-05,30572.0,,,,
4102,8000,36099,1.7741,0.013,3.4427,4.159,0.0256,0.08,8.16,0.94,0.0,788.0,461,313,14,59,40,2,333.0,0.07,5.3e-05,31685.0,,,,
4103,8000,36116,1.7932,0.0127,3.482,4.154,0.0185,0.09,7.8,0.94,0.0,858.0,464,384,10,54,45,1,306.0,0.09,5.3e-05,31756.0,,,,
4104,8000,36133,1.7849,0.0192,3.4513,4.07,0.0169,0.09,7.8,0.94,0.0,883.0,484,388,11,55,44,1,297.0,0.06,5.3e-05,31712.0,,,,
4105,8000,36149,1.7998,0.0059,3.5079,4.035,0.0094,0.07,12.81,0.95,0.0,883.0,491,382,10,56,43,1,297.0,0.04,5.3e-05,31757.0,,,,
4106,8000,36166,1.8041,0.0158,3.4964,4.059,0.0132,0.07,12.14,0.94,0.0,909.0,523,372,14,58,41,2,288.0,0.03,5.3e-05,31690.0,,,,
4107,8000,36182,1.7757,0.0114,3.4485,4.053,0.0115,0.07,11.93,0.95,0.0,871.0,454,405,12,52,46,1,301.0,0.02,5.3e-05,31703.0,,,,
4108,8000,36199,1.79,0.0011,3.498,4.053,0.0093,0.07,10.54,0.94,0.0,861.0,444,416,1,52,48,0,304.0,0.02,5.3e-05,31696.0,,,,
4109,8000,36216,1.7907,0.0048,3.492,4.026,0.0146,0.09,8.42,0.95,0.0,953.0,457,491,5,48,52,1,275.0,0.02,5.3e-05,31700.0,,,,
4110,8000,36232,1.845,0.0187,3.5725,3.982,0.0124,0.08,8.4,0.94,0.0,1071.0,556,511,4,52,48,0,245.0,0.01,5.3e-05,31686.0,,,,
4111,8000,36249,1.7892,-0.0081,3.5131,3.885,0.0101,0.07,11.54,0.95,0.0,972.0,520,444,8,53,46,1,270.0,0.01,5.3e-05,31692.0,,,,
4112,8000,36265,1.7669,-0.0052,3.4628,3.896,0.014,0.09,13.49,0.96,0.0,926.0,509,411,6,55,44,1,283.0,0.0,5.3e-05,31700.0,,,,
4113,8000,36282,1.8209,0.0096,3.5411,3.879,0.009,0.06,21.25,0.95,0.0,949.0,578,362,9,61,38,1,276.0,0.01,5.3e-05,31687.0,,,,
4114,8000,36299,1.7657,-0.0149,3.4802,3.978,0.0092,0.06,29.03,0.96,0.0,822.0,482,336,4,59,41,0,319.0,0.01,5.3e-05,31682.0,,,,
4115,8000,36315,1.7471,0.0058,3.402,3.961,0.01,0.07,24.8,0.96,0.0,792.0,479,301,12,60,38,2,331.0,0.02,5.3e-05,31692.0,,,,
4116,8000,36332,1.744,-0.0057,3.4198,3.915,0.0151,0.08,14.89,0.96,0.0,843.0,468,356,19,56,42,2,311.0,0.02,5.3e-05,31701.0,,,,
4117,8000,36348,1.7728,0.0046,3.459,4.031,0.0125,0.08,16.36,0.96,0.0,901.0,493,370,38,55,41,4,291.0,0.02,5.3e-05,31693.0,,,,
4118,8000,36365,1.7758,-0.0119,3.4974,4.011,0.0107,0.07,17.35,0.96,0.0,901.0,528,336,37,59,37,4,291.0,0.02,5.3e-05,31770.0,,,,
4119,8000,36381,1.8162,0.0354,3.4829,3.989,0.0197,0.1,13.21,0.96,0.0,893.0,542,338,13,61,38,1,294.0,0.02,5.3e-05,31712.0,,,,
4120,8000,36398,1.8068,0.0392,3.4554,3.988,0.018,0.11,8.7,0.95,0.0,872.0,500,365,7,57,42,1,301.0,0.02,5.3e-05,31700.0,,,,
4121,8000,36415,1.8238,0.0386,3.4919,4.013,0.0227,0.11,8.58,0.94,0.0,835.0,479,341,15,57,41,2,314.0,0.03,5.3e-05,30614.0,,,,
4122,8000,36432,1.8863,0.1084,3.4773,3.916,0.0425,0.09,9.8,0.95,0.0,828.0,377,435,16,46,53,2,317.0,0.04,5.3e-05,31699.0,,,,
4123,8000,36449,1.8092,0.0095,3.5202,3.981,0.0094,0.06,13.48,0.95,0.0,892.0,410,470,12,46,53,1,294.0,0.04,5.3e-05,31675.0,,,,
4124,8000,36465,1.8511,0.0334,3.5549,3.907,0.0194,0.1,6.94,0.94,0.0,1085.0,540,540,5,50,50,0,242.0,0.03,5.3e-05,31680.0,,,,
4125,8000,36482,1.8155,0.0146,3.5201,3.843,0.0159,0.09,9.19,0.95,0.0,963.0,506,453,4,53,47,0,272.0,0.03,5.3e-05,31689.0,,,,
4126,8000,36498,1.7975,0.0087,3.495,3.757,0.0162,0.09,12.74,0.95,0.0,901.0,476,424,1,53,47,0,291.0,0.04,5.3e-05,31695.0,,,,
4127,8000,36515,1.7927,0.0077,3.4875,3.74,0.0153,0.09,9.22,0.94,0.0,919.0,501,414,4,55,45,0,285.0,0.04,5.3e-05,31689.0,,,,
4128,8000,36532,1.8152,0.0133,3.5222,3.766,0.0136,0.09,9.43,0.94,0.0,907.0,471,426,10,52,47,1,289.0,0.04,5.3e-05,31669.0,,,,
4129,8000,36548,1.824,0.0052,3.5545,3.643,0.0145,0.1,8.16,0.94,0.0,907.0,444,454,9,49,50,1,289.0,0.05,5.3e-05,31706.0,,,,
4130,8000,36565,1.8189,0.0218,3.5121,3.725,0.0182,0.1,6.88,0.95,0.0,937.0,461,466,10,49,50,1,280.0,0.03,5.3e-05,31730.0,,,,
4131,8000,36581,1.8158,0.0107,3.5274,3.688,0.0166,0.1,7.22,0.95,0.0,937.0,467,461,9,50,49,1,280.0,0.05,5.3e-05,31691.0,,,,
4132,8000,36598,1.797,0.0126,3.4861,3.652,0.0156,0.1,8.77,0.95,0.0,919.0,498,411,10,54,45,1,285.0,0.04,5.3e-05,31713.0,,,,
4133,8000,36614,1.8165,0.0172,3.5167,3.71,0.0168,0.09,10.75,0.95,0.0,927.0,484,435,8,52,47,1,283.0,0.03,5.3e-05,31696.0,,,,
4134,8000,36631,1.7912,0.0142,3.4733,3.799,0.0129,0.09,8.65,0.96,0.0,937.0,514,414,9,55,44,1,280.0,0.01,5.3e-05,31692.0,,,,
4135,8000,36648,1.7817,0.0039,3.4732,3.731,0.018,0.1,6.51,0.96,0.0,928.0,473,455,0,51,49,0,282.0,0.02,5.3e-05,31737.0,,,,
4136,8000,36664,1.7963,0.025,3.4617,3.853,0.0168,0.1,10.69,0.96,0.0,956.0,450,503,3,47,53,0,274.0,0.01,5.3e-05,31700.0,,,,
4137,8000,36681,1.8271,0.043,3.4872,3.899,0.0113,0.08,13.49,0.96,0.0,888.0,382,505,1,43,57,0,295.0,0.01,5.3e-05,31685.0,,,,
4138,8000,36698,1.7941,0.0268,3.4531,3.817,0.0162,0.1,6.09,0.95,0.0,944.0,450,492,2,48,52,0,278.0,0.01,5.3e-05,31669.0,,,,
4139,8000,36714,1.8286,0.0357,3.5039,3.781,0.0192,0.1,8.53,0.95,0.0,968.0,513,455,0,53,47,0,271.0,0.02,5.3e-05,31676.0,,,,
4140,8000,36731,1.8021,0.0247,3.4737,3.883,0.0171,0.09,7.39,0.95,0.0,924.0,473,448,3,51,48,0,284.0,0.01,5.3e-05,31665.0,,,,
4141,8000,36748,1.8445,0.0393,3.5307,3.993,0.0146,0.1,8.34,0.94,0.0,805.0,380,422,3,47,52,0,326.0,0.02,5.2e-05,30558.0,,,,
4142,8000,36765,1.8978,0.0236,3.6687,4.026,0.0091,0.08,16.53,0.95,0.0,690.0,374,314,2,54,46,0,380.0,0.04,5.2e-05,31753.0,,,,
4143,8000,36781,1.7076,-0.0148,3.3654,4.047,0.0198,0.11,4.51,0.95,0.0,708.0,374,331,3,53,47,0,370.0,0.1,5.2e-05,31682.0,,,,
4144,8000,36798,1.7241,-0.0139,3.3975,4.156,0.0147,0.1,4.66,0.94,0.0,749.0,385,358,6,51,48,1,350.0,0.11,5.2e-05,31771.0,,,,
4145,8000,36814,1.7672,-0.0075,3.4693,3.994,0.0168,0.1,5.44,0.94,0.0,785.0,409,357,19,52,45,2,334.0,0.07,5.2e-05,31685.0,,,,
4146,8000,36831,1.7406,-0.0039,3.4094,4.006,0.0199,0.11,6.07,0.94,0.0,777.0,397,378,2,51,49,0,337.0,0.03,5.2e-05,31684.0,,,,
4147,8000,36848,1.8008,0.005,3.5118,3.948,0.0128,0.1,5.84,0.94,0.0,874.0,469,400,5,54,46,1,300.0,0.04,5.2e-05,31703.0,,,,
4148,8000,36864,1.7796,0.0023,3.4744,3.954,0.0161,0.1,4.35,0.94,0.0,868.0,469,397,2,54,46,0,302.0,0.04,5.2e-05,31661.0,,,,
4149,8000,36881,1.7597,-0.011,3.461,3.953,0.0136,0.1,4.52,0.94,0.0,922.0,491,428,3,53,46,0,284.0,0.03,5.2e-05,31745.0,123,1,388,24
4150,8000,36913,1.8037,0.0168,3.4932,3.921,0.0166,0.11,3.1,0.94,0.0,955.0,493,459,3,52,48,0,274.0,0.04,5.2e-05,31825.0,,,,
4151,8000,36929,1.7973,0.0138,3.4867,3.934,0.0159,0.1,3.88,0.94,0.0,977.0,471,501,5,48,51,1,268.0,0.04,5.2e-05,31657.0,,,,
4152,8000,36946,1.8302,0.0173,3.5454,3.908,0.0128,0.09,5.05,0.94,0.0,1038.0,493,544,1,47,52,0,253.0,0.04,5.2e-05,31681.0,,,,
4153,8000,36962,1.8031,0.0036,3.5183,3.891,0.019,0.1,3.82,0.93,0.0,1003.0,493,509,1,49,51,0,261.0,0.03,5.2e-05,31680.0,,,,
4154,8000,36979,1.7984,0.0084,3.5004,3.991,0.0145,0.1,3.84,0.93,0.0,950.0,461,487,2,49,51,0,276.0,0.03,5.2e-05,31683.0,,,,
4155,8000,36996,1.791,0.001,3.5006,4.037,0.0128,0.09,4.37,0.93,0.0,929.0,490,435,4,53,47,0,282.0,0.03,5.2e-05,31685.0,,,,
4156,8000,37012,1.7874,0.0205,3.4554,4.14,0.0124,0.08,4.49,0.94,0.0,918.0,469,446,3,51,49,0,286.0,0.01,5.2e-05,31765.0,,,,
4157,8000,37029,1.808,0.0256,3.4869,4.193,0.0115,0.09,4.04,0.94,0.0,885.0,459,426,0,52,48,0,296.0,0.02,5.2e-05,31692.0,,,,
4158,8000,37046,1.796,0.0258,3.4623,4.135,0.0149,0.09,3.3,0.94,0.0,951.0,467,484,0,49,51,0,276.0,0.02,5.2e-05,31684.0,,,,
4159,8000,37062,1.8028,0.0111,3.5047,4.142,0.0121,0.09,3.48,0.94,0.0,960.0,504,455,1,52,47,0,273.0,0.02,5.2e-05,31690.0,,,,
4160,8000,37079,1.771,0.0097,3.444,4.133,0.0117,0.08,3.72,0.94,0.0,939.0,484,455,0,52,48,0,279.0,0.01,5.2e-05,31684.0,,,,
4161,8000,37096,1.8098,-0.0048,3.5516,4.268,0.0129,0.08,3.2,0.92,0.0,896.0,474,421,1,53,47,0,293.0,0.02,5.2e-05,30575.0,,,,
4162,8000,37113,1.7163,-0.016,3.3884,4.47,0.0124,0.08,3.69,0.94,0.0,705.0,326,379,0,46,54,0,372.0,0.03,5.2e-05,31688.0,,,,
4163,8000,37129,1.7102,-0.0078,3.3593,4.394,0.0108,0.07,3.58,0.94,0.0,710.0,362,348,0,51,49,0,369.0,0.03,5.2e-05,31782.0,,,,
4164,8000,37146,1.7044,-0.0103,3.3525,4.357,0.0112,0.07,4.24,0.94,0.0,755.0,445,303,7,59,40,1,347.0,0.02,5.2e-05,31724.0,,,,
4165,8000,37162,1.6581,-0.0104,3.2604,4.453,0.0108,0.08,3.44,0.95,0.0,744.0,422,320,2,57,43,0,352.0,0.01,5.2e-05,31768.0,,,,
4166,8000,37179,1.6834,-0.006,3.3022,4.456,0.0111,0.08,3.15,0.95,0.0,772.0,422,350,0,55,45,0,340.0,0.03,5.2e-05,31712.0,,,,
4167,8000,37195,1.699,0.0011,3.3194,4.475,0.0102,0.07,4.91,0.96,0.0,770.0,440,329,1,57,43,0,340.0,0.04,5.2e-05,31725.0,,,,
4168,8000,37212,1.6699,-0.0041,3.2719,4.517,0.0106,0.07,4.45,0.96,0.0,732.0,394,336,2,54,46,0,358.0,0.04,5.2e-05,31772.0,,,,
4169,8000,37229,1.6716,0.005,3.2568,4.452,0.0097,0.07,5.24,0.96,0.0,778.0,389,388,1,50,50,0,337.0,0.01,5.2e-05,31739.0,,,,
4170,8000,37245,1.6342,0.0036,3.186,4.56,0.0094,0.06,5.44,0.97,0.0,688.0,372,312,4,54,45,1,381.0,0.01,5.2e-05,31701.0,,,,
4171,8000,37262,1.6654,0.0061,3.2426,4.477,0.0105,0.07,4.07,0.96,0.0,711.0,381,327,3,54,46,0,369.0,0.02,5.2e-05,31714.0,,,,
4172,8000,37278,1.6772,0.0067,3.2645,4.421,0.0107,0.07,3.78,0.96,0.0,708.0,339,367,2,48,52,0,370.0,0.01,5.2e-05,31711.0,,,,
4173,8000,37295,1.7056,0.0105,3.3135,4.366,0.0095,0.07,5.99,0.96,0.0,737.0,362,374,1,49,51,0,356.0,0.02,5.2e-05,31710.0,,,,
4174,8000,37312,1.6946,0.0126,3.2871,4.328,0.013,0.08,3.98,0.96,0.0,703.0,342,357,4,49,51,1,373.0,0.02,5.2e-05,31693.0,,,,
4175,8000,37328,1.6777,-0.0021,3.2828,4.337,0.0114,0.08,3.97,0.97,0.0,756.0,371,384,1,49,51,0,347.0,0.02,5.2e-05,31694.0,,,,
4176,8000,37345,1.6654,0.0035,3.2468,4.354,0.0122,0.08,3.76,0.96,0.0,803.0,374,425,4,47,53,0,326.0,0.01,5.2e-05,31715.0,,,,
4177,8000,37361,1.6932,0.0118,3.2858,4.368,0.0093,0.07,4.04,0.96,0.0,785.0,378,406,1,48,52,0,334.0,0.02,5.2e-05,31703.0,,,,
4178,8000,37378,1.6903,0.0145,3.2743,4.343,0.0105,0.08,3.44,0.96,0.0,750.0,392,358,0,52,48,0,350.0,0.01,5.2e-05,31689.0,,,,
4179,8000,37395,1.71,0.0158,3.3106,4.267,0.01,0.07,5.41,0.96,0.0,721.0,399,322,0,55,45,0,364.0,0.01,5.2e-05,31698.0,,,,
4180,8000,37411,1.6928,-0.0008,3.3095,4.254,0.0096,0.07,4.57,0.96,0.0,800.0,425,373,2,53,47,0,328.0,0.01,5.2e-05,31705.0,,,,
4181,8000,37428,1.761,0.0071,3.4304,4.278,0.0122,0.08,3.91,0.94,0.0,796.0,383,413,0,48,52,0,329.0,0.02,5.2e-05,30607.0,,,,
4182,8000,37445,1.7369,0.0123,3.3726,4.374,0.0122,0.08,6.9,0.95,0.0,679.0,301,377,1,44,56,0,386.0,0.02,5.2e-05,31698.0,,,,
4183,8000,37462,1.7611,0.0156,3.413,4.204,0.0106,0.08,5.19,0.95,0.0,657.0,322,334,1,49,51,0,399.0,0.04,5.2e-05,31703.0,,,,
4184,8000,37478,1.7985,0.0165,3.4857,4.121,0.0118,0.08,4.2,0.94,0.0,768.0,337,431,0,44,56,0,341.0,0.06,5.2e-05,31702.0,,,,
4185,8000,37495,1.7852,0.0191,3.4534,4.103,0.017,0.1,4.77,0.94,0.0,793.0,330,462,1,42,58,0,331.0,0.09,5.2e-05,31707.0,,,,
4186,8000,37511,1.7555,0.0025,3.4284,4.257,0.0104,0.07,5.41,0.94,0.0,805.0,326,476,3,40,59,0,326.0,0.06,5.2e-05,31690.0,,,,
4187,8000,37528,1.764,0.0113,3.4278,4.237,0.0141,0.09,3.67,0.93,0.0,775.0,340,432,3,44,56,0,338.0,0.06,5.2e-05,31718.0,,,,
4188,8000,37545,1.7181,0.0163,3.3264,4.329,0.0154,0.09,3.41,0.93,0.0,768.0,371,391,6,48,51,1,341.0,0.05,5.2e-05,31753.0,,,,
4189,8000,37561,1.6671,0.0179,3.2219,4.402,0.0139,0.09,2.97,0.94,0.0,707.0,286,408,13,40,58,2,371.0,0.03,5.2e-05,31685.0,,,,
4190,8000,37578,1.6303,0.014,3.1572,4.472,0.0112,0.08,3.9,0.95,0.0,600.0,258,321,21,43,54,4,437.0,0.04,5.2e-05,31701.0,,,,
4191,8000,37594,1.6292,0.0161,3.1504,4.431,0.0112,0.08,4.25,0.95,0.0,588.0,223,333,32,38,57,5,446.0,0.05,5.2e-05,31713.0,,,,
4192,8000,37611,1.667,0.0173,3.2231,4.314,0.0098,0.07,3.94,0.95,0.0,677.0,261,379,37,39,56,5,387.0,0.03,5.2e-05,31692.0,,,,
4193,8000,37628,1.7209,0.0219,3.3203,4.205,0.0206,0.09,3.25,0.94,0.0,770.0,310,426,34,40,55,4,340.0,0.03,5.2e-05,31696.0,,,,
4194,8000,37644,1.7571,0.0243,3.3883,4.174,0.0126,0.08,3.22,0.94,0.0,911.0,375,499,37,41,55,4,288.0,0.03,5.2e-05,31687.0,,,,
4195,8000,37661,1.7558,0.0203,3.3933,4.14,0.011,0.08,4.75,0.95,0.0,873.0,389,470,14,45,54,2,300.0,0.03,5.2e-05,31691.0,,,,
4196,8000,37677,1.7746,0.0098,3.4522,4.183,0.0128,0.08,3.93,0.94,0.0,973.0,443,516,14,46,53,1,269.0,0.02,5.2e-05,31711.0,,,,
4197,8000,37694,1.8213,0.0191,3.5256,4.057,0.0126,0.09,3.29,0.94,0.0,955.0,437,513,5,46,54,1,274.0,0.03,5.2e-05,31700.0,,,,
4198,8000,37711,1.8461,0.0215,3.571,4.067,0.0155,0.08,3.9,0.93,0.0,1002.0,453,542,7,45,54,1,262.0,0.02,5.2e-05,31697.0,,,,
4199,8000,37727,1.8293,0.0337,3.5128,4.069,0.0123,0.08,3.64,0.94,0.0,1018.0,446,569,3,44,56,0,258.0,0.03,5.2e-05,31675.0,123,0,389,24
4200,8000,37759,1.8135,0.0222,3.5043,4.123,0.0124,0.09,3.39,0.94,0.0,980.0,468,510,2,48,52,0,267.0,0.04,5.2e-05,31914.0,,,,
4201,8000,37776,1.8229,0.0005,3.5656,4.057,0.0146,0.09,3.59,0.92,0.0,960.0,430,524,6,45,55,1,273.0,0.04,5.2e-05,30601.0,,,,
4202,8000,37793,1.7313,0.0029,3.3784,4.157,0.0114,0.08,3.75,0.94,0.0,773.0,369,400,4,48,52,1,339.0,0.02,5.2e-05,31712.0,,,,
4203,8000,37809,1.7216,0.0092,3.3475,4.249,0.0102,0.08,3.85,0.95,0.0,708.0,381,320,7,54,45,1,370.0,0.02,5.2e-05,31739.0,,,,
4204,8000,37826,1.6963,0.0131,3.29,4.374,0.0129,0.09,3.41,0.95,0.0,686.0,353,329,4,51,48,1,382.0,0.01,5.2e-05,31747.0,,,,
4205,8000,37843,1.7176,0.0201,3.3179,4.322,0.0124,0.08,3.42,0.95,0.0,725.0,334,387,4,46,53,1,362.0,0.02,5.2e-05,31722.0,,,,
4206,8000,37859,1.7469,0.0157,3.3852,4.286,0.0109,0.08,3.91,0.93,0.0,754.0,369,381,4,49,51,1,348.0,0.03,5.2e-05,31729.0,,,,
4207,8000,37876,1.7503,0.0231,3.3781,4.331,0.011,0.08,4.18,0.94,0.0,752.0,387,360,5,51,48,1,349.0,0.04,5.2e-05,31734.0,,,,
4208,8000,37892,1.7399,0.0271,3.3489,4.337,0.0102,0.07,3.54,0.94,0.0,761.0,366,391,4,48,51,1,344.0,0.03,5.2e-05,31758.0,,,,
4209,8000,37909,1.7714,0.0238,3.4186,4.314,0.0097,0.07,4.15,0.94,0.0,822.0,391,424,7,48,52,1,319.0,0.01,5.2e-05,31780.0,,,,
4210,8000,37925,1.7526,0.0262,3.3757,4.207,0.0118,0.08,3.92,0.94,0.0,836.0,436,396,4,52,47,0,314.0,0.01,5.2e-05,31725.0,,,,
4211,8000,37942,1.7945,0.0301,3.4506,4.088,0.0108,0.08,4.57,0.94,0.0,902.0,480,419,3,53,46,0,291.0,0.02,5.2e-05,31734.0,,,,
4212,8000,37959,1.8028,0.0205,3.4868,4.16,0.0085,0.07,6.59,0.95,0.0,904.0,465,439,0,51,49,0,290.0,0.01,5.2e-05,31740.0,,,,
4213,8000,37975,1.7071,0.007,3.3234,4.285,0.0106,0.07,4.05,0.96,0.0,818.0,416,402,0,51,49,0,320.0,0.01,5.2e-05,31720.0,,,,
4214,8000,37992,1.7608,0.0033,3.4378,4.207,0.0109,0.08,4.38,0.95,0.0,842.0,446,396,0,53,47,0,311.0,0.02,5.1e-05,31725.0,,,,
4215,8000,38008,1.7617,0.011,3.4247,4.23,0.0107,0.07,5.37,0.95,0.0,899.0,479,417,3,53,46,0,292.0,0.02,5.1e-05,31726.0,,,,
4216,8000,38025,1.7432,0.0196,3.3714,4.324,0.0098,0.07,5.09,0.96,0.0,844.0,455,386,3,54,46,0,311.0,0.01,5.1e-05,31792.0,,,,
4217,8000,38041,1.7698,0.0289,3.4053,4.275,0.0164,0.09,4.1,0.96,0.0,865.0,427,435,3,49,50,0,303.0,0.01,5.1e-05,31746.0,,,,
4218,8000,38058,1.7977,0.02,3.4787,4.23,0.0126,0.08,4.39,0.95,0.0,986.0,512,474,0,52,48,0,266.0,0.01,5.1e-05,31715.0,,,,
4219,8000,38075,1.8135,0.0198,3.5113,4.255,0.0135,0.09,4.25,0.95,0.0,989.0,511,477,1,52,48,0,265.0,0.01,5.1e-05,31775.0,,,,
4220,8000,38091,1.8031,0.0269,3.4762,4.28,0.012,0.08,4.64,0.95,0.0,930.0,525,405,0,56,44,0,282.0,0.01,5.1e-05,31754.0,,,,
4221,8000,38108,1.8174,0.0426,3.4754,4.511,0.0143,0.08,3.98,0.95,0.0,784.0,439,345,0,56,44,0,334.0,0.02,5.1e-05,30584.0,,,,
4222,8000,38125,1.785,0.0189,3.4578,4.492,0.0102,0.08,3.98,0.95,0.0,681.0,349,331,1,51,49,0,385.0,0.06,5.1e-05,31772.0,,,,
4223,8000,38142,1.7744,0.0253,3.4243,4.526,0.0123,0.08,4.44,0.95,0.0,700.0,365,335,0,52,48,0,374.0,0.06,5.1e-05,31704.0,,,,
4224,8000,38158,1.76,0.0135,3.419,4.521,0.0101,0.08,4.12,0.94,0.0,710.0,365,345,0,51,49,0,369.0,0.04,5.1e-05,31756.0,,,,
4225,8000,38175,1.7414,0.0139,3.3818,4.616,0.012,0.09,3.21,0.94,0.0,667.0,361,302,4,54,45,1,393.0,0.05,5.1e-05,31713.0,,,,
4226,8000,38191,1.6716,-0.0032,3.2767,4.65,0.0091,0.07,5.52,0.95,0.0,595.0,305,285,5,51,48,1,441.0,0.03,5.1e-05,31766.0,,,,
4227,8000,38208,1.6883,-0.0003,3.3047,4.643,0.0112,0.08,3.99,0.95,0.0,590.0,294,289,7,50,49,1,444.0,0.05,5.1e-05,31688.0,,,,
4228,8000,38224,1.649,-0.0103,3.246,4.67,0.0096,0.08,3.48,0.95,0.0,537.0,285,248,4,53,46,1,488.0,0.04,5.1e-05,31763.0,,,,
4229,8000,38241,1.6457,0.0045,3.2111,4.725,0.0112,0.08,3.34,0.95,0.0,542.0,288,245,9,53,45,2,484.0,0.04,5.1e-05,31768.0,,,,
4230,8000,38258,1.6689,0.0058,3.2546,4.664,0.0104,0.08,4.12,0.95,0.0,579.0,301,270,8,52,47,1,453.0,0.03,5.1e-05,31678.0,,,,
4231,8000,38274,1.6515,0.0075,3.2164,4.74,0.0105,0.08,4.72,0.95,0.0,543.0,272,264,7,50,49,1,483.0,0.03,5.1e-05,31768.0,,,,
4232,8000,38291,1.714,0.0123,3.3297,4.519,0.0128,0.09,4.14,0.95,0.0,642.0,328,309,5,51,48,1,408.0,0.03,5.1e-05,31688.0,,,,
4233,8000,38307,1.701,0.0134,3.3024,4.591,0.0134,0.08,3.6,0.95,0.0,633.0,315,314,4,50,50,1,414.0,0.04,5.1e-05,31765.0,,,,
4234,8000,38324,1.7381,0.0156,3.3715,4.539,0.0109,0.08,4.03,0.95,0.0,712.0,359,347,6,50,49,1,368.0,0.04,5.1e-05,31755.0,,,,
4235,8000,38341,1.7509,0.0065,3.4146,4.488,0.0086,0.07,5.69,0.95,0.0,739.0,382,354,3,52,48,0,355.0,0.05,5.1e-05,31687.0,,,,
4236,8000,38357,1.6962,0.0092,3.3001,4.537,0.0116,0.08,3.38,0.95,0.0,670.0,346,321,3,52,48,0,391.0,0.04,5.1e-05,31705.0,,,,
4237,8000,38374,1.7966,0.0063,3.5055,4.342,0.0108,0.08,4.01,0.93,0.0,781.0,414,364,3,53,47,0,336.0,0.05,5.1e-05,31743.0,,,,
4238,8000,38390,1.7924,0.0175,3.4743,4.321,0.0111,0.08,4.29,0.94,0.0,843.0,438,403,2,52,48,0,311.0,0.04,5.1e-05,31761.0,,,,
4239,8000,38407,1.7578,0.0179,3.4054,4.457,0.0125,0.08,3.97,0.95,0.0,798.0,393,405,0,49,51,0,329.0,0.03,5.1e-05,31708.0,,,,
4240,8000,38423,1.7127,0.0077,3.3364,4.582,0.0086,0.07,5.18,0.95,0.0,694.0,344,349,1,50,50,0,378.0,0.02,5.1e-05,31687.0,,,,
4241,8000,38441,1.7477,0.0159,3.3904,4.557,0.0101,0.07,4.09,0.95,0.0,680.0,344,333,3,51,49,0,386.0,0.04,5.1e-05,30592.0,,,,
4242,8000,38457,1.7624,0.0278,3.396,4.581,0.0133,0.09,3.57,0.94,0.0,656.0,334,320,2,51,49,0,400.0,0.03,5.1e-05,31684.0,,,,
4243,8000,38474,1.7892,0.0373,3.4297,4.462,0.0119,0.09,3.02,0.94,0.0,682.0,346,335,1,51,49,0,384.0,0.04,5.1e-05,31697.0,,,,
4244,8000,38490,1.784,0.028,3.4384,4.515,0.0134,0.08,4.82,0.94,0.0,737.0,381,352,4,52,48,1,356.0,0.06,5.1e-05,31739.0,,,,
4245,8000,38507,1.7284,0.0111,3.3612,4.603,0.012,0.08,3.02,0.94,0.0,727.0,356,364,7,49,50,1,361.0,0.04,5.1e-05,31677.0,,,,
4246,8000,38524,1.7563,0.0311,3.3773,4.573,0.0128,0.08,3.33,0.94,0.0,749.0,371,375,3,50,50,0,350.0,0.03,5.1e-05,31717.0,,,,
4247,8000,38540,1.7374,0.0217,3.3577,4.525,0.0091,0.07,4.5,0.95,0.0,641.0,306,335,0,48,52,0,409.0,0.02,5.1e-05,31682.0,,,,
4248,8000,38557,1.7518,0.026,3.3778,4.5,0.0099,0.08,3.52,0.94,0.0,730.0,388,337,5,53,46,1,359.0,0.03,5.1e-05,31698.0,,,,
4249,8000,38574,1.752,0.0181,3.3937,4.457,0.0121,0.08,3.42,0.93,0.0,732.0,334,392,6,46,54,1,358.0,0.03,5.1e-05,31696.0,107,0,405,21
4250,8000,38605,1.7644,0.0096,3.4353,4.387,0.0113,0.09,3.03,0.93,0.0,736.0,351,380,5,48,52,1,356.0,0.04,5.1e-05,31829.0,,,,
4251,8000,38622,1.8069,0.0154,3.5094,4.362,0.0121,0.09,3.25,0.93,0.0,881.0,435,439,7,49,50,1,298.0,0.03,5.1e-05,31688.0,,,,
4252,8000,38639,1.7939,0.0082,3.4966,4.338,0.0093,0.07,3.66,0.93,0.0,866.0,416,446,4,48,52,0,303.0,0.02,5.1e-05,31688.0,,,,
4253,8000,38655,1.8211,0.0024,3.5628,4.319,0.0103,0.08,4.91,0.93,0.0,931.0,507,421,3,54,45,0,282.0,0.02,5.1e-05,31689.0,,,,
4254,8000,38672,1.8113,-0.0006,3.5485,4.221,0.0113,0.08,3.88,0.93,0.0,966.0,487,477,2,50,49,0,271.0,0.01,5.1e-05,31698.0,,,,
4255,8000,38688,1.8282,0.0131,3.5549,4.206,0.012,0.09,3.83,0.93,0.0,993.0,510,480,3,51,48,0,264.0,0.01,5.1e-05,31746.0,,,,
4256,8000,38705,1.8267,0.0113,3.5561,4.253,0.0102,0.08,4.6,0.94,0.0,969.0,472,492,5,49,51,1,271.0,0.01,5.1e-05,31695.0,,,,
4257,8000,38722,1.7882,0.0183,3.4651,4.227,0.0111,0.08,4.18,0.94,0.0,897.0,474,417,6,53,46,1,292.0,0.0,5.1e-05,31731.0,,,,
4258,8000,38738,1.8017,0.0176,3.4927,4.229,0.0122,0.08,4.0,0.94,0.0,930.0,475,450,5,51,48,1,282.0,0.01,5.1e-05,31679.0,,,,
4259,8000,38755,1.8073,0.0302,3.4798,4.312,0.0111,0.07,4.22,0.94,0.0,907.0,472,431,4,52,48,0,289.0,0.0,5.1e-05,31702.0,,,,
4260,8000,38771,1.7859,0.0226,3.4519,4.32,0.0135,0.08,4.16,0.95,0.0,880.0,438,439,3,50,50,0,298.0,0.01,5.1e-05,31684.0,,,,
4261,8000,38789,1.795,0.011,3.4935,4.358,0.0133,0.08,4.3,0.93,0.0,850.0,407,439,4,48,52,0,308.0,0.0,5.1e-05,30550.0,,,,
4262,8000,38805,1.7214,0.0257,3.3199,4.64,0.0099,0.07,5.98,0.95,0.0,672.0,310,353,9,46,53,1,390.0,0.01,5.1e-05,31689.0,,,,
4263,8000,38822,1.6646,0.0251,3.2087,4.83,0.0078,0.05,6.31,0.96,0.0,500.0,261,233,6,52,47,1,524.0,0.01,5.1e-05,31712.0,,,,
4264,8000,38838,1.6879,0.0243,3.257,4.784,0.0093,0.06,6.56,0.96,0.0,552.0,280,262,10,51,47,2,475.0,0.02,5.1e-05,31697.0,,,,
4265,8000,38855,1.6485,0.012,3.2083,4.682,0.0095,0.07,6.63,0.97,0.0,562.0,273,254,35,49,45,6,466.0,0.04,5.1e-05,31670.0,,,,
4266,8000,38872,1.6457,0.0071,3.2117,4.682,0.008,0.05,8.33,0.97,0.0,607.0,282,287,38,46,47,6,432.0,0.02,5.1e-05,31738.0,,,,
4267,8000,38888,1.6806,0.0089,3.2762,4.591,0.01,0.07,5.17,0.96,0.0,661.0,309,313,39,47,47,6,397.0,0.01,5.1e-05,31700.0,,,,
4268,8000,38905,1.6779,0.0098,3.268,4.623,0.0113,0.07,5.64,0.96,0.0,689.0,357,289,43,52,42,6,380.0,0.01,5.1e-05,31684.0,,,,
4269,8000,38921,1.6656,0.0085,3.2468,4.679,0.0131,0.07,5.17,0.96,0.0,736.0,347,354,35,47,48,5,356.0,0.02,5.1e-05,31687.0,,,,
4270,8000,38938,1.7047,0.0044,3.3326,4.692,0.0136,0.07,6.25,0.95,0.0,707.0,359,314,34,51,44,5,371.0,0.02,5.1e-05,31782.0,,,,
4271,8000,38955,1.6735,-0.0077,3.2926,4.686,0.0082,0.06,6.84,0.95,0.0,717.0,387,308,22,54,43,3,366.0,0.02,5.1e-05,31750.0,,,,
4272,8000,38971,1.6821,0.0068,3.2815,4.728,0.0127,0.07,4.74,0.95,0.0,703.0,371,306,26,53,44,4,373.0,0.02,5.1e-05,31715.0,,,,
4273,8000,38988,1.6604,-0.004,3.2584,4.722,0.0106,0.07,4.46,0.95,0.0,678.0,341,317,20,50,47,3,387.0,0.02,5.1e-05,31688.0,,,,
4274,8000,39004,1.7136,0.0078,3.34,4.616,0.0107,0.07,4.8,0.95,0.0,752.0,345,388,19,46,52,3,349.0,0.03,5.1e-05,31758.0,,,,
4275,8000,39021,1.6931,0.0175,3.2815,4.671,0.0114,0.08,5.16,0.96,0.0,728.0,320,376,32,44,52,4,360.0,0.01,5.1e-05,31689.0,,,,
4276,8000,39038,1.6556,0.0149,3.2117,4.674,0.01,0.07,4.95,0.96,0.0,667.0,286,353,28,43,53,4,393.0,0.02,5.1e-05,31686.0,,,,
4277,8000,39054,1.672,0.0015,3.27,4.54,0.0107,0.07,6.62,0.95,0.0,656.0,300,329,27,46,50,4,400.0,0.03,5.1e-05,31712.0,,,,
4278,8000,39071,1.6764,0.0032,3.2744,4.547,0.0085,0.06,9.54,0.96,0.0,660.0,293,348,19,44,53,3,397.0,0.02,5.1e-05,31672.0,,,,
4279,8000,39087,1.6655,0.0113,3.239,4.581,0.0094,0.06,10.43,0.96,0.0,631.0,281,319,31,45,51,5,415.0,0.02,5.1e-05,31693.0,,,,
4280,8000,39104,1.6423,0.0116,3.1906,4.647,0.0099,0.07,7.28,0.96,0.0,604.0,281,306,17,47,51,3,434.0,0.02,5.1e-05,31741.0,,,,
4281,8000,39121,1.7754,0.0304,3.4179,4.53,0.0097,0.07,9.21,0.94,0.0,653.0,301,324,28,46,50,4,401.0,0.02,5.1e-05,30649.0,,,,
4282,8000,39138,1.7553,0.0301,3.3789,4.574,0.0092,0.06,10.65,0.95,0.0,682.0,308,359,15,45,53,2,384.0,0.02,5.1e-05,31718.0,,,,
4283,8000,39154,1.7281,0.0444,3.2962,4.617,0.013,0.08,5.65,0.95,0.0,633.0,283,330,20,45,52,3,414.0,0.01,5.1e-05,31765.0,,,,
4284,8000,39171,1.6993,0.0251,3.2772,4.575,0.0113,0.07,7.45,0.95,0.0,599.0,269,306,24,45,51,4,438.0,0.03,5.1e-05,31760.0,,,,
4285,8000,39188,1.6929,0.0178,3.2801,4.616,0.0098,0.06,8.57,0.96,0.0,635.0,300,302,33,47,48,5,413.0,0.04,5.1e-05,31692.0,,,,
4286,8000,39204,1.6761,0.0207,3.2409,4.565,0.013,0.08,5.13,0.96,0.0,703.0,336,336,31,48,48,4,373.0,0.02,5.1e-05,31752.0,,,,
4287,8000,39221,1.6991,0.0159,3.2971,4.533,0.0111,0.08,5.69,0.96,0.0,818.0,359,423,36,44,52,4,320.0,0.02,5.1e-05,31715.0,,,,
4288,8000,39237,1.7225,0.0283,3.3171,4.532,0.0133,0.08,5.42,0.95,0.0,763.0,347,392,24,45,51,3,344.0,0.01,5.1e-05,31704.0,,,,
4289,8000,39254,1.6742,0.0249,3.2274,4.577,0.012,0.08,6.5,0.96,0.0,652.0,292,341,19,45,52,3,402.0,0.01,5.1e-05,31690.0,,,,
4290,8000,39271,1.6405,0.0128,3.1851,4.685,0.0119,0.08,4.74,0.96,0.0,576.0,299,256,21,52,44,4,455.0,0.01,5e-05,31704.0,,,,
4291,8000,39287,1.6355,0.0111,3.1815,4.662,0.0131,0.08,4.65,0.96,0.0,568.0,248,279,41,44,49,7,462.0,0.01,5e-05,31769.0,,,,
4292,8000,39304,1.6715,0.0156,3.2437,4.614,0.0112,0.08,4.47,0.96,0.0,622.0,263,316,43,42,51,7,421.0,0.02,5e-05,31703.0,,,,
4293,8000,39320,1.6305,0.0097,3.1726,4.536,0.012,0.08,5.26,0.96,0.0,590.0,300,252,38,51,43,6,444.0,0.02,5e-05,31712.0,,,,
4294,8000,39337,1.5917,0.0103,3.0952,4.698,0.0102,0.07,3.84,0.97,0.0,557.0,271,255,31,49,46,6,471.0,0.02,5e-05,31690.0,,,,
4295,8000,39354,1.581,0.0028,3.0878,4.693,0.0106,0.07,5.78,0.97,0.0,501.0,252,224,25,50,45,5,523.0,0.02,5e-05,31712.0,,,,
4296,8000,39370,1.6467,0.0174,3.1941,4.652,0.0099,0.07,5.81,0.96,0.0,560.0,285,232,43,51,41,8,468.0,0.03,5e-05,31721.0,,,,
4297,8000,39387,1.6822,0.0255,3.2443,4.506,0.0112,0.08,4.52,0.95,0.0,625.0,302,279,44,48,45,7,419.0,0.04,5e-05,31716.0,,,,
4298,8000,39403,1.6987,0.0309,3.2641,4.483,0.0108,0.07,4.4,0.95,0.0,667.0,350,290,27,52,43,4,393.0,0.04,5e-05,31742.0,,,,
4299,8000,39420,1.681,0.0149,3.2609,4.642,0.0119,0.08,3.69,0.95,0.0,683.0,351,318,14,51,47,2,384.0,0.04,5e-05,31690.0,100,0,412,20
4300,8000,39452,1.7149,0.0096,3.3373,4.478,0.0106,0.08,3.9,0.95,0.0,761.0,408,347,6,54,46,1,344.0,0.05,5e-05,31839.0,,,,
4301,8000,39469,1.8374,-0.0017,3.6045,4.429,0.0114,0.08,5.96,0.93,0.0,834.0,413,415,6,50,50,1,314.0,0.04,5e-05,30626.0,,,,
4302,8000,39486,1.8053,0.0122,3.5116,4.276,0.0152,0.1,3.83,0.93,0.0,895.0,398,492,5,44,55,1,293.0,0.02,5e-05,31683.0,,,,
4303,8000,39502,1.8192,0.0131,3.5368,4.263,0.0121,0.09,4.39,0.93,0.0,915.0,411,501,3,45,55,0,286.0,0.03,5e-05,31685.0,,,,
4304,8000,39519,1.7522,0.0033,3.4234,4.394,0.0117,0.08,3.58,0.94,0.0,804.0,437,364,3,54,45,0,326.0,0.04,5e-05,31752.0,,,,
4305,8000,39535,1.7182,0.006,3.3497,4.455,0.0097,0.07,5.2,0.94,0.0,700.0,361,324,15,52,46,2,374.0,0.03,5e-05,31697.0,,,,
4306,8000,39552,1.6719,0.0011,3.2673,4.489,0.0089,0.07,5.4,0.95,0.0,606.0,262,335,9,43,55,1,433.0,0.03,5e-05,31744.0,,,,
4307,8000,39569,1.6648,-0.0062,3.2678,4.493,0.0093,0.07,6.76,0.95,0.0,658.0,285,363,10,43,55,2,398.0,0.03,5e-05,31734.0,,,,
4308,8000,39585,1.6764,-0.0092,3.2969,4.382,0.0105,0.08,5.19,0.95,0.0,673.0,301,359,13,45,53,2,390.0,0.02,5e-05,31699.0,,,,
4309,8000,39602,1.647,-0.018,3.2562,4.439,0.0121,0.08,3.44,0.95,0.0,698.0,317,363,18,45,52,3,376.0,0.02,5e-05,31676.0,,,,
4310,8000,39618,1.59,-0.0148,3.1365,4.566,0.0129,0.08,2.95,0.96,0.0,568.0,240,307,21,42,54,4,462.0,0.02,5e-05,31692.0,,,,
4311,8000,39635,1.553,-0.0258,3.0852,4.565,0.0121,0.08,2.78,0.96,0.0,541.0,239,275,27,44,51,5,485.0,0.02,5e-05,31694.0,,,,
4312,8000,39652,1.5647,-0.0196,3.0957,4.524,0.0099,0.07,3.91,0.96,0.0,460.0,232,197,31,50,43,7,570.0,0.01,5e-05,31687.0,,,,
4313,8000,39668,1.6029,-0.0181,3.175,4.429,0.0094,0.07,4.78,0.96,0.0,552.0,235,260,57,43,47,10,475.0,0.02,5e-05,31701.0,,,,
4314,8000,39685,1.6257,-0.0127,3.2079,4.394,0.0105,0.08,4.58,0.96,0.0,629.0,268,316,45,43,50,7,417.0,0.02,5e-05,31693.0,,,,
4315,8000,39701,1.6626,0.0023,3.2523,4.376,0.0121,0.08,4.23,0.95,0.0,651.0,287,319,45,44,49,7,403.0,0.02,5e-05,31688.0,,,,
4316,8000,39718,1.6901,0.0151,3.2779,4.291,0.0131,0.09,3.16,0.95,0.0,640.0,284,333,23,44,52,4,410.0,0.01,5e-05,31675.0,,,,
4317,8000,39735,1.7263,0.005,3.3707,4.19,0.011,0.08,6.52,0.94,0.0,694.0,307,364,23,44,52,3,378.0,0.01,5e-05,31680.0,,,,
4318,8000,39751,1.7028,0.0043,3.3267,4.265,0.007,0.06,5.85,0.94,0.0,717.0,338,351,28,47,49,4,366.0,0.02,5e-05,31726.0,,,,
4319,8000,39768,1.6688,0.0047,3.2569,4.414,0.0103,0.08,3.64,0.95,0.0,670.0,295,358,17,44,53,3,391.0,0.02,5e-05,31766.0,,,,
4320,8000,39784,1.6867,0.0089,3.2847,4.384,0.0131,0.09,3.55,0.94,0.0,716.0,318,382,16,44,53,2,366.0,0.03,5e-05,31688.0,,,,
4321,8000,39802,1.7902,0.0109,3.4842,4.303,0.0127,0.09,3.68,0.92,0.0,730.0,375,348,7,51,48,1,359.0,0.02,5e-05,30564.0,,,,
4322,8000,39818,1.7477,-0.0049,3.4307,4.29,0.0126,0.09,2.8,0.93,0.0,804.0,434,358,12,54,45,1,326.0,0.03,5e-05,31750.0,,,,
4323,8000,39835,1.7952,0.0078,3.499,4.223,0.0126,0.09,3.19,0.93,0.0,925.0,495,424,6,54,46,1,283.0,0.03,5e-05,31701.0,,,,
4324,8000,39852,1.7968,0.0282,3.4628,4.336,0.0145,0.08,3.08,0.93,0.0,1010.0,560,443,7,55,44,1,260.0,0.03,5e-05,31734.0,,,,
4325,8000,39868,1.7805,0.0112,3.4635,4.3,0.0129,0.08,3.69,0.94,0.0,982.0,510,468,4,52,48,0,267.0,0.04,5e-05,31703.0,,,,
4326,8000,39885,1.7516,0.0088,3.4105,4.307,0.0135,0.09,2.92,0.94,0.0,940.0,507,431,2,54,46,0,279.0,0.02,5e-05,31705.0,,,,
4327,8000,39901,1.7977,0.0161,3.4878,4.284,0.0105,0.08,3.4,0.94,0.0,1018.0,550,466,2,54,46,0,258.0,0.01,5e-05,31726.0,,,,
4328,8000,39918,1.7465,0.0116,3.3942,4.295,0.0112,0.08,2.84,0.94,0.0,902.0,499,401,2,55,44,0,291.0,0.01,5e-05,31699.0,,,,
4329,8000,39935,1.6863,-0.0061,3.3093,4.288,0.0108,0.08,4.88,0.96,0.0,851.0,468,381,2,55,45,0,308.0,0.01,5e-05,31773.0,,,,
4330,8000,39951,1.7621,0.0015,3.4457,4.325,0.0104,0.07,10.71,0.95,0.0,858.0,450,407,1,52,47,0,306.0,0.02,5e-05,31685.0,,,,
4331,8000,39968,1.752,0.0149,3.3978,4.219,0.0122,0.08,4.86,0.95,0.0,866.0,480,383,3,55,44,0,303.0,0.02,5e-05,31766.0,,,,
4332,8000,39984,1.7935,0.0283,3.4542,4.201,0.0132,0.09,3.28,0.94,0.0,976.0,527,444,5,54,45,1,269.0,0.02,5e-05,31709.0,,,,
4333,8000,40001,1.7988,0.0225,3.4761,4.144,0.0121,0.07,4.7,0.95,0.0,957.0,490,464,3,51,48,0,274.0,0.01,5e-05,31702.0,,,,
4334,8000,40018,1.8028,0.0192,3.4903,4.127,0.0117,0.08,4.33,0.94,0.0,978.0,511,462,5,52,47,1,268.0,0.02,5e-05,31700.0,,,,
4335,8000,40034,1.8369,0.0178,3.5606,4.073,0.0123,0.08,6.61,0.94,0.0,1035.0,555,480,0,54,46,0,253.0,0.01,5e-05,31686.0,,,,
4336,8000,40051,1.7949,-0.001,3.515,4.182,0.0123,0.08,8.86,0.95,0.0,1029.0,515,511,3,50,50,0,255.0,0.01,5e-05,31701.0,,,,
4337,8000,40067,1.796,0.0048,3.506,4.229,0.0124,0.08,3.3,0.95,0.0,1033.0,543,488,2,53,47,0,254.0,0.01,5e-05,31684.0,,,,
4338,8000,40084,1.7946,-0.0021,3.5182,4.332,0.0145,0.09,3.27,0.94,0.0,1138.0,557,579,2,49,51,0,230.0,0.0,5e-05,31765.0,,,,
4339,8000,40100,1.8093,-0.0067,3.5563,4.296,0.0213,0.09,4.1,0.94,0.0,1222.0,587,635,0,48,52,0,215.0,0.01,5e-05,31740.0,,,,
4340,8000,40117,1.8096,0.0147,3.5153,4.402,0.0149,0.09,2.77,0.94,0.0,1125.0,569,553,3,51,49,0,233.0,0.01,5e-05,31766.0,,,,
4341,8000,40134,1.7913,0.0001,3.5067,4.216,0.0164,0.09,2.6,0.93,0.0,1049.0,551,497,1,53,47,0,250.0,0.01,5e-05,30619.0,,,,
4342,8000,40151,1.7476,-0.0241,3.4677,4.256,0.0126,0.09,2.96,0.94,0.0,1007.0,600,406,1,60,40,0,260.0,0.01,5e-05,31744.0,,,,
4343,8000,40167,1.75,-0.0308,3.4864,4.275,0.0136,0.1,2.88,0.94,0.0,1012.0,578,433,1,57,43,0,259.0,0.0,5e-05,31729.0,,,,
4344,8000,40184,1.7832,-0.0119,3.5151,4.284,0.0126,0.09,4.24,0.94,0.0,1101.0,602,499,0,55,45,0,238.0,0.01,5e-05,31747.0,,,,
4345,8000,40201,1.8248,0.014,3.5456,4.159,0.0174,0.1,2.89,0.93,0.0,1161.0,585,575,1,50,50,0,226.0,0.02,5e-05,31768.0,,,,
4346,8000,40217,1.8666,-0.0015,3.6606,4.226,0.0154,0.08,28.9,0.94,0.0,1119.0,621,497,1,55,44,0,234.0,0.02,5e-05,31735.0,,,,
4347,8000,40234,1.7825,0.0218,3.4457,4.171,0.0132,0.09,4.24,0.94,0.0,936.0,519,411,6,55,44,1,280.0,0.02,5e-05,31757.0,,,,
4348,8000,40250,1.8293,0.0331,3.5156,4.108,0.0112,0.08,4.11,0.94,0.0,880.0,429,450,1,49,51,0,298.0,0.03,5e-05,31736.0,,,,
4349,8000,40267,1.8214,0.0533,3.4596,4.136,0.017,0.09,3.27,0.93,0.0,899.0,467,427,5,52,47,1,292.0,0.02,5e-05,31742.0,137,0,375,27
4350,8000,40299,1.8,0.0336,3.4555,4.027,0.0139,0.1,3.27,0.93,0.0,762.0,358,398,6,47,52,1,344.0,0.01,5e-05,31871.0,,,,
4351,8000,40315,1.874,0.0453,3.5801,3.998,0.0136,0.1,3.14,0.93,0.0,907.0,426,481,0,47,53,0,289.0,0.02,5e-05,31755.0,,,,
4352,8000,40332,1.7956,0.0308,3.4532,4.123,0.014,0.1,2.52,0.94,0.0,900.0,418,481,1,46,53,0,291.0,0.02,5e-05,31786.0,,,,
4353,8000,40348,1.706,0.017,3.3042,4.401,0.0109,0.08,2.7,0.96,0.0,751.0,325,421,5,43,56,1,349.0,0.02,5e-05,31752.0,,,,
4354,8000,40365,1.6329,0.0073,3.1778,4.572,0.0115,0.08,3.1,0.97,0.0,647.0,298,348,1,46,54,0,405.0,0.01,5e-05,31738.0,,,,
4355,8000,40382,1.6358,0.0067,3.1849,4.56,0.0106,0.07,3.6,0.97,0.0,582.0,243,336,3,42,58,1,450.0,0.01,5e-05,31736.0,,,,
4356,8000,40398,1.6202,0.0181,3.1317,4.548,0.0108,0.08,3.36,0.98,0.0,519.0,211,302,6,41,58,1,505.0,0.01,5e-05,31752.0,,,,
4357,8000,40415,1.6562,0.0018,3.2383,4.366,0.01,0.07,4.7,0.97,0.0,607.0,247,339,21,41,56,3,432.0,0.01,5e-05,31746.0,,,,
4358,8000,40431,1.7749,0.0178,3.448,4.231,0.0128,0.09,5.12,0.96,0.0,930.0,389,494,47,42,53,5,282.0,0.01,5e-05,31757.0,,,,
4359,8000,40448,1.8228,0.0226,3.527,4.197,0.0122,0.09,5.01,0.94,0.0,991.0,403,569,19,41,57,2,265.0,0.01,5e-05,31737.0,,,,
4360,8000,40464,1.8299,0.0203,3.5436,4.145,0.0134,0.09,3.17,0.94,0.0,1040.0,455,582,3,44,56,0,252.0,0.02,5e-05,31736.0,,,,
4361,8000,40482,1.8759,0.0163,3.6434,4.176,0.0161,0.08,2.71,0.91,0.0,1135.0,438,697,0,39,61,0,231.0,0.03,5e-05,30581.0,,,,
4362,8000,40498,1.8415,0.0146,3.5782,4.263,0.0137,0.08,3.38,0.91,0.0,1019.0,432,586,1,42,58,0,257.0,0.03,5e-05,31700.0,,,,
4363,8000,40515,1.8245,-0.0067,3.5867,4.227,0.0094,0.07,4.69,0.92,0.0,967.0,459,508,0,47,53,0,271.0,0.03,5e-05,31719.0,,,,
4364,8000,40531,1.8576,0.012,3.615,4.162,0.0133,0.08,3.22,0.91,0.0,1111.0,492,619,0,44,56,0,236.0,0.02,5e-05,31708.0,,,,
4365,8000,40548,1.8727,0.0325,3.6031,4.048,0.0148,0.09,3.04,0.91,0.0,1093.0,516,576,1,47,53,0,240.0,0.01,5e-05,31711.0,,,,
4366,8000,40565,1.857,0.0236,3.5905,4.134,0.0128,0.08,3.44,0.92,0.0,1148.0,547,599,2,48,52,0,228.0,0.01,5e-05,31654.0,,,,
4367,8000,40581,1.8604,0.0419,3.5616,4.181,0.0132,0.09,4.78,0.93,0.0,1250.0,556,690,4,44,55,0,210.0,0.01,5e-05,31664.0,,,,
4368,8000,40598,1.8006,0.0076,3.5109,4.203,0.0119,0.08,3.31,0.94,0.0,1121.0,505,610,6,45,54,1,234.0,0.01,5e-05,31661.0,,,,
4369,8000,40614,1.8366,0.016,3.5656,4.121,0.0114,0.08,4.86,0.94,0.0,1074.0,496,573,5,46,53,0,244.0,0.01,4.9e-05,31683.0,,,,
4370,8000,40631,1.8313,0.008,3.5701,4.018,0.0138,0.09,4.48,0.93,0.0,1197.0,612,582,3,51,49,0,219.0,0.02,4.9e-05,31684.0,,,,
4371,8000,40648,1.8787,0.0379,3.6047,3.987,0.0143,0.09,2.99,0.93,0.0,1225.0,571,653,1,47,53,0,214.0,0.01,4.9e-05,31734.0,,,,
4372,8000,40664,1.846,0.0051,3.605,4.033,0.0107,0.08,9.72,0.93,0.0,1171.0,540,631,0,46,54,0,224.0,0.01,4.9e-05,31704.0,,,,
4373,8000,40681,1.7795,-0.0059,3.4943,4.071,0.0133,0.08,7.0,0.94,0.0,1088.0,536,548,4,49,50,0,241.0,0.01,4.9e-05,31685.0,,,,
4374,8000,40697,1.852,0.0273,3.5734,4.139,0.0129,0.08,4.88,0.93,0.0,1122.0,602,520,0,54,46,0,234.0,0.01,4.9e-05,31666.0,,,,
4375,8000,40714,1.8155,0.0315,3.4927,4.188,0.0114,0.08,3.7,0.94,0.0,1034.0,513,517,4,50,50,0,254.0,0.01,4.9e-05,31684.0,,,,
4376,8000,40731,1.7485,0.0047,3.4127,4.298,0.0114,0.07,7.01,0.94,0.0,964.0,517,446,1,54,46,0,272.0,0.01,4.9e-05,31743.0,,,,
4377,8000,40747,1.7434,-0.0071,3.4266,4.307,0.0087,0.07,6.82,0.94,0.0,832.0,409,419,4,49,50,0,315.0,0.02,4.9e-05,31695.0,,,,
4378,8000,40764,1.6981,0.0012,3.3203,4.401,0.0106,0.07,8.69,0.95,0.0,762.0,353,398,11,46,52,1,344.0,0.03,4.9e-05,31689.0,,,,
4379,8000,40780,1.6983,0.001,3.3232,4.476,0.0074,0.05,9.85,0.96,0.0,717.0,363,336,18,51,47,3,366.0,0.03,4.9e-05,31764.0,,,,
4380,8000,40797,1.7011,-0.0006,3.3323,4.396,0.0094,0.06,10.3,0.96,0.0,653.0,320,303,30,49,46,5,401.0,0.03,4.9e-05,31739.0,,,,
4381,8000,40814,1.6981,0.0116,3.3034,4.443,0.0131,0.08,5.31,0.95,0.0,628.0,269,329,30,43,52,5,417.0,0.03,4.9e-05,30564.0,,,,
4382,8000,40831,1.6381,0.0199,3.1685,4.579,0.016,0.09,3.97,0.95,0.0,533.0,294,205,34,55,38,6,492.0,0.03,4.9e-05,31721.0,,,,
4383,8000,40847,1.6626,0.0097,3.2368,4.574,0.0135,0.08,4.64,0.94,0.0,520.0,274,215,31,53,41,6,504.0,0.04,4.9e-05,31767.0,,,,
4384,8000,40864,1.7063,-0.002,3.3432,4.522,0.0101,0.07,20.94,0.95,0.0,491.0,214,262,15,44,53,3,534.0,0.06,4.9e-05,31701.0,,,,
4385,8000,40881,1.6419,0.0148,3.1817,4.418,0.0121,0.08,7.19,0.95,0.0,460.0,204,219,37,44,48,8,570.0,0.07,4.9e-05,31694.0,,,,
4386,8000,40897,1.6749,0.0273,3.2261,4.438,0.0161,0.09,4.12,0.94,0.0,564.0,227,289,48,40,51,9,465.0,0.06,4.9e-05,31704.0,,,,
4387,8000,40914,1.6951,0.0194,3.2792,4.484,0.0127,0.08,5.77,0.94,0.0,581.0,250,305,26,43,52,4,451.0,0.05,4.9e-05,31747.0,,,,
4388,8000,40930,1.6853,0.0173,3.2627,4.376,0.0116,0.08,5.77,0.95,0.0,604.0,286,297,21,47,49,3,434.0,0.05,4.9e-05,31785.0,,,,
4389,8000,40947,1.6836,0.0154,3.2634,4.411,0.0095,0.07,7.45,0.95,0.0,570.0,276,269,25,48,47,4,460.0,0.04,4.9e-05,31712.0,,,,
4390,8000,40963,1.6507,0.0115,3.2075,4.479,0.0098,0.07,8.38,0.95,0.0,519.0,261,225,33,50,43,6,505.0,0.03,4.9e-05,31787.0,,,,
4391,8000,40980,1.622,0.0194,3.1347,4.567,0.02,0.08,8.08,0.95,0.0,535.0,261,232,42,49,43,8,490.0,0.02,4.9e-05,31699.0,,,,
4392,8000,40997,1.6277,0.014,3.1584,4.623,0.0121,0.08,5.63,0.95,0.0,542.0,265,237,40,49,44,7,484.0,0.01,4.9e-05,31714.0,,,,
4393,8000,41013,1.6093,0.012,3.1297,4.702,0.0141,0.08,4.51,0.96,0.0,584.0,290,234,60,50,40,10,449.0,0.01,4.9e-05,31717.0,,,,
4394,8000,41030,1.6509,0.0251,3.1816,4.479,0.0154,0.08,7.16,0.95,0.0,597.0,294,256,47,49,43,8,439.0,0.02,4.9e-05,31718.0,,,,
4395,8000,41046,1.6583,0.0245,3.1981,4.558,0.0161,0.08,5.85,0.95,0.0,661.0,373,251,37,56,38,6,397.0,0.03,4.9e-05,31774.0,,,,
4396,8000,41063,1.6595,0.0058,3.2347,4.404,0.0171,0.09,4.49,0.95,0.0,677.0,344,305,28,51,45,4,387.0,0.04,4.9e-05,31783.0,,,,
4397,8000,41080,1.6432,0.013,3.1883,4.47,0.0133,0.08,6.89,0.95,0.0,649.0,344,282,23,53,43,4,404.0,0.05,4.9e-05,31794.0,,,,
4398,8000,41096,1.6958,0.0216,3.2761,4.468,0.0121,0.08,8.28,0.95,0.0,732.0,334,373,25,46,51,3,358.0,0.05,4.9e-05,31698.0,,,,
4399,8000,41113,1.8044,0.0354,3.4643,4.353,0.0098,0.07,9.79,0.94,0.0,835.0,451,366,18,54,44,2,314.0,0.06,4.9e-05,31723.0,53,4,455,10
4400,8000,41145,1.7484,0.0264,3.3707,4.396,0.02,0.11,3.6,0.95,0.0,956.0,481,468,7,50,49,1,274.0,0.05,4.9e-05,31842.0,,,,
4401,8000,41162,1.7429,0.023,3.3679,4.555,0.0142,0.09,4.12,0.94,0.0,681.0,380,292,9,56,43,1,385.0,0.06,4.9e-05,30592.0,,,,
4402,8000,41178,1.704,0.0161,3.3045,4.62,0.0109,0.08,5.4,0.94,0.0,568.0,322,235,11,57,41,2,462.0,0.09,4.9e-05,31719.0,,,,
4403,8000,41195,1.6953,0.014,3.2913,4.69,0.0105,0.08,4.26,0.94,0.0,569.0,299,262,8,53,46,1,461.0,0.1,4.9e-05,31720.0,,,,
4404,8000,41212,1.6421,0.0063,3.2019,4.832,0.0104,0.07,4.41,0.94,0.0,514.0,236,270,8,46,53,2,510.0,0.08,4.9e-05,31718.0,,,,
4405,8000,41228,1.5869,0.0018,3.1008,4.829,0.0115,0.08,3.42,0.95,0.0,481.0,236,229,16,49,48,3,545.0,0.07,4.9e-05,31720.0,,,,
4406,8000,41245,1.6156,0.0114,3.1393,4.833,0.0101,0.07,4.37,0.95,0.0,484.0,229,228,27,47,47,6,542.0,0.05,4.9e-05,31772.0,,,,
4407,8000,41261,1.6217,0.0161,3.1442,4.814,0.0116,0.09,3.26,0.94,0.0,500.0,258,203,39,52,41,8,524.0,0.05,4.9e-05,31705.0,,,,
4408,8000,41278,1.6357,0.0127,3.1796,4.819,0.0094,0.07,4.59,0.94,0.0,478.0,245,197,36,51,41,8,548.0,0.05,4.9e-05,31703.0,,,,
4409,8000,41294,1.5893,0.0121,3.0887,4.887,0.0087,0.06,4.08,0.95,0.0,467.0,226,211,30,48,45,6,561.0,0.04,4.9e-05,31707.0,,,,
4410,8000,41311,1.6028,0.0116,3.1136,4.82,0.0106,0.07,5.1,0.95,0.0,425.0,211,199,15,50,47,4,617.0,0.05,4.9e-05,31717.0,,,,
4411,8000,41328,1.6477,0.0105,3.2058,4.772,0.0096,0.07,3.99,0.94,0.0,515.0,262,228,25,51,44,5,509.0,0.06,4.9e-05,31782.0,,,,
4412,8000,41344,1.6584,-0.0045,3.2562,4.684,0.0106,0.08,4.16,0.94,0.0,557.0,275,256,26,49,46,5,471.0,0.06,4.9e-05,31732.0,,,,
4413,8000,41361,1.6815,0.0045,3.2828,4.656,0.0116,0.08,4.63,0.94,0.0,593.0,280,299,14,47,50,2,442.0,0.07,4.9e-05,31703.0,,,,
4414,8000,41377,1.6709,0.0033,3.2643,4.658,0.0101,0.07,3.84,0.95,0.0,633.0,333,280,20,53,44,3,414.0,0.06,4.9e-05,31719.0,,,,
4415,8000,41394,1.681,0.0047,3.2831,4.751,0.0105,0.07,4.07,0.95,0.0,614.0,308,293,13,50,48,2,427.0,0.07,4.9e-05,31775.0,,,,
4416,8000,41411,1.6316,-0.0074,3.2105,4.843,0.0098,0.07,4.08,0.96,0.0,642.0,317,297,28,49,46,4,408.0,0.06,4.9e-05,31711.0,,,,
4417,8000,41427,1.6547,0.0019,3.2368,4.756,0.0106,0.08,3.21,0.95,0.0,647.0,354,274,19,55,42,3,405.0,0.07,4.9e-05,31792.0,,,,
4418,8000,41444,1.6807,0.0119,3.2676,4.727,0.0102,0.07,4.36,0.95,0.0,649.0,326,311,12,50,48,2,404.0,0.08,4.9e-05,31717.0,,,,
4419,8000,41460,1.7324,0.0174,3.3588,4.576,0.0132,0.09,4.03,0.95,0.0,738.0,361,368,9,49,50,1,355.0,0.05,4.9e-05,31790.0,,,,
4420,8000,41477,1.7357,0.0176,3.3652,4.648,0.0109,0.08,4.12,0.95,0.0,746.0,376,360,10,50,48,1,351.0,0.04,4.9e-05,31702.0,,,,
4421,8000,41494,1.7973,0.0242,3.4753,4.614,0.0117,0.08,5.95,0.94,0.0,712.0,368,342,2,52,48,0,368.0,0.04,4.9e-05,30621.0,,,,
4422,8000,41511,1.8232,0.0232,3.5282,4.465,0.0104,0.08,4.57,0.93,0.0,776.0,442,329,5,57,42,1,338.0,0.04,4.9e-05,31731.0,,,,
4423,8000,41527,1.717,0.0123,3.3381,4.614,0.0099,0.07,5.4,0.94,0.0,645.0,321,322,2,50,50,0,406.0,0.04,4.9e-05,31734.0,,,,
4424,8000,41544,1.698,0.0044,3.3163,4.61,0.0114,0.08,4.83,0.94,0.0,650.0,337,309,4,52,48,1,403.0,0.03,4.9e-05,31749.0,,,,
4425,8000,41560,1.7421,0.0084,3.3966,4.545,0.0138,0.09,4.46,0.94,0.0,750.0,375,352,23,50,47,3,350.0,0.04,4.9e-05,31743.0,,,,
4426,8000,41577,1.7801,0.011,3.4681,4.485,0.0099,0.08,5.6,0.94,0.0,800.0,380,393,27,48,49,3,328.0,0.04,4.9e-05,31753.0,,,,
4427,8000,41594,1.7444,0.0171,3.3858,4.531,0.0131,0.08,2.9,0.94,0.0,786.0,396,358,32,50,46,4,334.0,0.04,4.9e-05,31752.0,,,,
4428,8000,41610,1.7735,0.0172,3.4432,4.496,0.011,0.08,4.71,0.94,0.0,827.0,457,341,29,55,41,4,317.0,0.03,4.9e-05,31756.0,,,,
4429,8000,41627,1.7457,0.0141,3.3929,4.593,0.0099,0.08,4.48,0.95,0.0,788.0,462,310,16,59,39,2,333.0,0.02,4.9e-05,31783.0,,,,
4430,8000,41643,1.7169,0.0091,3.3468,4.673,0.0107,0.08,3.7,0.95,0.0,753.0,445,294,14,59,39,2,348.0,0.02,4.9e-05,31754.0,,,,
4431,8000,41660,1.7367,0.0144,3.3773,4.635,0.0127,0.08,3.86,0.95,0.0,735.0,401,306,28,55,42,4,357.0,0.02,4.9e-05,31742.0,,,,
4432,8000,41676,1.7426,0.0153,3.3876,4.631,0.0101,0.07,4.43,0.95,0.0,764.0,408,331,25,53,43,3,343.0,0.02,4.9e-05,31755.0,,,,
4433,8000,41693,1.7295,0.0072,3.3781,4.722,0.0095,0.07,4.31,0.96,0.0,776.0,444,309,23,57,40,3,338.0,0.02,4.9e-05,31752.0,,,,
4434,8000,41710,1.7527,0.0012,3.4359,4.607,0.008,0.06,5.43,0.95,0.0,850.0,444,385,21,52,45,2,308.0,0.03,4.9e-05,31741.0,,,,
4435,8000,41726,1.7748,0.0088,3.4635,4.635,0.0121,0.08,3.74,0.95,0.0,860.0,501,349,10,58,41,1,305.0,0.04,4.9e-05,31779.0,,,,
4436,8000,41743,1.7571,0.0036,3.4383,4.554,0.0109,0.08,3.23,0.95,0.0,838.0,458,371,9,55,44,1,313.0,0.02,4.9e-05,31753.0,,,,
4437,8000,41759,1.7538,0.0125,3.4137,4.58,0.0101,0.08,4.56,0.96,0.0,808.0,422,378,8,52,47,1,324.0,0.03,4.9e-05,31747.0,,,,
4438,8000,41776,1.7783,0.0023,3.4834,4.55,0.0093,0.07,4.67,0.95,0.0,860.0,442,406,12,51,47,1,305.0,0.02,4.9e-05,31718.0,,,,
4439,8000,41792,1.7203,0.0078,3.3581,4.625,0.0102,0.08,3.67,0.95,0.0,754.0,390,350,14,52,46,2,348.0,0.02,4.9e-05,31769.0,,,,
4440,8000,41809,1.742,0.0035,3.4091,4.596,0.0106,0.08,3.3,0.95,0.0,804.0,401,390,13,50,49,2,326.0,0.03,4.9e-05,31758.0,,,,
4441,8000,41826,1.8207,-0.0077,3.588,4.552,0.0083,0.07,8.88,0.94,0.0,782.0,395,375,12,51,48,2,335.0,0.02,4.9e-05,30565.0,,,,
4442,8000,41843,1.7618,0.015,3.4253,4.657,0.0115,0.08,4.54,0.95,0.0,725.0,346,364,15,48,50,2,362.0,0.01,4.9e-05,31679.0,,,,
4443,8000,41859,1.7496,0.0134,3.4035,4.652,0.009,0.07,5.98,0.94,0.0,724.0,352,350,22,49,48,3,362.0,0.01,4.9e-05,31719.0,,,,
4444,8000,41876,1.7928,0.0123,3.4905,4.54,0.0108,0.08,3.54,0.94,0.0,868.0,386,464,18,44,53,2,302.0,0.02,4.9e-05,31749.0,,,,
4445,8000,41893,1.7895,0.0153,3.4761,4.459,0.0122,0.09,4.08,0.94,0.0,910.0,439,465,6,48,51,1,288.0,0.01,4.9e-05,31705.0,,,,
4446,8000,41909,1.8134,0.0167,3.5208,4.405,0.0127,0.09,5.0,0.94,0.0,878.0,430,446,2,49,51,0,299.0,0.03,4.9e-05,31692.0,,,,
4447,8000,41926,1.7834,0.007,3.4802,4.409,0.0105,0.08,4.37,0.95,0.0,888.0,411,476,1,46,54,0,295.0,0.02,4.9e-05,31710.0,,,,
4448,8000,41942,1.8302,0.0193,3.548,4.277,0.014,0.09,5.07,0.94,0.0,973.0,453,518,2,47,53,0,269.0,0.02,4.9e-05,31766.0,,,,
4449,8000,41959,1.8264,0.0255,3.5285,4.34,0.0113,0.07,5.38,0.95,0.0,934.0,452,481,1,48,51,0,281.0,0.02,4.9e-05,31693.0,86,1,425,17
4450,8000,41991,1.7916,0.0214,3.4679,4.461,0.0126,0.08,5.04,0.95,0.0,860.0,417,442,1,48,51,0,305.0,0.01,4.9e-05,31841.0,,,,
4451,8000,42008,1.7815,0.0194,3.4514,4.414,0.0127,0.08,3.86,0.95,0.0,884.0,429,455,0,49,51,0,297.0,0.01,4.8e-05,31703.0,,,,
4452,8000,42024,1.8158,0.0156,3.5269,4.356,0.0135,0.09,4.31,0.95,0.0,962.0,448,512,2,47,53,0,272.0,0.01,4.8e-05,31700.0,,,,
4453,8000,42041,1.7813,0.007,3.475,4.358,0.0128,0.08,3.85,0.95,0.0,874.0,431,443,0,49,51,0,300.0,0.0,4.8e-05,31712.0,,,,
4454,8000,42057,1.756,0.0021,3.4343,4.351,0.0116,0.07,3.96,0.95,0.0,839.0,402,436,1,48,52,0,312.0,0.01,4.8e-05,31707.0,,,,
4455,8000,42074,1.747,-0.0009,3.4228,4.395,0.0112,0.08,4.53,0.95,0.0,887.0,451,434,2,51,49,0,296.0,0.01,4.8e-05,31709.0,,,,
4456,8000,42091,1.7727,-0.0028,3.4777,4.348,0.0121,0.08,4.06,0.95,0.0,942.0,451,489,2,48,52,0,278.0,0.01,4.8e-05,31700.0,,,,
4457,8000,42107,1.8023,0.0055,3.5198,4.305,0.0108,0.08,5.46,0.95,0.0,892.0,420,471,1,47,53,0,294.0,0.01,4.8e-05,31688.0,,,,
4458,8000,42124,1.8334,0.0175,3.5572,4.209,0.0127,0.08,3.96,0.94,0.0,953.0,436,515,2,46,54,0,275.0,0.0,4.8e-05,31709.0,,,,
4459,8000,42140,1.8416,0.0194,3.5693,4.17,0.0098,0.08,5.92,0.94,0.0,936.0,474,462,0,51,49,0,280.0,0.0,4.8e-05,31689.0,,,,
4460,8000,42157,1.8208,0.0215,3.524,4.231,0.0095,0.07,6.92,0.94,0.0,898.0,464,433,1,52,48,0,292.0,0.0,4.8e-05,31695.0,,,,
4461,8000,42174,1.8299,0.0206,3.5453,4.359,0.0126,0.08,3.59,0.93,0.0,912.0,387,524,1,42,57,0,287.0,0.03,4.8e-05,30607.0,,,,
4462,8000,42191,1.8348,0.0351,3.5269,4.512,0.0104,0.07,16.63,0.94,0.0,791.0,357,430,4,45,54,1,331.0,0.06,4.8e-05,31723.0,,,,
4463,8000,42207,1.7805,0.0524,3.3841,4.557,0.009,0.07,5.99,0.95,0.0,678.0,347,328,3,51,48,0,387.0,0.08,4.8e-05,31725.0,,,,
4464,8000,42224,1.7776,0.0426,3.3979,4.517,0.0101,0.07,5.87,0.95,0.0,698.0,341,353,4,49,51,1,376.0,0.04,4.8e-05,31731.0,,,,
4465,8000,42241,1.8019,0.0485,3.434,4.425,0.0107,0.07,5.82,0.95,0.0,761.0,343,418,0,45,55,0,344.0,0.04,4.8e-05,31735.0,,,,
4466,8000,42257,1.8271,0.0362,3.5087,4.38,0.0118,0.08,4.84,0.94,0.0,886.0,424,461,1,48,52,0,296.0,0.05,4.8e-05,31724.0,,,,
4467,8000,42274,1.8051,0.0394,3.4596,4.545,0.012,0.07,5.73,0.95,0.0,806.0,391,413,2,49,51,0,325.0,0.05,4.8e-05,31727.0,,,,
4468,8000,42290,1.7471,0.0231,3.3768,4.607,0.0105,0.08,4.64,0.95,0.0,742.0,408,333,1,55,45,0,353.0,0.05,4.8e-05,31716.0,,,,
4469,8000,42307,1.7474,0.0284,3.3668,4.557,0.0122,0.08,4.67,0.95,0.0,726.0,387,335,4,53,46,1,361.0,0.05,4.8e-05,31726.0,,,,
4470,8000,42324,1.7991,0.0446,3.4373,4.538,0.0078,0.06,8.23,0.95,0.0,805.0,402,402,1,50,50,0,326.0,0.03,4.8e-05,31723.0,,,,
4471,8000,42340,1.8656,0.045,3.5687,4.427,0.0073,0.06,11.66,0.95,0.0,812.0,419,391,2,52,48,0,323.0,0.03,4.8e-05,31723.0,,,,
4472,8000,42357,1.8491,0.0538,3.5173,4.336,0.0154,0.09,5.39,0.94,0.0,905.0,463,439,3,51,49,0,290.0,0.02,4.8e-05,31700.0,,,,
4473,8000,42373,1.8608,0.051,3.5461,4.312,0.0122,0.09,4.9,0.94,0.0,937.0,481,455,1,51,49,0,280.0,0.02,4.8e-05,31738.0,,,,
4474,8000,42390,1.8495,0.0702,3.485,4.345,0.0121,0.09,4.38,0.94,0.0,907.0,473,434,0,52,48,0,289.0,0.02,4.8e-05,31700.0,,,,
4475,8000,42406,1.8455,0.0703,3.4778,4.37,0.0134,0.09,3.5,0.94,0.0,894.0,455,437,2,51,49,0,293.0,0.02,4.8e-05,31766.0,,,,
4476,8000,42423,1.8717,0.0717,3.5271,4.379,0.0109,0.08,10.65,0.95,0.0,844.0,427,415,2,51,49,0,311.0,0.02,4.8e-05,31709.0,,,,
4477,8000,42440,1.8609,0.0702,3.5082,4.362,0.0096,0.07,6.37,0.94,0.0,898.0,466,429,3,52,48,0,292.0,0.03,4.8e-05,31781.0,,,,
4478,8000,42456,1.8837,0.0671,3.5608,4.329,0.0121,0.08,7.0,0.94,0.0,923.0,526,393,4,57,43,0,284.0,0.02,4.8e-05,31769.0,,,,
4479,8000,42473,1.8817,0.0608,3.5699,4.34,0.0109,0.08,6.5,0.94,0.0,975.0,504,465,6,52,48,1,269.0,0.02,4.8e-05,31723.0,,,,
4480,8000,42489,1.8913,0.0653,3.5795,4.246,0.0152,0.09,6.18,0.94,0.0,950.0,492,451,7,52,47,1,276.0,0.02,4.8e-05,31776.0,,,,
4481,8000,42507,1.8711,0.0585,3.5524,4.329,0.0127,0.08,5.87,0.94,0.0,820.0,409,408,3,50,50,0,320.0,0.03,4.8e-05,30677.0,,,,
4482,8000,42523,1.8539,0.0446,3.5456,4.305,0.0156,0.1,4.13,0.93,0.0,889.0,427,456,6,48,51,1,295.0,0.03,4.8e-05,31741.0,,,,
4483,8000,42540,1.8541,0.0434,3.5496,4.383,0.0109,0.09,6.58,0.93,0.0,860.0,415,439,6,48,51,1,305.0,0.04,4.8e-05,31731.0,,,,
4484,8000,42556,1.8436,0.0565,3.5021,4.411,0.0136,0.09,5.09,0.93,0.0,867.0,433,429,5,50,49,1,302.0,0.04,4.8e-05,31750.0,,,,
4485,8000,42573,1.8889,0.048,3.6078,4.231,0.0128,0.09,6.26,0.93,0.0,970.0,470,497,3,48,51,0,270.0,0.04,4.8e-05,31735.0,,,,
4486,8000,42589,1.8464,0.043,3.5329,4.219,0.0139,0.09,3.93,0.93,0.0,985.0,490,491,4,50,50,0,266.0,0.02,4.8e-05,31735.0,,,,
4487,8000,42606,1.8699,0.0397,3.5865,4.22,0.0123,0.08,9.38,0.93,0.0,952.0,465,483,4,49,51,0,275.0,0.02,4.8e-05,31744.0,,,,
4488,8000,42623,1.8141,0.0335,3.4875,4.208,0.0172,0.1,3.19,0.94,0.0,991.0,498,489,4,50,49,0,265.0,0.01,4.8e-05,31775.0,,,,
4489,8000,42639,1.8355,0.0422,3.5128,4.204,0.015,0.1,4.42,0.94,0.0,945.0,506,435,4,54,46,0,277.0,0.01,4.8e-05,31722.0,,,,
4490,8000,42656,1.8187,0.0437,3.4763,4.225,0.0174,0.09,4.24,0.94,0.0,851.0,429,415,7,50,49,1,308.0,0.01,4.8e-05,31753.0,,,,
4491,8000,42672,1.7824,0.0288,3.4332,4.206,0.0125,0.08,6.93,0.95,0.0,891.0,485,402,4,54,45,0,294.0,0.02,4.8e-05,31723.0,,,,
4492,8000,42689,1.805,0.037,3.4609,4.107,0.0119,0.08,7.09,0.95,0.0,832.0,431,399,2,52,48,0,315.0,0.01,4.8e-05,31735.0,,,,
4493,8000,42705,1.8109,0.049,3.4485,4.112,0.0117,0.08,8.23,0.95,0.0,809.0,434,372,3,54,46,0,324.0,0.01,4.8e-05,31719.0,,,,
4494,8000,42722,1.8236,0.0219,3.5278,4.079,0.0125,0.09,13.61,0.95,0.0,819.0,438,379,2,53,46,0,320.0,0.01,4.8e-05,31805.0,,,,
4495,8000,42739,1.7274,0.0104,3.3595,4.154,0.0113,0.08,5.98,0.96,0.0,721.0,384,332,5,53,46,1,364.0,0.01,4.8e-05,31737.0,,,,
4496,8000,42755,1.7438,0.0252,3.3644,4.162,0.013,0.08,7.13,0.96,0.0,726.0,361,355,10,50,49,1,361.0,0.01,4.8e-05,31730.0,,,,
4497,8000,42772,1.737,0.021,3.3572,4.137,0.0112,0.07,7.83,0.96,0.0,705.0,361,336,8,51,48,1,372.0,0.0,4.8e-05,31715.0,,,,
4498,8000,42788,1.726,0.0292,3.3181,4.04,0.0131,0.09,6.53,0.96,0.0,721.0,362,353,6,50,49,1,364.0,0.0,4.8e-05,31784.0,,,,
4499,8000,42805,1.7481,0.0322,3.3555,4.002,0.0131,0.08,7.5,0.96,0.0,703.0,368,330,5,52,47,1,373.0,0.01,4.8e-05,31801.0,88,0,424,17
4500,8000,42837,1.7373,0.0277,3.3435,4.093,0.0129,0.08,6.26,0.96,0.0,721.0,351,367,3,49,51,0,364.0,0.01,4.8e-05,31896.0,,,,
4501,8000,42854,1.7537,0.0344,3.3639,4.21,0.014,0.07,7.7,0.96,0.0,626.0,337,288,1,54,46,0,419.0,0.01,4.8e-05,30564.0,,,,
4502,8000,42871,1.7297,0.0181,3.3489,4.259,0.0109,0.07,7.5,0.96,0.0,584.0,304,274,6,52,47,1,449.0,0.02,4.8e-05,31702.0,,,,
4503,8000,42887,1.7262,0.0213,3.3352,4.251,0.0081,0.06,10.58,0.96,0.0,583.0,324,250,9,56,43,2,450.0,0.03,4.8e-05,31713.0,,,,
4504,8000,42904,1.7244,0.0286,3.3179,4.297,0.0134,0.08,9.15,0.96,0.0,587.0,290,285,12,49,49,2,447.0,0.05,4.8e-05,31701.0,,,,
4505,8000,42920,1.6999,0.0117,3.3039,4.334,0.0129,0.08,4.54,0.96,0.0,603.0,271,322,10,45,53,2,435.0,0.06,4.8e-05,31701.0,,,,
4506,8000,42937,1.7474,0.0207,3.3818,4.421,0.0167,0.09,5.11,0.94,0.0,622.0,310,299,13,50,48,2,421.0,0.04,4.8e-05,31741.0,,,,
4507,8000,42954,1.7337,0.0257,3.3446,4.388,0.0137,0.09,5.82,0.94,0.0,628.0,308,302,18,49,48,3,417.0,0.03,4.8e-05,31691.0,,,,
4508,8000,42970,1.7603,0.0283,3.3924,4.418,0.0144,0.09,3.62,0.94,0.0,664.0,315,340,9,47,51,1,395.0,0.03,4.8e-05,31686.0,,,,
4509,8000,42987,1.7248,0.0349,3.3092,4.542,0.0208,0.09,4.86,0.95,0.0,640.0,297,335,8,46,52,1,410.0,0.03,4.8e-05,31687.0,,,,
4510,8000,43003,1.7357,0.0227,3.3533,4.443,0.0121,0.08,5.95,0.94,0.0,644.0,316,325,3,49,50,0,407.0,0.03,4.8e-05,31678.0,,,,
4511,8000,43020,1.7451,0.0287,3.3607,4.488,0.0145,0.09,4.53,0.94,0.0,724.0,310,413,1,43,57,0,362.0,0.02,4.8e-05,31678.0,,,,
4512,8000,43037,1.7326,0.0104,3.3718,4.43,0.0166,0.09,5.03,0.94,0.0,710.0,314,393,3,44,55,0,369.0,0.03,4.8e-05,31755.0,,,,
4513,8000,43053,1.7641,0.0151,3.4257,4.39,0.0139,0.09,3.54,0.94,0.0,800.0,356,432,12,44,54,2,328.0,0.02,4.8e-05,31722.0,,,,
4514,8000,43070,1.7826,0.0182,3.4573,4.365,0.0111,0.08,3.95,0.95,0.0,839.0,422,400,17,50,48,2,312.0,0.04,4.8e-05,31750.0,,,,
4515,8000,43086,1.783,0.0185,3.4558,4.228,0.0117,0.08,3.8,0.94,0.0,817.0,433,378,6,53,46,1,321.0,0.03,4.8e-05,31757.0,,,,
4516,8000,43103,1.7445,0.007,3.4022,4.305,0.0094,0.07,8.73,0.95,0.0,804.0,387,412,5,48,51,1,326.0,0.02,4.8e-05,31681.0,,,,
4517,8000,43119,1.7911,0.0069,3.4938,4.078,0.0086,0.06,11.55,0.95,0.0,784.0,398,380,6,51,48,1,334.0,0.02,4.8e-05,31685.0,,,,
4518,8000,43136,1.7364,0.011,3.3766,4.179,0.01,0.07,7.53,0.95,0.0,758.0,363,388,7,48,51,1,346.0,0.02,4.8e-05,31704.0,,,,
4519,8000,43153,1.7203,0.0003,3.3671,4.23,0.0103,0.07,7.69,0.95,0.0,708.0,353,341,14,50,48,2,370.0,0.02,4.8e-05,31716.0,,,,
4520,8000,43169,1.8129,-0.0007,3.5516,4.19,0.0085,0.07,25.85,0.95,0.0,715.0,346,349,20,48,49,3,367.0,0.02,4.8e-05,31764.0,,,,
4521,8000,43186,1.7397,0.0079,3.3905,4.373,0.0155,0.09,4.1,0.94,0.0,706.0,385,305,16,55,43,2,371.0,0.02,4.8e-05,30661.0,,,,
4522,8000,43203,1.7279,0.0208,3.3414,4.393,0.0138,0.09,8.42,0.95,0.0,576.0,263,299,14,46,52,2,455.0,0.06,4.8e-05,31740.0,,,,
4523,8000,43220,1.862,0.0238,3.6028,4.303,0.0112,0.08,22.42,0.93,0.0,672.0,336,328,8,50,49,1,390.0,0.06,4.8e-05,31748.0,,,,
4524,8000,43236,1.7483,0.0157,3.3908,4.237,0.0151,0.09,4.32,0.93,0.0,684.0,322,341,21,47,50,3,383.0,0.06,4.8e-05,31727.0,,,,
4525,8000,43253,1.7668,0.0131,3.4332,4.125,0.015,0.1,3.15,0.93,0.0,769.0,382,381,6,50,50,1,341.0,0.06,4.8e-05,31740.0,,,,
4526,8000,43269,1.7858,0.0167,3.4635,4.069,0.0139,0.09,3.77,0.94,0.0,825.0,422,399,4,51,48,0,318.0,0.06,4.8e-05,31783.0,,,,
4527,8000,43286,1.7731,0.0076,3.4571,4.122,0.0148,0.1,3.32,0.93,0.0,876.0,421,448,7,48,51,1,299.0,0.06,4.8e-05,31755.0,,,,
4528,8000,43302,1.7338,-0.0039,3.4006,4.088,0.0114,0.09,4.19,0.93,0.0,766.0,386,378,2,50,49,0,342.0,0.06,4.8e-05,31737.0,,,,
4529,8000,43319,1.7456,0.0099,3.3967,4.054,0.0138,0.09,4.18,0.93,0.0,784.0,393,384,7,50,49,1,334.0,0.09,4.8e-05,31785.0,,,,
4530,8000,43336,1.7613,0.0134,3.4205,4.011,0.0119,0.09,3.86,0.94,0.0,757.0,384,371,2,51,49,0,346.0,0.09,4.8e-05,31811.0,,,,
4531,8000,43352,1.7697,0.0297,3.4052,4.014,0.0118,0.09,4.89,0.94,0.0,754.0,385,359,10,51,48,1,348.0,0.08,4.8e-05,31731.0,,,,
4532,8000,43369,1.7543,0.0226,3.3885,4.04,0.0128,0.09,3.46,0.94,0.0,812.0,359,445,8,44,55,1,323.0,0.06,4.8e-05,31780.0,,,,
4533,8000,43385,1.7298,0.0006,3.3835,4.064,0.0135,0.1,2.86,0.94,0.0,865.0,353,505,7,41,58,1,303.0,0.03,4.8e-05,31733.0,,,,
4534,8000,43402,1.7288,-0.0068,3.3963,4.107,0.0117,0.09,3.47,0.95,0.0,857.0,400,454,3,47,53,0,306.0,0.06,4.8e-05,31724.0,,,,
4535,8000,43418,1.741,-0.0098,3.4268,4.087,0.0122,0.09,12.42,0.95,0.0,882.0,440,438,4,50,50,0,297.0,0.05,4.8e-05,31790.0,,,,
4536,8000,43435,1.7937,0.0031,3.5061,4.046,0.0092,0.07,7.58,0.95,0.0,865.0,416,444,5,48,51,1,303.0,0.03,4.7e-05,31734.0,,,,
4537,8000,43452,1.7522,0.0095,3.4109,4.018,0.0143,0.1,3.58,0.95,0.0,851.0,386,456,9,45,54,1,308.0,0.03,4.7e-05,31719.0,,,,
4538,8000,43468,1.7636,0.0199,3.4135,4.104,0.0115,0.08,3.99,0.94,0.0,841.0,384,449,8,46,53,1,312.0,0.03,4.7e-05,31726.0,,,,
4539,8000,43485,1.7462,0.0211,3.3758,4.072,0.0106,0.08,5.35,0.95,0.0,811.0,391,405,15,48,50,2,323.0,0.02,4.7e-05,31800.0,,,,
4540,8000,43501,1.7153,0.0009,3.3541,4.085,0.0107,0.08,4.54,0.95,0.0,813.0,402,403,8,49,50,1,322.0,0.02,4.7e-05,31724.0,,,,
4541,8000,43519,1.7448,0.0041,3.4072,4.098,0.0147,0.09,5.01,0.94,0.0,796.0,415,370,11,52,46,1,329.0,0.02,4.7e-05,30652.0,,,,
4542,8000,43535,1.7962,0.0194,3.4808,4.31,0.0085,0.06,14.77,0.95,0.0,715.0,393,309,13,55,43,2,367.0,0.04,4.7e-05,31723.0,,,,
4543,8000,43552,1.6905,0.0076,3.2916,4.233,0.0151,0.09,2.81,0.95,0.0,654.0,346,304,4,53,46,1,401.0,0.06,4.7e-05,31707.0,,,,
4544,8000,43568,1.7249,0.0065,3.3616,4.131,0.0137,0.09,2.91,0.94,0.0,679.0,353,322,4,52,47,1,386.0,0.04,4.7e-05,31789.0,,,,
4545,8000,43585,1.6915,0.0067,3.2941,4.099,0.0137,0.09,2.93,0.95,0.0,718.0,378,334,6,53,47,1,365.0,0.04,4.7e-05,31728.0,,,,
4546,8000,43601,1.7052,0.0042,3.3281,4.25,0.0134,0.08,3.0,0.94,0.0,714.0,379,326,9,53,46,1,367.0,0.03,4.7e-05,31777.0,,,,
4547,8000,43618,1.6995,0.0054,3.3134,4.141,0.0132,0.08,2.73,0.94,0.0,705.0,374,322,9,53,46,1,372.0,0.02,4.7e-05,31741.0,,,,
4548,8000,43635,1.7121,0.0087,3.3322,4.165,0.0115,0.08,3.43,0.94,0.0,714.0,349,353,12,49,49,2,367.0,0.03,4.7e-05,31740.0,,,,
4549,8000,43651,1.6952,0.0007,3.3146,4.15,0.0206,0.09,2.77,0.94,0.0,721.0,396,319,6,55,44,1,364.0,0.03,4.7e-05,31728.0,85,1,426,17
4550,8000,43683,1.7448,0.0198,3.375,4.116,0.0125,0.08,3.29,0.93,0.0,754.0,408,340,6,54,45,1,348.0,0.02,4.7e-05,31884.0,,,,
4551,8000,43700,1.7321,0.0169,3.3552,4.051,0.0121,0.08,4.33,0.93,0.0,712.0,371,336,5,52,47,1,368.0,0.02,4.7e-05,31721.0,,,,
4552,8000,43716,1.7152,0.0191,3.3171,4.121,0.0105,0.07,3.76,0.93,0.0,647.0,331,310,6,51,48,1,405.0,0.02,4.7e-05,31780.0,,,,
4553,8000,43733,1.6598,0.0136,3.2186,4.212,0.0087,0.06,4.99,0.94,0.0,582.0,298,275,9,51,47,2,450.0,0.03,4.7e-05,31798.0,,,,
4554,8000,43749,1.6572,0.0094,3.2221,4.19,0.0088,0.07,4.22,0.95,0.0,573.0,317,244,12,55,43,2,457.0,0.05,4.7e-05,31796.0,,,,
4555,8000,43766,1.6987,0.0101,3.3038,4.209,0.0101,0.07,8.66,0.94,0.0,621.0,329,282,10,53,45,2,422.0,0.05,4.7e-05,31750.0,,,,
4556,8000,43782,1.6541,0.0099,3.216,4.304,0.0076,0.06,8.13,0.95,0.0,571.0,283,270,18,50,47,3,459.0,0.01,4.7e-05,31722.0,,,,
4557,8000,43799,1.5998,-0.0006,3.1288,4.361,0.0104,0.07,4.72,0.95,0.0,555.0,263,269,23,47,48,4,472.0,0.02,4.7e-05,31786.0,,,,
4558,8000,43815,1.6561,0.0091,3.2213,4.291,0.0085,0.05,9.12,0.95,0.0,560.0,298,239,23,53,43,4,468.0,0.02,4.7e-05,31757.0,,,,
4559,8000,43832,1.6845,0.0027,3.2903,4.262,0.0094,0.07,6.13,0.94,0.0,616.0,319,273,24,52,44,4,426.0,0.02,4.7e-05,31722.0,,,,
4560,8000,43849,1.6234,0.0048,3.1658,4.346,0.0102,0.07,5.47,0.95,0.0,586.0,281,279,26,48,48,4,447.0,0.01,4.7e-05,31730.0,,,,
4561,8000,43866,1.7316,0.0083,3.3741,4.371,0.0126,0.07,10.27,0.93,0.0,662.0,328,309,25,50,47,4,396.0,0.0,4.7e-05,30662.0,,,,
4562,8000,43882,1.7004,0.0181,3.292,4.398,0.0112,0.07,5.31,0.94,0.0,596.0,269,305,22,45,51,4,440.0,0.03,4.7e-05,31781.0,,,,
4563,8000,43899,1.6936,0.0266,3.2613,4.378,0.0106,0.07,11.33,0.94,0.0,582.0,300,257,25,52,44,4,450.0,0.04,4.7e-05,31787.0,,,,
4564,8000,43916,1.6499,0.0267,3.1736,4.451,0.0138,0.08,3.26,0.95,0.0,675.0,348,312,15,52,46,2,388.0,0.03,4.7e-05,31696.0,,,,
4565,8000,43932,1.6826,0.0324,3.2287,4.507,0.0083,0.06,9.05,0.95,0.0,612.0,329,272,11,54,44,2,428.0,0.03,4.7e-05,31695.0,,,,
4566,8000,43949,1.6836,0.0224,3.2505,4.443,0.0096,0.07,5.52,0.95,0.0,624.0,330,276,18,53,44,3,420.0,0.02,4.7e-05,31762.0,,,,
4567,8000,43965,1.6815,0.0272,3.2373,4.452,0.0098,0.07,5.98,0.95,0.0,656.0,357,282,17,54,43,3,400.0,0.02,4.7e-05,31701.0,,,,
4568,8000,43982,1.684,0.029,3.2405,4.479,0.0088,0.06,9.17,0.95,0.0,653.0,350,276,27,54,42,4,401.0,0.01,4.7e-05,31753.0,,,,
4569,8000,43999,1.7279,0.0354,3.3131,4.379,0.01,0.07,10.57,0.95,0.0,706.0,359,308,39,51,44,6,371.0,0.01,4.7e-05,31699.0,,,,
4570,8000,44015,1.6894,0.0384,3.2317,4.469,0.0103,0.07,6.22,0.96,0.0,711.0,355,327,29,50,46,4,369.0,0.01,4.7e-05,31705.0,,,,
4571,8000,44032,1.7209,0.0396,3.2917,4.407,0.0085,0.06,5.7,0.95,0.0,716.0,360,339,17,50,47,2,366.0,0.02,4.7e-05,31764.0,,,,
4572,8000,44048,1.7149,0.0253,3.3073,4.272,0.0109,0.07,5.39,0.96,0.0,754.0,381,352,21,51,47,3,348.0,0.01,4.7e-05,31687.0,,,,
4573,8000,44065,1.7275,0.0276,3.3283,4.33,0.0088,0.06,14.28,0.95,0.0,742.0,396,330,16,53,44,2,353.0,0.01,4.7e-05,31717.0,,,,
4574,8000,44082,1.7119,0.0333,3.2827,4.174,0.0114,0.07,6.26,0.96,0.0,692.0,369,316,7,53,46,1,379.0,0.01,4.7e-05,31694.0,,,,
4575,8000,44098,1.7376,0.0409,3.3222,4.187,0.0187,0.09,3.4,0.95,0.0,763.0,376,361,26,49,47,3,344.0,0.01,4.7e-05,31770.0,,,,
4576,8000,44115,1.8332,0.0426,3.5075,4.157,0.0155,0.08,23.37,0.95,0.0,858.0,435,413,10,51,48,1,306.0,0.01,4.7e-05,31686.0,,,,
4577,8000,44131,1.7405,0.0064,3.3927,4.026,0.0132,0.08,5.14,0.95,0.0,779.0,404,370,5,52,47,1,337.0,0.0,4.7e-05,31745.0,,,,
4578,8000,44148,1.6875,0.0077,3.2843,4.09,0.0155,0.09,3.77,0.96,0.0,749.0,410,338,1,55,45,0,350.0,0.01,4.7e-05,31706.0,,,,
4579,8000,44165,1.7315,0.026,3.3367,4.178,0.0123,0.07,5.48,0.96,0.0,760.0,380,375,5,50,49,1,345.0,0.02,4.7e-05,31690.0,,,,
4580,8000,44181,1.7173,0.02,3.3209,4.184,0.0115,0.07,4.42,0.96,0.0,774.0,407,358,9,53,46,1,339.0,0.02,4.7e-05,31703.0,,,,
4581,8000,44199,1.7751,0.0207,3.436,4.163,0.017,0.08,6.06,0.94,0.0,801.0,383,407,11,48,51,1,327.0,0.02,4.7e-05,30582.0,,,,
4582,8000,44215,1.758,-0.0004,3.4441,4.235,0.0087,0.07,7.14,0.94,0.0,706.0,320,372,14,45,53,2,371.0,0.03,4.7e-05,31777.0,,,,
4583,8000,44232,1.7162,0.0083,3.3425,4.201,0.0114,0.08,4.29,0.94,0.0,711.0,336,366,9,47,51,1,369.0,0.01,4.7e-05,31686.0,,,,
4584,8000,44248,1.7264,0.0049,3.369,4.091,0.0108,0.08,5.17,0.94,0.0,750.0,360,381,9,48,51,1,350.0,0.02,4.7e-05,31687.0,,,,
4585,8000,44265,1.7187,0.0019,3.3615,4.26,0.0132,0.08,5.15,0.95,0.0,755.0,363,385,7,48,51,1,347.0,0.02,4.7e-05,31769.0,,,,
4586,8000,44281,1.7392,0.0114,3.3824,4.159,0.0112,0.07,4.73,0.94,0.0,885.0,382,495,8,43,56,1,296.0,0.02,4.7e-05,31771.0,,,,
4587,8000,44298,1.7237,0.0277,3.319,4.152,0.0148,0.09,3.25,0.95,0.0,809.0,361,440,8,45,54,1,324.0,0.02,4.7e-05,31703.0,,,,
4588,8000,44315,1.7165,0.0184,3.3231,4.193,0.0136,0.08,3.56,0.94,0.0,876.0,421,447,8,48,51,1,299.0,0.02,4.7e-05,31697.0,,,,
4589,8000,44331,1.7451,0.015,3.3857,4.095,0.0157,0.09,2.67,0.94,0.0,939.0,468,468,3,50,50,0,279.0,0.02,4.7e-05,31771.0,,,,
4590,8000,44348,1.7659,0.0045,3.4479,4.067,0.0149,0.09,2.53,0.93,0.0,1117.0,534,582,1,48,52,0,235.0,0.01,4.7e-05,31727.0,,,,
4591,8000,44364,1.7828,0.0114,3.4677,4.043,0.0131,0.08,3.53,0.94,0.0,1170.0,573,595,2,49,51,0,224.0,0.01,4.7e-05,31709.0,,,,
4592,8000,44381,1.7932,0.041,3.4287,3.983,0.0121,0.08,3.91,0.94,0.0,998.0,524,474,0,53,47,0,263.0,0.01,4.7e-05,31689.0,,,,
4593,8000,44398,1.7846,0.022,3.4497,3.943,0.0109,0.08,5.55,0.94,0.0,987.0,538,444,5,55,45,1,266.0,0.02,4.7e-05,31687.0,,,,
4594,8000,44414,1.7623,0.0148,3.4181,3.76,0.0094,0.08,6.18,0.95,0.0,879.0,465,409,5,53,47,1,298.0,0.01,4.7e-05,31699.0,,,,
4595,8000,44431,1.7865,0.0161,3.4647,3.78,0.0097,0.07,13.7,0.95,0.0,898.0,448,441,9,50,49,1,292.0,0.01,4.7e-05,31710.0,,,,
4596,8000,44448,1.8258,0.033,3.5089,3.767,0.0097,0.07,10.86,0.94,0.0,859.0,452,402,5,53,47,1,305.0,0.01,4.7e-05,31699.0,,,,
4597,8000,44464,1.8076,0.0367,3.4655,3.777,0.0098,0.08,10.08,0.95,0.0,901.0,441,455,5,49,50,1,291.0,0.01,4.7e-05,31688.0,,,,
4598,8000,44481,1.7885,0.026,3.449,3.753,0.0114,0.07,11.38,0.95,0.0,957.0,523,428,6,55,45,1,274.0,0.01,4.7e-05,31725.0,,,,
4599,8000,44497,1.7629,0.005,3.4396,3.748,0.0111,0.07,7.99,0.95,0.0,1008.0,525,477,6,52,47,1,260.0,0.01,4.7e-05,31747.0,100,1,411,20
4600,8000,44529,1.811,0.0093,3.5281,3.811,0.0134,0.09,10.65,0.95,0.0,1066.0,550,509,7,52,48,1,246.0,0.01,4.7e-05,31845.0,,,,
4601,8000,44546,1.8551,-0.0035,3.6419,3.87,0.0154,0.09,7.71,0.92,0.0,1038.0,546,488,4,53,47,0,253.0,0.0,4.7e-05,30560.0,,,,
4602,8000,44563,1.8112,-0.0115,3.5709,3.832,0.0159,0.09,4.33,0.93,0.0,1096.0,570,514,12,52,47,1,239.0,0.01,4.7e-05,31738.0,,,,
4603,8000,44580,1.8226,0.0081,3.5521,3.672,0.0164,0.1,4.31,0.93,0.0,1028.0,534,487,7,52,47,1,255.0,0.03,4.7e-05,31705.0,,,,
4604,8000,44596,1.8337,0.0256,3.5398,3.769,0.0136,0.1,4.3,0.93,0.0,1068.0,582,484,2,54,45,0,245.0,0.03,4.7e-05,31686.0,,,,
4605,8000,44613,1.8139,0.011,3.5292,3.808,0.0137,0.09,4.42,0.94,0.0,1027.0,546,477,4,53,46,0,255.0,0.02,4.7e-05,31678.0,,,,
4606,8000,44629,1.8704,0.0387,3.5851,3.634,0.0117,0.08,9.05,0.94,0.0,990.0,557,431,2,56,44,0,265.0,0.02,4.7e-05,31741.0,,,,
4607,8000,44646,1.7924,0.0166,3.475,3.8,0.0122,0.08,5.02,0.94,0.0,1006.0,576,425,5,57,42,0,261.0,0.01,4.7e-05,31709.0,,,,
4608,8000,44663,1.7665,0.0164,3.4232,3.765,0.0101,0.08,4.36,0.94,0.0,917.0,533,379,5,58,41,1,286.0,0.01,4.7e-05,31684.0,,,,
4609,8000,44679,1.7646,0.0184,3.4156,3.773,0.0125,0.09,3.67,0.94,0.0,851.0,474,370,7,56,43,1,308.0,0.01,4.7e-05,31693.0,,,,
4610,8000,44696,1.7899,0.0125,3.4781,3.744,0.0111,0.08,5.06,0.94,0.0,900.0,461,432,7,51,48,1,291.0,0.01,4.7e-05,31710.0,,,,
4611,8000,44712,1.8208,0.0076,3.5489,3.7,0.0135,0.09,5.09,0.94,0.0,952.0,504,438,10,53,46,1,275.0,0.01,4.7e-05,31710.0,,,,
4612,8000,44729,1.8315,0.0137,3.557,3.569,0.0116,0.09,5.9,0.94,0.0,950.0,495,449,6,52,47,1,276.0,0.01,4.7e-05,31751.0,,,,
4613,8000,44746,1.8031,0.0117,3.5043,3.597,0.0125,0.09,4.78,0.94,0.0,924.0,480,439,5,52,48,1,284.0,0.0,4.7e-05,31746.0,,,,
4614,8000,44762,1.7892,0.021,3.4585,3.663,0.0164,0.1,3.73,0.95,0.0,927.0,485,437,5,52,47,1,283.0,0.01,4.7e-05,31676.0,,,,
4615,8000,44779,1.7555,0.0117,3.4105,3.721,0.0138,0.09,3.36,0.95,0.0,894.0,453,434,7,51,49,1,293.0,0.01,4.7e-05,31693.0,,,,
4616,8000,44795,1.7741,0.0048,3.461,3.67,0.0142,0.09,5.4,0.95,0.0,924.0,450,468,6,49,51,1,284.0,0.01,4.7e-05,31697.0,,,,
4617,8000,44812,1.7905,0.0032,3.4961,3.621,0.0161,0.09,3.85,0.94,0.0,983.0,501,479,3,51,49,0,267.0,0.01,4.7e-05,31694.0,,,,
4618,8000,44829,1.8277,0.0195,3.5375,3.549,0.0149,0.09,3.31,0.94,0.0,1015.0,490,521,4,48,51,0,258.0,0.01,4.7e-05,31770.0,,,,
4619,8000,44845,1.8293,0.0289,3.5221,3.571,0.0133,0.09,4.72,0.94,0.0,1017.0,504,510,3,50,50,0,258.0,0.01,4.7e-05,31752.0,,,,
4620,8000,44862,1.8127,0.0123,3.5212,3.49,0.0139,0.09,4.66,0.94,0.0,1034.0,536,493,5,52,48,0,254.0,0.0,4.7e-05,31688.0,,,,
4621,8000,44879,1.8454,0.0187,3.5755,3.639,0.0149,0.09,4.85,0.92,0.0,971.0,510,455,6,53,47,1,270.0,0.01,4.7e-05,30632.0,,,,
4622,8000,44896,1.8064,0.0018,3.5316,3.687,0.0126,0.09,3.63,0.93,0.0,970.0,530,434,6,55,45,1,270.0,0.04,4.7e-05,31726.0,,,,
4623,8000,44912,1.7832,0.0058,3.478,3.832,0.014,0.09,3.93,0.94,0.0,935.0,514,418,3,55,45,0,280.0,0.05,4.7e-05,31767.0,,,,
4624,8000,44929,1.7962,0.0259,3.4633,3.782,0.0155,0.09,3.83,0.94,0.0,926.0,453,467,6,49,50,1,283.0,0.04,4.6e-05,31768.0,,,,
4625,8000,44945,1.7373,-0.0174,3.4327,3.867,0.0133,0.08,4.4,0.94,0.0,874.0,459,411,4,53,47,0,300.0,0.02,4.6e-05,31749.0,,,,
4626,8000,44962,1.7219,-0.0118,3.39,3.815,0.0134,0.09,4.01,0.95,0.0,864.0,448,413,3,52,48,0,303.0,0.03,4.6e-05,31704.0,,,,
4627,8000,44978,1.7299,-0.0042,3.391,3.829,0.0147,0.1,3.73,0.94,0.0,925.0,499,424,2,54,46,0,283.0,0.03,4.6e-05,31716.0,,,,
4628,8000,44995,1.7304,-0.0034,3.3904,3.83,0.0135,0.09,3.23,0.95,0.0,837.0,429,408,0,51,49,0,313.0,0.02,4.6e-05,31713.0,,,,
4629,8000,45012,1.7291,-0.0029,3.3864,3.79,0.013,0.09,3.66,0.95,0.0,906.0,483,418,5,53,46,1,289.0,0.04,4.6e-05,31730.0,,,,
4630,8000,45028,1.73,-0.0071,3.3968,3.852,0.0135,0.08,3.92,0.95,0.0,919.0,514,404,1,56,44,0,285.0,0.03,4.6e-05,31773.0,,,,
4631,8000,45045,1.7707,0.0137,3.4355,3.704,0.0123,0.08,3.23,0.95,0.0,972.0,504,467,1,52,48,0,270.0,0.03,4.6e-05,31720.0,,,,
4632,8000,45061,1.7447,0.0039,3.4031,3.71,0.0108,0.07,3.61,0.95,0.0,957.0,518,435,4,54,45,0,274.0,0.02,4.6e-05,31693.0,,,,
4633,8000,45078,1.7786,0.0183,3.442,3.7,0.0128,0.08,4.04,0.94,0.0,933.0,504,427,2,54,46,0,281.0,0.03,4.6e-05,31758.0,,,,
4634,8000,45095,1.7666,0.0196,3.4159,3.752,0.0133,0.08,3.72,0.95,0.0,931.0,521,407,3,56,44,0,282.0,0.03,4.6e-05,31727.0,,,,
4635,8000,45111,1.75,0.0165,3.3889,3.692,0.011,0.08,4.05,0.95,0.0,886.0,473,408,5,53,46,1,296.0,0.03,4.6e-05,31751.0,,,,
4636,8000,45128,1.7682,0.0094,3.4403,3.621,0.0117,0.08,4.4,0.95,0.0,960.0,495,451,14,52,47,1,273.0,0.03,4.6e-05,31778.0,,,,
4637,8000,45144,1.8049,0.022,3.4872,3.602,0.0129,0.08,5.6,0.95,0.0,966.0,498,456,12,52,47,1,271.0,0.03,4.6e-05,31732.0,,,,
4638,8000,45161,1.7624,0.0249,3.3969,3.653,0.0137,0.09,3.62,0.95,0.0,908.0,491,401,16,54,44,2,289.0,0.04,4.6e-05,31750.0,,,,
4639,8000,45177,1.7826,0.029,3.4283,3.716,0.0128,0.08,9.97,0.95,0.0,813.0,433,370,10,53,46,1,322.0,0.04,4.6e-05,31742.0,,,,
4640,8000,45194,1.76,0.0215,3.3969,3.599,0.0093,0.07,9.93,0.95,0.0,801.0,431,356,14,54,44,2,327.0,0.02,4.6e-05,31784.0,,,,
4641,8000,45211,1.7969,0.041,3.4321,3.651,0.0141,0.08,4.7,0.93,0.0,742.0,410,320,12,55,43,2,353.0,0.02,4.6e-05,30666.0,,,,
4642,8000,45228,1.7289,0.0273,3.3252,3.757,0.0154,0.08,3.82,0.93,0.0,684.0,336,323,25,49,47,4,383.0,0.04,4.6e-05,31702.0,,,,
4643,8000,45244,1.7365,0.032,3.3312,3.757,0.0144,0.09,3.85,0.93,0.0,652.0,325,312,15,50,48,2,402.0,0.05,4.6e-05,31723.0,,,,
4644,8000,45261,1.7247,0.0311,3.309,3.616,0.014,0.09,4.72,0.93,0.0,586.0,276,288,22,47,49,4,447.0,0.07,4.6e-05,31763.0,,,,
4645,8000,45277,1.6953,0.0204,3.2705,3.683,0.0111,0.08,4.95,0.93,0.0,572.0,286,279,7,50,49,1,458.0,0.05,4.6e-05,31711.0,,,,
4646,8000,45294,1.7029,0.0366,3.2538,3.746,0.0175,0.09,3.6,0.93,0.0,583.0,312,270,1,54,46,0,450.0,0.04,4.6e-05,31728.0,,,,
4647,8000,45311,1.72,0.037,3.2866,3.614,0.0133,0.09,3.85,0.94,0.0,606.0,278,325,3,46,54,0,433.0,0.04,4.6e-05,31711.0,,,,
4648,8000,45327,1.6869,0.0237,3.2462,3.582,0.0124,0.08,4.07,0.94,0.0,575.0,281,292,2,49,51,0,456.0,0.04,4.6e-05,31713.0,,,,
4649,8000,45344,1.7267,0.0285,3.317,3.592,0.0115,0.09,3.4,0.93,0.0,619.0,321,291,7,52,47,1,423.0,0.04,4.6e-05,31707.0,83,0,429,16
4650,8000,45376,1.741,0.0255,3.3532,3.649,0.0138,0.1,3.15,0.93,0.0,678.0,360,310,8,53,46,1,387.0,0.04,4.6e-05,31876.0,,,,
4651,8000,45392,1.7706,0.0354,3.3932,3.693,0.0143,0.1,3.19,0.93,0.0,724.0,360,358,6,50,49,1,362.0,0.03,4.6e-05,31742.0,,,,
4652,8000,45409,1.7682,0.0303,3.3975,3.661,0.0144,0.09,3.42,0.94,0.0,691.0,342,345,4,49,50,1,379.0,0.04,4.6e-05,31706.0,,,,
4653,8000,45425,1.7652,0.026,3.4003,3.652,0.014,0.09,3.43,0.94,0.0,758.0,367,384,7,48,51,1,346.0,0.04,4.6e-05,31712.0,,,,
4654,8000,45442,1.7607,0.02,3.4027,3.645,0.0123,0.09,3.24,0.94,0.0,747.0,402,340,5,54,46,1,351.0,0.02,4.6e-05,31728.0,,,,
4655,8000,45459,1.7682,0.0201,3.4181,3.714,0.0178,0.1,4.79,0.93,0.0,834.0,442,391,1,53,47,0,314.0,0.03,4.6e-05,31709.0,,,,
4656,8000,45475,1.7736,0.0222,3.425,3.697,0.012,0.08,3.71,0.93,0.0,849.0,440,406,3,52,48,0,309.0,0.03,4.6e-05,31764.0,,,,
4657,8000,45492,1.7729,0.0189,3.4301,3.712,0.0168,0.1,3.43,0.93,0.0,821.0,396,424,1,48,52,0,319.0,0.03,4.6e-05,31749.0,,,,
4658,8000,45508,1.7815,0.0229,3.4395,3.76,0.0149,0.09,4.92,0.93,0.0,850.0,424,424,2,50,50,0,308.0,0.03,4.6e-05,31710.0,,,,
4659,8000,45525,1.7612,0.0126,3.4202,3.785,0.0103,0.08,7.15,0.94,0.0,864.0,428,431,5,50,50,1,303.0,0.02,4.6e-05,31779.0,,,,
4660,8000,45541,1.7642,0.0189,3.413,3.753,0.0155,0.09,3.73,0.94,0.0,875.0,450,424,1,51,48,0,300.0,0.02,4.6e-05,31707.0,,,,
4661,8000,45559,1.8353,0.0127,3.5683,3.822,0.0208,0.1,2.61,0.91,0.0,1066.0,531,529,6,50,50,1,246.0,0.03,4.6e-05,30590.0,,,,
4662,8000,45575,1.8097,0.0087,3.5241,3.747,0.0185,0.1,3.52,0.92,0.0,965.0,502,459,4,52,48,0,272.0,0.03,4.6e-05,31694.0,,,,
4663,8000,45592,1.814,0.0155,3.519,3.752,0.0139,0.09,5.37,0.93,0.0,989.0,478,504,7,48,51,1,265.0,0.03,4.6e-05,31685.0,,,,
4664,8000,45608,1.8252,0.021,3.5306,3.71,0.0171,0.1,5.47,0.93,0.0,982.0,469,507,6,48,52,1,267.0,0.02,4.6e-05,31744.0,,,,
4665,8000,45625,1.8208,0.0405,3.4829,3.747,0.016,0.1,3.03,0.93,0.0,953.0,443,506,4,46,53,0,275.0,0.01,4.6e-05,31773.0,,,,
4666,8000,45642,1.8098,0.0111,3.5196,3.712,0.0133,0.08,4.35,0.93,0.0,938.0,489,448,1,52,48,0,279.0,0.02,4.6e-05,31693.0,,,,
4667,8000,45658,1.814,0.0085,3.5324,3.67,0.0109,0.08,4.49,0.94,0.0,933.0,473,456,4,51,49,0,281.0,0.02,4.6e-05,31699.0,,,,
4668,8000,45675,1.7652,0.006,3.44,3.704,0.0146,0.09,3.57,0.94,0.0,956.0,460,486,10,48,51,1,274.0,0.03,4.6e-05,31688.0,,,,
4669,8000,45691,1.7756,0.0184,3.4361,3.732,0.0118,0.08,8.77,0.95,0.0,936.0,459,473,4,49,51,0,280.0,0.02,4.6e-05,31778.0,,,,
4670,8000,45708,1.925,0.0352,3.7011,3.699,0.0046,0.04,35.56,0.94,0.0,930.0,472,455,3,51,49,0,282.0,0.02,4.6e-05,31777.0,,,,
4671,8000,45725,1.8215,0.0232,3.5195,3.611,0.0095,0.07,9.65,0.95,0.0,973.0,455,506,12,47,52,1,269.0,0.0,4.6e-05,31685.0,,,,
4672,8000,45741,1.7567,0.0185,3.4001,3.757,0.0095,0.07,10.62,0.96,0.0,880.0,416,455,9,47,52,1,298.0,0.01,4.6e-05,31709.0,,,,
4673,8000,45758,1.7666,0.0219,3.4137,3.722,0.0079,0.06,11.77,0.95,0.0,792.0,395,383,14,50,48,2,331.0,0.01,4.6e-05,31701.0,,,,
4674,8000,45774,1.7445,0.0243,3.3637,3.703,0.0114,0.06,13.29,0.96,0.0,757.0,379,367,11,50,48,1,346.0,0.0,4.6e-05,31711.0,,,,
4675,8000,45791,1.7769,0.0241,3.4327,3.687,0.0078,0.05,16.91,0.95,0.0,781.0,373,384,24,48,49,3,336.0,0.01,4.6e-05,31706.0,,,,
4676,8000,45808,1.7706,0.0365,3.393,3.698,0.0092,0.06,18.38,0.96,0.0,773.0,381,373,19,49,48,2,339.0,0.01,4.6e-05,31694.0,,,,
4677,8000,45824,1.7955,0.0361,3.4426,3.647,0.0092,0.07,18.12,0.96,0.0,795.0,388,395,12,49,50,2,330.0,0.01,4.6e-05,31708.0,,,,
4678,8000,45841,1.7587,0.0252,3.3895,3.674,0.0116,0.07,19.34,0.96,0.0,737.0,366,356,15,50,48,2,356.0,0.01,4.6e-05,31702.0,,,,
4679,8000,45857,1.768,0.0207,3.4164,3.677,0.0127,0.06,17.99,0.95,0.0,763.0,357,388,18,47,51,2,344.0,0.0,4.6e-05,31696.0,,,,
4680,8000,45874,1.7211,0.0081,3.3478,3.732,0.0154,0.08,10.37,0.96,0.0,771.0,371,381,19,48,49,2,340.0,0.0,4.6e-05,31773.0,,,,
4681,8000,45891,1.7948,0.016,3.481,3.889,0.0277,0.1,9.7,0.94,0.0,804.0,416,381,7,52,47,1,326.0,0.01,4.6e-05,30650.0,,,,
4682,8000,45908,1.7324,0.0322,3.3263,4.107,0.0425,0.09,10.05,0.95,0.0,661.0,315,338,8,48,51,1,397.0,0.01,4.6e-05,31790.0,,,,
4683,8000,45924,1.7325,0.0162,3.3571,3.994,0.0131,0.08,15.2,0.95,0.0,666.0,339,315,12,51,47,2,394.0,0.02,4.6e-05,31744.0,,,,
4684,8000,45941,1.7816,0.0385,3.411,4.024,0.0162,0.09,14.23,0.95,0.0,763.0,355,391,17,47,51,2,344.0,0.04,4.6e-05,31734.0,,,,
4685,8000,45957,1.7877,0.0301,3.4393,3.94,0.0197,0.1,8.37,0.94,0.0,859.0,409,448,2,48,52,0,305.0,0.03,4.6e-05,31750.0,,,,
4686,8000,45974,1.8702,0.0306,3.6029,3.918,0.0107,0.08,21.79,0.95,0.0,840.0,396,441,3,47,52,0,312.0,0.02,4.6e-05,31737.0,,,,
4687,8000,45991,1.7653,0.0273,3.401,4.045,0.0084,0.05,12.63,0.95,0.0,752.0,368,375,9,49,50,1,349.0,0.02,4.6e-05,31790.0,,,,
4688,8000,46007,1.695,0.0206,3.2753,4.184,0.0167,0.09,4.91,0.96,0.0,723.0,342,368,13,47,51,2,363.0,0.02,4.6e-05,31739.0,,,,
4689,8000,46024,1.6564,0.012,3.2152,4.169,0.0102,0.07,7.2,0.96,0.0,614.0,275,323,16,45,53,3,427.0,0.02,4.6e-05,31775.0,,,,
4690,8000,46040,1.6816,0.0031,3.2851,4.196,0.0125,0.08,7.95,0.95,0.0,652.0,290,346,16,44,53,2,402.0,0.02,4.6e-05,31780.0,,,,
4691,8000,46057,1.7073,0.0202,3.3014,4.087,0.0152,0.09,7.62,0.95,0.0,700.0,303,373,24,43,53,3,374.0,0.03,4.6e-05,31728.0,,,,
4692,8000,46073,1.7475,0.0193,3.3842,4.204,0.0163,0.09,7.89,0.94,0.0,799.0,363,421,15,45,53,2,328.0,0.02,4.6e-05,31784.0,,,,
4693,8000,46090,1.7658,0.0117,3.4348,4.162,0.0155,0.08,6.91,0.94,0.0,789.0,352,428,9,45,54,1,332.0,0.01,4.6e-05,31799.0,,,,
4694,8000,46107,1.7412,-0.0041,3.4164,4.09,0.0126,0.08,7.29,0.94,0.0,801.0,343,452,6,43,56,1,327.0,0.01,4.6e-05,31745.0,,,,
4695,8000,46123,1.7261,-0.006,3.3897,3.986,0.0143,0.09,8.11,0.94,0.0,812.0,372,428,12,46,53,1,323.0,0.01,4.6e-05,31748.0,,,,
4696,8000,46140,1.7504,0.0026,3.4212,4.06,0.0132,0.08,7.57,0.94,0.0,867.0,398,461,8,46,53,1,302.0,0.01,4.6e-05,31727.0,,,,
4697,8000,46156,1.7662,-0.0034,3.4642,3.97,0.0155,0.09,7.04,0.93,0.0,882.0,416,452,14,47,51,2,297.0,0.01,4.6e-05,31736.0,,,,
4698,8000,46173,1.7545,-0.0064,3.4476,4.08,0.0207,0.1,3.78,0.93,0.0,1002.0,486,503,13,49,50,1,262.0,0.01,4.6e-05,31746.0,,,,
4699,8000,46189,1.798,-0.0038,3.5288,3.976,0.0151,0.09,4.21,0.92,0.0,1008.0,489,515,4,49,51,0,260.0,0.01,4.6e-05,31729.0,157,0,355,31
4700,8000,46221,1.8079,-0.0064,3.553,3.916,0.0174,0.1,4.2,0.92,0.0,1122.0,563,556,3,50,50,0,234.0,0.02,4.6e-05,31873.0,,,,
4701,8000,46239,1.8366,0.0049,3.5884,3.937,0.019,0.11,3.28,0.91,0.0,955.0,490,458,7,51,48,1,274.0,0.02,4.6e-05,30594.0,,,,
4702,8000,46255,1.8314,-0.0115,3.6083,3.74,0.0152,0.1,3.86,0.9,0.0,1019.0,533,481,5,52,47,0,257.0,0.03,4.6e-05,31723.0,,,,
4703,8000,46272,1.8075,-0.0203,3.5785,3.775,0.0148,0.09,4.44,0.91,0.0,1041.0,537,496,8,52,48,1,252.0,0.03,4.6e-05,31756.0,,,,
4704,8000,46288,1.7721,-0.0116,3.492,3.896,0.0145,0.09,4.35,0.92,0.0,999.0,545,447,7,55,45,1,262.0,0.01,4.6e-05,31723.0,,,,
4705,8000,46305,1.8058,-0.0042,3.5433,3.809,0.0138,0.09,3.83,0.92,0.0,1014.0,561,450,3,55,44,0,259.0,0.01,4.6e-05,31775.0,,,,
4706,8000,46321,1.7747,-0.0056,3.4841,3.834,0.0155,0.1,4.43,0.93,0.0,993.0,564,425,4,57,43,0,264.0,0.01,4.6e-05,31698.0,,,,
4707,8000,46338,1.7463,-0.0307,3.4764,3.72,0.0123,0.08,5.4,0.93,0.0,980.0,546,428,6,56,44,1,267.0,0.01,4.6e-05,31722.0,,,,
4708,8000,46355,1.7763,0.0102,3.4538,3.679,0.0133,0.09,3.87,0.94,0.0,980.0,529,449,2,54,46,0,267.0,0.02,4.6e-05,31749.0,,,,
4709,8000,46371,1.7855,0.0037,3.4862,3.769,0.0123,0.09,4.28,0.93,0.0,990.0,521,465,4,53,47,0,265.0,0.02,4.6e-05,31709.0,,,,
4710,8000,46388,1.7914,-0.0059,3.5161,3.643,0.0133,0.08,9.58,0.94,0.0,972.0,471,494,7,48,51,1,270.0,0.02,4.6e-05,31721.0,,,,
4711,8000,46404,1.7887,0.0027,3.4937,3.671,0.0111,0.08,6.88,0.94,0.0,945.0,476,457,12,50,48,1,277.0,0.03,4.6e-05,31723.0,,,,
4712,8000,46421,1.7375,-0.0258,3.4478,3.64,0.013,0.08,5.73,0.94,0.0,931.0,447,479,5,48,51,1,282.0,0.03,4.6e-05,31736.0,,,,
4713,8000,46437,1.7444,-0.0162,3.4435,3.765,0.0133,0.08,6.11,0.95,0.0,926.0,483,433,10,52,47,1,283.0,0.03,4.6e-05,31748.0,,,,
4714,8000,46454,1.7632,-0.006,3.4604,3.667,0.0148,0.08,8.03,0.94,0.0,977.0,519,451,7,53,46,1,268.0,0.03,4.6e-05,31715.0,,,,
4715,8000,46471,1.7135,-0.0033,3.3564,3.772,0.0144,0.09,6.86,0.95,0.0,864.0,447,410,7,52,47,1,303.0,0.02,4.6e-05,31751.0,,,,
4716,8000,46487,1.736,0.0117,3.3709,3.75,0.0124,0.08,5.7,0.95,0.0,837.0,426,408,3,51,49,0,313.0,0.02,4.6e-05,31720.0,,,,
4717,8000,46504,1.7164,0.0212,3.3131,3.794,0.0154,0.08,5.71,0.95,0.0,762.0,382,370,10,50,49,1,344.0,0.04,4.5e-05,31719.0,,,,
4718,8000,46520,1.7046,0.0073,3.3166,3.767,0.0093,0.07,9.16,0.95,0.0,706.0,342,361,3,48,51,0,371.0,0.03,4.5e-05,31706.0,,,,
4719,8000,46537,1.6727,0.0059,3.2591,3.948,0.0152,0.09,4.28,0.95,0.0,746.0,387,344,15,52,46,2,351.0,0.03,4.5e-05,31714.0,,,,
4720,8000,46554,1.7243,0.0184,3.3343,3.719,0.0114,0.07,6.85,0.95,0.0,761.0,393,357,11,52,47,1,344.0,0.02,4.5e-05,31748.0,,,,
4721,8000,46571,1.774,0.0305,3.4094,3.749,0.0166,0.08,6.36,0.93,0.0,634.0,316,307,11,50,48,2,413.0,0.03,4.5e-05,30622.0,,,,
4722,8000,46587,1.7035,0.0131,3.3029,3.747,0.0119,0.08,5.11,0.94,0.0,628.0,305,313,10,49,50,2,417.0,0.04,4.5e-05,31727.0,,,,
4723,8000,46604,1.6672,0.0079,3.2406,3.78,0.0114,0.08,5.52,0.94,0.0,585.0,273,301,11,47,51,2,448.0,0.05,4.5e-05,31690.0,,,,
4724,8000,46621,1.6762,0.0195,3.2369,3.883,0.0101,0.07,6.87,0.94,0.0,585.0,308,260,17,53,44,3,448.0,0.05,4.5e-05,31697.0,,,,
4725,8000,46637,1.6736,0.0235,3.2258,3.937,0.0144,0.08,9.94,0.94,0.0,559.0,278,247,34,50,44,6,469.0,0.05,4.5e-05,31723.0,,,,
4726,8000,46654,1.7019,0.0126,3.302,3.858,0.0072,0.05,14.62,0.94,0.0,580.0,278,273,29,48,47,5,452.0,0.04,4.5e-05,31760.0,,,,
4727,8000,46670,1.6865,0.0098,3.2768,3.928,0.0096,0.06,11.17,0.94,0.0,588.0,278,281,29,47,48,5,446.0,0.04,4.5e-05,31762.0,,,,
4728,8000,46687,1.6559,0.0128,3.2122,4.023,0.0128,0.08,6.7,0.95,0.0,631.0,278,324,29,44,51,5,415.0,0.03,4.5e-05,31769.0,,,,
4729,8000,46703,1.6798,0.034,3.2165,3.97,0.0144,0.08,7.39,0.94,0.0,672.0,311,325,36,46,48,5,390.0,0.04,4.5e-05,31707.0,,,,
4730,8000,46720,1.6828,0.0207,3.2491,3.971,0.0125,0.08,6.47,0.95,0.0,713.0,366,325,22,51,46,3,368.0,0.04,4.5e-05,31769.0,,,,
4731,8000,46737,1.7414,0.0542,3.2988,3.968,0.0256,0.1,9.09,0.94,0.0,830.0,445,365,20,54,44,2,316.0,0.04,4.5e-05,31792.0,,,,
4732,8000,46753,1.7131,0.0089,3.3329,4.017,0.0167,0.09,5.08,0.94,0.0,845.0,407,422,16,48,50,2,310.0,0.04,4.5e-05,31767.0,,,,
4733,8000,46770,1.7261,0.0006,3.3752,4.021,0.0141,0.08,5.79,0.95,0.0,842.0,484,344,14,57,41,2,311.0,0.04,4.5e-05,31736.0,,,,
4734,8000,46786,1.7089,-0.0004,3.3432,4.01,0.0147,0.08,5.02,0.94,0.0,863.0,472,377,14,55,44,2,304.0,0.03,4.5e-05,31727.0,,,,
4735,8000,46803,1.7182,0.0148,3.3315,3.999,0.0209,0.1,3.42,0.95,0.0,835.0,429,383,23,51,46,3,314.0,0.03,4.5e-05,31758.0,,,,
4736,8000,46819,1.7516,0.007,3.4131,3.959,0.0164,0.08,5.11,0.94,0.0,848.0,398,443,7,47,52,1,309.0,0.01,4.5e-05,31785.0,,,,
4737,8000,46836,1.6904,-0.0001,3.3057,4.012,0.0178,0.08,4.33,0.95,0.0,763.0,417,336,10,55,44,1,344.0,0.02,4.5e-05,31724.0,,,,
4738,8000,46853,1.6712,-0.0003,3.2679,3.961,0.0139,0.08,4.98,0.95,0.0,726.0,375,328,23,52,45,3,361.0,0.02,4.5e-05,31733.0,,,,
4739,8000,46869,1.6616,-0.0026,3.2511,3.824,0.0119,0.08,6.6,0.95,0.0,678.0,352,310,16,52,46,2,387.0,0.02,4.5e-05,31707.0,,,,
4740,8000,46886,1.6697,0.0025,3.2589,3.894,0.0113,0.07,6.51,0.96,0.0,710.0,357,328,25,50,46,4,369.0,0.02,4.5e-05,31725.0,,,,
4741,8000,46903,1.7154,-0.0076,3.3706,3.981,0.0146,0.07,6.77,0.93,0.0,724.0,359,344,21,50,48,3,362.0,0.02,4.5e-05,30645.0,,,,
4742,8000,46920,1.6317,-0.0046,3.1966,3.953,0.0116,0.07,6.15,0.94,0.0,569.0,264,283,22,46,50,4,461.0,0.01,4.5e-05,31714.0,,,,
4743,8000,46936,1.6,-0.0075,3.139,3.965,0.0113,0.07,5.81,0.94,0.0,515.0,238,259,18,46,50,3,509.0,0.02,4.5e-05,31726.0,,,,
4744,8000,46953,1.5889,-0.0064,3.1132,3.858,0.0116,0.07,4.2,0.94,0.0,492.0,215,251,26,44,51,5,533.0,0.03,4.5e-05,31730.0,,,,
4745,8000,46969,1.6047,-0.0146,3.1607,3.856,0.0098,0.06,7.02,0.95,0.0,502.0,238,225,39,47,45,8,522.0,0.04,4.5e-05,31712.0,,,,
4746,8000,46986,1.6121,-0.0102,3.1672,3.858,0.0126,0.07,4.28,0.95,0.0,531.0,248,250,33,47,47,6,494.0,0.04,4.5e-05,31708.0,,,,
4747,8000,47003,1.6226,-0.0109,3.191,3.828,0.0141,0.07,6.78,0.94,0.0,581.0,276,271,34,48,47,6,451.0,0.06,4.5e-05,31708.0,,,,
4748,8000,47019,1.6795,-0.0045,3.2901,3.801,0.0105,0.07,6.74,0.94,0.0,704.0,325,347,32,46,49,5,372.0,0.05,4.5e-05,31722.0,,,,
4749,8000,47036,1.7411,-0.001,3.4066,3.707,0.0123,0.08,6.57,0.95,0.0,795.0,383,387,25,48,49,3,330.0,0.05,4.5e-05,31794.0,98,1,413,19
4750,8000,47068,1.6981,-0.0096,3.3394,3.869,0.013,0.08,5.03,0.95,0.0,820.0,366,436,18,45,53,2,320.0,0.06,4.5e-05,31852.0,,,,
4751,8000,47084,1.7101,0.0002,3.3434,3.82,0.0136,0.09,6.49,0.95,0.0,823.0,404,405,14,49,49,2,319.0,0.04,4.5e-05,31705.0,,,,
4752,8000,47101,1.7489,0.0139,3.394,3.897,0.0172,0.09,3.57,0.95,0.0,917.0,475,432,10,52,47,1,286.0,0.04,4.5e-05,31742.0,,,,
4753,8000,47118,1.7579,0.0123,3.4148,3.922,0.0168,0.09,3.7,0.94,0.0,973.0,522,446,5,54,46,1,269.0,0.02,4.5e-05,31724.0,,,,
4754,8000,47134,1.7389,0.0215,3.3574,3.85,0.0133,0.08,5.49,0.95,0.0,838.0,434,400,4,52,48,0,313.0,0.02,4.5e-05,31695.0,,,,
4755,8000,47151,1.7135,0.0026,3.3446,3.814,0.0107,0.08,7.74,0.95,0.0,730.0,394,330,6,54,45,1,359.0,0.02,4.5e-05,31749.0,,,,
4756,8000,47167,1.761,0.0269,3.3913,3.854,0.0214,0.1,7.23,0.95,0.0,864.0,452,406,6,52,47,1,303.0,0.03,4.5e-05,31722.0,,,,
4757,8000,47184,1.8281,0.0136,3.5521,3.843,0.0069,0.06,16.02,0.94,0.0,914.0,475,432,7,52,47,1,287.0,0.02,4.5e-05,31702.0,,,,
4758,8000,47200,1.7408,0.0168,3.3711,3.886,0.0132,0.07,5.62,0.95,0.0,787.0,387,394,6,49,50,1,333.0,0.03,4.5e-05,31697.0,,,,
4759,8000,47217,1.7188,0.0191,3.3237,3.968,0.0128,0.07,6.89,0.95,0.0,759.0,404,349,6,53,46,1,345.0,0.04,4.5e-05,31699.0,,,,
4760,8000,47234,1.713,0.0107,3.3279,3.872,0.0131,0.08,4.19,0.95,0.0,775.0,432,338,5,56,44,1,338.0,0.03,4.5e-05,31707.0,,,,
4761,8000,47251,1.9185,0.0087,3.7429,3.883,0.0142,0.07,17.71,0.92,0.0,843.0,435,399,9,52,47,1,311.0,0.02,4.5e-05,30545.0,,,,
4762,8000,47268,1.9288,0.0073,3.7642,3.633,0.009,0.06,17.99,0.92,0.0,860.0,412,441,7,48,51,1,305.0,0.02,4.5e-05,31670.0,,,,
4763,8000,47284,1.8443,0.0109,3.5881,3.607,0.0085,0.06,17.12,0.93,0.0,865.0,411,450,4,48,52,0,303.0,0.02,4.5e-05,31661.0,,,,
4764,8000,47301,1.7739,0.0025,3.4649,3.72,0.0118,0.08,11.04,0.94,0.0,813.0,400,413,0,49,51,0,322.0,0.01,4.5e-05,31678.0,,,,
4765,8000,47317,1.7907,0.0205,3.4636,3.835,0.0107,0.07,10.8,0.94,0.0,839.0,432,405,2,51,48,0,312.0,0.02,4.5e-05,31665.0,,,,
4766,8000,47334,1.7726,0.0077,3.4526,3.765,0.0115,0.08,7.9,0.93,0.0,839.0,465,365,9,55,44,1,312.0,0.02,4.5e-05,31758.0,,,,
4767,8000,47351,1.7977,0.0238,3.4696,3.694,0.0148,0.08,12.11,0.94,0.0,795.0,419,369,7,53,46,1,330.0,0.02,4.5e-05,31675.0,,,,
4768,8000,47367,1.7931,0.0217,3.465,3.726,0.0087,0.06,16.3,0.94,0.0,812.0,443,360,9,55,44,1,323.0,0.03,4.5e-05,31743.0,,,,
4769,8000,47384,1.7636,0.0207,3.4086,3.784,0.0124,0.08,10.85,0.95,0.0,818.0,433,375,10,53,46,1,320.0,0.03,4.5e-05,31681.0,,,,
4770,8000,47400,1.8004,0.0112,3.5004,3.686,0.0156,0.08,11.17,0.94,0.0,854.0,463,382,9,54,45,1,307.0,0.03,4.5e-05,31672.0,,,,
4771,8000,47417,1.8087,0.0208,3.4981,3.754,0.0149,0.08,10.05,0.94,0.0,895.0,498,392,5,56,44,1,293.0,0.02,4.5e-05,31674.0,,,,
4772,8000,47434,1.7935,0.0152,3.4789,3.712,0.0163,0.08,8.96,0.95,0.0,827.0,419,399,9,51,48,1,317.0,0.01,4.5e-05,31741.0,,,,
4773,8000,47450,1.745,0.0192,3.3749,3.857,0.0166,0.09,6.57,0.95,0.0,766.0,406,359,1,53,47,0,342.0,0.02,4.5e-05,31682.0,,,,
4774,8000,47467,1.7938,0.0306,3.4498,3.79,0.0371,0.08,7.75,0.95,0.0,805.0,427,371,7,53,46,1,326.0,0.02,4.5e-05,31751.0,,,,
4775,8000,47483,1.7821,0.0137,3.4597,3.755,0.0161,0.09,6.56,0.94,0.0,923.0,483,432,8,52,47,1,284.0,0.01,4.5e-05,31727.0,,,,
4776,8000,47500,1.8009,0.0197,3.4834,3.607,0.0167,0.09,8.18,0.94,0.0,873.0,475,394,4,54,45,0,300.0,0.02,4.5e-05,31679.0,,,,
4777,8000,47517,1.8032,0.03,3.4691,3.732,0.0152,0.09,9.52,0.95,0.0,834.0,428,403,3,51,48,0,314.0,0.02,4.5e-05,31673.0,,,,
4778,8000,47533,1.7687,0.0196,3.4208,3.743,0.0101,0.08,9.02,0.95,0.0,786.0,442,343,1,56,44,0,334.0,0.02,4.5e-05,31722.0,,,,
4779,8000,47550,1.7748,0.0397,3.3947,3.851,0.0111,0.08,8.63,0.95,0.0,783.0,399,378,6,51,48,1,335.0,0.01,4.5e-05,31699.0,,,,
4780,8000,47566,1.8082,0.039,3.4612,3.663,0.0135,0.08,9.75,0.95,0.0,752.0,418,326,8,56,43,1,349.0,0.01,4.5e-05,31676.0,,,,
4781,8000,47584,1.8503,0.0219,3.5808,3.672,0.0152,0.1,7.24,0.93,0.0,840.0,443,380,17,53,45,2,312.0,0.02,4.5e-05,30579.0,,,,
4782,8000,47600,1.8004,0.0249,3.4752,3.881,0.0122,0.08,8.93,0.95,0.0,859.0,441,412,6,51,48,1,305.0,0.02,4.5e-05,31703.0,,,,
4783,8000,47617,1.8374,0.0216,3.5561,3.932,0.012,0.08,13.39,0.94,0.0,889.0,423,458,8,48,52,1,295.0,0.04,4.5e-05,31721.0,,,,
4784,8000,47633,1.7958,0.0326,3.4503,3.874,0.0211,0.11,5.61,0.94,0.0,919.0,448,468,3,49,51,0,285.0,0.03,4.5e-05,31693.0,,,,
4785,8000,47650,1.7997,0.039,3.4454,3.904,0.0215,0.11,5.26,0.94,0.0,862.0,410,448,4,48,52,0,304.0,0.03,4.5e-05,31700.0,,,,
4786,8000,47667,1.7524,0.0133,3.4022,3.925,0.0131,0.09,7.67,0.95,0.0,826.0,395,428,3,48,52,0,317.0,0.05,4.5e-05,31758.0,,,,
4787,8000,47683,1.7356,0.0201,3.3562,4.004,0.013,0.09,13.01,0.95,0.0,745.0,344,393,8,46,53,1,352.0,0.03,4.5e-05,31700.0,,,,
4788,8000,47700,1.731,0.015,3.3567,3.965,0.0078,0.06,11.96,0.95,0.0,697.0,299,391,7,43,56,1,376.0,0.03,4.5e-05,31692.0,,,,
4789,8000,47716,1.7492,0.0266,3.37,3.942,0.0133,0.08,9.26,0.95,0.0,737.0,323,406,8,44,55,1,356.0,0.05,4.5e-05,31780.0,,,,
4790,8000,47733,1.7657,0.0194,3.4181,3.968,0.0109,0.08,10.82,0.95,0.0,795.0,373,412,10,47,52,1,330.0,0.05,4.5e-05,31723.0,,,,
4791,8000,47750,1.7634,0.0219,3.4076,3.894,0.0112,0.08,10.08,0.95,0.0,723.0,321,393,9,44,54,1,363.0,0.04,4.5e-05,31791.0,,,,
4792,8000,47766,1.7385,0.0252,3.3527,3.906,0.0144,0.09,8.3,0.96,0.0,732.0,364,356,12,50,49,2,358.0,0.02,4.5e-05,31708.0,,,,
4793,8000,47783,1.7617,0.0303,3.3881,3.939,0.0071,0.06,21.87,0.96,0.0,710.0,328,374,8,46,53,1,369.0,0.03,4.5e-05,31699.0,,,,
4794,8000,47799,1.6948,0.0158,3.2834,4.03,0.0113,0.08,11.56,0.96,0.0,699.0,310,382,7,44,55,1,375.0,0.03,4.5e-05,31779.0,,,,
4795,8000,47816,1.7204,0.0352,3.2954,3.938,0.008,0.07,17.27,0.96,0.0,637.0,285,344,8,45,54,1,412.0,0.04,4.5e-05,31699.0,,,,
4796,8000,47832,1.736,0.0337,3.3329,4.032,0.0114,0.08,15.75,0.96,0.0,716.0,328,366,22,46,51,3,366.0,0.04,4.5e-05,31788.0,,,,
4797,8000,47849,1.6887,0.0147,3.2726,3.935,0.0128,0.09,5.81,0.96,0.0,671.0,298,366,7,44,55,1,391.0,0.05,4.5e-05,31698.0,,,,
4798,8000,47866,1.698,0.0115,3.2981,3.944,0.012,0.08,10.41,0.97,0.0,676.0,277,388,11,41,57,2,388.0,0.04,4.5e-05,31744.0,,,,
4799,8000,47882,1.7248,0.0262,3.3223,3.913,0.0117,0.07,13.65,0.96,0.0,693.0,314,368,11,45,53,2,378.0,0.04,4.5e-05,31708.0,84,1,427,16
4800,8000,47914,1.7225,0.0162,3.3384,3.97,0.0087,0.06,16.55,0.96,0.0,683.0,299,366,18,44,54,3,384.0,0.04,4.5e-05,31931.0,,,,
4801,8000,47931,1.7623,0.0177,3.4168,4.192,0.0155,0.09,10.82,0.95,0.0,637.0,309,314,14,49,49,2,412.0,0.05,4.5e-05,30573.0,,,,
4802,8000,47948,1.7214,0.0186,3.3322,4.13,0.0127,0.08,13.94,0.95,0.0,583.0,281,286,16,48,49,3,450.0,0.03,4.5e-05,31717.0,,,,
4803,8000,47965,1.7348,0.0086,3.3796,4.099,0.0142,0.08,10.42,0.95,0.0,641.0,318,301,22,50,47,3,409.0,0.03,4.5e-05,31714.0,,,,
4804,8000,47981,1.7579,0.0195,3.4037,4.116,0.016,0.1,23.03,0.95,0.0,597.0,302,277,18,51,46,3,439.0,0.03,4.5e-05,31693.0,,,,
4805,8000,47998,1.6976,0.0296,3.2639,4.239,0.0135,0.08,8.68,0.95,0.0,598.0,305,284,9,51,47,2,438.0,0.02,4.5e-05,31695.0,,,,
4806,8000,48014,1.6769,0.0309,3.2231,4.455,0.0124,0.08,7.1,0.95,0.0,585.0,317,255,13,54,44,2,448.0,0.02,4.5e-05,31708.0,,,,
4807,8000,48031,1.6698,0.0232,3.2231,4.379,0.0138,0.09,7.19,0.95,0.0,588.0,303,272,13,52,46,2,446.0,0.01,4.5e-05,31707.0,,,,
4808,8000,48048,1.6571,0.0264,3.1914,4.448,0.0174,0.09,5.25,0.95,0.0,566.0,295,250,21,52,44,4,463.0,0.01,4.5e-05,31754.0,,,,
4809,8000,48064,1.6627,0.032,3.1924,4.458,0.0116,0.08,6.44,0.96,0.0,570.0,297,257,16,52,45,3,460.0,0.01,4.5e-05,31715.0,,,,
4810,8000,48081,1.6502,0.0296,3.1727,4.488,0.0159,0.09,4.28,0.96,0.0,613.0,294,301,18,48,49,3,428.0,0.01,4.5e-05,31704.0,,,,
4811,8000,48097,1.6987,0.0258,3.2748,4.313,0.0141,0.09,5.67,0.95,0.0,679.0,319,347,13,47,51,2,386.0,0.01,4.5e-05,31709.0,,,,
4812,8000,48114,1.7192,0.0295,3.3087,4.287,0.0131,0.09,8.21,0.95,0.0,697.0,359,326,12,52,47,2,376.0,0.02,4.5e-05,31772.0,,,,
4813,8000,48130,1.7434,0.0347,3.3445,4.194,0.0146,0.09,6.2,0.95,0.0,708.0,359,347,2,51,49,0,370.0,0.02,4.4e-05,31711.0,,,,
4814,8000,48147,1.7386,0.0425,3.3198,4.198,0.0153,0.1,6.81,0.95,0.0,695.0,352,333,10,51,48,1,377.0,0.02,4.4e-05,31704.0,,,,
4815,8000,48164,1.7407,0.0331,3.3424,4.179,0.0123,0.09,7.0,0.95,0.0,712.0,363,342,7,51,48,1,368.0,0.02,4.4e-05,31757.0,,,,
4816,8000,48180,1.7399,0.0283,3.3511,4.2,0.0141,0.08,5.1,0.95,0.0,701.0,361,335,5,51,48,1,374.0,0.02,4.4e-05,31705.0,,,,
4817,8000,48197,1.7604,0.0312,3.386,4.186,0.0111,0.09,4.17,0.95,0.0,748.0,389,355,4,52,47,1,350.0,0.03,4.4e-05,31713.0,,,,
4818,8000,48213,1.7444,0.0244,3.3678,4.211,0.0122,0.08,5.77,0.95,0.0,757.0,403,346,8,53,46,1,346.0,0.02,4.4e-05,31708.0,,,,
4819,8000,48230,1.7484,0.0277,3.3698,4.271,0.016,0.09,4.74,0.95,0.0,835.0,410,416,9,49,50,1,314.0,0.02,4.4e-05,31692.0,,,,
4820,8000,48247,1.7603,0.028,3.3926,4.243,0.0152,0.08,6.83,0.94,0.0,800.0,405,390,5,51,49,1,328.0,0.01,4.4e-05,31726.0,,,,
4821,8000,48264,1.8424,0.024,3.5659,4.245,0.0106,0.07,10.32,0.93,0.0,774.0,428,332,14,55,43,2,339.0,0.02,4.4e-05,30622.0,,,,
4822,8000,48280,1.8425,0.0471,3.5186,4.22,0.0139,0.08,6.78,0.92,0.0,831.0,433,392,6,52,47,1,315.0,0.02,4.4e-05,31719.0,,,,
4823,8000,48297,1.8118,0.0251,3.5008,4.232,0.0128,0.07,13.83,0.93,0.0,734.0,371,356,7,51,49,1,357.0,0.02,4.4e-05,31770.0,,,,
4824,8000,48314,1.752,0.0175,3.3956,4.166,0.0087,0.06,12.89,0.95,0.0,668.0,326,336,6,49,50,1,392.0,0.03,4.4e-05,31699.0,,,,
4825,8000,48330,1.7289,0.0036,3.3778,4.26,0.0099,0.07,15.04,0.95,0.0,701.0,342,346,13,49,49,2,374.0,0.03,4.4e-05,31715.0,,,,
4826,8000,48347,1.766,0.0208,3.4176,4.201,0.0093,0.06,13.4,0.94,0.0,763.0,369,385,9,48,50,1,344.0,0.03,4.4e-05,31747.0,,,,
4827,8000,48363,1.7084,0.0095,3.3251,4.205,0.01,0.07,10.06,0.95,0.0,686.0,303,372,11,44,54,2,382.0,0.04,4.4e-05,31695.0,,,,
4828,8000,48380,1.6974,0.0192,3.2818,4.146,0.0109,0.07,8.37,0.95,0.0,713.0,354,345,14,50,48,2,368.0,0.04,4.4e-05,31715.0,,,,
4829,8000,48397,1.693,0.011,3.2899,4.14,0.0096,0.06,11.22,0.96,0.0,684.0,333,339,12,49,50,2,383.0,0.04,4.4e-05,31706.0,,,,
4830,8000,48413,1.7005,0.0163,3.2947,4.178,0.0103,0.07,9.65,0.96,0.0,708.0,367,326,15,52,46,2,370.0,0.04,4.4e-05,31684.0,,,,
4831,8000,48430,1.7296,0.0198,3.3452,4.042,0.0137,0.07,10.17,0.95,0.0,719.0,356,353,10,50,49,1,365.0,0.03,4.4e-05,31779.0,,,,
4832,8000,48446,1.6869,0.0104,3.2795,4.15,0.0097,0.07,14.34,0.96,0.0,695.0,356,324,15,51,47,2,377.0,0.02,4.4e-05,31771.0,,,,
4833,8000,48463,1.6731,-0.0036,3.2783,4.036,0.0093,0.07,12.16,0.96,0.0,652.0,324,316,12,50,48,2,402.0,0.02,4.4e-05,31718.0,,,,
4834,8000,48480,1.689,0.012,3.2796,4.126,0.0148,0.08,11.63,0.96,0.0,680.0,360,304,16,53,45,2,386.0,0.03,4.4e-05,31703.0,,,,
4835,8000,48496,1.6564,-0.006,3.2521,4.177,0.0091,0.07,17.65,0.97,0.0,691.0,358,320,13,52,46,2,379.0,0.03,4.4e-05,31719.0,,,,
4836,8000,48513,1.6903,0.0173,3.2724,4.057,0.0131,0.08,16.03,0.96,0.0,679.0,315,331,33,46,49,5,386.0,0.02,4.4e-05,31715.0,,,,
4837,8000,48529,1.6824,0.0033,3.2854,4.239,0.0076,0.06,14.58,0.96,0.0,735.0,368,343,24,50,47,3,357.0,0.02,4.4e-05,31707.0,,,,
4838,8000,48546,1.6863,0.01,3.2792,4.141,0.0114,0.07,14.48,0.96,0.0,697.0,342,344,11,49,49,2,376.0,0.02,4.4e-05,31703.0,,,,
4839,8000,48563,1.6906,0.0112,3.2847,4.131,0.0118,0.08,7.88,0.96,0.0,676.0,331,321,24,49,47,4,388.0,0.02,4.4e-05,31706.0,,,,
4840,8000,48579,1.7158,0.0038,3.3503,4.072,0.0108,0.07,15.13,0.96,0.0,778.0,402,347,29,52,45,4,337.0,0.02,4.4e-05,31721.0,,,,
4841,8000,48596,1.8183,0.0114,3.5407,4.196,0.0224,0.08,15.63,0.94,0.0,780.0,391,361,28,50,46,4,336.0,0.02,4.4e-05,30597.0,,,,
4842,8000,48613,1.7232,-0.0034,3.3785,4.115,0.0149,0.08,9.89,0.95,0.0,704.0,358,329,17,51,47,2,372.0,0.01,4.4e-05,31697.0,,,,
4843,8000,48630,1.7672,0.002,3.4569,4.202,0.0129,0.08,16.15,0.95,0.0,741.0,362,358,21,49,48,3,354.0,0.01,4.4e-05,31711.0,,,,
4844,8000,48646,1.7458,-0.0041,3.4251,4.067,0.0146,0.08,9.12,0.95,0.0,790.0,430,338,22,54,43,3,332.0,0.01,4.4e-05,31703.0,,,,
4845,8000,48663,1.7812,0.0178,3.4526,4.057,0.0159,0.09,9.33,0.95,0.0,875.0,444,415,16,51,47,2,300.0,0.01,4.4e-05,31715.0,,,,
4846,8000,48679,1.8319,0.0141,3.5605,4.037,0.013,0.07,15.52,0.95,0.0,865.0,449,405,11,52,47,1,303.0,0.01,4.4e-05,31691.0,,,,
4847,8000,48696,1.7921,0.0117,3.4864,4.052,0.0156,0.09,7.9,0.95,0.0,953.0,488,454,11,51,48,1,275.0,0.01,4.4e-05,31702.0,,,,
4848,8000,48713,1.7992,0.0194,3.485,4.029,0.016,0.08,7.34,0.95,0.0,946.0,490,448,8,52,47,1,277.0,0.02,4.4e-05,31695.0,,,,
4849,8000,48729,1.7958,0.0136,3.4896,3.968,0.0128,0.08,8.62,0.95,0.0,917.0,434,471,12,47,51,1,286.0,0.02,4.4e-05,31685.0,125,1,386,24
4850,8000,48761,1.7811,0.0001,3.4876,4.064,0.0128,0.08,10.67,0.95,0.0,847.0,432,406,9,51,48,1,309.0,0.01,4.4e-05,31829.0,,,,
4851,8000,48778,1.7553,0.0051,3.4258,4.007,0.0226,0.09,6.38,0.95,0.0,845.0,436,398,11,52,47,1,310.0,0.01,4.4e-05,31699.0,,,,
4852,8000,48794,1.7309,-0.0056,3.3997,4.189,0.0186,0.09,6.51,0.96,0.0,872.0,456,401,15,52,46,2,301.0,0.01,4.4e-05,31700.0,,,,
4853,8000,48811,1.7869,0.0317,3.4374,4.119,0.0158,0.08,8.15,0.95,0.0,865.0,423,429,13,49,50,2,303.0,0.01,4.4e-05,31708.0,,,,
4854,8000,48827,1.8046,0.0228,3.4905,4.172,0.0167,0.07,7.28,0.95,0.0,931.0,475,434,22,51,47,2,282.0,0.01,4.4e-05,31703.0,,,,
4855,8000,48844,1.8493,0.0132,3.5972,3.958,0.0147,0.08,8.05,0.94,0.0,901.0,453,435,13,50,48,1,291.0,0.01,4.4e-05,31696.0,,,,
4856,8000,48861,1.8595,0.0149,3.6141,3.924,0.012,0.08,9.1,0.94,0.0,1033.0,567,457,9,55,44,1,254.0,0.01,4.4e-05,31760.0,,,,
4857,8000,48877,1.8148,0.0178,3.5197,3.998,0.012,0.08,10.81,0.95,0.0,883.0,499,381,3,57,43,0,297.0,0.02,4.4e-05,31735.0,,,,
4858,8000,48894,1.7721,0.0105,3.448,3.953,0.0107,0.08,6.63,0.95,0.0,926.0,496,422,8,54,46,1,283.0,0.03,4.4e-05,31675.0,,,,
4859,8000,48910,1.7723,-0.0072,3.4834,3.875,0.0148,0.09,7.24,0.95,0.0,890.0,479,405,6,54,46,1,295.0,0.03,4.4e-05,31721.0,,,,
4860,8000,48927,1.7605,0.0043,3.4365,3.895,0.0157,0.08,7.78,0.95,0.0,912.0,509,397,6,56,44,1,287.0,0.02,4.4e-05,31680.0,,,,
4861,8000,48944,1.8384,0.0033,3.5954,3.936,0.0158,0.09,6.61,0.93,0.0,909.0,457,446,6,50,49,1,288.0,0.01,4.4e-05,30648.0,,,,
4862,8000,48961,1.8207,-0.004,3.5739,3.894,0.0147,0.09,7.68,0.93,0.0,935.0,503,420,12,54,45,1,280.0,0.01,4.4e-05,31707.0,,,,
4863,8000,48977,1.7934,-0.0057,3.5228,3.864,0.0117,0.08,7.3,0.94,0.0,991.0,497,478,16,50,48,2,265.0,0.01,4.4e-05,31710.0,,,,
4864,8000,48994,1.7684,-0.0062,3.4755,4.021,0.0106,0.08,7.92,0.94,0.0,932.0,481,438,13,52,47,1,281.0,0.01,4.4e-05,31788.0,,,,
4865,8000,49011,1.7512,-0.0064,3.4407,4.038,0.0164,0.08,5.59,0.94,0.0,994.0,508,474,12,51,48,1,264.0,0.02,4.4e-05,31716.0,,,,
4866,8000,49027,1.7555,-0.0198,3.4758,4.046,0.0129,0.08,7.59,0.95,0.0,972.0,506,459,7,52,47,1,270.0,0.02,4.4e-05,31771.0,,,,
4867,8000,49044,1.8265,0.0028,3.5712,3.81,0.0158,0.06,12.94,0.94,0.0,978.0,525,449,4,54,46,0,268.0,0.03,4.4e-05,31698.0,,,,
4868,8000,49060,1.7903,-0.0072,3.5191,3.821,0.0176,0.09,5.62,0.94,0.0,1015.0,528,477,10,52,47,1,258.0,0.02,4.4e-05,31689.0,,,,
4869,8000,49077,1.7906,0.0035,3.4973,3.753,0.0145,0.08,7.36,0.94,0.0,985.0,503,479,3,51,49,0,266.0,0.02,4.4e-05,31699.0,,,,
4870,8000,49094,1.8248,0.0004,3.5716,3.705,0.0119,0.08,18.68,0.94,0.0,1010.0,539,461,10,53,46,1,260.0,0.01,4.4e-05,31697.0,,,,
4871,8000,49110,1.828,-0.0102,3.5985,3.623,0.0092,0.07,13.32,0.95,0.0,963.0,503,448,12,52,47,1,272.0,0.02,4.4e-05,31691.0,,,,
4872,8000,49127,1.7979,0.0078,3.5024,3.627,0.0179,0.09,5.15,0.95,0.0,944.0,461,466,17,49,49,2,278.0,0.01,4.4e-05,31690.0,,,,
4873,8000,49143,1.8217,0.0078,3.551,3.696,0.0136,0.08,8.54,0.95,0.0,1007.0,503,489,15,50,49,1,260.0,0.01,4.4e-05,31723.0,,,,
4874,8000,49160,1.8127,0.017,3.5144,3.647,0.0173,0.1,5.71,0.95,0.0,1034.0,537,482,15,52,47,1,254.0,0.01,4.4e-05,31719.0,,,,
4875,8000,49177,1.8316,0.0161,3.5534,3.622,0.0135,0.09,9.39,0.95,0.0,1085.0,562,503,20,52,46,2,242.0,0.02,4.4e-05,31679.0,,,,
4876,8000,49193,1.8518,0.017,3.5927,3.586,0.016,0.09,8.47,0.94,0.0,1057.0,552,489,16,52,46,2,248.0,0.01,4.4e-05,31718.0,,,,
4877,8000,49210,1.8671,0.0208,3.6157,3.571,0.0161,0.1,8.83,0.94,0.0,1084.0,556,511,17,51,47,2,242.0,0.01,4.4e-05,31739.0,,,,
4878,8000,49226,1.8959,0.0088,3.6964,3.446,0.0098,0.07,17.62,0.94,0.0,1008.0,556,436,16,55,43,2,260.0,0.01,4.4e-05,31698.0,,,,
4879,8000,49243,1.8632,0.0221,3.6053,3.57,0.0139,0.09,9.48,0.94,0.0,1091.0,563,510,18,52,47,2,240.0,0.01,4.4e-05,31696.0,,,,
4880,8000,49260,1.8094,0.0075,3.5263,3.526,0.0105,0.08,6.76,0.95,0.0,1040.0,562,470,8,54,45,1,252.0,0.0,4.4e-05,31698.0,,,,
4881,8000,49277,1.9142,0.0152,3.7223,3.726,0.0184,0.09,6.57,0.92,0.0,1088.0,545,526,17,50,48,2,241.0,0.0,4.4e-05,30642.0,,,,
4882,8000,49293,1.8908,0.0243,3.6576,3.8,0.0194,0.1,4.54,0.92,0.0,1155.0,605,541,9,52,47,1,227.0,0.01,4.4e-05,31713.0,,,,
4883,8000,49310,1.8527,0.0263,3.5767,3.747,0.0188,0.11,5.06,0.93,0.0,1076.0,538,526,12,50,49,1,244.0,0.02,4.4e-05,31695.0,,,,
4884,8000,49327,1.8374,0.011,3.5788,3.823,0.012,0.08,5.56,0.93,0.0,1133.0,570,546,17,50,48,2,231.0,0.01,4.4e-05,31682.0,,,,
4885,8000,49343,1.8107,0.0109,3.5258,3.773,0.0112,0.08,4.41,0.94,0.0,1048.0,542,499,7,52,48,1,250.0,0.01,4.4e-05,31684.0,,,,
4886,8000,49360,1.8029,0.0023,3.5263,3.788,0.0121,0.08,5.23,0.94,0.0,1021.0,505,510,6,49,50,1,257.0,0.01,4.4e-05,31713.0,,,,
4887,8000,49376,1.8126,0.009,3.5337,3.645,0.0105,0.08,5.68,0.94,0.0,984.0,438,536,10,45,54,1,266.0,0.01,4.4e-05,31704.0,,,,
4888,8000,49393,1.851,0.0374,3.5549,3.708,0.0129,0.09,6.17,0.94,0.0,997.0,485,496,16,49,50,2,263.0,0.02,4.4e-05,31757.0,,,,
4889,8000,49410,1.8377,0.0244,3.5548,3.743,0.0114,0.08,11.56,0.94,0.0,954.0,450,484,20,47,51,2,275.0,0.01,4.4e-05,31707.0,,,,
4890,8000,49426,1.7774,0.0111,3.4605,3.761,0.0131,0.08,6.53,0.94,0.0,914.0,468,427,19,51,47,2,287.0,0.02,4.4e-05,31680.0,,,,
4891,8000,49443,1.7708,0.016,3.4379,3.81,0.0114,0.08,7.77,0.94,0.0,940.0,444,474,22,47,50,2,279.0,0.01,4.4e-05,31683.0,,,,
4892,8000,49459,1.7647,0.0131,3.4314,3.712,0.0099,0.07,8.9,0.95,0.0,869.0,460,384,25,53,44,3,302.0,0.01,4.4e-05,31748.0,,,,
4893,8000,49476,1.7892,0.0084,3.4917,3.778,0.0111,0.08,11.57,0.95,0.0,917.0,447,438,32,49,48,3,286.0,0.02,4.4e-05,31691.0,,,,
4894,8000,49493,1.7661,0.0162,3.427,3.822,0.0136,0.08,6.96,0.95,0.0,909.0,472,415,22,52,46,2,288.0,0.02,4.4e-05,31696.0,,,,
4895,8000,49509,1.7488,-0.0055,3.435,3.923,0.0123,0.07,8.87,0.95,0.0,943.0,494,433,16,52,46,2,278.0,0.01,4.4e-05,31717.0,,,,
4896,8000,49526,1.7435,0.0078,3.3976,3.959,0.0131,0.08,12.28,0.95,0.0,876.0,464,394,18,53,45,2,299.0,0.0,4.4e-05,31694.0,,,,
4897,8000,49542,1.7128,0.0045,3.3439,4.005,0.0115,0.08,6.28,0.95,0.0,811.0,431,356,24,53,44,3,323.0,0.01,4.4e-05,31702.0,,,,
4898,8000,49559,1.7563,0.0223,3.3942,3.919,0.0117,0.07,11.12,0.95,0.0,788.0,410,352,26,52,45,3,333.0,0.01,4.4e-05,31685.0,,,,
4899,8000,49576,1.6987,0.0034,3.3167,3.97,0.0167,0.1,3.84,0.95,0.0,754.0,338,379,37,45,50,5,348.0,0.01,4.4e-05,31706.0,156,0,356,30
4900,8000,49608,1.7256,0.0066,3.3637,3.898,0.0127,0.08,5.51,0.95,0.0,816.0,392,394,30,48,48,4,321.0,0.01,4.4e-05,31833.0,,,,
4901,8000,49625,1.8266,0.0074,3.5662,3.995,0.0116,0.07,9.97,0.93,0.0,848.0,406,419,23,48,49,3,309.0,0.02,4.4e-05,30600.0,,,,
4902,8000,49641,1.7846,0.0198,3.4583,4.097,0.0127,0.07,8.05,0.94,0.0,882.0,413,444,25,47,50,3,297.0,0.01,4.4e-05,31724.0,,,,
4903,8000,49658,1.8217,0.0245,3.5227,3.958,0.0161,0.08,8.08,0.93,0.0,884.0,370,472,42,42,53,5,297.0,0.02,4.4e-05,31736.0,,,,
4904,8000,49675,1.8862,0.0196,3.6583,3.885,0.0178,0.09,17.65,0.93,0.0,1036.0,513,495,28,50,48,3,253.0,0.02,4.4e-05,31753.0,,,,
4905,8000,49691,1.8911,0.0654,3.5762,3.843,0.0157,0.1,4.94,0.93,0.0,1121.0,512,604,5,46,54,0,234.0,0.02,4.4e-05,31780.0,,,,
4906,8000,49708,1.8769,0.0421,3.594,3.748,0.0191,0.12,3.85,0.93,0.0,1125.0,535,586,4,48,52,0,233.0,0.03,4.4e-05,31787.0,,,,
4907,8000,49724,1.8673,0.0372,3.5841,3.706,0.014,0.09,10.24,0.94,0.0,1024.0,497,521,6,49,51,1,256.0,0.03,4.4e-05,31757.0,,,,
4908,8000,49741,1.8698,0.0403,3.5831,3.768,0.0188,0.11,3.88,0.93,0.0,1067.0,519,541,7,49,51,1,246.0,0.03,4.4e-05,31739.0,,,,
4909,8000,49757,1.9264,0.0354,3.7058,3.685,0.0151,0.1,6.37,0.93,0.0,1083.0,551,529,3,51,49,0,242.0,0.03,4.4e-05,31705.0,,,,
4910,8000,49774,1.9034,0.0286,3.673,3.628,0.0157,0.1,5.67,0.93,0.0,1068.0,532,532,4,50,50,0,245.0,0.03,4.4e-05,31780.0,,,,
4911,8000,49791,1.9008,0.0275,3.6698,3.552,0.0125,0.09,5.81,0.93,0.0,1109.0,551,551,7,50,50,1,236.0,0.03,4.4e-05,31720.0,,,,
4912,8000,49807,1.9117,0.0142,3.718,3.583,0.0178,0.09,6.89,0.92,0.0,1164.0,554,604,6,48,52,1,225.0,0.03,4.4e-05,31785.0,,,,
4913,8000,49824,1.8613,-0.0028,3.6514,3.605,0.0148,0.1,3.9,0.93,0.0,1219.0,591,619,9,48,51,1,215.0,0.02,4.3e-05,31703.0,,,,
4914,8000,49840,1.8665,0.0066,3.6435,3.584,0.0143,0.1,3.35,0.93,0.0,1210.0,568,632,10,47,52,1,217.0,0.02,4.3e-05,31715.0,,,,
4915,8000,49857,2.0386,0.0055,3.9889,3.506,0.0108,0.08,17.15,0.92,0.0,1372.0,666,697,9,49,51,1,191.0,0.01,4.3e-05,31716.0,,,,
4916,8000,49873,1.8765,0.0102,3.6557,3.546,0.0174,0.12,3.3,0.93,0.0,1429.0,702,722,5,49,51,0,183.0,0.01,4.3e-05,31782.0,,,,
4917,8000,49890,1.8788,0.0126,3.6571,3.691,0.0159,0.11,3.53,0.93,0.0,1440.0,691,743,6,48,52,0,182.0,0.01,4.3e-05,31789.0,,,,
4918,8000,49907,1.8584,-0.0131,3.6667,3.593,0.0109,0.08,6.95,0.93,0.0,1429.0,675,748,6,47,52,0,183.0,0.01,4.3e-05,31713.0,,,,
4919,8000,49923,1.8829,0.0097,3.6708,3.624,0.0107,0.09,3.48,0.93,0.0,1376.0,677,695,4,49,51,0,191.0,0.01,4.3e-05,31707.0,,,,
4920,8000,49940,1.8888,0.0245,3.6532,3.672,0.0147,0.09,3.24,0.93,0.0,1357.0,677,675,5,50,50,0,193.0,0.0,4.3e-05,31712.0,,,,
4921,8000,49957,1.9674,0.021,3.8167,3.607,0.0182,0.1,3.36,0.89,0.0,1238.0,551,679,8,45,55,1,212.0,0.01,4.3e-05,30652.0,,,,
4922,8000,49974,1.9029,-0.0048,3.7388,3.606,0.0153,0.1,3.13,0.91,0.0,1230.0,558,662,10,45,54,1,213.0,0.02,4.3e-05,31739.0,,,,
4923,8000,49990,1.9315,-0.0051,3.7979,3.747,0.0119,0.09,7.22,0.91,0.0,1296.0,637,649,10,49,50,1,202.0,0.01,4.3e-05,31706.0,,,,
4924,8000,50007,1.8902,0.0081,3.6884,3.673,0.0111,0.08,3.7,0.92,0.0,1232.0,586,633,13,48,51,1,213.0,0.01,4.3e-05,31779.0,,,,
4925,8000,50023,1.8967,0.0141,3.6888,3.67,0.0119,0.09,3.64,0.92,0.0,1257.0,626,629,2,50,50,0,209.0,0.02,4.3e-05,31742.0,,,,
4926,8000,50040,1.8943,0.0061,3.6999,3.66,0.0103,0.08,4.76,0.92,0.0,1222.0,626,594,2,51,49,0,215.0,0.01,4.3e-05,31723.0,,,,
4927,8000,50057,1.8897,0.0028,3.6975,3.67,0.0115,0.09,4.04,0.92,0.0,1195.0,584,606,5,49,51,0,219.0,0.02,4.3e-05,31722.0,,,,
4928,8000,50073,1.8516,-0.0064,3.6387,3.6,0.0106,0.09,9.56,0.93,0.0,1056.0,522,530,4,49,50,0,248.0,0.02,4.3e-05,31727.0,,,,
4929,8000,50090,1.8868,0.0109,3.6744,3.566,0.013,0.09,3.98,0.92,0.0,1166.0,588,574,4,50,49,0,225.0,0.04,4.3e-05,31723.0,,,,
4930,8000,50106,1.8757,0.0138,3.6462,3.545,0.0148,0.1,4.02,0.93,0.0,1174.0,587,584,3,50,50,0,223.0,0.04,4.3e-05,31729.0,,,,
4931,8000,50123,1.854,0.0081,3.6142,3.545,0.011,0.09,3.8,0.93,0.0,1081.0,534,540,7,49,50,1,243.0,0.02,4.3e-05,31725.0,,,,
4932,8000,50139,1.8663,0.0076,3.6401,3.543,0.0095,0.08,4.82,0.93,0.0,1102.0,560,535,7,51,49,1,238.0,0.03,4.3e-05,31737.0,,,,
4933,8000,50156,1.8688,0.016,3.6285,3.588,0.0117,0.09,4.44,0.93,0.0,1096.0,556,537,3,51,49,0,239.0,0.02,4.3e-05,31768.0,,,,
4934,8000,50173,1.9029,0.0158,3.6971,3.588,0.0126,0.08,8.82,0.93,0.0,1144.0,588,548,8,51,48,1,229.0,0.02,4.3e-05,31735.0,,,,
4935,8000,50189,1.9633,0.0058,3.8364,3.473,0.0062,0.05,17.88,0.93,0.0,1103.0,566,530,7,51,48,1,238.0,0.02,4.3e-05,31723.0,,,,
4936,8000,50206,1.8774,0.009,3.6592,3.537,0.0097,0.08,7.39,0.93,0.0,1063.0,522,535,6,49,50,1,247.0,0.01,4.3e-05,31726.0,,,,
4937,8000,50222,1.8458,-0.0139,3.6417,3.552,0.0074,0.06,9.56,0.94,0.0,1040.0,504,534,2,48,51,0,252.0,0.02,4.3e-05,31745.0,,,,
4938,8000,50239,1.8295,-0.007,3.5959,3.604,0.0129,0.09,5.89,0.93,0.0,1033.0,506,519,8,49,50,1,254.0,0.02,4.3e-05,31733.0,,,,
4939,8000,50255,1.8347,-0.0032,3.5993,3.692,0.0084,0.07,8.27,0.94,0.0,1001.0,477,514,10,48,51,1,262.0,0.02,4.3e-05,31740.0,,,,
4940,8000,50272,1.8625,0.0016,3.6447,3.604,0.0101,0.08,6.92,0.93,0.0,1068.0,487,572,9,46,54,1,245.0,0.01,4.3e-05,31724.0,,,,
4941,8000,50289,1.9124,0.0251,3.6984,3.697,0.0187,0.09,3.92,0.92,0.0,1092.0,570,518,4,52,47,0,240.0,0.02,4.3e-05,30609.0,,,,
4942,8000,50306,1.8719,0.0116,3.6456,3.826,0.0114,0.07,5.92,0.92,0.0,1090.0,554,523,13,51,48,1,240.0,0.01,4.3e-05,31713.0,,,,
4943,8000,50322,1.827,0.0242,3.5302,3.817,0.0127,0.1,3.29,0.93,0.0,994.0,507,485,2,51,49,0,264.0,0.01,4.3e-05,31717.0,,,,
4944,8000,50339,1.7937,0.0291,3.4552,3.983,0.0157,0.09,4.18,0.94,0.0,976.0,509,462,5,52,47,1,269.0,0.01,4.3e-05,31695.0,,,,
4945,8000,50356,1.7994,0.01,3.5049,3.984,0.009,0.06,6.66,0.94,0.0,910.0,508,397,5,56,44,1,288.0,0.02,4.3e-05,31705.0,,,,
4946,8000,50372,1.8028,0.0128,3.5047,3.841,0.0113,0.08,6.34,0.94,0.0,913.0,481,425,7,53,47,1,287.0,0.02,4.3e-05,31752.0,,,,
4947,8000,50389,1.7803,0.0149,3.4558,3.853,0.0112,0.08,5.94,0.95,0.0,891.0,456,429,6,51,48,1,294.0,0.02,4.3e-05,31772.0,,,,
4948,8000,50405,1.7621,0.0061,3.4369,3.858,0.0106,0.08,6.8,0.95,0.0,883.0,446,427,10,51,48,1,297.0,0.02,4.3e-05,31713.0,,,,
4949,8000,50422,1.7804,0.0149,3.4567,3.939,0.0112,0.07,6.95,0.96,0.0,848.0,445,392,11,52,46,1,309.0,0.02,4.3e-05,31697.0,145,0,367,28
4950,8000,50454,1.7945,0.0142,3.4855,3.847,0.012,0.08,6.55,0.95,0.0,912.0,457,448,7,50,49,1,287.0,0.01,4.3e-05,31921.0,,,,
4951,8000,50470,1.8231,0.011,3.5481,3.721,0.0143,0.09,5.57,0.95,0.0,1034.0,488,542,4,47,52,0,254.0,0.01,4.3e-05,31711.0,,,,
4952,8000,50487,1.8609,-0.0056,3.656,3.623,0.0077,0.06,12.7,0.95,0.0,1001.0,514,482,5,51,48,0,262.0,0.01,4.3e-05,31767.0,,,,
4953,8000,50504,1.8528,0.0193,3.5903,3.671,0.0124,0.08,14.48,0.95,0.0,969.0,471,496,2,49,51,0,271.0,0.01,4.3e-05,31716.0,,,,
4954,8000,50520,1.8409,0.0248,3.5552,3.586,0.0115,0.08,10.0,0.95,0.0,1000.0,521,473,6,52,47,1,262.0,0.01,4.3e-05,31725.0,,,,
4955,8000,50537,1.8373,0.0125,3.5728,3.648,0.0116,0.08,6.83,0.95,0.0,1029.0,506,517,6,49,50,1,255.0,0.01,4.3e-05,31699.0,,,,
4956,8000,50553,1.8499,0.0068,3.6089,3.637,0.0115,0.08,8.92,0.95,0.0,1091.0,578,507,6,53,46,1,240.0,0.01,4.3e-05,31695.0,,,,
4957,8000,50570,1.8282,0.0166,3.5459,3.624,0.0139,0.09,5.72,0.95,0.0,1055.0,577,471,7,55,45,1,248.0,0.01,4.3e-05,31703.0,,,,
4958,8000,50587,1.8468,0.0118,3.5939,3.722,0.02,0.1,6.6,0.95,0.0,1019.0,510,504,5,50,49,0,257.0,0.01,4.3e-05,31688.0,,,,
4959,8000,50603,1.8862,0.0315,3.6322,3.638,0.0145,0.09,9.39,0.95,0.0,1063.0,538,520,5,51,49,0,247.0,0.01,4.3e-05,31768.0,,,,
4960,8000,50620,1.8429,0.0215,3.565,3.569,0.011,0.08,7.68,0.95,0.0,952.0,491,456,5,52,48,1,275.0,0.02,4.3e-05,31712.0,,,,
4961,8000,50637,1.9388,0.0235,3.7542,3.658,0.016,0.09,6.48,0.93,0.0,1078.0,512,557,9,47,52,1,243.0,0.01,4.3e-05,30630.0,,,,
4962,8000,50653,1.9306,0.0359,3.7117,3.584,0.0124,0.07,10.61,0.93,0.0,1014.0,483,521,10,48,51,1,259.0,0.01,4.3e-05,31737.0,,,,
4963,8000,50670,1.8398,0.0059,3.5919,3.767,0.0146,0.1,7.4,0.94,0.0,1074.0,541,524,9,50,49,1,244.0,0.02,4.3e-05,31726.0,,,,
4964,8000,50687,1.8382,-0.0082,3.6171,3.793,0.0127,0.09,6.54,0.94,0.0,1060.0,517,534,9,49,50,1,247.0,0.02,4.3e-05,31795.0,,,,
4965,8000,50703,1.849,0.0089,3.6048,3.775,0.0113,0.08,8.28,0.94,0.0,1020.0,502,510,8,49,50,1,257.0,0.02,4.3e-05,31720.0,,,,
4966,8000,50720,1.8563,0.0088,3.6192,3.713,0.0158,0.1,10.68,0.93,0.0,1090.0,530,548,12,49,50,1,240.0,0.03,4.3e-05,31731.0,,,,
4967,8000,50736,1.9074,-0.0072,3.7541,3.805,0.0085,0.07,15.26,0.93,0.0,1078.0,530,541,7,49,50,1,243.0,0.03,4.3e-05,31757.0,,,,
4968,8000,50753,1.8833,-0.0182,3.7269,3.656,0.0089,0.07,11.79,0.93,0.0,1075.0,527,542,6,49,50,1,244.0,0.02,4.3e-05,31701.0,,,,
4969,8000,50770,1.8324,-0.0009,3.5909,3.682,0.0159,0.11,3.76,0.93,0.0,1063.0,557,500,6,52,47,1,247.0,0.01,4.3e-05,31709.0,,,,
4970,8000,50786,1.8488,0.0,3.6219,3.647,0.015,0.1,4.42,0.93,0.0,1096.0,558,530,8,51,48,1,239.0,0.02,4.3e-05,31756.0,,,,
4971,8000,50803,1.8747,0.0152,3.6429,3.621,0.0135,0.1,4.5,0.93,0.0,1105.0,547,556,2,50,50,0,237.0,0.01,4.3e-05,31715.0,,,,
4972,8000,50819,1.8989,0.0185,3.6856,3.712,0.0118,0.09,10.06,0.93,0.0,1119.0,571,542,6,51,48,1,234.0,0.01,4.3e-05,31751.0,,,,
4973,8000,50836,1.8451,-0.0142,3.6424,3.622,0.0096,0.08,4.72,0.93,0.0,1110.0,565,540,5,51,49,0,236.0,0.02,4.3e-05,31704.0,,,,
4974,8000,50852,1.8141,-0.003,3.5599,3.836,0.0119,0.09,5.48,0.94,0.0,1037.0,552,476,9,53,46,1,253.0,0.02,4.3e-05,31697.0,,,,
4975,8000,50869,1.7872,-0.0138,3.5285,3.874,0.0135,0.09,4.74,0.94,0.0,1037.0,528,496,13,51,48,1,253.0,0.01,4.3e-05,31756.0,,,,
4976,8000,50886,1.834,-0.0101,3.6135,3.79,0.0114,0.08,5.04,0.93,0.0,1030.0,521,500,9,51,49,1,255.0,0.02,4.3e-05,31694.0,,,,
4977,8000,50902,1.8357,-0.0141,3.6264,3.876,0.0114,0.09,4.65,0.93,0.0,1113.0,552,548,13,50,49,1,236.0,0.01,4.3e-05,31704.0,,,,
4978,8000,50919,1.8362,-0.006,3.6094,3.694,0.013,0.09,4.79,0.94,0.0,1046.0,517,521,8,49,50,1,251.0,0.01,4.3e-05,31708.0,,,,
4979,8000,50935,1.8387,0.0065,3.5893,3.731,0.0137,0.1,4.33,0.93,0.0,1061.0,550,506,5,52,48,0,247.0,0.01,4.3e-05,31698.0,,,,
4980,8000,50952,1.8321,-0.0182,3.6252,3.661,0.0103,0.09,5.56,0.93,0.0,1011.0,511,494,6,51,49,1,259.0,0.01,4.3e-05,31746.0,,,,
4981,8000,50969,1.9569,0.0362,3.7695,3.776,0.013,0.09,3.76,0.9,0.0,1095.0,521,553,21,48,51,2,239.0,0.02,4.3e-05,30643.0,,,,
4982,8000,50986,1.9086,0.0337,3.6775,3.885,0.0136,0.09,3.91,0.91,0.0,1047.0,533,503,11,51,48,1,250.0,0.02,4.3e-05,31695.0,,,,
4983,8000,51002,1.8868,0.0183,3.6648,3.886,0.0131,0.09,3.81,0.91,0.0,1053.0,529,509,15,50,48,1,249.0,0.04,4.3e-05,31712.0,,,,
4984,8000,51019,1.8565,0.0006,3.6394,3.881,0.0092,0.07,7.2,0.92,0.0,1068.0,559,497,12,52,47,1,245.0,0.03,4.3e-05,31698.0,,,,
4985,8000,51036,1.8435,0.0134,3.5863,3.845,0.0151,0.1,2.85,0.92,0.0,1063.0,554,504,5,52,47,0,247.0,0.03,4.3e-05,31768.0,,,,
4986,8000,51052,1.8397,0.0233,3.56,4.037,0.0097,0.08,4.81,0.93,0.0,980.0,510,467,3,52,48,0,267.0,0.02,4.3e-05,31736.0,,,,
4987,8000,51069,1.8186,0.0142,3.5351,3.961,0.012,0.08,4.88,0.93,0.0,980.0,475,504,1,48,51,0,267.0,0.03,4.3e-05,31793.0,,,,
4988,8000,51085,1.8452,0.0208,3.5746,3.859,0.0128,0.09,3.23,0.93,0.0,1065.0,545,517,3,51,49,0,246.0,0.03,4.3e-05,31699.0,,,,
4989,8000,51102,1.8277,0.0152,3.5505,3.856,0.0146,0.09,2.95,0.93,0.0,1031.0,574,453,4,56,44,0,254.0,0.03,4.3e-05,31772.0,,,,
4990,8000,51118,1.8725,0.0264,3.618,3.819,0.0141,0.09,7.93,0.93,0.0,1101.0,594,500,7,54,45,1,238.0,0.02,4.3e-05,31779.0,,,,
4991,8000,51135,1.863,0.0181,3.6152,3.848,0.0118,0.08,5.44,0.93,0.0,1061.0,527,530,4,50,50,0,247.0,0.01,4.3e-05,31776.0,,,,
4992,8000,51152,1.8549,0.0095,3.6158,3.818,0.0083,0.07,13.97,0.94,0.0,991.0,508,477,6,51,48,1,265.0,0.02,4.3e-05,31707.0,,,,
4993,8000,51168,1.8483,0.0159,3.5907,3.907,0.0098,0.07,9.54,0.94,0.0,1002.0,528,464,10,53,46,1,262.0,0.02,4.3e-05,31686.0,,,,
4994,8000,51185,1.8256,0.0147,3.5473,3.86,0.012,0.08,4.66,0.94,0.0,924.0,504,410,10,55,44,1,284.0,0.02,4.3e-05,31711.0,,,,
4995,8000,51201,1.8129,0.0048,3.5417,3.846,0.0121,0.08,4.8,0.94,0.0,985.0,487,488,10,49,50,1,266.0,0.02,4.3e-05,31782.0,,,,
4996,8000,51218,1.8084,0.0015,3.5403,3.902,0.0126,0.09,6.06,0.93,0.0,1037.0,497,530,10,48,51,1,253.0,0.02,4.3e-05,31772.0,,,,
4997,8000,51234,1.8407,-0.0133,3.6333,3.748,0.012,0.08,4.07,0.93,0.0,1087.0,559,515,13,51,47,1,241.0,0.02,4.3e-05,31706.0,,,,
4998,8000,51251,1.8375,-0.0036,3.6084,3.81,0.0129,0.09,4.18,0.92,0.0,1183.0,569,604,10,48,51,1,222.0,0.01,4.3e-05,31704.0,,,,
4999,8000,51268,1.8621,0.0102,3.6293,3.759,0.0141,0.1,3.99,0.92,0.0,1157.0,587,558,12,51,48,1,227.0,0.01,4.3e-05,31776.0,133,0,379,26
5000,8000,51299,1.8541,0.0023,3.6282,3.717,0.0128,0.09,3.67,0.92,0.0,1201.0,594,603,4,49,50,0,218.0,0.01,4.3e-05,31818.0,,,,
5001,8000,51317,1.9435,0.0083,3.7956,3.771,0.017,0.1,3.47,0.89,0.0,1214.0,648,562,4,53,46,0,216.0,0.01,4.3e-05,30562.0,,,,
5002,8000,51333,1.8941,0.0212,3.6717,3.781,0.0156,0.1,2.94,0.91,0.0,1139.0,628,503,8,55,44,1,230.0,0.02,4.3e-05,31699.0,,,,
5003,8000,51350,1.8816,0.0082,3.6716,3.738,0.0111,0.08,4.54,0.91,0.0,1106.0,608,483,15,55,44,1,237.0,0.02,4.3e-05,31725.0,,,,
5004,8000,51366,1.8773,0.0044,3.6712,3.807,0.0138,0.08,3.62,0.92,0.0,1132.0,637,485,10,56,43,1,232.0,0.02,4.3e-05,31699.0,,,,
5005,8000,51383,1.8387,0.0156,3.5719,3.898,0.0164,0.09,3.43,0.93,0.0,1107.0,582,521,4,53,47,0,237.0,0.02,4.3e-05,31737.0,,,,
5006,8000,51400,1.8357,0.0051,3.587,3.896,0.018,0.1,3.78,0.93,0.0,1034.0,539,491,4,52,47,0,254.0,0.02,4.3e-05,31742.0,,,,
5007,8000,51416,1.842,0.0141,3.5815,3.886,0.013,0.09,3.12,0.93,0.0,1055.0,548,504,3,52,48,0,248.0,0.01,4.3e-05,31704.0,,,,
5008,8000,51433,1.8402,0.0077,3.589,3.731,0.0116,0.08,4.11,0.94,0.0,996.0,533,457,6,54,46,1,263.0,0.01,4.3e-05,31687.0,,,,
5009,8000,51449,1.837,0.0131,3.5729,3.882,0.0082,0.07,10.18,0.94,0.0,920.0,491,427,2,53,46,0,285.0,0.01,4.3e-05,31700.0,,,,
5010,8000,51466,1.9015,-0.002,3.7317,3.763,0.0039,0.04,28.61,0.94,0.0,904.0,485,408,11,54,45,1,290.0,0.01,4.3e-05,31772.0,,,,
5011,8000,51483,1.8393,0.0037,3.5967,3.815,0.0104,0.08,6.25,0.94,0.0,965.0,493,459,13,51,48,1,272.0,0.01,4.3e-05,31691.0,,,,
5012,8000,51499,1.8378,0.0098,3.5806,3.746,0.0112,0.08,6.67,0.94,0.0,949.0,487,450,12,51,47,1,276.0,0.01,4.3e-05,31758.0,,,,
5013,8000,51516,1.8711,0.013,3.6406,3.681,0.0128,0.09,7.78,0.94,0.0,998.0,519,471,8,52,47,1,263.0,0.01,4.3e-05,31722.0,,,,
5014,8000,51532,1.8388,0.0008,3.6005,3.64,0.0109,0.08,6.68,0.94,0.0,1035.0,543,479,13,52,46,1,253.0,0.01,4.3e-05,31699.0,,,,
5015,8000,51549,1.8187,-0.014,3.5898,3.644,0.0105,0.08,6.2,0.94,0.0,1007.0,494,502,11,49,50,1,260.0,0.0,4.3e-05,31691.0,,,,
5016,8000,51566,1.8475,0.0088,3.6012,3.624,0.0107,0.08,7.59,0.95,0.0,986.0,501,474,11,51,48,1,266.0,0.01,4.3e-05,31689.0,,,,
5017,8000,51582,1.7956,0.0033,3.5101,3.706,0.014,0.09,4.65,0.95,0.0,953.0,485,450,18,51,47,2,275.0,0.01,4.3e-05,31698.0,,,,
5018,8000,51599,1.8279,0.0001,3.5815,3.66,0.0115,0.08,6.16,0.94,0.0,1038.0,534,482,22,51,46,2,253.0,0.02,4.2e-05,31701.0,,,,
5019,8000,51615,1.8124,0.0023,3.5455,3.711,0.0144,0.1,4.29,0.94,0.0,1112.0,587,506,19,53,46,2,236.0,0.01,4.2e-05,31707.0,,,,
5020,8000,51632,1.8178,0.0009,3.56,3.733,0.0134,0.09,6.84,0.95,0.0,1097.0,567,503,27,52,46,2,239.0,0.01,4.2e-05,31703.0,,,,
5021,8000,51649,1.9196,0.0176,3.7283,3.688,0.0117,0.08,6.16,0.91,0.0,1075.0,471,592,12,44,55,1,244.0,0.01,4.2e-05,30591.0,,,,
5022,8000,51666,1.811,0.0057,3.5355,3.751,0.0136,0.09,4.35,0.93,0.0,974.0,433,533,8,44,55,1,269.0,0.02,4.2e-05,31719.0,,,,
5023,8000,51682,1.8135,0.02,3.513,3.873,0.0138,0.09,4.3,0.93,0.0,963.0,446,501,16,46,52,2,272.0,0.03,4.2e-05,31723.0,,,,
5024,8000,51699,1.8158,0.022,3.5144,3.976,0.0118,0.09,6.44,0.94,0.0,905.0,416,482,7,46,53,1,290.0,0.04,4.2e-05,31731.0,,,,
5025,8000,51716,1.8084,0.0153,3.5138,3.934,0.0129,0.08,3.93,0.93,0.0,1024.0,471,534,19,46,52,2,256.0,0.03,4.2e-05,31777.0,,,,
5026,8000,51732,1.8411,0.0082,3.5915,3.844,0.0134,0.09,4.55,0.93,0.0,1089.0,533,545,11,49,50,1,241.0,0.03,4.2e-05,31722.0,,,,
5027,8000,51749,1.8865,0.0041,3.6903,3.764,0.0103,0.08,5.49,0.93,0.0,1172.0,538,620,14,46,53,1,224.0,0.06,4.2e-05,31731.0,,,,
5028,8000,51765,1.8403,0.0129,3.5788,3.701,0.0127,0.09,3.19,0.93,0.0,1181.0,553,619,9,47,52,1,222.0,0.05,4.2e-05,31722.0,,,,
5029,8000,51782,1.8117,-0.0002,3.5478,3.722,0.0125,0.09,4.48,0.94,0.0,1048.0,477,560,11,46,53,1,250.0,0.03,4.2e-05,31729.0,,,,
5030,8000,51799,1.8094,0.0017,3.5404,3.789,0.0115,0.08,4.49,0.94,0.0,1092.0,533,551,8,49,50,1,240.0,0.03,4.2e-05,31707.0,,,,
5031,8000,51815,1.774,-0.002,3.4773,3.804,0.0114,0.08,3.87,0.94,0.0,1035.0,507,520,8,49,50,1,253.0,0.03,4.2e-05,31718.0,,,,
5032,8000,51832,1.7814,-0.0132,3.5147,3.849,0.0093,0.07,4.25,0.94,0.0,1093.0,531,542,20,49,50,2,240.0,0.04,4.2e-05,31712.0,,,,
5033,8000,51848,1.8121,-0.0125,3.574,3.736,0.011,0.08,6.79,0.94,0.0,1117.0,552,549,16,49,49,1,235.0,0.04,4.2e-05,31766.0,,,,
5034,8000,51865,1.8139,-0.0067,3.5657,3.719,0.0126,0.08,5.38,0.94,0.0,1132.0,529,583,20,47,52,2,232.0,0.02,4.2e-05,31705.0,,,,
5035,8000,51881,1.8395,0.0145,3.5761,3.887,0.0122,0.07,6.38,0.94,0.0,1221.0,606,606,9,50,50,1,215.0,0.02,4.2e-05,31788.0,,,,
5036,8000,51898,1.8075,0.0076,3.5252,3.85,0.0116,0.08,4.39,0.94,0.0,1181.0,589,585,7,50,50,1,222.0,0.01,4.2e-05,31719.0,,,,
5037,8000,51915,1.8312,0.0061,3.5761,3.887,0.016,0.09,2.86,0.94,0.0,1247.0,613,624,10,49,50,1,210.0,0.02,4.2e-05,31689.0,,,,
5038,8000,51931,1.8559,0.0156,3.6057,3.783,0.0145,0.1,3.45,0.93,0.0,1192.0,568,619,5,48,52,0,220.0,0.01,4.2e-05,31734.0,,,,
5039,8000,51948,1.8388,0.0218,3.5598,3.87,0.0134,0.09,3.67,0.94,0.0,1110.0,561,545,4,51,49,0,236.0,0.02,4.2e-05,31726.0,,,,
5040,8000,51964,1.8503,0.0054,3.6149,3.774,0.0132,0.09,3.63,0.93,0.0,1157.0,597,554,6,52,48,1,227.0,0.02,4.2e-05,31755.0,,,,
5041,8000,51982,1.954,0.0198,3.7937,3.753,0.0118,0.08,5.52,0.91,0.0,1225.0,626,591,8,51,48,1,214.0,0.02,4.2e-05,30546.0,,,,
5042,8000,51998,1.8897,0.0079,3.6892,3.797,0.0131,0.09,2.96,0.91,0.0,1299.0,637,648,14,49,50,1,202.0,0.01,4.2e-05,31690.0,,,,
5043,8000,52015,1.8971,0.0058,3.7089,3.851,0.0129,0.09,4.02,0.91,0.0,1387.0,680,692,15,49,50,1,189.0,0.01,4.2e-05,31687.0,,,,
5044,8000,52031,1.9217,0.0285,3.7131,3.876,0.0149,0.08,3.22,0.91,0.0,1472.0,738,726,8,50,49,1,178.0,0.01,4.2e-05,31766.0,,,,
5045,8000,52048,1.8671,0.0095,3.6416,3.867,0.013,0.09,2.7,0.92,0.0,1479.0,732,743,4,49,50,0,177.0,0.01,4.2e-05,31686.0,,,,
5046,8000,52065,1.918,0.0193,3.723,3.766,0.0139,0.09,2.78,0.92,0.0,1437.0,682,751,4,47,52,0,182.0,0.01,4.2e-05,31687.0,,,,
5047,8000,52081,1.9051,-0.001,3.7368,3.669,0.0115,0.09,3.91,0.92,0.0,1413.0,660,751,2,47,53,0,186.0,0.01,4.2e-05,31744.0,,,,
5048,8000,52098,1.8938,0.017,3.6793,3.758,0.0113,0.08,3.84,0.93,0.0,1355.0,672,678,5,50,50,0,193.0,0.01,4.2e-05,31704.0,,,,
5049,8000,52114,1.9014,0.0209,3.6869,3.746,0.0091,0.07,5.4,0.93,0.0,1299.0,653,640,6,50,49,0,202.0,0.01,4.2e-05,31756.0,248,1,263,48
5050,8000,52146,1.9106,0.0583,3.6304,3.689,0.0124,0.09,2.99,0.93,0.0,1257.0,555,695,7,44,55,1,209.0,0.01,4.2e-05,31861.0,,,,
5051,8000,52163,1.8909,0.0329,3.6426,3.717,0.0116,0.09,3.23,0.93,0.0,1238.0,585,642,11,47,52,1,212.0,0.01,4.2e-05,31763.0,,,,
5052,8000,52179,1.8775,0.0182,3.6456,3.717,0.0097,0.08,9.09,0.93,0.0,1211.0,577,619,15,48,51,1,216.0,0.0,4.2e-05,31759.0,,,,
5053,8000,52196,1.8722,0.0323,3.6071,3.662,0.0141,0.09,3.29,0.93,0.0,1194.0,522,653,19,44,55,2,220.0,0.0,4.2e-05,31696.0,,,,
5054,8000,52212,1.8924,0.0525,3.6059,3.657,0.013,0.09,3.51,0.93,0.0,1170.0,550,605,15,47,52,1,224.0,0.01,4.2e-05,31690.0,,,,
5055,8000,52229,1.8647,0.0181,3.619,3.657,0.0103,0.08,7.47,0.94,0.0,1088.0,495,582,11,45,53,1,241.0,0.01,4.2e-05,31735.0,,,,
5056,8000,52246,1.9071,0.0325,3.6756,3.683,0.0107,0.08,9.41,0.93,0.0,1123.0,517,590,16,46,53,1,233.0,0.01,4.2e-05,31686.0,,,,
5057,8000,52262,1.8471,0.0339,3.554,3.731,0.0103,0.08,4.38,0.94,0.0,1079.0,506,549,24,47,51,2,243.0,0.01,4.2e-05,31760.0,,,,
5058,8000,52279,1.8972,0.0297,3.6621,3.757,0.013,0.09,7.47,0.94,0.0,1130.0,534,569,27,47,50,2,232.0,0.01,4.2e-05,31693.0,,,,
5059,8000,52295,1.8475,0.0227,3.5763,3.673,0.0133,0.09,4.12,0.93,0.0,1173.0,564,587,22,48,50,2,223.0,0.0,4.2e-05,31695.0,,,,
5060,8000,52312,1.8357,0.0267,3.5442,3.735,0.013,0.09,4.72,0.94,0.0,1109.0,484,606,19,44,55,2,236.0,0.0,4.2e-05,31676.0,,,,
5061,8000,52329,1.9361,0.0425,3.7133,3.804,0.0153,0.09,3.83,0.91,0.0,1094.0,508,574,12,46,52,1,240.0,0.01,4.2e-05,30570.0,,,,
5062,8000,52346,1.8957,0.0218,3.6735,3.683,0.0134,0.09,3.14,0.91,0.0,1166.0,586,556,24,50,48,2,225.0,0.01,4.2e-05,31699.0,,,,
5063,8000,52362,1.9089,0.0313,3.682,3.724,0.0146,0.1,2.58,0.91,0.0,1206.0,618,565,23,51,47,2,217.0,0.01,4.2e-05,31697.0,,,,
5064,8000,52379,1.901,0.0428,3.6421,3.722,0.0135,0.1,2.81,0.92,0.0,1204.0,613,564,27,51,47,2,218.0,0.01,4.2e-05,31771.0,,,,
5065,8000,52396,1.8882,0.0276,3.6459,3.711,0.012,0.09,3.99,0.93,0.0,1242.0,653,587,2,53,47,0,211.0,0.02,4.2e-05,31706.0,,,,
5066,8000,52412,1.888,0.0219,3.6565,3.662,0.0106,0.08,4.33,0.93,0.0,1296.0,664,629,3,51,49,0,202.0,0.01,4.2e-05,31702.0,,,,
5067,8000,52429,1.8877,0.02,3.6594,3.659,0.0101,0.08,5.06,0.93,0.0,1228.0,641,586,1,52,48,0,213.0,0.01,4.2e-05,31765.0,,,,
5068,8000,52445,1.8918,0.0149,3.6778,3.643,0.0124,0.09,5.26,0.93,0.0,1239.0,624,613,2,50,49,0,212.0,0.01,4.2e-05,31695.0,,,,
5069,8000,52462,1.8493,0.0216,3.58,3.709,0.0118,0.09,3.8,0.94,0.0,1214.0,668,542,4,55,45,0,216.0,0.01,4.2e-05,31685.0,,,,
5070,8000,52479,1.8583,0.0164,3.6086,3.728,0.0113,0.09,4.83,0.94,0.0,1183.0,593,584,6,50,49,1,222.0,0.01,4.2e-05,31709.0,,,,
5071,8000,52495,1.8788,0.0247,3.6333,3.683,0.0102,0.08,4.69,0.94,0.0,1093.0,547,538,8,50,49,1,240.0,0.01,4.2e-05,31768.0,,,,
5072,8000,52512,1.8609,0.0388,3.57,3.728,0.0111,0.08,4.46,0.94,0.0,1088.0,533,544,11,49,50,1,241.0,0.02,4.2e-05,31690.0,,,,
5073,8000,52528,1.8816,0.0223,3.6433,3.62,0.0112,0.08,5.71,0.94,0.0,1047.0,539,502,6,51,48,1,250.0,0.02,4.2e-05,31697.0,,,,
5074,8000,52545,1.8737,0.0337,3.6048,3.641,0.0111,0.09,8.63,0.94,0.0,1042.0,538,497,7,52,48,1,252.0,0.02,4.2e-05,31680.0,,,,
5075,8000,52562,1.8598,0.0255,3.5954,3.722,0.0111,0.08,5.79,0.95,0.0,1081.0,558,508,15,52,47,1,243.0,0.01,4.2e-05,31767.0,,,,
5076,8000,52578,1.8653,0.0315,3.5941,3.724,0.0119,0.09,6.9,0.95,0.0,1061.0,519,530,12,49,50,1,247.0,0.01,4.2e-05,31696.0,,,,
5077,8000,52595,1.8668,0.0446,3.5705,3.75,0.0101,0.08,5.71,0.95,0.0,1015.0,514,493,8,51,49,1,258.0,0.01,4.2e-05,31695.0,,,,
5078,8000,52611,1.8332,0.0454,3.5026,3.867,0.0112,0.08,6.22,0.95,0.0,976.0,527,438,11,54,45,1,269.0,0.0,4.2e-05,31703.0,,,,
5079,8000,52628,1.8591,0.0244,3.5943,3.64,0.0085,0.07,9.59,0.94,0.0,898.0,448,442,8,50,49,1,292.0,0.01,4.2e-05,31700.0,,,,
5080,8000,52645,1.8216,0.0239,3.5215,3.709,0.015,0.09,7.02,0.95,0.0,956.0,487,458,11,51,48,1,274.0,0.01,4.2e-05,31714.0,,,,
5081,8000,52662,1.8933,0.0148,3.6827,3.756,0.0125,0.09,5.27,0.93,0.0,944.0,482,446,16,51,47,2,278.0,0.01,4.2e-05,30639.0,,,,
5082,8000,52678,1.8472,-0.0054,3.6323,3.884,0.0119,0.09,6.08,0.93,0.0,981.0,524,445,12,53,45,1,267.0,0.01,4.2e-05,31703.0,,,,
5083,8000,52695,1.8207,0.0076,3.5536,3.988,0.0123,0.09,5.12,0.93,0.0,901.0,478,414,9,53,46,1,291.0,0.02,4.2e-05,31746.0,,,,
5084,8000,52711,1.8157,0.0178,3.5238,4.109,0.0104,0.08,7.5,0.94,0.0,848.0,469,374,5,55,44,1,309.0,0.02,4.2e-05,31770.0,,,,
5085,8000,52728,1.8074,0.0381,3.4676,4.094,0.0117,0.08,5.96,0.94,0.0,816.0,429,376,11,53,46,1,321.0,0.03,4.2e-05,31713.0,,,,
5086,8000,52745,1.7915,0.0185,3.4752,4.068,0.0085,0.07,5.62,0.94,0.0,793.0,415,361,17,52,46,2,331.0,0.02,4.2e-05,31679.0,,,,
5087,8000,52761,1.7944,0.0235,3.4701,3.981,0.0097,0.08,4.64,0.94,0.0,796.0,392,391,13,49,49,2,329.0,0.02,4.2e-05,31706.0,,,,
5088,8000,52778,1.8463,0.0176,3.5859,3.922,0.0111,0.08,12.7,0.94,0.0,856.0,449,390,17,52,46,2,306.0,0.01,4.2e-05,31694.0,,,,
5089,8000,52794,1.8743,0.0067,3.6619,3.751,0.0088,0.07,10.44,0.93,0.0,943.0,499,421,23,53,45,2,278.0,0.02,4.2e-05,31676.0,,,,
5090,8000,52811,1.8506,0.0143,3.5988,3.77,0.0113,0.08,7.52,0.94,0.0,974.0,504,452,18,52,46,2,269.0,0.01,4.2e-05,31766.0,,,,
5091,8000,52828,1.8839,0.0262,3.64,3.692,0.0106,0.08,6.37,0.94,0.0,1050.0,551,493,6,52,47,1,250.0,0.02,4.2e-05,31670.0,,,,
5092,8000,52844,1.8506,0.0199,3.5874,3.814,0.0112,0.09,5.3,0.93,0.0,1012.0,523,483,6,52,48,1,259.0,0.03,4.2e-05,31705.0,,,,
5093,8000,52861,1.8265,0.0117,3.5567,3.875,0.0127,0.09,6.08,0.94,0.0,975.0,524,443,8,54,45,1,269.0,0.03,4.2e-05,31685.0,,,,
5094,8000,52877,1.8116,0.0103,3.5298,3.857,0.0149,0.1,5.3,0.94,0.0,957.0,513,430,14,54,45,1,274.0,0.02,4.2e-05,31778.0,,,,
5095,8000,52894,1.7766,0.0073,3.4657,3.842,0.0137,0.1,4.51,0.94,0.0,900.0,471,411,18,52,46,2,291.0,0.02,4.2e-05,31747.0,,,,
5096,8000,52911,1.8112,0.0216,3.5052,3.771,0.0158,0.1,4.66,0.93,0.0,906.0,512,383,11,57,42,1,289.0,0.03,4.2e-05,31743.0,,,,
5097,8000,52927,1.8346,0.0229,3.5492,3.795,0.0136,0.1,4.0,0.94,0.0,940.0,529,398,13,56,42,1,279.0,0.03,4.2e-05,31752.0,,,,
5098,8000,52944,1.7748,0.0042,3.4673,3.789,0.0125,0.1,3.78,0.94,0.0,915.0,509,392,14,56,43,2,286.0,0.03,4.2e-05,31681.0,,,,
5099,8000,52960,1.807,0.019,3.5023,3.828,0.0139,0.1,4.29,0.94,0.0,928.0,468,453,7,50,49,1,282.0,0.02,4.2e-05,31701.0,205,0,307,40
5100,8000,52992,1.7959,0.0131,3.4926,3.817,0.0124,0.09,4.37,0.94,0.0,899.0,482,409,8,54,45,1,292.0,0.03,4.2e-05,31818.0,,,,
5101,8000,53009,1.9109,0.0025,3.7434,3.805,0.0135,0.1,5.18,0.92,0.0,1032.0,516,502,14,50,49,1,254.0,0.04,4.2e-05,30527.0,,,,
5102,8000,53026,1.8866,0.0138,3.6715,3.733,0.0153,0.11,3.59,0.92,0.0,1065.0,489,571,5,46,54,0,246.0,0.04,4.2e-05,31704.0,,,,
5103,8000,53043,1.87,0.0254,3.6167,3.899,0.0133,0.1,3.27,0.92,0.0,1085.0,511,565,9,47,52,1,242.0,0.02,4.2e-05,31768.0,,,,
5104,8000,53059,1.8813,0.018,3.6541,3.874,0.0113,0.09,3.72,0.92,0.0,1072.0,511,552,9,48,51,1,245.0,0.03,4.2e-05,31727.0,,,,
5105,8000,53076,1.8567,0.0035,3.6339,3.95,0.0116,0.09,3.46,0.92,0.0,1061.0,511,541,9,48,51,1,247.0,0.02,4.2e-05,31773.0,,,,
5106,8000,53093,1.8417,-0.0019,3.6147,3.947,0.011,0.08,4.57,0.93,0.0,1006.0,489,499,18,49,50,2,261.0,0.01,4.2e-05,31721.0,,,,
5107,8000,53109,1.8425,-0.008,3.627,3.714,0.0103,0.09,3.42,0.93,0.0,1036.0,471,545,20,45,53,2,253.0,0.02,4.2e-05,31691.0,,,,
5108,8000,53126,1.8757,0.0186,3.6399,3.746,0.0103,0.09,4.15,0.93,0.0,1043.0,471,557,15,45,53,1,251.0,0.03,4.2e-05,31701.0,,,,
5109,8000,53142,1.8628,0.0228,3.6062,3.764,0.0131,0.09,3.69,0.93,0.0,1038.0,473,555,10,46,53,1,253.0,0.04,4.2e-05,31699.0,,,,
5110,8000,53159,1.8468,0.0029,3.6134,3.737,0.01,0.08,4.95,0.93,0.0,965.0,440,512,13,46,53,1,272.0,0.03,4.2e-05,31706.0,,,,
5111,8000,53176,1.8205,0.0182,3.5301,3.736,0.0125,0.09,3.75,0.94,0.0,972.0,448,507,17,46,52,2,270.0,0.02,4.2e-05,31700.0,,,,
5112,8000,53192,1.8258,0.0117,3.5545,3.84,0.0104,0.08,6.92,0.94,0.0,935.0,425,499,11,45,53,1,280.0,0.02,4.2e-05,31758.0,,,,
5113,8000,53209,1.8109,0.0218,3.5043,3.876,0.0121,0.09,9.32,0.94,0.0,871.0,394,468,9,45,54,1,301.0,0.02,4.2e-05,31735.0,,,,
5114,8000,53225,1.8596,0.0174,3.6112,3.853,0.0085,0.08,10.27,0.94,0.0,821.0,361,451,9,44,55,1,319.0,0.02,4.2e-05,31708.0,,,,
5115,8000,53242,1.8429,0.0336,3.5451,3.749,0.012,0.1,6.21,0.94,0.0,833.0,401,423,9,48,51,1,315.0,0.02,4.2e-05,31777.0,,,,
5116,8000,53258,1.8144,0.0364,3.4839,3.778,0.0151,0.1,4.38,0.94,0.0,864.0,383,463,18,44,54,2,303.0,0.02,4.2e-05,31726.0,,,,
5117,8000,53275,1.7769,0.012,3.4561,3.78,0.0091,0.08,6.58,0.94,0.0,744.0,323,405,16,43,54,2,352.0,0.03,4.2e-05,31777.0,,,,
5118,8000,53292,1.7306,0.0175,3.3532,3.815,0.0083,0.07,7.0,0.95,0.0,714.0,288,408,18,40,57,3,367.0,0.03,4.2e-05,31701.0,,,,
5119,8000,53308,1.7427,0.0258,3.3619,4.002,0.0103,0.08,10.12,0.95,0.0,712.0,304,384,24,43,54,3,368.0,0.03,4.2e-05,31771.0,,,,
5120,8000,53325,1.7335,0.0174,3.3605,3.981,0.0097,0.08,8.37,0.95,0.0,710.0,294,393,23,41,55,3,369.0,0.03,4.2e-05,31692.0,,,,
5121,8000,53342,1.8545,0.026,3.5853,3.98,0.0099,0.08,21.08,0.94,0.0,768.0,347,387,34,45,50,4,341.0,0.03,4.2e-05,30643.0,,,,
5122,8000,53359,1.929,0.0109,3.7601,3.622,0.0047,0.04,27.15,0.93,0.0,906.0,423,443,40,47,49,4,289.0,0.03,4.2e-05,31671.0,,,,
5123,8000,53375,1.8337,0.0195,3.5548,3.843,0.0088,0.07,8.87,0.94,0.0,913.0,453,440,20,50,48,2,287.0,0.03,4.2e-05,31671.0,,,,
5124,8000,53392,1.8365,0.0288,3.5415,3.816,0.0088,0.07,9.69,0.94,0.0,889.0,478,397,14,54,45,2,295.0,0.01,4.2e-05,31680.0,,,,
5125,8000,53409,1.8261,0.0154,3.5488,3.946,0.0078,0.07,12.68,0.94,0.0,821.0,408,394,19,50,48,2,319.0,0.02,4.2e-05,31692.0,,,,
5126,8000,53425,1.7579,0.0014,3.4392,3.917,0.0109,0.08,10.72,0.94,0.0,796.0,406,377,13,51,47,2,329.0,0.01,4.2e-05,31725.0,,,,
5127,8000,53442,1.785,0.0041,3.4888,3.908,0.0073,0.07,12.96,0.94,0.0,814.0,419,378,17,51,46,2,322.0,0.01,4.2e-05,31754.0,,,,
5128,8000,53458,1.7722,0.0199,3.4335,4.02,0.0114,0.08,9.19,0.94,0.0,786.0,400,367,19,51,47,2,334.0,0.01,4.1e-05,31681.0,,,,
5129,8000,53475,1.793,0.0233,3.4682,3.981,0.0139,0.1,6.61,0.94,0.0,824.0,391,413,20,47,50,2,318.0,0.01,4.1e-05,31727.0,,,,
5130,8000,53492,1.7894,0.0036,3.4999,4.047,0.0105,0.08,8.99,0.93,0.0,891.0,480,394,17,54,44,2,294.0,0.01,4.1e-05,31683.0,,,,
5131,8000,53508,1.7659,-0.0006,3.4616,4.121,0.0142,0.1,9.62,0.94,0.0,831.0,408,405,18,49,49,2,315.0,0.01,4.1e-05,31696.0,,,,
5132,8000,53525,1.7743,0.0127,3.452,4.08,0.0142,0.1,6.74,0.94,0.0,814.0,431,367,16,53,45,2,322.0,0.02,4.1e-05,31671.0,,,,
5133,8000,53541,1.7747,0.0055,3.4673,4.075,0.0149,0.1,7.59,0.94,0.0,849.0,440,391,18,52,46,2,309.0,0.02,4.1e-05,31669.0,,,,
5134,8000,53558,1.8153,0.016,3.5262,3.949,0.0085,0.08,9.23,0.93,0.0,831.0,448,365,18,54,44,2,315.0,0.03,4.1e-05,31677.0,,,,
5135,8000,53575,1.8089,0.007,3.531,3.96,0.011,0.09,8.34,0.93,0.0,847.0,444,389,14,52,46,2,309.0,0.03,4.1e-05,31674.0,,,,
5136,8000,53591,1.7843,0.015,3.4671,3.998,0.013,0.09,6.9,0.94,0.0,863.0,462,379,22,54,44,3,304.0,0.01,4.1e-05,31697.0,,,,
5137,8000,53608,1.7568,0.0086,3.4254,4.121,0.0125,0.09,6.29,0.94,0.0,832.0,449,372,11,54,45,1,315.0,0.01,4.1e-05,31703.0,,,,
5138,8000,53624,1.7685,0.0119,3.4404,4.005,0.0104,0.08,12.41,0.95,0.0,809.0,426,369,14,53,46,2,324.0,0.02,4.1e-05,31769.0,,,,
5139,8000,53641,1.7666,0.0176,3.4262,3.984,0.0078,0.06,13.44,0.95,0.0,805.0,416,374,15,52,46,2,326.0,0.02,4.1e-05,31676.0,,,,
5140,8000,53658,1.7102,0.0076,3.3343,4.109,0.0143,0.1,5.84,0.95,0.0,755.0,380,363,12,50,48,2,347.0,0.01,4.1e-05,31669.0,,,,
5141,8000,53675,1.7833,0.0195,3.457,4.185,0.0168,0.1,5.8,0.93,0.0,764.0,355,399,10,46,52,1,343.0,0.03,4.1e-05,30571.0,,,,
5142,8000,53691,1.7644,0.0239,3.4105,4.183,0.0166,0.1,4.19,0.93,0.0,744.0,392,338,14,53,45,2,352.0,0.02,4.1e-05,31688.0,,,,
5143,8000,53708,1.77,0.0223,3.425,4.179,0.0168,0.11,4.42,0.93,0.0,787.0,411,358,18,52,45,2,333.0,0.02,4.1e-05,31708.0,,,,
5144,8000,53725,1.791,0.0211,3.4693,4.212,0.0125,0.09,8.62,0.92,0.0,780.0,416,352,12,53,45,2,336.0,0.02,4.1e-05,31696.0,,,,
5145,8000,53741,1.7474,0.0017,3.4201,4.13,0.0113,0.09,5.52,0.92,0.0,794.0,416,364,14,52,46,2,330.0,0.02,4.1e-05,31702.0,,,,
5146,8000,53758,1.7043,-0.0057,3.3509,4.268,0.0123,0.09,4.34,0.93,0.0,751.0,380,351,20,51,47,3,349.0,0.02,4.1e-05,31775.0,,,,
5147,8000,53774,1.6876,0.0067,3.2941,4.323,0.0115,0.08,4.4,0.93,0.0,699.0,325,335,39,46,48,6,375.0,0.04,4.1e-05,31691.0,,,,
5148,8000,53791,1.6962,-0.0038,3.3321,4.333,0.0109,0.08,6.18,0.93,0.0,687.0,346,315,26,50,46,4,382.0,0.04,4.1e-05,31705.0,,,,
5149,8000,53808,1.678,-0.0053,3.2985,4.292,0.0119,0.09,5.5,0.94,0.0,662.0,303,335,24,46,51,4,396.0,0.04,4.1e-05,31705.0,137,0,375,27
5150,8000,53840,1.7159,-0.0035,3.3696,4.096,0.0126,0.09,4.25,0.93,0.0,673.0,350,296,27,52,44,4,390.0,0.05,4.1e-05,31830.0,,,,
5151,8000,53856,1.7067,-0.0069,3.3575,4.125,0.0098,0.08,6.46,0.94,0.0,663.0,345,298,20,52,45,3,395.0,0.05,4.1e-05,31708.0,,,,
5152,8000,53873,1.6891,-0.0094,3.3279,4.138,0.0123,0.1,5.18,0.94,0.0,662.0,349,291,22,53,44,3,396.0,0.06,4.1e-05,31720.0,,,,
5153,8000,53889,1.6884,-0.0112,3.3299,4.115,0.0118,0.09,5.09,0.94,0.0,714.0,344,348,22,48,49,3,367.0,0.06,4.1e-05,31703.0,,,,
5154,8000,53906,1.701,-0.0073,3.3468,4.064,0.0134,0.1,3.93,0.93,0.0,784.0,410,349,25,52,45,3,334.0,0.06,4.1e-05,31710.0,,,,
5155,8000,53923,1.7339,-0.0032,3.404,4.028,0.0122,0.09,4.32,0.93,0.0,826.0,404,398,24,49,48,3,317.0,0.06,4.1e-05,31696.0,,,,
5156,8000,53939,1.785,0.0042,3.489,3.985,0.012,0.1,4.74,0.93,0.0,854.0,423,419,12,50,49,1,307.0,0.06,4.1e-05,31709.0,,,,
5157,8000,53956,1.7923,0.0066,3.5005,4.018,0.0128,0.09,4.28,0.93,0.0,891.0,452,426,13,51,48,1,294.0,0.08,4.1e-05,31714.0,,,,
5158,8000,53972,1.7986,0.0101,3.5058,4.039,0.0166,0.11,4.8,0.93,0.0,875.0,441,428,6,50,49,1,300.0,0.08,4.1e-05,31704.0,,,,
5159,8000,53989,1.7863,0.0014,3.4986,4.002,0.0123,0.1,4.34,0.93,0.0,909.0,485,411,13,53,45,1,288.0,0.08,4.1e-05,31691.0,,,,
5160,8000,54005,1.7742,-0.0062,3.49,4.03,0.0118,0.1,7.3,0.94,0.0,903.0,428,464,11,47,51,1,290.0,0.05,4.1e-05,31705.0,,,,
5161,8000,54023,1.7772,0.001,3.4809,4.113,0.0082,0.06,6.78,0.93,0.0,745.0,377,366,2,51,49,0,352.0,0.04,4.1e-05,30651.0,,,,
5162,8000,54039,1.7318,-0.0128,3.4201,4.237,0.0071,0.06,6.98,0.93,0.0,724.0,350,363,11,48,50,2,362.0,0.06,4.1e-05,31686.0,,,,
5163,8000,54056,1.7383,-0.0034,3.4139,4.246,0.0106,0.08,4.52,0.93,0.0,736.0,371,356,9,50,48,1,356.0,0.04,4.1e-05,31740.0,,,,
5164,8000,54072,1.7433,0.0013,3.415,4.363,0.01,0.08,5.12,0.93,0.0,786.0,380,389,17,48,49,2,334.0,0.02,4.1e-05,31680.0,,,,
5165,8000,54089,1.8405,-0.0059,3.6227,4.26,0.0091,0.07,24.42,0.93,0.0,790.0,384,394,12,49,50,2,332.0,0.03,4.1e-05,31668.0,,,,
5166,8000,54106,1.7702,0.0371,3.3962,4.263,0.0121,0.09,3.1,0.93,0.0,823.0,412,401,10,50,49,1,319.0,0.03,4.1e-05,31673.0,,,,
5167,8000,54122,1.7442,0.0258,3.3678,4.389,0.0103,0.08,3.62,0.93,0.0,759.0,370,379,10,49,50,1,345.0,0.05,4.1e-05,31696.0,,,,
5168,8000,54139,1.7407,0.021,3.3703,4.347,0.0088,0.07,5.19,0.93,0.0,765.0,357,398,10,47,52,1,343.0,0.06,4.1e-05,31681.0,,,,
5169,8000,54155,1.6838,0.0223,3.254,4.445,0.0115,0.08,3.7,0.94,0.0,607.0,275,327,5,45,54,1,432.0,0.04,4.1e-05,31679.0,,,,
5170,8000,54172,1.6971,0.0321,3.261,4.411,0.0111,0.09,4.15,0.94,0.0,653.0,301,344,8,46,53,1,401.0,0.03,4.1e-05,31693.0,,,,
5171,8000,54189,1.7076,0.0329,3.2807,4.433,0.0083,0.07,7.17,0.94,0.0,644.0,291,344,9,45,53,1,407.0,0.06,4.1e-05,31681.0,,,,
5172,8000,54205,1.7093,0.0318,3.2868,4.46,0.0103,0.08,10.05,0.94,0.0,673.0,341,319,13,51,47,2,390.0,0.03,4.1e-05,31700.0,,,,
5173,8000,54222,1.685,0.0366,3.2296,4.508,0.0081,0.06,8.46,0.95,0.0,607.0,275,319,13,45,53,2,432.0,0.03,4.1e-05,31670.0,,,,
5174,8000,54238,1.7178,0.0471,3.2741,4.548,0.0104,0.08,8.04,0.94,0.0,639.0,294,338,7,46,53,1,410.0,0.04,4.1e-05,31677.0,,,,
5175,8000,54255,1.7158,0.0334,3.2968,4.537,0.0083,0.07,6.25,0.94,0.0,672.0,320,347,5,48,52,1,390.0,0.02,4.1e-05,31680.0,,,,
5176,8000,54272,1.7142,0.0362,3.2883,4.547,0.0108,0.08,5.26,0.94,0.0,661.0,330,326,5,50,49,1,397.0,0.04,4.1e-05,31682.0,,,,
5177,8000,54288,1.701,0.0303,3.2738,4.565,0.0087,0.06,5.55,0.95,0.0,638.0,355,277,6,56,43,1,411.0,0.04,4.1e-05,31693.0,,,,
5178,8000,54305,1.7256,0.0375,3.3097,4.581,0.0092,0.07,13.39,0.95,0.0,675.0,335,329,11,50,49,2,388.0,0.05,4.1e-05,31683.0,,,,
5179,8000,54321,1.7254,0.0318,3.3205,4.574,0.0116,0.07,5.89,0.94,0.0,718.0,362,344,12,50,48,2,365.0,0.02,4.1e-05,31691.0,,,,
5180,8000,54338,1.7907,0.0345,3.4453,4.425,0.0091,0.07,7.85,0.94,0.0,738.0,353,367,18,48,50,2,355.0,0.03,4.1e-05,31763.0,,,,
5181,8000,54355,1.8358,0.0359,3.5314,4.394,0.0127,0.08,8.89,0.93,0.0,840.0,438,395,7,52,47,1,312.0,0.04,4.1e-05,30607.0,,,,
5182,8000,54372,1.8052,0.0306,3.4805,4.359,0.0084,0.06,8.35,0.93,0.0,790.0,380,403,7,48,51,1,332.0,0.06,4.1e-05,31712.0,,,,
5183,8000,54388,1.7877,0.0302,3.4472,4.464,0.0101,0.07,3.81,0.93,0.0,853.0,396,440,17,46,52,2,307.0,0.05,4.1e-05,31701.0,,,,
5184,8000,54405,1.7897,0.0256,3.4602,4.455,0.0094,0.07,6.2,0.93,0.0,807.0,393,407,7,49,50,1,325.0,0.05,4.1e-05,31703.0,,,,
5185,8000,54422,1.7353,0.0256,3.3517,4.474,0.0135,0.09,2.94,0.94,0.0,776.0,376,391,9,48,50,1,338.0,0.04,4.1e-05,31768.0,,,,
5186,8000,54438,1.7117,0.0179,3.3201,4.515,0.011,0.08,3.29,0.94,0.0,757.0,363,381,13,48,50,2,346.0,0.04,4.1e-05,31769.0,,,,
5187,8000,54455,1.7084,0.0161,3.3162,4.447,0.0103,0.07,3.51,0.94,0.0,693.0,341,345,7,49,50,1,378.0,0.04,4.1e-05,31706.0,,,,
5188,8000,54471,1.6981,0.0052,3.3176,4.505,0.0114,0.08,5.41,0.94,0.0,728.0,374,346,8,51,48,1,360.0,0.03,4.1e-05,31695.0,,,,
5189,8000,54488,1.8091,0.0115,3.5263,4.306,0.0052,0.04,13.06,0.93,0.0,835.0,409,412,14,49,49,2,314.0,0.01,4.1e-05,31684.0,,,,
5190,8000,54505,1.7107,0.0233,3.309,4.435,0.0069,0.06,6.24,0.95,0.0,712.0,355,337,20,50,47,3,368.0,0.02,4.1e-05,31719.0,,,,
5191,8000,54521,1.7191,0.0204,3.3303,4.433,0.0102,0.07,5.27,0.94,0.0,731.0,373,341,17,51,47,2,359.0,0.02,4.1e-05,31754.0,,,,
5192,8000,54538,1.6925,0.0067,3.3045,4.498,0.0108,0.07,3.15,0.95,0.0,735.0,347,371,17,47,50,2,357.0,0.02,4.1e-05,31705.0,,,,
5193,8000,54554,1.7193,0.0033,3.3653,4.459,0.0101,0.07,3.85,0.94,0.0,807.0,367,424,16,45,53,2,325.0,0.02,4.1e-05,31694.0,,,,
5194,8000,54571,1.7092,0.0032,3.3435,4.401,0.0109,0.07,5.84,0.95,0.0,725.0,355,358,12,49,49,2,362.0,0.02,4.1e-05,31700.0,,,,
5195,8000,54588,1.7678,0.0112,3.4444,4.28,0.0077,0.07,8.39,0.94,0.0,774.0,401,356,17,52,46,2,339.0,0.02,4.1e-05,31712.0,,,,
5196,8000,54604,1.7557,0.0176,3.4088,4.352,0.0098,0.07,5.03,0.94,0.0,783.0,374,389,20,48,50,3,335.0,0.03,4.1e-05,31693.0,,,,
5197,8000,54621,1.7457,0.0135,3.3966,4.454,0.0102,0.07,4.68,0.94,0.0,821.0,381,430,10,46,52,1,319.0,0.03,4.1e-05,31766.0,,,,
5198,8000,54637,1.6879,0.012,3.2861,4.546,0.0129,0.08,3.19,0.95,0.0,775.0,370,390,15,48,50,2,338.0,0.03,4.1e-05,31768.0,,,,
5199,8000,54654,1.6934,0.0134,3.2953,4.52,0.0101,0.07,3.2,0.95,0.0,731.0,365,343,23,50,47,3,359.0,0.02,4.1e-05,31707.0,209,0,303,41
5200,8000,54686,1.7118,0.0136,3.3311,4.507,0.0099,0.07,4.44,0.95,0.0,797.0,360,414,23,45,52,3,329.0,0.04,4.1e-05,31835.0,,,,
5201,8000,54703,1.8276,0.0108,3.5673,4.379,0.0102,0.07,4.72,0.93,0.0,926.0,469,435,22,51,47,2,283.0,0.05,4.1e-05,30614.0,,,,
5202,8000,54720,1.8243,0.0225,3.5355,4.293,0.0135,0.09,2.28,0.93,0.0,987.0,491,481,15,50,49,2,266.0,0.04,4.1e-05,31719.0,,,,
5203,8000,54736,1.7959,0.0158,3.4929,4.356,0.0111,0.08,2.6,0.94,0.0,1030.0,535,482,13,52,47,1,255.0,0.02,4.1e-05,31780.0,,,,
5204,8000,54753,1.777,0.0124,3.4615,4.395,0.0108,0.08,2.52,0.94,0.0,1069.0,574,480,15,54,45,1,245.0,0.03,4.1e-05,31710.0,,,,
5205,8000,54769,1.7403,0.0008,3.4102,4.355,0.011,0.08,3.88,0.94,0.0,1001.0,517,474,10,52,47,1,262.0,0.03,4.1e-05,31722.0,,,,
5206,8000,54786,1.7816,0.0134,3.4682,4.351,0.0076,0.06,9.31,0.95,0.0,936.0,514,410,12,55,44,1,280.0,0.04,4.1e-05,31724.0,,,,
5207,8000,54803,1.7482,0.0143,3.3999,4.426,0.0085,0.07,6.81,0.95,0.0,908.0,479,421,8,53,46,1,289.0,0.04,4.1e-05,31741.0,,,,
5208,8000,54819,1.7493,0.0275,3.3761,4.359,0.0103,0.08,5.05,0.95,0.0,818.0,433,370,15,53,45,2,320.0,0.03,4.1e-05,31714.0,,,,
5209,8000,54836,1.727,0.0152,3.3571,4.365,0.01,0.07,5.26,0.95,0.0,753.0,398,332,23,53,44,3,348.0,0.03,4.1e-05,31755.0,,,,
5210,8000,54852,1.767,0.0097,3.4468,4.36,0.0075,0.06,13.43,0.95,0.0,846.0,443,385,18,52,46,2,310.0,0.03,4.1e-05,31750.0,,,,
5211,8000,54869,1.776,0.0102,3.4636,4.262,0.0087,0.07,11.47,0.94,0.0,835.0,449,363,23,54,43,3,314.0,0.02,4.1e-05,31718.0,,,,
5212,8000,54885,1.7272,0.012,3.3635,4.374,0.0105,0.07,4.95,0.95,0.0,828.0,397,401,30,48,48,4,317.0,0.02,4.1e-05,31715.0,,,,
5213,8000,54902,1.7384,0.013,3.3821,4.31,0.0098,0.07,8.82,0.95,0.0,780.0,372,382,26,48,49,3,336.0,0.03,4.1e-05,31811.0,,,,
5214,8000,54919,1.6938,0.0179,3.2839,4.352,0.0101,0.07,6.15,0.96,0.0,785.0,395,362,28,50,46,4,334.0,0.03,4.1e-05,31732.0,,,,
5215,8000,54935,1.7557,0.0221,3.3994,4.36,0.0106,0.07,6.98,0.95,0.0,863.0,412,424,27,48,49,3,304.0,0.02,4.1e-05,31712.0,,,,
5216,8000,54952,1.7601,0.0381,3.3737,4.084,0.009,0.06,7.6,0.95,0.0,779.0,366,390,23,47,50,3,337.0,0.02,4.1e-05,31777.0,,,,
5217,8000,54968,1.767,0.0345,3.3962,4.215,0.0112,0.07,7.89,0.95,0.0,843.0,381,430,32,45,51,4,311.0,0.02,4.1e-05,31725.0,,,,
5218,8000,54985,1.792,0.0292,3.4569,4.255,0.0118,0.07,22.73,0.95,0.0,844.0,407,413,24,48,49,3,311.0,0.02,4.1e-05,31720.0,,,,
5219,8000,55002,1.8377,0.0223,3.5621,4.116,0.0022,0.02,40.06,0.95,0.0,824.0,406,390,28,49,47,3,318.0,0.01,4.1e-05,31744.0,,,,
5220,8000,55018,1.8201,0.0151,3.5411,4.09,0.0122,0.07,13.71,0.95,0.0,907.0,455,430,22,50,47,2,289.0,0.02,4.1e-05,31711.0,,,,
5221,8000,55035,1.812,0.0246,3.5066,4.233,0.0161,0.09,3.01,0.93,0.0,878.0,462,394,22,53,45,3,299.0,0.02,4.1e-05,30560.0,,,,
5222,8000,55052,1.8005,0.0069,3.5176,4.198,0.0119,0.09,14.95,0.93,0.0,819.0,405,403,11,49,49,1,320.0,0.01,4.1e-05,31701.0,,,,
5223,8000,55069,1.9188,0.0239,3.7179,3.979,0.0053,0.05,34.29,0.93,0.0,770.0,349,411,10,45,53,1,340.0,0.02,4.1e-05,31698.0,,,,
5224,8000,55085,1.8093,0.035,3.478,4.092,0.0089,0.07,11.0,0.94,0.0,739.0,366,364,9,50,49,1,355.0,0.02,4.1e-05,31764.0,,,,
5225,8000,55102,1.7562,0.0427,3.3652,4.194,0.0112,0.07,9.29,0.95,0.0,700.0,325,336,39,46,48,6,374.0,0.02,4.1e-05,31769.0,,,,
5226,8000,55118,1.7584,0.0198,3.4228,4.001,0.0064,0.06,11.33,0.95,0.0,719.0,348,316,55,48,44,8,365.0,0.02,4.1e-05,31706.0,,,,
5227,8000,55135,1.7662,0.0294,3.4133,4.038,0.0095,0.08,8.45,0.95,0.0,715.0,377,303,35,53,42,5,367.0,0.02,4.1e-05,31765.0,,,,
5228,8000,55152,1.7485,0.0253,3.3848,3.994,0.0114,0.08,9.49,0.95,0.0,705.0,341,330,34,48,47,5,372.0,0.01,4.1e-05,31700.0,,,,
5229,8000,55168,1.7655,0.0372,3.3959,3.985,0.01,0.07,13.99,0.95,0.0,674.0,343,292,39,51,43,6,389.0,0.02,4.1e-05,31699.0,,,,
5230,8000,55185,1.7784,0.0357,3.4196,3.891,0.0092,0.08,11.95,0.95,0.0,674.0,328,323,23,49,48,3,389.0,0.03,4.1e-05,31699.0,,,,
5231,8000,55201,1.7345,0.023,3.3602,4.029,0.0083,0.07,10.38,0.96,0.0,691.0,324,336,31,47,49,4,379.0,0.02,4.1e-05,31756.0,,,,
5232,8000,55218,1.7685,0.0174,3.4422,3.909,0.0088,0.07,10.54,0.95,0.0,719.0,340,331,48,47,46,7,365.0,0.01,4.1e-05,31689.0,,,,
5233,8000,55235,1.7384,0.0117,3.3872,3.966,0.011,0.08,11.3,0.95,0.0,737.0,365,340,32,50,46,4,356.0,0.02,4.1e-05,31698.0,,,,
5234,8000,55251,1.7491,0.0151,3.4027,3.911,0.0095,0.07,13.52,0.95,0.0,708.0,354,321,33,50,45,5,370.0,0.03,4.1e-05,31701.0,,,,
5235,8000,55268,1.7552,0.0078,3.4306,4.033,0.0088,0.07,18.79,0.95,0.0,749.0,359,351,39,48,47,5,350.0,0.02,4.1e-05,31760.0,,,,
5236,8000,55284,1.7512,0.0162,3.4017,3.968,0.0135,0.09,6.04,0.95,0.0,830.0,412,390,28,50,47,3,316.0,0.02,4.1e-05,31709.0,,,,
5237,8000,55301,1.7768,0.0191,3.447,3.957,0.0144,0.09,8.2,0.95,0.0,859.0,447,371,41,52,43,5,305.0,0.02,4.1e-05,31751.0,,,,
5238,8000,55317,1.7612,0.0201,3.4101,3.873,0.0144,0.09,8.67,0.95,0.0,792.0,384,388,20,48,49,3,331.0,0.02,4.1e-05,31711.0,,,,
5239,8000,55334,1.7477,0.0084,3.4081,4.063,0.0162,0.09,7.48,0.95,0.0,806.0,401,391,14,50,49,2,325.0,0.02,4.1e-05,31689.0,,,,
5240,8000,55351,1.7696,0.0178,3.4361,3.985,0.0099,0.07,10.2,0.95,0.0,793.0,390,366,37,49,46,5,331.0,0.01,4.1e-05,31691.0,,,,
5241,8000,55368,1.7821,0.0044,3.4849,4.115,0.0137,0.08,7.99,0.93,0.0,832.0,381,428,23,46,51,3,315.0,0.02,4.1e-05,30581.0,,,,
5242,8000,55384,1.839,0.0361,3.5361,4.109,0.0141,0.08,6.66,0.93,0.0,845.0,393,428,24,47,51,3,310.0,0.01,4.1e-05,31709.0,,,,
5243,8000,55401,1.8312,0.0161,3.5602,4.053,0.0152,0.1,5.85,0.92,0.0,969.0,470,471,28,49,49,3,271.0,0.01,4e-05,31723.0,,,,
5244,8000,55418,1.831,0.0379,3.5162,4.054,0.0219,0.1,5.96,0.93,0.0,955.0,492,447,16,52,47,2,274.0,0.02,4e-05,31802.0,,,,
5245,8000,55434,1.8152,0.0317,3.4963,4.158,0.0125,0.08,8.29,0.94,0.0,893.0,433,448,12,48,50,1,294.0,0.02,4e-05,31718.0,,,,
5246,8000,55451,1.7927,0.023,3.468,4.13,0.0162,0.09,5.57,0.94,0.0,944.0,431,504,9,46,53,1,278.0,0.02,4e-05,31722.0,,,,
5247,8000,55467,1.8089,0.0335,3.4795,4.118,0.0135,0.08,5.93,0.94,0.0,953.0,434,510,9,46,54,1,275.0,0.02,4e-05,31715.0,,,,
5248,8000,55484,1.7991,0.0216,3.4833,4.073,0.0146,0.09,7.34,0.95,0.0,949.0,472,471,6,50,50,1,276.0,0.01,4e-05,31704.0,,,,
5249,8000,55501,1.805,0.0227,3.4933,4.088,0.0117,0.07,6.8,0.94,0.0,945.0,473,466,6,50,49,1,277.0,0.02,4e-05,31698.0,177,1,334,35
5250,8000,55532,1.8072,0.017,3.5086,4.039,0.0133,0.08,5.84,0.94,0.0,951.0,459,484,8,48,51,1,276.0,0.02,4e-05,31832.0,,,,
5251,8000,55549,1.8211,0.0195,3.5306,3.944,0.0123,0.09,7.15,0.95,0.0,952.0,481,463,8,51,49,1,275.0,0.01,4e-05,31705.0,,,,
5252,8000,55566,1.7951,0.011,3.4946,3.916,0.0143,0.09,5.13,0.94,0.0,891.0,443,443,5,50,50,1,294.0,0.01,4e-05,31790.0,,,,
5253,8000,55582,1.8166,0.0135,3.5326,3.877,0.0123,0.08,7.2,0.94,0.0,965.0,482,474,9,50,49,1,272.0,0.02,4e-05,31713.0,,,,
5254,8000,55599,1.7932,0.0075,3.4974,3.85,0.0123,0.08,5.68,0.95,0.0,927.0,452,468,7,49,50,1,283.0,0.01,4e-05,31728.0,,,,
5255,8000,55615,1.7846,0.0057,3.4843,3.884,0.0164,0.08,5.71,0.94,0.0,940.0,451,479,10,48,51,1,279.0,0.02,4e-05,31711.0,,,,
5256,8000,55632,1.8161,0.008,3.5433,3.893,0.009,0.06,9.64,0.94,0.0,968.0,468,488,12,48,50,1,271.0,0.03,4e-05,31805.0,,,,
5257,8000,55648,1.79,0.0002,3.5055,3.829,0.0125,0.08,9.83,0.95,0.0,951.0,495,446,10,52,47,1,276.0,0.01,4e-05,31744.0,,,,
5258,8000,55665,1.8139,0.0067,3.5413,3.878,0.0157,0.09,4.8,0.94,0.0,1012.0,512,490,10,51,48,1,259.0,0.01,4e-05,31719.0,,,,
5259,8000,55682,1.796,-0.0095,3.5358,3.695,0.0122,0.08,6.76,0.94,0.0,1012.0,496,511,5,49,50,0,259.0,0.02,4e-05,31712.0,,,,
5260,8000,55698,1.8293,0.0121,3.5621,3.861,0.0135,0.08,20.41,0.95,0.0,985.0,497,476,12,50,48,1,266.0,0.01,4e-05,31707.0,,,,
5261,8000,55715,1.8575,-0.0136,3.6694,3.766,0.014,0.08,10.33,0.93,0.0,951.0,463,472,16,49,50,2,276.0,0.01,4e-05,30575.0,,,,
5262,8000,55732,1.8243,-0.0188,3.6125,3.721,0.0142,0.09,6.92,0.93,0.0,934.0,453,470,11,49,50,1,281.0,0.02,4e-05,31761.0,,,,
5263,8000,55749,1.8362,0.0003,3.5997,3.783,0.0127,0.09,6.93,0.93,0.0,991.0,474,499,18,48,50,2,265.0,0.04,4e-05,31749.0,,,,
5264,8000,55765,1.9211,0.0116,3.747,3.782,0.0143,0.09,17.46,0.93,0.0,1036.0,511,499,26,49,48,3,253.0,0.04,4e-05,31754.0,,,,
5265,8000,55782,1.9621,0.044,3.7614,3.601,0.0088,0.07,15.91,0.94,0.0,1044.0,536,501,7,51,48,1,251.0,0.03,4e-05,31703.0,,,,
5266,8000,55798,1.8336,0.0286,3.5348,3.641,0.0133,0.09,7.38,0.94,0.0,961.0,440,519,2,46,54,0,273.0,0.04,4e-05,31759.0,,,,
5267,8000,55815,1.8364,0.0174,3.5637,3.704,0.0131,0.09,5.93,0.94,0.0,918.0,443,469,6,48,51,1,286.0,0.04,4e-05,31700.0,,,,
5268,8000,55832,1.8465,0.0269,3.5646,3.678,0.0191,0.1,10.04,0.94,0.0,860.0,421,433,6,49,50,1,305.0,0.04,4e-05,31707.0,,,,
5269,8000,55848,1.8318,0.0355,3.5184,3.641,0.0157,0.1,6.37,0.94,0.0,896.0,433,452,11,48,50,1,293.0,0.04,4e-05,31681.0,,,,
5270,8000,55865,1.8627,0.0449,3.5604,3.534,0.0114,0.09,8.93,0.94,0.0,838.0,413,414,11,49,49,1,313.0,0.06,4e-05,31707.0,,,,
5271,8000,55881,1.8146,0.0253,3.5038,3.609,0.0154,0.1,5.94,0.95,0.0,885.0,430,443,12,49,50,1,296.0,0.06,4e-05,31713.0,,,,
5272,8000,55898,1.7731,0.0178,3.4367,3.784,0.0125,0.09,7.95,0.95,0.0,848.0,405,432,11,48,51,1,309.0,0.04,4e-05,31715.0,,,,
5273,8000,55915,1.8387,0.0359,3.5318,3.779,0.0133,0.08,9.67,0.95,0.0,893.0,423,461,9,47,52,1,294.0,0.03,4e-05,31692.0,,,,
5274,8000,55931,1.836,0.0338,3.5312,3.826,0.0121,0.08,7.64,0.94,0.0,937.0,459,467,11,49,50,1,280.0,0.03,4e-05,31698.0,,,,
5275,8000,55948,1.7992,0.0241,3.4769,3.798,0.0125,0.09,4.52,0.94,0.0,890.0,433,446,11,49,50,1,295.0,0.05,4e-05,31749.0,,,,
5276,8000,55964,1.7969,0.0148,3.491,3.855,0.0127,0.09,5.22,0.95,0.0,891.0,427,449,15,48,50,2,294.0,0.04,4e-05,31704.0,,,,
5277,8000,55981,1.8273,0.0265,3.5277,3.806,0.0116,0.08,8.68,0.95,0.0,876.0,432,435,9,49,50,1,299.0,0.03,4e-05,31706.0,,,,
5278,8000,55997,1.8069,0.0251,3.4907,3.794,0.0136,0.09,6.01,0.95,0.0,919.0,433,468,18,47,51,2,285.0,0.02,4e-05,31770.0,,,,
5279,8000,56014,1.772,0.0026,3.466,3.877,0.0113,0.08,7.19,0.95,0.0,907.0,427,469,11,47,52,1,289.0,0.01,4e-05,31776.0,,,,
5280,8000,56031,1.8117,0.028,3.4939,3.866,0.0164,0.1,5.45,0.95,0.0,936.0,450,482,4,48,51,0,280.0,0.02,4e-05,31775.0,,,,
5281,8000,56048,1.8282,0.0008,3.581,3.796,0.0162,0.09,5.72,0.93,0.0,950.0,466,478,6,49,50,1,276.0,0.02,4e-05,30632.0,,,,
5282,8000,56064,1.8486,0.0124,3.5988,3.741,0.0179,0.1,4.17,0.93,0.0,867.0,454,401,12,52,46,1,302.0,0.02,4e-05,31782.0,,,,
5283,8000,56081,1.8306,-0.0022,3.5923,3.845,0.0107,0.09,10.29,0.93,0.0,902.0,487,409,6,54,45,1,291.0,0.03,4e-05,31695.0,,,,
5284,8000,56098,1.8446,0.0198,3.5767,3.837,0.0096,0.08,6.51,0.93,0.0,938.0,488,437,13,52,47,1,279.0,0.03,4e-05,31736.0,,,,
5285,8000,56114,1.8308,0.0053,3.5776,3.807,0.0091,0.07,8.47,0.93,0.0,907.0,490,404,13,54,45,1,289.0,0.03,4e-05,31717.0,,,,
5286,8000,56131,1.7664,0.0061,3.4497,3.907,0.0114,0.09,4.93,0.94,0.0,823.0,454,346,23,55,42,3,319.0,0.02,4e-05,31729.0,,,,
5287,8000,56147,1.7934,0.0316,3.4523,3.909,0.0117,0.09,7.27,0.94,0.0,783.0,425,338,20,54,43,3,335.0,0.03,4e-05,31711.0,,,,
5288,8000,56164,1.7787,0.0046,3.4785,3.855,0.0091,0.08,9.37,0.94,0.0,766.0,383,358,25,50,47,3,342.0,0.04,4e-05,31708.0,,,,
5289,8000,56180,1.7889,0.0149,3.4778,3.887,0.0126,0.09,9.67,0.94,0.0,758.0,359,364,35,47,48,5,346.0,0.03,4e-05,31787.0,,,,
5290,8000,56197,1.7788,0.0083,3.4685,3.703,0.0096,0.08,8.44,0.94,0.0,720.0,333,364,23,46,51,3,364.0,0.02,4e-05,31722.0,,,,
5291,8000,56214,1.7782,0.0016,3.4826,3.79,0.0125,0.08,10.63,0.94,0.0,777.0,395,358,24,51,46,3,337.0,0.02,4e-05,31701.0,,,,
5292,8000,56230,1.7574,0.009,3.4269,3.803,0.0095,0.08,16.94,0.95,0.0,691.0,339,323,29,49,47,4,379.0,0.01,4e-05,31713.0,,,,
5293,8000,56247,1.7621,0.0158,3.4218,3.716,0.0098,0.08,9.53,0.94,0.0,715.0,340,337,38,48,47,5,367.0,0.01,4e-05,31718.0,,,,
5294,8000,56263,1.7755,0.0258,3.4274,3.808,0.0106,0.08,12.03,0.94,0.0,727.0,380,326,21,52,45,3,361.0,0.02,4e-05,31720.0,,,,
5295,8000,56280,1.7658,0.0076,3.4435,3.864,0.0111,0.07,14.0,0.95,0.0,735.0,378,332,25,51,45,3,357.0,0.02,4e-05,31692.0,,,,
5296,8000,56297,1.7598,-0.0108,3.4659,3.749,0.013,0.08,12.09,0.94,0.0,761.0,403,333,25,53,44,3,344.0,0.02,4e-05,31711.0,,,,
5297,8000,56313,1.7585,0.0134,3.4174,3.897,0.0147,0.09,11.98,0.95,0.0,762.0,388,346,28,51,45,4,344.0,0.02,4e-05,31695.0,,,,
5298,8000,56330,1.7105,0.0002,3.3482,3.9,0.0104,0.08,7.91,0.95,0.0,691.0,368,302,21,53,44,3,379.0,0.02,4e-05,31753.0,,,,
5299,8000,56346,1.7023,0.0035,3.3262,4.005,0.0123,0.09,7.7,0.95,0.0,668.0,333,310,25,50,46,4,392.0,0.02,4e-05,31698.0,213,0,299,42
5300,8000,56378,1.735,0.0174,3.3626,3.955,0.0143,0.09,11.11,0.95,0.0,688.0,360,302,26,52,44,4,381.0,0.01,4e-05,31855.0,,,,
5301,8000,56396,1.8055,0.028,3.4821,3.91,0.0177,0.1,9.31,0.93,0.0,715.0,339,355,21,47,50,3,367.0,0.01,4e-05,30562.0,,,,
5302,8000,56412,1.8213,0.0203,3.53,3.954,0.0093,0.07,14.55,0.93,0.0,729.0,376,335,18,52,46,2,360.0,0.01,4e-05,31684.0,,,,
5303,8000,56429,1.784,0.0202,3.4571,4.028,0.0116,0.08,10.63,0.94,0.0,765.0,363,381,21,47,50,3,343.0,0.02,4e-05,31680.0,,,,
5304,8000,56445,1.7411,0.0046,3.4018,4.041,0.015,0.09,4.99,0.94,0.0,777.0,352,399,26,45,51,3,337.0,0.02,4e-05,31704.0,,,,
5305,8000,56462,1.7432,0.0204,3.3745,4.125,0.0181,0.1,5.09,0.94,0.0,771.0,380,372,19,49,48,2,340.0,0.02,4e-05,31712.0,,,,
5306,8000,56479,1.7322,0.0079,3.3777,4.165,0.0159,0.09,4.98,0.94,0.0,755.0,357,389,9,47,52,1,347.0,0.03,4e-05,31688.0,,,,
5307,8000,56495,1.737,0.0028,3.3969,4.028,0.0123,0.08,7.67,0.95,0.0,717.0,342,352,23,48,49,3,366.0,0.03,4e-05,31695.0,,,,
5308,8000,56512,1.7787,0.0137,3.458,3.921,0.0088,0.07,12.23,0.94,0.0,742.0,394,332,16,53,45,2,353.0,0.02,4e-05,31691.0,,,,
5309,8000,56528,1.7978,0.0234,3.4755,3.839,0.0135,0.09,7.81,0.94,0.0,783.0,377,392,14,48,50,2,335.0,0.01,4e-05,31689.0,,,,
5310,8000,56545,1.8326,0.0242,3.5448,3.909,0.012,0.08,10.3,0.94,0.0,860.0,440,408,12,51,47,1,305.0,0.01,4e-05,31775.0,,,,
5311,8000,56562,1.8254,0.0108,3.5575,3.947,0.0111,0.08,10.83,0.94,0.0,909.0,458,432,19,50,48,2,288.0,0.01,4e-05,31717.0,,,,
5312,8000,56578,1.7865,0.0049,3.4915,3.909,0.0118,0.08,12.74,0.94,0.0,864.0,431,418,15,50,48,2,303.0,0.01,4e-05,31671.0,,,,
5313,8000,56595,1.795,0.0216,3.4741,3.901,0.012,0.08,8.83,0.94,0.0,868.0,398,460,10,46,53,1,302.0,0.01,4e-05,31688.0,,,,
5314,8000,56611,1.7901,0.0149,3.4783,3.948,0.0122,0.08,22.01,0.95,0.0,862.0,433,413,16,50,48,2,304.0,0.01,4e-05,31721.0,,,,
5315,8000,56628,1.8139,0.001,3.5509,3.682,0.0099,0.07,25.97,0.95,0.0,823.0,378,428,17,46,52,2,319.0,0.01,4e-05,31691.0,,,,
5316,8000,56645,1.7421,-0.0076,3.4266,3.941,0.0166,0.1,4.96,0.95,0.0,827.0,376,430,21,45,52,3,317.0,0.02,4e-05,31680.0,,,,
5317,8000,56661,1.7726,0.002,3.4686,3.907,0.0105,0.08,7.12,0.94,0.0,879.0,422,435,22,48,49,3,298.0,0.02,4e-05,31690.0,,,,
5318,8000,56678,1.7981,0.0045,3.5142,3.918,0.0116,0.08,14.9,0.94,0.0,860.0,421,418,21,49,49,2,305.0,0.02,4e-05,31689.0,,,,
5319,8000,56694,1.8173,0.0086,3.5441,3.865,0.0157,0.09,17.27,0.94,0.0,904.0,469,414,21,52,46,2,290.0,0.02,4e-05,31676.0,,,,
5320,8000,56711,1.9985,0.0206,3.8805,3.599,0.01,0.06,43.49,0.94,0.0,816.0,389,408,19,48,50,2,321.0,0.02,4e-05,31684.0,,,,
5321,8000,56728,1.8752,0.0352,3.6071,3.88,0.0117,0.08,12.17,0.92,0.0,895.0,434,439,22,48,49,2,293.0,0.01,4e-05,30576.0,,,,
5322,8000,56745,1.8405,0.0145,3.5766,3.622,0.0115,0.08,9.19,0.93,0.0,857.0,432,409,16,50,48,2,306.0,0.02,4e-05,31701.0,,,,
5323,8000,56761,1.8153,0.0189,3.5191,3.793,0.0096,0.07,13.05,0.94,0.0,812.0,395,397,20,49,49,2,323.0,0.01,4e-05,31687.0,,,,
5324,8000,56778,1.7909,0.0235,3.4615,3.822,0.0128,0.1,11.78,0.93,0.0,782.0,351,411,20,45,53,3,335.0,0.03,4e-05,31703.0,,,,
5325,8000,56795,1.8175,0.0276,3.5045,3.691,0.0108,0.08,6.52,0.93,0.0,808.0,388,395,25,48,49,3,324.0,0.02,4e-05,31709.0,,,,
5326,8000,56811,1.8467,0.0355,3.5468,3.674,0.0142,0.1,8.39,0.93,0.0,883.0,432,429,22,49,49,2,297.0,0.02,4e-05,31752.0,,,,
5327,8000,56828,1.8417,0.0345,3.5387,3.63,0.0122,0.08,11.37,0.93,0.0,863.0,414,431,18,48,50,2,304.0,0.02,4e-05,31712.0,,,,
5328,8000,56844,1.844,0.0421,3.5279,3.571,0.0107,0.08,13.25,0.94,0.0,811.0,393,401,17,48,49,2,323.0,0.02,4e-05,31708.0,,,,
5329,8000,56861,1.885,0.0545,3.585,3.489,0.0082,0.07,13.81,0.93,0.0,859.0,396,444,19,46,52,2,305.0,0.03,4e-05,31719.0,,,,
5330,8000,56878,1.839,0.034,3.5344,3.533,0.0135,0.1,10.16,0.94,0.0,795.0,366,406,23,46,51,3,330.0,0.03,4e-05,31774.0,,,,
5331,8000,56894,1.8401,0.0425,3.5194,3.613,0.0134,0.09,9.85,0.94,0.0,809.0,384,406,19,47,50,2,324.0,0.03,4e-05,31718.0,,,,
5332,8000,56911,1.8059,0.0135,3.5092,3.619,0.0083,0.07,15.6,0.94,0.0,732.0,375,337,20,51,46,3,358.0,0.02,4e-05,31783.0,,,,
5333,8000,56927,1.8095,0.0243,3.4953,3.585,0.0077,0.07,14.17,0.95,0.0,759.0,359,367,33,47,48,4,345.0,0.03,4e-05,31721.0,,,,
5334,8000,56944,1.8642,0.0182,3.6158,3.5,0.0093,0.08,14.35,0.93,0.0,850.0,456,367,27,54,43,3,308.0,0.03,4e-05,31716.0,,,,
5335,8000,56960,1.8407,0.017,3.572,3.534,0.0135,0.09,9.8,0.94,0.0,884.0,452,411,21,51,46,2,297.0,0.03,4e-05,31739.0,,,,
5336,8000,56977,1.8618,0.0292,3.5893,3.567,0.015,0.1,7.63,0.93,0.0,901.0,463,422,16,51,47,2,291.0,0.03,4e-05,31726.0,,,,
5337,8000,56994,1.8325,0.0172,3.555,3.564,0.0125,0.09,6.31,0.93,0.0,962.0,490,452,20,51,47,2,272.0,0.03,4e-05,31718.0,,,,
5338,8000,57010,1.8436,0.0292,3.5534,3.599,0.0184,0.11,7.15,0.93,0.0,961.0,490,454,17,51,47,2,273.0,0.03,4e-05,31719.0,,,,
5339,8000,57027,1.8263,0.0205,3.536,3.636,0.0116,0.09,8.04,0.94,0.0,956.0,446,503,7,47,53,1,274.0,0.03,4e-05,31715.0,,,,
5340,8000,57043,1.8256,0.0145,3.548,3.658,0.0121,0.09,6.95,0.94,0.0,975.0,469,489,17,48,50,2,269.0,0.03,4e-05,31687.0,,,,
5341,8000,57061,1.968,0.0576,3.7461,3.625,0.0151,0.09,9.47,0.91,0.0,1050.0,494,543,13,47,52,1,250.0,0.02,4e-05,30642.0,,,,
5342,8000,57077,1.9067,0.0315,3.6765,3.654,0.0122,0.09,7.25,0.91,0.0,1054.0,527,513,14,50,49,1,249.0,0.01,4e-05,31754.0,,,,
5343,8000,57094,1.8714,0.0243,3.6201,3.688,0.0165,0.11,4.61,0.92,0.0,990.0,501,482,7,51,49,1,265.0,0.02,4e-05,31772.0,,,,
5344,8000,57110,1.8164,0.0088,3.5422,3.884,0.0142,0.09,8.23,0.92,0.0,930.0,452,470,8,49,51,1,282.0,0.02,4e-05,31790.0,,,,
5345,8000,57127,1.7911,0.0174,3.4752,3.858,0.01,0.08,8.12,0.93,0.0,842.0,440,394,8,52,47,1,311.0,0.02,4e-05,31764.0,,,,
5346,8000,57143,1.8077,0.0004,3.5424,3.916,0.0112,0.09,8.56,0.93,0.0,869.0,458,400,11,53,46,1,302.0,0.03,4e-05,31811.0,,,,
5347,8000,57160,1.7939,-0.0003,3.5161,3.837,0.0108,0.08,10.99,0.94,0.0,795.0,400,381,14,50,48,2,330.0,0.03,4e-05,31763.0,,,,
5348,8000,57177,1.7845,0.0147,3.4678,3.926,0.0228,0.08,9.0,0.94,0.0,799.0,409,380,10,51,48,1,328.0,0.03,4e-05,31764.0,,,,
5349,8000,57193,1.8325,0.0104,3.5724,3.789,0.0133,0.09,13.18,0.94,0.0,831.0,404,408,19,49,49,2,315.0,0.03,4e-05,31769.0,154,0,358,30
5350,8000,57225,1.8115,0.0141,3.5222,3.755,0.0266,0.09,7.46,0.94,0.0,849.0,433,397,19,51,47,2,309.0,0.02,4e-05,31902.0,,,,
5351,8000,57242,1.8373,0.0157,3.5714,3.825,0.0108,0.08,10.93,0.94,0.0,848.0,417,414,17,49,49,2,309.0,0.02,4e-05,31777.0,,,,
5352,8000,57258,1.7987,0.0158,3.4942,3.854,0.0097,0.08,7.28,0.94,0.0,833.0,428,395,10,51,47,1,315.0,0.03,4e-05,31752.0,,,,
5353,8000,57275,1.8217,0.03,3.5115,3.941,0.0118,0.08,10.29,0.94,0.0,769.0,379,379,11,49,49,1,341.0,0.04,4e-05,31772.0,,,,
5354,8000,57291,1.7759,0.0128,3.4545,3.959,0.0118,0.09,5.43,0.94,0.0,769.0,406,354,9,53,46,1,341.0,0.04,4e-05,31738.0,,,,
5355,8000,57308,1.8176,0.016,3.5313,3.829,0.0134,0.09,6.43,0.94,0.0,910.0,482,414,14,53,45,2,288.0,0.03,4e-05,31775.0,,,,
5356,8000,57324,1.8201,0.0206,3.5267,3.861,0.0106,0.09,10.12,0.94,0.0,789.0,413,368,8,52,47,1,332.0,0.02,4e-05,31820.0,,,,
5357,8000,57341,1.791,0.0111,3.4885,3.834,0.0101,0.09,8.4,0.94,0.0,820.0,435,372,13,53,45,2,320.0,0.02,4e-05,31751.0,,,,
5358,8000,57358,1.8206,0.0142,3.5415,3.879,0.0117,0.09,8.49,0.93,0.0,883.0,431,439,13,49,50,1,297.0,0.03,4e-05,31766.0,,,,
5359,8000,57374,1.8146,0.0214,3.5142,3.83,0.0127,0.09,6.12,0.93,0.0,871.0,425,430,16,49,49,2,301.0,0.04,4e-05,31779.0,,,,
5360,8000,57391,1.8153,0.0145,3.5296,3.867,0.0151,0.1,6.04,0.93,0.0,866.0,464,389,13,54,45,2,303.0,0.02,4e-05,31765.0,,,,
5361,8000,57408,1.8302,0.0032,3.5815,3.803,0.0151,0.1,5.63,0.92,0.0,906.0,483,415,8,53,46,1,289.0,0.01,4e-05,30572.0,,,,
5362,8000,57425,1.7882,0.0129,3.4789,3.967,0.0114,0.08,7.58,0.93,0.0,774.0,418,342,14,54,44,2,339.0,0.01,4e-05,31698.0,,,,
5363,8000,57441,1.8115,0.0156,3.519,3.884,0.0095,0.08,9.78,0.93,0.0,853.0,397,443,13,47,52,2,307.0,0.02,4e-05,31692.0,,,,
5364,8000,57458,1.7847,0.0174,3.4632,4.021,0.0144,0.1,7.08,0.93,0.0,820.0,394,418,8,48,51,1,320.0,0.02,3.9e-05,31695.0,,,,
5365,8000,57474,1.76,0.0118,3.4248,4.079,0.0113,0.09,5.99,0.93,0.0,813.0,422,380,11,52,47,1,322.0,0.02,3.9e-05,31684.0,,,,
5366,8000,57491,1.7604,0.0199,3.4102,4.083,0.0114,0.09,4.31,0.93,0.0,781.0,402,370,9,51,47,1,336.0,0.02,3.9e-05,31706.0,,,,
5367,8000,57508,1.7954,0.0252,3.469,4.017,0.0147,0.1,4.99,0.93,0.0,841.0,436,397,8,52,47,1,312.0,0.02,3.9e-05,31691.0,,,,
5368,8000,57524,1.7843,0.013,3.4706,3.975,0.0124,0.09,6.17,0.93,0.0,889.0,461,416,12,52,47,1,295.0,0.02,3.9e-05,31776.0,,,,
5369,8000,57541,1.7977,0.0131,3.497,3.964,0.0129,0.09,4.84,0.93,0.0,881.0,467,404,10,53,46,1,298.0,0.01,3.9e-05,31698.0,,,,
5370,8000,57557,1.8146,0.0187,3.5188,3.84,0.0113,0.09,7.31,0.93,0.0,850.0,467,375,8,55,44,1,308.0,0.02,3.9e-05,31694.0,,,,
5371,8000,57574,1.8053,0.0142,3.5095,3.86,0.0103,0.09,6.73,0.93,0.0,873.0,434,432,7,50,49,1,300.0,0.02,3.9e-05,31696.0,,,,
5372,8000,57591,1.7812,0.0066,3.4769,3.9,0.0088,0.08,7.6,0.94,0.0,818.0,418,391,9,51,48,1,320.0,0.01,3.9e-05,31705.0,,,,
5373,8000,57607,1.7418,0.0003,3.4122,4.064,0.0102,0.08,5.43,0.94,0.0,780.0,408,357,15,52,46,2,336.0,0.02,3.9e-05,31678.0,,,,
5374,8000,57624,1.8036,0.0135,3.5093,4.011,0.0099,0.08,9.28,0.93,0.0,827.0,429,387,11,52,47,1,317.0,0.01,3.9e-05,31752.0,,,,
5375,8000,57640,1.7679,0.0044,3.4557,3.979,0.0105,0.08,7.28,0.94,0.0,828.0,426,394,8,51,48,1,317.0,0.01,3.9e-05,31684.0,,,,
5376,8000,57657,1.7967,0.0115,3.4979,3.893,0.0117,0.09,6.83,0.93,0.0,840.0,435,397,8,52,47,1,312.0,0.02,3.9e-05,31710.0,,,,
5377,8000,57674,1.7722,0.0094,3.4537,3.933,0.0087,0.07,7.72,0.94,0.0,744.0,399,336,9,54,45,1,352.0,0.01,3.9e-05,31690.0,,,,
5378,8000,57690,1.7606,-0.004,3.4568,3.861,0.0091,0.08,7.55,0.94,0.0,803.0,426,364,13,53,45,2,326.0,0.01,3.9e-05,31691.0,,,,
5379,8000,57707,1.7681,0.0011,3.4623,3.911,0.0089,0.07,8.0,0.94,0.0,804.0,409,386,9,51,48,1,326.0,0.01,3.9e-05,31693.0,,,,
5380,8000,57723,1.7934,0.0129,3.49,3.867,0.0101,0.08,9.32,0.94,0.0,858.0,445,396,17,52,46,2,306.0,0.01,3.9e-05,31760.0,,,,
5381,8000,57741,1.8491,0.0147,3.5982,3.983,0.0139,0.09,5.97,0.92,0.0,938.0,468,451,19,50,48,2,279.0,0.01,3.9e-05,30570.0,,,,
5382,8000,57757,1.8172,0.0125,3.5386,3.998,0.0113,0.09,6.24,0.93,0.0,904.0,473,419,12,52,46,1,290.0,0.01,3.9e-05,31693.0,,,,
5383,8000,57774,1.8221,0.0068,3.559,3.91,0.0118,0.09,6.3,0.93,0.0,894.0,463,420,11,52,47,1,293.0,0.02,3.9e-05,31769.0,,,,
5384,8000,57790,1.7585,0.0064,3.4347,4.076,0.0152,0.1,5.25,0.93,0.0,836.0,424,392,20,51,47,2,314.0,0.04,3.9e-05,31707.0,,,,
5385,8000,57807,1.7697,0.0076,3.4542,4.095,0.0095,0.08,4.59,0.93,0.0,881.0,477,387,17,54,44,2,298.0,0.02,3.9e-05,31763.0,,,,
5386,8000,57824,1.8118,0.0238,3.5052,4.072,0.0133,0.1,4.23,0.93,0.0,955.0,499,445,11,52,47,1,274.0,0.02,3.9e-05,31700.0,,,,
5387,8000,57840,1.8247,0.012,3.5538,3.987,0.0096,0.08,8.44,0.93,0.0,862.0,410,439,13,48,51,2,304.0,0.03,3.9e-05,31767.0,,,,
5388,8000,57857,1.8191,0.0152,3.5358,3.944,0.0149,0.1,6.1,0.93,0.0,927.0,460,449,18,50,48,2,283.0,0.03,3.9e-05,31703.0,,,,
5389,8000,57873,1.8461,0.0228,3.5746,3.91,0.0091,0.07,8.87,0.94,0.0,873.0,436,426,11,50,49,1,300.0,0.03,3.9e-05,31708.0,,,,
5390,8000,57890,1.8508,0.0236,3.5814,3.813,0.0068,0.06,15.21,0.94,0.0,869.0,433,423,13,50,49,1,302.0,0.03,3.9e-05,31707.0,,,,
5391,8000,57906,1.8099,0.0297,3.4877,3.821,0.0114,0.09,5.02,0.94,0.0,912.0,464,435,13,51,48,1,287.0,0.02,3.9e-05,31695.0,,,,
5392,8000,57923,1.7866,0.0186,3.4635,3.88,0.0132,0.09,5.86,0.94,0.0,867.0,431,424,12,50,49,1,302.0,0.03,3.9e-05,31684.0,,,,
5393,8000,57940,1.7986,0.0088,3.5076,3.865,0.0116,0.08,8.48,0.95,0.0,855.0,442,398,15,52,47,2,307.0,0.03,3.9e-05,31691.0,,,,
5394,8000,57956,1.788,0.0056,3.4937,3.937,0.0098,0.08,8.28,0.94,0.0,878.0,478,381,19,54,43,2,299.0,0.01,3.9e-05,31668.0,,,,
5395,8000,57973,1.8277,0.022,3.5392,3.932,0.0096,0.07,10.14,0.94,0.0,884.0,437,435,12,49,49,1,297.0,0.02,3.9e-05,31760.0,,,,
5396,8000,57989,1.8064,0.0174,3.5071,3.844,0.0104,0.08,8.01,0.95,0.0,903.0,433,452,18,48,50,2,290.0,0.02,3.9e-05,31685.0,,,,
5397,8000,58006,1.8228,0.019,3.5362,3.86,0.0102,0.07,11.03,0.95,0.0,892.0,461,413,18,52,46,2,294.0,0.01,3.9e-05,31686.0,,,,
5398,8000,58023,1.8172,0.0199,3.5216,3.785,0.0093,0.07,12.33,0.95,0.0,880.0,420,444,16,48,50,2,298.0,0.01,3.9e-05,31684.0,,,,
5399,8000,58039,1.8194,0.0365,3.4929,3.853,0.0143,0.09,8.57,0.95,0.0,868.0,428,429,11,49,49,1,302.0,0.02,3.9e-05,31759.0,134,0,378,26
5400,8000,58071,1.7954,0.0289,3.4605,3.84,0.0135,0.09,9.82,0.95,0.0,841.0,427,402,12,51,48,1,312.0,0.02,3.9e-05,31859.0,,,,
5401,8000,58088,1.8436,0.0396,3.5359,3.909,0.0089,0.07,10.06,0.94,0.0,843.0,438,386,19,52,46,2,311.0,0.01,3.9e-05,30579.0,,,,
5402,8000,58105,1.806,0.028,3.484,3.989,0.0139,0.09,8.73,0.94,0.0,820.0,400,406,14,49,50,2,320.0,0.01,3.9e-05,31751.0,,,,
5403,8000,58122,1.8127,0.033,3.4871,3.938,0.015,0.09,6.8,0.94,0.0,859.0,431,418,10,50,49,1,305.0,0.02,3.9e-05,31683.0,,,,
5404,8000,58138,1.7981,0.0258,3.473,3.949,0.0097,0.07,13.75,0.94,0.0,797.0,406,369,22,51,46,3,329.0,0.02,3.9e-05,31692.0,,,,
5405,8000,58155,1.7612,0.0062,3.438,4.021,0.0122,0.08,15.38,0.95,0.0,720.0,340,368,12,47,51,2,364.0,0.02,3.9e-05,31759.0,,,,
5406,8000,58171,1.777,0.0238,3.4342,3.983,0.0135,0.09,8.82,0.95,0.0,770.0,362,395,13,47,51,2,340.0,0.02,3.9e-05,31751.0,,,,
5407,8000,58188,1.7706,0.0238,3.4212,3.973,0.0109,0.08,8.89,0.95,0.0,824.0,412,401,11,50,49,1,318.0,0.02,3.9e-05,31696.0,,,,
5408,8000,58205,1.764,0.0241,3.4076,3.938,0.0128,0.08,9.21,0.95,0.0,754.0,372,373,9,49,49,1,348.0,0.03,3.9e-05,31682.0,,,,
5409,8000,58221,1.7744,0.0229,3.4312,3.945,0.0127,0.1,6.22,0.95,0.0,805.0,397,390,18,49,48,2,326.0,0.02,3.9e-05,31688.0,,,,
5410,8000,58238,1.7849,0.0289,3.4405,4.039,0.0148,0.1,7.85,0.95,0.0,812.0,390,415,7,48,51,1,323.0,0.02,3.9e-05,31762.0,,,,
5411,8000,58254,1.7989,0.0209,3.4841,4.0,0.0101,0.08,10.33,0.95,0.0,804.0,374,420,10,47,52,1,326.0,0.02,3.9e-05,31682.0,,,,
5412,8000,58271,1.7839,0.0195,3.4568,3.894,0.01,0.08,10.34,0.95,0.0,801.0,396,387,18,49,48,2,327.0,0.02,3.9e-05,31734.0,,,,
5413,8000,58288,1.7797,0.019,3.4491,3.972,0.0111,0.08,8.01,0.95,0.0,779.0,360,415,4,46,53,1,337.0,0.01,3.9e-05,31754.0,,,,
5414,8000,58304,1.7993,0.024,3.4784,3.935,0.0109,0.08,10.47,0.95,0.0,818.0,388,422,8,47,52,1,320.0,0.02,3.9e-05,31751.0,,,,
5415,8000,58321,1.8292,0.0098,3.5654,3.773,0.0112,0.09,7.28,0.94,0.0,873.0,421,442,10,48,51,1,300.0,0.02,3.9e-05,31744.0,,,,
5416,8000,58337,1.8563,0.0305,3.5775,3.638,0.0131,0.09,6.44,0.94,0.0,944.0,440,494,10,47,52,1,278.0,0.01,3.9e-05,31686.0,,,,
5417,8000,58354,1.8292,0.0396,3.5058,3.725,0.0142,0.1,6.44,0.94,0.0,921.0,412,497,12,45,54,1,285.0,0.01,3.9e-05,31689.0,,,,
5418,8000,58371,1.838,0.0344,3.5335,3.758,0.0129,0.09,5.5,0.94,0.0,924.0,478,444,2,52,48,0,284.0,0.02,3.9e-05,31705.0,,,,
5419,8000,58387,1.8337,0.0198,3.5553,3.813,0.0141,0.09,7.62,0.94,0.0,902.0,423,470,9,47,52,1,291.0,0.03,3.9e-05,31684.0,,,,
5420,8000,58404,1.8494,0.0259,3.576,3.873,0.0087,0.07,8.04,0.94,0.0,940.0,451,476,13,48,51,1,279.0,0.03,3.9e-05,31700.0,,,,
5421,8000,58421,1.8845,0.055,3.5869,3.922,0.0134,0.09,6.95,0.94,0.0,870.0,426,435,9,49,50,1,301.0,0.03,3.9e-05,30577.0,,,,
5422,8000,58438,1.8456,0.0505,3.5181,3.949,0.012,0.09,7.03,0.93,0.0,826.0,402,417,7,49,50,1,317.0,0.04,3.9e-05,31684.0,,,,
5423,8000,58454,1.8468,0.0549,3.5112,3.923,0.0127,0.09,6.41,0.93,0.0,808.0,402,400,6,50,50,1,324.0,0.04,3.9e-05,31704.0,,,,
5424,8000,58471,1.8113,0.0432,3.4644,3.947,0.012,0.09,7.81,0.94,0.0,766.0,396,358,12,52,47,2,342.0,0.04,3.9e-05,31692.0,,,,
5425,8000,58487,1.7986,0.0391,3.4486,4.068,0.0107,0.08,6.78,0.94,0.0,772.0,366,392,14,47,51,2,340.0,0.04,3.9e-05,31690.0,,,,
5426,8000,58504,1.8166,0.0342,3.4925,3.904,0.0149,0.1,4.9,0.94,0.0,894.0,433,443,18,48,50,2,293.0,0.04,3.9e-05,31751.0,,,,
5427,8000,58521,1.8238,0.0485,3.4782,3.852,0.0122,0.09,5.82,0.93,0.0,862.0,418,432,12,48,50,1,304.0,0.04,3.9e-05,31702.0,,,,
5428,8000,58537,1.8132,0.0293,3.4959,3.969,0.011,0.09,5.52,0.94,0.0,872.0,430,435,7,49,50,1,301.0,0.04,3.9e-05,31677.0,,,,
5429,8000,58554,1.8229,0.0272,3.519,3.882,0.0105,0.08,9.43,0.94,0.0,861.0,408,445,8,47,52,1,304.0,0.04,3.9e-05,31688.0,,,,
5430,8000,58570,1.8379,0.0219,3.5593,3.815,0.0103,0.08,6.95,0.94,0.0,886.0,434,443,9,49,50,1,296.0,0.03,3.9e-05,31687.0,,,,
5431,8000,58587,1.8239,0.0287,3.5177,3.784,0.0092,0.08,10.55,0.94,0.0,903.0,405,486,12,45,54,1,290.0,0.03,3.9e-05,31754.0,,,,
5432,8000,58604,1.8372,0.0185,3.5644,3.795,0.011,0.08,6.11,0.94,0.0,909.0,475,426,8,52,47,1,288.0,0.04,3.9e-05,31686.0,,,,
5433,8000,58620,1.8065,0.0099,3.5211,3.828,0.01,0.08,6.27,0.94,0.0,860.0,433,417,10,50,48,1,305.0,0.03,3.9e-05,31695.0,,,,
5434,8000,58637,1.8251,0.0204,3.5365,3.798,0.007,0.06,10.61,0.94,0.0,914.0,465,441,8,51,48,1,287.0,0.03,3.9e-05,31688.0,,,,
5435,8000,58653,1.8264,0.0192,3.5406,3.706,0.0142,0.09,7.74,0.94,0.0,917.0,452,458,7,49,50,1,286.0,0.02,3.9e-05,31693.0,,,,
5436,8000,58670,1.7922,0.0096,3.4925,3.865,0.009,0.08,8.18,0.94,0.0,875.0,449,421,5,51,48,1,300.0,0.03,3.9e-05,31745.0,,,,
5437,8000,58687,1.789,0.0088,3.4874,3.81,0.0107,0.08,10.81,0.95,0.0,838.0,419,415,4,50,50,0,313.0,0.03,3.9e-05,31696.0,,,,
5438,8000,58703,1.7898,-0.0002,3.5071,3.854,0.0094,0.08,7.68,0.94,0.0,889.0,485,400,4,55,45,0,295.0,0.03,3.9e-05,31691.0,,,,
5439,8000,58720,1.78,0.0121,3.4639,3.919,0.0111,0.08,7.22,0.94,0.0,836.0,406,424,6,49,51,1,314.0,0.03,3.9e-05,31757.0,,,,
5440,8000,58736,1.8059,0.0248,3.4899,3.908,0.0142,0.1,7.06,0.94,0.0,821.0,389,427,5,47,52,1,319.0,0.04,3.9e-05,31733.0,,,,
5441,8000,58754,1.8342,0.0229,3.5516,3.999,0.0111,0.09,5.65,0.93,0.0,815.0,410,395,10,50,48,1,322.0,0.05,3.9e-05,30582.0,,,,
5442,8000,58770,1.8626,0.0266,3.5996,3.831,0.0127,0.1,6.19,0.93,0.0,901.0,439,453,9,49,50,1,291.0,0.05,3.9e-05,31723.0,,,,
5443,8000,58787,1.8336,0.0235,3.5484,3.912,0.0081,0.07,11.03,0.93,0.0,822.0,422,392,8,51,48,1,319.0,0.04,3.9e-05,31727.0,,,,
5444,8000,58803,1.7985,0.0152,3.4958,3.935,0.0087,0.08,7.8,0.94,0.0,832.0,407,412,13,49,50,2,315.0,0.02,3.9e-05,31734.0,,,,
5445,8000,58820,1.8137,0.0122,3.5316,3.927,0.0112,0.09,6.37,0.93,0.0,887.0,437,438,12,49,49,1,296.0,0.02,3.9e-05,31712.0,,,,
5446,8000,58836,1.8308,0.0046,3.5805,3.814,0.0084,0.07,7.77,0.93,0.0,874.0,445,409,20,51,47,2,300.0,0.02,3.9e-05,31736.0,,,,
5447,8000,58853,1.8022,-0.0003,3.5324,3.818,0.0119,0.09,5.5,0.94,0.0,885.0,435,435,15,49,49,2,296.0,0.02,3.9e-05,31767.0,,,,
5448,8000,58870,1.7767,0.0062,3.4688,3.877,0.0089,0.08,9.31,0.94,0.0,795.0,394,389,12,50,49,2,330.0,0.02,3.9e-05,31777.0,,,,
5449,8000,58886,1.7744,0.016,3.4441,3.833,0.0111,0.09,8.79,0.94,0.0,813.0,407,394,12,50,48,1,322.0,0.02,3.9e-05,31770.0,175,1,336,34
5450,8000,58918,1.7764,0.0186,3.4424,3.774,0.0131,0.1,5.82,0.94,0.0,836.0,435,383,18,52,46,2,314.0,0.01,3.9e-05,31859.0,,,,
5451,8000,58935,1.8095,0.01,3.527,3.846,0.0121,0.09,7.68,0.94,0.0,895.0,445,429,21,50,48,2,293.0,0.02,3.9e-05,31734.0,,,,
5452,8000,58951,1.7984,0.0137,3.4958,3.692,0.0118,0.09,6.07,0.94,0.0,863.0,421,426,16,49,49,2,304.0,0.01,3.9e-05,31732.0,,,,
5453,8000,58968,1.7885,0.0146,3.4749,3.773,0.0111,0.09,7.73,0.94,0.0,914.0,491,404,19,54,44,2,287.0,0.01,3.9e-05,31709.0,,,,
5454,8000,58984,1.7915,0.003,3.5042,3.842,0.01,0.08,8.64,0.94,0.0,922.0,461,449,12,50,49,1,284.0,0.01,3.9e-05,31726.0,,,,
5455,8000,59001,1.7741,-0.005,3.4846,3.766,0.0101,0.08,11.78,0.95,0.0,890.0,455,426,9,51,48,1,295.0,0.01,3.9e-05,31737.0,,,,
5456,8000,59018,1.8323,0.0182,3.554,3.711,0.0095,0.07,10.38,0.95,0.0,844.0,445,393,6,53,47,1,311.0,0.01,3.9e-05,31723.0,,,,
5457,8000,59034,1.7847,0.0277,3.4422,3.903,0.0146,0.08,10.04,0.95,0.0,845.0,418,402,25,49,48,3,310.0,0.01,3.9e-05,31723.0,,,,
5458,8000,59051,1.8016,0.0101,3.5102,3.826,0.0087,0.07,10.89,0.95,0.0,871.0,433,416,22,50,48,3,301.0,0.01,3.9e-05,31718.0,,,,
5459,8000,59067,1.7849,0.0148,3.4663,3.678,0.0115,0.09,6.71,0.95,0.0,908.0,462,433,13,51,48,1,289.0,0.02,3.9e-05,31713.0,,,,
5460,8000,59084,1.7489,-0.0052,3.4344,3.718,0.0098,0.08,7.47,0.95,0.0,821.0,393,417,11,48,51,1,319.0,0.03,3.9e-05,31729.0,,,,
5461,8000,59101,1.7917,-0.0038,3.5173,3.799,0.0094,0.08,9.38,0.95,0.0,804.0,372,420,12,46,52,1,326.0,0.03,3.9e-05,30626.0,,,,
5462,8000,59118,1.7599,0.001,3.4443,3.807,0.0121,0.09,7.15,0.94,0.0,797.0,413,375,9,52,47,1,329.0,0.02,3.9e-05,31759.0,,,,
5463,8000,59134,1.7247,-0.0112,3.3995,3.966,0.0112,0.09,6.24,0.94,0.0,766.0,367,384,15,48,50,2,342.0,0.03,3.9e-05,31786.0,,,,
5464,8000,59151,1.7623,0.0007,3.4506,3.859,0.0119,0.09,4.64,0.94,0.0,796.0,383,393,20,48,49,3,329.0,0.06,3.9e-05,31729.0,,,,
5465,8000,59167,1.7733,-0.0114,3.496,3.817,0.0127,0.1,5.21,0.94,0.0,859.0,426,424,9,50,49,1,305.0,0.06,3.9e-05,31770.0,,,,
5466,8000,59184,1.7674,-0.015,3.4913,3.788,0.0137,0.09,6.26,0.94,0.0,863.0,422,433,8,49,50,1,304.0,0.05,3.9e-05,31729.0,,,,
5467,8000,59201,1.7604,-0.0158,3.479,3.836,0.0096,0.08,6.22,0.94,0.0,869.0,408,456,5,47,52,1,302.0,0.03,3.9e-05,31737.0,,,,
5468,8000,59217,1.8057,-0.0154,3.5687,3.813,0.0087,0.08,8.19,0.93,0.0,916.0,460,450,6,50,49,1,286.0,0.05,3.9e-05,31728.0,,,,
5469,8000,59234,1.7833,-0.0134,3.5201,3.785,0.0118,0.09,6.79,0.94,0.0,919.0,452,457,10,49,50,1,285.0,0.04,3.9e-05,31713.0,,,,
5470,8000,59250,1.8461,-0.0117,3.6428,3.737,0.0067,0.06,10.35,0.93,0.0,1038.0,513,512,13,49,49,1,253.0,0.04,3.9e-05,31729.0,,,,
5471,8000,59267,1.8096,-0.0061,3.5578,3.7,0.012,0.09,5.0,0.93,0.0,1023.0,510,501,12,50,49,1,256.0,0.04,3.9e-05,31735.0,,,,
5472,8000,59284,1.8096,-0.0101,3.5663,3.76,0.0126,0.1,5.03,0.94,0.0,1048.0,470,564,14,45,54,1,250.0,0.04,3.9e-05,31722.0,,,,
5473,8000,59300,1.8446,-0.0028,3.6207,3.678,0.0109,0.09,7.46,0.94,0.0,1048.0,494,542,12,47,52,1,250.0,0.03,3.9e-05,31775.0,,,,
5474,8000,59317,1.8445,0.0163,3.5832,3.639,0.0087,0.07,8.64,0.94,0.0,1062.0,516,528,18,49,50,2,247.0,0.02,3.9e-05,31727.0,,,,
5475,8000,59333,1.8774,0.0006,3.6786,3.458,0.01,0.08,9.35,0.93,0.0,1061.0,482,562,17,45,53,2,247.0,0.04,3.9e-05,31738.0,,,,
5476,8000,59350,1.8549,0.0092,3.6154,3.478,0.0087,0.08,10.35,0.94,0.0,987.0,458,523,6,46,53,1,266.0,0.03,3.9e-05,31718.0,,,,
5477,8000,59366,1.8561,-0.0049,3.6449,3.376,0.0079,0.07,12.88,0.94,0.0,966.0,479,476,11,50,49,1,271.0,0.04,3.9e-05,31727.0,,,,
5478,8000,59383,1.8561,0.0023,3.6311,3.387,0.0111,0.09,8.66,0.94,0.0,1003.0,471,519,13,47,52,1,261.0,0.03,3.9e-05,31762.0,,,,
5479,8000,59400,1.85,-0.0061,3.6356,3.442,0.013,0.1,9.22,0.94,0.0,1026.0,486,529,11,47,52,1,256.0,0.03,3.9e-05,31707.0,,,,
5480,8000,59416,1.8631,0.0158,3.6181,3.428,0.0149,0.12,5.83,0.93,0.0,1058.0,491,557,10,46,53,1,248.0,0.02,3.9e-05,31763.0,,,,
5481,8000,59433,1.8898,0.0144,3.675,3.517,0.0121,0.1,5.42,0.92,0.0,1026.0,504,511,11,49,50,1,256.0,0.03,3.9e-05,30606.0,,,,
5482,8000,59450,1.9332,0.0156,3.7596,3.484,0.0096,0.08,8.17,0.92,0.0,1169.0,586,566,17,50,48,1,224.0,0.03,3.9e-05,31704.0,,,,
5483,8000,59467,1.8912,0.0059,3.6943,3.43,0.0195,0.12,5.48,0.92,0.0,1129.0,572,542,15,51,48,1,232.0,0.02,3.9e-05,31758.0,,,,
5484,8000,59483,1.887,-0.0014,3.7012,3.479,0.0137,0.1,6.18,0.93,0.0,1191.0,630,547,14,53,46,1,220.0,0.01,3.9e-05,31728.0,,,,
5485,8000,59500,1.8757,-0.0071,3.6891,3.464,0.0096,0.08,6.99,0.93,0.0,1088.0,537,539,12,49,50,1,241.0,0.0,3.9e-05,31693.0,,,,
5486,8000,59516,1.8633,-0.0071,3.6654,3.515,0.0139,0.09,9.56,0.94,0.0,1083.0,586,491,6,54,45,1,242.0,0.01,3.9e-05,31752.0,,,,
5487,8000,59533,1.8795,0.0168,3.6498,3.451,0.0125,0.09,5.56,0.94,0.0,1071.0,592,465,14,55,43,1,245.0,0.01,3.9e-05,31715.0,,,,
5488,8000,59550,1.8778,0.0305,3.6199,3.505,0.0149,0.11,4.57,0.94,0.0,1125.0,581,530,14,52,47,1,233.0,0.0,3.9e-05,31715.0,,,,
5489,8000,59566,1.8798,0.0231,3.6379,3.521,0.0138,0.1,6.22,0.94,0.0,1027.0,521,493,13,51,48,1,255.0,0.01,3.9e-05,31713.0,,,,
5490,8000,59583,1.894,0.0415,3.6289,3.447,0.0127,0.1,5.04,0.94,0.0,1038.0,504,524,10,49,50,1,253.0,0.01,3.8e-05,31698.0,,,,
5491,8000,59599,1.8592,0.0304,3.5819,3.454,0.0116,0.09,5.02,0.94,0.0,1004.0,488,501,15,49,50,1,261.0,0.01,3.8e-05,31716.0,,,,
5492,8000,59616,1.8372,0.025,3.5495,3.581,0.0124,0.09,5.0,0.94,0.0,1030.0,547,474,9,53,46,1,255.0,0.01,3.8e-05,31694.0,,,,
5493,8000,59633,1.8286,0.0254,3.5319,3.615,0.0105,0.08,7.29,0.94,0.0,958.0,470,471,17,49,49,2,274.0,0.01,3.8e-05,31752.0,,,,
5494,8000,59649,1.8574,0.0272,3.5857,3.577,0.0091,0.08,7.85,0.94,0.0,976.0,453,499,24,46,51,2,269.0,0.01,3.8e-05,31729.0,,,,
5495,8000,59666,1.8544,0.0188,3.5946,3.403,0.0095,0.08,13.19,0.94,0.0,949.0,455,473,21,48,50,2,276.0,0.01,3.8e-05,31724.0,,,,
5496,8000,59682,1.8405,0.0357,3.5349,3.497,0.0104,0.09,6.96,0.94,0.0,1001.0,484,489,28,48,49,3,262.0,0.0,3.8e-05,31708.0,,,,
5497,8000,59699,1.8323,0.0321,3.5254,3.541,0.0116,0.1,6.18,0.95,0.0,963.0,495,453,15,51,47,2,272.0,0.0,3.8e-05,31690.0,,,,
5498,8000,59716,1.8369,0.0156,3.5672,3.521,0.0088,0.08,7.37,0.94,0.0,987.0,491,473,23,50,48,2,266.0,0.01,3.8e-05,31714.0,,,,
5499,8000,59732,1.8373,0.01,3.581,3.634,0.009,0.08,8.38,0.94,0.0,998.0,467,510,21,47,51,2,263.0,0.01,3.8e-05,31711.0,259,0,253,51
5500,8000,59764,1.8709,0.0205,3.6275,3.681,0.0078,0.07,12.45,0.95,0.0,980.0,483,477,20,49,49,2,267.0,0.01,3.8e-05,31844.0,,,,
5501,8000,59781,1.9155,0.0547,3.6485,3.689,0.013,0.1,5.89,0.93,0.0,1018.0,501,496,21,49,49,2,258.0,0.0,3.8e-05,30581.0,,,,
5502,8000,59798,1.9216,0.052,3.6659,3.748,0.0108,0.09,10.91,0.93,0.0,981.0,493,476,12,50,49,1,267.0,0.01,3.8e-05,31685.0,,,,
5503,8000,59815,1.8695,0.0504,3.5675,3.687,0.0138,0.1,4.81,0.93,0.0,1001.0,490,487,24,49,49,2,262.0,0.02,3.8e-05,31704.0,,,,
5504,8000,59831,1.8525,0.035,3.5621,3.787,0.0119,0.09,5.63,0.93,0.0,929.0,451,459,19,49,49,2,282.0,0.02,3.8e-05,31764.0,,,,
5505,8000,59848,1.8085,0.0284,3.4874,3.815,0.0117,0.09,6.25,0.94,0.0,891.0,451,432,8,51,48,1,294.0,0.02,3.8e-05,31705.0,,,,
5506,8000,59864,1.8544,0.0445,3.5473,3.763,0.0134,0.1,4.19,0.93,0.0,958.0,497,443,18,52,46,2,274.0,0.02,3.8e-05,31691.0,,,,
5507,8000,59881,1.8595,0.0421,3.5614,3.73,0.011,0.09,4.72,0.93,0.0,957.0,476,463,18,50,48,2,274.0,0.02,3.8e-05,31693.0,,,,
5508,8000,59898,1.8637,0.0533,3.5472,3.728,0.0109,0.09,6.86,0.94,0.0,966.0,476,480,10,49,50,1,271.0,0.02,3.8e-05,31695.0,,,,
5509,8000,59914,1.8159,0.0334,3.4923,3.741,0.0112,0.09,5.89,0.94,0.0,902.0,437,441,24,48,49,3,291.0,0.02,3.8e-05,31705.0,,,,
5510,8000,59931,1.8173,0.0298,3.5033,3.903,0.0077,0.07,7.61,0.94,0.0,883.0,438,425,20,50,48,2,297.0,0.01,3.8e-05,31734.0,,,,
5511,8000,59947,1.7799,0.0245,3.4383,3.79,0.0095,0.08,6.14,0.94,0.0,844.0,441,387,16,52,46,2,311.0,0.02,3.8e-05,31688.0,,,,
5512,8000,59964,1.8204,0.0212,3.5263,3.788,0.01,0.08,9.89,0.95,0.0,856.0,446,388,22,52,45,3,306.0,0.02,3.8e-05,31699.0,,,,
5513,8000,59981,1.7931,0.012,3.4892,3.752,0.011,0.09,5.84,0.94,0.0,904.0,453,425,26,50,47,3,290.0,0.02,3.8e-05,31698.0,,,,
5514,8000,59997,1.8097,0.0256,3.4963,3.76,0.013,0.1,7.57,0.94,0.0,916.0,468,423,25,51,46,3,286.0,0.02,3.8e-05,31705.0,,,,
5515,8000,60014,1.7967,0.0157,3.4896,3.773,0.01,0.08,7.86,0.95,0.0,844.0,419,406,19,50,48,2,311.0,0.02,3.8e-05,31692.0,,,,
5516,8000,60030,1.7565,-0.001,3.4437,3.737,0.0075,0.06,9.6,0.95,0.0,814.0,392,403,19,48,50,2,322.0,0.03,3.8e-05,31687.0,,,,
5517,8000,60047,1.7725,0.0188,3.439,3.791,0.0095,0.08,6.7,0.94,0.0,814.0,398,393,23,49,48,3,322.0,0.03,3.8e-05,31689.0,,,,
5518,8000,60064,1.7422,0.0048,3.4058,3.898,0.0073,0.06,9.28,0.95,0.0,730.0,370,333,27,51,46,4,359.0,0.03,3.8e-05,31688.0,,,,
5519,8000,60080,1.7783,0.0194,3.4499,3.882,0.0083,0.07,10.96,0.95,0.0,746.0,339,374,33,45,50,4,351.0,0.03,3.8e-05,31697.0,,,,
5520,8000,60097,1.768,0.0297,3.4084,3.867,0.0104,0.08,11.75,0.95,0.0,788.0,362,399,27,46,51,3,333.0,0.02,3.8e-05,31741.0,,,,
5521,8000,60114,1.8362,0.036,3.5298,3.8,0.0123,0.09,9.01,0.93,0.0,795.0,398,374,23,50,47,3,330.0,0.02,3.8e-05,30580.0,,,,
5522,8000,60131,1.8,0.03,3.4697,3.921,0.0125,0.09,5.63,0.93,0.0,773.0,380,372,21,49,48,3,339.0,0.02,3.8e-05,31712.0,,,,
5523,8000,60147,1.794,0.0277,3.4625,3.915,0.0113,0.09,6.38,0.93,0.0,773.0,395,359,19,51,46,2,339.0,0.03,3.8e-05,31725.0,,,,
5524,8000,60164,1.8008,0.0394,3.4522,3.856,0.0116,0.09,8.97,0.93,0.0,746.0,371,355,20,50,48,3,351.0,0.02,3.8e-05,31711.0,,,,
5525,8000,60180,1.8328,0.0587,3.4756,3.717,0.0152,0.11,6.0,0.93,0.0,784.0,406,360,18,52,46,2,334.0,0.03,3.8e-05,31733.0,,,,
5526,8000,60197,1.8675,0.0484,3.5649,3.611,0.0145,0.11,6.76,0.93,0.0,870.0,415,437,18,48,50,2,301.0,0.02,3.8e-05,31719.0,,,,
5527,8000,60214,1.8506,0.047,3.5329,3.561,0.0118,0.1,5.51,0.93,0.0,873.0,426,434,13,49,50,1,300.0,0.02,3.8e-05,31716.0,,,,
5528,8000,60230,1.8501,0.0388,3.5479,3.566,0.0104,0.09,6.2,0.93,0.0,871.0,437,421,13,50,48,1,301.0,0.02,3.8e-05,31712.0,,,,
5529,8000,60247,1.836,0.0258,3.5453,3.491,0.0135,0.1,5.15,0.93,0.0,849.0,389,446,14,46,53,2,309.0,0.02,3.8e-05,31760.0,,,,
5530,8000,60263,1.8636,0.0139,3.6241,3.385,0.012,0.1,9.54,0.93,0.0,918.0,441,460,17,48,50,2,286.0,0.02,3.8e-05,31715.0,,,,
5531,8000,60280,1.8278,0.0278,3.525,3.482,0.0152,0.11,6.66,0.94,0.0,898.0,433,449,16,48,50,2,292.0,0.02,3.8e-05,31773.0,,,,
5532,8000,60297,1.848,0.0286,3.5649,3.562,0.0126,0.1,4.81,0.94,0.0,899.0,484,403,12,54,45,1,292.0,0.01,3.8e-05,31717.0,,,,
5533,8000,60313,1.8673,0.0274,3.6057,3.485,0.0106,0.09,6.55,0.93,0.0,896.0,450,433,13,50,48,1,293.0,0.02,3.8e-05,31724.0,,,,
5534,8000,60330,1.8236,0.0357,3.5026,3.524,0.0119,0.1,5.49,0.93,0.0,851.0,433,400,18,51,47,2,308.0,0.01,3.8e-05,31728.0,,,,
5535,8000,60346,1.862,0.0217,3.6059,3.524,0.0093,0.08,8.08,0.93,0.0,866.0,436,417,13,50,48,2,303.0,0.02,3.8e-05,31708.0,,,,
5536,8000,60363,1.8509,0.0337,3.5601,3.543,0.0081,0.07,8.16,0.93,0.0,834.0,411,409,14,49,49,2,314.0,0.01,3.8e-05,31788.0,,,,
5537,8000,60379,1.833,0.0319,3.5283,3.622,0.0102,0.08,9.56,0.94,0.0,809.0,417,377,15,52,47,2,324.0,0.02,3.8e-05,31707.0,,,,
5538,8000,60396,1.8013,0.0029,3.5232,3.59,0.011,0.09,6.68,0.94,0.0,891.0,472,404,15,53,45,2,294.0,0.02,3.8e-05,31720.0,,,,
5539,8000,60413,1.818,0.0127,3.5388,3.593,0.0115,0.09,6.3,0.94,0.0,893.0,473,403,17,53,45,2,294.0,0.01,3.8e-05,31704.0,,,,
5540,8000,60429,1.8132,0.018,3.5186,3.612,0.0115,0.09,7.81,0.94,0.0,896.0,454,424,18,51,47,2,293.0,0.02,3.8e-05,31715.0,,,,
5541,8000,60446,1.8175,0.0122,3.5375,3.765,0.0124,0.09,7.32,0.93,0.0,860.0,432,421,7,50,49,1,305.0,0.01,3.8e-05,30605.0,,,,
5542,8000,60463,1.7955,0.0095,3.4987,3.753,0.0107,0.08,9.8,0.93,0.0,772.0,357,400,15,46,52,2,340.0,0.01,3.8e-05,31723.0,,,,
5543,8000,60480,1.8105,0.0259,3.4965,3.852,0.0122,0.09,8.69,0.93,0.0,765.0,370,382,13,48,50,2,343.0,0.02,3.8e-05,31725.0,,,,
5544,8000,60496,1.7722,0.0263,3.4207,3.963,0.0104,0.08,7.13,0.93,0.0,770.0,376,376,18,49,49,2,340.0,0.02,3.8e-05,31734.0,,,,
5545,8000,60513,1.7403,0.0255,3.3616,4.009,0.0075,0.06,11.51,0.94,0.0,676.0,285,354,37,42,52,5,388.0,0.02,3.8e-05,31740.0,,,,
5546,8000,60529,1.7697,0.0332,3.4045,4.069,0.01,0.08,7.83,0.94,0.0,748.0,353,360,35,47,48,5,350.0,0.02,3.8e-05,31723.0,,,,
5547,8000,60546,1.7606,0.0278,3.3977,4.09,0.0107,0.08,8.17,0.94,0.0,713.0,330,361,22,46,51,3,368.0,0.01,3.8e-05,31716.0,,,,
5548,8000,60563,1.7764,0.0377,3.4092,4.101,0.0127,0.09,7.03,0.94,0.0,763.0,379,356,28,50,47,4,344.0,0.03,3.8e-05,31725.0,,,,
5549,8000,60579,1.7911,0.0256,3.4626,3.992,0.0113,0.08,7.56,0.93,0.0,785.0,377,383,25,48,49,3,334.0,0.02,3.8e-05,31718.0,231,0,281,45
5550,8000,60611,1.8091,0.0307,3.4866,3.903,0.0099,0.08,6.57,0.93,0.0,818.0,379,418,21,46,51,3,320.0,0.01,3.8e-05,31837.0,,,,
5551,8000,60628,1.7855,0.024,3.4529,3.905,0.0135,0.09,6.64,0.94,0.0,815.0,399,399,17,49,49,2,322.0,0.01,3.8e-05,31732.0,,,,
5552,8000,60644,1.7771,0.016,3.4528,3.968,0.0087,0.07,10.13,0.94,0.0,810.0,404,392,14,50,48,2,324.0,0.01,3.8e-05,31776.0,,,,
5553,8000,60661,1.7809,0.016,3.4602,3.959,0.0102,0.08,7.22,0.94,0.0,841.0,405,415,21,48,49,2,312.0,0.02,3.8e-05,31705.0,,,,
5554,8000,60678,1.8057,0.0275,3.4851,3.833,0.0128,0.09,8.95,0.94,0.0,832.0,437,380,15,53,46,2,315.0,0.01,3.8e-05,31715.0,,,,
5555,8000,60694,1.8029,0.019,3.4977,3.894,0.0087,0.07,11.79,0.94,0.0,852.0,442,389,21,52,46,2,308.0,0.01,3.8e-05,31741.0,,,,
5556,8000,60711,1.7614,0.006,3.4397,3.855,0.011,0.08,5.93,0.94,0.0,863.0,421,426,16,49,49,2,304.0,0.01,3.8e-05,31705.0,,,,
5557,8000,60727,1.7814,0.0037,3.485,3.91,0.0116,0.08,7.14,0.94,0.0,865.0,442,405,18,51,47,2,303.0,0.01,3.8e-05,31712.0,,,,
5558,8000,60744,1.799,0.0194,3.4886,3.852,0.0126,0.09,9.16,0.94,0.0,835.0,426,387,22,51,46,3,314.0,0.02,3.8e-05,31780.0,,,,
5559,8000,60760,1.7892,0.0131,3.4818,3.881,0.0119,0.08,9.4,0.95,0.0,854.0,413,413,28,48,48,3,307.0,0.01,3.8e-05,31760.0,,,,
5560,8000,60777,1.792,0.0057,3.5013,3.755,0.0128,0.09,8.63,0.94,0.0,901.0,431,445,25,48,49,3,291.0,0.01,3.8e-05,31774.0,,,,
5561,8000,60794,1.8238,0.0075,3.561,3.766,0.0094,0.08,6.31,0.93,0.0,920.0,455,429,36,49,47,4,285.0,0.01,3.8e-05,30576.0,,,,
5562,8000,60811,1.7901,0.0027,3.504,3.871,0.0133,0.09,6.67,0.94,0.0,906.0,421,463,22,46,51,2,289.0,0.01,3.8e-05,31770.0,,,,
5563,8000,60827,1.7638,-0.0059,3.4683,3.927,0.0139,0.1,6.06,0.94,0.0,832.0,370,443,19,44,53,2,315.0,0.01,3.8e-05,31791.0,,,,
5564,8000,60844,1.776,-0.0116,3.5047,4.025,0.012,0.08,7.87,0.94,0.0,859.0,399,442,18,46,51,2,305.0,0.02,3.8e-05,31734.0,,,,
5565,8000,60860,1.8107,0.0128,3.5257,3.908,0.0118,0.08,8.7,0.94,0.0,862.0,427,409,26,50,47,3,304.0,0.03,3.8e-05,31767.0,,,,
5566,8000,60877,1.7649,-0.0078,3.4759,4.066,0.0126,0.08,7.56,0.94,0.0,878.0,415,442,21,47,50,2,299.0,0.03,3.8e-05,31740.0,,,,
5567,8000,60894,1.7557,-0.0158,3.4731,4.086,0.0117,0.08,5.44,0.94,0.0,884.0,437,429,18,49,49,2,297.0,0.04,3.8e-05,31742.0,,,,
5568,8000,60910,1.7846,-0.0049,3.5077,3.918,0.0131,0.09,6.49,0.94,0.0,878.0,419,439,20,48,50,2,299.0,0.03,3.8e-05,31771.0,,,,
5569,8000,60927,1.819,-0.0055,3.578,4.004,0.0092,0.07,7.27,0.94,0.0,934.0,494,428,12,53,46,1,281.0,0.02,3.8e-05,31733.0,,,,
5570,8000,60943,1.7931,-0.0077,3.5311,3.908,0.0125,0.09,5.61,0.94,0.0,919.0,498,404,17,54,44,2,285.0,0.02,3.8e-05,31714.0,,,,
5571,8000,60960,1.8297,0.0051,3.5771,3.822,0.0095,0.08,7.64,0.94,0.0,1006.0,493,503,10,49,50,1,261.0,0.03,3.8e-05,31722.0,,,,
5572,8000,60976,1.8261,0.014,3.5516,3.788,0.0135,0.09,5.62,0.94,0.0,953.0,467,475,11,49,50,1,275.0,0.04,3.8e-05,31711.0,,,,
5573,8000,60993,1.8271,0.0137,3.5547,3.772,0.0133,0.09,5.22,0.94,0.0,1019.0,518,487,14,51,48,1,257.0,0.02,3.8e-05,31776.0,,,,
5574,8000,61010,1.8296,0.0127,3.5606,3.707,0.0147,0.1,5.71,0.93,0.0,999.0,489,498,12,49,50,1,262.0,0.02,3.8e-05,31728.0,,,,
5575,8000,61026,1.8052,0.0076,3.5224,3.776,0.0129,0.09,5.65,0.94,0.0,958.0,479,464,15,50,48,2,274.0,0.02,3.8e-05,31742.0,,,,
5576,8000,61043,1.7874,-0.0055,3.5143,3.886,0.011,0.08,7.43,0.94,0.0,965.0,466,481,18,48,50,2,272.0,0.03,3.8e-05,31738.0,,,,
5577,8000,61059,1.786,0.0084,3.4826,3.842,0.0105,0.08,6.59,0.94,0.0,927.0,449,467,11,48,50,1,283.0,0.03,3.8e-05,31738.0,,,,
5578,8000,61076,1.8215,0.001,3.5699,3.865,0.0087,0.07,8.12,0.94,0.0,951.0,460,476,15,48,50,2,276.0,0.02,3.8e-05,31714.0,,,,
5579,8000,61093,1.7791,0.0005,3.4869,3.902,0.0103,0.08,6.36,0.94,0.0,895.0,426,444,25,48,50,3,293.0,0.03,3.8e-05,31738.0,,,,
5580,8000,61109,1.7734,0.0096,3.4573,4.02,0.0117,0.08,6.26,0.95,0.0,876.0,455,404,17,52,46,2,299.0,0.02,3.8e-05,31721.0,,,,
5581,8000,61126,1.7888,0.0068,3.4939,4.069,0.0115,0.08,9.56,0.94,0.0,844.0,415,415,14,49,49,2,311.0,0.02,3.8e-05,30662.0,,,,
5582,8000,61143,1.7823,0.0074,3.4794,4.083,0.0098,0.07,12.58,0.95,0.0,786.0,411,365,10,52,46,1,334.0,0.02,3.8e-05,31751.0,,,,
5583,8000,61159,1.7923,0.008,3.4999,4.066,0.0098,0.07,12.2,0.95,0.0,817.0,431,367,19,53,45,2,321.0,0.04,3.8e-05,31783.0,,,,
5584,8000,61176,1.7565,0.0016,3.4398,4.083,0.0084,0.06,7.9,0.95,0.0,836.0,411,405,20,49,48,2,314.0,0.03,3.8e-05,31724.0,,,,
5585,8000,61193,1.7597,0.0117,3.4285,4.147,0.0129,0.08,7.17,0.95,0.0,829.0,407,391,31,49,47,4,316.0,0.02,3.8e-05,31708.0,,,,
5586,8000,61209,1.7528,0.0143,3.4063,4.012,0.0094,0.07,12.68,0.95,0.0,742.0,406,317,19,55,43,3,353.0,0.02,3.8e-05,31736.0,,,,
5587,8000,61226,1.712,-0.0069,3.3694,4.134,0.0083,0.06,8.2,0.96,0.0,800.0,421,358,21,53,45,3,328.0,0.02,3.8e-05,31786.0,,,,
5588,8000,61242,1.7603,0.006,3.4384,4.069,0.0118,0.07,8.56,0.95,0.0,841.0,432,387,22,51,46,3,312.0,0.02,3.8e-05,31732.0,,,,
5589,8000,61259,1.7466,0.0179,3.3879,4.149,0.0093,0.07,10.17,0.96,0.0,750.0,383,342,25,51,46,3,350.0,0.01,3.8e-05,31716.0,,,,
5590,8000,61276,1.7089,0.0006,3.3485,4.169,0.0085,0.06,12.66,0.96,0.0,737.0,384,336,17,52,46,2,356.0,0.03,3.8e-05,31716.0,,,,
5591,8000,61292,1.7201,0.0196,3.3307,4.031,0.0063,0.05,17.29,0.96,0.0,698.0,333,348,17,48,50,2,376.0,0.02,3.8e-05,31715.0,,,,
5592,8000,61309,1.7107,0.0056,3.3447,4.142,0.0088,0.07,10.31,0.96,0.0,767.0,353,379,35,46,49,5,342.0,0.01,3.8e-05,31716.0,,,,
5593,8000,61325,1.7399,-0.0063,3.4236,4.078,0.0075,0.06,13.97,0.96,0.0,779.0,370,371,38,47,48,5,337.0,0.01,3.8e-05,31783.0,,,,
5594,8000,61342,1.736,0.0119,3.3788,4.056,0.0117,0.07,12.16,0.95,0.0,777.0,393,356,28,51,46,4,337.0,0.02,3.8e-05,31716.0,,,,
5595,8000,61359,1.7351,0.0129,3.3748,4.111,0.0167,0.1,9.71,0.95,0.0,798.0,371,399,28,46,50,4,329.0,0.02,3.8e-05,31708.0,,,,
5596,8000,61375,1.7582,0.0204,3.4077,4.065,0.0142,0.08,9.47,0.95,0.0,801.0,407,359,35,51,45,4,327.0,0.01,3.8e-05,31721.0,,,,
5597,8000,61392,1.7657,0.0282,3.4074,3.994,0.0102,0.07,10.95,0.95,0.0,801.0,364,393,44,45,49,5,327.0,0.01,3.8e-05,31704.0,,,,
5598,8000,61408,1.7742,0.0177,3.4459,4.089,0.0099,0.07,14.08,0.95,0.0,827.0,394,401,32,48,48,4,317.0,0.01,3.8e-05,31696.0,,,,
5599,8000,61425,1.7255,0.0085,3.3662,4.135,0.0119,0.07,9.66,0.95,0.0,810.0,411,369,30,51,46,4,324.0,0.01,3.8e-05,31692.0,199,1,312,39
5600,8000,61457,1.7574,0.0196,3.4105,4.119,0.0125,0.08,10.6,0.95,0.0,802.0,390,372,40,49,46,5,327.0,0.01,3.8e-05,31897.0,,,,
5601,8000,61474,1.8027,0.0281,3.4816,4.157,0.0181,0.09,5.27,0.93,0.0,879.0,430,410,39,49,47,4,298.0,0.01,3.8e-05,30655.0,,,,
5602,8000,61491,1.8242,0.0295,3.5214,3.997,0.0173,0.09,7.39,0.94,0.0,897.0,442,409,46,49,46,5,292.0,0.02,3.8e-05,31723.0,,,,
5603,8000,61507,1.8316,0.0298,3.5353,4.031,0.0246,0.09,6.05,0.94,0.0,967.0,479,449,39,50,46,4,271.0,0.02,3.8e-05,31753.0,,,,
5604,8000,61524,1.7962,0.0132,3.498,4.054,0.0143,0.09,4.9,0.94,0.0,941.0,472,432,37,50,46,4,279.0,0.01,3.8e-05,31714.0,,,,
5605,8000,61540,1.8024,0.0161,3.5024,3.999,0.0157,0.1,3.9,0.94,0.0,912.0,474,426,12,52,47,1,287.0,0.03,3.8e-05,31711.0,,,,
5606,8000,61557,1.789,0.0206,3.4674,4.098,0.0121,0.09,4.22,0.95,0.0,910.0,488,414,8,54,45,1,288.0,0.03,3.8e-05,31705.0,,,,
5607,8000,61574,1.8184,0.0223,3.5216,4.062,0.0092,0.07,9.92,0.94,0.0,908.0,494,403,11,54,44,1,289.0,0.02,3.8e-05,31705.0,,,,
5608,8000,61590,1.8132,0.0195,3.5186,4.124,0.0099,0.07,6.37,0.94,0.0,930.0,499,413,18,54,44,2,282.0,0.03,3.8e-05,31767.0,,,,
5609,8000,61607,1.7847,0.0107,3.4784,4.133,0.0134,0.09,4.29,0.94,0.0,902.0,452,433,17,50,48,2,291.0,0.01,3.8e-05,31745.0,,,,
5610,8000,61623,1.7718,0.0093,3.4559,4.212,0.0105,0.08,3.9,0.94,0.0,887.0,461,410,16,52,46,2,296.0,0.02,3.8e-05,31708.0,,,,
5611,8000,61640,1.7804,0.0177,3.4558,4.183,0.0125,0.09,5.37,0.94,0.0,868.0,442,418,8,51,48,1,302.0,0.03,3.8e-05,31764.0,,,,
5612,8000,61657,1.7285,-0.0111,3.4103,4.238,0.0113,0.08,3.79,0.94,0.0,848.0,446,385,17,53,45,2,309.0,0.02,3.8e-05,31709.0,,,,
5613,8000,61673,1.76,-0.0111,3.4728,4.199,0.0123,0.08,4.53,0.94,0.0,883.0,460,417,6,52,47,1,297.0,0.03,3.8e-05,31762.0,,,,
5614,8000,61690,1.7904,-0.0046,3.5212,4.213,0.0085,0.07,8.94,0.95,0.0,834.0,426,399,9,51,48,1,314.0,0.03,3.8e-05,31711.0,,,,
5615,8000,61706,1.7467,-0.0069,3.4404,4.344,0.0091,0.07,5.61,0.95,0.0,901.0,466,420,15,52,47,2,291.0,0.02,3.8e-05,31727.0,,,,
5616,8000,61723,1.8078,0.0016,3.5442,4.222,0.0109,0.08,7.82,0.95,0.0,913.0,457,446,10,50,49,1,287.0,0.02,3.8e-05,31705.0,,,,
5617,8000,61740,1.815,0.0056,3.5501,4.187,0.0118,0.08,4.66,0.94,0.0,990.0,480,501,9,48,51,1,265.0,0.03,3.8e-05,31727.0,,,,
5618,8000,61756,1.79,0.0089,3.4931,4.212,0.0111,0.08,3.78,0.94,0.0,1012.0,571,431,10,56,43,1,259.0,0.02,3.8e-05,31751.0,,,,
5619,8000,61773,1.7938,0.0017,3.5145,4.182,0.0102,0.08,4.68,0.95,0.0,957.0,542,408,7,57,43,1,274.0,0.02,3.8e-05,31728.0,,,,
5620,8000,61789,1.8071,0.0033,3.538,4.13,0.0128,0.09,3.43,0.94,0.0,1041.0,575,461,5,55,44,0,252.0,0.03,3.8e-05,31733.0,,,,
5621,8000,61806,1.868,0.0082,3.6496,4.105,0.0126,0.09,3.19,0.93,0.0,1005.0,517,483,5,51,48,0,261.0,0.03,3.8e-05,30603.0,,,,
5622,8000,61823,1.909,0.0126,3.7217,3.941,0.013,0.1,3.3,0.92,0.0,1165.0,576,585,4,49,50,0,225.0,0.04,3.8e-05,31744.0,,,,
5623,8000,61840,1.8889,0.0081,3.6906,3.981,0.011,0.08,3.59,0.92,0.0,1038.0,532,504,2,51,49,0,253.0,0.02,3.7e-05,31727.0,,,,
5624,8000,61856,1.8374,-0.0142,3.6328,4.05,0.0105,0.08,3.43,0.92,0.0,1079.0,539,537,3,50,50,0,243.0,0.03,3.7e-05,31744.0,,,,
5625,8000,61873,1.8327,-0.0063,3.609,4.194,0.0096,0.08,3.74,0.93,0.0,1086.0,535,542,9,49,50,1,241.0,0.02,3.7e-05,31735.0,,,,
5626,8000,61889,1.8366,-0.0044,3.6135,4.23,0.0106,0.07,3.36,0.93,0.0,1113.0,569,534,10,51,48,1,236.0,0.01,3.7e-05,31715.0,,,,
5627,8000,61906,1.8388,-0.0072,3.6226,4.135,0.0103,0.08,3.63,0.93,0.0,1085.0,537,546,2,49,50,0,242.0,0.01,3.7e-05,31762.0,,,,
5628,8000,61923,1.8547,-0.0101,3.6607,4.149,0.0096,0.07,5.73,0.93,0.0,1054.0,549,500,5,52,47,0,249.0,0.01,3.7e-05,31725.0,,,,
5629,8000,61939,1.8272,-0.0073,3.5998,4.146,0.0097,0.07,4.47,0.94,0.0,1059.0,541,510,8,51,48,1,248.0,0.02,3.7e-05,31790.0,,,,
5630,8000,61956,1.8052,-0.011,3.5636,4.222,0.0084,0.07,6.1,0.94,0.0,1012.0,532,473,7,53,47,1,259.0,0.02,3.7e-05,31744.0,,,,
5631,8000,61972,1.7894,0.0014,3.5083,4.36,0.0095,0.07,4.37,0.95,0.0,941.0,464,469,8,49,50,1,279.0,0.03,3.7e-05,31783.0,,,,
5632,8000,61989,1.7864,-0.0181,3.5412,4.321,0.0067,0.06,6.97,0.95,0.0,945.0,450,485,10,48,51,1,277.0,0.02,3.7e-05,31766.0,,,,
5633,8000,62005,1.7784,-0.0128,3.5149,4.353,0.0088,0.06,5.25,0.94,0.0,918.0,457,450,11,50,49,1,286.0,0.02,3.7e-05,31728.0,,,,
5634,8000,62022,1.7891,-0.0074,3.526,4.386,0.0076,0.06,7.52,0.95,0.0,893.0,449,427,17,50,48,2,294.0,0.01,3.7e-05,31739.0,,,,
5635,8000,62039,1.8148,0.0036,3.5551,4.413,0.0086,0.06,5.73,0.94,0.0,939.0,494,432,13,53,46,1,279.0,0.03,3.7e-05,31728.0,,,,
5636,8000,62055,1.7684,-0.0021,3.4729,4.307,0.0089,0.07,4.79,0.95,0.0,916.0,441,455,20,48,50,2,286.0,0.03,3.7e-05,31767.0,,,,
5637,8000,62072,1.7774,-0.0024,3.4924,4.376,0.0071,0.06,5.75,0.95,0.0,884.0,429,437,18,49,49,2,297.0,0.03,3.7e-05,31795.0,,,,
5638,8000,62088,1.8073,0.0133,3.5216,4.452,0.0073,0.06,6.28,0.94,0.0,887.0,424,451,12,48,51,1,296.0,0.02,3.7e-05,31744.0,,,,
5639,8000,62105,1.7989,0.0206,3.4898,4.414,0.0104,0.08,5.77,0.95,0.0,901.0,420,464,17,47,51,2,291.0,0.02,3.7e-05,31744.0,,,,
5640,8000,62122,1.8012,0.0163,3.5037,4.475,0.0066,0.06,5.57,0.95,0.0,879.0,421,444,14,48,51,2,298.0,0.02,3.7e-05,31722.0,,,,
5641,8000,62139,1.8453,0.0254,3.5736,4.457,0.0072,0.06,7.58,0.94,0.0,846.0,455,378,13,54,45,2,310.0,0.02,3.7e-05,30582.0,,,,
5642,8000,62155,1.8248,0.0382,3.506,4.362,0.0112,0.08,4.16,0.94,0.0,859.0,483,364,12,56,42,1,305.0,0.03,3.7e-05,31707.0,,,,
5643,8000,62172,1.7874,0.0271,3.4547,4.51,0.0098,0.07,5.31,0.95,0.0,829.0,459,355,15,55,43,2,316.0,0.03,3.7e-05,31719.0,,,,
5644,8000,62188,1.8074,0.0338,3.48,4.355,0.0103,0.07,4.63,0.95,0.0,852.0,455,390,7,53,46,1,308.0,0.03,3.7e-05,31778.0,,,,
5645,8000,62205,1.8314,0.0355,3.5239,4.338,0.0082,0.07,5.73,0.94,0.0,866.0,464,400,2,54,46,0,303.0,0.03,3.7e-05,31780.0,,,,
5646,8000,62222,1.8204,0.0348,3.5036,4.37,0.0105,0.08,3.83,0.94,0.0,876.0,459,413,4,52,47,0,299.0,0.03,3.7e-05,31716.0,,,,
5647,8000,62238,1.8494,0.038,3.5564,4.45,0.0088,0.07,4.04,0.94,0.0,888.0,438,443,7,49,50,1,295.0,0.04,3.7e-05,31730.0,,,,
5648,8000,62255,1.802,0.0365,3.4646,4.452,0.0088,0.07,5.37,0.95,0.0,786.0,401,378,7,51,48,1,334.0,0.03,3.7e-05,31718.0,,,,
5649,8000,62271,1.7561,0.035,3.3766,4.562,0.0088,0.07,4.7,0.95,0.0,734.0,373,354,7,51,48,1,357.0,0.03,3.7e-05,31732.0,135,0,377,26
5650,8000,62303,1.7523,0.0343,3.37,4.558,0.0091,0.07,4.38,0.95,0.0,667.0,344,318,5,52,48,1,393.0,0.04,3.7e-05,31926.0,,,,
5651,8000,62320,1.7325,0.039,3.3217,4.666,0.0099,0.07,3.63,0.95,0.0,711.0,372,338,1,52,48,0,369.0,0.03,3.7e-05,31709.0,,,,
5652,8000,62336,1.727,0.0303,3.3283,4.63,0.0108,0.08,4.17,0.95,0.0,713.0,382,324,7,54,45,1,368.0,0.02,3.7e-05,31723.0,,,,
5653,8000,62353,1.7763,0.0246,3.4385,4.595,0.009,0.07,6.05,0.95,0.0,755.0,390,353,12,52,47,2,347.0,0.03,3.7e-05,31695.0,,,,
5654,8000,62370,1.7502,0.0241,3.3862,4.541,0.0093,0.07,3.72,0.95,0.0,780.0,395,378,7,51,48,1,336.0,0.04,3.7e-05,31715.0,,,,
5655,8000,62386,1.8155,0.0322,3.5003,4.503,0.009,0.07,4.85,0.94,0.0,886.0,467,412,7,53,47,1,296.0,0.02,3.7e-05,31786.0,,,,
5656,8000,62403,1.8132,0.025,3.5094,4.398,0.0096,0.07,4.16,0.95,0.0,926.0,466,453,7,50,49,1,283.0,0.02,3.7e-05,31695.0,,,,
5657,8000,62419,1.8412,0.0256,3.5634,4.318,0.0111,0.09,3.62,0.94,0.0,990.0,528,459,3,53,46,0,265.0,0.02,3.7e-05,31674.0,,,,
5658,8000,62436,1.8277,0.0296,3.5291,4.323,0.0101,0.08,4.64,0.94,0.0,956.0,479,469,8,50,49,1,274.0,0.03,3.7e-05,31692.0,,,,
5659,8000,62453,1.8043,0.0183,3.5046,4.357,0.0089,0.07,4.6,0.94,0.0,880.0,462,410,8,52,47,1,298.0,0.04,3.7e-05,31734.0,,,,
5660,8000,62469,1.8195,0.0159,3.5391,4.247,0.0084,0.07,5.78,0.94,0.0,896.0,489,402,5,55,45,1,293.0,0.02,3.7e-05,31770.0,,,,
5661,8000,62486,1.7934,0.0098,3.5005,4.428,0.0098,0.08,4.74,0.94,0.0,825.0,424,394,7,51,48,1,318.0,0.02,3.7e-05,30595.0,,,,
5662,8000,62503,1.7968,0.0054,3.5161,4.402,0.0112,0.08,5.18,0.94,0.0,866.0,425,432,9,49,50,1,303.0,0.02,3.7e-05,31701.0,,,,
5663,8000,62520,1.8109,0.0143,3.5266,4.332,0.0096,0.08,4.32,0.93,0.0,959.0,446,500,13,47,52,1,273.0,0.03,3.7e-05,31693.0,,,,
5664,8000,62536,1.7983,0.0198,3.4909,4.368,0.01,0.08,3.6,0.94,0.0,894.0,438,444,12,49,50,1,293.0,0.05,3.7e-05,31700.0,,,,
5665,8000,62553,1.8302,0.027,3.5394,4.333,0.0103,0.08,6.28,0.94,0.0,883.0,414,454,15,47,51,2,297.0,0.05,3.7e-05,31783.0,,,,
5666,8000,62569,1.798,0.025,3.4797,4.385,0.0106,0.08,3.94,0.94,0.0,908.0,435,458,15,48,50,2,289.0,0.05,3.7e-05,31695.0,,,,
5667,8000,62586,1.7985,0.0216,3.4871,4.359,0.0073,0.06,7.34,0.95,0.0,845.0,422,409,14,50,48,2,310.0,0.03,3.7e-05,31695.0,,,,
5668,8000,62603,1.7858,0.0271,3.4507,4.418,0.0094,0.07,3.84,0.95,0.0,854.0,378,462,14,44,54,2,307.0,0.03,3.7e-05,31712.0,,,,
5669,8000,62619,1.7746,0.0292,3.425,4.457,0.0104,0.08,4.42,0.95,0.0,825.0,378,432,15,46,52,2,318.0,0.03,3.7e-05,31708.0,,,,
5670,8000,62636,1.7653,0.0211,3.4223,4.518,0.0096,0.07,4.77,0.95,0.0,806.0,389,399,18,48,50,2,325.0,0.03,3.7e-05,31714.0,,,,
5671,8000,62652,1.7756,0.013,3.4593,4.495,0.0081,0.07,4.95,0.95,0.0,873.0,417,434,22,48,50,3,300.0,0.02,3.7e-05,31689.0,,,,
5672,8000,62669,1.7508,0.024,3.3881,4.555,0.0118,0.08,4.84,0.96,0.0,843.0,383,448,12,45,53,1,311.0,0.03,3.7e-05,31742.0,,,,
5673,8000,62686,1.7248,0.0123,3.3589,4.522,0.0083,0.07,8.44,0.96,0.0,725.0,344,370,11,47,51,2,362.0,0.03,3.7e-05,31699.0,,,,
5674,8000,62702,1.7799,0.0186,3.4566,4.527,0.0085,0.07,4.81,0.95,0.0,846.0,384,453,9,45,54,1,310.0,0.02,3.7e-05,31712.0,,,,
5675,8000,62719,1.8438,0.0319,3.5569,4.307,0.0063,0.06,13.13,0.95,0.0,857.0,382,458,17,45,53,2,306.0,0.02,3.7e-05,31702.0,,,,
5676,8000,62735,1.8656,0.0191,3.6249,4.236,0.0058,0.05,15.29,0.95,0.0,891.0,420,458,13,47,51,1,294.0,0.01,3.7e-05,31715.0,,,,
5677,8000,62752,1.8319,0.0146,3.5676,4.265,0.0077,0.07,8.88,0.95,0.0,922.0,434,479,9,47,52,1,284.0,0.02,3.7e-05,31695.0,,,,
5678,8000,62768,1.8163,0.0324,3.5014,4.315,0.01,0.08,8.8,0.95,0.0,855.0,401,443,11,47,52,1,307.0,0.02,3.7e-05,31705.0,,,,
5679,8000,62785,1.8437,0.0362,3.5465,4.166,0.0108,0.09,3.97,0.95,0.0,932.0,456,462,14,49,50,2,281.0,0.03,3.7e-05,31701.0,,,,
5680,8000,62802,1.8796,0.0305,3.6301,4.197,0.0088,0.07,8.63,0.94,0.0,961.0,491,457,13,51,48,1,273.0,0.03,3.7e-05,31746.0,,,,
5681,8000,62819,1.9102,0.0484,3.6537,4.11,0.0154,0.1,4.94,0.93,0.0,1024.0,479,537,8,47,52,1,256.0,0.02,3.7e-05,30600.0,,,,
5682,8000,62835,1.8748,0.0329,3.6154,4.229,0.011,0.09,3.83,0.93,0.0,998.0,514,480,4,52,48,0,263.0,0.02,3.7e-05,31715.0,,,,
5683,8000,62852,1.8748,0.0304,3.621,4.332,0.0139,0.09,5.65,0.93,0.0,1038.0,559,471,8,54,45,1,253.0,0.02,3.7e-05,31715.0,,,,
5684,8000,62869,1.8545,0.0194,3.6029,4.292,0.0118,0.09,4.25,0.93,0.0,1100.0,582,504,14,53,46,1,238.0,0.01,3.7e-05,31710.0,,,,
5685,8000,62885,1.8587,0.0173,3.6154,4.324,0.0128,0.09,4.39,0.92,0.0,1060.0,543,512,5,51,48,0,247.0,0.01,3.7e-05,31696.0,,,,
5686,8000,62902,1.8633,0.0111,3.6369,4.178,0.0097,0.08,5.24,0.93,0.0,1015.0,469,535,11,46,53,1,258.0,0.03,3.7e-05,31711.0,,,,
5687,8000,62918,1.8671,0.0249,3.6179,4.316,0.0108,0.09,3.63,0.92,0.0,1048.0,526,513,9,50,49,1,250.0,0.02,3.7e-05,31714.0,,,,
5688,8000,62935,1.8277,0.0168,3.5567,4.385,0.01,0.08,4.28,0.94,0.0,991.0,499,478,14,50,48,1,265.0,0.01,3.7e-05,31720.0,,,,
5689,8000,62952,1.8527,0.0239,3.5904,4.346,0.011,0.08,4.15,0.94,0.0,1009.0,512,491,6,51,49,1,260.0,0.02,3.7e-05,31717.0,,,,
5690,8000,62968,1.8105,0.0237,3.5068,4.469,0.0103,0.08,4.11,0.94,0.0,979.0,494,482,3,50,49,0,268.0,0.02,3.7e-05,31709.0,,,,
5691,8000,62985,1.823,0.0229,3.5337,4.432,0.0091,0.07,5.53,0.94,0.0,931.0,483,440,8,52,47,1,282.0,0.01,3.7e-05,31727.0,,,,
5692,8000,63001,1.8273,0.0163,3.5559,4.446,0.0081,0.06,8.16,0.94,0.0,919.0,480,431,8,52,47,1,285.0,0.01,3.7e-05,31699.0,,,,
5693,8000,63018,1.7889,0.0232,3.4661,4.47,0.0113,0.08,4.06,0.94,0.0,921.0,466,445,10,51,48,1,285.0,0.02,3.7e-05,31718.0,,,,
5694,8000,63035,1.7908,0.0383,3.4417,4.566,0.0109,0.08,3.76,0.94,0.0,917.0,474,428,15,52,47,2,286.0,0.02,3.7e-05,31704.0,,,,
5695,8000,63051,1.7539,0.0243,3.3946,4.52,0.0109,0.08,3.54,0.95,0.0,790.0,377,401,12,48,51,2,332.0,0.01,3.7e-05,31771.0,,,,
5696,8000,63068,1.8141,0.0293,3.5047,4.469,0.0093,0.07,6.81,0.94,0.0,888.0,462,407,19,52,46,2,295.0,0.01,3.7e-05,31689.0,,,,
5697,8000,63084,1.8137,0.0251,3.511,4.418,0.0097,0.07,5.34,0.95,0.0,918.0,451,459,8,49,50,1,286.0,0.01,3.7e-05,31718.0,,,,
5698,8000,63101,1.8365,0.0236,3.5589,4.38,0.0101,0.07,6.39,0.94,0.0,952.0,493,447,12,52,47,1,275.0,0.02,3.7e-05,31711.0,,,,
5699,8000,63117,1.809,0.0248,3.5017,4.411,0.0105,0.07,4.32,0.94,0.0,977.0,452,516,9,46,53,1,268.0,0.02,3.7e-05,31708.0,141,0,371,28
5700,8000,63149,1.809,0.0164,3.5177,4.337,0.0112,0.08,5.36,0.94,0.0,961.0,476,477,8,50,50,1,273.0,0.01,3.7e-05,31838.0,,,,
5701,8000,63167,1.8694,0.0274,3.6175,4.316,0.0114,0.08,4.34,0.93,0.0,1009.0,512,480,17,51,48,2,260.0,0.02,3.7e-05,30587.0,,,,
5702,8000,63183,1.8205,0.0141,3.5464,4.37,0.0129,0.09,3.07,0.93,0.0,992.0,498,477,17,50,48,2,264.0,0.02,3.7e-05,31782.0,,,,
5703,8000,63200,1.8362,0.0271,3.5519,4.347,0.0116,0.08,3.82,0.93,0.0,1043.0,546,483,14,52,46,1,251.0,0.02,3.7e-05,31725.0,,,,
5704,8000,63216,1.832,0.0073,3.5832,4.289,0.0125,0.09,3.33,0.94,0.0,1038.0,503,520,15,48,50,1,253.0,0.01,3.7e-05,31721.0,,,,
5705,8000,63233,1.8068,0.0147,3.5168,4.378,0.011,0.08,3.12,0.94,0.0,996.0,471,520,5,47,52,1,263.0,0.02,3.7e-05,31707.0,,,,
5706,8000,63249,1.8549,0.0211,3.6,4.345,0.0093,0.07,3.93,0.94,0.0,1043.0,509,532,2,49,51,0,251.0,0.02,3.7e-05,31710.0,,,,
5707,8000,63266,1.8133,0.0078,3.5436,4.298,0.0099,0.08,2.7,0.94,0.0,1048.0,512,534,2,49,51,0,250.0,0.02,3.7e-05,31764.0,,,,
5708,8000,63283,1.8658,0.0154,3.6339,4.253,0.0106,0.08,3.33,0.93,0.0,1118.0,557,554,7,50,50,1,234.0,0.02,3.7e-05,31712.0,,,,
5709,8000,63299,1.8732,0.0254,3.627,4.214,0.01,0.08,3.38,0.93,0.0,1102.0,547,551,4,50,50,0,238.0,0.02,3.7e-05,31714.0,,,,
5710,8000,63316,1.8243,0.0098,3.5602,4.191,0.0097,0.08,3.92,0.94,0.0,1115.0,502,608,5,45,55,0,235.0,0.03,3.7e-05,31718.0,,,,
5711,8000,63332,1.8271,0.0197,3.5469,4.212,0.0086,0.07,3.8,0.94,0.0,1038.0,514,511,13,50,49,1,253.0,0.03,3.7e-05,31731.0,,,,
5712,8000,63349,1.8041,0.0122,3.516,4.256,0.0092,0.07,3.57,0.94,0.0,1016.0,504,506,6,50,50,1,258.0,0.02,3.7e-05,31703.0,,,,
5713,8000,63366,1.8453,0.006,3.6107,4.228,0.0086,0.07,4.2,0.93,0.0,1090.0,522,564,4,48,52,0,240.0,0.03,3.7e-05,31692.0,,,,
5714,8000,63382,1.8399,-0.0003,3.612,4.169,0.0083,0.07,5.51,0.94,0.0,1088.0,541,537,10,50,49,1,241.0,0.02,3.7e-05,31750.0,,,,
5715,8000,63399,1.8099,-0.0044,3.563,4.157,0.0091,0.08,4.06,0.94,0.0,1111.0,550,540,21,50,49,2,236.0,0.03,3.7e-05,31710.0,,,,
5716,8000,63415,1.822,0.0046,3.5664,4.165,0.0111,0.08,3.45,0.94,0.0,1076.0,526,543,7,49,50,1,244.0,0.04,3.7e-05,31720.0,,,,
5717,8000,63432,1.8403,-0.0074,3.6269,4.173,0.0085,0.07,4.62,0.93,0.0,1036.0,511,513,12,49,50,1,253.0,0.02,3.7e-05,31708.0,,,,
5718,8000,63449,1.8169,-0.0042,3.5731,4.079,0.0072,0.07,6.08,0.94,0.0,1074.0,552,515,7,51,48,1,244.0,0.02,3.7e-05,31699.0,,,,
5719,8000,63465,1.81,-0.0065,3.5649,4.131,0.01,0.08,4.23,0.94,0.0,1048.0,514,525,9,49,50,1,250.0,0.02,3.7e-05,31772.0,,,,
5720,8000,63482,1.8131,0.0105,3.5379,4.151,0.0106,0.08,3.42,0.94,0.0,1050.0,505,531,14,48,51,1,250.0,0.02,3.7e-05,31716.0,,,,
5721,8000,63499,1.8481,-0.0077,3.644,4.194,0.0087,0.07,5.54,0.93,0.0,954.0,461,480,13,48,50,1,275.0,0.02,3.7e-05,30571.0,,,,
5722,8000,63516,1.8202,-0.0172,3.6068,4.121,0.011,0.09,3.28,0.92,0.0,1029.0,500,515,14,49,50,1,255.0,0.02,3.7e-05,31748.0,,,,
5723,8000,63532,1.7899,-0.0159,3.5438,4.141,0.0101,0.08,3.32,0.93,0.0,979.0,465,504,10,47,51,1,268.0,0.02,3.7e-05,31697.0,,,,
5724,8000,63549,1.7822,-0.0076,3.5126,4.24,0.012,0.09,2.79,0.93,0.0,971.0,445,512,14,46,53,1,270.0,0.02,3.7e-05,31696.0,,,,
5725,8000,63565,1.7846,-0.0028,3.5067,4.167,0.0105,0.08,3.44,0.94,0.0,879.0,415,454,10,47,52,1,298.0,0.02,3.7e-05,31765.0,,,,
5726,8000,63582,1.7784,-0.0058,3.5004,4.206,0.0112,0.09,3.35,0.94,0.0,890.0,408,472,10,46,53,1,295.0,0.02,3.7e-05,31705.0,,,,
5727,8000,63599,1.7749,-0.0005,3.4828,4.19,0.0091,0.07,5.01,0.94,0.0,867.0,389,469,9,45,54,1,302.0,0.02,3.7e-05,31759.0,,,,
5728,8000,63615,1.7765,-0.0025,3.4904,4.234,0.0098,0.08,3.72,0.94,0.0,865.0,404,442,19,47,51,2,303.0,0.02,3.7e-05,31730.0,,,,
5729,8000,63632,1.7605,-0.0005,3.4545,4.201,0.0096,0.08,4.72,0.94,0.0,853.0,417,424,12,49,50,1,307.0,0.01,3.7e-05,31729.0,,,,
5730,8000,63648,1.7697,-0.001,3.4733,4.154,0.0109,0.08,3.77,0.94,0.0,865.0,416,432,17,48,50,2,303.0,0.02,3.7e-05,31707.0,,,,
5731,8000,63665,1.7571,0.0131,3.4202,4.15,0.0115,0.08,3.71,0.95,0.0,854.0,414,425,15,48,50,2,307.0,0.01,3.7e-05,31721.0,,,,
5732,8000,63682,1.7799,0.0105,3.4701,4.148,0.0097,0.08,4.03,0.94,0.0,900.0,412,467,21,46,52,2,291.0,0.01,3.7e-05,31726.0,,,,
5733,8000,63698,1.7857,0.0142,3.4751,4.209,0.009,0.07,4.7,0.95,0.0,874.0,406,457,11,46,52,1,300.0,0.01,3.7e-05,31726.0,,,,
5734,8000,63715,1.7593,0.0057,3.439,4.231,0.0098,0.08,4.47,0.95,0.0,884.0,435,439,10,49,50,1,297.0,0.01,3.7e-05,31723.0,,,,
5735,8000,63731,1.8105,0.0142,3.5257,4.289,0.009,0.07,5.34,0.95,0.0,930.0,413,511,6,44,55,1,282.0,0.01,3.7e-05,31738.0,,,,
5736,8000,63748,1.8305,0.0193,3.5569,4.28,0.0065,0.06,6.84,0.95,0.0,974.0,461,490,23,47,50,2,269.0,0.02,3.7e-05,31720.0,,,,
5737,8000,63764,1.7916,0.0188,3.4785,4.348,0.0087,0.07,4.64,0.95,0.0,966.0,448,507,11,46,52,1,271.0,0.01,3.7e-05,31739.0,,,,
5738,8000,63781,1.7887,0.0172,3.476,4.31,0.0084,0.07,8.69,0.95,0.0,898.0,408,478,12,45,53,1,292.0,0.01,3.7e-05,31726.0,,,,
5739,8000,63798,1.7927,0.0075,3.5027,4.304,0.0046,0.04,14.73,0.96,0.0,847.0,406,433,8,48,51,1,309.0,0.02,3.7e-05,31714.0,,,,
5740,8000,63814,1.7205,0.0067,3.3611,4.47,0.0084,0.07,5.61,0.96,0.0,809.0,395,403,11,49,50,1,324.0,0.01,3.7e-05,31722.0,,,,
5741,8000,63831,1.7665,0.0065,3.454,4.563,0.008,0.06,6.43,0.95,0.0,721.0,337,373,11,47,52,2,364.0,0.01,3.7e-05,30665.0,,,,
5742,8000,63848,1.7806,0.0039,3.4864,4.383,0.0087,0.07,6.06,0.94,0.0,800.0,345,441,14,43,55,2,328.0,0.02,3.7e-05,31714.0,,,,
5743,8000,63864,1.787,0.0104,3.4859,4.387,0.0111,0.08,4.39,0.94,0.0,795.0,355,429,11,45,54,1,330.0,0.02,3.7e-05,31763.0,,,,
5744,8000,63881,1.8257,0.0166,3.5498,4.209,0.0103,0.08,4.61,0.93,0.0,884.0,398,475,11,45,54,1,297.0,0.03,3.7e-05,31682.0,,,,
5745,8000,63898,1.766,0.0108,3.4422,4.245,0.0101,0.08,5.85,0.95,0.0,821.0,351,461,9,43,56,1,319.0,0.04,3.7e-05,31697.0,,,,
5746,8000,63914,1.7541,0.0064,3.4284,4.351,0.0096,0.07,4.98,0.95,0.0,806.0,358,439,9,44,54,1,325.0,0.07,3.7e-05,31778.0,,,,
5747,8000,63931,1.7462,0.0052,3.4154,4.449,0.0088,0.07,4.83,0.95,0.0,774.0,377,386,11,49,50,1,339.0,0.07,3.7e-05,31699.0,,,,
5748,8000,63947,1.835,0.0186,3.567,4.435,0.0086,0.07,8.6,0.94,0.0,935.0,413,505,17,44,54,2,280.0,0.09,3.7e-05,31697.0,,,,
5749,8000,63964,1.7831,0.0066,3.4869,4.369,0.0127,0.09,3.29,0.94,0.0,894.0,422,458,14,47,51,2,293.0,0.08,3.7e-05,31768.0,130,0,382,25
5750,8000,63996,1.858,0.001,3.6482,4.394,0.0098,0.08,19.62,0.94,0.0,896.0,445,433,18,50,48,2,293.0,0.09,3.7e-05,31832.0,,,,
5751,8000,64012,1.8235,0.02,3.5401,4.36,0.0132,0.09,3.05,0.94,0.0,966.0,469,484,13,49,50,1,271.0,0.06,3.7e-05,31770.0,,,,
5752,8000,64029,1.8452,0.0133,3.5984,4.436,0.0096,0.08,9.35,0.94,0.0,957.0,455,481,21,48,50,2,274.0,0.06,3.7e-05,31701.0,,,,
5753,8000,64046,1.8063,0.0162,3.5136,4.352,0.0127,0.09,4.17,0.94,0.0,977.0,499,472,6,51,48,1,268.0,0.05,3.7e-05,31763.0,,,,
5754,8000,64062,1.7883,0.0135,3.4829,4.375,0.0103,0.08,3.27,0.94,0.0,892.0,433,450,9,49,50,1,294.0,0.05,3.7e-05,31770.0,,,,
5755,8000,64079,1.7932,0.0168,3.4856,4.347,0.0097,0.08,3.43,0.94,0.0,918.0,439,470,9,48,51,1,286.0,0.05,3.7e-05,31774.0,,,,
5756,8000,64095,1.8118,0.0319,3.4932,4.417,0.0107,0.08,3.55,0.94,0.0,953.0,453,492,8,48,52,1,275.0,0.05,3.7e-05,31686.0,,,,
5757,8000,64112,1.7936,0.0282,3.4647,4.436,0.0098,0.08,3.11,0.94,0.0,901.0,438,455,8,49,50,1,291.0,0.04,3.7e-05,31697.0,,,,
5758,8000,64129,1.8085,0.0322,3.4854,4.345,0.0087,0.07,3.83,0.95,0.0,824.0,384,435,5,47,53,1,318.0,0.03,3.7e-05,31706.0,,,,
5759,8000,64145,1.7686,0.0085,3.4538,4.368,0.0102,0.08,2.96,0.95,0.0,929.0,402,514,13,43,55,1,282.0,0.03,3.7e-05,31681.0,,,,
5760,8000,64162,1.7762,0.0052,3.4754,4.422,0.0098,0.08,3.95,0.95,0.0,943.0,410,527,6,43,56,1,278.0,0.04,3.7e-05,31690.0,,,,
5761,8000,64179,1.8123,0.0041,3.5512,4.503,0.0097,0.08,4.04,0.94,0.0,955.0,450,491,14,47,51,1,274.0,0.04,3.7e-05,30595.0,,,,
5762,8000,64196,1.8213,0.0159,3.5443,4.395,0.0112,0.08,3.18,0.94,0.0,976.0,498,468,10,51,48,1,269.0,0.05,3.7e-05,31723.0,,,,
5763,8000,64212,1.8007,0.0095,3.5165,4.477,0.0112,0.08,2.93,0.94,0.0,996.0,497,489,10,50,49,1,263.0,0.04,3.6e-05,31718.0,,,,
5764,8000,64229,1.8258,0.0209,3.5425,4.33,0.0119,0.08,2.64,0.93,0.0,1001.0,504,493,4,50,49,0,262.0,0.05,3.6e-05,31711.0,,,,
5765,8000,64245,1.8528,0.0164,3.6059,4.256,0.01,0.08,3.55,0.93,0.0,1096.0,535,551,10,49,50,1,239.0,0.04,3.6e-05,31720.0,,,,
5766,8000,64262,1.8464,0.0251,3.5754,4.32,0.0102,0.08,2.72,0.94,0.0,1060.0,531,520,9,50,49,1,247.0,0.04,3.6e-05,31715.0,,,,
5767,8000,64279,1.8484,0.0313,3.5668,4.306,0.0103,0.08,3.26,0.94,0.0,1106.0,559,543,4,51,49,0,237.0,0.04,3.6e-05,31710.0,,,,
5768,8000,64295,1.8399,0.0326,3.5476,4.378,0.0105,0.07,3.22,0.94,0.0,1020.0,556,459,5,55,45,0,257.0,0.08,3.6e-05,31723.0,,,,
5769,8000,64312,1.8398,0.0329,3.546,4.28,0.0098,0.08,3.67,0.94,0.0,1001.0,515,481,5,51,48,0,262.0,0.07,3.6e-05,31711.0,,,,
5770,8000,64328,1.8627,0.0331,3.5919,4.286,0.0101,0.08,3.52,0.93,0.0,1084.0,539,535,10,50,49,1,242.0,0.02,3.6e-05,31716.0,,,,
5771,8000,64345,1.8481,0.0337,3.5613,4.285,0.0097,0.08,2.92,0.93,0.0,1071.0,501,562,8,47,52,1,245.0,0.02,3.6e-05,31727.0,,,,
5772,8000,64362,1.8728,0.0165,3.645,4.299,0.0089,0.07,4.94,0.93,0.0,1106.0,514,586,6,46,53,1,237.0,0.03,3.6e-05,31717.0,,,,
5773,8000,64378,1.8323,0.0165,3.5642,4.297,0.0107,0.08,3.52,0.94,0.0,1115.0,552,558,5,50,50,0,235.0,0.03,3.6e-05,31718.0,,,,
5774,8000,64395,1.8389,0.0135,3.5831,4.292,0.0093,0.07,3.8,0.94,0.0,1058.0,530,521,7,50,49,1,248.0,0.02,3.6e-05,31719.0,,,,
5775,8000,64411,1.8165,-0.0036,3.5724,4.27,0.0102,0.07,3.55,0.94,0.0,1071.0,570,498,3,53,46,0,245.0,0.03,3.6e-05,31713.0,,,,
5776,8000,64428,1.8378,0.0053,3.5977,4.332,0.0099,0.07,4.28,0.94,0.0,1135.0,538,591,6,47,52,1,231.0,0.02,3.6e-05,31726.0,,,,
5777,8000,64445,1.8557,0.0457,3.5529,4.344,0.0097,0.07,4.24,0.94,0.0,1063.0,530,530,3,50,50,0,247.0,0.02,3.6e-05,31708.0,,,,
5778,8000,64461,1.8704,0.0414,3.591,4.358,0.012,0.08,3.61,0.93,0.0,1168.0,598,565,5,51,48,0,224.0,0.01,3.6e-05,31709.0,,,,
5779,8000,64478,1.8308,0.0167,3.5617,4.375,0.01,0.07,3.16,0.94,0.0,1134.0,576,553,5,51,49,0,231.0,0.02,3.6e-05,31717.0,,,,
5780,8000,64494,1.8378,0.0113,3.5872,4.348,0.01,0.07,3.37,0.94,0.0,1160.0,598,557,5,52,48,0,226.0,0.02,3.6e-05,31730.0,,,,
5781,8000,64512,1.8821,0.0139,3.6704,4.363,0.012,0.07,3.39,0.92,0.0,1157.0,565,587,5,49,51,0,227.0,0.01,3.6e-05,30566.0,,,,
5782,8000,64528,1.8587,0.0059,3.6376,4.29,0.0106,0.07,3.99,0.92,0.0,1113.0,571,540,2,51,49,0,236.0,0.02,3.6e-05,31684.0,,,,
5783,8000,64545,1.847,0.0252,3.5761,4.323,0.0098,0.08,3.05,0.93,0.0,1074.0,562,510,2,52,47,0,244.0,0.03,3.6e-05,31688.0,,,,
5784,8000,64561,1.8181,0.0009,3.5683,4.409,0.0102,0.07,2.66,0.92,0.0,1103.0,553,543,7,50,49,1,238.0,0.03,3.6e-05,31691.0,,,,
5785,8000,64578,1.8166,0.0091,3.5479,4.371,0.01,0.08,3.03,0.93,0.0,1082.0,531,545,6,49,50,1,242.0,0.04,3.6e-05,31695.0,,,,
5786,8000,64595,1.7959,0.0005,3.5235,4.434,0.0085,0.07,3.66,0.93,0.0,1008.0,513,494,1,51,49,0,260.0,0.02,3.6e-05,31688.0,,,,
5787,8000,64611,1.7578,-0.0057,3.4599,4.44,0.0092,0.07,3.33,0.94,0.0,922.0,471,446,5,51,48,1,284.0,0.03,3.6e-05,31696.0,,,,
5788,8000,64628,1.7488,0.0112,3.4089,4.528,0.0108,0.07,2.83,0.95,0.0,940.0,482,456,2,51,49,0,279.0,0.03,3.6e-05,31684.0,,,,
5789,8000,64644,1.7626,0.0103,3.4383,4.476,0.0087,0.07,3.96,0.95,0.0,912.0,444,463,5,49,51,1,287.0,0.04,3.6e-05,31690.0,,,,
5790,8000,64661,1.7909,0.0147,3.4864,4.468,0.0111,0.07,2.75,0.94,0.0,1038.0,544,488,6,52,47,1,253.0,0.04,3.6e-05,31747.0,,,,
5791,8000,64678,1.7679,0.0084,3.4528,4.536,0.0088,0.07,3.31,0.95,0.0,1043.0,527,513,3,51,49,0,251.0,0.03,3.6e-05,31703.0,,,,
5792,8000,64694,1.7609,-0.0087,3.4726,4.489,0.0081,0.06,3.27,0.95,0.0,1059.0,549,507,3,52,48,0,248.0,0.02,3.6e-05,31685.0,,,,
5793,8000,64711,1.7791,-0.0039,3.4987,4.391,0.0117,0.08,3.38,0.94,0.0,1132.0,570,559,3,50,49,0,232.0,0.02,3.6e-05,31705.0,,,,
5794,8000,64727,1.8236,0.0173,3.5453,4.368,0.0102,0.07,2.96,0.94,0.0,1136.0,580,553,3,51,49,0,231.0,0.02,3.6e-05,31731.0,,,,
5795,8000,64744,1.8183,0.012,3.5456,4.414,0.0094,0.07,2.85,0.94,0.0,1063.0,540,518,5,51,49,0,247.0,0.02,3.6e-05,31721.0,,,,
5796,8000,64761,1.8072,0.005,3.5376,4.438,0.0092,0.07,2.84,0.94,0.0,1054.0,500,551,3,47,52,0,249.0,0.02,3.6e-05,31704.0,,,,
5797,8000,64777,1.7862,-0.0167,3.5385,4.388,0.0089,0.07,3.03,0.94,0.0,1041.0,499,538,4,48,52,0,252.0,0.02,3.6e-05,31728.0,,,,
5798,8000,64794,1.7776,-0.0082,3.5045,4.404,0.0104,0.07,2.91,0.95,0.0,1095.0,542,551,2,49,50,0,239.0,0.02,3.6e-05,31699.0,,,,
5799,8000,64810,1.7751,0.0056,3.4729,4.512,0.0123,0.08,2.64,0.95,0.0,1038.0,505,531,2,49,51,0,253.0,0.03,3.6e-05,31673.0,152,1,359,30
5800,8000,64842,1.7674,-0.0039,3.4767,4.537,0.0089,0.06,3.29,0.95,0.0,1032.0,511,516,5,50,50,0,254.0,0.01,3.6e-05,31833.0,,,,
5801,8000,64859,1.8028,-0.0014,3.5415,4.444,0.0111,0.08,2.89,0.94,0.0,1032.0,529,502,1,51,49,0,254.0,0.02,3.6e-05,30641.0,,,,
5802,8000,64876,1.8373,0.0059,3.596,4.476,0.0102,0.07,2.65,0.93,0.0,1079.0,569,509,1,53,47,0,243.0,0.03,3.6e-05,31712.0,,,,
5803,8000,64893,1.8248,-0.0008,3.5841,4.438,0.009,0.07,4.34,0.93,0.0,1093.0,558,528,7,51,48,1,240.0,0.03,3.6e-05,31780.0,,,,
5804,8000,64909,1.8281,0.0208,3.5483,4.505,0.0093,0.07,2.83,0.93,0.0,1070.0,550,518,2,51,48,0,245.0,0.03,3.6e-05,31712.0,,,,
5805,8000,64926,1.8105,0.0064,3.5422,4.552,0.0095,0.07,2.73,0.93,0.0,1100.0,554,546,0,50,50,0,238.0,0.02,3.6e-05,31703.0,,,,
5806,8000,64942,1.8272,0.0245,3.5393,4.537,0.0104,0.07,2.9,0.93,0.0,1033.0,517,513,3,50,50,0,254.0,0.02,3.6e-05,31768.0,,,,
5807,8000,64959,1.8016,0.0126,3.512,4.542,0.011,0.07,2.76,0.94,0.0,1068.0,517,548,3,48,51,0,245.0,0.03,3.6e-05,31702.0,,,,
5808,8000,64976,1.7938,0.004,3.5127,4.45,0.0088,0.07,4.35,0.94,0.0,999.0,498,500,1,50,50,0,262.0,0.03,3.6e-05,31709.0,,,,
5809,8000,64992,1.8036,0.0218,3.4969,4.497,0.0092,0.06,4.08,0.94,0.0,966.0,490,474,2,51,49,0,271.0,0.04,3.6e-05,31698.0,,,,
5810,8000,65009,1.7945,0.0136,3.4962,4.54,0.008,0.06,4.4,0.94,0.0,1001.0,503,492,6,50,49,1,262.0,0.02,3.6e-05,31706.0,,,,
5811,8000,65025,1.7962,0.0217,3.4832,4.515,0.0102,0.07,2.77,0.94,0.0,1036.0,486,542,8,47,52,1,253.0,0.02,3.6e-05,31707.0,,,,
5812,8000,65042,1.8151,0.0127,3.5382,4.418,0.0101,0.07,3.48,0.94,0.0,1082.0,522,554,6,48,51,1,242.0,0.02,3.6e-05,31697.0,,,,
5813,8000,65059,1.827,0.0135,3.56,4.367,0.0112,0.08,3.06,0.93,0.0,1095.0,487,599,9,44,55,1,239.0,0.03,3.6e-05,31695.0,,,,
5814,8000,65075,1.8074,0.0102,3.5274,4.419,0.0091,0.07,4.21,0.94,0.0,1032.0,498,531,3,48,51,0,254.0,0.03,3.6e-05,31708.0,,,,
5815,8000,65092,1.8116,0.0105,3.5356,4.467,0.0086,0.06,3.98,0.93,0.0,1053.0,529,521,3,50,49,0,249.0,0.04,3.6e-05,31686.0,,,,
5816,8000,65108,1.8258,0.0134,3.5572,4.391,0.0097,0.07,3.8,0.93,0.0,1083.0,519,562,2,48,52,0,242.0,0.03,3.6e-05,31706.0,,,,
5817,8000,65125,1.7882,-0.0119,3.533,4.395,0.0101,0.07,3.32,0.94,0.0,1133.0,571,559,3,50,49,0,231.0,0.02,3.6e-05,31730.0,,,,
5818,8000,65142,1.8159,0.01,3.545,4.438,0.0115,0.07,2.79,0.94,0.0,1187.0,567,617,3,48,52,0,221.0,0.01,3.6e-05,31693.0,,,,
5819,8000,65158,1.8376,0.0054,3.5968,4.361,0.0111,0.07,2.76,0.94,0.0,1177.0,598,575,4,51,49,0,223.0,0.02,3.6e-05,31696.0,,,,
5820,8000,65175,1.8213,-0.003,3.5803,4.284,0.0104,0.07,3.34,0.94,0.0,1207.0,602,605,0,50,50,0,217.0,0.01,3.6e-05,31756.0,,,,
5821,8000,65192,1.8782,-0.0108,3.7095,4.249,0.0139,0.08,2.85,0.91,0.0,1228.0,614,614,0,50,50,0,213.0,0.01,3.6e-05,30587.0,,,,
5822,8000,65209,1.8695,0.0094,3.6516,4.281,0.0114,0.07,2.98,0.93,0.0,1167.0,573,594,0,49,51,0,225.0,0.01,3.6e-05,31687.0,,,,
5823,8000,65225,1.7978,-0.0014,3.5319,4.467,0.0088,0.06,3.55,0.94,0.0,1054.0,550,499,5,52,47,0,249.0,0.01,3.6e-05,31685.0,,,,
5824,8000,65242,1.7919,0.0044,3.5079,4.45,0.0106,0.07,3.41,0.94,0.0,1015.0,537,475,3,53,47,0,258.0,0.01,3.6e-05,31764.0,,,,
5825,8000,65258,1.8269,0.0214,3.5445,4.403,0.011,0.07,3.51,0.94,0.0,1067.0,547,508,12,51,48,1,246.0,0.02,3.6e-05,31691.0,,,,
5826,8000,65275,1.8058,0.0088,3.5275,4.382,0.0097,0.07,3.48,0.94,0.0,1118.0,601,507,10,54,45,1,234.0,0.01,3.6e-05,31706.0,,,,
5827,8000,65292,1.7881,-0.0101,3.5292,4.38,0.0116,0.07,3.03,0.94,0.0,1125.0,605,515,5,54,46,0,233.0,0.01,3.6e-05,31697.0,,,,
5828,8000,65308,1.7933,-0.0088,3.5376,4.462,0.0111,0.07,3.01,0.94,0.0,1106.0,574,527,5,52,48,0,237.0,0.02,3.6e-05,31692.0,,,,
5829,8000,65325,1.8299,0.02,3.5522,4.37,0.0118,0.08,3.17,0.93,0.0,1149.0,609,539,1,53,47,0,228.0,0.02,3.6e-05,31766.0,,,,
5830,8000,65341,1.8113,0.0162,3.5223,4.361,0.0121,0.08,2.83,0.94,0.0,1076.0,542,533,1,50,50,0,244.0,0.03,3.6e-05,31698.0,,,,
5831,8000,65358,1.7825,0.014,3.4697,4.44,0.0112,0.07,2.94,0.95,0.0,991.0,533,457,1,54,46,0,265.0,0.01,3.6e-05,31700.0,,,,
5832,8000,65375,1.7571,0.0024,3.4428,4.47,0.0094,0.06,3.17,0.95,0.0,983.0,509,471,3,52,48,0,267.0,0.02,3.6e-05,31673.0,,,,
5833,8000,65391,1.7586,0.0025,3.4457,4.433,0.0283,0.09,3.26,0.95,0.0,943.0,491,448,4,52,48,0,278.0,0.01,3.6e-05,31765.0,,,,
5834,8000,65408,1.7752,-0.002,3.4864,4.356,0.0096,0.07,3.38,0.95,0.0,922.0,472,448,2,51,49,0,284.0,0.02,3.6e-05,31758.0,,,,
5835,8000,65424,1.7959,0.0082,3.5076,4.317,0.0108,0.07,2.98,0.95,0.0,1063.0,536,525,2,50,49,0,247.0,0.02,3.6e-05,31776.0,,,,
5836,8000,65441,1.8297,0.0278,3.5362,4.319,0.0122,0.08,3.97,0.95,0.0,1025.0,465,556,4,45,54,0,256.0,0.02,3.6e-05,31686.0,,,,
5837,8000,65457,1.8311,0.0162,3.5617,4.26,0.0103,0.08,3.05,0.94,0.0,1108.0,562,543,3,51,49,0,237.0,0.02,3.6e-05,31707.0,,,,
5838,8000,65474,1.798,0.0046,3.5196,4.407,0.0081,0.06,3.79,0.94,0.0,1045.0,512,531,2,49,51,0,251.0,0.01,3.6e-05,31779.0,,,,
5839,8000,65491,1.7816,0.0002,3.4952,4.365,0.0092,0.07,2.86,0.95,0.0,1033.0,507,524,2,49,51,0,254.0,0.01,3.6e-05,31688.0,,,,
5840,8000,65507,1.7829,-0.0007,3.5003,4.428,0.012,0.07,2.7,0.94,0.0,1036.0,500,535,1,48,52,0,253.0,0.01,3.6e-05,31694.0,,,,
5841,8000,65524,1.835,-0.0099,3.6213,4.219,0.0134,0.08,3.43,0.92,0.0,1066.0,518,545,3,49,51,0,246.0,0.01,3.6e-05,30638.0,,,,
5842,8000,65541,1.8302,0.0187,3.5546,4.231,0.0098,0.07,3.34,0.93,0.0,1041.0,537,495,9,52,48,1,252.0,0.02,3.6e-05,31713.0,,,,
5843,8000,65558,1.8553,0.0238,3.5947,4.236,0.0118,0.08,2.84,0.92,0.0,1084.0,524,556,4,48,51,0,242.0,0.03,3.6e-05,31720.0,,,,
5844,8000,65574,1.8156,0.0069,3.5486,4.211,0.0115,0.08,2.61,0.93,0.0,1127.0,557,566,4,49,50,0,233.0,0.03,3.6e-05,31701.0,,,,
5845,8000,65591,1.8272,0.0141,3.5574,4.202,0.0117,0.08,2.94,0.93,0.0,1135.0,554,576,5,49,51,0,231.0,0.03,3.6e-05,31759.0,,,,
5846,8000,65607,1.8358,0.0205,3.5618,4.147,0.0111,0.08,2.77,0.93,0.0,1174.0,594,575,5,51,49,0,223.0,0.02,3.6e-05,31689.0,,,,
5847,8000,65624,1.8064,-0.0058,3.5555,4.143,0.0103,0.08,3.34,0.93,0.0,1157.0,556,598,3,48,52,0,227.0,0.01,3.6e-05,31741.0,,,,
5848,8000,65640,1.847,0.0065,3.6114,4.104,0.0113,0.07,4.42,0.93,0.0,1180.0,582,596,2,49,51,0,222.0,0.02,3.6e-05,31777.0,,,,
5849,8000,65657,1.8243,0.015,3.5494,4.133,0.0118,0.07,3.05,0.94,0.0,1181.0,615,564,2,52,48,0,222.0,0.02,3.6e-05,31754.0,203,1,308,40
5850,8000,65689,1.8259,0.0139,3.5551,4.154,0.0117,0.08,2.78,0.93,0.0,1149.0,559,585,5,49,51,0,228.0,0.01,3.6e-05,31845.0,,,,
5851,8000,65706,1.8157,0.006,3.5498,4.105,0.011,0.08,3.11,0.94,0.0,1117.0,565,547,5,51,49,0,235.0,0.01,3.6e-05,31712.0,,,,
5852,8000,65722,1.8277,0.0123,3.5604,3.993,0.0144,0.08,2.7,0.94,0.0,1176.0,566,600,10,48,51,1,223.0,0.02,3.6e-05,31710.0,,,,
5853,8000,65739,1.8252,0.0124,3.5561,4.047,0.012,0.08,3.59,0.94,0.0,1104.0,558,537,9,51,49,1,237.0,0.01,3.6e-05,31724.0,,,,
5854,8000,65755,1.8241,0.022,3.5345,4.069,0.0124,0.09,2.88,0.94,0.0,1097.0,544,550,3,50,50,0,239.0,0.01,3.6e-05,31720.0,,,,
5855,8000,65772,1.8187,0.0038,3.5599,4.082,0.0115,0.08,4.39,0.94,0.0,1163.0,563,593,7,48,51,1,225.0,0.01,3.6e-05,31774.0,,,,
5856,8000,65789,1.8676,-0.0115,3.6873,3.995,0.0067,0.05,15.78,0.94,0.0,1065.0,523,534,8,49,50,1,246.0,0.01,3.6e-05,31743.0,,,,
5857,8000,65805,1.8278,0.0121,3.5614,4.091,0.0095,0.07,3.87,0.94,0.0,1052.0,509,529,14,48,50,1,249.0,0.01,3.6e-05,31716.0,,,,
5858,8000,65822,1.7868,0.0001,3.5034,4.051,0.0126,0.08,2.84,0.94,0.0,1060.0,524,518,18,49,49,2,247.0,0.01,3.6e-05,31740.0,,,,
5859,8000,65838,1.8138,0.0069,3.5431,4.014,0.014,0.09,2.95,0.94,0.0,1048.0,531,500,17,51,48,2,250.0,0.02,3.6e-05,31715.0,,,,
5860,8000,65855,1.8253,0.0083,3.5639,4.07,0.0104,0.08,3.56,0.94,0.0,1098.0,572,519,7,52,47,1,239.0,0.02,3.6e-05,31705.0,,,,
5861,8000,65872,1.9171,0.0182,3.7269,3.959,0.0122,0.08,3.71,0.91,0.0,1185.0,581,591,13,49,50,1,221.0,0.02,3.6e-05,30618.0,,,,
5862,8000,65889,1.9105,0.0307,3.6884,3.951,0.0144,0.09,2.48,0.91,0.0,1226.0,590,630,6,48,51,0,214.0,0.02,3.6e-05,31755.0,,,,
5863,8000,65905,1.8903,0.0252,3.6601,4.036,0.012,0.08,2.94,0.9,0.0,1281.0,621,647,13,48,51,1,205.0,0.04,3.6e-05,31676.0,,,,
5864,8000,65922,1.8598,0.0069,3.6364,4.088,0.0113,0.08,2.85,0.91,0.0,1248.0,601,640,7,48,51,1,210.0,0.03,3.6e-05,31671.0,,,,
5865,8000,65938,1.8366,0.0011,3.6013,4.096,0.0106,0.08,2.63,0.92,0.0,1200.0,558,639,3,46,53,0,218.0,0.02,3.6e-05,31688.0,,,,
5866,8000,65955,1.8353,-0.0006,3.6025,4.148,0.0115,0.08,2.51,0.92,0.0,1227.0,619,605,3,50,49,0,214.0,0.04,3.6e-05,31689.0,,,,
5867,8000,65972,1.8537,0.0154,3.6066,4.001,0.0132,0.09,2.54,0.92,0.0,1262.0,662,592,8,52,47,1,208.0,0.03,3.6e-05,31677.0,,,,
5868,8000,65988,1.8842,0.0007,3.6966,4.005,0.0102,0.08,5.11,0.92,0.0,1256.0,628,622,6,50,50,0,209.0,0.03,3.6e-05,31689.0,,,,
5869,8000,66005,1.8295,0.0006,3.5879,4.002,0.0132,0.08,2.65,0.92,0.0,1186.0,617,563,6,52,47,1,221.0,0.04,3.6e-05,31669.0,,,,
5870,8000,66022,1.821,0.0017,3.5686,4.008,0.0106,0.08,3.13,0.93,0.0,1164.0,584,570,10,50,49,1,225.0,0.03,3.6e-05,31685.0,,,,
5871,8000,66038,1.8166,-0.0039,3.5707,4.021,0.0113,0.08,3.03,0.93,0.0,1160.0,603,553,4,52,48,0,226.0,0.03,3.6e-05,31675.0,,,,
5872,8000,66055,1.7983,-0.0076,3.5413,3.99,0.0115,0.08,2.66,0.93,0.0,1197.0,570,625,2,48,52,0,219.0,0.03,3.6e-05,31683.0,,,,
5873,8000,66071,1.861,0.0258,3.6001,3.999,0.0138,0.09,2.8,0.93,0.0,1239.0,631,599,9,51,48,1,212.0,0.02,3.6e-05,31688.0,,,,
5874,8000,66088,1.8567,0.0192,3.6049,4.039,0.0113,0.07,3.27,0.93,0.0,1220.0,612,604,4,50,50,0,215.0,0.02,3.6e-05,31689.0,,,,
5875,8000,66105,1.8392,0.0047,3.5982,3.955,0.0106,0.08,3.23,0.93,0.0,1174.0,581,591,2,49,50,0,223.0,0.02,3.6e-05,31753.0,,,,
5876,8000,66121,1.822,-0.0047,3.5825,3.951,0.0114,0.08,3.08,0.93,0.0,1173.0,554,615,4,47,52,0,223.0,0.02,3.6e-05,31695.0,,,,
5877,8000,66138,1.824,-0.0024,3.5825,4.008,0.0121,0.08,3.07,0.93,0.0,1191.0,585,602,4,49,51,0,220.0,0.02,3.6e-05,31704.0,,,,
5878,8000,66154,1.842,-0.0003,3.6141,3.992,0.0122,0.08,3.08,0.92,0.0,1223.0,637,577,9,52,47,1,214.0,0.01,3.6e-05,31754.0,,,,
5879,8000,66171,1.8203,0.0066,3.5568,3.924,0.0113,0.08,2.89,0.93,0.0,1162.0,607,546,9,52,47,1,226.0,0.02,3.6e-05,31677.0,,,,
5880,8000,66188,1.821,0.0111,3.5491,3.991,0.0132,0.08,2.76,0.93,0.0,1120.0,579,532,9,52,48,1,234.0,0.02,3.6e-05,31672.0,,,,
5881,8000,66205,1.8983,0.0318,3.6622,3.984,0.0171,0.09,2.22,0.91,0.0,1166.0,617,534,15,53,46,1,225.0,0.01,3.6e-05,30655.0,,,,
5882,8000,66221,1.8725,0.0122,3.6502,3.985,0.0146,0.09,2.86,0.92,0.0,1203.0,612,583,8,51,48,1,218.0,0.01,3.6e-05,31754.0,,,,
5883,8000,66238,1.8516,0.0072,3.6192,4.092,0.0118,0.08,2.62,0.92,0.0,1200.0,580,611,9,48,51,1,218.0,0.01,3.6e-05,31707.0,,,,
5884,8000,66254,1.8342,0.0063,3.587,4.137,0.0107,0.07,3.84,0.93,0.0,1257.0,705,540,12,56,43,1,209.0,0.01,3.6e-05,31725.0,,,,
5885,8000,66271,1.8032,-0.0028,3.5439,4.165,0.0109,0.07,2.52,0.93,0.0,1235.0,662,552,21,54,45,2,212.0,0.01,3.6e-05,31721.0,,,,
5886,8000,66288,1.8313,0.0091,3.5751,4.157,0.013,0.08,2.65,0.93,0.0,1282.0,635,638,9,50,50,1,204.0,0.02,3.6e-05,31717.0,,,,
5887,8000,66304,1.8592,0.0156,3.6179,4.084,0.0127,0.08,2.85,0.92,0.0,1240.0,616,618,6,50,50,0,211.0,0.02,3.6e-05,31726.0,,,,
5888,8000,66321,1.8488,0.0122,3.6038,4.133,0.0139,0.08,2.64,0.93,0.0,1235.0,662,571,2,54,46,0,212.0,0.02,3.6e-05,31721.0,,,,
5889,8000,66337,1.8422,0.0283,3.5591,4.162,0.0125,0.08,2.9,0.93,0.0,1195.0,638,555,2,53,46,0,219.0,0.01,3.6e-05,31706.0,,,,
5890,8000,66354,1.8159,0.0283,3.5064,4.191,0.013,0.08,3.71,0.94,0.0,1158.0,627,528,3,54,46,0,226.0,0.01,3.6e-05,31737.0,,,,
5891,8000,66371,1.7782,0.0099,3.4685,4.3,0.0102,0.07,2.89,0.94,0.0,1115.0,571,543,1,51,49,0,235.0,0.01,3.6e-05,31773.0,,,,
5892,8000,66387,1.792,0.0052,3.5059,4.319,0.012,0.07,2.81,0.94,0.0,1122.0,578,534,10,52,48,1,234.0,0.01,3.6e-05,31716.0,,,,
5893,8000,66404,1.9153,0.1352,3.4921,4.316,0.0283,0.08,10.46,0.94,0.0,1071.0,549,520,2,51,49,0,245.0,0.02,3.6e-05,31728.0,,,,
5894,8000,66420,1.8049,0.029,3.4845,4.357,0.0124,0.07,2.66,0.94,0.0,1059.0,548,505,6,52,48,1,248.0,0.01,3.6e-05,31722.0,,,,
5895,8000,66437,1.8036,0.0115,3.5162,4.31,0.0132,0.07,3.21,0.94,0.0,1135.0,583,550,2,51,48,0,231.0,0.02,3.6e-05,31779.0,,,,
5896,8000,66453,1.7721,-0.0031,3.4824,4.321,0.0111,0.07,3.27,0.95,0.0,1116.0,572,540,4,51,48,0,235.0,0.01,3.6e-05,31722.0,,,,
5897,8000,66470,1.7948,0.0142,3.4931,4.266,0.0108,0.07,2.69,0.94,0.0,1160.0,643,512,5,55,44,0,226.0,0.01,3.6e-05,31721.0,,,,
5898,8000,66487,1.8039,0.0202,3.4994,4.325,0.0115,0.07,3.01,0.94,0.0,1118.0,608,508,2,54,45,0,234.0,0.01,3.6e-05,31722.0,,,,
5899,8000,66503,1.7874,0.0287,3.4497,4.332,0.0108,0.07,2.67,0.95,0.0,1103.0,608,493,2,55,45,0,238.0,0.01,3.6e-05,31704.0,200,0,312,39
5900,8000,66535,1.7866,0.0202,3.4649,4.307,0.0117,0.07,2.62,0.95,0.0,1117.0,566,551,0,51,49,0,235.0,0.02,3.6e-05,31864.0,,,,
5901,8000,66552,1.8858,0.0171,3.6689,4.233,0.0135,0.08,2.87,0.92,0.0,1140.0,622,517,1,55,45,0,230.0,0.02,3.6e-05,30626.0,,,,
5902,8000,66569,1.861,0.0049,3.6427,4.099,0.0131,0.08,2.72,0.93,0.0,1153.0,610,540,3,53,47,0,227.0,0.01,3.6e-05,31732.0,,,,
5903,8000,66585,1.8449,0.0091,3.6024,4.152,0.0113,0.07,2.83,0.93,0.0,1209.0,623,582,4,52,48,0,217.0,0.01,3.6e-05,31757.0,,,,
5904,8000,66602,1.8435,0.0279,3.5628,4.254,0.0111,0.07,2.65,0.93,0.0,1138.0,586,549,3,51,48,0,230.0,0.01,3.6e-05,31737.0,,,,
5905,8000,66619,1.8844,0.0388,3.6226,4.16,0.0123,0.08,2.73,0.93,0.0,1198.0,576,617,5,48,52,0,219.0,0.02,3.6e-05,31726.0,,,,
5906,8000,66635,1.8491,0.0286,3.5725,4.215,0.0137,0.08,2.59,0.93,0.0,1194.0,616,578,0,52,48,0,220.0,0.01,3.6e-05,31744.0,,,,
5907,8000,66652,1.8512,0.0404,3.5535,4.187,0.0131,0.08,2.85,0.94,0.0,1141.0,581,554,6,51,49,1,230.0,0.02,3.6e-05,31789.0,,,,
5908,8000,66668,1.856,0.0321,3.5796,4.221,0.0104,0.07,2.64,0.94,0.0,1189.0,588,598,3,49,50,0,220.0,0.01,3.6e-05,31730.0,,,,
5909,8000,66685,1.8627,0.016,3.624,4.109,0.0114,0.08,2.63,0.93,0.0,1175.0,574,599,2,49,51,0,223.0,0.01,3.6e-05,31792.0,,,,
5910,8000,66701,1.8629,0.0182,3.6201,4.088,0.0102,0.07,3.18,0.94,0.0,1114.0,558,550,6,50,49,1,235.0,0.01,3.5e-05,31770.0,,,,
5911,8000,66718,1.8645,0.0193,3.6209,4.071,0.0126,0.08,3.22,0.93,0.0,1144.0,598,540,6,52,47,1,229.0,0.01,3.5e-05,31722.0,,,,
5912,8000,66735,1.8862,0.0372,3.6289,4.103,0.0125,0.08,2.91,0.93,0.0,1182.0,623,553,6,53,47,1,222.0,0.01,3.5e-05,31741.0,,,,
5913,8000,66751,1.8815,0.0364,3.6205,4.041,0.0142,0.09,2.73,0.93,0.0,1200.0,645,552,3,54,46,0,218.0,0.01,3.5e-05,31753.0,,,,
5914,8000,66768,1.8548,0.0212,3.5981,4.072,0.0117,0.08,2.92,0.94,0.0,1225.0,644,577,4,53,47,0,214.0,0.0,3.5e-05,31748.0,,,,
5915,8000,66784,1.8885,0.0263,3.6546,4.002,0.013,0.08,3.29,0.93,0.0,1219.0,661,556,2,54,46,0,215.0,0.01,3.5e-05,31720.0,,,,
5916,8000,66801,1.861,0.0186,3.6152,4.06,0.0134,0.08,2.87,0.94,0.0,1240.0,649,588,3,52,47,0,211.0,0.01,3.5e-05,31737.0,,,,
5917,8000,66818,1.8782,0.0221,3.6422,4.009,0.0137,0.09,2.49,0.93,0.0,1225.0,639,584,2,52,48,0,214.0,0.01,3.5e-05,31744.0,,,,
5918,8000,66834,1.8829,0.0301,3.6362,4.07,0.0108,0.08,2.88,0.94,0.0,1200.0,608,590,2,51,49,0,218.0,0.01,3.5e-05,31743.0,,,,
5919,8000,66851,1.8621,0.0224,3.6097,4.046,0.0118,0.08,2.98,0.94,0.0,1215.0,613,599,3,50,49,0,216.0,0.01,3.5e-05,31789.0,,,,
5920,8000,66867,1.8658,0.0174,3.6271,4.023,0.0123,0.08,2.7,0.94,0.0,1240.0,616,621,3,50,50,0,211.0,0.02,3.5e-05,31723.0,,,,
5921,8000,66884,1.9088,0.0252,3.697,3.991,0.0149,0.09,2.64,0.92,0.0,1219.0,618,598,3,51,49,0,215.0,0.02,3.5e-05,30574.0,,,,
5922,8000,66901,1.8822,0.0191,3.657,4.153,0.0136,0.08,2.37,0.92,0.0,1207.0,648,558,1,54,46,0,217.0,0.03,3.5e-05,31770.0,,,,
5923,8000,66918,1.8346,-0.0032,3.6068,4.168,0.0129,0.08,2.37,0.92,0.0,1177.0,648,524,5,55,45,0,223.0,0.03,3.5e-05,31696.0,,,,
5924,8000,66934,1.8596,0.0124,3.6253,4.17,0.0111,0.08,2.69,0.92,0.0,1170.0,615,550,5,53,47,0,224.0,0.04,3.5e-05,31730.0,,,,
5925,8000,66951,1.8356,-0.0046,3.6113,4.154,0.0114,0.08,2.49,0.93,0.0,1153.0,621,530,2,54,46,0,227.0,0.04,3.5e-05,31720.0,,,,
5926,8000,66967,1.8454,-0.0096,3.6397,4.005,0.0105,0.08,2.96,0.93,0.0,1108.0,571,536,1,52,48,0,237.0,0.04,3.5e-05,31733.0,,,,
5927,8000,66984,1.8382,-0.0059,3.6183,4.057,0.0138,0.08,2.84,0.93,0.0,1178.0,615,560,3,52,48,0,223.0,0.03,3.5e-05,31724.0,,,,
5928,8000,67001,1.826,-0.0019,3.5862,4.099,0.0138,0.08,2.68,0.93,0.0,1092.0,618,470,4,57,43,0,240.0,0.03,3.5e-05,31728.0,,,,
5929,8000,67017,1.8359,-0.0157,3.6338,4.135,0.0112,0.08,2.64,0.92,0.0,1102.0,586,512,4,53,46,0,238.0,0.04,3.5e-05,31729.0,,,,
5930,8000,67034,1.826,-0.0216,3.625,4.06,0.0111,0.08,2.58,0.92,0.0,1103.0,591,511,1,54,46,0,238.0,0.04,3.5e-05,31756.0,,,,
5931,8000,67050,1.8188,-0.022,3.6116,4.064,0.0116,0.08,2.56,0.92,0.0,1109.0,567,540,2,51,49,0,236.0,0.04,3.5e-05,31724.0,,,,
5932,8000,67067,1.854,-0.0,3.6379,4.028,0.0105,0.08,3.01,0.92,0.0,1121.0,578,540,3,52,48,0,234.0,0.04,3.5e-05,31777.0,,,,
5933,8000,67084,1.8798,0.0147,3.6603,4.074,0.0114,0.08,2.59,0.92,0.0,1106.0,572,530,4,52,48,0,237.0,0.05,3.5e-05,31780.0,,,,
5934,8000,67100,1.849,0.0035,3.6211,4.059,0.0101,0.08,2.7,0.92,0.0,1143.0,604,533,6,53,47,1,229.0,0.03,3.5e-05,31724.0,,,,
5935,8000,67117,1.8609,0.0202,3.6116,4.074,0.0125,0.08,2.7,0.93,0.0,1133.0,576,557,0,51,49,0,231.0,0.04,3.5e-05,31720.0,,,,
5936,8000,67133,1.8829,0.0064,3.6824,3.974,0.0124,0.09,2.89,0.92,0.0,1173.0,614,554,5,52,47,0,223.0,0.02,3.5e-05,31773.0,,,,
5937,8000,67150,1.8658,-0.0027,3.6673,4.057,0.0128,0.09,2.34,0.92,0.0,1187.0,633,554,0,53,47,0,221.0,0.03,3.5e-05,31750.0,,,,
5938,8000,67166,1.8483,-0.0218,3.6703,4.013,0.0123,0.09,2.63,0.92,0.0,1204.0,627,574,3,52,48,0,218.0,0.02,3.5e-05,31733.0,,,,
5939,8000,67183,1.8623,0.0073,3.6401,4.048,0.0126,0.09,2.67,0.92,0.0,1143.0,585,556,2,51,49,0,229.0,0.03,3.5e-05,31734.0,,,,
5940,8000,67200,1.8906,0.0203,3.6704,4.005,0.0127,0.08,3.15,0.92,0.0,1162.0,585,574,3,50,49,0,226.0,0.04,3.5e-05,31761.0,,,,
5941,8000,67217,1.9323,0.0306,3.7332,3.999,0.0141,0.09,2.51,0.91,0.0,1151.0,579,570,2,50,50,0,228.0,0.03,3.5e-05,30655.0,,,,
5942,8000,67233,1.8748,-0.0,3.6792,3.985,0.0127,0.09,2.51,0.92,0.0,1142.0,563,579,0,49,51,0,230.0,0.02,3.5e-05,31709.0,,,,
5943,8000,67250,1.8605,0.0037,3.6435,4.033,0.0135,0.09,2.65,0.92,0.0,1186.0,610,573,3,51,48,0,221.0,0.02,3.5e-05,31695.0,,,,
5944,8000,67266,1.8851,0.0259,3.6486,4.062,0.0121,0.08,2.33,0.92,0.0,1154.0,571,580,3,49,50,0,227.0,0.02,3.5e-05,31779.0,,,,
5945,8000,67283,1.8601,0.0287,3.5937,4.094,0.0109,0.08,2.51,0.93,0.0,1094.0,513,579,2,47,53,0,240.0,0.01,3.5e-05,31788.0,,,,
5946,8000,67300,1.8138,0.0181,3.5235,4.281,0.0107,0.08,2.76,0.94,0.0,1046.0,489,554,3,47,53,0,251.0,0.01,3.5e-05,31698.0,,,,
5947,8000,67316,1.8367,0.0101,3.5847,4.213,0.0116,0.08,3.24,0.94,0.0,1078.0,491,578,9,46,54,1,243.0,0.01,3.5e-05,31692.0,,,,
5948,8000,67333,1.8249,0.0134,3.5544,4.171,0.0106,0.07,3.38,0.94,0.0,1085.0,501,579,5,46,53,0,242.0,0.01,3.5e-05,31705.0,,,,
5949,8000,67349,1.8298,0.0249,3.5416,4.237,0.0106,0.08,3.08,0.94,0.0,1073.0,528,543,2,49,51,0,244.0,0.02,3.5e-05,31693.0,201,0,311,39
5950,8000,67381,1.8556,0.0228,3.5972,4.185,0.0105,0.08,2.63,0.93,0.0,1086.0,524,560,2,48,52,0,241.0,0.02,3.5e-05,31873.0,,,,
5951,8000,67398,1.8797,0.0476,3.5955,4.152,0.0127,0.09,2.65,0.93,0.0,1156.0,558,595,3,48,51,0,227.0,0.02,3.5e-05,31769.0,,,,
5952,8000,67414,1.8465,0.0209,3.5828,4.206,0.0114,0.07,2.84,0.93,0.0,1139.0,555,580,4,49,51,0,230.0,0.01,3.5e-05,31705.0,,,,
5953,8000,67431,1.8571,0.0214,3.6023,4.136,0.0112,0.08,2.86,0.93,0.0,1181.0,537,637,7,45,54,1,222.0,0.02,3.5e-05,31696.0,,,,
5954,8000,67448,1.8734,0.0291,3.6199,4.175,0.013,0.08,2.62,0.92,0.0,1202.0,566,632,4,47,53,0,218.0,0.01,3.5e-05,31715.0,,,,
5955,8000,67464,1.8592,0.019,3.6119,4.18,0.0109,0.07,3.05,0.93,0.0,1134.0,533,595,6,47,52,1,231.0,0.01,3.5e-05,31711.0,,,,
5956,8000,67481,1.8445,0.026,3.5687,4.21,0.014,0.08,2.79,0.93,0.0,1092.0,497,590,5,46,54,0,240.0,0.0,3.5e-05,31688.0,,,,
5957,8000,67497,1.8582,0.025,3.5987,4.249,0.0131,0.08,2.67,0.93,0.0,1161.0,575,583,3,50,50,0,226.0,0.01,3.5e-05,31710.0,,,,
5958,8000,67514,1.8357,0.0212,3.5616,4.32,0.0124,0.07,2.65,0.93,0.0,1058.0,523,531,4,49,50,0,248.0,0.01,3.5e-05,31740.0,,,,
5959,8000,67531,1.8245,0.0215,3.5391,4.365,0.0126,0.08,2.59,0.94,0.0,1010.0,514,495,1,51,49,0,260.0,0.02,3.5e-05,31696.0,,,,
5960,8000,67547,1.8204,0.0237,3.5262,4.338,0.0116,0.07,2.77,0.93,0.0,980.0,467,511,2,48,52,0,267.0,0.02,3.5e-05,31773.0,,,,
5961,8000,67564,1.8358,0.0136,3.5779,4.431,0.0156,0.08,2.39,0.91,0.0,1032.0,506,523,3,49,51,0,254.0,0.03,3.5e-05,30563.0,,,,
5962,8000,67581,1.9032,0.0174,3.7045,4.336,0.0147,0.08,2.68,0.89,0.0,1247.0,666,578,3,53,46,0,210.0,0.02,3.5e-05,31716.0,,,,
5963,8000,67598,1.889,0.017,3.6775,4.382,0.0119,0.08,2.31,0.89,0.0,1239.0,643,595,1,52,48,0,212.0,0.02,3.5e-05,31698.0,,,,
5964,8000,67614,1.8757,0.0133,3.6584,4.427,0.0117,0.07,2.57,0.9,0.0,1222.0,682,535,5,56,44,0,215.0,0.02,3.5e-05,31685.0,,,,
5965,8000,67631,1.8862,0.0352,3.6351,4.41,0.0113,0.07,2.24,0.9,0.0,1238.0,667,568,3,54,46,0,212.0,0.02,3.5e-05,31699.0,,,,
5966,8000,67647,1.8638,0.0319,3.5971,4.453,0.0112,0.07,2.58,0.91,0.0,1167.0,636,529,2,54,45,0,225.0,0.02,3.5e-05,31697.0,,,,
5967,8000,67664,1.8553,0.0287,3.5873,4.512,0.0107,0.07,2.55,0.91,0.0,1116.0,581,531,4,52,48,0,235.0,0.02,3.5e-05,31690.0,,,,
5968,8000,67681,1.8818,0.0286,3.6395,4.419,0.0156,0.07,2.84,0.92,0.0,1137.0,586,549,2,52,48,0,231.0,0.02,3.5e-05,31706.0,,,,
5969,8000,67697,1.8752,0.0176,3.6482,4.398,0.0119,0.07,3.32,0.92,0.0,1149.0,558,590,1,49,51,0,228.0,0.03,3.5e-05,31684.0,,,,
5970,8000,67714,1.8757,0.0253,3.6332,4.336,0.0116,0.08,2.85,0.92,0.0,1174.0,566,605,3,48,52,0,223.0,0.02,3.5e-05,31687.0,,,,
5971,8000,67731,1.8611,0.0093,3.636,4.352,0.0105,0.07,3.97,0.92,0.0,1119.0,566,549,4,51,49,0,234.0,0.03,3.5e-05,31701.0,,,,
5972,8000,67747,1.8568,-0.0004,3.6468,4.345,0.0122,0.08,2.56,0.91,0.0,1113.0,593,518,2,53,47,0,236.0,0.03,3.5e-05,31691.0,,,,
5973,8000,67764,1.8702,0.0132,3.6466,4.356,0.0121,0.08,2.78,0.91,0.0,1154.0,611,541,2,53,47,0,227.0,0.03,3.5e-05,31707.0,,,,
5974,8000,67780,1.8627,0.0224,3.6128,4.318,0.0129,0.08,2.39,0.91,0.0,1106.0,589,513,4,53,46,0,237.0,0.02,3.5e-05,31691.0,,,,
5975,8000,67797,1.8186,0.0173,3.5354,4.434,0.0096,0.07,2.64,0.93,0.0,1048.0,579,466,3,55,44,0,250.0,0.03,3.5e-05,31705.0,,,,
5976,8000,67814,1.8022,0.0199,3.4982,4.499,0.0112,0.07,2.92,0.93,0.0,1044.0,570,468,6,55,45,1,251.0,0.03,3.5e-05,31686.0,,,,
5977,8000,67830,1.8016,0.0258,3.486,4.624,0.0104,0.07,3.57,0.93,0.0,935.0,526,406,3,56,43,0,280.0,0.03,3.5e-05,31696.0,,,,
5978,8000,67847,1.7725,0.0247,3.4303,4.638,0.0103,0.06,3.56,0.93,0.0,838.0,435,399,4,52,48,0,313.0,0.03,3.5e-05,31718.0,,,,
5979,8000,67863,1.7839,0.0277,3.4467,4.645,0.0098,0.06,3.24,0.93,0.0,826.0,416,406,4,50,49,0,317.0,0.03,3.5e-05,31791.0,,,,
5980,8000,67880,1.7729,0.0281,3.4236,4.605,0.0119,0.07,3.06,0.93,0.0,846.0,441,395,10,52,47,1,310.0,0.03,3.5e-05,31686.0,,,,
5981,8000,67897,1.8062,0.0242,3.4976,4.539,0.0111,0.07,3.54,0.93,0.0,772.0,381,386,5,49,50,1,340.0,0.02,3.5e-05,30573.0,,,,
5982,8000,67914,1.7627,0.0207,3.4178,4.526,0.013,0.08,2.71,0.94,0.0,826.0,471,350,5,57,42,1,317.0,0.02,3.5e-05,31701.0,,,,
5983,8000,67930,1.812,0.0215,3.5138,4.44,0.0134,0.08,2.93,0.93,0.0,899.0,439,459,1,49,51,0,292.0,0.03,3.5e-05,31694.0,,,,
5984,8000,67947,1.7781,0.0216,3.4464,4.485,0.0121,0.08,2.74,0.94,0.0,798.0,430,363,5,54,45,1,329.0,0.04,3.5e-05,31757.0,,,,
5985,8000,67964,1.7916,0.0244,3.4672,4.442,0.0107,0.07,3.01,0.93,0.0,917.0,458,457,2,50,50,0,286.0,0.02,3.5e-05,31764.0,,,,
5986,8000,67980,1.8359,0.0295,3.5458,4.424,0.0128,0.08,3.18,0.92,0.0,977.0,534,440,3,55,45,0,268.0,0.03,3.5e-05,31763.0,,,,
5987,8000,67997,1.8137,0.024,3.5115,4.362,0.0123,0.08,2.74,0.93,0.0,933.0,509,422,2,55,45,0,281.0,0.03,3.5e-05,31760.0,,,,
5988,8000,68013,1.8088,0.0264,3.4967,4.325,0.0112,0.07,3.02,0.93,0.0,932.0,508,423,1,55,45,0,281.0,0.03,3.5e-05,31756.0,,,,
5989,8000,68030,1.8236,0.0371,3.5047,4.306,0.0111,0.08,3.17,0.94,0.0,1021.0,541,479,1,53,47,0,257.0,0.03,3.5e-05,31715.0,,,,
5990,8000,68047,1.8323,0.0363,3.5236,4.302,0.0152,0.09,2.79,0.93,0.0,1078.0,563,515,0,52,48,0,243.0,0.03,3.5e-05,31709.0,,,,
5991,8000,68063,1.8229,0.005,3.5665,4.161,0.0115,0.08,3.15,0.92,0.0,1126.0,579,546,1,51,48,0,233.0,0.03,3.5e-05,31765.0,,,,
5992,8000,68080,1.8167,0.0053,3.5533,4.179,0.0143,0.09,3.01,0.93,0.0,1163.0,647,516,0,56,44,0,225.0,0.03,3.5e-05,31721.0,,,,
5993,8000,68096,1.8474,0.0249,3.5756,4.157,0.0137,0.08,2.63,0.92,0.0,1166.0,589,577,0,51,49,0,225.0,0.03,3.5e-05,31702.0,,,,
5994,8000,68113,1.8627,0.0214,3.6132,4.153,0.0126,0.08,2.62,0.92,0.0,1213.0,592,619,2,49,51,0,216.0,0.05,3.5e-05,31699.0,,,,
5995,8000,68130,1.8613,0.015,3.6232,4.147,0.0149,0.09,2.61,0.92,0.0,1247.0,627,619,1,50,50,0,210.0,0.02,3.5e-05,31751.0,,,,
5996,8000,68146,1.8652,0.02,3.6213,4.181,0.0124,0.08,2.93,0.92,0.0,1157.0,579,576,2,50,50,0,227.0,0.01,3.5e-05,31714.0,,,,
5997,8000,68163,1.8626,0.0303,3.5954,4.187,0.0119,0.08,2.67,0.92,0.0,1144.0,568,576,0,50,50,0,229.0,0.02,3.5e-05,31705.0,,,,
5998,8000,68179,1.8543,0.0015,3.6364,4.183,0.0124,0.07,3.09,0.92,0.0,1160.0,559,599,2,48,52,0,226.0,0.03,3.5e-05,31725.0,,,,
5999,8000,68196,1.8463,-0.0012,3.6265,4.267,0.0136,0.08,2.84,0.93,0.0,1116.0,559,557,0,50,50,0,235.0,0.02,3.5e-05,31696.0,215,0,297,42
6000,8000,68228,1.8882,0.0279,3.6521,4.262,0.0135,0.09,2.7,0.92,0.0,1121.0,602,516,3,54,46,0,234.0,0.02,3.5e-05,31860.0,,,,
6001,8000,68245,1.9058,0.0222,3.6982,4.258,0.014,0.08,14.23,0.92,0.0,1002.0,508,493,1,51,49,0,262.0,0.01,3.5e-05,30534.0,,,,
6002,8000,68262,1.8191,0.0181,3.534,4.363,0.0117,0.07,3.35,0.93,0.0,955.0,468,485,2,49,51,0,274.0,0.02,3.5e-05,31692.0,,,,
6003,8000,68278,1.7861,0.0164,3.4717,4.406,0.0097,0.07,3.98,0.93,0.0,836.0,418,414,4,50,50,0,314.0,0.02,3.5e-05,31753.0,,,,
6004,8000,68295,1.8023,0.0166,3.5039,4.435,0.0113,0.07,3.31,0.93,0.0,928.0,457,463,8,49,50,1,282.0,0.03,3.5e-05,31774.0,,,,
6005,8000,68311,1.8022,0.023,3.4911,4.46,0.015,0.09,3.33,0.93,0.0,983.0,467,514,2,48,52,0,267.0,0.02,3.5e-05,31711.0,,,,
6006,8000,68328,1.8302,0.0237,3.5453,4.412,0.0113,0.07,3.84,0.93,0.0,989.0,484,504,1,49,51,0,265.0,0.02,3.5e-05,31723.0,,,,
6007,8000,68345,1.8144,0.0297,3.5021,4.451,0.0108,0.07,3.06,0.93,0.0,917.0,432,482,3,47,53,0,286.0,0.02,3.5e-05,31726.0,,,,
6008,8000,68361,1.8094,0.0188,3.5149,4.541,0.0141,0.08,3.99,0.93,0.0,931.0,476,453,2,51,49,0,282.0,0.02,3.5e-05,31719.0,,,,
6009,8000,68378,1.7834,0.0135,3.4742,4.545,0.0112,0.07,3.71,0.93,0.0,923.0,448,468,7,49,51,1,284.0,0.02,3.5e-05,31711.0,,,,
6010,8000,68394,1.7977,0.0131,3.5027,4.442,0.0122,0.08,3.47,0.94,0.0,995.0,488,496,11,49,50,1,263.0,0.02,3.5e-05,31727.0,,,,
6011,8000,68411,1.7792,0.02,3.4523,4.569,0.0107,0.07,3.33,0.94,0.0,1010.0,475,532,3,47,53,0,260.0,0.01,3.5e-05,31751.0,,,,
6012,8000,68428,1.7821,0.0281,3.4419,4.56,0.0127,0.08,2.92,0.94,0.0,1003.0,511,488,4,51,49,0,261.0,0.01,3.5e-05,31752.0,,,,
6013,8000,68444,1.807,0.027,3.4945,4.544,0.0137,0.08,2.9,0.93,0.0,1050.0,497,544,9,47,52,1,250.0,0.01,3.5e-05,31694.0,,,,
6014,8000,68461,1.7883,0.0181,3.4748,4.617,0.0117,0.07,2.92,0.94,0.0,987.0,495,489,3,50,50,0,266.0,0.01,3.5e-05,31706.0,,,,
6015,8000,68477,1.7886,0.0197,3.472,4.611,0.0124,0.07,3.05,0.94,0.0,1017.0,495,522,0,49,51,0,258.0,0.02,3.5e-05,31715.0,,,,
6016,8000,68494,1.8187,0.0198,3.5318,4.565,0.0169,0.08,3.17,0.93,0.0,1057.0,499,556,2,47,53,0,248.0,0.02,3.5e-05,31763.0,,,,
6017,8000,68510,1.8021,0.0156,3.5069,4.531,0.0129,0.07,2.93,0.93,0.0,1088.0,529,556,3,49,51,0,241.0,0.01,3.5e-05,31722.0,,,,
6018,8000,68527,1.7988,0.0157,3.5005,4.591,0.0105,0.07,3.19,0.93,0.0,1090.0,550,538,2,50,49,0,240.0,0.01,3.5e-05,31727.0,,,,
6019,8000,68544,1.7999,0.0191,3.4953,4.574,0.0108,0.06,2.86,0.94,0.0,1146.0,599,545,2,52,48,0,229.0,0.01,3.5e-05,31711.0,,,,
6020,8000,68560,1.8098,0.0079,3.5372,4.489,0.0129,0.08,2.8,0.93,0.0,1184.0,582,599,3,49,51,0,221.0,0.01,3.5e-05,31714.0,,,,
6021,8000,68577,1.8653,-0.0085,3.6799,4.345,0.0182,0.09,2.59,0.91,0.0,1172.0,591,579,2,50,49,0,224.0,0.01,3.5e-05,30575.0,,,,
6022,8000,68594,1.8218,-0.0154,3.6068,4.39,0.0143,0.08,2.7,0.91,0.0,1137.0,591,546,0,52,48,0,231.0,0.02,3.5e-05,31703.0,,,,
6023,8000,68611,1.8488,0.0079,3.6149,4.504,0.0106,0.07,3.02,0.91,0.0,1133.0,586,546,1,52,48,0,231.0,0.03,3.5e-05,31756.0,,,,
6024,8000,68627,1.855,0.0171,3.608,4.333,0.0122,0.08,2.44,0.92,0.0,1168.0,601,565,2,51,48,0,224.0,0.03,3.5e-05,31743.0,,,,
6025,8000,68644,1.8392,0.004,3.6028,4.385,0.0129,0.08,2.77,0.92,0.0,1219.0,607,612,0,50,50,0,215.0,0.03,3.5e-05,31694.0,,,,
6026,8000,68660,1.888,0.0223,3.6629,4.247,0.0129,0.08,2.63,0.92,0.0,1266.0,647,618,1,51,49,0,207.0,0.02,3.5e-05,31696.0,,,,
6027,8000,68677,1.8727,0.024,3.6289,4.286,0.0106,0.08,2.51,0.92,0.0,1254.0,659,595,0,53,47,0,209.0,0.02,3.5e-05,31682.0,,,,
6028,8000,68694,1.911,0.0273,3.6989,4.255,0.0096,0.07,5.07,0.93,0.0,1336.0,724,607,5,54,45,0,196.0,0.01,3.5e-05,31756.0,,,,
6029,8000,68710,1.8787,0.0075,3.6731,4.199,0.0112,0.08,2.86,0.93,0.0,1242.0,636,606,0,51,49,0,211.0,0.02,3.5e-05,31679.0,,,,
6030,8000,68727,1.8636,-0.0061,3.6709,4.272,0.0109,0.07,3.72,0.93,0.0,1215.0,614,601,0,51,49,0,216.0,0.02,3.5e-05,31678.0,,,,
6031,8000,68743,1.8727,0.0213,3.6348,4.326,0.0109,0.07,3.14,0.93,0.0,1189.0,607,580,2,51,49,0,220.0,0.02,3.5e-05,31670.0,,,,
6032,8000,68760,1.8354,-0.001,3.6049,4.326,0.0115,0.07,3.37,0.93,0.0,1232.0,617,614,1,50,50,0,213.0,0.02,3.5e-05,31755.0,,,,
6033,8000,68777,1.857,0.0065,3.6325,4.283,0.0109,0.08,2.99,0.93,0.0,1251.0,634,617,0,51,49,0,210.0,0.02,3.5e-05,31684.0,,,,
6034,8000,68793,1.826,0.0028,3.5796,4.472,0.0097,0.07,3.43,0.93,0.0,1156.0,622,532,2,54,46,0,227.0,0.03,3.5e-05,31671.0,,,,
6035,8000,68810,1.8172,0.0027,3.5629,4.549,0.0101,0.07,3.05,0.93,0.0,1100.0,576,523,1,52,48,0,238.0,0.02,3.5e-05,31658.0,,,,
6036,8000,68827,1.8479,-0.0016,3.6321,4.449,0.0121,0.08,2.8,0.93,0.0,1192.0,622,570,0,52,48,0,220.0,0.02,3.5e-05,31670.0,,,,
6037,8000,68843,1.859,-0.0119,3.6744,4.372,0.0122,0.08,2.7,0.93,0.0,1255.0,656,598,1,52,48,0,209.0,0.02,3.5e-05,31676.0,,,,
6038,8000,68860,1.8435,-0.0008,3.6208,4.341,0.0121,0.08,2.49,0.93,0.0,1199.0,569,629,1,47,52,0,219.0,0.02,3.5e-05,31683.0,,,,
6039,8000,68876,1.8343,0.0019,3.5973,4.374,0.0133,0.08,2.5,0.93,0.0,1142.0,582,560,0,51,49,0,230.0,0.02,3.5e-05,31680.0,,,,
6040,8000,68893,1.8467,0.0177,3.5913,4.453,0.0148,0.09,2.37,0.93,0.0,1156.0,585,571,0,51,49,0,227.0,0.02,3.5e-05,31692.0,,,,
6041,8000,68910,1.9132,0.031,3.6972,4.393,0.0146,0.08,2.63,0.91,0.0,1221.0,583,638,0,48,52,0,215.0,0.02,3.5e-05,30581.0,,,,
6042,8000,68927,1.9337,0.0327,3.7348,4.401,0.0135,0.08,2.74,0.91,0.0,1240.0,658,582,0,53,47,0,211.0,0.02,3.5e-05,31730.0,,,,
6043,8000,68943,1.9074,0.0178,3.7119,4.354,0.0123,0.08,2.27,0.91,0.0,1268.0,661,604,3,52,48,0,207.0,0.01,3.5e-05,31755.0,,,,
6044,8000,68960,1.9069,0.0276,3.6917,4.437,0.0112,0.08,2.6,0.92,0.0,1194.0,584,610,0,49,51,0,220.0,0.01,3.5e-05,31752.0,,,,
6045,8000,68977,1.9094,0.0212,3.7097,4.421,0.0113,0.08,2.79,0.92,0.0,1286.0,610,674,2,47,52,0,204.0,0.01,3.5e-05,31814.0,,,,
6046,8000,68993,1.9383,0.0325,3.7444,4.361,0.0117,0.08,3.08,0.92,0.0,1315.0,641,670,4,49,51,0,199.0,0.01,3.5e-05,31804.0,,,,
6047,8000,69010,1.9125,0.0201,3.7179,4.381,0.0116,0.08,2.65,0.92,0.0,1274.0,671,599,4,53,47,0,206.0,0.01,3.5e-05,31760.0,,,,
6048,8000,69026,1.8959,0.0068,3.7107,4.36,0.0114,0.08,3.06,0.92,0.0,1267.0,635,629,3,50,50,0,207.0,0.01,3.5e-05,31755.0,,,,
6049,8000,69043,1.857,0.004,3.638,4.283,0.0112,0.08,2.56,0.93,0.0,1255.0,650,598,7,52,48,1,209.0,0.01,3.5e-05,31784.0,210,0,302,41
6050,8000,69075,1.9022,0.0201,3.6958,4.231,0.0126,0.09,2.44,0.92,0.0,1269.0,641,622,6,51,49,0,207.0,0.02,3.5e-05,31896.0,,,,
6051,8000,69091,1.8819,0.0121,3.6705,4.187,0.0096,0.07,2.94,0.93,0.0,1254.0,673,577,4,54,46,0,209.0,0.01,3.5e-05,31812.0,,,,
6052,8000,69108,1.8751,0.0128,3.6563,4.269,0.0114,0.08,2.5,0.93,0.0,1275.0,648,624,3,51,49,0,206.0,0.01,3.5e-05,31760.0,,,,
6053,8000,69124,1.9054,0.0282,3.6865,4.321,0.0133,0.08,2.72,0.93,0.0,1247.0,668,575,4,54,46,0,210.0,0.01,3.5e-05,31764.0,,,,
6054,8000,69141,1.8692,0.0092,3.6524,4.325,0.0125,0.07,2.88,0.93,0.0,1222.0,606,607,9,50,50,1,215.0,0.01,3.5e-05,31766.0,,,,
6055,8000,69158,1.8614,0.0181,3.6201,4.383,0.011,0.08,2.77,0.93,0.0,1249.0,625,613,11,50,49,1,210.0,0.01,3.5e-05,31760.0,,,,
6056,8000,69174,1.845,0.0184,3.5869,4.42,0.0104,0.07,2.73,0.93,0.0,1168.0,567,587,14,49,50,1,224.0,0.01,3.5e-05,31769.0,,,,
6057,8000,69191,1.8403,0.0207,3.5729,4.429,0.0116,0.08,2.3,0.93,0.0,1209.0,617,578,14,51,48,1,217.0,0.01,3.5e-05,31753.0,,,,
6058,8000,69207,1.8676,0.0178,3.6326,4.387,0.0111,0.07,2.92,0.93,0.0,1255.0,638,609,8,51,49,1,209.0,0.01,3.5e-05,31761.0,,,,
6059,8000,69224,1.8508,0.0138,3.6074,4.387,0.013,0.08,2.36,0.94,0.0,1217.0,660,551,6,54,45,0,215.0,0.01,3.5e-05,31764.0,,,,
6060,8000,69240,1.8722,0.0174,3.6418,4.343,0.0118,0.08,2.91,0.93,0.0,1226.0,642,578,6,52,47,0,214.0,0.01,3.5e-05,31744.0,,,,
6061,8000,69258,1.9233,0.0274,3.7241,4.303,0.0119,0.08,2.45,0.91,0.0,1278.0,593,681,4,46,53,0,205.0,0.01,3.5e-05,30583.0,,,,
6062,8000,69274,1.9047,0.0319,3.6782,4.335,0.0133,0.08,2.18,0.91,0.0,1192.0,558,623,11,47,52,1,220.0,0.02,3.5e-05,31743.0,,,,
6063,8000,69291,1.8288,0.0164,3.5588,4.488,0.0109,0.07,2.54,0.92,0.0,1094.0,492,594,8,45,54,1,240.0,0.02,3.5e-05,31709.0,,,,
6064,8000,69307,1.8447,0.0092,3.6047,4.488,0.0101,0.07,2.54,0.92,0.0,1093.0,531,556,6,49,51,1,240.0,0.03,3.5e-05,31720.0,,,,
6065,8000,69324,1.8276,0.0128,3.5635,4.526,0.0106,0.07,2.47,0.93,0.0,1069.0,474,594,1,44,56,0,245.0,0.04,3.5e-05,31750.0,,,,
6066,8000,69341,1.8153,-0.0057,3.575,4.423,0.0117,0.08,2.94,0.93,0.0,1110.0,518,586,6,47,53,1,236.0,0.04,3.4e-05,31694.0,,,,
6067,8000,69357,1.7738,-0.0068,3.4951,4.532,0.0098,0.07,2.62,0.93,0.0,999.0,454,544,1,45,54,0,262.0,0.04,3.4e-05,31684.0,,,,
6068,8000,69374,1.783,-0.0056,3.5115,4.554,0.011,0.07,2.76,0.94,0.0,958.0,444,509,5,46,53,1,274.0,0.05,3.4e-05,31706.0,,,,
6069,8000,69390,1.8345,0.0021,3.5989,4.526,0.0112,0.07,7.99,0.93,0.0,1111.0,545,558,8,49,50,1,236.0,0.03,3.4e-05,31696.0,,,,
6070,8000,69407,1.829,0.0119,3.568,4.494,0.0107,0.07,2.99,0.93,0.0,1104.0,567,530,7,51,48,1,237.0,0.02,3.4e-05,31707.0,,,,
6071,8000,69424,1.7934,-0.0089,3.5385,4.507,0.0106,0.07,3.14,0.93,0.0,1074.0,485,588,1,45,55,0,244.0,0.02,3.4e-05,31699.0,,,,
6072,8000,69440,1.7874,-0.0063,3.521,4.498,0.0142,0.08,2.48,0.94,0.0,1077.0,516,559,2,48,52,0,243.0,0.03,3.4e-05,31686.0,,,,
6073,8000,69457,1.8105,0.0036,3.547,4.421,0.0127,0.08,2.26,0.93,0.0,1095.0,519,573,3,47,52,0,239.0,0.03,3.4e-05,31724.0,,,,
6074,8000,69473,1.8056,0.0031,3.5377,4.412,0.0139,0.08,2.14,0.93,0.0,1159.0,576,580,3,50,50,0,226.0,0.03,3.4e-05,31699.0,,,,
6075,8000,69490,1.8501,0.0031,3.6266,4.375,0.0095,0.07,3.39,0.93,0.0,1223.0,615,606,2,50,50,0,214.0,0.02,3.4e-05,31690.0,,,,
6076,8000,69507,1.8342,-0.0011,3.6031,4.384,0.0142,0.08,2.4,0.93,0.0,1218.0,572,646,0,47,53,0,215.0,0.02,3.4e-05,31691.0,,,,
6077,8000,69523,1.8266,0.004,3.5773,4.354,0.0127,0.07,2.33,0.93,0.0,1277.0,622,654,1,49,51,0,205.0,0.03,3.4e-05,31671.0,,,,
6078,8000,69540,1.8745,0.0243,3.6322,4.285,0.0129,0.08,2.3,0.93,0.0,1403.0,675,724,4,48,52,0,187.0,0.02,3.4e-05,31691.0,,,,
6079,8000,69556,1.8436,0.0329,3.5529,4.314,0.0129,0.08,2.18,0.93,0.0,1266.0,616,648,2,49,51,0,207.0,0.01,3.4e-05,31691.0,,,,
6080,8000,69573,1.8778,0.0385,3.6106,4.308,0.0139,0.08,2.27,0.93,0.0,1371.0,661,710,0,48,52,0,191.0,0.02,3.4e-05,31672.0,,,,
6081,8000,69590,1.9453,0.0306,3.7598,4.158,0.0144,0.08,2.31,0.9,0.0,1295.0,614,680,1,47,53,0,202.0,0.03,3.4e-05,30585.0,,,,
6082,8000,69607,1.9118,0.0336,3.6872,4.217,0.0132,0.08,3.94,0.92,0.0,1256.0,636,619,1,51,49,0,209.0,0.02,3.4e-05,31675.0,,,,
6083,8000,69623,1.8972,0.0329,3.6602,4.311,0.0104,0.07,2.31,0.92,0.0,1226.0,573,652,1,47,53,0,214.0,0.02,3.4e-05,31702.0,,,,
6084,8000,69640,1.8908,0.0309,3.6515,4.297,0.0115,0.07,2.59,0.92,0.0,1271.0,627,643,1,49,51,0,206.0,0.01,3.4e-05,31678.0,,,,
6085,8000,69657,1.8683,0.0303,3.6076,4.283,0.0129,0.07,2.45,0.93,0.0,1251.0,659,591,1,53,47,0,210.0,0.01,3.4e-05,31759.0,,,,
6086,8000,69673,1.9004,0.033,3.6661,4.209,0.0142,0.08,2.48,0.92,0.0,1285.0,668,612,5,52,48,0,204.0,0.01,3.4e-05,31697.0,,,,
6087,8000,69690,1.8672,0.0265,3.6131,4.304,0.0108,0.07,3.0,0.93,0.0,1234.0,655,579,0,53,47,0,212.0,0.01,3.4e-05,31676.0,,,,
6088,8000,69706,1.8285,0.0182,3.552,4.287,0.0107,0.07,2.22,0.93,0.0,1118.0,612,505,1,55,45,0,234.0,0.01,3.4e-05,31693.0,,,,
6089,8000,69723,1.8322,0.0235,3.5496,4.368,0.0123,0.07,2.73,0.93,0.0,1100.0,603,496,1,55,45,0,238.0,0.02,3.4e-05,31675.0,,,,
6090,8000,69740,1.7925,0.0194,3.4793,4.496,0.0119,0.07,2.54,0.93,0.0,1067.0,545,519,3,51,49,0,246.0,0.01,3.4e-05,31770.0,,,,
6091,8000,69756,1.7829,-0.0,3.4994,4.461,0.0109,0.07,2.27,0.93,0.0,1034.0,542,487,5,52,47,0,254.0,0.01,3.4e-05,31682.0,,,,
6092,8000,69773,1.7772,-0.0024,3.4931,4.485,0.0105,0.07,2.85,0.94,0.0,974.0,510,455,9,52,47,1,269.0,0.01,3.4e-05,31687.0,,,,
6093,8000,69789,1.7958,0.011,3.5024,4.452,0.0125,0.08,2.17,0.93,0.0,998.0,493,502,3,49,50,0,263.0,0.02,3.4e-05,31680.0,,,,
6094,8000,69806,1.8048,0.0149,3.513,4.436,0.0109,0.07,2.52,0.94,0.0,1022.0,503,514,5,49,50,0,257.0,0.02,3.4e-05,31670.0,,,,
6095,8000,69823,1.8146,0.0092,3.543,4.316,0.0111,0.07,2.26,0.94,0.0,1065.0,514,549,2,48,52,0,246.0,0.01,3.4e-05,31691.0,,,,
6096,8000,69839,1.8288,0.0018,3.5855,4.196,0.0123,0.08,2.34,0.93,0.0,1205.0,581,624,0,48,52,0,218.0,0.01,3.4e-05,31767.0,,,,
6097,8000,69856,1.831,-0.0024,3.5974,4.127,0.0125,0.08,2.17,0.93,0.0,1230.0,578,652,0,47,53,0,213.0,0.01,3.4e-05,31703.0,,,,
6098,8000,69872,1.8297,0.004,3.5831,4.26,0.0117,0.07,2.16,0.93,0.0,1218.0,601,617,0,49,51,0,215.0,0.02,3.4e-05,31694.0,,,,
6099,8000,69889,1.856,0.01,3.624,4.294,0.0118,0.07,2.21,0.93,0.0,1259.0,642,617,0,51,49,0,208.0,0.01,3.4e-05,31693.0,221,0,291,43
6100,8000,69921,1.8325,0.0058,3.5852,4.313,0.0118,0.07,2.25,0.94,0.0,1255.0,652,603,0,52,48,0,209.0,0.01,3.4e-05,31810.0,,,,
6101,8000,69938,1.8982,-0.009,3.7448,4.157,0.013,0.08,2.87,0.92,0.0,1329.0,668,660,1,50,50,0,197.0,0.02,3.4e-05,30632.0,,,,
6102,8000,69955,1.8713,0.0026,3.6679,4.196,0.0122,0.08,2.55,0.92,0.0,1218.0,652,566,0,54,46,0,215.0,0.03,3.4e-05,31692.0,,,,
6103,8000,69971,1.8091,-0.0051,3.5599,4.315,0.0121,0.08,2.44,0.93,0.0,1137.0,573,564,0,50,50,0,231.0,0.03,3.4e-05,31704.0,,,,
6104,8000,69988,1.842,-0.0072,3.6303,4.323,0.0111,0.07,2.76,0.93,0.0,1206.0,569,637,0,47,53,0,217.0,0.01,3.4e-05,31681.0,,,,
6105,8000,70005,1.8319,0.0032,3.5898,4.379,0.0111,0.07,2.39,0.93,0.0,1163.0,552,604,7,47,52,1,225.0,0.01,3.4e-05,31691.0,,,,
6106,8000,70021,1.8588,0.0077,3.6346,4.369,0.0112,0.07,2.76,0.93,0.0,1232.0,601,625,6,49,51,0,213.0,0.01,3.4e-05,31705.0,,,,
6107,8000,70038,1.856,0.0136,3.6165,4.263,0.0124,0.08,2.58,0.93,0.0,1187.0,567,615,5,48,52,0,221.0,0.01,3.4e-05,31682.0,,,,
6108,8000,70054,1.8353,0.0097,3.5835,4.37,0.0138,0.08,2.03,0.93,0.0,1142.0,555,581,6,49,51,1,230.0,0.01,3.4e-05,31759.0,,,,
6109,8000,70071,1.8698,0.0208,3.6294,4.211,0.012,0.08,2.34,0.93,0.0,1175.0,510,665,0,43,57,0,223.0,0.01,3.4e-05,31759.0,,,,
6110,8000,70088,1.9314,0.0222,3.7507,4.27,0.0096,0.07,8.17,0.93,0.0,1146.0,528,611,7,46,53,1,229.0,0.01,3.4e-05,31759.0,,,,
6111,8000,70104,1.7984,-0.0313,3.5914,4.229,0.011,0.08,2.83,0.93,0.0,1135.0,566,568,1,50,50,0,231.0,0.01,3.4e-05,31712.0,,,,
6112,8000,70121,1.7853,-0.0539,3.6102,4.194,0.0095,0.07,4.97,0.93,0.0,1122.0,533,582,7,48,52,1,234.0,0.01,3.4e-05,31693.0,,,,
6113,8000,70137,1.779,-0.0411,3.5713,4.144,0.0123,0.08,3.18,0.94,0.0,1127.0,537,590,0,48,52,0,233.0,0.01,3.4e-05,31764.0,,,,
6114,8000,70154,1.7888,-0.0219,3.5532,4.26,0.0124,0.08,2.8,0.94,0.0,1145.0,554,591,0,48,52,0,229.0,0.01,3.4e-05,31701.0,,,,
6115,8000,70170,1.7981,-0.0073,3.5426,4.285,0.0123,0.07,2.61,0.94,0.0,1129.0,552,577,0,49,51,0,232.0,0.02,3.4e-05,31714.0,,,,
6116,8000,70187,1.8232,-0.0092,3.5968,4.279,0.0124,0.08,2.89,0.94,0.0,1174.0,566,608,0,48,52,0,223.0,0.01,3.4e-05,31695.0,,,,
6117,8000,70204,1.8146,-0.013,3.5872,4.323,0.0099,0.07,3.51,0.94,0.0,1136.0,568,568,0,50,50,0,231.0,0.0,3.4e-05,31682.0,,,,
6118,8000,70220,1.7586,-0.0257,3.501,4.382,0.0102,0.07,3.45,0.95,0.0,1079.0,568,510,1,53,47,0,243.0,0.0,3.4e-05,31697.0,,,,
6119,8000,70237,1.759,-0.0125,3.4769,4.482,0.0127,0.07,3.23,0.95,0.0,1018.0,535,478,5,53,47,0,258.0,0.02,3.4e-05,31762.0,,,,
6120,8000,70253,1.8076,-0.0044,3.5569,4.387,0.0113,0.07,3.87,0.94,0.0,1099.0,592,504,3,54,46,0,239.0,0.02,3.4e-05,31717.0,,,,
6121,8000,70271,1.8655,0.002,3.6595,4.342,0.0138,0.08,3.66,0.93,0.0,1152.0,624,526,2,54,46,0,228.0,0.02,3.4e-05,30561.0,,,,
6122,8000,70287,1.8756,-0.0023,3.6873,4.222,0.0137,0.08,2.54,0.92,0.0,1259.0,625,633,1,50,50,0,208.0,0.02,3.4e-05,31689.0,,,,
6123,8000,70304,1.8921,0.0166,3.6829,4.231,0.0147,0.09,2.39,0.92,0.0,1252.0,678,574,0,54,46,0,209.0,0.02,3.4e-05,31692.0,,,,
6124,8000,70320,1.8788,0.0019,3.6846,4.139,0.0122,0.08,2.49,0.92,0.0,1232.0,640,592,0,52,48,0,213.0,0.04,3.4e-05,31746.0,,,,
6125,8000,70337,1.9084,0.0085,3.7302,4.077,0.0134,0.09,2.7,0.91,0.0,1321.0,663,657,1,50,50,0,198.0,0.04,3.4e-05,31695.0,,,,
6126,8000,70354,1.8858,0.022,3.6579,4.072,0.0136,0.08,2.23,0.92,0.0,1321.0,681,639,1,52,48,0,198.0,0.02,3.4e-05,31684.0,,,,
6127,8000,70370,1.9277,0.0308,3.7238,4.038,0.0127,0.08,2.41,0.92,0.0,1347.0,733,614,0,54,46,0,195.0,0.03,3.4e-05,31754.0,,,,
6128,8000,70387,1.8776,0.0182,3.6487,4.027,0.0131,0.08,2.21,0.93,0.0,1309.0,696,613,0,53,47,0,200.0,0.03,3.4e-05,31687.0,,,,
6129,8000,70403,1.8987,0.018,3.6908,3.966,0.0134,0.09,2.32,0.93,0.0,1319.0,726,592,1,55,45,0,199.0,0.03,3.4e-05,31712.0,,,,
6130,8000,70420,1.8746,0.0123,3.6549,4.076,0.0106,0.08,2.08,0.93,0.0,1352.0,746,606,0,55,45,0,194.0,0.02,3.4e-05,31691.0,,,,
6131,8000,70437,1.8758,-0.0015,3.6845,4.008,0.0125,0.08,2.28,0.93,0.0,1379.0,764,615,0,55,45,0,190.0,0.01,3.4e-05,31681.0,,,,
6132,8000,70453,1.8751,-0.0024,3.6852,4.039,0.0135,0.08,2.25,0.93,0.0,1408.0,743,665,0,53,47,0,186.0,0.01,3.4e-05,31701.0,,,,
6133,8000,70470,1.9086,0.0304,3.6864,4.033,0.0136,0.09,2.64,0.93,0.0,1375.0,703,672,0,51,49,0,191.0,0.01,3.4e-05,31693.0,,,,
6134,8000,70486,1.8746,0.0117,3.6568,4.125,0.0119,0.08,2.14,0.93,0.0,1392.0,787,605,0,57,43,0,188.0,0.01,3.4e-05,31698.0,,,,
6135,8000,70503,1.8946,0.0025,3.7154,4.119,0.0106,0.08,2.55,0.93,0.0,1375.0,739,636,0,54,46,0,191.0,0.01,3.4e-05,31694.0,,,,
6136,8000,70520,1.9018,0.0129,3.7086,4.081,0.0105,0.08,3.3,0.93,0.0,1328.0,713,615,0,54,46,0,197.0,0.01,3.4e-05,31695.0,,,,
6137,8000,70536,1.8816,0.0105,3.6733,4.119,0.0105,0.07,2.51,0.93,0.0,1352.0,697,655,0,52,48,0,194.0,0.01,3.4e-05,31697.0,,,,
6138,8000,70553,1.8574,0.0078,3.6307,4.176,0.0137,0.07,2.43,0.94,0.0,1318.0,671,647,0,51,49,0,199.0,0.01,3.4e-05,31697.0,,,,
6139,8000,70570,1.835,0.0087,3.5843,4.199,0.0118,0.08,2.86,0.94,0.0,1248.0,665,582,1,53,47,0,210.0,0.01,3.4e-05,31699.0,,,,
6140,8000,70586,1.8188,0.0055,3.5589,4.295,0.0101,0.07,3.22,0.95,0.0,1152.0,610,541,1,53,47,0,228.0,0.02,3.4e-05,31691.0,,,,
6141,8000,70603,1.864,0.0077,3.6451,4.356,0.0106,0.07,3.42,0.94,0.0,1141.0,590,548,3,52,48,0,230.0,0.01,3.4e-05,30634.0,,,,
6142,8000,70620,1.8392,-0.0082,3.6271,4.343,0.0115,0.07,2.84,0.93,0.0,1180.0,536,644,0,45,55,0,222.0,0.02,3.4e-05,31712.0,,,,
6143,8000,70636,1.8139,-0.0107,3.583,4.494,0.0106,0.07,2.6,0.93,0.0,1136.0,523,611,2,46,54,0,231.0,0.02,3.4e-05,31715.0,,,,
6144,8000,70653,1.8084,0.0141,3.5227,4.529,0.0111,0.07,2.79,0.94,0.0,1102.0,513,588,1,47,53,0,238.0,0.02,3.4e-05,31757.0,,,,
6145,8000,70670,1.8061,0.0179,3.5106,4.455,0.0115,0.08,2.56,0.94,0.0,1159.0,529,625,5,46,54,0,226.0,0.01,3.4e-05,31753.0,,,,
6146,8000,70686,1.8453,0.0241,3.5756,4.437,0.015,0.08,2.66,0.93,0.0,1082.0,496,585,1,46,54,0,242.0,0.02,3.4e-05,31711.0,,,,
6147,8000,70703,1.8905,0.031,3.6511,4.292,0.0126,0.08,3.42,0.93,0.0,1175.0,538,637,0,46,54,0,223.0,0.01,3.4e-05,31721.0,,,,
6148,8000,70719,1.878,0.0329,3.6225,4.312,0.0092,0.06,4.32,0.93,0.0,1165.0,519,645,1,45,55,0,225.0,0.01,3.4e-05,31707.0,,,,
6149,8000,70736,1.8924,0.0317,3.6535,4.278,0.0112,0.07,3.42,0.92,0.0,1161.0,536,622,3,46,54,0,226.0,0.01,3.4e-05,31698.0,158,0,354,31
6150,8000,70768,1.8517,0.0151,3.6053,4.292,0.0111,0.08,2.86,0.92,0.0,1122.0,522,597,3,47,53,0,234.0,0.01,3.4e-05,31916.0,,,,
6151,8000,70785,1.8171,0.0074,3.5523,4.343,0.0101,0.07,2.9,0.93,0.0,1097.0,505,587,5,46,54,0,239.0,0.01,3.4e-05,31700.0,,,,
6152,8000,70801,1.8145,0.0213,3.5198,4.428,0.0103,0.07,2.57,0.93,0.0,1038.0,481,553,4,46,53,0,253.0,0.01,3.4e-05,31713.0,,,,
6153,8000,70818,1.8077,0.0033,3.541,4.222,0.0111,0.07,3.6,0.93,0.0,1005.0,487,508,10,48,51,1,261.0,0.0,3.4e-05,31695.0,,,,
6154,8000,70834,1.7714,0.0132,3.4523,4.396,0.0103,0.07,2.76,0.94,0.0,1012.0,434,556,22,43,55,2,259.0,0.01,3.4e-05,31703.0,,,,
6155,8000,70851,1.7981,0.0187,3.494,4.435,0.0109,0.07,2.65,0.94,0.0,1080.0,530,531,19,49,49,2,243.0,0.0,3.4e-05,31771.0,,,,
6156,8000,70868,1.8278,0.0222,3.545,4.316,0.0119,0.08,2.76,0.94,0.0,1143.0,563,567,13,49,50,1,229.0,0.01,3.4e-05,31706.0,,,,
6157,8000,70884,1.8008,0.0145,3.5066,4.404,0.0123,0.08,2.36,0.94,0.0,1147.0,560,579,8,49,50,1,229.0,0.01,3.4e-05,31707.0,,,,
6158,8000,70901,1.8185,0.0119,3.5459,4.314,0.0119,0.08,2.43,0.94,0.0,1106.0,526,578,2,48,52,0,237.0,0.01,3.4e-05,31702.0,,,,
6159,8000,70917,1.8309,0.0214,3.5515,4.235,0.0118,0.08,2.29,0.94,0.0,1142.0,538,598,6,47,52,1,230.0,0.01,3.4e-05,31710.0,,,,
6160,8000,70934,1.8339,0.0279,3.5442,4.245,0.0124,0.08,2.38,0.94,0.0,1141.0,538,601,2,47,53,0,230.0,0.01,3.4e-05,31689.0,,,,
6161,8000,70951,1.9162,0.0286,3.707,4.168,0.0161,0.09,2.26,0.92,0.0,1269.0,635,630,4,50,50,0,207.0,0.02,3.4e-05,30592.0,,,,
6162,8000,70968,1.9203,0.014,3.7444,4.102,0.0131,0.08,2.6,0.91,0.0,1312.0,605,700,7,46,53,1,200.0,0.02,3.4e-05,31720.0,,,,
6163,8000,70984,1.8825,0.0011,3.6946,4.132,0.0118,0.08,2.35,0.92,0.0,1313.0,647,663,3,49,50,0,200.0,0.02,3.4e-05,31711.0,,,,
6164,8000,71001,1.8456,-0.0056,3.6347,4.268,0.011,0.08,2.69,0.92,0.0,1235.0,571,664,0,46,54,0,212.0,0.01,3.4e-05,31760.0,,,,
6165,8000,71017,1.8594,0.0009,3.6488,4.163,0.0112,0.08,2.57,0.92,0.0,1244.0,610,633,1,49,51,0,211.0,0.02,3.4e-05,31687.0,,,,
6166,8000,71034,1.8588,-0.0072,3.6636,4.18,0.0111,0.08,2.52,0.92,0.0,1270.0,597,672,1,47,53,0,206.0,0.01,3.4e-05,31772.0,,,,
6167,8000,71051,1.9075,0.0111,3.7235,4.048,0.0115,0.08,2.34,0.92,0.0,1333.0,640,689,4,48,52,0,197.0,0.02,3.4e-05,31693.0,,,,
6168,8000,71067,1.9371,0.0312,3.7431,4.056,0.0119,0.08,2.45,0.92,0.0,1351.0,642,707,2,48,52,0,194.0,0.01,3.4e-05,31695.0,,,,
6169,8000,71084,1.9376,0.0301,3.7456,4.01,0.0119,0.08,2.41,0.92,0.0,1337.0,657,680,0,49,51,0,196.0,0.01,3.4e-05,31728.0,,,,
6170,8000,71100,1.907,0.0218,3.701,4.016,0.012,0.08,2.43,0.93,0.0,1354.0,649,704,1,48,52,0,194.0,0.01,3.4e-05,31697.0,,,,
6171,8000,71117,1.9038,0.0105,3.7174,3.994,0.012,0.08,2.41,0.92,0.0,1418.0,694,720,4,49,51,0,185.0,0.01,3.4e-05,31696.0,,,,
6172,8000,71134,1.9049,0.011,3.7186,3.968,0.0111,0.08,2.2,0.92,0.0,1355.0,693,656,6,51,48,0,193.0,0.0,3.4e-05,31754.0,,,,
6173,8000,71150,1.8862,0.0078,3.6876,4.005,0.0127,0.08,2.26,0.92,0.0,1357.0,671,685,1,49,50,0,193.0,0.0,3.4e-05,31680.0,,,,
6174,8000,71167,1.8905,0.0274,3.6575,4.066,0.0108,0.08,2.59,0.93,0.0,1342.0,708,634,0,53,47,0,195.0,0.01,3.4e-05,31684.0,,,,
6175,8000,71183,1.8937,0.0222,3.6748,4.162,0.0119,0.08,2.2,0.93,0.0,1331.0,681,650,0,51,49,0,197.0,0.01,3.4e-05,31692.0,,,,
6176,8000,71200,1.9018,0.0143,3.7061,4.069,0.0134,0.08,2.36,0.93,0.0,1303.0,663,639,1,51,49,0,201.0,0.01,3.4e-05,31699.0,,,,
6177,8000,71217,1.8739,0.0141,3.651,4.091,0.0111,0.08,2.39,0.93,0.0,1281.0,632,648,1,49,51,0,205.0,0.01,3.4e-05,31684.0,,,,
6178,8000,71233,1.8447,0.021,3.5797,4.226,0.0125,0.08,2.31,0.94,0.0,1245.0,585,659,1,47,53,0,211.0,0.01,3.4e-05,31700.0,,,,
6179,8000,71250,1.8698,0.0366,3.5987,4.206,0.0133,0.08,2.91,0.94,0.0,1258.0,621,637,0,49,51,0,208.0,0.0,3.4e-05,31677.0,,,,
6180,8000,71267,1.8733,0.0242,3.6292,4.046,0.0111,0.08,2.15,0.94,0.0,1257.0,654,603,0,52,48,0,209.0,0.01,3.4e-05,31669.0,,,,
6181,8000,71284,1.93,0.0194,3.7523,4.068,0.0129,0.08,2.41,0.92,0.0,1244.0,673,571,0,54,46,0,211.0,0.01,3.4e-05,30638.0,,,,
6182,8000,71300,1.9033,0.0009,3.7353,3.991,0.0127,0.08,2.23,0.92,0.0,1265.0,680,584,1,54,46,0,207.0,0.02,3.4e-05,31747.0,,,,
6183,8000,71317,1.8957,0.0059,3.7101,4.003,0.0118,0.08,2.38,0.92,0.0,1271.0,669,602,0,53,47,0,206.0,0.02,3.4e-05,31679.0,,,,
6184,8000,71334,1.9147,0.0247,3.7103,3.959,0.0131,0.09,2.38,0.92,0.0,1265.0,633,631,1,50,50,0,207.0,0.02,3.4e-05,31665.0,,,,
6185,8000,71350,1.9225,0.0323,3.7105,3.954,0.0111,0.08,2.33,0.92,0.0,1279.0,666,611,2,52,48,0,205.0,0.02,3.4e-05,31754.0,,,,
6186,8000,71367,1.9268,0.0273,3.7294,3.956,0.0138,0.09,2.31,0.92,0.0,1319.0,687,632,0,52,48,0,199.0,0.02,3.4e-05,31693.0,,,,
6187,8000,71383,1.9092,0.019,3.7113,4.021,0.0114,0.08,2.45,0.92,0.0,1306.0,659,647,0,50,50,0,201.0,0.01,3.4e-05,31775.0,,,,
6188,8000,71400,1.9066,0.0199,3.7039,3.987,0.0107,0.08,2.55,0.93,0.0,1272.0,638,634,0,50,50,0,206.0,0.01,3.4e-05,31733.0,,,,
6189,8000,71417,1.9027,0.0142,3.7076,3.996,0.0104,0.08,3.1,0.93,0.0,1230.0,618,612,0,50,50,0,213.0,0.01,3.4e-05,31683.0,,,,
6190,8000,71433,1.8592,-0.0049,3.6583,3.948,0.0105,0.08,2.29,0.93,0.0,1276.0,613,663,0,48,52,0,205.0,0.01,3.4e-05,31693.0,,,,
6191,8000,71450,1.848,-0.0238,3.6743,4.012,0.0111,0.08,2.25,0.93,0.0,1254.0,604,650,0,48,52,0,209.0,0.01,3.4e-05,31677.0,,,,
6192,8000,71466,1.8531,-0.0067,3.6508,4.051,0.0123,0.08,2.75,0.93,0.0,1237.0,570,666,1,46,54,0,212.0,0.01,3.4e-05,31671.0,,,,
6193,8000,71483,1.8461,0.0018,3.6196,4.085,0.0117,0.08,2.5,0.93,0.0,1244.0,585,659,0,47,53,0,211.0,0.01,3.4e-05,31683.0,,,,
6194,8000,71500,1.8764,0.0132,3.6573,4.046,0.0109,0.08,3.02,0.93,0.0,1215.0,610,605,0,50,50,0,216.0,0.01,3.4e-05,31670.0,,,,
6195,8000,71516,1.8494,-0.0012,3.6317,4.025,0.0102,0.08,2.33,0.93,0.0,1205.0,606,599,0,50,50,0,218.0,0.02,3.4e-05,31761.0,,,,
6196,8000,71533,1.8581,0.0104,3.6265,4.072,0.0097,0.07,2.65,0.93,0.0,1189.0,613,575,1,52,48,0,220.0,0.01,3.4e-05,31722.0,,,,
6197,8000,71549,1.8633,0.0152,3.6269,4.002,0.0099,0.08,2.66,0.93,0.0,1175.0,581,594,0,49,51,0,223.0,0.01,3.4e-05,31673.0,,,,
6198,8000,71566,1.8854,0.0058,3.6894,3.96,0.0116,0.08,5.45,0.93,0.0,1189.0,586,603,0,49,51,0,220.0,0.01,3.4e-05,31681.0,,,,
6199,8000,71583,1.8733,0.0258,3.625,3.928,0.0115,0.09,2.23,0.93,0.0,1257.0,643,613,1,51,49,0,209.0,0.01,3.4e-05,31688.0,148,0,364,29
6200,8000,71615,1.8741,0.0078,3.6627,3.934,0.011,0.08,2.92,0.93,0.0,1286.0,611,674,1,48,52,0,204.0,0.01,3.4e-05,31835.0,,,,
6201,8000,71632,1.9716,0.0309,3.8107,3.883,0.0143,0.09,2.5,0.91,0.0,1329.0,653,676,0,49,51,0,197.0,0.01,3.4e-05,30600.0,,,,
6202,8000,71648,1.9695,0.0347,3.7995,3.915,0.0131,0.09,2.56,0.91,0.0,1428.0,710,717,1,50,50,0,184.0,0.01,3.4e-05,31678.0,,,,
6203,8000,71665,1.9228,0.0256,3.7251,4.003,0.0122,0.08,2.42,0.91,0.0,1470.0,666,804,0,45,55,0,178.0,0.01,3.4e-05,31711.0,,,,
6204,8000,71682,1.9116,0.025,3.7037,4.023,0.0131,0.09,2.38,0.91,0.0,1364.0,698,666,0,51,49,0,192.0,0.02,3.4e-05,31697.0,,,,
6205,8000,71698,1.9982,0.0323,3.8624,4.035,0.0134,0.08,17.07,0.92,0.0,1304.0,629,675,0,48,52,0,201.0,0.01,3.4e-05,31703.0,,,,
6206,8000,71715,2.0485,0.0654,3.8967,4.015,0.01,0.07,18.07,0.92,0.0,1250.0,648,599,3,52,48,0,210.0,0.01,3.4e-05,31709.0,,,,
6207,8000,71731,1.9257,0.0536,3.675,3.991,0.0124,0.08,4.87,0.93,0.0,1218.0,607,608,3,50,50,0,215.0,0.02,3.4e-05,31691.0,,,,
6208,8000,71748,1.919,0.0547,3.6594,4.029,0.0106,0.08,4.01,0.93,0.0,1158.0,585,570,3,51,49,0,226.0,0.02,3.4e-05,31700.0,,,,
6209,8000,71765,1.9287,0.0668,3.655,4.05,0.0124,0.08,3.69,0.93,0.0,1178.0,600,575,3,51,49,0,223.0,0.01,3.4e-05,31690.0,,,,
6210,8000,71781,1.9267,0.0611,3.6621,4.0,0.0118,0.08,3.43,0.93,0.0,1143.0,525,614,4,46,54,0,229.0,0.02,3.4e-05,31668.0,,,,
6211,8000,71798,1.9058,0.0592,3.6247,4.034,0.0113,0.08,4.75,0.94,0.0,1119.0,581,534,4,52,48,0,234.0,0.02,3.4e-05,31695.0,,,,
6212,8000,71814,1.8917,0.0621,3.5902,4.037,0.0112,0.08,3.47,0.94,0.0,1127.0,555,568,4,49,50,0,233.0,0.02,3.4e-05,31686.0,,,,
6213,8000,71831,1.8878,0.051,3.6042,4.02,0.0133,0.08,4.56,0.94,0.0,1095.0,545,548,2,50,50,0,239.0,0.01,3.4e-05,31765.0,,,,
6214,8000,71848,1.8865,0.0465,3.611,4.076,0.0129,0.08,3.78,0.94,0.0,1163.0,611,550,2,53,47,0,225.0,0.01,3.4e-05,31685.0,,,,
6215,8000,71864,1.8356,0.0386,3.5256,4.175,0.0115,0.08,3.61,0.94,0.0,1084.0,564,519,1,52,48,0,242.0,0.01,3.4e-05,31714.0,,,,
6216,8000,71881,1.8216,0.0349,3.5057,4.251,0.012,0.08,4.15,0.95,0.0,965.0,483,477,5,50,49,1,272.0,0.01,3.4e-05,31707.0,,,,
6217,8000,71897,1.8025,0.0178,3.5021,4.279,0.0118,0.07,4.42,0.94,0.0,1007.0,503,501,3,50,50,0,260.0,0.02,3.4e-05,31699.0,,,,
6218,8000,71914,1.7948,0.0124,3.4977,4.295,0.0116,0.08,4.07,0.94,0.0,969.0,462,503,4,48,52,0,271.0,0.01,3.4e-05,31738.0,,,,
6219,8000,71931,1.805,0.0202,3.503,4.267,0.0147,0.09,3.13,0.94,0.0,1005.0,519,478,8,52,48,1,261.0,0.01,3.4e-05,31699.0,,,,
6220,8000,71947,1.7987,0.0216,3.4876,4.238,0.0118,0.08,4.06,0.95,0.0,928.0,440,479,9,47,52,1,282.0,0.01,3.4e-05,31680.0,,,,
6221,8000,71964,1.8574,0.0408,3.5661,4.25,0.0142,0.08,3.56,0.93,0.0,971.0,478,486,7,49,50,1,270.0,0.01,3.4e-05,30640.0,,,,
6222,8000,71981,1.7848,0.0293,3.4444,4.319,0.0148,0.09,3.08,0.94,0.0,907.0,499,402,6,55,44,1,289.0,0.01,3.4e-05,31702.0,,,,
6223,8000,71998,1.7862,0.0205,3.4643,4.319,0.0147,0.09,2.86,0.94,0.0,952.0,501,446,5,53,47,1,275.0,0.02,3.4e-05,31703.0,,,,
6224,8000,72014,1.8131,0.0247,3.5107,4.318,0.0143,0.09,2.31,0.93,0.0,1015.0,550,452,13,54,45,1,258.0,0.02,3.4e-05,31746.0,,,,
6225,8000,72031,1.8338,0.0293,3.5417,4.268,0.0188,0.09,2.52,0.93,0.0,1123.0,575,548,0,51,49,0,233.0,0.01,3.4e-05,31692.0,,,,
6226,8000,72047,1.8317,0.029,3.5378,4.245,0.014,0.09,2.65,0.94,0.0,1046.0,556,490,0,53,47,0,251.0,0.01,3.4e-05,31672.0,,,,
6227,8000,72064,1.785,0.0296,3.4442,4.373,0.0134,0.08,2.67,0.95,0.0,985.0,521,462,2,53,47,0,266.0,0.01,3.4e-05,31684.0,,,,
6228,8000,72081,1.8041,0.0364,3.4687,4.341,0.0137,0.08,2.67,0.94,0.0,995.0,557,436,2,56,44,0,263.0,0.01,3.4e-05,31678.0,,,,
6229,8000,72097,1.807,0.0198,3.5065,4.176,0.011,0.08,2.9,0.94,0.0,1031.0,547,482,2,53,47,0,254.0,0.01,3.4e-05,31680.0,,,,
6230,8000,72114,1.8314,0.0204,3.5544,4.165,0.0132,0.09,2.35,0.94,0.0,1026.0,514,509,3,50,50,0,256.0,0.01,3.3e-05,31755.0,,,,
6231,8000,72130,1.8302,0.009,3.5744,4.166,0.0115,0.08,2.63,0.94,0.0,1076.0,555,519,2,52,48,0,244.0,0.01,3.3e-05,31721.0,,,,
6232,8000,72147,1.8108,0.0072,3.5397,4.21,0.0125,0.09,2.33,0.94,0.0,1010.0,536,473,1,53,47,0,260.0,0.01,3.3e-05,31691.0,,,,
6233,8000,72164,1.8501,0.0315,3.569,4.124,0.0143,0.09,2.52,0.94,0.0,1088.0,564,524,0,52,48,0,241.0,0.02,3.3e-05,31660.0,,,,
6234,8000,72180,1.8334,0.0297,3.5396,4.171,0.0126,0.08,2.23,0.94,0.0,1100.0,591,508,1,54,46,0,238.0,0.01,3.3e-05,31680.0,,,,
6235,8000,72197,1.8733,0.0239,3.6305,4.105,0.0123,0.08,2.71,0.93,0.0,1162.0,586,576,0,50,50,0,226.0,0.01,3.3e-05,31738.0,,,,
6236,8000,72213,1.8471,0.0162,3.5937,4.128,0.0134,0.08,2.28,0.94,0.0,1220.0,652,568,0,53,47,0,215.0,0.01,3.3e-05,31678.0,,,,
6237,8000,72230,1.8532,0.02,3.598,4.101,0.0128,0.08,2.43,0.93,0.0,1169.0,622,546,1,53,47,0,224.0,0.0,3.3e-05,31661.0,,,,
6238,8000,72247,1.8263,0.0135,3.5577,4.173,0.0123,0.08,2.26,0.94,0.0,1128.0,607,521,0,54,46,0,232.0,0.01,3.3e-05,31661.0,,,,
6239,8000,72263,1.8559,0.0264,3.5913,4.202,0.0112,0.08,2.75,0.94,0.0,1090.0,579,511,0,53,47,0,240.0,0.01,3.3e-05,31698.0,,,,
6240,8000,72280,1.8547,0.0222,3.5971,4.168,0.0127,0.08,2.57,0.93,0.0,1153.0,598,554,1,52,48,0,227.0,0.01,3.3e-05,31670.0,,,,
6241,8000,72297,1.8831,0.0046,3.689,4.098,0.0119,0.08,2.8,0.92,0.0,1132.0,586,545,1,52,48,0,232.0,0.01,3.3e-05,30565.0,,,,
6242,8000,72314,1.869,0.0224,3.6257,4.218,0.0133,0.08,2.64,0.93,0.0,1136.0,613,523,0,54,46,0,231.0,0.01,3.3e-05,31692.0,,,,
6243,8000,72330,1.8591,0.0163,3.6182,4.211,0.0115,0.08,2.12,0.93,0.0,1133.0,607,525,1,54,46,0,231.0,0.01,3.3e-05,31683.0,,,,
6244,8000,72347,1.8458,0.0245,3.5752,4.226,0.0126,0.08,2.16,0.93,0.0,1157.0,577,580,0,50,50,0,227.0,0.02,3.3e-05,31734.0,,,,
6245,8000,72363,1.8568,0.0151,3.6163,4.226,0.0126,0.08,2.37,0.93,0.0,1178.0,556,621,1,47,53,0,223.0,0.02,3.3e-05,31664.0,,,,
6246,8000,72380,1.8812,0.0441,3.6065,4.153,0.0119,0.08,2.38,0.93,0.0,1184.0,613,569,2,52,48,0,221.0,0.01,3.3e-05,31688.0,,,,
6247,8000,72397,1.9075,0.0374,3.6714,4.004,0.0116,0.08,2.9,0.92,0.0,1237.0,602,635,0,49,51,0,212.0,0.01,3.3e-05,31693.0,,,,
6248,8000,72413,1.8463,0.0071,3.6108,4.109,0.0102,0.08,2.59,0.93,0.0,1176.0,550,623,3,47,53,0,223.0,0.0,3.3e-05,31666.0,,,,
6249,8000,72430,1.8587,0.0169,3.6157,4.098,0.0105,0.08,2.53,0.93,0.0,1222.0,620,600,2,51,49,0,215.0,0.01,3.3e-05,31667.0,243,0,269,47
6250,8000,72462,1.8564,0.0062,3.6332,4.077,0.0112,0.08,2.78,0.93,0.0,1227.0,591,625,11,48,51,1,214.0,0.01,3.3e-05,31886.0,,,,
6251,8000,72478,1.8449,-0.0056,3.6328,4.046,0.0125,0.08,3.15,0.93,0.0,1303.0,651,647,5,50,50,0,201.0,0.01,3.3e-05,31674.0,,,,
6252,8000,72495,1.8351,-0.0059,3.6129,4.025,0.0116,0.08,2.36,0.93,0.0,1319.0,705,614,0,53,47,0,199.0,0.01,3.3e-05,31685.0,,,,
6253,8000,72512,1.8726,0.0356,3.6067,4.165,0.0114,0.07,3.18,0.94,0.0,1284.0,713,568,3,56,44,0,204.0,0.0,3.3e-05,31673.0,,,,
6254,8000,72528,1.8303,0.0202,3.5529,4.177,0.0106,0.07,2.6,0.94,0.0,1260.0,649,609,2,52,48,0,208.0,0.01,3.3e-05,31670.0,,,,
6255,8000,72545,1.8519,0.0137,3.6094,4.203,0.0106,0.08,3.29,0.94,0.0,1268.0,649,612,7,51,48,1,207.0,0.01,3.3e-05,31685.0,,,,
6256,8000,72561,1.8188,0.0257,3.5193,4.289,0.0104,0.07,2.57,0.94,0.0,1088.0,552,536,0,51,49,0,241.0,0.01,3.3e-05,31666.0,,,,
6257,8000,72578,1.7746,0.0156,3.4517,4.365,0.01,0.07,2.36,0.94,0.0,1067.0,540,526,1,51,49,0,246.0,0.02,3.3e-05,31720.0,,,,
6258,8000,72595,1.7595,0.0012,3.4506,4.4,0.0114,0.07,2.63,0.94,0.0,994.0,513,477,4,52,48,0,264.0,0.01,3.3e-05,31670.0,,,,
6259,8000,72611,1.7865,0.0058,3.495,4.352,0.0146,0.08,2.38,0.94,0.0,1127.0,600,523,4,53,46,0,233.0,0.01,3.3e-05,31693.0,,,,
6260,8000,72628,1.772,0.0067,3.4642,4.366,0.0119,0.08,2.37,0.94,0.0,1044.0,520,522,2,50,50,0,251.0,0.01,3.3e-05,31751.0,,,,
6261,8000,72645,1.8546,-0.0034,3.6485,4.211,0.0138,0.08,2.37,0.91,0.0,1153.0,580,571,2,50,50,0,227.0,0.02,3.3e-05,30562.0,,,,
6262,8000,72662,1.8779,0.0193,3.6493,4.165,0.0158,0.08,2.27,0.92,0.0,1184.0,600,583,1,51,49,0,221.0,0.02,3.3e-05,31681.0,,,,
6263,8000,72678,1.8776,0.0077,3.6719,4.173,0.0118,0.08,2.3,0.92,0.0,1212.0,637,572,3,53,47,0,216.0,0.02,3.3e-05,31683.0,,,,
6264,8000,72695,1.8607,-0.016,3.6843,4.034,0.0122,0.08,3.14,0.91,0.0,1259.0,634,623,2,50,49,0,208.0,0.03,3.3e-05,31713.0,,,,
6265,8000,72711,1.8635,0.0051,3.6483,4.129,0.0106,0.07,3.19,0.92,0.0,1294.0,644,650,0,50,50,0,203.0,0.02,3.3e-05,31753.0,,,,
6266,8000,72728,1.8408,-0.0164,3.6452,4.046,0.0105,0.07,3.3,0.93,0.0,1257.0,639,617,1,51,49,0,209.0,0.01,3.3e-05,31706.0,,,,
6267,8000,72745,1.8711,0.0132,3.6466,4.036,0.0127,0.08,2.28,0.92,0.0,1276.0,652,623,1,51,49,0,205.0,0.01,3.3e-05,31675.0,,,,
6268,8000,72761,1.8287,0.0027,3.5838,4.112,0.0125,0.08,2.35,0.93,0.0,1277.0,681,595,1,53,47,0,205.0,0.01,3.3e-05,31692.0,,,,
6269,8000,72778,1.8058,-0.0148,3.5733,4.158,0.0109,0.07,2.71,0.93,0.0,1300.0,659,639,2,51,49,0,202.0,0.01,3.3e-05,31687.0,,,,
6270,8000,72794,1.7998,-0.0148,3.5606,4.054,0.0105,0.08,2.51,0.94,0.0,1219.0,664,553,2,54,45,0,215.0,0.01,3.3e-05,31767.0,,,,
6271,8000,72811,1.8149,-0.0081,3.5774,4.095,0.012,0.08,2.47,0.94,0.0,1237.0,664,573,0,54,46,0,212.0,0.01,3.3e-05,31740.0,,,,
6272,8000,72828,1.7948,-0.0079,3.5371,4.111,0.0123,0.07,2.1,0.94,0.0,1182.0,621,559,2,53,47,0,222.0,0.01,3.3e-05,31694.0,,,,
6273,8000,72844,1.829,0.0133,3.5627,4.087,0.0112,0.08,2.53,0.94,0.0,1247.0,666,580,1,53,47,0,210.0,0.0,3.3e-05,31695.0,,,,
6274,8000,72861,1.873,0.0275,3.6217,4.002,0.0126,0.08,2.26,0.93,0.0,1285.0,647,638,0,50,50,0,204.0,0.01,3.3e-05,31676.0,,,,
6275,8000,72877,1.8329,0.0118,3.5729,3.99,0.0124,0.08,2.51,0.94,0.0,1253.0,646,607,0,52,48,0,209.0,0.0,3.3e-05,31689.0,,,,
6276,8000,72894,1.8395,0.0086,3.5925,4.001,0.0121,0.08,2.32,0.94,0.0,1270.0,683,587,0,54,46,0,206.0,0.0,3.3e-05,31763.0,,,,
6277,8000,72911,1.8627,0.0284,3.5992,3.966,0.0116,0.08,2.37,0.94,0.0,1272.0,670,602,0,53,47,0,206.0,0.0,3.3e-05,31685.0,,,,
6278,8000,72927,1.8153,-0.0066,3.5747,4.024,0.0122,0.07,2.33,0.94,0.0,1247.0,642,604,1,51,48,0,210.0,0.0,3.3e-05,31769.0,,,,
6279,8000,72944,1.8142,-0.0096,3.5787,4.041,0.0116,0.07,2.68,0.94,0.0,1251.0,677,573,1,54,46,0,210.0,0.0,3.3e-05,31695.0,,,,
6280,8000,72960,1.8413,0.0077,3.5975,3.928,0.0119,0.08,2.37,0.94,0.0,1284.0,687,596,1,54,46,0,204.0,0.01,3.3e-05,31683.0,,,,
6281,8000,72978,1.9378,0.025,3.7552,3.849,0.0149,0.08,2.36,0.91,0.0,1309.0,624,685,0,48,52,0,200.0,0.0,3.3e-05,30549.0,,,,
6282,8000,72994,1.8998,0.0312,3.6678,3.987,0.0143,0.08,2.41,0.92,0.0,1233.0,633,598,2,51,48,0,213.0,0.02,3.3e-05,31707.0,,,,
6283,8000,73011,1.8472,0.0198,3.5867,4.126,0.0121,0.07,2.92,0.93,0.0,1207.0,575,631,1,48,52,0,217.0,0.02,3.3e-05,31708.0,,,,
6284,8000,73027,1.8274,0.0214,3.5445,4.193,0.0126,0.08,2.17,0.94,0.0,1154.0,562,590,2,49,51,0,227.0,0.02,3.3e-05,31669.0,,,,
6285,8000,73044,1.8577,0.0276,3.5926,4.152,0.0116,0.07,2.32,0.93,0.0,1195.0,556,635,4,47,53,0,219.0,0.01,3.3e-05,31759.0,,,,
6286,8000,73061,1.8737,0.0262,3.6259,3.993,0.0121,0.08,2.29,0.93,0.0,1199.0,537,661,1,45,55,0,219.0,0.02,3.3e-05,31774.0,,,,
6287,8000,73077,1.8582,0.011,3.6255,4.026,0.0086,0.07,3.61,0.93,0.0,1143.0,563,580,0,49,51,0,229.0,0.02,3.3e-05,31735.0,,,,
6288,8000,73094,1.8338,0.0135,3.5723,4.045,0.0105,0.08,2.1,0.93,0.0,1147.0,563,579,5,49,50,0,229.0,0.02,3.3e-05,31685.0,,,,
6289,8000,73110,1.8316,0.0166,3.5616,4.121,0.0097,0.07,2.47,0.93,0.0,1134.0,576,557,1,51,49,0,231.0,0.02,3.3e-05,31686.0,,,,
6290,8000,73127,1.8135,0.0158,3.5273,4.12,0.0112,0.08,2.47,0.93,0.0,1088.0,548,538,2,50,49,0,241.0,0.02,3.3e-05,31772.0,,,,
6291,8000,73144,1.818,0.0056,3.5565,4.038,0.01,0.07,2.25,0.93,0.0,1150.0,538,605,7,47,53,1,228.0,0.02,3.3e-05,31697.0,,,,
6292,8000,73160,1.8349,0.0091,3.5825,3.946,0.0097,0.07,2.41,0.93,0.0,1166.0,609,554,3,52,48,0,225.0,0.01,3.3e-05,31683.0,,,,
6293,8000,73177,1.815,0.0082,3.5457,4.086,0.0102,0.07,2.34,0.93,0.0,1146.0,597,545,4,52,48,0,229.0,0.02,3.3e-05,31696.0,,,,
6294,8000,73193,1.8682,0.0312,3.6056,4.027,0.0102,0.08,2.61,0.93,0.0,1170.0,593,572,5,51,49,0,224.0,0.02,3.3e-05,31707.0,,,,
6295,8000,73210,1.8468,0.0087,3.6066,3.897,0.011,0.08,2.15,0.92,0.0,1185.0,607,570,8,51,48,1,221.0,0.01,3.3e-05,31708.0,,,,
6296,8000,73227,1.8279,0.0154,3.5562,4.011,0.0096,0.07,2.47,0.93,0.0,1136.0,577,554,5,51,49,0,231.0,0.01,3.3e-05,31685.0,,,,
6297,8000,73243,1.8445,0.0136,3.5931,4.012,0.0092,0.07,2.77,0.93,0.0,1163.0,608,547,8,52,47,1,225.0,0.01,3.3e-05,31692.0,,,,
6298,8000,73260,1.8468,0.0153,3.5938,3.893,0.0095,0.08,3.13,0.93,0.0,1166.0,571,585,10,49,50,1,225.0,0.01,3.3e-05,31709.0,,,,
6299,8000,73276,1.8435,0.015,3.5879,3.918,0.0093,0.07,3.14,0.94,0.0,1180.0,583,574,23,49,49,2,222.0,0.01,3.3e-05,31763.0,204,0,308,40
6300,8000,73308,1.8544,0.023,3.5936,3.974,0.0094,0.08,2.59,0.93,0.0,1155.0,582,565,8,50,49,1,227.0,0.01,3.3e-05,31835.0,,,,
6301,8000,73325,1.939,0.0267,3.7547,3.883,0.0127,0.09,2.37,0.91,0.0,1257.0,615,638,4,49,51,0,209.0,0.02,3.3e-05,30574.0,,,,
6302,8000,73342,1.8805,-0.0134,3.7166,3.77,0.0109,0.08,2.42,0.91,0.0,1232.0,632,598,2,51,49,0,213.0,0.01,3.3e-05,31728.0,,,,
6303,8000,73359,1.8679,-0.0155,3.6975,4.028,0.0105,0.07,2.66,0.91,0.0,1252.0,631,607,14,50,48,1,209.0,0.01,3.3e-05,31682.0,,,,
6304,8000,73375,1.8781,-0.0097,3.7068,4.059,0.0112,0.08,2.25,0.92,0.0,1318.0,615,685,18,47,52,1,199.0,0.01,3.3e-05,31689.0,,,,
6305,8000,73392,1.8929,-0.0137,3.7442,3.98,0.0108,0.08,2.22,0.91,0.0,1411.0,709,700,2,50,50,0,186.0,0.0,3.3e-05,31677.0,,,,
6306,8000,73408,1.8918,-0.015,3.7445,3.956,0.0101,0.08,2.4,0.91,0.0,1466.0,752,713,1,51,49,0,179.0,0.0,3.3e-05,31681.0,,,,
6307,8000,73425,1.8882,-0.0063,3.7197,3.962,0.0114,0.08,2.15,0.91,0.0,1348.0,676,672,0,50,50,0,194.0,0.0,3.3e-05,31761.0,,,,
6308,8000,73442,1.911,0.0206,3.7115,3.959,0.0096,0.07,2.43,0.92,0.0,1324.0,657,667,0,50,50,0,198.0,0.01,3.3e-05,31683.0,,,,
6309,8000,73458,1.8591,0.0007,3.648,4.04,0.01,0.07,2.22,0.93,0.0,1304.0,653,650,1,50,50,0,201.0,0.0,3.3e-05,31746.0,,,,
6310,8000,73475,1.8867,-0.0094,3.7231,3.971,0.0115,0.08,2.18,0.92,0.0,1352.0,710,642,0,53,47,0,194.0,0.0,3.3e-05,31699.0,,,,
6311,8000,73492,1.8945,-0.0011,3.7215,3.925,0.0095,0.07,2.18,0.92,0.0,1368.0,676,691,1,49,51,0,192.0,0.0,3.3e-05,31688.0,,,,
6312,8000,73508,1.8826,0.0217,3.6526,3.963,0.0116,0.08,2.34,0.93,0.0,1351.0,681,669,1,50,50,0,194.0,0.0,3.3e-05,31666.0,,,,
6313,8000,73525,1.9172,0.0295,3.7062,3.957,0.0102,0.08,2.4,0.92,0.0,1359.0,729,628,2,54,46,0,193.0,0.0,3.3e-05,31717.0,,,,
6314,8000,73541,1.9165,0.0225,3.7183,3.884,0.0097,0.08,2.97,0.93,0.0,1394.0,734,659,1,53,47,0,188.0,0.01,3.3e-05,31677.0,,,,
6315,8000,73558,1.8982,0.0245,3.6776,3.913,0.01,0.08,2.43,0.93,0.0,1351.0,729,622,0,54,46,0,194.0,0.0,3.3e-05,31697.0,,,,
6316,8000,73575,1.8753,0.0176,3.6462,3.967,0.009,0.07,2.43,0.93,0.0,1370.0,736,632,2,54,46,0,191.0,0.0,3.3e-05,31691.0,,,,
6317,8000,73591,1.8845,0.0186,3.6623,3.966,0.0107,0.08,2.31,0.93,0.0,1396.0,727,666,3,52,48,0,188.0,0.0,3.3e-05,31679.0,,,,
6318,8000,73608,1.8753,0.0134,3.6537,3.895,0.0101,0.08,2.45,0.93,0.0,1352.0,702,648,2,52,48,0,194.0,0.0,3.3e-05,31716.0,,,,
6319,8000,73625,1.8931,0.016,3.6843,3.912,0.0098,0.07,2.45,0.93,0.0,1349.0,731,618,0,54,46,0,194.0,0.0,3.3e-05,31683.0,,,,
6320,8000,73641,1.9055,0.0257,3.6901,3.97,0.0103,0.07,3.57,0.93,0.0,1312.0,698,612,2,53,47,0,200.0,0.0,3.3e-05,31708.0,,,,
6321,8000,73658,1.9629,0.0358,3.7832,3.807,0.0131,0.09,2.88,0.9,0.0,1288.0,690,593,5,54,46,0,204.0,0.0,3.3e-05,30613.0,,,,
6322,8000,73675,1.9443,0.0551,3.7071,3.815,0.0134,0.09,2.86,0.91,0.0,1163.0,635,523,5,55,45,0,225.0,0.01,3.3e-05,31720.0,,,,
6323,8000,73692,1.8418,0.0109,3.5916,3.924,0.0113,0.08,2.57,0.92,0.0,1090.0,566,517,7,52,47,1,240.0,0.01,3.3e-05,31759.0,,,,
6324,8000,73708,1.8501,0.0091,3.6115,3.922,0.0134,0.08,2.72,0.92,0.0,1097.0,566,521,10,52,47,1,239.0,0.01,3.3e-05,31702.0,,,,
6325,8000,73725,1.8737,0.0184,3.641,3.982,0.0142,0.08,2.64,0.92,0.0,1225.0,592,627,6,48,51,0,214.0,0.01,3.3e-05,31660.0,,,,
6326,8000,73741,1.9235,0.0455,3.6864,3.941,0.016,0.08,2.52,0.92,0.0,1252.0,611,633,8,49,51,1,209.0,0.01,3.3e-05,31674.0,,,,
6327,8000,73758,1.9385,0.0475,3.7124,3.872,0.0125,0.08,2.32,0.92,0.0,1263.0,651,602,10,52,48,1,208.0,0.01,3.3e-05,31708.0,,,,
6328,8000,73775,1.9669,0.0717,3.7203,3.843,0.0114,0.08,2.25,0.92,0.0,1338.0,655,682,1,49,51,0,196.0,0.0,3.3e-05,31707.0,,,,
6329,8000,73791,1.9026,0.0166,3.7017,3.838,0.0104,0.08,2.5,0.92,0.0,1329.0,630,699,0,47,53,0,197.0,0.0,3.3e-05,31683.0,,,,
6330,8000,73808,1.8584,-0.004,3.6553,3.907,0.0099,0.08,2.69,0.93,0.0,1229.0,619,607,3,50,49,0,213.0,0.0,3.3e-05,31683.0,,,,
6331,8000,73824,1.8682,0.0161,3.6348,3.971,0.0105,0.08,2.42,0.92,0.0,1163.0,548,615,0,47,53,0,225.0,0.0,3.3e-05,31687.0,,,,
6332,8000,73841,1.885,0.0061,3.6881,3.932,0.0091,0.07,3.74,0.92,0.0,1184.0,595,589,0,50,50,0,221.0,0.01,3.3e-05,31708.0,,,,
6333,8000,73858,1.8641,-0.0117,3.6823,3.943,0.0108,0.08,2.23,0.92,0.0,1226.0,626,599,1,51,49,0,214.0,0.01,3.3e-05,31739.0,,,,
6334,8000,73874,1.8359,-0.0044,3.6116,4.015,0.0105,0.08,2.6,0.93,0.0,1152.0,597,552,3,52,48,0,228.0,0.01,3.3e-05,31706.0,,,,
6335,8000,73891,1.852,0.0041,3.6262,3.918,0.0091,0.07,2.89,0.93,0.0,1208.0,580,625,3,48,52,0,217.0,0.01,3.3e-05,31691.0,,,,
6336,8000,73907,1.8499,-0.0109,3.6523,3.971,0.0097,0.08,2.78,0.93,0.0,1236.0,642,594,0,52,48,0,212.0,0.01,3.3e-05,31694.0,,,,
6337,8000,73924,1.8457,-0.0223,3.6664,3.923,0.0092,0.07,2.8,0.93,0.0,1252.0,609,643,0,49,51,0,209.0,0.01,3.3e-05,31699.0,,,,
6338,8000,73941,1.8524,-0.0159,3.6671,3.908,0.0112,0.08,2.41,0.92,0.0,1315.0,662,653,0,50,50,0,199.0,0.01,3.3e-05,31699.0,,,,
6339,8000,73957,1.8826,-0.0076,3.7107,3.899,0.0106,0.08,2.66,0.92,0.0,1314.0,682,630,2,52,48,0,200.0,0.01,3.3e-05,31694.0,,,,
6340,8000,73974,1.8988,0.0086,3.7102,3.838,0.0124,0.09,2.3,0.93,0.0,1310.0,679,631,0,52,48,0,200.0,0.01,3.3e-05,31694.0,,,,
6341,8000,73991,1.9325,0.0154,3.7638,3.809,0.0146,0.09,2.24,0.91,0.0,1302.0,680,622,0,52,48,0,201.0,0.02,3.3e-05,30656.0,,,,
6342,8000,74008,1.935,0.0135,3.7722,3.741,0.0113,0.09,2.42,0.9,0.0,1274.0,613,660,1,48,52,0,206.0,0.02,3.3e-05,31765.0,,,,
6343,8000,74024,1.9024,-0.0032,3.74,3.713,0.0121,0.09,2.18,0.91,0.0,1264.0,597,667,0,47,53,0,207.0,0.02,3.3e-05,31712.0,,,,
6344,8000,74041,1.8753,-0.0127,3.7058,3.847,0.0111,0.09,2.34,0.91,0.0,1267.0,627,640,0,49,51,0,207.0,0.03,3.3e-05,31717.0,,,,
6345,8000,74057,1.9109,0.0052,3.7415,3.86,0.0108,0.08,2.29,0.91,0.0,1287.0,640,646,1,50,50,0,204.0,0.02,3.3e-05,31705.0,,,,
6346,8000,74074,1.9089,0.002,3.7428,3.74,0.012,0.09,2.21,0.91,0.0,1275.0,649,623,3,51,49,0,206.0,0.02,3.3e-05,31706.0,,,,
6347,8000,74091,1.9276,0.017,3.7506,3.817,0.0107,0.09,2.44,0.91,0.0,1276.0,624,652,0,49,51,0,205.0,0.02,3.3e-05,31715.0,,,,
6348,8000,74107,1.8746,0.0224,3.6348,3.947,0.0096,0.08,2.31,0.92,0.0,1169.0,580,588,1,50,50,0,224.0,0.01,3.3e-05,31702.0,,,,
6349,8000,74124,1.8511,0.0091,3.6149,4.003,0.0105,0.08,2.42,0.93,0.0,1146.0,589,557,0,51,49,0,229.0,0.02,3.3e-05,31720.0,168,0,344,33
6350,8000,74156,1.8509,0.0056,3.6218,4.031,0.0101,0.08,2.69,0.93,0.0,1173.0,573,598,2,49,51,0,223.0,0.02,3.3e-05,31849.0,,,,
6351,8000,74172,1.8563,0.0088,3.6271,4.144,0.0102,0.08,2.71,0.92,0.0,1113.0,588,525,0,53,47,0,236.0,0.02,3.3e-05,31753.0,,,,
6352,8000,74189,1.874,0.0247,3.6299,4.031,0.0113,0.08,2.64,0.92,0.0,1185.0,605,578,2,51,49,0,221.0,0.02,3.3e-05,31707.0,,,,
6353,8000,74205,1.867,0.0149,3.6348,3.973,0.0098,0.08,2.97,0.92,0.0,1129.0,564,563,2,50,50,0,232.0,0.02,3.3e-05,31708.0,,,,
6354,8000,74222,1.8411,0.0032,3.6066,3.972,0.0101,0.08,2.4,0.92,0.0,1058.0,554,501,3,52,47,0,248.0,0.02,3.3e-05,31701.0,,,,
6355,8000,74239,1.8439,-0.0042,3.6271,3.991,0.0106,0.08,2.65,0.93,0.0,1150.0,606,543,1,53,47,0,228.0,0.01,3.3e-05,31709.0,,,,
6356,8000,74255,1.8875,0.0313,3.6425,3.891,0.0111,0.08,3.65,0.92,0.0,1187.0,631,554,2,53,47,0,221.0,0.02,3.3e-05,31687.0,,,,
6357,8000,74272,1.9065,0.0377,3.6679,3.883,0.0122,0.09,3.05,0.92,0.0,1292.0,693,596,3,54,46,0,203.0,0.02,3.3e-05,31701.0,,,,
6358,8000,74288,1.9152,0.0452,3.6699,3.863,0.0112,0.09,2.43,0.92,0.0,1240.0,637,603,0,51,49,0,211.0,0.01,3.3e-05,31687.0,,,,
6359,8000,74305,1.9112,0.0288,3.694,3.752,0.0149,0.09,2.49,0.92,0.0,1246.0,661,585,0,53,47,0,210.0,0.01,3.3e-05,31707.0,,,,
6360,8000,74322,1.9249,0.0325,3.7144,3.774,0.0126,0.09,3.14,0.93,0.0,1270.0,631,639,0,50,50,0,206.0,0.02,3.3e-05,31697.0,,,,
6361,8000,74339,1.9256,-0.0031,3.787,3.8,0.017,0.1,2.24,0.91,0.0,1297.0,634,663,0,49,51,0,202.0,0.01,3.3e-05,30557.0,,,,
6362,8000,74355,1.917,-0.0071,3.7778,3.786,0.0141,0.1,2.19,0.91,0.0,1287.0,618,668,1,48,52,0,204.0,0.02,3.3e-05,31673.0,,,,
6363,8000,74372,1.9194,0.0277,3.7132,3.807,0.0117,0.09,2.08,0.91,0.0,1342.0,660,682,0,49,51,0,195.0,0.02,3.3e-05,31678.0,,,,
6364,8000,74389,1.9368,0.0345,3.7344,3.817,0.0115,0.09,2.31,0.91,0.0,1359.0,670,687,2,49,51,0,193.0,0.03,3.3e-05,31673.0,,,,
6365,8000,74405,1.9487,0.0169,3.7932,3.787,0.0109,0.09,2.25,0.91,0.0,1386.0,682,701,3,49,51,0,189.0,0.02,3.3e-05,31676.0,,,,
6366,8000,74422,1.9217,0.0152,3.7425,3.736,0.0112,0.09,2.44,0.92,0.0,1309.0,636,671,2,49,51,0,200.0,0.01,3.3e-05,31674.0,,,,
6367,8000,74438,1.9291,0.0065,3.7748,3.72,0.0108,0.09,2.4,0.91,0.0,1374.0,638,732,4,46,53,0,191.0,0.01,3.3e-05,31691.0,,,,
6368,8000,74455,1.9285,0.0088,3.7692,3.687,0.0087,0.08,2.8,0.92,0.0,1334.0,672,657,5,50,49,0,197.0,0.01,3.3e-05,31695.0,,,,
6369,8000,74472,1.935,0.0104,3.7792,3.722,0.0102,0.08,3.11,0.91,0.0,1392.0,665,723,4,48,52,0,188.0,0.0,3.3e-05,31681.0,,,,
6370,8000,74488,1.8971,-0.0309,3.7852,3.61,0.0103,0.09,2.85,0.91,0.0,1366.0,681,678,7,50,50,1,192.0,0.01,3.3e-05,31692.0,,,,
6371,8000,74505,1.8939,-0.009,3.735,3.65,0.0111,0.09,2.47,0.92,0.0,1358.0,645,708,5,47,52,0,193.0,0.0,3.3e-05,31674.0,,,,
6372,8000,74522,1.9022,0.0008,3.7317,3.674,0.0102,0.08,2.69,0.92,0.0,1333.0,629,701,3,47,53,0,197.0,0.0,3.3e-05,31673.0,,,,
6373,8000,74538,1.9257,0.0055,3.7685,3.618,0.0101,0.08,3.37,0.93,0.0,1316.0,604,711,1,46,54,0,199.0,0.01,3.3e-05,31726.0,,,,
6374,8000,74555,1.89,0.0164,3.6766,3.74,0.0122,0.09,2.65,0.93,0.0,1337.0,647,689,1,48,52,0,196.0,0.0,3.3e-05,31678.0,,,,
6375,8000,74571,1.9009,0.0198,3.6912,3.742,0.0096,0.08,2.68,0.93,0.0,1243.0,616,625,2,50,50,0,211.0,0.01,3.3e-05,31698.0,,,,
6376,8000,74588,1.9124,0.0119,3.7297,3.664,0.0119,0.09,2.6,0.93,0.0,1278.0,585,692,1,46,54,0,205.0,0.01,3.3e-05,31751.0,,,,
6377,8000,74605,1.9501,0.0216,3.7862,3.699,0.0112,0.09,3.47,0.93,0.0,1333.0,650,680,3,49,51,0,197.0,0.01,3.3e-05,31695.0,,,,
6378,8000,74621,1.9244,0.0271,3.7236,3.642,0.0115,0.09,2.86,0.93,0.0,1308.0,692,612,4,53,47,0,200.0,0.01,3.3e-05,31758.0,,,,
6379,8000,74638,1.9105,0.0133,3.7234,3.698,0.0106,0.08,3.42,0.93,0.0,1272.0,620,650,2,49,51,0,206.0,0.01,3.3e-05,31684.0,,,,
6380,8000,74654,1.9021,-0.0136,3.7599,3.653,0.012,0.09,3.2,0.93,0.0,1300.0,667,631,2,51,49,0,202.0,0.01,3.3e-05,31689.0,,,,
6381,8000,74672,1.9254,0.001,3.777,3.638,0.0142,0.09,2.27,0.91,0.0,1270.0,656,611,3,52,48,0,206.0,0.01,3.3e-05,30534.0,,,,
6382,8000,74688,1.9058,0.0196,3.7017,3.761,0.012,0.09,3.63,0.92,0.0,1145.0,577,563,5,50,49,0,229.0,0.01,3.3e-05,31659.0,,,,
6383,8000,74705,1.8578,0.0173,3.6109,3.86,0.0116,0.09,2.8,0.93,0.0,1072.0,542,527,3,51,49,0,245.0,0.01,3.3e-05,31695.0,,,,
6384,8000,74722,1.8249,-0.0028,3.586,3.929,0.0112,0.09,2.5,0.93,0.0,1026.0,520,505,1,51,49,0,256.0,0.02,3.3e-05,31653.0,,,,
6385,8000,74738,1.8524,0.0065,3.6218,3.869,0.0118,0.09,2.88,0.92,0.0,1111.0,566,540,5,51,49,0,236.0,0.03,3.3e-05,31709.0,,,,
6386,8000,74755,1.8619,0.0053,3.643,3.836,0.0123,0.09,2.56,0.92,0.0,1179.0,614,555,10,52,47,1,222.0,0.01,3.3e-05,31642.0,,,,
6387,8000,74771,1.8587,0.0001,3.6471,3.831,0.0134,0.09,2.71,0.93,0.0,1194.0,607,584,3,51,49,0,220.0,0.02,3.3e-05,31661.0,,,,
6388,8000,74788,1.8783,0.005,3.6765,3.846,0.0111,0.08,4.23,0.93,0.0,1176.0,585,590,1,50,50,0,223.0,0.03,3.3e-05,31705.0,,,,
6389,8000,74805,1.8939,0.0093,3.6987,3.805,0.0111,0.09,2.63,0.93,0.0,1167.0,571,591,5,49,51,0,225.0,0.03,3.3e-05,31644.0,,,,
6390,8000,74821,1.8792,0.016,3.6563,3.845,0.0109,0.08,3.43,0.93,0.0,1203.0,627,575,1,52,48,0,218.0,0.02,3.3e-05,31654.0,,,,
6391,8000,74838,1.88,0.0145,3.6614,3.898,0.0104,0.08,3.8,0.93,0.0,1251.0,644,607,0,51,49,0,210.0,0.01,3.3e-05,31660.0,,,,
6392,8000,74854,1.883,0.0181,3.6599,3.844,0.0098,0.08,2.54,0.93,0.0,1176.0,614,560,2,52,48,0,223.0,0.01,3.3e-05,31653.0,,,,
6393,8000,74871,1.8668,0.0195,3.6243,3.831,0.0108,0.09,2.39,0.93,0.0,1129.0,606,522,1,54,46,0,232.0,0.01,3.3e-05,31664.0,,,,
6394,8000,74888,1.8474,0.0061,3.6135,3.971,0.0107,0.08,3.18,0.93,0.0,1143.0,589,554,0,52,48,0,229.0,0.01,3.3e-05,31668.0,,,,
6395,8000,74904,1.8248,0.0009,3.5784,3.931,0.0109,0.08,3.0,0.94,0.0,1094.0,573,520,1,52,48,0,240.0,0.02,3.3e-05,31653.0,,,,
6396,8000,74921,1.8174,0.0007,3.5651,4.021,0.0099,0.08,3.11,0.93,0.0,1029.0,500,524,5,49,51,0,255.0,0.01,3.3e-05,31704.0,,,,
6397,8000,74938,1.8193,0.006,3.5574,3.942,0.0112,0.08,3.09,0.93,0.0,1060.0,533,526,1,50,50,0,247.0,0.02,3.3e-05,31710.0,,,,
6398,8000,74954,1.8273,0.0076,3.5697,3.924,0.011,0.09,2.57,0.93,0.0,1090.0,547,541,2,50,50,0,240.0,0.02,3.3e-05,31666.0,,,,
6399,8000,74971,1.8389,0.0206,3.5671,3.932,0.0121,0.09,3.04,0.93,0.0,1072.0,588,483,1,55,45,0,245.0,0.02,3.3e-05,31690.0,230,0,282,45
6400,8000,75003,1.8381,0.0236,3.5602,4.022,0.0115,0.08,3.35,0.94,0.0,1085.0,572,511,2,53,47,0,242.0,0.01,3.3e-05,31798.0,,,,
6401,8000,75020,1.9063,0.0389,3.6659,4.032,0.0136,0.08,2.57,0.92,0.0,1105.0,546,558,1,49,50,0,237.0,0.01,3.3e-05,30575.0,,,,
6402,8000,75036,1.8572,0.0331,3.5802,4.163,0.0109,0.08,4.06,0.94,0.0,1106.0,541,563,2,49,51,0,237.0,0.01,3.3e-05,31775.0,,,,
6403,8000,75053,1.8496,0.025,3.5812,4.19,0.0108,0.08,3.66,0.93,0.0,1119.0,548,569,2,49,51,0,234.0,0.01,3.3e-05,31696.0,,,,
6404,8000,75070,1.8675,0.034,3.5987,4.139,0.0079,0.06,4.8,0.94,0.0,1107.0,551,551,5,50,50,0,237.0,0.02,3.2e-05,31698.0,,,,
6405,8000,75086,1.8586,0.028,3.593,4.133,0.0099,0.08,3.94,0.94,0.0,1089.0,540,544,5,50,50,0,241.0,0.01,3.2e-05,31697.0,,,,
6406,8000,75103,1.8377,0.0203,3.5664,4.14,0.0112,0.08,2.6,0.94,0.0,1114.0,541,573,0,49,51,0,235.0,0.01,3.2e-05,31785.0,,,,
6407,8000,75119,1.8653,0.0072,3.6487,4.222,0.0112,0.07,15.67,0.93,0.0,1094.0,587,507,0,54,46,0,240.0,0.02,3.2e-05,31761.0,,,,
6408,8000,75136,1.8986,0.0738,3.5816,4.15,0.0117,0.08,2.72,0.93,0.0,1159.0,582,574,3,50,50,0,226.0,0.03,3.2e-05,31693.0,,,,
6409,8000,75153,1.9188,0.065,3.6397,4.115,0.0137,0.08,3.09,0.93,0.0,1201.0,598,598,5,50,50,0,218.0,0.02,3.2e-05,31698.0,,,,
6410,8000,75169,1.8712,0.0414,3.5913,4.123,0.0108,0.08,3.91,0.94,0.0,1131.0,564,567,0,50,50,0,232.0,0.01,3.2e-05,31710.0,,,,
6411,8000,75186,1.8326,0.0345,3.5281,4.152,0.0101,0.07,2.82,0.94,0.0,1074.0,544,529,1,51,49,0,244.0,0.01,3.2e-05,31703.0,,,,
6412,8000,75202,1.8383,0.0394,3.531,4.241,0.0096,0.07,2.75,0.94,0.0,1083.0,552,524,7,51,48,1,242.0,0.01,3.2e-05,31707.0,,,,
6413,8000,75219,1.8762,0.0547,3.5748,4.123,0.0112,0.08,2.78,0.94,0.0,1108.0,570,535,3,51,48,0,237.0,0.01,3.2e-05,31703.0,,,,
6414,8000,75236,1.9265,0.0658,3.6518,3.902,0.0108,0.08,2.52,0.93,0.0,1206.0,614,588,4,51,49,0,217.0,0.01,3.2e-05,31680.0,,,,
6415,8000,75252,1.9129,0.0572,3.6416,3.923,0.0119,0.08,3.53,0.94,0.0,1242.0,592,648,2,48,52,0,211.0,0.01,3.2e-05,31713.0,,,,
6416,8000,75269,1.8824,0.0403,3.6147,3.961,0.0107,0.08,2.54,0.94,0.0,1203.0,609,593,1,51,49,0,218.0,0.02,3.2e-05,31693.0,,,,
6417,8000,75285,1.881,0.0239,3.645,3.983,0.0101,0.08,2.47,0.93,0.0,1195.0,578,614,3,48,51,0,219.0,0.01,3.2e-05,31693.0,,,,
6418,8000,75302,1.8695,0.0189,3.6318,3.972,0.0113,0.08,2.4,0.94,0.0,1231.0,608,618,5,49,50,0,213.0,0.02,3.2e-05,31698.0,,,,
6419,8000,75319,1.8604,0.0258,3.5996,3.956,0.0092,0.07,3.24,0.94,0.0,1139.0,546,592,1,48,52,0,230.0,0.01,3.2e-05,31684.0,,,,
6420,8000,75335,1.8705,0.0274,3.6164,3.913,0.0108,0.08,3.15,0.94,0.0,1228.0,613,612,3,50,50,0,213.0,0.01,3.2e-05,31697.0,,,,
6421,8000,75352,1.9388,0.0316,3.7437,3.819,0.012,0.09,2.89,0.92,0.0,1237.0,610,626,1,49,51,0,212.0,0.02,3.2e-05,30597.0,,,,
6422,8000,75369,1.888,0.0135,3.6785,3.84,0.011,0.08,2.42,0.92,0.0,1146.0,568,575,3,50,50,0,229.0,0.01,3.2e-05,31693.0,,,,
6423,8000,75386,1.8724,0.0134,3.6477,3.859,0.0104,0.08,2.55,0.92,0.0,1135.0,575,559,1,51,49,0,231.0,0.02,3.2e-05,31665.0,,,,
6424,8000,75402,1.8704,0.0043,3.6624,3.901,0.009,0.08,2.98,0.92,0.0,1129.0,561,567,1,50,50,0,232.0,0.02,3.2e-05,31694.0,,,,
6425,8000,75419,1.8669,0.0207,3.6218,3.837,0.0105,0.08,2.86,0.93,0.0,1135.0,553,579,3,49,51,0,231.0,0.02,3.2e-05,31680.0,,,,
6426,8000,75435,1.8363,-0.0044,3.6112,3.854,0.0109,0.09,2.32,0.93,0.0,1155.0,537,615,3,46,53,0,227.0,0.01,3.2e-05,31675.0,,,,
6427,8000,75452,1.8369,0.0054,3.593,3.892,0.0113,0.09,2.48,0.92,0.0,1153.0,585,565,3,51,49,0,227.0,0.01,3.2e-05,31746.0,,,,
6428,8000,75469,1.8315,-0.0095,3.6128,3.973,0.0105,0.08,5.34,0.93,0.0,1111.0,530,578,3,48,52,0,236.0,0.01,3.2e-05,31678.0,,,,
6429,8000,75485,1.8611,0.0136,3.6259,3.982,0.0093,0.08,5.06,0.93,0.0,1151.0,567,583,1,49,51,0,228.0,0.01,3.2e-05,31670.0,,,,
6430,8000,75502,1.8716,0.028,3.6179,3.961,0.0102,0.08,2.57,0.93,0.0,1161.0,570,589,2,49,51,0,226.0,0.01,3.2e-05,31691.0,,,,
6431,8000,75518,1.8883,0.03,3.6466,3.887,0.0097,0.08,3.03,0.94,0.0,1194.0,582,610,2,49,51,0,220.0,0.01,3.2e-05,31690.0,,,,
6432,8000,75535,1.8648,0.0438,3.5725,3.964,0.0102,0.08,3.98,0.94,0.0,1140.0,587,550,3,51,48,0,230.0,0.01,3.2e-05,31736.0,,,,
6433,8000,75552,1.8944,0.043,3.6333,3.946,0.0083,0.07,4.65,0.94,0.0,1133.0,525,605,3,46,53,0,231.0,0.01,3.2e-05,31750.0,,,,
6434,8000,75568,1.8694,0.0235,3.6219,3.913,0.0102,0.08,4.21,0.94,0.0,1152.0,544,606,2,47,53,0,228.0,0.01,3.2e-05,31681.0,,,,
6435,8000,75585,1.8534,0.0244,3.588,3.912,0.0103,0.08,4.33,0.94,0.0,1053.0,518,532,3,49,51,0,249.0,0.02,3.2e-05,31757.0,,,,
6436,8000,75601,1.9521,0.0202,3.7942,3.94,0.0078,0.07,15.48,0.94,0.0,1142.0,579,559,4,51,49,0,230.0,0.02,3.2e-05,31685.0,,,,
6437,8000,75618,2.0522,0.0652,3.9037,3.774,0.007,0.06,23.33,0.93,0.0,1260.0,596,659,5,47,52,0,208.0,0.0,3.2e-05,31746.0,,,,
6438,8000,75634,1.9852,0.053,3.7936,3.654,0.0084,0.07,11.97,0.93,0.0,1219.0,608,607,4,50,50,0,215.0,0.0,3.2e-05,31696.0,,,,
6439,8000,75651,1.9201,0.0502,3.6691,3.692,0.0109,0.08,4.63,0.94,0.0,1125.0,547,572,6,49,51,1,233.0,0.01,3.2e-05,31703.0,,,,
6440,8000,75668,1.904,0.0516,3.6342,3.797,0.0093,0.08,4.51,0.94,0.0,1144.0,586,557,1,51,49,0,229.0,0.01,3.2e-05,31751.0,,,,
6441,8000,75685,1.9504,0.0477,3.7353,3.838,0.0119,0.09,4.57,0.93,0.0,1131.0,549,579,3,49,51,0,232.0,0.01,3.2e-05,30596.0,,,,
6442,8000,75701,1.8752,0.0239,3.6324,3.833,0.0136,0.09,3.43,0.93,0.0,1045.0,522,520,3,50,50,0,251.0,0.02,3.2e-05,31707.0,,,,
6443,8000,75718,1.88,0.0244,3.6408,3.812,0.0106,0.08,4.51,0.93,0.0,1093.0,560,529,4,51,48,0,240.0,0.03,3.2e-05,31736.0,,,,
6444,8000,75735,1.882,0.0358,3.6227,3.876,0.0096,0.08,5.92,0.93,0.0,1112.0,560,548,4,50,49,0,236.0,0.05,3.2e-05,31779.0,,,,
6445,8000,75751,1.8833,0.0242,3.6479,3.888,0.01,0.08,5.76,0.93,0.0,1099.0,538,560,1,49,51,0,239.0,0.04,3.2e-05,31726.0,,,,
6446,8000,75768,1.8767,0.0301,3.6226,3.793,0.0127,0.09,5.27,0.93,0.0,1074.0,505,562,7,47,52,1,244.0,0.04,3.2e-05,31724.0,,,,
6447,8000,75784,1.8868,0.031,3.6414,3.784,0.0098,0.08,4.51,0.93,0.0,1155.0,578,566,11,50,49,1,227.0,0.02,3.2e-05,31732.0,,,,
6448,8000,75801,1.8872,0.0356,3.6326,3.767,0.0105,0.08,5.03,0.93,0.0,1114.0,554,553,7,50,50,1,235.0,0.01,3.2e-05,31738.0,,,,
6449,8000,75817,1.8657,0.0185,3.6244,3.786,0.0111,0.08,4.08,0.94,0.0,1173.0,567,589,17,48,50,1,223.0,0.01,3.2e-05,31730.0,266,0,246,52
6450,8000,75849,1.8908,0.0202,3.6703,3.733,0.0122,0.09,3.64,0.93,0.0,1136.0,533,593,10,47,52,1,231.0,0.02,3.2e-05,31918.0,,,,
6451,8000,75866,1.8486,0.0033,3.619,3.675,0.0115,0.08,4.0,0.93,0.0,1132.0,544,579,9,48,51,1,232.0,0.01,3.2e-05,31762.0,,,,
6452,8000,75882,1.836,-0.002,3.6057,3.743,0.0107,0.09,4.38,0.93,0.0,1158.0,548,594,16,47,51,1,226.0,0.01,3.2e-05,31722.0,,,,
6453,8000,75899,1.8746,0.014,3.651,3.668,0.012,0.09,3.62,0.93,0.0,1160.0,554,589,17,48,51,1,226.0,0.01,3.2e-05,31741.0,,,,
6454,8000,75916,1.8796,0.0207,3.6477,3.615,0.0138,0.1,3.08,0.93,0.0,1171.0,574,581,16,49,50,1,224.0,0.01,3.2e-05,31775.0,,,,
6455,8000,75932,1.8601,0.0122,3.6245,3.642,0.0147,0.1,3.0,0.94,0.0,1151.0,535,607,9,46,53,1,228.0,0.02,3.2e-05,31730.0,,,,
6456,8000,75949,1.8614,0.0027,3.6459,3.626,0.01,0.08,3.55,0.94,0.0,1174.0,570,596,8,49,51,1,223.0,0.02,3.2e-05,31731.0,,,,
6457,8000,75965,1.8497,0.0115,3.6063,3.611,0.0139,0.1,2.81,0.94,0.0,1179.0,564,606,9,48,51,1,222.0,0.01,3.2e-05,31739.0,,,,
6458,8000,75982,1.8974,0.0135,3.6973,3.699,0.0113,0.09,3.86,0.93,0.0,1224.0,600,616,8,49,50,1,214.0,0.01,3.2e-05,31724.0,,,,
6459,8000,75999,1.8883,0.0122,3.6805,3.635,0.0107,0.08,3.29,0.93,0.0,1228.0,621,606,1,51,49,0,213.0,0.01,3.2e-05,31747.0,,,,
6460,8000,76015,1.8919,0.0291,3.6549,3.726,0.0121,0.09,3.24,0.94,0.0,1231.0,611,611,9,50,50,1,213.0,0.0,3.2e-05,31788.0,,,,
6461,8000,76032,1.9325,0.019,3.7553,3.614,0.0123,0.09,2.91,0.92,0.0,1271.0,635,629,7,50,49,1,206.0,0.0,3.2e-05,30583.0,,,,
6462,8000,76049,1.9035,0.0066,3.7222,3.656,0.0107,0.09,3.11,0.92,0.0,1233.0,576,656,1,47,53,0,213.0,0.01,3.2e-05,31763.0,,,,
6463,8000,76065,1.8927,0.0177,3.679,3.752,0.012,0.09,2.96,0.92,0.0,1196.0,534,659,3,45,55,0,219.0,0.01,3.2e-05,31689.0,,,,
6464,8000,76082,1.9335,0.0209,3.7549,3.79,0.0096,0.08,8.26,0.92,0.0,1217.0,568,643,6,47,53,0,215.0,0.01,3.2e-05,31674.0,,,,
6465,8000,76099,1.8793,-0.0036,3.6949,3.752,0.0094,0.08,3.71,0.92,0.0,1212.0,532,662,18,44,55,1,216.0,0.0,3.2e-05,31683.0,,,,
6466,8000,76115,1.888,0.0038,3.6976,3.709,0.0107,0.09,3.73,0.93,0.0,1250.0,541,698,11,43,56,1,210.0,0.01,3.2e-05,31685.0,,,,
6467,8000,76132,1.8763,0.0157,3.6508,3.788,0.0098,0.08,3.92,0.93,0.0,1208.0,535,666,7,44,55,1,217.0,0.0,3.2e-05,31674.0,,,,
6468,8000,76149,1.8829,0.01,3.6758,3.849,0.0082,0.07,4.74,0.93,0.0,1219.0,546,668,5,45,55,0,215.0,0.01,3.2e-05,31749.0,,,,
6469,8000,76165,1.8615,0.004,3.6445,3.806,0.0118,0.09,3.62,0.93,0.0,1160.0,543,613,4,47,53,0,226.0,0.01,3.2e-05,31729.0,,,,
6470,8000,76182,1.8638,0.0067,3.6431,3.745,0.0124,0.09,3.7,0.93,0.0,1165.0,570,585,10,49,50,1,225.0,0.02,3.2e-05,31692.0,,,,
6471,8000,76198,1.8858,0.0052,3.6899,3.669,0.0098,0.08,4.39,0.93,0.0,1205.0,546,647,12,45,54,1,218.0,0.02,3.2e-05,31688.0,,,,
6472,8000,76215,1.8735,0.016,3.6437,3.712,0.014,0.09,2.77,0.93,0.0,1261.0,573,679,9,45,54,1,208.0,0.01,3.2e-05,31688.0,,,,
6473,8000,76232,1.8807,0.0205,3.6489,3.711,0.0109,0.08,4.15,0.94,0.0,1201.0,560,631,10,47,53,1,218.0,0.01,3.2e-05,31686.0,,,,
6474,8000,76248,1.8564,0.0254,3.5908,3.749,0.0109,0.08,3.1,0.94,0.0,1198.0,584,610,4,49,51,0,219.0,0.01,3.2e-05,31734.0,,,,
6475,8000,76265,1.8798,0.014,3.6606,3.726,0.0104,0.08,3.5,0.94,0.0,1220.0,551,664,5,45,54,0,215.0,0.01,3.2e-05,31682.0,,,,
6476,8000,76281,1.8789,0.0092,3.6681,3.721,0.0104,0.08,3.65,0.93,0.0,1255.0,553,693,9,44,55,1,209.0,0.02,3.2e-05,31765.0,,,,
6477,8000,76298,1.8814,0.0242,3.6434,3.773,0.0096,0.07,5.73,0.94,0.0,1246.0,591,646,9,47,52,1,210.0,0.01,3.2e-05,31699.0,,,,
6478,8000,76314,1.8664,0.017,3.628,3.768,0.0134,0.09,2.78,0.94,0.0,1253.0,564,682,7,45,54,1,209.0,0.02,3.2e-05,31697.0,,,,
6479,8000,76331,1.9084,0.0185,3.7094,3.813,0.0107,0.08,4.25,0.93,0.0,1354.0,609,741,4,45,55,0,194.0,0.02,3.2e-05,31694.0,,,,
6480,8000,76348,1.8649,0.0047,3.6493,3.753,0.0149,0.1,2.33,0.93,0.0,1290.0,625,658,7,48,51,1,203.0,0.01,3.2e-05,31721.0,,,,
6481,8000,76365,1.9251,-0.0024,3.7833,3.654,0.0132,0.09,2.71,0.91,0.0,1347.0,660,685,2,49,51,0,195.0,0.01,3.2e-05,30566.0,,,,
6482,8000,76382,1.9285,0.0095,3.7662,3.66,0.0125,0.09,2.56,0.91,0.0,1316.0,652,662,2,50,50,0,199.0,0.01,3.2e-05,31732.0,,,,
6483,8000,76398,1.931,0.0339,3.7228,3.737,0.0125,0.09,2.35,0.92,0.0,1242.0,630,608,4,51,49,0,211.0,0.02,3.2e-05,31733.0,,,,
6484,8000,76415,1.8976,0.0251,3.6745,3.85,0.0124,0.09,2.56,0.92,0.0,1236.0,628,605,3,51,49,0,212.0,0.02,3.2e-05,31756.0,,,,
6485,8000,76431,1.8388,-0.0007,3.6087,3.863,0.0102,0.08,2.65,0.93,0.0,1162.0,563,596,3,48,51,0,226.0,0.03,3.2e-05,31721.0,,,,
6486,8000,76448,1.8575,-0.0047,3.6537,3.841,0.0091,0.07,3.3,0.93,0.0,1159.0,600,558,1,52,48,0,226.0,0.03,3.2e-05,31746.0,,,,
6487,8000,76465,1.8498,-0.0004,3.6306,3.919,0.0092,0.07,3.1,0.93,0.0,1176.0,617,558,1,52,47,0,223.0,0.02,3.2e-05,31722.0,,,,
6488,8000,76481,1.8684,0.0107,3.6457,3.859,0.0105,0.08,2.77,0.93,0.0,1193.0,644,538,11,54,45,1,220.0,0.01,3.2e-05,31735.0,,,,
6489,8000,76498,1.8767,0.0274,3.6287,3.916,0.0106,0.08,2.9,0.93,0.0,1160.0,578,579,3,50,50,0,226.0,0.02,3.2e-05,31715.0,,,,
6490,8000,76514,1.8505,0.0141,3.6032,3.896,0.0113,0.08,2.57,0.93,0.0,1189.0,574,608,7,48,51,1,220.0,0.02,3.2e-05,31739.0,,,,
6491,8000,76531,1.8624,0.0105,3.6334,3.852,0.0114,0.08,3.01,0.93,0.0,1211.0,614,596,1,51,49,0,216.0,0.02,3.2e-05,31738.0,,,,
6492,8000,76548,1.8331,0.007,3.5824,3.898,0.0102,0.07,3.04,0.93,0.0,1109.0,555,549,5,50,50,0,236.0,0.01,3.2e-05,31743.0,,,,
6493,8000,76564,1.8359,0.01,3.582,3.924,0.01,0.07,3.03,0.93,0.0,1079.0,552,524,3,51,49,0,243.0,0.02,3.2e-05,31737.0,,,,
6494,8000,76581,1.8174,0.0091,3.5469,3.933,0.0099,0.07,3.35,0.94,0.0,1079.0,565,510,4,52,47,0,243.0,0.01,3.2e-05,31734.0,,,,
6495,8000,76597,1.8347,0.0297,3.5415,4.029,0.0126,0.08,2.51,0.93,0.0,1119.0,573,539,7,51,48,1,234.0,0.02,3.2e-05,31735.0,,,,
6496,8000,76614,1.8696,0.0322,3.6045,3.861,0.0109,0.08,2.87,0.93,0.0,1158.0,606,549,3,52,47,0,226.0,0.01,3.2e-05,31754.0,,,,
6497,8000,76630,1.8613,0.0291,3.594,3.856,0.0108,0.08,2.87,0.93,0.0,1112.0,600,512,0,54,46,0,236.0,0.01,3.2e-05,31718.0,,,,
6498,8000,76647,1.8426,0.0218,3.5719,3.893,0.0115,0.08,2.69,0.94,0.0,1120.0,610,506,4,54,45,0,234.0,0.01,3.2e-05,31761.0,,,,
6499,8000,76664,1.8391,0.0137,3.5811,3.915,0.0102,0.07,3.1,0.93,0.0,1110.0,556,549,5,50,49,0,236.0,0.01,3.2e-05,31743.0,187,0,325,37
6500,8000,76695,1.8311,0.0197,3.5528,3.914,0.0114,0.08,3.06,0.94,0.0,1071.0,571,497,3,53,46,0,245.0,0.0,3.2e-05,31860.0,,,,
6501,8000,76713,1.9405,0.0469,3.7171,3.818,0.0096,0.07,5.86,0.91,0.0,1133.0,557,571,5,49,50,0,231.0,0.02,3.2e-05,30554.0,,,,
6502,8000,76729,1.8935,0.0416,3.6338,3.911,0.0106,0.07,3.15,0.92,0.0,1086.0,579,500,7,53,46,1,241.0,0.04,3.2e-05,31703.0,,,,
6503,8000,76746,1.8282,0.0293,3.5289,4.017,0.0103,0.08,3.08,0.93,0.0,1031.0,535,489,7,52,47,1,254.0,0.05,3.2e-05,31712.0,,,,
6504,8000,76762,1.8499,0.0204,3.5909,4.06,0.0103,0.08,2.89,0.92,0.0,1091.0,551,530,10,51,49,1,240.0,0.06,3.2e-05,31727.0,,,,
6505,8000,76779,1.8435,0.0232,3.5726,4.081,0.0115,0.08,3.14,0.92,0.0,1070.0,553,508,9,52,47,1,245.0,0.04,3.2e-05,31713.0,,,,
6506,8000,76796,1.8174,0.0058,3.5551,4.076,0.0084,0.07,3.56,0.93,0.0,1032.0,500,523,9,48,51,1,254.0,0.03,3.2e-05,31705.0,,,,
6507,8000,76812,1.8208,0.0111,3.551,4.038,0.009,0.07,3.38,0.93,0.0,1020.0,503,506,11,49,50,1,257.0,0.04,3.2e-05,31713.0,,,,
6508,8000,76829,1.8086,0.0113,3.5263,4.063,0.0103,0.07,3.05,0.93,0.0,1028.0,484,532,12,47,52,1,255.0,0.05,3.2e-05,31715.0,,,,
6509,8000,76846,1.8243,0.019,3.5428,4.095,0.0117,0.08,2.68,0.93,0.0,1073.0,549,516,8,51,48,1,244.0,0.03,3.2e-05,31714.0,,,,
6510,8000,76862,1.8205,0.0179,3.5373,4.094,0.011,0.08,2.75,0.93,0.0,1053.0,503,543,7,48,52,1,249.0,0.04,3.2e-05,31709.0,,,,
6511,8000,76879,1.8226,0.0144,3.5491,4.116,0.0099,0.07,3.25,0.93,0.0,1066.0,558,497,11,52,47,1,246.0,0.02,3.2e-05,31702.0,,,,
6512,8000,76895,1.8287,0.008,3.5736,4.069,0.0107,0.08,2.42,0.93,0.0,1069.0,544,516,9,51,48,1,245.0,0.02,3.2e-05,31725.0,,,,
6513,8000,76912,1.8286,0.0039,3.5811,4.025,0.0107,0.08,2.54,0.93,0.0,1077.0,553,520,4,51,48,0,243.0,0.03,3.2e-05,31749.0,,,,
6514,8000,76928,1.7887,-0.0102,3.5304,4.105,0.0083,0.07,3.43,0.94,0.0,987.0,539,440,8,55,45,1,266.0,0.03,3.2e-05,31736.0,,,,
6515,8000,76945,1.7644,0.0026,3.4563,4.177,0.0103,0.07,3.91,0.94,0.0,919.0,502,412,5,55,45,1,285.0,0.03,3.2e-05,31711.0,,,,
6516,8000,76962,1.7469,0.0104,3.4061,4.127,0.0103,0.08,3.03,0.94,0.0,864.0,455,396,13,53,46,2,303.0,0.02,3.2e-05,31715.0,,,,
6517,8000,76978,1.7393,0.0186,3.3772,4.201,0.0118,0.08,2.77,0.94,0.0,859.0,426,415,18,50,48,2,305.0,0.01,3.2e-05,31707.0,,,,
6518,8000,76995,1.8021,0.0356,3.4669,4.13,0.011,0.08,3.39,0.94,0.0,910.0,469,427,14,52,47,2,288.0,0.02,3.2e-05,31761.0,,,,
6519,8000,77011,1.7667,0.0304,3.4057,4.186,0.0105,0.08,2.64,0.95,0.0,918.0,447,459,12,49,50,1,286.0,0.01,3.2e-05,31708.0,,,,
6520,8000,77028,1.7979,0.0187,3.4915,4.135,0.0091,0.07,3.78,0.94,0.0,938.0,483,445,10,51,47,1,279.0,0.02,3.2e-05,31730.0,,,,
6521,8000,77045,1.8174,0.0138,3.5399,4.108,0.0103,0.08,10.55,0.94,0.0,833.0,427,391,15,51,47,2,315.0,0.03,3.2e-05,30550.0,,,,
6522,8000,77062,2.1464,0.0523,4.1182,3.865,0.0117,0.06,74.11,0.93,0.0,870.0,394,466,10,45,54,1,301.0,0.02,3.2e-05,31687.0,,,,
6523,8000,77078,1.903,0.0374,3.661,3.804,0.0085,0.06,14.53,0.94,0.0,894.0,455,430,9,51,48,1,293.0,0.03,3.2e-05,31709.0,,,,
6524,8000,77095,1.8044,0.0363,3.4675,3.951,0.0089,0.06,4.22,0.94,0.0,892.0,421,455,16,47,51,2,294.0,0.02,3.2e-05,31701.0,,,,
6525,8000,77112,1.7925,0.0246,3.4664,3.945,0.0082,0.07,5.41,0.94,0.0,820.0,424,387,9,52,47,1,320.0,0.02,3.2e-05,31701.0,,,,
6526,8000,77128,1.764,0.0222,3.4154,4.054,0.0081,0.07,5.88,0.95,0.0,807.0,423,371,13,52,46,2,325.0,0.02,3.2e-05,31698.0,,,,
6527,8000,77145,1.7827,0.038,3.4206,3.925,0.0106,0.08,4.55,0.95,0.0,870.0,454,398,18,52,46,2,301.0,0.01,3.2e-05,31734.0,,,,
6528,8000,77161,1.7865,0.0507,3.4036,3.966,0.0097,0.07,6.48,0.95,0.0,845.0,400,423,22,47,50,3,310.0,0.02,3.2e-05,31696.0,,,,
6529,8000,77178,2.1197,0.0561,4.0577,3.92,0.0132,0.08,59.48,0.95,0.0,893.0,442,433,18,49,48,2,294.0,0.01,3.2e-05,31708.0,,,,
6530,8000,77195,1.7621,-0.0031,3.4596,3.725,0.0114,0.09,3.86,0.95,0.0,903.0,465,423,15,51,47,2,290.0,0.02,3.2e-05,31699.0,,,,
6531,8000,77211,1.7838,-0.0055,3.5085,3.785,0.0098,0.08,5.22,0.94,0.0,935.0,463,461,11,50,49,1,280.0,0.02,3.2e-05,31689.0,,,,
6532,8000,77228,1.7993,0.0161,3.4975,3.851,0.0092,0.08,3.77,0.95,0.0,962.0,459,492,11,48,51,1,272.0,0.01,3.2e-05,31698.0,,,,
6533,8000,77244,1.7992,0.0125,3.5036,3.809,0.0119,0.09,3.25,0.94,0.0,967.0,479,474,14,50,49,1,271.0,0.02,3.2e-05,31698.0,,,,
6534,8000,77261,1.8516,0.0261,3.5811,3.782,0.0106,0.09,3.5,0.94,0.0,1060.0,548,500,12,52,47,1,247.0,0.01,3.2e-05,31710.0,,,,
6535,8000,77278,1.8083,0.0097,3.5265,3.771,0.0118,0.09,3.25,0.94,0.0,1049.0,538,508,3,51,48,0,250.0,0.01,3.2e-05,31700.0,,,,
6536,8000,77294,1.807,0.0125,3.5192,3.833,0.0115,0.09,2.81,0.94,0.0,1043.0,523,510,10,50,49,1,251.0,0.02,3.2e-05,31684.0,,,,
6537,8000,77311,1.8268,0.0098,3.5639,3.812,0.0131,0.1,2.54,0.94,0.0,1041.0,502,529,10,48,51,1,252.0,0.03,3.2e-05,31765.0,,,,
6538,8000,77327,1.841,0.0254,3.5613,3.755,0.0122,0.09,2.52,0.94,0.0,1051.0,559,483,9,53,46,1,249.0,0.03,3.2e-05,31702.0,,,,
6539,8000,77344,1.8203,0.009,3.5531,3.753,0.0113,0.09,2.5,0.94,0.0,1107.0,565,535,7,51,48,1,237.0,0.03,3.2e-05,31699.0,,,,
6540,8000,77360,1.8628,0.0124,3.6304,3.674,0.0115,0.09,3.02,0.94,0.0,1116.0,550,556,10,49,50,1,235.0,0.02,3.2e-05,31763.0,,,,
6541,8000,77378,1.9097,0.0193,3.7095,3.603,0.0125,0.09,2.77,0.92,0.0,1133.0,516,608,9,46,54,1,231.0,0.02,3.2e-05,30580.0,,,,
6542,8000,77394,1.8702,0.008,3.6537,3.667,0.0095,0.08,2.77,0.93,0.0,1108.0,566,532,10,51,48,1,237.0,0.03,3.2e-05,31673.0,,,,
6543,8000,77411,1.8553,0.011,3.618,3.741,0.0107,0.08,3.13,0.93,0.0,1085.0,541,538,6,50,50,1,242.0,0.02,3.2e-05,31675.0,,,,
6544,8000,77428,1.855,0.0063,3.628,3.872,0.0086,0.07,4.12,0.93,0.0,1126.0,529,592,5,47,53,0,233.0,0.02,3.2e-05,31682.0,,,,
6545,8000,77444,1.8195,0.0247,3.5213,3.953,0.012,0.09,2.19,0.94,0.0,1019.0,511,496,12,50,49,1,257.0,0.02,3.2e-05,31681.0,,,,
6546,8000,77461,1.8201,0.0324,3.5072,3.962,0.0106,0.08,2.97,0.94,0.0,1002.0,512,479,11,51,48,1,262.0,0.04,3.2e-05,31698.0,,,,
6547,8000,77477,1.8226,0.0274,3.5217,3.926,0.0108,0.08,2.58,0.93,0.0,1023.0,539,476,8,53,47,1,256.0,0.05,3.2e-05,31663.0,,,,
6548,8000,77494,1.8403,0.0251,3.5626,3.883,0.0096,0.08,2.91,0.93,0.0,1003.0,513,474,16,51,47,2,261.0,0.05,3.2e-05,31773.0,,,,
6549,8000,77511,1.7901,0.0073,3.4993,3.913,0.0101,0.08,2.33,0.94,0.0,1026.0,532,471,23,52,46,2,256.0,0.05,3.2e-05,31704.0,154,0,358,30
6550,8000,77542,1.8306,-0.0015,3.5956,3.938,0.0084,0.07,3.24,0.94,0.0,1041.0,528,501,12,51,48,1,252.0,0.05,3.2e-05,31838.0,,,,
6551,8000,77559,1.8153,0.0077,3.5478,3.932,0.0094,0.08,2.82,0.94,0.0,1106.0,570,522,14,52,47,1,237.0,0.04,3.2e-05,31691.0,,,,
6552,8000,77576,1.8476,0.0184,3.5889,3.841,0.0106,0.08,2.6,0.93,0.0,1059.0,493,559,7,47,53,1,248.0,0.05,3.2e-05,31754.0,,,,
6553,8000,77592,1.8278,0.0094,3.5661,3.703,0.0113,0.09,2.24,0.94,0.0,1117.0,569,540,8,51,48,1,235.0,0.03,3.2e-05,31705.0,,,,
6554,8000,77609,1.8409,0.0223,3.5665,3.78,0.0095,0.08,2.39,0.94,0.0,1072.0,568,502,2,53,47,0,245.0,0.04,3.2e-05,31706.0,,,,
6555,8000,77625,1.8443,0.0175,3.5828,3.732,0.0097,0.08,2.43,0.94,0.0,1107.0,562,543,2,51,49,0,237.0,0.03,3.2e-05,31710.0,,,,
6556,8000,77642,1.8479,0.0101,3.6053,3.805,0.0094,0.08,3.06,0.94,0.0,1174.0,606,561,7,52,48,1,223.0,0.04,3.2e-05,31698.0,,,,
6557,8000,77659,1.8391,0.0199,3.5688,3.888,0.0099,0.08,2.82,0.94,0.0,1154.0,590,560,4,51,49,0,227.0,0.04,3.2e-05,31707.0,,,,
6558,8000,77675,1.8346,0.0044,3.5909,3.885,0.0096,0.08,2.96,0.94,0.0,1121.0,557,560,4,50,50,0,234.0,0.03,3.2e-05,31689.0,,,,
6559,8000,77692,1.8032,0.0082,3.5193,3.77,0.01,0.08,2.47,0.94,0.0,1091.0,559,528,4,51,48,0,240.0,0.02,3.2e-05,31687.0,,,,
6560,8000,77709,1.8036,0.0025,3.5322,3.843,0.0093,0.08,3.28,0.94,0.0,1101.0,574,521,6,52,47,1,238.0,0.02,3.2e-05,31697.0,,,,
6561,8000,77726,1.8947,0.0008,3.7175,3.801,0.0085,0.07,7.17,0.92,0.0,1052.0,513,528,11,49,50,1,249.0,0.02,3.2e-05,30599.0,,,,
6562,8000,77742,1.8546,0.0031,3.6326,3.781,0.0089,0.08,4.28,0.92,0.0,1003.0,515,483,5,51,48,0,261.0,0.01,3.2e-05,31716.0,,,,
6563,8000,77759,1.8572,0.0068,3.6299,3.683,0.01,0.08,3.07,0.92,0.0,1078.0,543,531,4,50,49,0,243.0,0.02,3.2e-05,31716.0,,,,
6564,8000,77776,1.9026,0.0339,3.6659,3.666,0.0105,0.09,2.7,0.92,0.0,1124.0,546,575,3,49,51,0,233.0,0.03,3.2e-05,31714.0,,,,
6565,8000,77792,1.8582,0.0203,3.6048,3.721,0.0097,0.09,2.57,0.93,0.0,1092.0,530,560,2,49,51,0,240.0,0.03,3.2e-05,31722.0,,,,
6566,8000,77809,1.8547,0.0174,3.6041,3.755,0.01,0.08,2.7,0.93,0.0,1078.0,521,550,7,48,51,1,243.0,0.02,3.2e-05,31723.0,,,,
6567,8000,77825,1.8422,0.0017,3.6105,3.774,0.0098,0.08,2.84,0.93,0.0,1038.0,491,542,5,47,52,0,253.0,0.02,3.2e-05,31748.0,,,,
6568,8000,77842,1.8044,0.0063,3.526,3.818,0.0092,0.08,2.73,0.94,0.0,1030.0,500,523,7,49,51,1,255.0,0.02,3.2e-05,31723.0,,,,
6569,8000,77859,1.814,0.0294,3.4994,3.878,0.0097,0.08,2.82,0.94,0.0,991.0,501,486,4,51,49,0,265.0,0.02,3.2e-05,31702.0,,,,
6570,8000,77875,1.8217,0.0369,3.5006,3.96,0.009,0.08,3.15,0.94,0.0,1005.0,475,525,5,47,52,0,261.0,0.04,3.2e-05,31708.0,,,,
6571,8000,77892,1.8011,0.0245,3.485,4.039,0.0095,0.08,3.22,0.94,0.0,1034.0,515,512,7,50,50,1,254.0,0.04,3.2e-05,31723.0,,,,
6572,8000,77908,1.8323,0.0277,3.5407,3.955,0.0102,0.09,2.34,0.94,0.0,1053.0,527,520,6,50,49,1,249.0,0.03,3.2e-05,31778.0,,,,
6573,8000,77925,1.856,0.016,3.6102,3.852,0.0102,0.08,2.41,0.93,0.0,1135.0,586,546,3,52,48,0,231.0,0.03,3.2e-05,31773.0,,,,
6574,8000,77941,1.8531,0.025,3.5865,3.823,0.0096,0.08,2.88,0.94,0.0,1139.0,566,567,6,50,50,1,230.0,0.02,3.2e-05,31711.0,,,,
6575,8000,77958,1.8404,0.0228,3.5656,3.865,0.0096,0.08,2.41,0.94,0.0,1094.0,542,549,3,50,50,0,240.0,0.01,3.2e-05,31715.0,,,,
6576,8000,77975,1.8469,0.0121,3.5995,3.796,0.0099,0.08,2.94,0.94,0.0,1097.0,555,542,0,51,49,0,239.0,0.02,3.2e-05,31711.0,,,,
6577,8000,77991,1.8527,0.0188,3.5972,3.737,0.0113,0.09,2.46,0.94,0.0,1190.0,606,581,3,51,49,0,220.0,0.02,3.2e-05,31766.0,,,,
6578,8000,78008,1.8966,0.0286,3.6649,3.677,0.0114,0.09,2.53,0.93,0.0,1211.0,613,594,4,51,49,0,216.0,0.02,3.2e-05,31704.0,,,,
6579,8000,78024,1.8935,0.0282,3.6602,3.687,0.0109,0.09,2.62,0.93,0.0,1250.0,586,660,4,47,53,0,210.0,0.02,3.2e-05,31713.0,,,,
6580,8000,78041,1.8824,0.0177,3.6592,3.731,0.009,0.08,2.77,0.93,0.0,1178.0,573,602,3,49,51,0,223.0,0.01,3.2e-05,31773.0,,,,
6581,8000,78058,1.9068,-0.0045,3.7511,3.614,0.0099,0.08,3.11,0.92,0.0,1249.0,587,657,5,47,53,0,210.0,0.01,3.2e-05,30644.0,,,,
6582,8000,78075,1.8927,0.009,3.6956,3.584,0.0099,0.09,2.84,0.92,0.0,1195.0,572,622,1,48,52,0,219.0,0.01,3.2e-05,31697.0,,,,
6583,8000,78091,1.8663,0.0003,3.6614,3.7,0.0106,0.08,2.53,0.93,0.0,1215.0,547,665,3,45,55,0,216.0,0.01,3.2e-05,31691.0,,,,
6584,8000,78108,1.8632,0.0066,3.6431,3.776,0.0103,0.08,2.66,0.93,0.0,1208.0,610,593,5,50,49,0,217.0,0.02,3.2e-05,31705.0,,,,
6585,8000,78125,1.8784,0.0195,3.6472,3.704,0.0096,0.08,2.26,0.93,0.0,1279.0,613,658,8,48,51,1,205.0,0.02,3.2e-05,31690.0,,,,
6586,8000,78141,1.9984,0.0067,3.9134,3.763,0.0105,0.08,21.27,0.93,0.0,1288.0,639,643,6,50,50,0,204.0,0.01,3.2e-05,31701.0,,,,
6587,8000,78158,2.1045,-0.0539,4.2482,4.012,0.0095,0.05,48.98,0.92,0.0,1249.0,616,631,2,49,51,0,210.0,0.01,3.2e-05,31716.0,,,,
6588,8000,78174,1.8703,-0.0092,3.6894,3.855,0.0069,0.06,8.69,0.93,0.0,1210.0,585,623,2,48,51,0,217.0,0.01,3.2e-05,31706.0,,,,
6589,8000,78191,1.7667,-0.0505,3.5653,3.932,0.0064,0.06,4.35,0.93,0.0,1213.0,616,597,0,51,49,0,216.0,0.01,3.1e-05,31704.0,,,,
6590,8000,78208,1.7999,-0.0627,3.6568,4.0,0.0087,0.07,5.11,0.93,0.0,1228.0,646,579,3,53,47,0,213.0,0.01,3.1e-05,31706.0,,,,
6591,8000,78224,1.7853,-0.0646,3.6316,4.056,0.0077,0.07,6.02,0.93,0.0,1217.0,610,607,0,50,50,0,215.0,0.01,3.1e-05,31697.0,,,,
6592,8000,78241,1.7933,-0.0585,3.6348,4.008,0.0083,0.07,4.97,0.93,0.0,1172.0,575,595,2,49,51,0,224.0,0.01,3.1e-05,31703.0,,,,
6593,8000,78257,1.7729,-0.0655,3.6074,3.932,0.0086,0.07,4.24,0.94,0.0,1193.0,570,623,0,48,52,0,220.0,0.01,3.1e-05,31699.0,,,,
6594,8000,78274,1.7841,-0.0542,3.6068,3.859,0.0106,0.08,3.17,0.93,0.0,1217.0,590,627,0,48,52,0,215.0,0.01,3.1e-05,31760.0,,,,
6595,8000,78291,1.7652,-0.0539,3.5694,3.983,0.0106,0.08,3.15,0.94,0.0,1163.0,574,589,0,49,51,0,225.0,0.01,3.1e-05,31702.0,,,,
6596,8000,78307,1.7482,-0.0353,3.4993,4.158,0.0118,0.08,2.47,0.94,0.0,1083.0,514,568,1,47,52,0,242.0,0.01,3.1e-05,31686.0,,,,
6597,8000,78324,1.7844,-0.022,3.5454,4.189,0.0092,0.07,3.95,0.94,0.0,1039.0,501,537,1,48,52,0,252.0,0.02,3.1e-05,31694.0,,,,
6598,8000,78340,1.7701,-0.0128,3.498,4.135,0.01,0.08,2.79,0.94,0.0,1063.0,539,523,1,51,49,0,247.0,0.03,3.1e-05,31762.0,,,,
6599,8000,78357,1.7924,-0.0044,3.5259,4.127,0.0098,0.07,3.23,0.94,0.0,1101.0,536,564,1,49,51,0,238.0,0.04,3.1e-05,31717.0,182,0,330,36
6600,8000,78389,1.8214,0.0111,3.5535,4.17,0.0101,0.07,3.04,0.94,0.0,1110.0,529,579,2,48,52,0,236.0,0.05,3.1e-05,31826.0,,,,
6601,8000,78406,1.8814,0.0263,3.6423,4.091,0.0101,0.08,3.63,0.93,0.0,1085.0,543,539,3,50,50,0,242.0,0.04,3.1e-05,30614.0,,,,
6602,8000,78423,1.8442,0.0031,3.6145,4.136,0.0096,0.07,3.06,0.93,0.0,1118.0,555,562,1,50,50,0,234.0,0.01,3.1e-05,31759.0,,,,
6603,8000,78439,1.8026,0.0093,3.5196,4.223,0.0093,0.07,3.35,0.94,0.0,1089.0,537,549,3,49,50,0,241.0,0.02,3.1e-05,31771.0,,,,
6604,8000,78456,1.7901,0.0151,3.4829,4.255,0.009,0.07,3.64,0.95,0.0,1045.0,482,563,0,46,54,0,251.0,0.02,3.1e-05,31693.0,,,,
6605,8000,78472,1.8394,0.0203,3.5713,4.215,0.0099,0.08,3.77,0.94,0.0,1083.0,550,531,2,51,49,0,242.0,0.02,3.1e-05,31694.0,,,,
6606,8000,78489,1.8342,0.0,3.6,4.056,0.0108,0.08,3.08,0.93,0.0,1136.0,551,581,4,49,51,0,231.0,0.02,3.1e-05,31742.0,,,,
6607,8000,78506,1.8306,0.0189,3.5554,4.091,0.0123,0.08,2.7,0.94,0.0,1077.0,513,561,3,48,52,0,243.0,0.02,3.1e-05,31688.0,,,,
6608,8000,78522,1.8336,0.0051,3.589,4.07,0.0105,0.08,2.63,0.94,0.0,1124.0,534,588,2,48,52,0,233.0,0.03,3.1e-05,31664.0,,,,
6609,8000,78539,1.8359,0.0151,3.5731,4.033,0.0098,0.08,3.22,0.94,0.0,1139.0,562,574,3,49,50,0,230.0,0.03,3.1e-05,31755.0,,,,
6610,8000,78555,1.8309,0.0067,3.5797,3.991,0.0107,0.08,3.05,0.94,0.0,1165.0,610,553,2,52,47,0,225.0,0.03,3.1e-05,31756.0,,,,
6611,8000,78572,1.828,0.0162,3.5544,3.945,0.01,0.08,2.56,0.94,0.0,1130.0,546,584,0,48,52,0,232.0,0.02,3.1e-05,31718.0,,,,
6612,8000,78589,1.8616,0.047,3.561,4.031,0.0122,0.08,2.99,0.94,0.0,1145.0,543,600,2,47,52,0,229.0,0.01,3.1e-05,31760.0,,,,
6613,8000,78605,1.9005,0.0329,3.6663,3.938,0.011,0.09,2.69,0.93,0.0,1268.0,588,679,1,46,54,0,207.0,0.02,3.1e-05,31722.0,,,,
6614,8000,78622,1.8805,0.0098,3.6714,3.81,0.0096,0.08,3.29,0.93,0.0,1214.0,588,626,0,48,52,0,216.0,0.01,3.1e-05,31761.0,,,,
6615,8000,78638,1.8865,0.0137,3.6761,3.877,0.0091,0.08,3.46,0.93,0.0,1221.0,629,590,2,52,48,0,215.0,0.01,3.1e-05,31752.0,,,,
6616,8000,78655,1.8675,0.018,3.63,3.955,0.0092,0.07,3.23,0.93,0.0,1203.0,565,638,0,47,53,0,218.0,0.01,3.1e-05,31689.0,,,,
6617,8000,78672,1.8434,0.0141,3.5897,3.957,0.0109,0.08,2.92,0.94,0.0,1217.0,601,615,1,49,51,0,215.0,0.01,3.1e-05,31759.0,,,,
6618,8000,78688,1.8376,0.0008,3.6046,3.947,0.0085,0.07,3.27,0.94,0.0,1209.0,605,602,2,50,50,0,217.0,0.01,3.1e-05,31696.0,,,,
6619,8000,78705,1.8363,0.0074,3.5886,3.93,0.011,0.08,2.98,0.94,0.0,1275.0,598,677,0,47,53,0,206.0,0.02,3.1e-05,31684.0,,,,
6620,8000,78721,1.8286,0.0105,3.5672,3.966,0.011,0.08,3.11,0.94,0.0,1210.0,584,625,1,48,52,0,217.0,0.01,3.1e-05,31682.0,,,,
6621,8000,78739,1.9073,0.0196,3.705,3.788,0.0116,0.09,2.6,0.92,0.0,1227.0,616,611,0,50,50,0,214.0,0.02,3.1e-05,30571.0,,,,
6622,8000,78755,1.8979,0.0282,3.6699,3.883,0.0112,0.09,2.7,0.92,0.0,1197.0,609,588,0,51,49,0,219.0,0.01,3.1e-05,31715.0,,,,
6623,8000,78772,1.873,0.0164,3.6436,3.917,0.0102,0.08,2.46,0.92,0.0,1220.0,621,599,0,51,49,0,215.0,0.01,3.1e-05,31710.0,,,,
6624,8000,78788,1.878,0.0267,3.6335,3.954,0.0108,0.08,2.77,0.93,0.0,1211.0,550,661,0,45,55,0,216.0,0.01,3.1e-05,31703.0,,,,
6625,8000,78805,1.8599,0.0373,3.5766,3.994,0.0105,0.08,2.55,0.93,0.0,1143.0,566,574,3,50,50,0,229.0,0.01,3.1e-05,31702.0,,,,
6626,8000,78822,1.8307,0.0179,3.557,4.023,0.0084,0.07,3.01,0.93,0.0,1122.0,546,576,0,49,51,0,234.0,0.02,3.1e-05,31698.0,,,,
6627,8000,78838,1.8582,0.0211,3.6047,3.873,0.0101,0.08,2.59,0.93,0.0,1152.0,544,605,3,47,53,0,228.0,0.02,3.1e-05,31707.0,,,,
6628,8000,78855,1.863,0.0184,3.6202,3.892,0.0093,0.08,2.95,0.93,0.0,1176.0,555,618,3,47,53,0,223.0,0.02,3.1e-05,31712.0,,,,
6629,8000,78871,1.8421,0.0009,3.6133,3.881,0.0091,0.08,2.98,0.93,0.0,1196.0,570,623,3,48,52,0,219.0,0.02,3.1e-05,31720.0,,,,
6630,8000,78888,1.8664,0.0064,3.6509,3.859,0.0093,0.08,2.62,0.93,0.0,1259.0,619,635,5,49,50,0,208.0,0.01,3.1e-05,31706.0,,,,
6631,8000,78905,1.8825,0.0027,3.6904,3.801,0.0093,0.08,3.49,0.93,0.0,1316.0,634,678,4,48,52,0,199.0,0.01,3.1e-05,31704.0,,,,
6632,8000,78921,1.8668,0.0055,3.6529,3.799,0.0111,0.09,2.55,0.93,0.0,1240.0,627,610,3,51,49,0,211.0,0.01,3.1e-05,31708.0,,,,
6633,8000,78938,1.8713,0.001,3.6709,3.832,0.0101,0.08,3.03,0.93,0.0,1272.0,658,614,0,52,48,0,206.0,0.01,3.1e-05,31713.0,,,,
6634,8000,78954,1.8507,0.0017,3.6286,3.829,0.011,0.08,2.5,0.93,0.0,1265.0,643,620,2,51,49,0,207.0,0.01,3.1e-05,31704.0,,,,
6635,8000,78971,1.8639,0.0151,3.6281,3.869,0.01,0.08,3.51,0.93,0.0,1224.0,577,644,3,47,53,0,214.0,0.01,3.1e-05,31715.0,,,,
6636,8000,78988,1.8877,0.0365,3.6339,4.004,0.0105,0.08,2.95,0.93,0.0,1231.0,566,663,2,46,54,0,213.0,0.01,3.1e-05,31699.0,,,,
6637,8000,79004,1.8362,0.0169,3.5697,3.974,0.0111,0.08,2.98,0.93,0.0,1131.0,553,576,2,49,51,0,232.0,0.01,3.1e-05,31713.0,,,,
6638,8000,79021,1.8323,0.0087,3.5782,3.939,0.012,0.08,2.87,0.94,0.0,1202.0,595,605,2,50,50,0,218.0,0.01,3.1e-05,31714.0,,,,
6639,8000,79037,1.873,0.0244,3.6281,3.897,0.0112,0.08,3.01,0.93,0.0,1279.0,643,634,2,50,50,0,205.0,0.01,3.1e-05,31703.0,,,,
6640,8000,79054,1.8468,0.0229,3.5791,3.994,0.0106,0.08,2.65,0.94,0.0,1160.0,552,607,1,48,52,0,226.0,0.0,3.1e-05,31720.0,,,,
6641,8000,79071,1.8745,0.0104,3.6595,3.946,0.0115,0.08,2.62,0.92,0.0,1205.0,640,563,2,53,47,0,218.0,0.01,3.1e-05,30585.0,,,,
6642,8000,79088,1.8148,-0.0043,3.5701,4.065,0.0112,0.08,2.76,0.93,0.0,1071.0,520,550,1,49,51,0,245.0,0.02,3.1e-05,31740.0,,,,
6643,8000,79104,1.8312,0.0037,3.5871,4.044,0.0123,0.08,2.37,0.93,0.0,1123.0,553,566,4,49,50,0,233.0,0.02,3.1e-05,31791.0,,,,
6644,8000,79121,1.8391,0.0278,3.5549,4.128,0.0111,0.08,2.76,0.93,0.0,1083.0,538,544,1,50,50,0,242.0,0.02,3.1e-05,31793.0,,,,
6645,8000,79137,1.8415,0.0377,3.5408,4.174,0.0111,0.08,2.42,0.93,0.0,1126.0,579,543,4,51,48,0,233.0,0.02,3.1e-05,31728.0,,,,
6646,8000,79154,1.8644,0.0424,3.5763,4.1,0.011,0.08,2.46,0.93,0.0,1140.0,560,576,4,49,51,0,230.0,0.01,3.1e-05,31765.0,,,,
6647,8000,79171,1.8348,0.0323,3.5377,4.111,0.0098,0.08,2.84,0.94,0.0,1132.0,563,565,4,50,50,0,232.0,0.01,3.1e-05,31706.0,,,,
6648,8000,79187,1.8194,0.0262,3.5198,4.196,0.009,0.07,2.97,0.94,0.0,1038.0,525,508,5,51,49,0,253.0,0.01,3.1e-05,31701.0,,,,
6649,8000,79204,1.8329,0.0362,3.5265,4.133,0.0095,0.07,3.57,0.94,0.0,1113.0,561,545,7,50,49,1,236.0,0.01,3.1e-05,31752.0,132,0,380,26
6650,8000,79236,1.8545,0.0352,3.5724,4.085,0.0105,0.07,3.18,0.93,0.0,1116.0,531,575,10,48,52,1,235.0,0.01,3.1e-05,31862.0,,,,
6651,8000,79252,1.845,0.0236,3.5764,4.049,0.0117,0.08,2.34,0.93,0.0,1131.0,545,573,13,48,51,1,232.0,0.01,3.1e-05,31717.0,,,,
6652,8000,79269,1.8484,0.0267,3.5766,4.062,0.0109,0.08,2.56,0.93,0.0,1127.0,537,578,12,48,51,1,233.0,0.01,3.1e-05,31723.0,,,,
6653,8000,79285,1.8236,0.0165,3.5488,4.114,0.0099,0.07,3.4,0.93,0.0,1111.0,551,546,14,50,49,1,236.0,0.01,3.1e-05,31679.0,,,,
6654,8000,79302,1.8375,0.0295,3.5497,4.182,0.0097,0.07,2.9,0.93,0.0,1111.0,592,508,11,53,46,1,236.0,0.02,3.1e-05,31712.0,,,,
6655,8000,79319,1.8475,0.0291,3.5699,4.15,0.0104,0.07,3.82,0.93,0.0,1132.0,546,579,7,48,51,1,232.0,0.01,3.1e-05,31723.0,,,,
6656,8000,79335,1.8459,0.0294,3.5661,4.148,0.0104,0.08,2.85,0.93,0.0,1123.0,555,557,11,49,50,1,233.0,0.01,3.1e-05,31720.0,,,,
6657,8000,79352,1.8503,0.0318,3.5719,4.138,0.0114,0.08,2.9,0.93,0.0,1090.0,580,493,17,53,45,2,240.0,0.01,3.1e-05,31711.0,,,,
6658,8000,79368,1.8499,0.0293,3.573,4.05,0.013,0.09,2.67,0.93,0.0,1124.0,562,561,1,50,50,0,233.0,0.01,3.1e-05,31714.0,,,,
6659,8000,79385,1.8463,0.0426,3.5399,4.106,0.0115,0.08,3.21,0.93,0.0,1100.0,558,533,9,51,48,1,238.0,0.01,3.1e-05,31725.0,,,,
6660,8000,79402,1.8682,0.0393,3.5902,4.088,0.0119,0.08,2.6,0.93,0.0,1159.0,600,549,10,52,47,1,226.0,0.01,3.1e-05,31740.0,,,,
6661,8000,79419,1.8956,0.0267,3.6692,3.929,0.0135,0.09,2.79,0.92,0.0,1199.0,618,567,14,52,47,1,219.0,0.01,3.1e-05,30595.0,,,,
6662,8000,79435,1.9074,0.0164,3.7127,3.885,0.013,0.09,2.41,0.92,0.0,1274.0,676,588,10,53,46,1,206.0,0.02,3.1e-05,31696.0,,,,
6663,8000,79452,1.9293,0.0314,3.7264,3.836,0.013,0.09,2.63,0.91,0.0,1332.0,693,630,9,52,47,1,197.0,0.01,3.1e-05,31701.0,,,,
6664,8000,79469,1.9141,0.03,3.6988,3.877,0.0116,0.08,2.16,0.92,0.0,1303.0,665,634,4,51,49,0,201.0,0.02,3.1e-05,31726.0,,,,
6665,8000,79485,1.8857,0.0063,3.6894,3.888,0.0127,0.09,2.41,0.91,0.0,1295.0,643,652,0,50,50,0,202.0,0.01,3.1e-05,31733.0,,,,
6666,8000,79502,1.8984,0.0234,3.6801,3.775,0.0133,0.09,2.35,0.92,0.0,1313.0,676,636,1,51,48,0,200.0,0.01,3.1e-05,31722.0,,,,
6667,8000,79518,1.9192,0.0417,3.6853,3.808,0.0131,0.09,2.94,0.92,0.0,1265.0,667,597,1,53,47,0,207.0,0.01,3.1e-05,31724.0,,,,
6668,8000,79535,1.9034,0.0284,3.6807,3.862,0.0126,0.08,2.7,0.93,0.0,1309.0,674,632,3,51,48,0,200.0,0.01,3.1e-05,31740.0,,,,
6669,8000,79551,1.8935,0.0126,3.6922,3.825,0.0113,0.08,2.77,0.92,0.0,1319.0,698,621,0,53,47,0,199.0,0.01,3.1e-05,31731.0,,,,
6670,8000,79568,1.88,0.0066,3.6771,3.816,0.0132,0.09,2.3,0.92,0.0,1326.0,679,647,0,51,49,0,198.0,0.01,3.1e-05,31717.0,,,,
6671,8000,79585,1.8632,0.0094,3.6382,3.868,0.0111,0.08,2.28,0.93,0.0,1265.0,634,629,2,50,50,0,207.0,0.02,3.1e-05,31726.0,,,,
6672,8000,79601,1.8604,0.0052,3.6418,3.912,0.0095,0.08,2.59,0.93,0.0,1244.0,654,588,2,53,47,0,211.0,0.01,3.1e-05,31731.0,,,,
6673,8000,79618,1.8558,0.0153,3.6126,3.986,0.0113,0.08,2.47,0.93,0.0,1211.0,631,578,2,52,48,0,216.0,0.01,3.1e-05,31720.0,,,,
6674,8000,79634,1.8741,0.0198,3.6397,3.926,0.0099,0.07,2.55,0.93,0.0,1254.0,633,621,0,50,50,0,209.0,0.01,3.1e-05,31728.0,,,,
6675,8000,79651,1.8969,0.0103,3.7039,3.857,0.0095,0.07,2.97,0.93,0.0,1281.0,675,604,2,53,47,0,205.0,0.01,3.1e-05,31784.0,,,,
6676,8000,79668,1.8757,0.0232,3.6365,3.892,0.0094,0.07,2.49,0.93,0.0,1237.0,625,606,6,51,49,0,212.0,0.01,3.1e-05,31731.0,,,,
6677,8000,79684,1.8639,0.0025,3.654,3.92,0.0096,0.07,2.79,0.93,0.0,1259.0,687,570,2,55,45,0,208.0,0.01,3.1e-05,31722.0,,,,
6678,8000,79701,1.8673,0.017,3.6318,3.928,0.0101,0.08,3.18,0.93,0.0,1220.0,656,562,2,54,46,0,215.0,0.01,3.1e-05,31744.0,,,,
6679,8000,79717,1.8555,0.0114,3.6196,3.964,0.0109,0.08,2.86,0.94,0.0,1237.0,643,594,0,52,48,0,212.0,0.01,3.1e-05,31756.0,,,,
6680,8000,79734,1.8498,-0.0161,3.663,3.894,0.0095,0.08,2.97,0.93,0.0,1186.0,637,546,3,54,46,0,221.0,0.01,3.1e-05,31773.0,,,,
6681,8000,79751,1.8821,-0.0083,3.7112,3.836,0.0121,0.09,2.19,0.92,0.0,1163.0,610,551,2,52,47,0,225.0,0.02,3.1e-05,30625.0,,,,
6682,8000,79768,1.8596,-0.0181,3.6863,3.883,0.0111,0.09,3.08,0.92,0.0,1126.0,568,554,4,50,49,0,233.0,0.03,3.1e-05,31693.0,,,,
6683,8000,79784,1.8393,-0.0119,3.6342,3.989,0.0111,0.08,2.36,0.92,0.0,1104.0,517,584,3,47,53,0,237.0,0.03,3.1e-05,31771.0,,,,
6684,8000,79801,1.8629,0.0059,3.6451,3.904,0.0109,0.08,2.23,0.92,0.0,1166.0,537,627,2,46,54,0,225.0,0.04,3.1e-05,31790.0,,,,
6685,8000,79817,1.8854,0.0151,3.6715,3.895,0.0121,0.09,2.64,0.92,0.0,1159.0,550,606,3,47,52,0,226.0,0.03,3.1e-05,31767.0,,,,
6686,8000,79834,1.8842,0.0179,3.6631,3.873,0.0092,0.08,3.0,0.92,0.0,1124.0,545,577,2,48,51,0,233.0,0.04,3.1e-05,31764.0,,,,
6687,8000,79850,1.899,0.0306,3.6677,3.885,0.0101,0.08,2.92,0.92,0.0,1129.0,529,596,4,47,53,0,232.0,0.04,3.1e-05,31809.0,,,,
6688,8000,79867,1.9042,0.018,3.7027,3.819,0.0099,0.08,2.51,0.92,0.0,1251.0,597,652,2,48,52,0,210.0,0.04,3.1e-05,31787.0,,,,
6689,8000,79883,1.8635,0.0023,3.6532,3.877,0.0093,0.08,2.47,0.93,0.0,1183.0,553,629,1,47,53,0,222.0,0.02,3.1e-05,31792.0,,,,
6690,8000,79900,1.8608,-0.0085,3.6698,3.912,0.0103,0.08,2.48,0.93,0.0,1178.0,553,619,6,47,53,1,223.0,0.03,3.1e-05,31820.0,,,,
6691,8000,79917,1.9011,0.012,3.7084,3.758,0.0107,0.08,2.46,0.92,0.0,1267.0,608,654,5,48,52,0,207.0,0.03,3.1e-05,31764.0,,,,
6692,8000,79933,1.9004,0.0256,3.6801,3.848,0.0111,0.08,2.49,0.93,0.0,1216.0,609,607,0,50,50,0,216.0,0.02,3.1e-05,31769.0,,,,
6693,8000,79950,1.904,0.0179,3.7029,3.87,0.0091,0.07,3.6,0.93,0.0,1186.0,595,591,0,50,50,0,221.0,0.02,3.1e-05,31771.0,,,,
6694,8000,79966,1.8705,0.0101,3.6511,3.808,0.0104,0.08,2.42,0.93,0.0,1178.0,544,634,0,46,54,0,223.0,0.03,3.1e-05,31764.0,,,,
6695,8000,79983,1.8757,0.0015,3.6782,3.766,0.0103,0.08,3.1,0.93,0.0,1212.0,602,607,3,50,50,0,216.0,0.02,3.1e-05,31750.0,,,,
6696,8000,79999,1.837,0.0112,3.5822,3.871,0.0112,0.08,2.97,0.93,0.0,1193.0,596,594,3,50,50,0,220.0,0.01,3.1e-05,31761.0,,,,
6697,8000,80016,1.8987,0.016,3.6957,3.824,0.0101,0.08,3.0,0.92,0.0,1211.0,572,636,3,47,53,0,216.0,0.01,3.1e-05,31762.0,,,,
6698,8000,80033,1.8975,0.0174,3.6902,3.781,0.011,0.09,2.79,0.93,0.0,1201.0,570,630,1,47,52,0,218.0,0.01,3.1e-05,31749.0,,,,
6699,8000,80049,1.8818,-0.0052,3.703,3.655,0.0118,0.09,2.63,0.93,0.0,1279.0,616,662,1,48,52,0,205.0,0.01,3.1e-05,31753.0,168,0,344,33
6700,8000,80081,1.8767,-0.0204,3.7236,3.682,0.0125,0.09,2.29,0.92,0.0,1306.0,630,675,1,48,52,0,201.0,0.01,3.1e-05,31901.0,,,,
6701,8000,80098,1.952,-0.002,3.837,3.651,0.0121,0.09,2.77,0.9,0.0,1279.0,608,669,2,48,52,0,205.0,0.01,3.1e-05,30573.0,,,,
6702,8000,80115,1.895,-0.006,3.7309,3.655,0.0116,0.09,2.14,0.91,0.0,1277.0,609,667,1,48,52,0,205.0,0.01,3.1e-05,31688.0,,,,
6703,8000,80132,1.8572,-0.0144,3.6732,3.79,0.0114,0.09,2.27,0.92,0.0,1225.0,610,613,2,50,50,0,214.0,0.01,3.1e-05,31693.0,,,,
6704,8000,80148,1.8362,-0.0245,3.6519,3.837,0.0111,0.08,2.48,0.92,0.0,1171.0,596,573,2,51,49,0,224.0,0.01,3.1e-05,31754.0,,,,
6705,8000,80165,1.8832,0.0034,3.6892,3.737,0.0112,0.08,2.31,0.92,0.0,1207.0,610,595,2,51,49,0,217.0,0.01,3.1e-05,31703.0,,,,
6706,8000,80181,1.8787,0.0078,3.6711,3.722,0.0133,0.09,2.25,0.92,0.0,1192.0,566,624,2,47,52,0,220.0,0.01,3.1e-05,31756.0,,,,
6707,8000,80198,1.8605,-0.0006,3.6519,3.764,0.0119,0.09,2.39,0.92,0.0,1192.0,571,620,1,48,52,0,220.0,0.01,3.1e-05,31685.0,,,,
6708,8000,80215,1.8686,-0.0068,3.6807,3.762,0.012,0.09,2.31,0.93,0.0,1222.0,602,620,0,49,51,0,215.0,0.01,3.1e-05,31713.0,,,,
6709,8000,80231,1.8789,0.0065,3.6751,3.83,0.0118,0.09,2.47,0.93,0.0,1230.0,588,639,3,48,52,0,213.0,0.01,3.1e-05,31711.0,,,,
6710,8000,80248,1.9059,0.0248,3.692,3.737,0.0121,0.09,2.45,0.93,0.0,1232.0,608,622,2,49,50,0,213.0,0.01,3.1e-05,31697.0,,,,
6711,8000,80264,1.8856,0.0198,3.6612,3.734,0.0119,0.09,2.57,0.93,0.0,1170.0,530,638,2,45,55,0,224.0,0.01,3.1e-05,31701.0,,,,
6712,8000,80281,1.8783,0.012,3.6618,3.692,0.0111,0.08,2.57,0.93,0.0,1205.0,575,629,1,48,52,0,218.0,0.01,3.1e-05,31689.0,,,,
6713,8000,80298,1.9125,0.02,3.7143,3.691,0.0097,0.08,3.47,0.93,0.0,1213.0,582,631,0,48,52,0,216.0,0.01,3.1e-05,31688.0,,,,
6714,8000,80314,1.9084,0.0253,3.6952,3.668,0.0115,0.08,3.34,0.93,0.0,1166.0,565,599,2,48,51,0,225.0,0.01,3.1e-05,31687.0,,,,
6715,8000,80331,1.8711,0.0103,3.6505,3.646,0.0087,0.07,4.08,0.94,0.0,1190.0,563,625,2,47,53,0,220.0,0.01,3.1e-05,31694.0,,,,
6716,8000,80347,1.8879,0.0153,3.6747,3.704,0.0093,0.08,4.16,0.93,0.0,1178.0,569,607,2,48,52,0,223.0,0.01,3.1e-05,31709.0,,,,
6717,8000,80364,1.861,-0.0044,3.6604,3.665,0.0122,0.09,2.5,0.93,0.0,1213.0,543,664,6,45,55,0,216.0,0.01,3.1e-05,31704.0,,,,
6718,8000,80381,1.8634,0.0014,3.6533,3.637,0.0105,0.08,2.68,0.93,0.0,1222.0,591,624,7,48,51,1,215.0,0.0,3.1e-05,31689.0,,,,
6719,8000,80397,1.8828,0.0228,3.6501,3.712,0.0126,0.09,2.79,0.93,0.0,1212.0,591,616,5,49,51,0,216.0,0.0,3.1e-05,31698.0,,,,
6720,8000,80414,1.8849,0.025,3.6505,3.734,0.0112,0.08,2.73,0.93,0.0,1217.0,589,621,7,48,51,1,215.0,0.01,3.1e-05,31693.0,,,,
6721,8000,80431,1.9497,0.0263,3.777,3.756,0.0135,0.09,2.83,0.91,0.0,1284.0,612,662,10,48,52,1,204.0,0.01,3.1e-05,30586.0,,,,
6722,8000,80447,1.9184,0.0206,3.7265,3.815,0.0131,0.09,2.65,0.91,0.0,1232.0,572,652,8,46,53,1,213.0,0.01,3.1e-05,31751.0,,,,
6723,8000,80464,1.8781,0.0131,3.6621,3.984,0.0109,0.08,2.53,0.92,0.0,1230.0,580,645,5,47,52,0,213.0,0.01,3.1e-05,31756.0,,,,
6724,8000,80481,1.8828,0.0246,3.6487,4.049,0.0117,0.08,2.9,0.91,0.0,1246.0,594,650,2,48,52,0,210.0,0.01,3.1e-05,31672.0,,,,
6725,8000,80497,1.8683,0.0295,3.6104,4.088,0.0105,0.08,2.75,0.92,0.0,1099.0,515,568,16,47,52,1,239.0,0.01,3.1e-05,31693.0,,,,
6726,8000,80514,1.8363,0.0168,3.5711,4.027,0.0115,0.08,2.62,0.92,0.0,1053.0,511,534,8,49,51,1,249.0,0.01,3.1e-05,31703.0,,,,
6727,8000,80530,1.8238,0.0163,3.5468,3.984,0.0106,0.08,2.4,0.93,0.0,1101.0,548,533,20,50,48,2,238.0,0.01,3.1e-05,31672.0,,,,
6728,8000,80547,1.8272,0.0071,3.5722,3.996,0.0101,0.08,3.25,0.93,0.0,1106.0,551,539,16,50,49,1,237.0,0.02,3.1e-05,31761.0,,,,
6729,8000,80564,1.8558,0.0191,3.6063,4.055,0.0115,0.08,2.57,0.92,0.0,1149.0,556,576,17,48,50,1,228.0,0.01,3.1e-05,31688.0,,,,
6730,8000,80580,1.8491,0.0176,3.5954,3.978,0.0101,0.08,2.67,0.93,0.0,1138.0,553,572,13,49,50,1,230.0,0.01,3.1e-05,31671.0,,,,
6731,8000,80597,1.8434,0.0045,3.6101,4.018,0.0108,0.08,2.73,0.92,0.0,1166.0,586,572,8,50,49,1,225.0,0.01,3.1e-05,31688.0,,,,
6732,8000,80614,1.7971,0.0104,3.506,4.06,0.0125,0.08,2.26,0.93,0.0,1077.0,547,518,12,51,48,1,243.0,0.01,3.1e-05,31671.0,,,,
6733,8000,80630,1.8091,0.0143,3.5224,4.058,0.0112,0.08,2.36,0.93,0.0,1125.0,534,580,11,47,52,1,233.0,0.02,3.1e-05,31749.0,,,,
6734,8000,80647,1.8424,0.0035,3.6096,3.949,0.0127,0.08,2.64,0.92,0.0,1168.0,575,588,5,49,50,0,224.0,0.02,3.1e-05,31746.0,,,,
6735,8000,80663,1.8351,0.0047,3.5928,3.967,0.0114,0.08,2.21,0.93,0.0,1182.0,585,584,13,49,49,1,222.0,0.01,3.1e-05,31683.0,,,,
6736,8000,80680,1.8051,-0.0059,3.5545,4.032,0.0103,0.07,2.65,0.94,0.0,1162.0,570,585,7,49,50,1,226.0,0.01,3.1e-05,31752.0,,,,
6737,8000,80696,1.8202,-0.0071,3.5872,4.053,0.011,0.07,2.21,0.93,0.0,1169.0,599,567,3,51,49,0,224.0,0.02,3.1e-05,31679.0,,,,
6738,8000,80713,1.8428,0.002,3.6138,4.024,0.0111,0.07,2.81,0.93,0.0,1173.0,586,585,2,50,50,0,223.0,0.01,3.1e-05,31697.0,,,,
6739,8000,80730,1.8217,0.0073,3.5618,4.058,0.011,0.07,2.6,0.94,0.0,1187.0,585,599,3,49,50,0,221.0,0.01,3.1e-05,31758.0,,,,
6740,8000,80746,1.8277,0.0093,3.5709,4.18,0.0113,0.07,3.04,0.94,0.0,1131.0,571,553,7,50,49,1,232.0,0.01,3.1e-05,31691.0,,,,
6741,8000,80763,1.8676,0.023,3.6225,4.027,0.0133,0.08,2.46,0.92,0.0,1120.0,578,535,7,52,48,1,234.0,0.01,3.1e-05,30641.0,,,,
6742,8000,80780,1.8826,0.0123,3.6733,4.007,0.0119,0.08,2.54,0.92,0.0,1194.0,578,609,7,48,51,1,220.0,0.01,3.1e-05,31771.0,,,,
6743,8000,80797,1.8566,-0.0053,3.6562,3.991,0.011,0.08,2.23,0.92,0.0,1330.0,604,718,8,45,54,1,197.0,0.02,3.1e-05,31717.0,,,,
6744,8000,80813,1.8633,-0.0027,3.6651,4.032,0.0125,0.08,2.49,0.92,0.0,1349.0,667,671,11,49,50,1,194.0,0.02,3.1e-05,31735.0,,,,
6745,8000,80830,1.8991,0.0152,3.7,4.022,0.0116,0.08,2.4,0.92,0.0,1315.0,657,658,0,50,50,0,199.0,0.01,3.1e-05,31731.0,,,,
6746,8000,80846,1.8531,0.0052,3.6283,4.05,0.0099,0.07,1.96,0.93,0.0,1306.0,655,651,0,50,50,0,201.0,0.01,3.1e-05,31759.0,,,,
6747,8000,80863,1.8735,0.0008,3.6779,3.992,0.0123,0.08,2.81,0.93,0.0,1307.0,640,663,4,49,51,0,201.0,0.01,3.1e-05,31751.0,,,,
6748,8000,80880,1.8756,0.0023,3.6788,3.973,0.0096,0.08,2.25,0.93,0.0,1321.0,628,690,3,48,52,0,198.0,0.01,3.1e-05,31728.0,,,,
6749,8000,80896,1.873,0.0183,3.6421,3.998,0.01,0.07,2.11,0.93,0.0,1305.0,651,651,3,50,50,0,201.0,0.01,3.1e-05,31754.0,237,0,275,46
6750,8000,80928,1.894,0.0205,3.6793,4.002,0.0104,0.07,2.8,0.93,0.0,1281.0,651,629,1,51,49,0,205.0,0.02,3.1e-05,31891.0,,,,
6751,8000,80945,1.9242,0.04,3.6991,3.827,0.0101,0.08,2.44,0.93,0.0,1291.0,659,627,5,51,49,0,203.0,0.02,3.1e-05,31804.0,,,,
6752,8000,80961,1.9394,0.0379,3.7338,3.779,0.0108,0.08,2.35,0.92,0.0,1356.0,671,685,0,49,51,0,193.0,0.01,3.1e-05,31732.0,,,,
6753,8000,80978,1.931,0.0281,3.7368,3.816,0.0102,0.08,3.26,0.93,0.0,1352.0,705,646,1,52,48,0,194.0,0.01,3.1e-05,31761.0,,,,
6754,8000,80994,1.9069,0.024,3.697,3.858,0.0098,0.08,2.8,0.93,0.0,1320.0,670,649,1,51,49,0,199.0,0.0,3.1e-05,31741.0,,,,
6755,8000,81011,1.8976,0.0371,3.6526,3.895,0.0102,0.08,2.22,0.93,0.0,1303.0,692,611,0,53,47,0,201.0,0.01,3.1e-05,31774.0,,,,
6756,8000,81027,1.9042,0.0292,3.6816,3.884,0.0106,0.08,2.47,0.93,0.0,1311.0,695,614,2,53,47,0,200.0,0.01,3.1e-05,31731.0,,,,
6757,8000,81044,1.8752,0.0154,3.6513,3.902,0.0119,0.08,2.31,0.94,0.0,1284.0,628,655,1,49,51,0,204.0,0.01,3.1e-05,31744.0,,,,
6758,8000,81061,1.8749,0.0188,3.6437,3.885,0.0098,0.07,3.19,0.94,0.0,1175.0,588,586,1,50,50,0,223.0,0.01,3.1e-05,31761.0,,,,
6759,8000,81077,1.8756,0.0247,3.6338,3.918,0.0108,0.08,2.27,0.94,0.0,1242.0,614,625,3,49,50,0,211.0,0.02,3.1e-05,31749.0,,,,
6760,8000,81094,1.8696,0.0269,3.6176,3.946,0.012,0.08,2.31,0.94,0.0,1257.0,640,609,8,51,48,1,209.0,0.01,3.1e-05,31756.0,,,,
6761,8000,81111,1.9371,0.0175,3.7708,3.859,0.0129,0.09,2.45,0.92,0.0,1244.0,609,618,17,49,50,1,211.0,0.01,3.1e-05,30583.0,,,,
6762,8000,81127,1.9278,0.0139,3.759,3.838,0.0113,0.08,2.27,0.92,0.0,1293.0,672,618,3,52,48,0,203.0,0.01,3.1e-05,31766.0,,,,
6763,8000,81144,1.9287,0.0316,3.7266,3.972,0.0119,0.08,2.28,0.91,0.0,1281.0,661,616,4,52,48,0,205.0,0.01,3.1e-05,31707.0,,,,
6764,8000,81161,1.8756,0.0068,3.6692,3.937,0.0101,0.08,2.49,0.92,0.0,1113.0,569,535,9,51,48,1,236.0,0.02,3.1e-05,31711.0,,,,
6765,8000,81177,1.8721,-0.0009,3.6778,3.868,0.0104,0.08,2.81,0.92,0.0,1206.0,632,568,6,52,47,0,217.0,0.01,3.1e-05,31727.0,,,,
6766,8000,81194,1.8963,0.0152,3.693,3.812,0.0114,0.08,2.53,0.93,0.0,1258.0,642,613,3,51,49,0,208.0,0.01,3.1e-05,31759.0,,,,
6767,8000,81210,1.8998,0.0159,3.6988,3.831,0.0109,0.08,2.53,0.93,0.0,1247.0,644,600,3,52,48,0,210.0,0.01,3.1e-05,31684.0,,,,
6768,8000,81227,1.8712,0.0067,3.6601,3.829,0.0114,0.08,2.15,0.93,0.0,1213.0,633,576,4,52,47,0,216.0,0.01,3.1e-05,31707.0,,,,
6769,8000,81244,1.8636,-0.0079,3.6744,3.859,0.0093,0.07,2.97,0.93,0.0,1249.0,634,611,4,51,49,0,210.0,0.01,3.1e-05,31702.0,,,,
6770,8000,81260,1.8921,0.0004,3.7147,3.795,0.0104,0.08,2.43,0.92,0.0,1279.0,621,648,10,49,51,1,205.0,0.01,3.1e-05,31703.0,,,,
6771,8000,81277,1.8996,0.0122,3.7048,3.685,0.0119,0.09,2.3,0.93,0.0,1257.0,624,624,9,50,50,1,209.0,0.0,3.1e-05,31694.0,,,,
6772,8000,81293,1.919,0.028,3.7123,3.724,0.0129,0.08,2.7,0.93,0.0,1264.0,638,620,6,50,49,0,207.0,0.01,3.1e-05,31705.0,,,,
6773,8000,81310,1.8915,-0.0077,3.7289,3.754,0.0101,0.08,3.18,0.93,0.0,1302.0,667,631,4,51,48,0,201.0,0.01,3.1e-05,31711.0,,,,
6774,8000,81327,1.8841,-0.0064,3.7114,3.703,0.0109,0.08,2.44,0.93,0.0,1238.0,611,623,4,49,50,0,212.0,0.01,3.1e-05,31699.0,,,,
6775,8000,81343,1.8617,-0.0163,3.686,3.706,0.0111,0.09,2.58,0.93,0.0,1272.0,613,657,2,48,52,0,206.0,0.02,3.1e-05,31683.0,,,,
6776,8000,81360,1.8645,-0.0189,3.6972,3.691,0.0108,0.08,2.39,0.93,0.0,1271.0,639,624,8,50,49,1,206.0,0.01,3.1e-05,31693.0,,,,
6777,8000,81376,1.8465,-0.0184,3.6608,3.808,0.01,0.08,2.5,0.93,0.0,1243.0,613,625,5,49,50,0,211.0,0.01,3.1e-05,31696.0,,,,
6778,8000,81393,1.8859,0.0041,3.694,3.742,0.0118,0.08,2.72,0.94,0.0,1236.0,625,608,3,51,49,0,212.0,0.01,3.1e-05,31765.0,,,,
6779,8000,81410,1.8602,0.0063,3.639,3.894,0.0111,0.08,2.73,0.94,0.0,1261.0,646,614,1,51,49,0,208.0,0.01,3.1e-05,31699.0,,,,
6780,8000,81426,1.8357,0.0071,3.5895,3.938,0.0108,0.07,2.48,0.94,0.0,1192.0,644,541,7,54,45,1,220.0,0.01,3.1e-05,31704.0,,,,
6781,8000,81444,1.8942,-0.0044,3.7276,3.802,0.0139,0.09,2.46,0.92,0.0,1216.0,590,625,1,49,51,0,216.0,0.01,3.1e-05,30555.0,,,,
6782,8000,81460,1.8568,-0.0069,3.6587,3.826,0.0128,0.09,2.44,0.92,0.0,1216.0,570,642,4,47,53,0,216.0,0.01,3.1e-05,31763.0,,,,
6783,8000,81477,1.8317,-0.0126,3.6202,3.899,0.0105,0.08,2.49,0.93,0.0,1195.0,540,651,4,45,54,0,219.0,0.02,3.1e-05,31689.0,,,,
6784,8000,81493,1.8733,0.007,3.6639,3.832,0.0115,0.08,2.62,0.93,0.0,1223.0,533,682,8,44,56,1,214.0,0.02,3.1e-05,31715.0,,,,
6785,8000,81510,1.8808,0.0101,3.6728,3.853,0.0114,0.08,2.49,0.93,0.0,1235.0,590,642,3,48,52,0,212.0,0.02,3e-05,31683.0,,,,
6786,8000,81527,1.8748,0.0113,3.6574,3.76,0.0102,0.08,2.64,0.93,0.0,1308.0,641,665,2,49,51,0,200.0,0.02,3e-05,31704.0,,,,
6787,8000,81543,1.841,-0.0188,3.65,3.765,0.0224,0.08,2.26,0.93,0.0,1254.0,602,650,2,48,52,0,209.0,0.01,3e-05,31735.0,,,,
6788,8000,81560,1.8404,0.0113,3.5893,3.841,0.0097,0.08,2.45,0.94,0.0,1197.0,563,630,4,47,53,0,219.0,0.01,3e-05,31696.0,,,,
6789,8000,81576,1.8445,0.0186,3.5835,3.809,0.01,0.08,2.73,0.94,0.0,1158.0,583,571,4,50,49,0,226.0,0.01,3e-05,31683.0,,,,
6790,8000,81593,1.8871,0.0181,3.6687,3.757,0.01,0.08,2.88,0.93,0.0,1194.0,615,575,4,52,48,0,220.0,0.01,3e-05,31690.0,,,,
6791,8000,81610,1.8576,0.0106,3.6244,3.701,0.0117,0.09,2.57,0.94,0.0,1234.0,609,621,4,49,50,0,212.0,0.01,3e-05,31704.0,,,,
6792,8000,81626,1.851,0.0053,3.6217,3.668,0.0134,0.09,2.82,0.94,0.0,1211.0,589,618,4,49,51,0,216.0,0.01,3e-05,31740.0,,,,
6793,8000,81643,1.8458,0.0155,3.5903,3.685,0.012,0.09,2.52,0.94,0.0,1187.0,571,615,1,48,52,0,221.0,0.02,3e-05,31682.0,,,,
6794,8000,81659,1.8619,0.0233,3.6066,3.645,0.0107,0.09,2.67,0.94,0.0,1170.0,583,586,1,50,50,0,224.0,0.01,3e-05,31696.0,,,,
6795,8000,81676,1.8389,0.0129,3.581,3.592,0.0112,0.09,2.79,0.94,0.0,1208.0,592,612,4,49,51,0,217.0,0.02,3e-05,31675.0,,,,
6796,8000,81693,1.8503,0.0129,3.6036,3.545,0.0122,0.09,2.53,0.94,0.0,1215.0,605,605,5,50,50,0,216.0,0.01,3e-05,31752.0,,,,
6797,8000,81709,1.8898,0.0215,3.6655,3.576,0.0123,0.09,2.77,0.93,0.0,1264.0,613,649,2,48,51,0,207.0,0.0,3e-05,31696.0,,,,
6798,8000,81726,1.8638,-0.0022,3.6608,3.584,0.011,0.09,3.52,0.94,0.0,1200.0,582,616,2,48,51,0,218.0,0.0,3e-05,31712.0,,,,
6799,8000,81743,1.8826,-0.001,3.6966,3.635,0.0114,0.08,3.91,0.93,0.0,1248.0,615,632,1,49,51,0,210.0,0.01,3e-05,31687.0,243,0,269,47
6800,8000,81774,1.8785,0.0218,3.6428,3.587,0.0118,0.09,2.7,0.94,0.0,1221.0,603,615,3,49,50,0,215.0,0.01,3e-05,31839.0,,,,
6801,8000,81792,1.9543,0.0511,3.7361,3.656,0.0138,0.09,2.61,0.93,0.0,1214.0,600,612,2,49,50,0,216.0,0.01,3e-05,30540.0,,,,
6802,8000,81808,1.8981,0.025,3.6758,3.686,0.01,0.08,2.86,0.93,0.0,1234.0,602,629,3,49,51,0,212.0,0.01,3e-05,31749.0,,,,
6803,8000,81825,1.8643,0.0051,3.649,3.8,0.0115,0.08,2.67,0.93,0.0,1219.0,593,620,6,49,51,0,215.0,0.01,3e-05,31763.0,,,,
6804,8000,81842,1.8735,0.0144,3.6486,3.808,0.0108,0.08,2.81,0.93,0.0,1204.0,545,657,2,45,55,0,218.0,0.0,3e-05,31671.0,,,,
6805,8000,81858,1.861,0.0248,3.6031,3.809,0.0101,0.08,2.63,0.93,0.0,1182.0,555,625,2,47,53,0,222.0,0.0,3e-05,31680.0,,,,
6806,8000,81875,1.8533,0.0192,3.5992,3.88,0.0107,0.09,2.62,0.93,0.0,1064.0,484,578,2,45,54,0,246.0,0.01,3e-05,31755.0,,,,
6807,8000,81891,1.8692,0.0157,3.6381,3.86,0.0106,0.08,3.81,0.92,0.0,1156.0,567,583,6,49,50,1,227.0,0.01,3e-05,31678.0,,,,
6808,8000,81908,1.8587,-0.0142,3.6765,3.784,0.0096,0.08,3.35,0.93,0.0,1161.0,602,551,8,52,47,1,226.0,0.01,3e-05,31763.0,,,,
6809,8000,81924,1.8782,0.0131,3.6605,3.745,0.0099,0.08,3.27,0.92,0.0,1165.0,561,600,4,48,52,0,225.0,0.01,3e-05,31672.0,,,,
6810,8000,81941,1.9165,-0.0085,3.78,3.751,0.0077,0.07,9.17,0.92,0.0,1196.0,570,622,4,48,52,0,219.0,0.01,3e-05,31675.0,,,,
6811,8000,81958,1.8446,-0.0126,3.6448,3.79,0.0093,0.08,3.2,0.93,0.0,1197.0,613,580,4,51,48,0,219.0,0.0,3e-05,31680.0,,,,
6812,8000,81974,1.8722,0.0049,3.6654,3.819,0.0098,0.08,4.03,0.93,0.0,1204.0,580,620,4,48,51,0,218.0,0.01,3e-05,31682.0,,,,
6813,8000,81991,1.8667,0.01,3.6443,3.86,0.0117,0.08,3.07,0.93,0.0,1213.0,571,634,8,47,52,1,216.0,0.01,3e-05,31677.0,,,,
6814,8000,82007,1.8593,0.0056,3.6382,3.836,0.0102,0.09,2.89,0.94,0.0,1171.0,568,600,3,49,51,0,224.0,0.01,3e-05,31754.0,,,,
6815,8000,82024,1.8499,0.0078,3.6156,3.882,0.0098,0.08,3.14,0.94,0.0,1175.0,582,592,1,50,50,0,223.0,0.02,3e-05,31685.0,,,,
6816,8000,82041,1.8307,0.0115,3.5703,3.963,0.0113,0.09,2.72,0.94,0.0,1160.0,544,611,5,47,53,0,226.0,0.01,3e-05,31667.0,,,,
6817,8000,82057,1.8444,0.0022,3.6158,3.889,0.0096,0.08,3.49,0.93,0.0,1162.0,533,627,2,46,54,0,226.0,0.01,3e-05,31682.0,,,,
6818,8000,82074,1.87,0.0195,3.6321,3.863,0.0101,0.08,3.11,0.93,0.0,1189.0,572,616,1,48,52,0,220.0,0.01,3e-05,31679.0,,,,
6819,8000,82091,1.8591,0.007,3.6355,3.859,0.0098,0.08,2.81,0.93,0.0,1214.0,604,607,3,50,50,0,216.0,0.01,3e-05,31687.0,,,,
6820,8000,82107,1.8592,0.0139,3.6229,3.968,0.0107,0.08,3.01,0.93,0.0,1184.0,579,601,4,49,51,0,221.0,0.01,3e-05,31669.0,,,,
6821,8000,82124,1.8869,0.0109,3.6842,3.996,0.0119,0.08,3.25,0.92,0.0,1237.0,618,615,4,50,50,0,212.0,0.02,3e-05,30576.0,,,,
6822,8000,82141,1.8656,0.022,3.6201,4.11,0.0102,0.07,3.39,0.93,0.0,1158.0,614,538,6,53,46,1,226.0,0.02,3e-05,31720.0,,,,
6823,8000,82158,1.8383,0.0103,3.5889,4.107,0.0091,0.07,3.74,0.93,0.0,1136.0,561,574,1,49,51,0,231.0,0.02,3e-05,31702.0,,,,
6824,8000,82174,1.8329,0.0278,3.544,4.207,0.011,0.08,2.8,0.93,0.0,1131.0,537,591,3,47,52,0,232.0,0.02,3e-05,31723.0,,,,
6825,8000,82191,1.8449,0.0153,3.5927,4.152,0.0092,0.07,3.13,0.93,0.0,1148.0,557,585,6,49,51,1,228.0,0.02,3e-05,31718.0,,,,
6826,8000,82207,1.8148,0.0124,3.5376,4.082,0.0101,0.08,2.86,0.94,0.0,1102.0,569,528,5,52,48,0,238.0,0.01,3e-05,31729.0,,,,
6827,8000,82224,1.8382,0.0282,3.5537,4.106,0.0125,0.09,2.34,0.94,0.0,1126.0,545,576,5,48,51,0,233.0,0.01,3e-05,31722.0,,,,
6828,8000,82241,1.8246,0.032,3.5187,4.144,0.011,0.08,2.24,0.94,0.0,1088.0,522,562,4,48,52,0,241.0,0.01,3e-05,31737.0,,,,
6829,8000,82257,1.8349,0.0229,3.5584,4.252,0.0106,0.08,2.52,0.94,0.0,1067.0,458,605,4,43,57,0,246.0,0.01,3e-05,31722.0,,,,
6830,8000,82274,1.8409,0.0255,3.5649,4.186,0.0108,0.08,2.92,0.94,0.0,1101.0,512,586,3,47,53,0,238.0,0.01,3e-05,31710.0,,,,
6831,8000,82290,1.8479,0.021,3.5879,4.145,0.0103,0.08,2.53,0.93,0.0,1176.0,578,595,3,49,51,0,223.0,0.02,3e-05,31730.0,,,,
6832,8000,82307,1.8392,0.0207,3.5715,4.109,0.0118,0.08,2.44,0.94,0.0,1144.0,531,608,5,46,53,0,229.0,0.01,3e-05,31718.0,,,,
6833,8000,82323,1.8063,0.02,3.507,4.185,0.0111,0.08,2.16,0.94,0.0,1085.0,528,551,6,49,51,1,242.0,0.01,3e-05,31713.0,,,,
6834,8000,82340,1.8054,0.0135,3.5192,4.23,0.0099,0.08,4.12,0.94,0.0,996.0,441,547,8,44,55,1,263.0,0.02,3e-05,31763.0,,,,
6835,8000,82357,1.8146,0.0183,3.527,4.198,0.0092,0.07,3.17,0.94,0.0,1035.0,495,534,6,48,52,1,253.0,0.01,3e-05,31680.0,,,,
6836,8000,82373,1.8324,0.0297,3.5388,4.12,0.0091,0.07,3.3,0.94,0.0,1025.0,499,520,6,49,51,1,256.0,0.03,3e-05,31686.0,,,,
6837,8000,82390,1.798,0.0107,3.5087,4.185,0.0101,0.07,3.67,0.94,0.0,1029.0,521,500,8,51,49,1,255.0,0.01,3e-05,31686.0,,,,
6838,8000,82406,1.8044,0.0166,3.5103,4.146,0.0101,0.07,2.67,0.94,0.0,1031.0,492,532,7,48,52,1,254.0,0.01,3e-05,31718.0,,,,
6839,8000,82423,1.8118,0.0214,3.5158,4.171,0.0084,0.07,3.49,0.94,0.0,1053.0,509,535,9,48,51,1,249.0,0.01,3e-05,31763.0,,,,
6840,8000,82440,1.8025,0.0251,3.4914,4.133,0.0102,0.07,3.36,0.95,0.0,1026.0,477,530,19,46,52,2,256.0,0.01,3e-05,31700.0,,,,
6841,8000,82457,1.8674,0.0266,3.616,4.116,0.0126,0.08,2.99,0.93,0.0,1059.0,542,505,12,51,48,1,248.0,0.01,3e-05,30574.0,,,,
6842,8000,82473,2.0322,0.0201,3.9585,4.118,0.0127,0.08,32.57,0.93,0.0,1048.0,537,495,16,51,47,2,250.0,0.02,3e-05,31706.0,,,,
6843,8000,82490,1.9601,-0.0097,3.873,4.111,0.0074,0.05,19.89,0.92,0.0,1108.0,552,544,12,50,49,1,237.0,0.01,3e-05,31756.0,,,,
6844,8000,82507,1.8648,0.0041,3.6553,4.13,0.0079,0.06,9.7,0.93,0.0,1151.0,585,553,13,51,48,1,228.0,0.01,3e-05,31697.0,,,,
6845,8000,82523,1.8264,-0.016,3.6177,4.152,0.0083,0.06,8.55,0.94,0.0,1101.0,538,554,9,49,50,1,238.0,0.01,3e-05,31708.0,,,,
6846,8000,82540,1.8338,-0.0104,3.6218,4.153,0.0092,0.07,6.72,0.94,0.0,1173.0,587,580,6,50,49,1,223.0,0.01,3e-05,31775.0,,,,
6847,8000,82556,1.8352,-0.0319,3.667,4.055,0.0099,0.07,6.08,0.93,0.0,1194.0,595,598,1,50,50,0,220.0,0.02,3e-05,31764.0,,,,
6848,8000,82573,1.8226,-0.0274,3.6324,4.018,0.0106,0.07,5.89,0.94,0.0,1208.0,611,593,4,51,49,0,217.0,0.01,3e-05,31677.0,,,,
6849,8000,82590,1.8244,-0.0534,3.6874,3.929,0.0082,0.07,7.03,0.93,0.0,1233.0,566,664,3,46,54,0,213.0,0.01,3e-05,31684.0,264,0,248,52
6850,8000,82621,1.8236,-0.0324,3.6438,3.93,0.0111,0.09,5.95,0.94,0.0,1266.0,637,628,1,50,50,0,207.0,0.01,3e-05,31841.0,,,,
6851,8000,82638,1.8753,-0.0257,3.7339,3.926,0.0085,0.07,6.67,0.93,0.0,1278.0,672,601,5,53,47,0,205.0,0.01,3e-05,31697.0,,,,
6852,8000,82655,1.819,-0.0487,3.6665,3.885,0.0107,0.08,5.12,0.94,0.0,1268.0,646,617,5,51,49,0,207.0,0.01,3e-05,31702.0,,,,
6853,8000,82671,1.842,-0.0351,3.6861,3.938,0.0106,0.08,7.37,0.94,0.0,1259.0,615,640,4,49,51,0,208.0,0.01,3e-05,31763.0,,,,
6854,8000,82688,1.8189,-0.0392,3.648,3.91,0.0116,0.08,5.02,0.94,0.0,1294.0,659,634,1,51,49,0,203.0,0.01,3e-05,31705.0,,,,
6855,8000,82704,1.8266,-0.0274,3.6399,3.961,0.0103,0.08,6.21,0.93,0.0,1256.0,583,671,2,46,53,0,209.0,0.01,3e-05,31706.0,,,,
6856,8000,82721,1.8309,-0.009,3.6117,3.972,0.0101,0.08,5.14,0.94,0.0,1226.0,601,621,4,49,51,0,214.0,0.0,3e-05,31715.0,,,,
6857,8000,82737,1.8563,-0.0053,3.6548,3.933,0.0134,0.09,6.53,0.94,0.0,1278.0,632,644,2,49,50,0,205.0,0.01,3e-05,31777.0,,,,
6858,8000,82754,1.8516,-0.0073,3.6495,3.906,0.0096,0.07,8.52,0.94,0.0,1235.0,583,646,6,47,52,0,212.0,0.01,3e-05,31691.0,,,,
6859,8000,82771,1.8739,0.0129,3.6537,3.921,0.0155,0.09,6.89,0.94,0.0,1246.0,589,655,2,47,53,0,210.0,0.01,3e-05,31768.0,,,,
6860,8000,82787,1.8738,0.0243,3.6306,3.911,0.0123,0.08,9.82,0.94,0.0,1219.0,603,612,4,49,50,0,215.0,0.01,3e-05,31710.0,,,,
6861,8000,82804,1.9029,0.0095,3.7179,3.892,0.0138,0.09,5.93,0.92,0.0,1228.0,659,564,5,54,46,0,213.0,0.01,3e-05,30581.0,,,,
6862,8000,82821,1.8804,-0.0111,3.7146,3.893,0.0092,0.07,7.0,0.92,0.0,1205.0,626,575,4,52,48,0,218.0,0.01,3e-05,31690.0,,,,
6863,8000,82838,1.8656,0.0161,3.6304,3.935,0.013,0.08,6.55,0.93,0.0,1186.0,627,555,4,53,47,0,221.0,0.01,3e-05,31697.0,,,,
6864,8000,82854,1.9172,0.0287,3.709,4.001,0.014,0.08,6.16,0.92,0.0,1231.0,673,552,6,55,45,0,213.0,0.02,3e-05,31690.0,,,,
6865,8000,82871,1.8584,0.0274,3.5942,4.027,0.0135,0.09,6.7,0.94,0.0,1139.0,623,510,6,55,45,1,230.0,0.01,3e-05,31702.0,,,,
6866,8000,82887,1.8349,0.0238,3.5554,4.134,0.0136,0.08,8.82,0.94,0.0,1034.0,575,456,3,56,44,0,254.0,0.02,3e-05,31682.0,,,,
6867,8000,82904,1.801,0.0075,3.5206,4.125,0.0148,0.08,6.02,0.94,0.0,1062.0,555,499,8,52,47,1,247.0,0.02,3e-05,31732.0,,,,
6868,8000,82921,1.8089,0.0104,3.531,4.144,0.0138,0.08,7.04,0.94,0.0,1040.0,545,480,15,52,46,1,252.0,0.01,3e-05,31696.0,,,,
6869,8000,82937,1.7883,0.0009,3.5096,4.128,0.016,0.09,7.44,0.94,0.0,1053.0,512,525,16,49,50,2,249.0,0.01,3e-05,31735.0,,,,
6870,8000,82954,1.7531,-0.004,3.4488,4.163,0.0111,0.08,5.14,0.94,0.0,1002.0,508,487,7,51,49,1,262.0,0.01,3e-05,31709.0,,,,
6871,8000,82970,1.8128,0.011,3.5393,4.109,0.0136,0.08,6.42,0.94,0.0,1074.0,517,538,19,48,50,2,244.0,0.01,3e-05,31704.0,,,,
6872,8000,82987,1.8001,0.0205,3.4938,4.075,0.0153,0.09,6.14,0.94,0.0,1070.0,535,522,13,50,49,1,245.0,0.02,3e-05,31714.0,,,,
6873,8000,83004,1.8183,0.0236,3.5228,4.049,0.0165,0.1,6.77,0.94,0.0,1034.0,537,484,13,52,47,1,254.0,0.01,3e-05,31713.0,,,,
6874,8000,83020,1.8163,0.0063,3.5529,4.042,0.0139,0.08,6.61,0.94,0.0,1052.0,552,487,13,52,46,1,249.0,0.02,3e-05,31688.0,,,,
6875,8000,83037,1.7946,0.0155,3.491,4.009,0.0123,0.09,5.89,0.95,0.0,1067.0,533,518,16,50,49,1,246.0,0.02,3e-05,31706.0,,,,
6876,8000,83053,1.8258,0.0188,3.5455,3.928,0.0092,0.07,8.41,0.95,0.0,1068.0,534,522,12,50,49,1,245.0,0.01,3e-05,31722.0,,,,
6877,8000,83070,1.81,-0.0,3.5522,4.01,0.0059,0.05,13.41,0.95,0.0,1011.0,513,492,6,51,49,1,259.0,0.01,3e-05,31697.0,,,,
6878,8000,83087,1.7744,0.0086,3.4635,3.978,0.013,0.09,5.33,0.95,0.0,951.0,480,456,15,50,48,2,276.0,0.02,3e-05,31702.0,,,,
6879,8000,83103,1.7881,0.0114,3.4858,4.044,0.0135,0.09,6.95,0.94,0.0,961.0,493,461,7,51,48,1,273.0,0.02,3e-05,31723.0,,,,
6880,8000,83120,1.7721,0.0147,3.4476,4.102,0.0119,0.08,8.68,0.95,0.0,880.0,451,412,17,51,47,2,298.0,0.02,3e-05,31708.0,,,,
6881,8000,83137,1.8556,0.0211,3.6012,4.045,0.0168,0.1,6.32,0.93,0.0,1034.0,519,497,18,50,48,2,254.0,0.02,3e-05,30575.0,,,,
6882,8000,83154,1.8686,0.0265,3.6163,3.971,0.0161,0.1,5.43,0.93,0.0,1045.0,546,484,15,52,46,1,251.0,0.02,3e-05,31689.0,,,,
6883,8000,83170,1.8786,0.0218,3.6446,3.879,0.0144,0.09,5.0,0.93,0.0,1156.0,571,577,8,49,50,1,227.0,0.02,3e-05,31784.0,,,,
6884,8000,83187,1.8606,0.022,3.6084,3.89,0.0164,0.1,4.67,0.93,0.0,1107.0,549,555,3,50,50,0,237.0,0.01,3e-05,31678.0,,,,
6885,8000,83203,1.8642,0.0219,3.6163,3.941,0.0146,0.09,5.83,0.93,0.0,1127.0,560,561,6,50,50,1,233.0,0.01,3e-05,31687.0,,,,
6886,8000,83220,1.8468,0.0308,3.5633,3.915,0.0121,0.08,5.52,0.94,0.0,1079.0,555,521,3,51,48,0,243.0,0.01,3e-05,31678.0,,,,
6887,8000,83237,1.8338,0.0308,3.5378,3.966,0.0161,0.09,9.36,0.95,0.0,1048.0,544,501,3,52,48,0,250.0,0.02,3e-05,31660.0,,,,
6888,8000,83253,1.8662,0.0241,3.6158,3.911,0.0108,0.08,8.01,0.94,0.0,1033.0,544,486,3,53,47,0,254.0,0.01,3e-05,31690.0,,,,
6889,8000,83270,1.8484,0.039,3.5517,3.899,0.0113,0.08,7.91,0.95,0.0,976.0,487,479,10,50,49,1,269.0,0.02,3e-05,31670.0,,,,
6890,8000,83286,1.8648,0.0457,3.5712,3.885,0.0131,0.09,6.62,0.94,0.0,1042.0,519,512,11,50,49,1,252.0,0.01,3e-05,31676.0,,,,
6891,8000,83303,1.8862,0.0518,3.6011,3.92,0.014,0.09,7.08,0.94,0.0,1073.0,528,535,10,49,50,1,244.0,0.01,3e-05,31696.0,,,,
6892,8000,83320,1.8724,0.0457,3.5863,3.857,0.0105,0.08,9.29,0.94,0.0,1024.0,511,499,14,50,49,1,256.0,0.01,3e-05,31757.0,,,,
6893,8000,83336,1.8775,0.0379,3.6107,3.842,0.0108,0.08,10.02,0.94,0.0,989.0,491,487,11,50,49,1,265.0,0.01,3e-05,31670.0,,,,
6894,8000,83353,1.8756,0.0303,3.6234,3.796,0.0141,0.09,7.48,0.94,0.0,1115.0,555,543,17,50,49,2,235.0,0.01,3e-05,31672.0,,,,
6895,8000,83369,1.8661,0.0376,3.5879,3.829,0.0137,0.09,7.16,0.94,0.0,1048.0,516,526,6,49,50,1,250.0,0.01,3e-05,31667.0,,,,
6896,8000,83386,1.8372,0.0281,3.5494,3.869,0.0105,0.08,6.63,0.94,0.0,1038.0,521,510,7,50,49,1,253.0,0.01,3e-05,31692.0,,,,
6897,8000,83403,1.8168,0.0328,3.5,3.946,0.0122,0.09,7.23,0.95,0.0,986.0,526,452,8,53,46,1,266.0,0.01,3e-05,31692.0,,,,
6898,8000,83419,1.8347,0.0304,3.5409,3.867,0.0112,0.08,8.18,0.95,0.0,977.0,497,471,9,51,48,1,268.0,0.01,3e-05,31699.0,,,,
6899,8000,83436,1.8327,0.0235,3.5509,3.952,0.0112,0.08,7.68,0.95,0.0,1000.0,498,495,7,50,50,1,262.0,0.01,3e-05,31678.0,225,1,286,44
6900,8000,83468,1.8505,0.0451,3.5434,3.887,0.0093,0.08,6.93,0.95,0.0,976.0,495,469,12,51,48,1,269.0,0.01,3e-05,31825.0,,,,
6901,8000,83485,1.924,0.0458,3.688,3.863,0.0141,0.09,5.67,0.92,0.0,1076.0,544,523,9,51,49,1,244.0,0.01,3e-05,30592.0,,,,
6902,8000,83502,1.9231,0.038,3.7017,3.767,0.0133,0.1,7.07,0.93,0.0,1027.0,516,502,9,50,49,1,255.0,0.01,3e-05,31699.0,,,,
6903,8000,83518,1.9259,0.039,3.7038,3.607,0.0124,0.09,6.47,0.93,0.0,1128.0,550,568,10,49,50,1,232.0,0.01,3e-05,31706.0,,,,
6904,8000,83535,1.924,0.0331,3.7119,3.619,0.0151,0.1,6.02,0.93,0.0,1175.0,594,571,10,51,49,1,223.0,0.01,3e-05,31709.0,,,,
6905,8000,83551,1.9141,0.0458,3.6662,3.661,0.0135,0.09,5.19,0.93,0.0,1171.0,549,618,4,47,53,0,224.0,0.01,3e-05,31702.0,,,,
6906,8000,83568,1.881,0.0286,3.6351,3.748,0.0111,0.08,6.6,0.94,0.0,1128.0,519,604,5,46,54,0,232.0,0.01,3e-05,31772.0,,,,
6907,8000,83585,1.8913,0.0355,3.6419,3.755,0.0132,0.09,5.86,0.94,0.0,1143.0,561,577,5,49,50,0,229.0,0.01,3e-05,31684.0,,,,
6908,8000,83601,1.901,0.0501,3.6321,3.782,0.0147,0.1,6.09,0.94,0.0,1159.0,595,563,1,51,49,0,226.0,0.02,3e-05,31683.0,,,,
6909,8000,83618,1.8656,0.0237,3.6139,3.707,0.0136,0.09,5.09,0.94,0.0,1196.0,587,601,8,49,50,1,219.0,0.0,3e-05,31793.0,,,,
6910,8000,83634,1.8306,-0.0051,3.6026,3.823,0.0144,0.09,6.51,0.94,0.0,1188.0,574,611,3,48,51,0,221.0,0.0,3e-05,31707.0,,,,
6911,8000,83651,1.8485,-0.008,3.6439,3.822,0.0111,0.08,8.07,0.94,0.0,1129.0,532,595,2,47,53,0,232.0,0.01,3e-05,31678.0,,,,
6912,8000,83668,1.8659,0.0183,3.6256,3.747,0.0135,0.09,7.23,0.94,0.0,1121.0,524,595,2,47,53,0,234.0,0.01,3e-05,31698.0,,,,
6913,8000,83684,1.8562,0.0146,3.6138,3.687,0.0115,0.09,5.59,0.94,0.0,1079.0,534,539,6,49,50,1,243.0,0.01,3e-05,31698.0,,,,
6914,8000,83701,1.8568,0.0172,3.6098,3.791,0.0113,0.08,7.85,0.94,0.0,1029.0,502,521,6,49,51,1,255.0,0.01,3e-05,31697.0,,,,
6915,8000,83717,1.8128,0.0106,3.5358,3.841,0.0101,0.08,5.57,0.94,0.0,1044.0,483,557,4,46,53,0,251.0,0.01,3e-05,31704.0,,,,
6916,8000,83734,1.8559,0.0219,3.5995,3.829,0.0123,0.09,5.64,0.94,0.0,1087.0,515,562,10,47,52,1,241.0,0.01,3e-05,31703.0,,,,
6917,8000,83751,1.8363,0.0104,3.5823,3.758,0.0086,0.08,8.89,0.94,0.0,1080.0,517,558,5,48,52,0,243.0,0.01,3e-05,31694.0,,,,
6918,8000,83767,1.8209,0.0091,3.5554,3.883,0.0102,0.08,7.21,0.94,0.0,1002.0,512,486,4,51,49,0,262.0,0.01,3e-05,31776.0,,,,
6919,8000,83784,1.7838,-0.0014,3.5013,3.884,0.0105,0.08,8.44,0.94,0.0,940.0,450,487,3,48,52,0,279.0,0.01,3e-05,31697.0,,,,
6920,8000,83800,1.798,0.0214,3.4856,3.954,0.0103,0.08,11.54,0.95,0.0,883.0,417,456,10,47,52,1,297.0,0.01,3e-05,31708.0,,,,
6921,8000,83818,1.8218,0.0157,3.5442,4.017,0.012,0.08,11.54,0.94,0.0,872.0,448,417,7,51,48,1,301.0,0.01,3e-05,30584.0,,,,
6922,8000,83834,1.7947,-0.0037,3.5286,4.036,0.0084,0.07,12.78,0.94,0.0,836.0,401,425,10,48,51,1,314.0,0.02,3e-05,31748.0,,,,
6923,8000,83851,1.7563,0.0009,3.4436,4.145,0.0111,0.07,10.95,0.94,0.0,862.0,439,411,12,51,48,1,304.0,0.01,3e-05,31735.0,,,,
6924,8000,83867,1.8102,-0.0059,3.5642,4.062,0.0101,0.07,11.88,0.94,0.0,875.0,422,444,9,48,51,1,300.0,0.02,3e-05,31715.0,,,,
6925,8000,83884,1.7832,0.0008,3.4973,4.109,0.0129,0.09,7.04,0.93,0.0,885.0,504,366,15,57,41,2,296.0,0.02,3e-05,31723.0,,,,
6926,8000,83901,1.8074,0.0138,3.5193,4.045,0.0144,0.09,8.8,0.94,0.0,919.0,474,435,10,52,47,1,285.0,0.01,3e-05,31761.0,,,,
6927,8000,83917,1.7655,0.0013,3.4619,4.135,0.0095,0.07,7.44,0.94,0.0,924.0,488,420,16,53,45,2,284.0,0.01,3e-05,31696.0,,,,
6928,8000,83934,1.8074,0.0034,3.5402,3.98,0.0126,0.09,9.27,0.93,0.0,974.0,518,443,13,53,45,1,269.0,0.01,3e-05,31765.0,,,,
6929,8000,83951,1.8259,0.0005,3.5825,3.97,0.0137,0.09,9.0,0.94,0.0,994.0,514,463,17,52,47,2,264.0,0.02,3e-05,31730.0,,,,
6930,8000,83967,1.818,-0.001,3.57,3.949,0.0108,0.08,7.27,0.94,0.0,1044.0,529,499,16,51,48,2,251.0,0.02,3e-05,31731.0,,,,
6931,8000,83984,1.8513,0.0193,3.5952,3.86,0.0198,0.1,6.52,0.94,0.0,1078.0,535,531,12,50,49,1,243.0,0.02,3e-05,31712.0,,,,
6932,8000,84000,1.8266,0.0037,3.5771,3.876,0.0139,0.09,5.33,0.94,0.0,1101.0,563,530,8,51,48,1,238.0,0.01,3e-05,31723.0,,,,
6933,8000,84017,1.8311,0.0092,3.5751,3.86,0.0155,0.1,5.15,0.94,0.0,1067.0,523,531,13,49,50,1,246.0,0.02,3e-05,31709.0,,,,
6934,8000,84034,1.838,0.0149,3.5777,3.911,0.0167,0.11,6.84,0.94,0.0,1072.0,550,517,5,51,48,0,245.0,0.02,3e-05,31735.0,,,,
6935,8000,84050,1.8583,0.0265,3.5963,4.012,0.0154,0.1,4.67,0.94,0.0,1139.0,574,554,11,50,49,1,230.0,0.02,3e-05,31775.0,,,,
6936,8000,84067,1.827,0.0187,3.5485,3.91,0.0138,0.09,4.06,0.94,0.0,1050.0,518,525,7,49,50,1,250.0,0.01,3e-05,31703.0,,,,
6937,8000,84083,1.833,0.0128,3.5718,3.884,0.0131,0.09,6.33,0.94,0.0,1027.0,528,494,5,51,48,0,255.0,0.01,3e-05,31711.0,,,,
6938,8000,84100,1.833,0.0078,3.5817,3.835,0.0104,0.08,5.5,0.94,0.0,1038.0,479,548,11,46,53,1,253.0,0.01,3e-05,31760.0,,,,
6939,8000,84116,1.8484,0.0064,3.6159,3.86,0.0112,0.09,5.95,0.93,0.0,1078.0,554,510,14,51,47,1,243.0,0.01,3e-05,31725.0,,,,
6940,8000,84133,1.875,0.0115,3.6577,3.738,0.0121,0.09,5.26,0.93,0.0,1147.0,588,546,13,51,48,1,229.0,0.01,3e-05,31709.0,,,,
6941,8000,84150,1.9042,0.016,3.7052,3.584,0.0127,0.1,4.85,0.92,0.0,1134.0,589,532,13,52,47,1,231.0,0.01,3e-05,30574.0,,,,
6942,8000,84167,1.8966,-0.0004,3.7224,3.528,0.0124,0.1,4.91,0.92,0.0,1207.0,599,599,9,50,50,1,217.0,0.01,3e-05,31696.0,,,,
6943,8000,84183,1.9424,0.0323,3.7487,3.527,0.0156,0.11,4.34,0.92,0.0,1289.0,650,627,12,50,49,1,203.0,0.0,3e-05,31740.0,,,,
6944,8000,84200,1.9549,0.0356,3.7681,3.612,0.0163,0.11,4.08,0.92,0.0,1277.0,638,632,7,50,49,1,205.0,0.01,3e-05,31702.0,,,,
6945,8000,84217,1.9254,0.0245,3.7309,3.591,0.0106,0.09,5.62,0.93,0.0,1277.0,610,667,0,48,52,0,205.0,0.01,3e-05,31693.0,,,,
6946,8000,84233,1.8931,0.004,3.7069,3.551,0.0123,0.09,4.48,0.93,0.0,1247.0,614,632,1,49,51,0,210.0,0.01,3e-05,31762.0,,,,
6947,8000,84250,1.8891,0.015,3.677,3.549,0.0148,0.1,4.08,0.93,0.0,1205.0,594,610,1,49,51,0,218.0,0.01,3e-05,31704.0,,,,
6948,8000,84266,1.8821,0.0164,3.6609,3.654,0.0104,0.09,4.78,0.93,0.0,1183.0,622,555,6,53,47,1,222.0,0.01,3e-05,31720.0,,,,
6949,8000,84283,1.8785,0.0123,3.6615,3.586,0.0106,0.09,4.09,0.93,0.0,1197.0,596,595,6,50,50,1,219.0,0.0,3e-05,31772.0,289,0,223,56
6950,8000,84315,1.9039,0.0322,3.6723,3.544,0.0112,0.09,4.79,0.93,0.0,1208.0,631,571,6,52,47,0,217.0,0.01,3e-05,31914.0,,,,
6951,8000,84331,1.8749,0.0131,3.6526,3.576,0.0094,0.08,6.87,0.94,0.0,1080.0,536,538,6,50,50,1,243.0,0.01,3e-05,31693.0,,,,
6952,8000,84348,1.8928,0.0161,3.6818,3.523,0.0105,0.08,6.2,0.94,0.0,1142.0,570,565,7,50,49,1,230.0,0.01,3e-05,31751.0,,,,
6953,8000,84365,1.8956,0.0172,3.685,3.52,0.0091,0.08,8.8,0.94,0.0,1144.0,586,554,4,51,48,0,229.0,0.0,3e-05,31707.0,,,,
6954,8000,84381,1.8575,-0.0106,3.6651,3.572,0.01,0.08,10.74,0.94,0.0,1122.0,565,551,6,50,49,1,234.0,0.0,3e-05,31690.0,,,,
6955,8000,84398,1.8661,0.0021,3.6568,3.59,0.0105,0.08,6.77,0.94,0.0,1067.0,533,531,3,50,50,0,246.0,0.01,3e-05,31702.0,,,,
6956,8000,84414,1.8306,-0.0089,3.6081,3.614,0.0108,0.09,7.63,0.94,0.0,1068.0,559,502,7,52,47,1,245.0,0.01,3e-05,31712.0,,,,
6957,8000,84431,1.8447,-0.0018,3.6224,3.628,0.0093,0.08,6.59,0.94,0.0,1096.0,534,556,6,49,51,1,239.0,0.0,3e-05,31715.0,,,,
6958,8000,84448,1.8319,0.0045,3.5854,3.635,0.0138,0.09,5.51,0.94,0.0,1029.0,548,469,12,53,46,1,255.0,0.02,3e-05,31710.0,,,,
6959,8000,84464,1.8351,-0.0011,3.6028,3.706,0.0098,0.08,9.51,0.94,0.0,984.0,484,494,6,49,50,1,266.0,0.01,3e-05,31703.0,,,,
6960,8000,84481,1.8294,0.0006,3.5887,3.753,0.013,0.09,8.0,0.94,0.0,966.0,487,470,9,50,49,1,271.0,0.01,3e-05,31697.0,,,,
6961,8000,84498,1.8517,-0.0005,3.6345,3.693,0.0109,0.09,9.13,0.93,0.0,930.0,460,460,10,49,49,1,282.0,0.01,3e-05,30556.0,,,,
6962,8000,84515,1.8074,-0.0135,3.5748,3.806,0.0129,0.09,6.49,0.94,0.0,929.0,501,407,21,54,44,2,282.0,0.01,3e-05,31719.0,,,,
6963,8000,84531,1.8046,-0.0105,3.563,3.84,0.012,0.09,4.69,0.94,0.0,936.0,494,428,14,53,46,1,280.0,0.01,3e-05,31736.0,,,,
6964,8000,84548,1.8089,-0.0043,3.558,3.847,0.0109,0.09,5.37,0.93,0.0,936.0,462,460,14,49,49,1,280.0,0.02,3e-05,31728.0,,,,
6965,8000,84564,1.8122,-0.0033,3.5612,3.788,0.0113,0.09,5.89,0.94,0.0,943.0,482,455,6,51,48,1,278.0,0.02,3e-05,31721.0,,,,
6966,8000,84581,1.798,-0.011,3.5477,3.746,0.0124,0.09,6.73,0.94,0.0,949.0,492,452,5,52,48,1,276.0,0.02,3e-05,31719.0,,,,
6967,8000,84598,1.8145,0.0057,3.5472,3.735,0.0108,0.08,7.27,0.94,0.0,911.0,468,440,3,51,48,0,288.0,0.02,3e-05,31733.0,,,,
6968,8000,84614,1.7998,0.002,3.5252,3.72,0.0104,0.08,5.21,0.94,0.0,950.0,452,492,6,48,52,1,276.0,0.02,3e-05,31718.0,,,,
6969,8000,84631,1.8008,-0.0074,3.5464,3.652,0.0115,0.09,5.46,0.94,0.0,965.0,463,494,8,48,51,1,272.0,0.03,3e-05,31730.0,,,,
6970,8000,84647,1.8205,0.0139,3.5418,3.61,0.0116,0.08,5.64,0.94,0.0,938.0,449,483,6,48,51,1,279.0,0.01,3e-05,31747.0,,,,
6971,8000,84664,1.8073,0.0136,3.5156,3.555,0.0116,0.09,7.72,0.95,0.0,959.0,485,469,5,51,49,1,273.0,0.01,3e-05,31731.0,,,,
6972,8000,84680,1.801,-0.0057,3.5418,3.555,0.0084,0.07,8.34,0.95,0.0,955.0,476,467,12,50,49,1,274.0,0.01,3e-05,31777.0,,,,
6973,8000,84697,1.8311,0.0045,3.5821,3.528,0.0106,0.08,9.43,0.95,0.0,991.0,511,466,14,52,47,1,265.0,0.01,3e-05,31733.0,,,,
6974,8000,84714,1.8552,0.0018,3.6344,3.463,0.009,0.08,11.79,0.94,0.0,1050.0,527,517,6,50,49,1,250.0,0.01,3e-05,31732.0,,,,
6975,8000,84730,1.8321,-0.0083,3.6086,3.478,0.0103,0.08,6.97,0.94,0.0,1015.0,523,481,11,52,47,1,258.0,0.01,3e-05,31732.0,,,,
6976,8000,84747,1.8379,-0.0013,3.607,3.553,0.0125,0.09,8.26,0.94,0.0,1016.0,519,487,10,51,48,1,258.0,0.01,3e-05,31725.0,,,,
6977,8000,84763,1.7907,-0.0247,3.559,3.55,0.0084,0.07,11.56,0.95,0.0,919.0,460,447,12,50,49,1,285.0,0.01,3e-05,31738.0,,,,
6978,8000,84780,1.82,-0.0058,3.5805,3.542,0.0095,0.08,9.02,0.94,0.0,991.0,520,451,20,52,46,2,265.0,0.01,3e-05,31740.0,,,,
6979,8000,84796,1.8317,-0.0196,3.6316,3.576,0.0097,0.08,14.88,0.94,0.0,958.0,510,439,9,53,46,1,274.0,0.01,3e-05,31738.0,,,,
6980,8000,84813,1.8025,-0.0121,3.5591,3.555,0.0119,0.09,12.43,0.94,0.0,951.0,469,467,15,49,49,2,276.0,0.01,3e-05,31747.0,,,,
6981,8000,84830,1.8596,-0.001,3.6521,3.7,0.0114,0.09,7.19,0.93,0.0,1004.0,533,456,15,53,45,1,261.0,0.02,3e-05,30575.0,,,,
6982,8000,84847,1.8941,0.0138,3.6918,3.619,0.0078,0.07,16.64,0.93,0.0,986.0,520,453,13,53,46,1,266.0,0.01,3e-05,31704.0,,,,
6983,8000,84863,1.8606,0.0236,3.6056,3.608,0.0114,0.09,6.51,0.93,0.0,962.0,483,464,15,50,48,2,272.0,0.02,3e-05,31711.0,,,,
6984,8000,84880,1.8549,0.0233,3.5962,3.663,0.0136,0.1,4.96,0.93,0.0,1004.0,506,477,21,50,48,2,261.0,0.02,3e-05,31706.0,,,,
6985,8000,84897,1.8711,0.0226,3.6311,3.809,0.0086,0.08,9.94,0.94,0.0,990.0,516,457,17,52,46,2,265.0,0.02,3e-05,31767.0,,,,
6986,8000,84913,1.8696,0.0127,3.6489,3.678,0.0116,0.09,6.32,0.93,0.0,1001.0,482,493,26,48,49,3,262.0,0.01,3e-05,31701.0,,,,
6987,8000,84930,1.8235,0.0117,3.558,3.775,0.0091,0.08,7.51,0.94,0.0,957.0,461,479,17,48,50,2,274.0,0.01,3e-05,31692.0,,,,
6988,8000,84946,1.8416,0.0251,3.5686,3.689,0.0097,0.09,6.42,0.94,0.0,966.0,483,459,24,50,48,2,271.0,0.02,3e-05,31702.0,,,,
6989,8000,84963,1.8782,0.0493,3.5917,3.692,0.0109,0.09,7.19,0.94,0.0,971.0,494,454,23,51,47,2,270.0,0.02,3e-05,31704.0,,,,
6990,8000,84980,1.8776,0.0392,3.6094,3.693,0.0105,0.08,8.59,0.94,0.0,966.0,476,473,17,49,49,2,271.0,0.02,3e-05,31717.0,,,,
6991,8000,84996,1.8631,0.034,3.5914,3.579,0.012,0.09,7.7,0.94,0.0,1006.0,498,484,24,50,48,2,261.0,0.01,3e-05,31702.0,,,,
6992,8000,85013,1.8586,0.0355,3.5795,3.657,0.0095,0.08,8.6,0.94,0.0,977.0,496,464,17,51,47,2,268.0,0.01,3e-05,31709.0,,,,
6993,8000,85029,1.8658,0.0394,3.5878,3.659,0.0118,0.09,6.27,0.94,0.0,1018.0,508,483,27,50,47,3,258.0,0.01,3e-05,31695.0,,,,
6994,8000,85046,1.8558,0.0434,3.5575,3.684,0.0109,0.09,5.96,0.94,0.0,1013.0,498,494,21,49,49,2,259.0,0.01,2.9e-05,31758.0,,,,
6995,8000,85063,1.8967,0.0496,3.6264,3.671,0.0096,0.08,7.22,0.94,0.0,1000.0,486,493,21,49,49,2,262.0,0.01,2.9e-05,31706.0,,,,
6996,8000,85079,1.8751,0.0428,3.5957,3.681,0.0108,0.09,6.35,0.94,0.0,1010.0,521,478,11,52,47,1,260.0,0.01,2.9e-05,31691.0,,,,
6997,8000,85096,1.8202,0.0256,3.52,3.698,0.0114,0.09,5.37,0.95,0.0,985.0,498,476,11,51,48,1,266.0,0.0,2.9e-05,31704.0,,,,
6998,8000,85112,1.8369,0.022,3.5612,3.786,0.0119,0.09,5.95,0.94,0.0,994.0,482,488,24,48,49,2,264.0,0.01,2.9e-05,31691.0,,,,
6999,8000,85129,1.8624,0.0351,3.587,3.796,0.0115,0.09,7.93,0.94,0.0,1031.0,502,507,22,49,49,2,254.0,0.01,2.9e-05,31702.0,178,0,334,35
7000,8000,85161,1.8275,0.033,3.5215,3.877,0.0119,0.08,5.71,0.94,0.0,985.0,447,516,22,45,52,2,266.0,0.01,2.9e-05,31829.0,,,,
7001,8000,85178,1.8763,0.0349,3.6152,3.844,0.012,0.1,5.13,0.93,0.0,1016.0,436,560,20,43,55,2,258.0,0.01,2.9e-05,30566.0,,,,
7002,8000,85195,1.8775,0.0313,3.6227,3.725,0.0108,0.09,7.77,0.93,0.0,977.0,463,500,14,47,51,1,268.0,0.01,2.9e-05,31717.0,,,,
7003,8000,85211,1.8477,-0.005,3.6365,3.742,0.0085,0.08,7.68,0.93,0.0,1013.0,467,527,19,46,52,2,259.0,0.01,2.9e-05,31701.0,,,,
7004,8000,85228,1.8256,0.0281,3.5255,3.664,0.0113,0.09,6.52,0.94,0.0,971.0,500,454,17,51,47,2,270.0,0.01,2.9e-05,31711.0,,,,
7005,8000,85244,1.7947,-0.0002,3.5207,3.809,0.0075,0.07,10.06,0.95,0.0,901.0,477,405,19,53,45,2,291.0,0.01,2.9e-05,31774.0,,,,
7006,8000,85261,1.8226,0.0001,3.5762,3.804,0.0085,0.08,10.34,0.94,0.0,974.0,450,508,16,46,52,2,269.0,0.02,2.9e-05,31716.0,,,,
7007,8000,85278,1.8068,-0.0013,3.548,3.874,0.0073,0.07,10.17,0.94,0.0,947.0,449,468,30,47,49,3,277.0,0.01,2.9e-05,31723.0,,,,
7008,8000,85294,1.7852,0.0013,3.5001,3.84,0.0102,0.08,5.85,0.94,0.0,965.0,450,484,31,47,50,3,272.0,0.01,2.9e-05,31701.0,,,,
7009,8000,85311,1.8221,-0.01,3.5945,3.809,0.0123,0.1,4.57,0.94,0.0,1056.0,472,564,20,45,53,2,248.0,0.01,2.9e-05,31745.0,,,,
7010,8000,85327,1.8354,-0.0123,3.6259,3.772,0.0112,0.09,6.36,0.94,0.0,1036.0,498,508,30,48,49,3,253.0,0.01,2.9e-05,31689.0,,,,
7011,8000,85344,1.8214,-0.0143,3.6021,3.747,0.0081,0.07,6.22,0.94,0.0,1072.0,523,532,17,49,50,2,245.0,0.02,2.9e-05,31760.0,,,,
7012,8000,85360,1.8382,0.0124,3.5815,3.728,0.0105,0.08,6.84,0.94,0.0,981.0,514,455,12,52,46,1,267.0,0.02,2.9e-05,31774.0,,,,
7013,8000,85377,1.8215,-0.0089,3.5903,3.661,0.0094,0.08,5.64,0.94,0.0,1064.0,541,515,8,51,48,1,246.0,0.01,2.9e-05,31725.0,,,,
7014,8000,85394,1.8458,-0.0227,3.6668,3.694,0.0105,0.09,6.97,0.94,0.0,1059.0,543,507,9,51,48,1,248.0,0.02,2.9e-05,31708.0,,,,
7015,8000,85410,1.839,-0.0167,3.6413,3.64,0.0114,0.09,6.32,0.94,0.0,1113.0,556,545,12,50,49,1,236.0,0.02,2.9e-05,31704.0,,,,
7016,8000,85427,1.8439,-0.0128,3.6436,3.645,0.0132,0.1,5.04,0.94,0.0,1137.0,572,550,15,50,48,1,231.0,0.01,2.9e-05,31711.0,,,,
7017,8000,85443,1.8527,0.0015,3.6329,3.635,0.0096,0.09,6.15,0.94,0.0,1079.0,551,516,12,51,48,1,243.0,0.01,2.9e-05,31706.0,,,,
7018,8000,85460,1.8051,-0.0185,3.5765,3.581,0.0103,0.09,5.67,0.95,0.0,1095.0,540,545,10,49,50,1,239.0,0.01,2.9e-05,31776.0,,,,
7019,8000,85477,1.815,-0.0166,3.5931,3.633,0.0138,0.1,4.74,0.95,0.0,1070.0,558,507,5,52,47,0,245.0,0.01,2.9e-05,31715.0,,,,
7020,8000,85493,1.8267,-0.0116,3.6068,3.675,0.0076,0.06,9.51,0.95,0.0,1085.0,532,542,11,49,50,1,242.0,0.01,2.9e-05,31714.0,,,,
7021,8000,85510,1.8823,-0.0022,3.6996,3.747,0.0109,0.09,7.46,0.93,0.0,1017.0,500,507,10,49,50,1,258.0,0.01,2.9e-05,30578.0,,,,
7022,8000,85527,1.8276,-0.0217,3.6304,3.811,0.0084,0.08,6.55,0.93,0.0,1007.0,480,512,15,48,51,1,260.0,0.01,2.9e-05,31713.0,,,,
7023,8000,85544,1.8503,-0.0229,3.6773,3.746,0.009,0.08,6.31,0.93,0.0,1112.0,540,556,16,49,50,1,236.0,0.03,2.9e-05,31688.0,,,,
7024,8000,85560,1.8309,-0.0232,3.6379,3.616,0.011,0.09,4.73,0.93,0.0,1095.0,527,556,12,48,51,1,239.0,0.03,2.9e-05,31730.0,,,,
7025,8000,85577,1.8491,-0.0105,3.6506,3.725,0.0102,0.09,5.04,0.93,0.0,1146.0,567,567,12,49,49,1,229.0,0.04,2.9e-05,31726.0,,,,
7026,8000,85593,1.8551,-0.0032,3.6478,3.75,0.01,0.08,7.31,0.93,0.0,1099.0,499,590,10,45,54,1,239.0,0.01,2.9e-05,31766.0,,,,
7027,8000,85610,1.8264,-0.0097,3.6033,3.803,0.0089,0.08,4.51,0.94,0.0,1079.0,506,560,13,47,52,1,243.0,0.01,2.9e-05,31699.0,,,,
7028,8000,85627,1.814,-0.0258,3.6098,3.716,0.0104,0.09,4.91,0.94,0.0,1081.0,536,537,8,50,50,1,243.0,0.01,2.9e-05,31766.0,,,,
7029,8000,85643,1.8056,-0.027,3.5957,3.751,0.0083,0.07,5.91,0.93,0.0,1093.0,511,567,15,47,52,1,240.0,0.01,2.9e-05,31723.0,,,,
7030,8000,85660,1.8042,-0.0354,3.6095,3.647,0.0109,0.09,5.06,0.94,0.0,1106.0,536,550,20,48,50,2,237.0,0.01,2.9e-05,31700.0,,,,
7031,8000,85676,1.8248,-0.0112,3.6028,3.643,0.0096,0.08,8.29,0.94,0.0,1065.0,500,550,15,47,52,1,246.0,0.01,2.9e-05,31780.0,,,,
7032,8000,85693,1.8437,-0.0259,3.6693,3.626,0.0076,0.07,6.45,0.94,0.0,1105.0,549,533,23,50,48,2,237.0,0.01,2.9e-05,31723.0,,,,
7033,8000,85709,1.8519,-0.0039,3.6416,3.598,0.0115,0.1,4.41,0.93,0.0,1159.0,556,588,15,48,51,1,226.0,0.0,2.9e-05,31708.0,,,,
7034,8000,85726,1.824,-0.0147,3.6084,3.687,0.0097,0.08,5.89,0.94,0.0,1123.0,564,543,16,50,48,1,233.0,0.01,2.9e-05,31721.0,,,,
7035,8000,85743,1.8518,-0.0022,3.6387,3.657,0.009,0.08,6.19,0.94,0.0,1107.0,525,568,14,47,51,1,237.0,0.01,2.9e-05,31717.0,,,,
7036,8000,85759,1.8475,-0.0024,3.6318,3.66,0.0082,0.07,6.17,0.94,0.0,1164.0,564,583,17,48,50,1,225.0,0.0,2.9e-05,31710.0,,,,
7037,8000,85776,1.8597,-0.0013,3.6539,3.684,0.0102,0.08,5.17,0.94,0.0,1155.0,570,571,14,49,49,1,227.0,0.0,2.9e-05,31707.0,,,,
7038,8000,85792,1.85,-0.0069,3.6446,3.672,0.0099,0.09,7.08,0.94,0.0,1153.0,570,569,14,49,49,1,227.0,0.0,2.9e-05,31710.0,,,,
7039,8000,85809,1.8319,-0.0124,3.6199,3.641,0.0093,0.08,5.98,0.94,0.0,1125.0,553,552,20,49,49,2,233.0,0.0,2.9e-05,31703.0,,,,
7040,8000,85826,1.8285,-0.0176,3.6232,3.684,0.0118,0.09,4.42,0.94,0.0,1129.0,521,593,15,46,53,1,232.0,0.0,2.9e-05,31705.0,,,,
7041,8000,85843,1.8954,-0.0013,3.7227,3.597,0.0088,0.08,6.07,0.93,0.0,1098.0,555,532,11,51,48,1,239.0,0.01,2.9e-05,30592.0,,,,
7042,8000,85859,1.8786,0.0077,3.6712,3.601,0.011,0.09,6.49,0.93,0.0,1067.0,505,542,20,47,51,2,246.0,0.02,2.9e-05,31698.0,,,,
7043,8000,85876,1.8672,-0.0073,3.6783,3.587,0.0101,0.09,7.19,0.94,0.0,1104.0,537,549,18,49,50,2,237.0,0.01,2.9e-05,31706.0,,,,
7044,8000,85893,1.8443,-0.0074,3.6331,3.594,0.0122,0.09,4.21,0.93,0.0,1143.0,575,555,13,50,49,1,229.0,0.02,2.9e-05,31704.0,,,,
7045,8000,85909,1.8473,-0.013,3.6493,3.559,0.0121,0.09,5.32,0.94,0.0,1125.0,533,582,10,47,52,1,233.0,0.01,2.9e-05,31698.0,,,,
7046,8000,85926,1.8514,-0.0045,3.6398,3.479,0.0101,0.08,6.0,0.94,0.0,1130.0,547,578,5,48,51,0,232.0,0.01,2.9e-05,31776.0,,,,
7047,8000,85942,1.8474,0.0095,3.605,3.616,0.0118,0.09,3.89,0.94,0.0,1110.0,540,564,6,49,51,1,236.0,0.02,2.9e-05,31733.0,,,,
7048,8000,85959,1.8702,0.0043,3.6613,3.619,0.0078,0.07,9.2,0.94,0.0,1106.0,539,559,8,49,51,1,237.0,0.01,2.9e-05,31695.0,,,,
7049,8000,85976,1.8537,0.0087,3.6188,3.581,0.0101,0.08,6.25,0.94,0.0,1102.0,544,552,6,49,50,1,238.0,0.01,2.9e-05,31780.0,192,0,320,38
7050,8000,86007,1.8638,0.004,3.6491,3.598,0.0108,0.09,7.01,0.94,0.0,1152.0,580,565,7,50,49,1,228.0,0.01,2.9e-05,31848.0,,,,
7051,8000,86024,1.8776,0.0098,3.6644,3.538,0.0106,0.09,4.94,0.94,0.0,1217.0,604,606,7,50,50,1,215.0,0.02,2.9e-05,31705.0,,,,
7052,8000,86041,1.9133,0.0168,3.7219,3.514,0.0102,0.09,5.23,0.93,0.0,1193.0,547,639,7,46,54,1,220.0,0.02,2.9e-05,31693.0,,,,
7053,8000,86057,1.9222,0.0196,3.7344,3.566,0.0111,0.09,5.65,0.94,0.0,1158.0,571,581,6,49,50,1,226.0,0.01,2.9e-05,31707.0,,,,
7054,8000,86074,1.9143,0.0279,3.702,3.59,0.01,0.08,5.82,0.94,0.0,1183.0,582,598,3,49,51,0,222.0,0.01,2.9e-05,31695.0,,,,
7055,8000,86091,1.8802,0.0267,3.6363,3.636,0.0091,0.08,4.6,0.94,0.0,1138.0,572,565,1,50,50,0,230.0,0.0,2.9e-05,31692.0,,,,
7056,8000,86107,1.8596,0.0169,3.6142,3.584,0.0093,0.08,4.36,0.94,0.0,1172.0,555,610,7,47,52,1,224.0,0.01,2.9e-05,31701.0,,,,
7057,8000,86124,1.8829,0.0216,3.651,3.514,0.0088,0.08,6.9,0.94,0.0,1142.0,566,572,4,50,50,0,230.0,0.01,2.9e-05,31693.0,,,,
7058,8000,86140,1.8562,0.0011,3.6385,3.504,0.0089,0.08,6.61,0.94,0.0,1153.0,561,590,2,49,51,0,227.0,0.01,2.9e-05,31689.0,,,,
7059,8000,86157,1.8638,-0.0011,3.6579,3.481,0.0108,0.08,7.61,0.94,0.0,1141.0,502,633,6,44,55,1,230.0,0.01,2.9e-05,31715.0,,,,
7060,8000,86174,1.8524,-0.0004,3.6341,3.505,0.0096,0.08,6.19,0.94,0.0,1131.0,504,621,6,45,55,1,232.0,0.01,2.9e-05,31705.0,,,,
7061,8000,86191,1.904,0.0079,3.7209,3.535,0.0102,0.09,5.08,0.93,0.0,1149.0,557,584,8,48,51,1,228.0,0.01,2.9e-05,30569.0,,,,
7062,8000,86207,1.8894,0.0228,3.6625,3.656,0.011,0.09,7.18,0.93,0.0,1105.0,553,547,5,50,50,0,237.0,0.02,2.9e-05,31704.0,,,,
7063,8000,86224,1.8478,-0.0017,3.6287,3.69,0.0096,0.08,7.18,0.94,0.0,1029.0,510,512,7,50,50,1,255.0,0.02,2.9e-05,31706.0,,,,
7064,8000,86241,1.8591,0.0235,3.6013,3.747,0.0099,0.08,9.37,0.94,0.0,1032.0,537,493,2,52,48,0,254.0,0.02,2.9e-05,31757.0,,,,
7065,8000,86257,1.8228,-0.0053,3.5878,3.875,0.0101,0.08,6.12,0.94,0.0,1043.0,528,505,10,51,48,1,251.0,0.01,2.9e-05,31695.0,,,,
7066,8000,86274,1.8194,-0.0002,3.5709,3.895,0.0103,0.08,5.72,0.94,0.0,1048.0,553,480,15,53,46,1,250.0,0.02,2.9e-05,31709.0,,,,
7067,8000,86290,1.8259,-0.0066,3.5962,3.856,0.008,0.07,8.23,0.94,0.0,1015.0,539,471,5,53,46,0,258.0,0.02,2.9e-05,31689.0,,,,
7068,8000,86307,1.8687,-0.0073,3.6833,3.852,0.0075,0.07,9.75,0.94,0.0,1113.0,570,537,6,51,48,1,236.0,0.03,2.9e-05,31759.0,,,,
7069,8000,86324,1.844,0.0064,3.6066,3.88,0.0115,0.09,4.26,0.94,0.0,1084.0,582,500,2,54,46,0,242.0,0.03,2.9e-05,31698.0,,,,
7070,8000,86340,1.8702,0.0215,3.6296,3.932,0.0105,0.09,5.94,0.94,0.0,1125.0,581,536,8,52,48,1,233.0,0.02,2.9e-05,31690.0,,,,
7071,8000,86357,1.8759,0.0062,3.6715,3.918,0.0099,0.08,7.04,0.93,0.0,1118.0,569,544,5,51,49,0,234.0,0.01,2.9e-05,31682.0,,,,
7072,8000,86373,1.8929,0.0246,3.6674,3.796,0.0066,0.06,8.52,0.94,0.0,1082.0,550,529,3,51,49,0,242.0,0.01,2.9e-05,31706.0,,,,
7073,8000,86390,1.8766,0.0173,3.6501,3.779,0.0082,0.08,8.85,0.94,0.0,1058.0,528,522,8,50,49,1,248.0,0.01,2.9e-05,31722.0,,,,
7074,8000,86407,1.8717,0.021,3.633,3.821,0.0099,0.08,5.22,0.94,0.0,1098.0,564,529,5,51,48,0,239.0,0.02,2.9e-05,31699.0,,,,
7075,8000,86423,1.8403,0.0086,3.595,3.886,0.0089,0.08,5.32,0.94,0.0,1027.0,510,514,3,50,50,0,255.0,0.02,2.9e-05,31699.0,,,,
7076,8000,86440,1.8473,0.0073,3.6119,3.906,0.007,0.06,9.05,0.94,0.0,1043.0,533,507,3,51,49,0,251.0,0.02,2.9e-05,31768.0,,,,
7077,8000,86456,1.8225,0.0125,3.553,3.932,0.01,0.08,5.74,0.95,0.0,1060.0,553,498,9,52,47,1,247.0,0.02,2.9e-05,31692.0,,,,
7078,8000,86473,1.8191,0.0165,3.537,3.922,0.0121,0.09,6.75,0.95,0.0,1036.0,515,519,2,50,50,0,253.0,0.02,2.9e-05,31692.0,,,,
7079,8000,86490,1.8578,0.0271,3.5935,3.922,0.0102,0.08,7.49,0.95,0.0,983.0,470,509,4,48,52,0,267.0,0.02,2.9e-05,31690.0,,,,
7080,8000,86506,1.832,0.0307,3.5365,4.016,0.0115,0.08,7.73,0.95,0.0,1018.0,509,501,8,50,49,1,258.0,0.02,2.9e-05,31699.0,,,,
7081,8000,86523,1.8954,0.0153,3.6922,3.901,0.0094,0.08,7.39,0.93,0.0,1048.0,534,509,5,51,49,0,250.0,0.02,2.9e-05,30565.0,,,,
7082,8000,86540,1.8566,0.0268,3.592,3.994,0.0136,0.1,4.58,0.93,0.0,1001.0,497,500,4,50,50,0,262.0,0.02,2.9e-05,31681.0,,,,
7083,8000,86557,1.8393,0.0249,3.5616,3.977,0.0123,0.1,4.09,0.93,0.0,924.0,480,440,4,52,48,0,284.0,0.02,2.9e-05,31696.0,,,,
7084,8000,86573,1.8641,0.0224,3.6165,3.957,0.0091,0.08,7.81,0.93,0.0,962.0,464,491,7,48,51,1,272.0,0.02,2.9e-05,31706.0,,,,
7085,8000,86590,1.8563,0.0173,3.6128,4.023,0.0081,0.07,6.36,0.93,0.0,1015.0,516,488,11,51,48,1,258.0,0.02,2.9e-05,31739.0,,,,
7086,8000,86606,1.824,0.024,3.5382,4.051,0.01,0.08,4.78,0.94,0.0,941.0,445,480,16,47,51,2,279.0,0.02,2.9e-05,31687.0,,,,
7087,8000,86623,1.8311,0.0329,3.5319,4.051,0.0104,0.08,4.7,0.94,0.0,932.0,450,469,13,48,50,1,281.0,0.02,2.9e-05,31702.0,,,,
7088,8000,86640,1.8496,0.0286,3.5768,3.966,0.0102,0.08,8.42,0.93,0.0,1023.0,504,508,11,49,50,1,256.0,0.01,2.9e-05,31753.0,,,,
7089,8000,86656,1.8319,0.0351,3.5275,3.957,0.011,0.09,4.59,0.94,0.0,989.0,507,470,12,51,48,1,265.0,0.01,2.9e-05,31703.0,,,,
7090,8000,86673,1.8038,0.0186,3.5064,3.988,0.0103,0.08,4.54,0.94,0.0,953.0,460,474,19,48,50,2,275.0,0.02,2.9e-05,31701.0,,,,
7091,8000,86689,1.7989,0.0251,3.4846,4.053,0.0078,0.07,5.84,0.94,0.0,850.0,407,423,20,48,50,2,308.0,0.03,2.9e-05,31714.0,,,,
7092,8000,86706,1.7928,0.0424,3.4369,4.008,0.0091,0.07,7.21,0.94,0.0,797.0,386,391,20,48,49,3,329.0,0.03,2.9e-05,31690.0,,,,
7093,8000,86722,1.7674,0.027,3.416,3.978,0.0098,0.08,6.11,0.94,0.0,815.0,389,406,20,48,50,2,322.0,0.03,2.9e-05,31763.0,,,,
7094,8000,86739,1.7991,0.0299,3.4741,4.017,0.0103,0.08,5.78,0.94,0.0,840.0,395,423,22,47,50,3,312.0,0.02,2.9e-05,31756.0,,,,
7095,8000,86756,1.8074,0.0366,3.4782,4.0,0.009,0.08,4.71,0.94,0.0,904.0,456,425,23,50,47,3,290.0,0.01,2.9e-05,31703.0,,,,
7096,8000,86772,1.8387,0.033,3.5465,3.922,0.0081,0.07,6.42,0.93,0.0,964.0,461,487,16,48,51,2,272.0,0.01,2.9e-05,31698.0,,,,
7097,8000,86789,1.8302,0.0299,3.5346,3.9,0.0097,0.08,5.69,0.94,0.0,953.0,474,458,21,50,48,2,275.0,0.01,2.9e-05,31691.0,,,,
7098,8000,86805,1.8275,0.0188,3.5522,3.94,0.008,0.07,9.05,0.94,0.0,958.0,466,471,21,49,49,2,274.0,0.01,2.9e-05,31681.0,,,,
7099,8000,86822,1.8364,0.0225,3.5616,3.933,0.0078,0.07,6.62,0.93,0.0,954.0,463,472,19,49,49,2,275.0,0.01,2.9e-05,31697.0,215,0,297,42
7100,8000,86854,1.829,0.035,3.5215,3.897,0.0086,0.07,5.94,0.94,0.0,966.0,506,443,17,52,46,2,271.0,0.02,2.9e-05,31822.0,,,,
7101,8000,86871,1.8487,0.02,3.5899,3.911,0.0114,0.08,5.31,0.93,0.0,986.0,493,480,13,50,49,1,266.0,0.02,2.9e-05,30569.0,,,,
7102,8000,86888,1.8521,0.0214,3.5928,3.834,0.009,0.08,5.81,0.93,0.0,972.0,487,461,24,50,47,2,270.0,0.01,2.9e-05,31746.0,,,,
7103,8000,86904,1.833,0.0132,3.5722,3.945,0.009,0.07,4.88,0.94,0.0,1019.0,517,480,22,51,47,2,257.0,0.0,2.9e-05,31669.0,,,,
7104,8000,86921,1.8477,-0.0017,3.6306,3.894,0.0092,0.08,5.33,0.93,0.0,1022.0,530,469,23,52,46,2,257.0,0.01,2.9e-05,31690.0,,,,
7105,8000,86938,1.8448,0.0059,3.6097,3.869,0.0102,0.08,7.73,0.93,0.0,1037.0,524,500,13,51,48,1,253.0,0.01,2.9e-05,31666.0,,,,
7106,8000,86954,1.8483,0.0187,3.5915,3.919,0.0093,0.08,7.65,0.93,0.0,1012.0,510,491,11,50,49,1,259.0,0.01,2.9e-05,31683.0,,,,
7107,8000,86971,1.8474,0.0087,3.6089,3.872,0.0083,0.08,6.7,0.93,0.0,1047.0,518,522,7,49,50,1,250.0,0.0,2.9e-05,31736.0,,,,
7108,8000,86987,1.8537,0.0076,3.6244,3.819,0.0102,0.08,4.65,0.93,0.0,1085.0,559,502,24,52,46,2,242.0,0.0,2.9e-05,31691.0,,,,
7109,8000,87004,1.8588,-0.002,3.654,3.876,0.0108,0.08,5.84,0.93,0.0,1147.0,639,491,17,56,43,1,229.0,0.0,2.9e-05,31681.0,,,,
7110,8000,87021,1.8768,0.0145,3.6559,3.763,0.0117,0.09,5.7,0.93,0.0,1142.0,589,544,9,52,48,1,230.0,0.01,2.9e-05,31697.0,,,,
7111,8000,87037,1.8654,0.0097,3.643,3.848,0.0096,0.08,5.15,0.94,0.0,1144.0,605,532,7,53,47,1,229.0,0.01,2.9e-05,31693.0,,,,
7112,8000,87054,1.8603,0.0149,3.6214,3.75,0.0115,0.08,6.09,0.94,0.0,1099.0,571,524,4,52,48,0,239.0,0.01,2.9e-05,31700.0,,,,
7113,8000,87070,1.855,0.0188,3.6034,3.745,0.0112,0.09,4.82,0.93,0.0,1056.0,540,510,6,51,48,1,248.0,0.01,2.9e-05,31668.0,,,,
7114,8000,87087,1.8204,0.0043,3.5627,3.717,0.0097,0.08,5.17,0.94,0.0,1056.0,554,492,10,52,47,1,248.0,0.01,2.9e-05,31677.0,,,,
7115,8000,87104,1.8359,0.0051,3.5928,3.761,0.0101,0.08,5.33,0.94,0.0,1091.0,580,499,12,53,46,1,240.0,0.0,2.9e-05,31674.0,,,,
7116,8000,87120,1.8641,0.0124,3.6342,3.721,0.0095,0.08,5.72,0.94,0.0,1118.0,593,519,6,53,46,1,234.0,0.0,2.9e-05,31689.0,,,,
7117,8000,87137,1.8863,0.0243,3.6551,3.743,0.0086,0.07,7.44,0.94,0.0,1112.0,570,536,6,51,48,1,236.0,0.01,2.9e-05,31675.0,,,,
7118,8000,87153,1.8297,0.0108,3.5693,3.819,0.0101,0.08,4.53,0.94,0.0,1060.0,543,511,6,51,48,1,247.0,0.01,2.9e-05,31684.0,,,,
7119,8000,87170,1.8155,-0.0091,3.5808,3.89,0.0105,0.08,5.11,0.94,0.0,1046.0,532,509,5,51,49,0,251.0,0.01,2.9e-05,31747.0,,,,
7120,8000,87187,1.7957,0.0121,3.5009,3.906,0.0098,0.08,5.43,0.95,0.0,988.0,521,455,12,53,46,1,265.0,0.01,2.9e-05,31684.0,,,,
7121,8000,87204,1.8344,0.0192,3.5641,3.941,0.0099,0.08,5.98,0.94,0.0,990.0,489,486,15,49,49,2,265.0,0.0,2.9e-05,30576.0,,,,
7122,8000,87220,1.8399,0.0091,3.5948,3.791,0.0105,0.08,5.16,0.93,0.0,997.0,468,513,16,47,51,2,263.0,0.01,2.9e-05,31716.0,,,,
7123,8000,87237,1.8197,0.0119,3.5484,3.898,0.0111,0.08,5.05,0.94,0.0,970.0,464,493,13,48,51,1,270.0,0.01,2.9e-05,31695.0,,,,
7124,8000,87254,1.838,0.0113,3.5857,3.87,0.0087,0.07,10.04,0.93,0.0,922.0,445,470,7,48,51,1,284.0,0.01,2.9e-05,31696.0,,,,
7125,8000,87270,1.8239,-0.0003,3.5816,3.76,0.0084,0.07,7.47,0.94,0.0,928.0,433,481,14,47,52,2,282.0,0.02,2.9e-05,31687.0,,,,
7126,8000,87287,1.8393,0.0199,3.5723,3.863,0.0079,0.06,8.0,0.93,0.0,996.0,488,489,19,49,49,2,263.0,0.01,2.9e-05,31688.0,,,,
7127,8000,87304,1.862,0.0281,3.6028,3.859,0.0097,0.08,5.14,0.93,0.0,985.0,479,484,22,49,49,2,266.0,0.01,2.9e-05,31688.0,,,,
7128,8000,87320,1.842,0.0012,3.6153,3.83,0.0099,0.08,5.12,0.93,0.0,1070.0,519,536,15,49,50,1,245.0,0.01,2.9e-05,31701.0,,,,
7129,8000,87337,1.8326,0.0138,3.5702,3.815,0.0117,0.09,4.91,0.94,0.0,1074.0,503,553,18,47,51,2,244.0,0.01,2.9e-05,31702.0,,,,
7130,8000,87353,1.849,0.0091,3.6122,3.765,0.0114,0.09,4.67,0.93,0.0,1106.0,561,531,14,51,48,1,237.0,0.0,2.9e-05,31687.0,,,,
7131,8000,87370,1.8369,-0.0002,3.6066,3.848,0.009,0.08,5.05,0.94,0.0,1101.0,552,534,15,50,49,1,238.0,0.01,2.9e-05,31691.0,,,,
7132,8000,87387,1.8508,0.0134,3.6069,3.843,0.0141,0.09,3.65,0.93,0.0,1107.0,565,533,9,51,48,1,237.0,0.01,2.9e-05,31699.0,,,,
7133,8000,87403,1.8638,0.011,3.6387,3.839,0.0115,0.08,6.98,0.93,0.0,1120.0,552,552,16,49,49,1,234.0,0.01,2.9e-05,31705.0,,,,
7134,8000,87420,1.87,0.0242,3.6221,3.784,0.0104,0.08,5.31,0.93,0.0,1053.0,518,529,6,49,50,1,249.0,0.01,2.9e-05,31681.0,,,,
7135,8000,87436,1.8557,0.0234,3.598,3.804,0.0089,0.07,8.58,0.94,0.0,1043.0,532,493,18,51,47,2,251.0,0.01,2.9e-05,31675.0,,,,
7136,8000,87453,1.8231,0.0152,3.548,3.805,0.0113,0.09,7.05,0.94,0.0,1021.0,481,530,10,47,52,1,257.0,0.01,2.9e-05,31696.0,,,,
7137,8000,87470,1.8193,0.0078,3.5556,3.772,0.0104,0.08,5.77,0.94,0.0,1032.0,479,536,17,46,52,2,254.0,0.0,2.9e-05,31690.0,,,,
7138,8000,87486,1.8169,0.0166,3.5342,3.829,0.0106,0.07,6.87,0.94,0.0,1041.0,472,553,16,45,53,2,252.0,0.0,2.9e-05,31711.0,,,,
7139,8000,87503,1.8046,0.0088,3.5238,3.841,0.0114,0.08,5.66,0.94,0.0,993.0,486,490,17,49,49,2,264.0,0.01,2.9e-05,31707.0,,,,
7140,8000,87519,1.7917,0.0123,3.4905,3.813,0.0121,0.08,10.24,0.94,0.0,975.0,479,481,15,49,49,2,269.0,0.01,2.9e-05,31673.0,,,,
7141,8000,87537,1.8363,0.0032,3.6001,3.931,0.0082,0.07,9.52,0.93,0.0,957.0,491,439,27,51,46,3,274.0,0.01,2.9e-05,30569.0,,,,
7142,8000,87553,1.8446,0.0213,3.5806,3.958,0.0094,0.07,6.44,0.93,0.0,1025.0,503,502,20,49,49,2,256.0,0.0,2.9e-05,31681.0,,,,
7143,8000,87570,1.8827,0.0294,3.6406,3.936,0.0088,0.08,6.57,0.93,0.0,1097.0,556,512,29,51,47,3,239.0,0.01,2.9e-05,31695.0,,,,
7144,8000,87586,1.8672,0.0254,3.6186,4.01,0.0128,0.09,3.97,0.93,0.0,1142.0,571,543,28,50,48,2,230.0,0.01,2.9e-05,31680.0,,,,
7145,8000,87603,1.875,0.0238,3.6349,3.932,0.0108,0.08,4.62,0.93,0.0,1138.0,537,588,13,47,52,1,230.0,0.01,2.9e-05,31708.0,,,,
7146,8000,87620,1.867,0.0074,3.6522,3.94,0.0096,0.08,8.96,0.93,0.0,1139.0,580,546,13,51,48,1,230.0,0.01,2.9e-05,31749.0,,,,
7147,8000,87636,1.8462,0.0103,3.6037,3.872,0.0102,0.08,5.47,0.93,0.0,1131.0,573,544,14,51,48,1,232.0,0.01,2.9e-05,31711.0,,,,
7148,8000,87653,1.8458,0.0202,3.5829,3.867,0.0128,0.09,4.06,0.94,0.0,1057.0,530,516,11,50,49,1,248.0,0.01,2.9e-05,31674.0,,,,
7149,8000,87669,1.8525,0.0055,3.6249,3.82,0.0097,0.08,6.05,0.93,0.0,1165.0,607,551,7,52,47,1,225.0,0.01,2.9e-05,31743.0,262,0,250,51
7150,8000,87701,1.8367,0.0192,3.5662,3.809,0.0099,0.08,4.74,0.94,0.0,1111.0,559,541,11,50,49,1,236.0,0.01,2.9e-05,31852.0,,,,
7151,8000,87718,1.8604,0.0073,3.6383,3.842,0.0109,0.09,4.53,0.93,0.0,1164.0,589,562,13,51,48,1,225.0,0.01,2.9e-05,31762.0,,,,
7152,8000,87735,1.8683,0.0239,3.6213,3.866,0.0098,0.08,3.98,0.94,0.0,1193.0,646,536,11,54,45,1,220.0,0.01,2.9e-05,31700.0,,,,
7153,8000,87751,1.8947,0.0331,3.6551,3.833,0.0096,0.08,6.34,0.94,0.0,1225.0,626,591,8,51,48,1,214.0,0.01,2.9e-05,31686.0,,,,
7154,8000,87768,1.8636,0.0196,3.6198,3.792,0.0101,0.08,3.75,0.93,0.0,1199.0,619,572,8,52,48,1,219.0,0.01,2.9e-05,31705.0,,,,
7155,8000,87784,1.8848,0.0284,3.6444,3.781,0.0114,0.09,5.06,0.93,0.0,1211.0,640,563,8,53,46,1,216.0,0.01,2.9e-05,31685.0,,,,
7156,8000,87801,1.8955,0.0412,3.6408,3.788,0.0096,0.08,4.72,0.94,0.0,1182.0,600,576,6,51,49,1,222.0,0.01,2.9e-05,31680.0,,,,
7157,8000,87818,1.8746,0.0235,3.634,3.71,0.0109,0.08,4.87,0.93,0.0,1187.0,632,545,10,53,46,1,221.0,0.01,2.9e-05,31701.0,,,,
7158,8000,87834,1.8831,0.0167,3.6641,3.653,0.0103,0.08,4.11,0.93,0.0,1216.0,625,582,9,51,48,1,216.0,0.01,2.9e-05,31713.0,,,,
7159,8000,87851,1.8764,0.0173,3.6495,3.722,0.0094,0.07,4.72,0.93,0.0,1203.0,620,576,7,52,48,1,218.0,0.01,2.9e-05,31707.0,,,,
7160,8000,87867,1.8642,0.0239,3.6124,3.785,0.0095,0.08,4.51,0.94,0.0,1210.0,668,536,6,55,44,0,217.0,0.01,2.9e-05,31704.0,,,,
7161,8000,87885,1.927,0.0333,3.7185,3.781,0.0094,0.07,5.75,0.93,0.0,1169.0,576,584,9,49,50,1,224.0,0.01,2.9e-05,30598.0,,,,
7162,8000,87901,1.8954,0.0175,3.6868,3.78,0.0101,0.08,5.89,0.92,0.0,1193.0,608,575,10,51,48,1,220.0,0.01,2.9e-05,31738.0,,,,
7163,8000,87918,1.8853,0.0244,3.6536,3.842,0.0101,0.07,5.97,0.93,0.0,1159.0,563,585,11,49,50,1,226.0,0.0,2.9e-05,31714.0,,,,
7164,8000,87934,1.8813,0.0343,3.6254,3.824,0.0089,0.07,6.24,0.93,0.0,1129.0,534,583,12,47,52,1,232.0,0.01,2.9e-05,31752.0,,,,
7165,8000,87951,1.8788,0.0286,3.632,3.927,0.0087,0.07,6.65,0.94,0.0,1128.0,552,559,17,49,50,2,232.0,0.0,2.9e-05,31709.0,,,,
7166,8000,87967,1.8883,0.0287,3.6502,3.809,0.01,0.08,7.74,0.94,0.0,1117.0,552,555,10,49,50,1,235.0,0.0,2.9e-05,31719.0,,,,
7167,8000,87984,1.8539,0.0263,3.5862,3.799,0.0087,0.07,7.72,0.94,0.0,1041.0,519,508,14,50,49,1,252.0,0.01,2.9e-05,31723.0,,,,
7168,8000,88001,1.8393,0.0375,3.536,3.9,0.0109,0.08,5.95,0.95,0.0,1104.0,524,556,24,47,50,2,237.0,0.0,2.9e-05,31759.0,,,,
7169,8000,88017,1.8279,0.0131,3.5611,3.83,0.0105,0.08,8.84,0.95,0.0,1030.0,514,502,14,50,49,1,255.0,0.0,2.9e-05,31750.0,,,,
7170,8000,88034,1.8221,0.0181,3.54,3.824,0.0105,0.08,5.69,0.94,0.0,1000.0,503,477,20,50,48,2,262.0,0.0,2.9e-05,31702.0,,,,
7171,8000,88050,1.8376,0.0335,3.5401,3.808,0.0114,0.08,6.1,0.94,0.0,993.0,489,493,11,49,50,1,264.0,0.0,2.9e-05,31711.0,,,,
7172,8000,88067,1.893,0.0267,3.6636,3.741,0.0093,0.07,15.04,0.94,0.0,999.0,500,477,22,50,48,2,262.0,0.0,2.9e-05,31728.0,,,,
7173,8000,88084,1.846,0.0233,3.5761,3.739,0.0117,0.08,7.55,0.94,0.0,1038.0,531,484,23,51,47,2,253.0,0.0,2.9e-05,31707.0,,,,
7174,8000,88100,1.8698,0.0345,3.6037,3.828,0.0092,0.07,8.29,0.95,0.0,1048.0,518,506,24,49,48,2,250.0,0.0,2.9e-05,31705.0,,,,
7175,8000,88117,1.8162,0.0101,3.5453,3.831,0.0129,0.09,5.96,0.95,0.0,1037.0,511,500,26,49,48,3,253.0,0.0,2.9e-05,31713.0,,,,
7176,8000,88133,1.8503,0.0176,3.5965,3.748,0.0101,0.07,12.63,0.95,0.0,1030.0,530,486,14,51,47,1,255.0,0.0,2.9e-05,31752.0,,,,
7177,8000,88150,1.8068,0.0217,3.5021,3.802,0.0119,0.09,6.0,0.95,0.0,997.0,527,456,14,53,46,1,263.0,0.0,2.9e-05,31708.0,,,,
7178,8000,88167,1.829,0.0209,3.5498,3.788,0.0094,0.07,9.46,0.95,0.0,999.0,482,491,26,48,49,3,262.0,0.0,2.9e-05,31751.0,,,,
7179,8000,88183,1.8079,0.0086,3.5303,3.793,0.0095,0.07,11.06,0.95,0.0,969.0,493,457,19,51,47,2,271.0,0.0,2.9e-05,31694.0,,,,
7180,8000,88200,1.8404,0.0085,3.5959,3.796,0.009,0.07,15.75,0.95,0.0,962.0,516,423,23,54,44,2,272.0,0.0,2.9e-05,31712.0,,,,
7181,8000,88217,1.8386,0.0074,3.5946,3.863,0.0123,0.09,9.82,0.94,0.0,940.0,473,451,16,50,48,2,279.0,0.0,2.9e-05,30565.0,,,,
7182,8000,88234,1.847,0.0143,3.5968,3.797,0.0124,0.09,7.22,0.93,0.0,1003.0,516,464,23,51,46,2,261.0,0.01,2.9e-05,31698.0,,,,
7183,8000,88250,1.8682,-0.0008,3.6695,3.849,0.0104,0.08,10.44,0.93,0.0,1026.0,511,489,26,50,48,3,256.0,0.02,2.9e-05,31752.0,,,,
7184,8000,88267,1.8492,-0.0021,3.634,3.763,0.0129,0.1,4.41,0.93,0.0,1093.0,529,535,29,48,49,3,240.0,0.02,2.9e-05,31682.0,,,,
7185,8000,88283,1.8423,-0.0012,3.6177,3.762,0.0116,0.09,5.18,0.93,0.0,1095.0,550,537,8,50,49,1,239.0,0.02,2.9e-05,31690.0,,,,
7186,8000,88300,1.851,0.0098,3.6138,3.843,0.0117,0.09,4.93,0.94,0.0,1117.0,563,544,10,50,49,1,235.0,0.02,2.9e-05,31745.0,,,,
7187,8000,88317,1.8643,0.0098,3.6412,3.855,0.0096,0.08,6.34,0.93,0.0,1052.0,541,502,9,51,48,1,249.0,0.02,2.9e-05,31693.0,,,,
7188,8000,88333,1.8711,0.0209,3.6313,3.763,0.0121,0.1,4.83,0.93,0.0,1066.0,528,532,6,50,50,1,246.0,0.03,2.9e-05,31684.0,,,,
7189,8000,88350,1.8647,0.0148,3.6311,3.742,0.0089,0.08,5.97,0.94,0.0,1105.0,546,549,10,49,50,1,237.0,0.02,2.9e-05,31695.0,,,,
7190,8000,88366,1.8502,0.0095,3.6132,3.767,0.0138,0.11,4.51,0.93,0.0,1111.0,570,533,8,51,48,1,236.0,0.02,2.9e-05,31753.0,,,,
7191,8000,88383,1.8806,0.0236,3.6458,3.741,0.0115,0.09,5.23,0.93,0.0,1115.0,593,512,10,53,46,1,235.0,0.02,2.9e-05,31690.0,,,,
7192,8000,88400,1.8714,0.027,3.6203,3.751,0.0114,0.09,4.36,0.93,0.0,1104.0,543,557,4,49,50,0,237.0,0.01,2.9e-05,31675.0,,,,
7193,8000,88416,1.9091,0.04,3.6714,3.76,0.0117,0.09,8.39,0.93,0.0,1149.0,591,547,11,51,48,1,228.0,0.02,2.9e-05,31740.0,,,,
7194,8000,88433,1.8614,0.0154,3.6247,3.787,0.011,0.08,3.8,0.93,0.0,1168.0,602,552,14,52,47,1,224.0,0.01,2.9e-05,31735.0,,,,
7195,8000,88449,1.8673,0.0141,3.6388,3.811,0.0118,0.09,5.16,0.94,0.0,1169.0,604,560,5,52,48,0,224.0,0.03,2.9e-05,31676.0,,,,
7196,8000,88466,1.8639,-0.0177,3.6961,3.844,0.0072,0.07,7.58,0.93,0.0,1110.0,554,546,10,50,49,1,236.0,0.02,2.9e-05,31678.0,,,,
7197,8000,88483,1.8667,0.0151,3.6359,3.853,0.0107,0.09,5.77,0.93,0.0,1111.0,547,557,7,49,50,1,236.0,0.02,2.9e-05,31692.0,,,,
7198,8000,88499,1.8495,0.0087,3.6142,3.817,0.0108,0.08,3.48,0.93,0.0,1128.0,566,557,5,50,49,0,232.0,0.01,2.9e-05,31693.0,,,,
7199,8000,88516,1.8615,0.0117,3.6346,3.93,0.0106,0.09,5.34,0.93,0.0,1108.0,537,556,15,48,50,1,237.0,0.01,2.9e-05,31683.0,180,0,332,35
7200,8000,88548,1.883,0.0158,3.6693,3.823,0.0096,0.08,5.08,0.93,0.0,1060.0,571,479,10,54,45,1,247.0,0.03,2.9e-05,31826.0,,,,
7201,8000,88565,1.889,0.0225,3.6646,3.777,0.0115,0.1,4.39,0.92,0.0,1066.0,533,523,10,50,49,1,246.0,0.01,2.9e-05,30656.0,,,,
7202,8000,88581,1.8462,0.0044,3.6149,3.742,0.0128,0.1,2.83,0.92,0.0,1072.0,553,509,10,52,47,1,245.0,0.01,2.9e-05,31774.0,,,,
7203,8000,88598,1.8516,-0.0064,3.6496,3.825,0.0101,0.08,6.77,0.93,0.0,1053.0,515,522,16,49,50,2,249.0,0.01,2.9e-05,31727.0,,,,
7204,8000,88615,1.8564,0.0097,3.6255,3.761,0.0109,0.09,4.12,0.93,0.0,1070.0,537,521,12,50,49,1,245.0,0.01,2.9e-05,31713.0,,,,
7205,8000,88631,1.8673,0.0152,3.6364,3.864,0.0118,0.09,4.67,0.92,0.0,1148.0,575,562,11,50,49,1,228.0,0.01,2.9e-05,31782.0,,,,
7206,8000,88648,1.9056,0.0266,3.69,3.837,0.0099,0.08,5.58,0.93,0.0,1128.0,593,520,15,53,46,1,232.0,0.01,2.9e-05,31716.0,,,,
7207,8000,88664,1.873,0.0023,3.6734,3.801,0.0085,0.08,6.39,0.93,0.0,1131.0,580,544,7,51,48,1,232.0,0.01,2.9e-05,31784.0,,,,
7208,8000,88681,1.8713,-0.0006,3.6759,3.845,0.0087,0.08,5.8,0.94,0.0,1140.0,563,573,4,49,50,0,230.0,0.01,2.9e-05,31707.0,,,,
7209,8000,88698,1.8556,-0.0018,3.6471,3.833,0.0092,0.08,5.55,0.94,0.0,1085.0,505,571,9,47,53,1,242.0,0.01,2.9e-05,31723.0,,,,
7210,8000,88714,1.8446,0.0037,3.6143,3.865,0.0086,0.08,4.12,0.94,0.0,1099.0,560,530,9,51,48,1,239.0,0.0,2.9e-05,31705.0,,,,
7211,8000,88731,1.8444,0.01,3.602,3.951,0.0091,0.08,6.16,0.94,0.0,1020.0,514,497,9,50,49,1,257.0,0.01,2.9e-05,31780.0,,,,
7212,8000,88747,1.8281,-0.0047,3.598,3.866,0.0093,0.08,4.45,0.94,0.0,1023.0,499,508,16,49,50,2,256.0,0.01,2.9e-05,31708.0,,,,
7213,8000,88764,1.8662,0.0111,3.6427,3.877,0.0098,0.09,5.32,0.93,0.0,1068.0,544,514,10,51,48,1,245.0,0.01,2.9e-05,31718.0,,,,
7214,8000,88780,1.8627,-0.0039,3.6662,3.934,0.0066,0.06,8.11,0.93,0.0,1068.0,519,536,13,49,50,1,245.0,0.01,2.9e-05,31795.0,,,,
7215,8000,88797,1.8269,0.0097,3.5673,3.92,0.0076,0.07,6.95,0.94,0.0,990.0,490,487,13,49,49,1,265.0,0.0,2.9e-05,31769.0,,,,
7216,8000,88814,1.821,0.0103,3.5543,3.963,0.0083,0.08,7.71,0.94,0.0,995.0,474,510,11,48,51,1,263.0,0.01,2.8e-05,31735.0,,,,
7217,8000,88830,1.838,0.0141,3.581,3.939,0.0079,0.07,6.73,0.94,0.0,1046.0,494,535,17,47,51,2,251.0,0.01,2.8e-05,31706.0,,,,
7218,8000,88847,1.8492,0.007,3.6169,3.943,0.0074,0.07,11.45,0.94,0.0,1052.0,502,534,16,48,51,2,249.0,0.01,2.8e-05,31722.0,,,,
7219,8000,88863,1.8666,0.0212,3.6233,3.848,0.01,0.08,9.2,0.94,0.0,1089.0,516,555,18,47,51,2,241.0,0.01,2.8e-05,31729.0,,,,
7220,8000,88880,1.8819,0.0197,3.6554,3.745,0.0077,0.07,8.33,0.94,0.0,1061.0,515,537,9,49,51,1,247.0,0.01,2.8e-05,31786.0,,,,
7221,8000,88897,1.8673,0.0143,3.6368,3.787,0.011,0.08,5.41,0.93,0.0,1031.0,520,499,12,50,48,1,254.0,0.01,2.8e-05,30644.0,,,,
7222,8000,88914,1.8614,0.0079,3.6386,3.862,0.0081,0.07,8.36,0.93,0.0,1066.0,553,509,4,52,48,0,246.0,0.01,2.8e-05,31708.0,,,,
7223,8000,88930,1.8157,0.0025,3.559,3.925,0.0113,0.09,4.49,0.94,0.0,1007.0,502,499,6,50,50,1,260.0,0.01,2.8e-05,31721.0,,,,
7224,8000,88947,1.8094,0.009,3.5325,3.904,0.0108,0.09,4.35,0.94,0.0,1064.0,566,484,14,53,45,1,246.0,0.02,2.8e-05,31717.0,,,,
7225,8000,88963,1.8572,0.0172,3.6115,3.852,0.0105,0.08,5.73,0.94,0.0,1093.0,600,483,10,55,44,1,240.0,0.02,2.8e-05,31778.0,,,,
7226,8000,88980,1.8434,0.0193,3.5801,3.903,0.0118,0.09,3.35,0.94,0.0,1048.0,560,480,8,53,46,1,250.0,0.02,2.8e-05,31720.0,,,,
7227,8000,88997,1.8352,0.0118,3.5794,3.932,0.0111,0.09,10.17,0.94,0.0,1042.0,542,487,13,52,47,1,252.0,0.01,2.8e-05,31714.0,,,,
7228,8000,89013,1.8357,0.0028,3.5982,3.888,0.0095,0.08,5.27,0.94,0.0,1119.0,598,508,13,53,45,1,234.0,0.01,2.8e-05,31708.0,,,,
7229,8000,89030,1.8613,0.0122,3.6306,3.924,0.0104,0.08,4.76,0.94,0.0,1068.0,554,505,9,52,47,1,245.0,0.01,2.8e-05,31779.0,,,,
7230,8000,89046,1.8524,0.002,3.6326,3.87,0.0098,0.08,4.92,0.94,0.0,1103.0,578,522,3,52,47,0,238.0,0.01,2.8e-05,31712.0,,,,
7231,8000,89063,1.8316,0.0106,3.5746,3.944,0.0109,0.09,3.68,0.95,0.0,1098.0,617,470,11,56,43,1,239.0,0.01,2.8e-05,31703.0,,,,
7232,8000,89080,1.8109,-0.0094,3.5722,3.876,0.0114,0.09,4.43,0.95,0.0,1083.0,606,475,2,56,44,0,242.0,0.01,2.8e-05,31695.0,,,,
7233,8000,89096,1.8194,-0.01,3.591,3.866,0.0097,0.08,5.71,0.95,0.0,1093.0,564,522,7,52,48,1,240.0,0.01,2.8e-05,31772.0,,,,
7234,8000,89113,1.7906,-0.0091,3.5316,3.94,0.0093,0.08,5.4,0.95,0.0,1057.0,551,502,4,52,47,0,248.0,0.01,2.8e-05,31711.0,,,,
7235,8000,89129,1.8335,-0.0078,3.6145,3.877,0.0113,0.08,4.84,0.94,0.0,1071.0,527,537,7,49,50,1,245.0,0.01,2.8e-05,31699.0,,,,
7236,8000,89146,1.8122,-0.0082,3.5734,3.901,0.0086,0.07,7.04,0.95,0.0,1027.0,531,486,10,52,47,1,255.0,0.02,2.8e-05,31716.0,,,,
7237,8000,89163,1.8139,-0.0147,3.5897,3.914,0.0103,0.08,5.64,0.94,0.0,1105.0,559,538,8,51,49,1,237.0,0.01,2.8e-05,31696.0,,,,
7238,8000,89179,1.8152,-0.0071,3.5761,3.83,0.0118,0.09,5.2,0.95,0.0,1024.0,532,481,11,52,47,1,256.0,0.01,2.8e-05,31724.0,,,,
7239,8000,89196,1.8278,0.0022,3.5832,3.833,0.0125,0.09,4.17,0.95,0.0,1077.0,565,506,6,52,47,1,243.0,0.01,2.8e-05,31722.0,,,,
7240,8000,89212,1.8142,-0.0041,3.5682,3.854,0.01,0.08,4.78,0.95,0.0,1082.0,566,514,2,52,48,0,242.0,0.01,2.8e-05,31716.0,,,,
7241,8000,89230,1.9042,0.0149,3.7111,3.862,0.0129,0.1,15.76,0.94,0.0,1050.0,516,527,7,49,50,1,250.0,0.02,2.8e-05,30575.0,,,,
7242,8000,89246,1.922,-0.008,3.7915,3.766,0.01,0.08,8.54,0.93,0.0,1152.0,560,587,5,49,51,0,228.0,0.02,2.8e-05,31685.0,,,,
7243,8000,89263,1.8656,-0.0158,3.6943,3.791,0.0111,0.09,5.21,0.93,0.0,1152.0,548,597,7,48,52,1,228.0,0.01,2.8e-05,31755.0,,,,
7244,8000,89280,1.8774,0.0003,3.6863,3.883,0.0117,0.09,4.32,0.93,0.0,1150.0,603,543,4,52,47,0,228.0,0.01,2.8e-05,31684.0,,,,
7245,8000,89296,1.8593,-0.0054,3.6616,3.87,0.0123,0.09,4.31,0.93,0.0,1108.0,577,525,6,52,47,1,237.0,0.01,2.8e-05,31694.0,,,,
7246,8000,89313,1.8528,0.0029,3.6326,3.97,0.0133,0.09,4.2,0.94,0.0,1082.0,540,536,6,50,50,1,242.0,0.01,2.8e-05,31771.0,,,,
7247,8000,89329,1.8527,0.0041,3.63,3.95,0.0132,0.09,3.96,0.94,0.0,1075.0,524,546,5,49,51,0,244.0,0.01,2.8e-05,31686.0,,,,
7248,8000,89346,1.8451,-0.009,3.6406,3.931,0.0097,0.08,4.77,0.94,0.0,1125.0,577,543,5,51,48,0,233.0,0.01,2.8e-05,31695.0,,,,
7249,8000,89363,1.8462,-0.0096,3.6439,3.867,0.0097,0.08,4.55,0.94,0.0,1134.0,571,555,8,50,49,1,231.0,0.01,2.8e-05,31677.0,241,0,271,47
7250,8000,89394,1.8451,0.0105,3.6012,3.887,0.0109,0.08,3.54,0.94,0.0,1146.0,590,551,5,51,48,0,229.0,0.01,2.8e-05,31819.0,,,,
7251,8000,89411,1.8409,0.0067,3.6002,3.847,0.0103,0.08,4.2,0.94,0.0,1017.0,506,508,3,50,50,0,258.0,0.01,2.8e-05,31681.0,,,,
7252,8000,89428,1.8411,0.0085,3.5969,3.785,0.011,0.09,4.21,0.94,0.0,1063.0,521,537,5,49,51,0,247.0,0.01,2.8e-05,31759.0,,,,
7253,8000,89444,1.8692,0.0281,3.6137,3.75,0.0115,0.09,4.66,0.94,0.0,1089.0,544,534,11,50,49,1,241.0,0.01,2.8e-05,31682.0,,,,
7254,8000,89461,1.8778,0.0072,3.6726,3.722,0.0097,0.08,5.23,0.94,0.0,1153.0,598,544,11,52,47,1,227.0,0.0,2.8e-05,31684.0,,,,
7255,8000,89478,1.9099,0.0259,3.699,3.723,0.0098,0.08,5.99,0.94,0.0,1160.0,583,570,7,50,49,1,226.0,0.0,2.8e-05,31668.0,,,,
7256,8000,89494,1.8851,0.0291,3.6436,3.752,0.0116,0.09,4.63,0.94,0.0,1123.0,537,578,8,48,51,1,233.0,0.0,2.8e-05,31689.0,,,,
7257,8000,89511,1.8766,0.0121,3.6606,3.715,0.0103,0.09,4.77,0.94,0.0,1161.0,598,556,7,52,48,1,226.0,0.0,2.8e-05,31752.0,,,,
7258,8000,89527,1.8384,0.0076,3.5931,3.796,0.0121,0.09,9.73,0.95,0.0,1140.0,581,558,1,51,49,0,230.0,0.0,2.8e-05,31682.0,,,,
7259,8000,89544,1.8359,0.0101,3.5838,3.829,0.0127,0.09,3.16,0.94,0.0,1143.0,565,576,2,49,50,0,229.0,0.01,2.8e-05,31702.0,,,,
7260,8000,89561,1.8308,0.0065,3.5811,3.836,0.0101,0.08,4.86,0.94,0.0,1054.0,519,529,6,49,50,1,249.0,0.01,2.8e-05,31680.0,,,,
7261,8000,89578,1.8995,0.0103,3.7099,3.778,0.0097,0.08,13.76,0.93,0.0,1116.0,594,518,4,53,46,0,235.0,0.01,2.8e-05,30558.0,,,,
7262,8000,89594,1.884,0.0209,3.658,3.785,0.0103,0.08,7.89,0.94,0.0,1069.0,517,548,4,48,51,0,245.0,0.01,2.8e-05,31680.0,,,,
7263,8000,89611,1.8904,0.021,3.6701,3.765,0.0094,0.08,5.2,0.93,0.0,1096.0,561,529,6,51,48,1,239.0,0.02,2.8e-05,31686.0,,,,
7264,8000,89628,1.8918,0.0442,3.6273,3.801,0.0124,0.09,7.33,0.94,0.0,1097.0,528,561,8,48,51,1,239.0,0.01,2.8e-05,31683.0,,,,
7265,8000,89644,1.8698,0.0253,3.6219,3.816,0.0111,0.09,3.22,0.93,0.0,1110.0,553,542,15,50,49,1,236.0,0.01,2.8e-05,31680.0,,,,
7266,8000,89661,1.8675,0.0135,3.6398,3.754,0.0092,0.08,6.13,0.94,0.0,1092.0,558,526,8,51,48,1,240.0,0.01,2.8e-05,31681.0,,,,
7267,8000,89677,1.9171,0.0327,3.7005,3.617,0.008,0.07,11.17,0.94,0.0,1083.0,552,519,12,51,48,1,242.0,0.01,2.8e-05,31682.0,,,,
7268,8000,89694,1.9092,0.0259,3.6991,3.623,0.0076,0.07,6.87,0.94,0.0,1119.0,559,549,11,50,49,1,234.0,0.02,2.8e-05,31750.0,,,,
7269,8000,89711,1.8992,0.0253,3.6815,3.585,0.0113,0.1,7.29,0.94,0.0,1122.0,562,543,17,50,48,2,234.0,0.02,2.8e-05,31688.0,,,,
7270,8000,89727,1.8761,0.0283,3.6293,3.632,0.0106,0.09,4.22,0.94,0.0,1118.0,573,531,14,51,47,1,234.0,0.01,2.8e-05,31754.0,,,,
7271,8000,89744,1.9186,0.0381,3.6946,3.591,0.0086,0.08,5.07,0.94,0.0,1146.0,582,553,11,51,48,1,229.0,0.01,2.8e-05,31740.0,,,,
7272,8000,89760,1.9008,0.0314,3.6717,3.661,0.0115,0.1,3.74,0.94,0.0,1170.0,605,555,10,52,47,1,224.0,0.01,2.8e-05,31691.0,,,,
7273,8000,89777,1.8871,0.0212,3.6644,3.617,0.0092,0.08,4.39,0.94,0.0,1145.0,562,573,10,49,50,1,229.0,0.02,2.8e-05,31669.0,,,,
7274,8000,89794,1.9103,0.0237,3.7061,3.622,0.0101,0.09,4.64,0.93,0.0,1143.0,588,544,11,51,48,1,229.0,0.02,2.8e-05,31674.0,,,,
7275,8000,89810,1.9101,0.046,3.6615,3.639,0.0099,0.09,3.87,0.94,0.0,1156.0,574,568,14,50,49,1,227.0,0.01,2.8e-05,31670.0,,,,
7276,8000,89827,1.8689,0.0225,3.6267,3.672,0.0114,0.09,4.21,0.94,0.0,1157.0,582,563,12,50,49,1,227.0,0.0,2.8e-05,31690.0,,,,
7277,8000,89844,1.8792,0.0133,3.6659,3.676,0.0103,0.09,4.15,0.94,0.0,1193.0,578,602,13,48,50,1,220.0,0.01,2.8e-05,31678.0,,,,
7278,8000,89860,1.8695,0.0138,3.6448,3.604,0.0098,0.09,3.69,0.94,0.0,1195.0,580,605,10,49,51,1,219.0,0.01,2.8e-05,31682.0,,,,
7279,8000,89877,1.8883,0.02,3.6684,3.586,0.0092,0.08,5.1,0.94,0.0,1151.0,579,564,8,50,49,1,228.0,0.02,2.8e-05,31749.0,,,,
7280,8000,89893,1.8669,0.0198,3.6259,3.643,0.0085,0.08,5.27,0.94,0.0,1148.0,512,630,6,45,55,1,228.0,0.01,2.8e-05,31678.0,,,,
7281,8000,89911,1.9473,0.0255,3.7756,3.678,0.0112,0.09,3.86,0.92,0.0,1255.0,626,620,9,50,49,1,209.0,0.02,2.8e-05,30590.0,,,,
7282,8000,89927,2.0038,0.0538,3.8324,3.615,0.0095,0.08,5.07,0.92,0.0,1230.0,600,621,9,49,50,1,213.0,0.01,2.8e-05,31714.0,,,,
7283,8000,89944,1.9639,0.0511,3.7585,3.62,0.01,0.09,3.59,0.92,0.0,1210.0,573,628,9,47,52,1,217.0,0.0,2.8e-05,31711.0,,,,
7284,8000,89960,1.9203,0.0334,3.7067,3.633,0.0108,0.09,3.24,0.93,0.0,1171.0,582,582,7,50,50,1,224.0,0.01,2.8e-05,31773.0,,,,
7285,8000,89977,1.8629,0.0111,3.6372,3.679,0.0108,0.09,3.12,0.93,0.0,1160.0,577,564,19,50,49,2,226.0,0.02,2.8e-05,31747.0,,,,
7286,8000,89994,1.8602,0.0135,3.626,3.699,0.0107,0.09,3.17,0.93,0.0,1100.0,548,540,12,50,49,1,238.0,0.01,2.8e-05,31702.0,,,,
7287,8000,90010,1.8822,0.0313,3.6349,3.792,0.009,0.08,3.67,0.94,0.0,1134.0,565,557,12,50,49,1,231.0,0.01,2.8e-05,31698.0,,,,
7288,8000,90027,1.8764,0.0277,3.6309,3.831,0.01,0.09,3.12,0.93,0.0,1145.0,564,565,16,49,49,1,229.0,0.01,2.8e-05,31702.0,,,,
7289,8000,90043,1.8465,0.003,3.6201,3.86,0.0082,0.08,4.14,0.94,0.0,1123.0,566,546,11,50,49,1,233.0,0.01,2.8e-05,31765.0,,,,
7290,8000,90060,1.8696,0.0066,3.6588,3.816,0.0092,0.08,3.36,0.93,0.0,1100.0,531,557,12,48,51,1,238.0,0.01,2.8e-05,31704.0,,,,
7291,8000,90077,1.8645,0.0119,3.6378,3.81,0.0094,0.08,3.54,0.93,0.0,1175.0,568,593,14,48,50,1,223.0,0.01,2.8e-05,31688.0,,,,
7292,8000,90093,1.8836,0.001,3.6972,3.759,0.0078,0.07,4.41,0.93,0.0,1092.0,535,548,9,49,50,1,240.0,0.01,2.8e-05,31770.0,,,,
7293,8000,90110,1.886,0.0064,3.6915,3.758,0.0088,0.08,6.04,0.93,0.0,1145.0,593,541,11,52,47,1,229.0,0.01,2.8e-05,31704.0,,,,
7294,8000,90126,1.885,0.0286,3.6451,3.783,0.0092,0.08,4.31,0.94,0.0,1107.0,581,520,6,52,47,1,237.0,0.01,2.8e-05,31756.0,,,,
7295,8000,90143,1.8808,0.0192,3.6562,3.761,0.0083,0.07,5.83,0.94,0.0,1083.0,538,530,15,50,49,1,242.0,0.0,2.8e-05,31693.0,,,,
7296,8000,90160,1.8579,0.0155,3.6174,3.815,0.0075,0.07,5.89,0.94,0.0,1033.0,514,510,9,50,49,1,254.0,0.0,2.8e-05,31704.0,,,,
7297,8000,90176,1.8549,-0.0046,3.6518,3.812,0.0091,0.08,6.38,0.94,0.0,1089.0,546,528,15,50,48,1,241.0,0.01,2.8e-05,31717.0,,,,
7298,8000,90193,1.8472,0.0109,3.6051,3.824,0.0099,0.08,4.68,0.94,0.0,1045.0,523,512,10,50,49,1,251.0,0.01,2.8e-05,31696.0,,,,
7299,8000,90209,1.8988,0.0173,3.6959,3.815,0.0096,0.08,6.58,0.94,0.0,1118.0,547,545,26,49,49,2,234.0,0.01,2.8e-05,31689.0,280,0,232,55
7300,8000,90241,1.877,0.0153,3.6564,3.88,0.0096,0.08,4.47,0.94,0.0,1092.0,541,537,14,50,49,1,240.0,0.01,2.8e-05,31822.0,,,,
7301,8000,90259,1.8959,0.0043,3.7154,3.836,0.0112,0.09,6.24,0.93,0.0,1128.0,611,509,8,54,45,1,232.0,0.01,2.8e-05,30608.0,,,,
7302,8000,90275,1.8871,0.0015,3.7035,3.824,0.011,0.09,4.41,0.93,0.0,1121.0,551,562,8,49,50,1,234.0,0.01,2.8e-05,31694.0,,,,
7303,8000,90292,1.8692,-0.0074,3.6853,3.829,0.0114,0.09,6.14,0.93,0.0,1129.0,526,594,9,47,53,1,232.0,0.0,2.8e-05,31689.0,,,,
7304,8000,90308,1.8482,0.0002,3.6283,3.834,0.0099,0.09,4.6,0.94,0.0,1060.0,447,602,11,42,57,1,247.0,0.0,2.8e-05,31694.0,,,,
7305,8000,90325,1.8428,-0.0132,3.6444,3.818,0.0088,0.08,5.68,0.94,0.0,1074.0,483,582,9,45,54,1,244.0,0.0,2.8e-05,31675.0,,,,
7306,8000,90342,1.8627,-0.0011,3.6601,3.839,0.0096,0.08,6.71,0.94,0.0,1100.0,478,605,17,43,55,2,238.0,0.0,2.8e-05,31741.0,,,,
7307,8000,90358,1.84,-0.0077,3.6275,3.768,0.0121,0.09,5.26,0.94,0.0,1099.0,532,548,19,48,50,2,239.0,0.0,2.8e-05,31726.0,,,,
7308,8000,90375,1.8903,-0.0011,3.7152,3.781,0.0105,0.08,6.59,0.94,0.0,1103.0,532,557,14,48,50,1,238.0,0.0,2.8e-05,31730.0,,,,
7309,8000,90391,1.8865,0.0104,3.6847,3.823,0.0087,0.08,6.76,0.94,0.0,1138.0,516,606,16,45,53,1,230.0,0.0,2.8e-05,31731.0,,,,
7310,8000,90408,1.8498,-0.0108,3.6542,3.891,0.0096,0.08,5.16,0.94,0.0,1104.0,509,580,15,46,53,1,237.0,0.0,2.8e-05,31700.0,,,,
7311,8000,90425,1.8979,0.0143,3.6994,3.772,0.0117,0.09,4.96,0.93,0.0,1138.0,532,594,12,47,52,1,230.0,0.0,2.8e-05,31749.0,,,,
7312,8000,90441,1.9163,0.0237,3.717,3.767,0.0106,0.08,5.67,0.94,0.0,1121.0,516,592,13,46,53,1,234.0,0.0,2.8e-05,31710.0,,,,
7313,8000,90458,1.8888,0.0172,3.6748,3.74,0.0106,0.09,4.95,0.94,0.0,1130.0,552,566,12,49,50,1,232.0,0.0,2.8e-05,31685.0,,,,
7314,8000,90474,1.9269,0.0286,3.7278,3.733,0.0092,0.08,10.69,0.94,0.0,1085.0,524,554,7,48,51,1,242.0,0.0,2.8e-05,31682.0,,,,
7315,8000,90491,1.8277,0.0012,3.5845,3.698,0.0112,0.09,4.73,0.94,0.0,1023.0,478,533,12,47,52,1,256.0,0.0,2.8e-05,31677.0,,,,
