iteration,total_iterations,elapsed_seconds,loss,pg_loss,vf_loss,entropy,approx_kl,clip_frac,grad_norm,explained_variance,reward,episodes,wins,losses,draws,win_pct,loss_pct,draw_pct,episode_length,cities,lr,sps,eval_wins,eval_losses,eval_draws,eval_win_pct
2001,8000,229,1.8028,-0.0058,3.5436,5.191,0.0119,0.09,5.93,0.91,0.0,599.0,260,339,0,43,57,0,438.0,0.0,0.0001,2803.0,,,,
2002,8000,254,1.5364,-0.0054,3.0131,5.565,0.0113,0.09,3.67,0.97,0.0,299.0,143,156,0,48,52,0,877.0,0.01,0.0001,22004.0,,,,
2003,8000,271,1.5332,-0.0066,3.0087,5.465,0.0109,0.09,3.47,0.95,0.0,360.0,132,228,0,37,63,0,728.0,0.01,0.0001,32241.0,,,,
2004,8000,287,1.5586,-0.0079,3.0614,5.382,0.0092,0.08,4.84,0.92,0.0,417.0,214,180,23,51,43,6,629.0,0.02,0.0001,32277.0,,,,
2005,8000,304,1.623,-0.0172,3.2093,5.359,0.0084,0.07,7.06,0.92,0.0,441.0,241,190,10,55,43,2,594.0,0.01,0.0001,32287.0,,,,
2006,8000,320,1.7117,-0.0245,3.3982,5.095,0.0087,0.07,12.83,0.93,0.0,593.0,384,202,7,65,34,1,442.0,0.0,0.0001,32183.0,,,,
2007,8000,336,1.714,-0.0181,3.3895,5.001,0.0094,0.07,10.61,0.94,0.0,595.0,362,224,9,61,38,2,441.0,0.01,0.0001,32193.0,,,,
2008,8000,353,1.6602,-0.0115,3.2705,5.202,0.0123,0.09,6.7,0.95,0.0,536.0,337,189,10,63,35,2,489.0,0.01,0.0001,32176.0,,,,
2009,8000,369,1.5631,0.0025,3.051,5.463,0.0102,0.07,4.81,0.97,0.0,406.0,259,128,19,64,32,5,646.0,0.02,0.0001,32205.0,,,,
2010,8000,385,1.4947,0.0093,2.9008,5.563,0.0105,0.07,5.39,0.97,0.0,344.0,228,108,8,66,31,2,762.0,0.02,0.0001,32154.0,,,,
2011,8000,402,1.4527,0.014,2.8086,5.692,0.0114,0.07,3.43,0.97,0.0,272.0,152,109,11,56,40,4,964.0,0.01,0.0001,32166.0,,,,
2012,8000,418,1.464,0.0066,2.8473,5.725,0.0095,0.06,4.17,0.95,0.0,274.0,139,113,22,51,41,8,957.0,0.02,0.0001,32158.0,,,,
2013,8000,434,1.5927,0.0099,3.0961,5.476,0.0108,0.07,4.78,0.91,0.0,428.0,200,207,21,47,48,5,612.0,0.01,0.0001,32186.0,,,,
2014,8000,451,1.6415,0.0144,3.1811,5.278,0.015,0.09,6.01,0.91,0.0,583.0,203,369,11,35,63,2,450.0,0.02,0.0001,32199.0,,,,
2015,8000,467,1.688,0.0267,3.2494,5.236,0.0105,0.08,19.62,0.92,0.0,511.0,200,302,9,39,59,2,513.0,0.02,0.0001,32262.0,,,,
2016,8000,483,1.6044,0.0263,3.082,5.212,0.01,0.08,5.54,0.94,0.0,388.0,148,232,8,38,60,2,676.0,0.02,0.0001,32190.0,,,,
2017,8000,500,1.6286,0.0343,3.1148,5.13,0.0074,0.07,8.5,0.93,0.0,378.0,133,231,14,35,61,4,694.0,0.04,0.0001,32147.0,,,,
2018,8000,516,1.5937,0.0323,3.0513,5.212,0.0088,0.08,6.22,0.93,0.0,336.0,127,181,28,38,54,8,780.0,0.06,0.0001,32161.0,,,,
2019,8000,533,1.5906,0.0257,3.0588,5.197,0.0106,0.09,5.1,0.9,0.0,342.0,129,175,38,38,51,11,767.0,0.06,0.0001,32164.0,,,,
2020,8000,549,1.6467,0.0239,3.1724,5.0,0.0129,0.11,4.98,0.88,0.0,399.0,162,211,26,41,53,7,657.0,0.06,0.0001,32161.0,,,,
2021,8000,566,1.6338,0.0207,3.1536,5.222,0.0146,0.1,6.75,0.87,0.0,446.0,195,238,13,44,53,3,588.0,0.04,0.0001,31032.0,,,,
2022,8000,582,1.5663,-0.0007,3.0634,5.335,0.0075,0.07,8.3,0.88,0.0,353.0,154,184,15,44,52,4,743.0,0.03,0.0001,32222.0,,,,
2023,8000,599,1.4865,0.0059,2.8926,5.533,0.0105,0.07,4.62,0.91,0.0,299.0,109,156,34,36,52,11,877.0,0.04,0.0001,32204.0,,,,
2024,8000,615,1.5715,0.0116,3.0507,5.394,0.0096,0.09,4.13,0.87,0.0,392.0,127,222,43,32,57,11,669.0,0.06,0.0001,32224.0,,,,
2025,8000,631,1.6012,0.0132,3.1055,5.408,0.0114,0.09,3.85,0.87,0.0,476.0,160,283,33,34,59,7,551.0,0.02,0.0001,32228.0,,,,
2026,8000,648,1.5811,-0.0021,3.0967,5.447,0.0092,0.07,11.09,0.9,0.0,416.0,146,253,17,35,61,4,630.0,0.02,0.0001,32201.0,,,,
2027,8000,664,1.6664,-0.0128,3.287,5.202,0.0079,0.07,7.72,0.9,0.0,547.0,232,284,31,42,52,6,479.0,0.05,0.0001,32219.0,,,,
2028,8000,680,1.7977,-0.0116,3.5497,4.927,0.0093,0.08,7.3,0.91,0.0,867.0,370,393,104,43,45,12,302.0,0.06,0.0001,32218.0,,,,
2029,8000,697,1.8483,-0.0077,3.638,4.75,0.0108,0.09,5.37,0.91,0.0,1012.0,449,505,58,44,50,6,259.0,0.02,0.0001,32207.0,,,,
2030,8000,713,1.8643,0.0089,3.6335,4.624,0.0134,0.1,6.19,0.91,0.0,962.0,494,444,24,51,46,2,272.0,0.01,0.0001,32232.0,,,,
2031,8000,729,1.8636,0.0247,3.5998,4.659,0.0089,0.08,7.51,0.91,0.0,924.0,506,414,4,55,45,0,284.0,0.0,0.0001,32265.0,,,,
2032,8000,745,1.8423,0.0176,3.571,4.587,0.0157,0.11,4.84,0.9,0.0,947.0,552,389,6,58,41,1,277.0,0.01,0.0001,32229.0,,,,
2033,8000,762,1.8434,0.0195,3.5695,4.663,0.0118,0.1,6.4,0.9,0.0,898.0,527,370,1,59,41,0,292.0,0.01,0.0001,32223.0,,,,
2034,8000,778,1.7984,0.0289,3.4619,4.787,0.0095,0.08,4.66,0.91,0.0,845.0,461,379,5,55,45,1,310.0,0.01,0.0001,32223.0,,,,
2035,8000,794,1.7517,0.0176,3.3925,4.884,0.0089,0.08,4.96,0.92,0.0,761.0,435,322,4,57,42,1,344.0,0.03,0.0001,32227.0,,,,
2036,8000,811,1.7742,0.0178,3.4392,4.817,0.0072,0.07,7.41,0.91,0.0,822.0,453,350,19,55,43,2,319.0,0.04,0.0001,32221.0,,,,
2037,8000,827,1.7492,0.0151,3.3916,4.81,0.0087,0.08,6.05,0.91,0.0,745.0,415,325,5,56,44,1,352.0,0.04,0.0001,32228.0,,,,
2038,8000,843,1.7603,0.0191,3.4059,4.892,0.0077,0.07,16.4,0.92,0.0,718.0,385,329,4,54,46,1,365.0,0.06,0.0001,32206.0,,,,
2039,8000,860,1.7152,0.0041,3.3461,4.966,0.0071,0.07,9.53,0.91,0.0,654.0,358,289,7,55,44,1,401.0,0.06,0.0001,32288.0,,,,
2040,8000,876,1.6894,0.015,3.2719,4.93,0.0095,0.08,6.17,0.91,0.0,622.0,301,316,5,48,51,1,421.0,0.05,0.0001,32196.0,,,,
2041,8000,893,1.803,0.0157,3.4981,4.915,0.0116,0.08,10.81,0.89,0.0,754.0,346,402,6,46,53,1,348.0,0.05,0.0001,31133.0,,,,
2042,8000,909,1.7497,0.0191,3.3859,5.022,0.0134,0.09,7.97,0.89,0.0,681.0,312,367,2,46,54,0,385.0,0.06,0.0001,32202.0,,,,
2043,8000,926,1.659,0.0144,3.2146,5.155,0.0098,0.08,5.23,0.91,0.0,528.0,262,266,0,50,50,0,496.0,0.12,0.0001,32200.0,,,,
2044,8000,942,1.6264,0.0052,3.1677,5.126,0.0111,0.09,4.48,0.9,0.0,494.0,233,257,4,47,52,1,531.0,0.16,0.0001,32193.0,,,,
2045,8000,958,1.635,-0.0044,3.2058,5.255,0.0077,0.07,14.18,0.89,0.0,468.0,207,235,26,44,50,6,560.0,0.13,0.0001,32255.0,,,,
2046,8000,975,1.5597,-0.0018,3.0528,5.323,0.0114,0.08,4.06,0.9,0.0,495.0,240,209,46,48,42,9,530.0,0.06,0.0001,32198.0,,,,
2047,8000,991,1.5783,0.0008,3.0833,5.325,0.0109,0.08,4.1,0.9,0.0,475.0,213,223,39,45,47,8,552.0,0.03,0.0001,32224.0,,,,
2048,8000,1007,1.6153,-0.0037,3.164,5.222,0.0092,0.07,6.01,0.9,0.0,508.0,253,234,21,50,46,4,516.0,0.02,0.0001,32255.0,,,,
2049,8000,1024,1.6101,-0.0039,3.1546,5.263,0.0101,0.07,4.5,0.91,0.0,543.0,288,235,20,53,43,4,483.0,0.01,0.0001,32209.0,481,2,29,94
2050,8000,1161,1.7058,0.0064,3.3231,5.045,0.0235,0.09,6.47,0.91,0.0,687.0,466,221,0,68,32,0,382.0,0.01,0.0001,4694.0,,,,
2051,8000,1177,1.4688,0.0464,2.7766,5.774,0.0107,0.08,2.39,0.9,0.0,238.0,167,71,0,70,30,0,1101.0,0.01,0.0001,32210.0,,,,
2052,8000,1193,1.4497,0.0193,2.7918,5.8,0.0104,0.07,2.4,0.88,0.0,238.0,155,83,0,65,35,0,1101.0,0.01,0.0001,32242.0,,,,
2053,8000,1210,1.6133,0.0178,3.1181,5.301,0.0095,0.08,2.86,0.87,0.0,524.0,335,175,14,64,33,3,500.0,0.04,0.0001,32221.0,,,,
2054,8000,1226,1.5594,0.0192,3.0087,5.408,0.0075,0.07,3.16,0.9,0.0,405.0,253,137,15,62,34,4,647.0,0.09,0.0001,32204.0,,,,
2055,8000,1242,1.6207,0.0083,3.1535,5.328,0.0089,0.07,3.26,0.89,0.0,528.0,316,170,42,60,32,8,496.0,0.04,0.0001,32208.0,,,,
2056,8000,1259,1.6905,0.003,3.2998,5.111,0.0118,0.08,3.51,0.88,0.0,641.0,317,315,9,49,49,1,409.0,0.03,0.0001,32214.0,,,,
2057,8000,1275,1.6843,0.0144,3.2653,5.145,0.0088,0.07,4.21,0.9,0.0,596.0,278,310,8,47,52,1,440.0,0.01,0.0001,32198.0,,,,
2058,8000,1292,1.6643,0.0257,3.2027,5.18,0.0071,0.06,5.61,0.91,0.0,542.0,280,259,3,52,48,1,484.0,0.01,0.0001,32222.0,,,,
2059,8000,1308,1.6057,0.0192,3.099,5.198,0.009,0.07,4.54,0.92,0.0,472.0,220,249,3,47,53,1,555.0,0.01,0.0001,32197.0,,,,
2060,8000,1324,1.6216,0.027,3.1153,5.174,0.0082,0.06,5.57,0.91,0.0,456.0,180,270,6,39,59,1,575.0,0.04,0.0001,32190.0,,,,
2061,8000,1341,1.66,0.014,3.2171,5.104,0.0081,0.06,6.47,0.9,0.0,505.0,194,292,19,38,58,4,519.0,0.07,0.0001,31061.0,,,,
2062,8000,1358,1.7069,0.0079,3.3207,4.904,0.0082,0.07,8.13,0.91,0.0,623.0,229,375,19,37,60,3,421.0,0.02,0.0001,32201.0,,,,
2063,8000,1374,1.7657,0.0122,3.4295,4.816,0.009,0.07,8.21,0.9,0.0,828.0,278,537,13,34,65,2,317.0,0.0,0.0001,32206.0,,,,
2064,8000,1390,1.8502,0.034,3.5544,4.678,0.0113,0.09,7.34,0.89,0.0,1030.0,448,575,7,43,56,1,255.0,0.01,0.0001,32235.0,,,,
2065,8000,1407,1.8337,0.0207,3.547,4.682,0.0068,0.07,9.5,0.9,0.0,812.0,367,444,1,45,55,0,323.0,0.0,0.0001,32196.0,,,,
2066,8000,1423,1.7837,0.0218,3.4462,4.806,0.0082,0.07,8.65,0.91,0.0,733.0,351,382,0,48,52,0,358.0,0.01,0.0001,32190.0,,,,
2067,8000,1439,1.7189,0.0372,3.2878,5.006,0.0079,0.07,8.4,0.91,0.0,593.0,307,283,3,52,48,1,442.0,0.02,0.0001,32268.0,,,,
2068,8000,1456,1.6999,0.0306,3.2632,5.025,0.0089,0.07,7.43,0.91,0.0,565.0,314,250,1,56,44,0,464.0,0.03,0.0001,32191.0,,,,
2069,8000,1472,1.7371,0.0499,3.2984,4.992,0.0101,0.08,7.38,0.91,0.0,602.0,325,275,2,54,46,0,435.0,0.04,0.0001,32169.0,,,,
2070,8000,1488,1.7507,0.0449,3.3348,4.933,0.0112,0.08,5.39,0.91,0.0,694.0,322,368,4,46,53,1,378.0,0.02,0.0001,32205.0,,,,
2071,8000,1505,1.7536,0.0485,3.3319,4.818,0.0123,0.09,7.24,0.92,0.0,664.0,324,336,4,49,51,1,395.0,0.02,0.0001,32210.0,,,,
2072,8000,1521,1.8247,0.0321,3.5061,4.706,0.0083,0.07,16.33,0.91,0.0,752.0,435,307,10,58,41,1,349.0,0.01,0.0001,32260.0,,,,
2073,8000,1537,1.7774,0.0282,3.4194,4.721,0.0103,0.08,14.77,0.93,0.0,766.0,451,300,15,59,39,2,342.0,0.01,0.0001,32278.0,,,,
2074,8000,1554,1.756,0.0244,3.3833,4.663,0.0108,0.08,8.77,0.93,0.0,757.0,418,329,10,55,43,1,346.0,0.01,0.0001,32194.0,,,,
2075,8000,1570,1.7942,0.0423,3.4234,4.638,0.0088,0.07,15.07,0.93,0.0,720.0,415,299,6,58,42,1,364.0,0.01,0.0001,32183.0,,,,
2076,8000,1586,1.7062,0.0327,3.2681,4.831,0.012,0.08,11.78,0.93,0.0,640.0,332,306,2,52,48,0,410.0,0.0,0.0001,32198.0,,,,
2077,8000,1603,1.7204,0.0187,3.3263,5.012,0.0067,0.05,45.05,0.93,0.0,482.0,225,255,2,47,53,0,544.0,0.01,0.0001,32205.0,,,,
2078,8000,1619,1.6433,0.0223,3.1668,5.223,0.0061,0.05,18.32,0.93,0.0,403.0,187,206,10,46,51,2,650.0,0.01,0.0001,32176.0,,,,
2079,8000,1635,1.6127,0.0187,3.1137,5.237,0.0115,0.07,7.88,0.92,0.0,502.0,259,238,5,52,47,1,522.0,0.02,0.0001,32169.0,,,,
2080,8000,1652,1.6453,0.0518,3.1132,5.28,0.0184,0.09,5.98,0.91,0.0,484.0,247,227,10,51,47,2,542.0,0.04,0.0001,32174.0,,,,
2081,8000,1669,1.6611,0.0326,3.1837,5.265,0.0164,0.09,4.06,0.85,0.0,550.0,256,277,17,47,50,3,477.0,0.05,0.0001,31066.0,,,,
2082,8000,1685,1.619,0.0351,3.0941,5.296,0.0183,0.08,3.45,0.85,0.0,530.0,197,304,29,37,57,5,495.0,0.06,0.0001,32185.0,,,,
2083,8000,1701,1.5903,0.0134,3.0804,5.199,0.0131,0.08,3.61,0.86,0.0,468.0,174,240,54,37,51,12,560.0,0.07,0.0001,32194.0,,,,
2084,8000,1718,1.6115,0.006,3.14,5.112,0.0127,0.08,4.55,0.85,0.0,508.0,186,269,53,37,53,10,516.0,0.02,0.0001,32278.0,,,,
2085,8000,1734,1.5578,0.0115,3.0234,5.233,0.0106,0.07,4.89,0.89,0.0,472.0,156,248,68,33,53,14,555.0,0.0,0.0001,32192.0,,,,
2086,8000,1750,1.6252,0.0153,3.1494,5.044,0.0118,0.08,4.25,0.88,0.0,575.0,174,324,77,30,56,13,456.0,0.0,0.0001,32180.0,,,,
2087,8000,1767,1.6027,0.0113,3.1128,5.056,0.0127,0.09,3.97,0.89,0.0,515.0,173,288,54,34,56,10,509.0,0.0,0.0001,32186.0,,,,
2088,8000,1783,1.602,0.0055,3.1257,5.088,0.0086,0.07,6.33,0.9,0.0,501.0,184,239,78,37,48,16,523.0,0.0,0.0001,32177.0,,,,
2089,8000,1800,1.5728,0.0112,3.0578,5.117,0.0094,0.08,6.31,0.9,0.0,490.0,186,223,81,38,46,17,535.0,0.0,0.0001,32192.0,,,,
2090,8000,1816,1.5073,0.0142,2.9221,5.294,0.0092,0.07,3.63,0.9,0.0,398.0,181,147,70,45,37,18,659.0,0.0,0.0001,32208.0,,,,
2091,8000,1832,1.4799,0.0127,2.8773,5.405,0.0062,0.05,9.93,0.9,0.0,347.0,155,103,89,45,30,26,755.0,0.0,0.0001,32190.0,,,,
2092,8000,1849,1.486,0.0211,2.8757,5.303,0.0108,0.07,4.56,0.92,0.0,410.0,196,125,89,48,30,22,639.0,0.01,0.0001,32194.0,,,,
2093,8000,1865,1.493,0.0278,2.881,5.306,0.0111,0.08,4.42,0.91,0.0,409.0,181,122,106,44,30,26,641.0,0.01,0.0001,32185.0,,,,
2094,8000,1881,1.4989,0.0378,2.8726,5.2,0.011,0.08,4.65,0.93,0.0,434.0,189,139,106,44,32,24,604.0,0.01,0.0001,32195.0,,,,
2095,8000,1898,1.4859,0.0261,2.8619,5.156,0.0091,0.07,5.73,0.93,0.0,415.0,169,171,75,41,41,18,632.0,0.03,0.0001,32201.0,,,,
2096,8000,1914,1.4519,0.0196,2.8173,5.33,0.01,0.07,4.86,0.93,0.0,369.0,156,120,93,42,33,25,710.0,0.05,0.0001,32259.0,,,,
2097,8000,1930,1.4545,0.0154,2.8325,5.347,0.01,0.07,4.44,0.93,0.0,401.0,170,131,100,42,33,25,654.0,0.05,0.0001,32186.0,,,,
2098,8000,1947,1.4676,0.0062,2.8726,5.316,0.01,0.07,5.32,0.92,0.0,431.0,168,163,100,39,38,23,608.0,0.06,0.0001,32193.0,,,,
2099,8000,1963,1.5118,-0.0015,2.9734,5.184,0.0089,0.07,4.97,0.92,0.0,441.0,208,142,91,47,32,21,594.0,0.07,0.0001,32198.0,340,1,171,66
2100,8000,2092,1.813,0.0102,3.5302,5.041,0.0134,0.09,3.22,0.81,0.0,878.0,522,356,0,59,41,0,299.0,0.0,0.0001,5037.0,,,,
2101,8000,2109,1.539,0.016,2.9763,5.698,0.0056,0.04,12.02,0.89,0.0,285.0,155,130,0,54,46,0,920.0,0.0,0.0001,30840.0,,,,
2102,8000,2126,1.4298,0.0042,2.7807,5.722,0.0076,0.05,4.83,0.92,0.0,181.0,91,90,0,50,50,0,1448.0,0.01,0.0001,31978.0,,,,
2103,8000,2142,1.4677,0.0122,2.8392,5.535,0.0087,0.06,7.86,0.92,0.0,316.0,101,111,104,32,35,33,830.0,0.01,0.0001,32024.0,,,,
2104,8000,2159,1.657,-0.0011,3.2542,5.115,0.0073,0.05,18.57,0.92,0.0,504.0,204,223,77,40,44,15,520.0,0.01,0.0001,31982.0,,,,
2105,8000,2175,1.7651,0.0301,3.4144,4.667,0.0066,0.06,22.58,0.93,0.0,671.0,257,280,134,38,42,20,391.0,0.01,0.0001,31968.0,,,,
2106,8000,2192,1.6288,0.0271,3.1281,4.684,0.007,0.07,12.78,0.95,0.0,495.0,277,185,33,56,37,7,530.0,0.01,0.0001,32000.0,,,,
2107,8000,2208,1.6472,0.0131,3.1926,4.863,0.0072,0.07,11.42,0.94,0.0,581.0,275,258,48,47,44,8,451.0,0.02,0.0001,31954.0,,,,
2108,8000,2225,1.6085,0.0093,3.1283,5.014,0.0087,0.07,7.52,0.94,0.0,584.0,260,272,52,45,47,9,449.0,0.0,0.0001,31963.0,,,,
2109,8000,2241,1.5911,0.0222,3.0645,5.044,0.0075,0.07,9.15,0.94,0.0,496.0,212,254,30,43,51,6,529.0,0.01,0.0001,31928.0,,,,
2110,8000,2257,1.5507,0.0168,2.9975,5.12,0.0093,0.07,6.94,0.94,0.0,429.0,187,189,53,44,44,12,611.0,0.01,0.0001,32001.0,,,,
2111,8000,2274,1.5616,0.0151,3.0268,5.107,0.009,0.07,7.67,0.94,0.0,470.0,224,166,80,48,35,17,558.0,0.01,0.0001,31973.0,,,,
2112,8000,2290,1.6731,0.0201,3.2381,4.924,0.0087,0.08,8.31,0.92,0.0,586.0,235,256,95,40,44,16,447.0,0.0,0.0001,31916.0,,,,
2113,8000,2307,1.6682,0.0031,3.2581,4.92,0.0084,0.08,7.65,0.93,0.0,577.0,237,267,73,41,46,13,454.0,0.0,0.0001,31986.0,,,,
2114,8000,2323,1.7348,0.0078,3.3782,4.813,0.0096,0.08,14.36,0.93,0.0,647.0,272,321,54,42,50,8,405.0,0.01,0.0001,32007.0,,,,
2115,8000,2340,1.6958,0.0056,3.3042,4.802,0.0087,0.07,13.35,0.94,0.0,597.0,268,289,40,45,48,7,439.0,0.01,0.0001,31911.0,,,,
2116,8000,2356,1.7064,-0.0104,3.36,4.736,0.0071,0.06,15.98,0.94,0.0,663.0,269,338,56,41,51,8,395.0,0.01,0.0001,31999.0,,,,
2117,8000,2373,1.7262,0.0036,3.3746,4.869,0.0079,0.07,22.03,0.94,0.0,694.0,313,319,62,45,46,9,378.0,0.0,0.0001,31930.0,,,,
2118,8000,2389,1.675,0.0151,3.2472,4.943,0.0102,0.08,8.73,0.95,0.0,661.0,295,321,45,45,49,7,397.0,0.0,0.0001,31919.0,,,,
2119,8000,2406,1.6159,0.013,3.1322,4.958,0.0088,0.07,8.69,0.95,0.0,574.0,279,265,30,49,46,5,457.0,0.0,0.0001,31998.0,,,,
2120,8000,2422,1.6333,0.0069,3.1862,5.101,0.0085,0.07,10.23,0.94,0.0,560.0,260,246,54,46,44,10,468.0,0.0,0.0001,31987.0,,,,
2121,8000,2439,1.6578,0.0135,3.2155,5.099,0.0117,0.08,8.66,0.93,0.0,522.0,246,228,48,47,44,9,502.0,0.01,0.0001,30797.0,,,,
2122,8000,2456,1.6503,0.0101,3.207,5.067,0.0104,0.07,8.66,0.93,0.0,527.0,208,252,67,39,48,13,497.0,0.01,0.0001,32005.0,,,,
2123,8000,2472,1.6183,0.0175,3.1275,5.031,0.0101,0.07,7.48,0.95,0.0,473.0,186,215,72,39,45,15,554.0,0.02,0.0001,32000.0,,,,
2124,8000,2488,1.6288,0.0131,3.1554,4.995,0.0062,0.05,14.7,0.95,0.0,472.0,177,241,54,38,51,11,555.0,0.01,0.0001,31928.0,,,,
2125,8000,2505,1.5896,0.0109,3.0825,5.06,0.0065,0.05,18.7,0.96,0.0,389.0,142,197,50,37,51,13,674.0,0.02,0.0001,31924.0,,,,
2126,8000,2521,1.4955,0.0028,2.9145,5.383,0.0053,0.04,18.12,0.97,0.0,299.0,97,142,60,32,47,20,877.0,0.01,0.0001,31945.0,,,,
2127,8000,2538,1.4048,-0.0037,2.7474,5.59,0.0083,0.05,11.66,0.97,0.0,234.0,83,101,50,35,43,21,1120.0,0.01,0.0001,31999.0,,,,
2128,8000,2554,1.4508,-0.0155,2.8653,5.784,0.0046,0.04,20.37,0.97,0.0,181.0,47,77,57,26,43,31,1448.0,0.01,0.0001,31942.0,,,,
2129,8000,2571,1.4634,-0.0096,2.8808,5.779,0.0038,0.03,21.01,0.97,0.0,208.0,49,67,92,24,32,44,1260.0,0.02,0.0001,31949.0,,,,
2130,8000,2587,1.4025,0.0003,2.743,5.707,0.0133,0.07,5.96,0.96,0.0,272.0,70,98,104,26,36,38,964.0,0.01,0.0001,31936.0,,,,
2131,8000,2604,1.4266,-0.0098,2.8139,5.708,0.0066,0.04,13.46,0.95,0.0,289.0,86,100,103,30,35,36,907.0,0.01,0.0001,31947.0,,,,
2132,8000,2620,1.403,-0.0107,2.7689,5.788,0.0078,0.04,12.13,0.96,0.0,249.0,68,94,87,27,38,35,1053.0,0.0,0.0001,31945.0,,,,
2133,8000,2637,1.4062,-0.02,2.7939,5.773,0.0047,0.03,31.04,0.97,0.0,207.0,62,60,85,30,29,41,1266.0,0.01,0.0001,31954.0,,,,
2134,8000,2653,1.3656,-0.0076,2.69,5.859,0.0096,0.04,6.94,0.97,0.0,220.0,52,68,100,24,31,45,1192.0,0.01,0.0001,32009.0,,,,
2135,8000,2670,1.4153,-0.014,2.8032,5.891,0.0069,0.04,15.81,0.97,0.0,246.0,60,85,101,24,35,41,1066.0,0.01,0.0001,31943.0,,,,
2136,8000,2686,1.376,0.011,2.6742,5.968,0.0153,0.06,3.96,0.96,0.0,253.0,94,55,104,37,22,41,1036.0,0.0,0.0001,31962.0,,,,
2137,8000,2703,1.4089,0.0078,2.7464,5.878,0.0129,0.06,3.48,0.94,0.0,277.0,88,81,108,32,29,39,946.0,0.01,0.0001,31959.0,,,,
2138,8000,2719,1.4645,0.0136,2.842,5.677,0.0125,0.08,4.33,0.93,0.0,338.0,140,102,96,41,30,28,776.0,0.01,0.0001,31943.0,,,,
2139,8000,2736,1.5125,0.0112,2.9397,5.529,0.0122,0.08,4.53,0.93,0.0,416.0,194,118,104,47,28,25,630.0,0.01,0.0001,31938.0,,,,
2140,8000,2752,1.5521,0.0073,3.0235,5.444,0.0112,0.07,8.12,0.92,0.0,421.0,204,145,72,48,34,17,623.0,0.01,0.0001,31940.0,,,,
2141,8000,2769,1.558,0.0086,3.0327,5.49,0.0116,0.08,4.34,0.91,0.0,429.0,176,173,80,41,40,19,611.0,0.02,0.0001,30802.0,,,,
2142,8000,2786,1.6433,0.0074,3.2027,5.308,0.0091,0.08,4.87,0.9,0.0,518.0,201,234,83,39,45,16,506.0,0.03,0.0001,31958.0,,,,
2143,8000,2802,1.7042,0.0048,3.3284,5.101,0.0109,0.09,3.89,0.88,0.0,724.0,332,308,84,46,43,12,362.0,0.05,0.0001,31994.0,,,,
2144,8000,2819,1.783,0.0086,3.4759,4.962,0.0109,0.09,3.31,0.87,0.0,942.0,471,404,67,50,43,7,278.0,0.03,0.0001,31961.0,,,,
2145,8000,2835,1.8477,-0.0113,3.6425,4.803,0.0119,0.1,3.39,0.88,0.0,1129.0,569,530,30,50,47,3,232.0,0.01,0.0001,32011.0,,,,
2146,8000,2852,1.8513,-0.0094,3.6458,4.825,0.0092,0.08,5.2,0.89,0.0,1145.0,588,536,21,51,47,2,229.0,0.01,0.0001,31930.0,,,,
2147,8000,2868,1.933,0.0518,3.687,4.722,0.0078,0.07,7.32,0.9,0.0,1168.0,554,590,24,47,51,2,224.0,0.01,0.0001,31916.0,,,,
2148,8000,2885,1.8806,0.0132,3.6566,4.591,0.0093,0.08,6.75,0.9,0.0,1088.0,527,552,9,48,51,1,241.0,0.01,0.0001,31909.0,,,,
2149,8000,2901,1.8146,-0.0215,3.5928,4.546,0.0075,0.07,6.57,0.92,0.0,997.0,455,538,4,46,54,0,263.0,0.01,0.0001,31933.0,84,7,421,16
2150,8000,2943,1.7783,-0.0041,3.4864,4.636,0.0085,0.08,7.59,0.93,0.0,823.0,377,439,7,46,53,1,319.0,0.01,0.0001,32061.0,,,,
2151,8000,2959,1.7272,-0.0189,3.4144,4.703,0.0075,0.07,12.46,0.95,0.0,713.0,323,376,14,45,53,2,368.0,0.01,0.0001,31963.0,,,,
2152,8000,2976,1.7001,0.0041,3.316,4.774,0.0088,0.07,6.5,0.95,0.0,692.0,309,359,24,45,52,3,379.0,0.01,0.0001,31996.0,,,,
2153,8000,2992,1.7252,0.0231,3.3272,4.806,0.0101,0.08,8.85,0.96,0.0,673.0,303,348,22,45,52,3,390.0,0.01,0.0001,32021.0,,,,
2154,8000,3008,1.7393,0.0221,3.3577,4.805,0.0079,0.07,7.06,0.94,0.0,706.0,317,370,19,45,52,3,371.0,0.02,0.0001,31955.0,,,,
2155,8000,3025,1.7481,-0.0088,3.4378,4.824,0.0086,0.07,9.23,0.94,0.0,741.0,354,364,23,48,49,3,354.0,0.02,0.0001,31987.0,,,,
2156,8000,3041,1.7656,0.012,3.4297,4.827,0.009,0.07,7.83,0.95,0.0,763.0,371,381,11,49,50,1,344.0,0.03,0.0001,31989.0,,,,
2157,8000,3058,1.7328,0.0221,3.3461,4.898,0.011,0.08,7.47,0.95,0.0,703.0,345,343,15,49,49,2,373.0,0.03,0.0001,31990.0,,,,
2158,8000,3074,1.7334,0.0033,3.3843,4.889,0.01,0.07,9.46,0.95,0.0,759.0,387,352,20,51,46,3,345.0,0.03,0.0001,31969.0,,,,
2159,8000,3091,1.7464,-0.0013,3.4186,4.805,0.0111,0.07,10.76,0.95,0.0,898.0,472,408,18,53,45,2,292.0,0.03,0.0001,31993.0,,,,
2160,8000,3107,1.7758,0.0309,3.4119,4.674,0.0132,0.08,7.62,0.95,0.0,916.0,464,432,20,51,47,2,286.0,0.03,0.0001,31968.0,,,,
2161,8000,3124,1.8714,0.0449,3.5761,4.667,0.0112,0.09,6.59,0.92,0.0,951.0,482,451,18,51,47,2,276.0,0.01,0.0001,30775.0,,,,
2162,8000,3141,1.7665,0.0321,3.3926,4.891,0.01,0.08,5.25,0.95,0.0,698.0,307,389,2,44,56,0,376.0,0.01,0.0001,31982.0,,,,
2163,8000,3157,1.6834,0.0244,3.243,5.041,0.0069,0.06,6.41,0.97,0.0,525.0,232,291,2,44,55,0,499.0,0.02,0.0001,31931.0,,,,
2164,8000,3174,1.6787,0.0266,3.2281,4.976,0.0102,0.08,7.94,0.97,0.0,546.0,250,296,0,46,54,0,480.0,0.02,0.0001,31970.0,,,,
2165,8000,3190,1.7571,0.0287,3.3799,4.731,0.0131,0.1,5.35,0.95,0.0,726.0,316,370,40,44,51,6,361.0,0.02,0.0001,31941.0,,,,
2166,8000,3207,1.8044,0.0386,3.4534,4.631,0.0088,0.07,9.11,0.94,0.0,801.0,392,394,15,49,49,2,327.0,0.01,0.0001,31937.0,,,,
2167,8000,3223,1.7746,0.0352,3.4003,4.695,0.008,0.07,10.98,0.94,0.0,721.0,372,345,4,52,48,1,364.0,0.01,0.0001,31946.0,,,,
2168,8000,3239,1.713,0.0154,3.3167,4.765,0.0085,0.06,12.52,0.95,0.0,646.0,311,333,2,48,52,0,406.0,0.01,0.0001,31995.0,,,,
2169,8000,3256,1.7346,0.0135,3.3624,4.631,0.0116,0.08,12.36,0.95,0.0,754.0,363,386,5,48,51,1,348.0,0.01,0.0001,31928.0,,,,
2170,8000,3272,1.7925,0.0335,3.4366,4.483,0.0155,0.1,11.59,0.95,0.0,836.0,402,432,2,48,52,0,314.0,0.01,0.0001,31935.0,,,,
2171,8000,3289,1.7433,0.03,3.3462,4.581,0.0148,0.1,6.4,0.95,0.0,830.0,380,448,2,46,54,0,316.0,0.02,0.0001,31998.0,,,,
2172,8000,3305,1.793,0.0323,3.4403,4.478,0.0128,0.09,10.5,0.95,0.0,790.0,377,413,0,48,52,0,332.0,0.03,0.0001,31975.0,,,,
2173,8000,3322,1.7233,0.0096,3.3464,4.512,0.0108,0.08,7.41,0.96,0.0,744.0,366,377,1,49,51,0,352.0,0.03,0.0001,31947.0,,,,
2174,8000,3338,1.7576,0.0095,3.4147,4.461,0.0188,0.08,12.06,0.95,0.0,797.0,407,388,2,51,49,0,329.0,0.04,0.0001,31950.0,,,,
2175,8000,3355,1.7236,0.0,3.3667,4.591,0.0089,0.07,11.15,0.95,0.0,752.0,422,326,4,56,43,1,349.0,0.03,0.0001,31927.0,,,,
2176,8000,3371,1.7229,0.0213,3.3218,4.536,0.0118,0.08,9.75,0.95,0.0,743.0,435,304,4,59,41,1,353.0,0.03,0.0001,31927.0,,,,
2177,8000,3388,1.7478,0.0128,3.3888,4.557,0.0078,0.06,15.3,0.95,0.0,728.0,402,324,2,55,45,0,360.0,0.03,0.0001,31971.0,,,,
2178,8000,3404,1.716,0.026,3.3003,4.7,0.0109,0.08,9.26,0.95,0.0,681.0,358,318,5,53,47,1,385.0,0.03,0.0001,31971.0,,,,
2179,8000,3421,1.6687,-0.0035,3.2654,4.768,0.0116,0.08,10.09,0.95,0.0,624.0,355,264,5,57,42,1,420.0,0.04,0.0001,31935.0,,,,
2180,8000,3437,1.7267,0.0142,3.3451,4.658,0.0101,0.08,9.11,0.94,0.0,691.0,374,312,5,54,45,1,379.0,0.06,0.0001,31924.0,,,,
2181,8000,3454,1.7371,0.0304,3.3373,5.032,0.009,0.07,19.48,0.94,0.0,527.0,289,226,12,55,43,2,497.0,0.05,0.0001,30849.0,,,,
2182,8000,3471,1.6275,0.019,3.1429,5.231,0.008,0.06,15.91,0.95,0.0,422.0,223,192,7,53,45,2,621.0,0.05,0.0001,31993.0,,,,
2183,8000,3487,1.6533,0.0081,3.2144,5.008,0.0148,0.1,5.19,0.93,0.0,511.0,237,263,11,46,51,2,513.0,0.06,0.0001,32030.0,,,,
2184,8000,3504,1.647,0.008,3.2015,4.952,0.0144,0.1,3.7,0.93,0.0,604.0,336,250,18,56,41,3,434.0,0.03,0.0001,31980.0,,,,
2185,8000,3520,1.6343,0.0026,3.1886,5.079,0.0106,0.08,8.6,0.93,0.0,522.0,266,241,15,51,46,3,502.0,0.01,0.0001,32037.0,,,,
2186,8000,3536,1.5846,-0.001,3.0968,5.171,0.009,0.07,4.97,0.93,0.0,427.0,186,238,3,44,56,1,614.0,0.02,0.0001,31992.0,,,,
2187,8000,3553,1.5345,0.0005,2.9955,5.32,0.0103,0.07,4.68,0.93,0.0,384.0,170,202,12,44,53,3,683.0,0.02,0.0001,32040.0,,,,
2188,8000,3569,1.5407,-0.0011,3.0118,5.286,0.009,0.07,4.36,0.93,0.0,418.0,156,227,35,37,54,8,627.0,0.02,0.0001,31991.0,,,,
2189,8000,3586,1.6103,-0.0001,3.1489,5.345,0.0077,0.06,20.24,0.9,0.0,430.0,187,214,29,43,50,7,610.0,0.01,0.0001,32008.0,,,,
2190,8000,3602,1.59,0.0085,3.0898,5.216,0.0116,0.07,3.76,0.92,0.0,482.0,237,224,21,49,46,4,544.0,0.02,0.0001,31975.0,,,,
2191,8000,3619,1.5881,0.0017,3.1006,5.306,0.0099,0.07,4.52,0.93,0.0,502.0,228,249,25,45,50,5,522.0,0.01,0.0001,31975.0,,,,
2192,8000,3635,1.5797,0.0035,3.0812,5.364,0.0089,0.06,6.33,0.93,0.0,473.0,208,226,39,44,48,8,554.0,0.01,0.0001,32008.0,,,,
2193,8000,3652,1.5954,0.0094,3.0994,5.275,0.0111,0.07,4.66,0.93,0.0,540.0,210,286,44,39,53,8,485.0,0.01,0.0001,31983.0,,,,
2194,8000,3668,1.6568,0.0053,3.2302,5.191,0.009,0.06,8.01,0.92,0.0,560.0,241,277,42,43,49,8,468.0,0.0,0.0001,31988.0,,,,
2195,8000,3685,1.6404,-0.0039,3.2153,5.113,0.0089,0.06,6.48,0.93,0.0,659.0,285,324,50,43,49,8,398.0,0.0,0.0001,31996.0,,,,
2196,8000,3701,1.6511,0.0039,3.2199,5.069,0.01,0.07,6.44,0.93,0.0,633.0,265,332,36,42,52,6,414.0,0.0,0.0001,31989.0,,,,
2197,8000,3717,1.6645,0.0127,3.229,5.099,0.0117,0.08,4.45,0.92,0.0,656.0,260,354,42,40,54,6,400.0,0.0,0.0001,31975.0,,,,
2198,8000,3734,1.7097,0.0103,3.323,4.946,0.011,0.07,6.58,0.93,0.0,723.0,286,400,37,40,55,5,363.0,0.01,0.0001,31984.0,,,,
2199,8000,3750,1.6758,0.0181,3.24,5.049,0.0097,0.07,5.52,0.94,0.0,728.0,316,375,37,43,52,5,360.0,0.0,0.0001,31978.0,119,4,389,23
2200,8000,3782,1.7317,0.0224,3.3434,4.967,0.0098,0.07,6.08,0.93,0.0,751.0,354,371,26,47,49,3,349.0,0.01,0.0001,32172.0,,,,
2201,8000,3799,1.7315,0.0148,3.3581,4.981,0.0108,0.07,7.18,0.92,0.0,669.0,348,299,22,52,45,3,392.0,0.01,0.0001,30865.0,,,,
2202,8000,3815,1.6692,0.0162,3.2321,5.084,0.0136,0.08,4.45,0.93,0.0,556.0,286,244,26,51,44,5,471.0,0.01,0.0001,31947.0,,,,
2203,8000,3832,1.6292,0.0213,3.1435,5.216,0.0101,0.07,4.73,0.94,0.0,527.0,315,182,30,60,35,6,497.0,0.01,0.0001,31937.0,,,,
2204,8000,3848,1.6675,0.0244,3.2127,5.056,0.0103,0.07,5.29,0.93,0.0,560.0,291,240,29,52,43,5,468.0,0.01,0.0001,31951.0,,,,
2205,8000,3865,1.6734,0.0211,3.2292,4.935,0.0082,0.07,6.12,0.93,0.0,582.0,307,241,34,53,41,6,450.0,0.01,0.0001,31947.0,,,,
2206,8000,3881,1.6764,0.0115,3.2529,4.822,0.0108,0.08,4.35,0.93,0.0,586.0,310,250,26,53,43,4,447.0,0.01,0.0001,31926.0,,,,
2207,8000,3898,1.7409,0.0158,3.3715,4.637,0.0129,0.09,4.03,0.91,0.0,695.0,364,306,25,52,44,4,377.0,0.02,0.0001,31949.0,,,,
2208,8000,3914,1.7353,0.008,3.3761,4.67,0.0112,0.09,4.27,0.91,0.0,736.0,371,339,26,50,46,4,356.0,0.01,0.0001,31955.0,,,,
2209,8000,3931,1.7597,0.0199,3.4011,4.679,0.0112,0.09,4.81,0.93,0.0,741.0,408,314,19,55,42,3,354.0,0.03,0.0001,31924.0,,,,
2210,8000,3947,1.7741,0.0154,3.4382,4.559,0.011,0.09,5.08,0.93,0.0,826.0,442,363,21,54,44,3,317.0,0.03,0.0001,31938.0,,,,
2211,8000,3964,1.7623,0.0111,3.4236,4.635,0.0089,0.08,5.43,0.93,0.0,839.0,434,392,13,52,47,2,312.0,0.03,0.0001,31939.0,,,,
2212,8000,3980,1.7881,0.0302,3.4369,4.622,0.0081,0.07,6.74,0.93,0.0,869.0,460,388,21,53,45,2,302.0,0.04,0.0001,31943.0,,,,
2213,8000,3997,1.7817,0.0221,3.4401,4.591,0.0087,0.07,7.56,0.93,0.0,828.0,423,379,26,51,46,3,317.0,0.02,0.0001,31964.0,,,,
2214,8000,4013,1.7458,0.0272,3.3584,4.639,0.0092,0.08,6.17,0.94,0.0,773.0,391,359,23,51,46,3,339.0,0.01,0.0001,32003.0,,,,
2215,8000,4030,1.7314,0.0238,3.3371,4.726,0.0099,0.08,6.12,0.94,0.0,749.0,370,357,22,49,48,3,350.0,0.01,0.0001,31992.0,,,,
2216,8000,4046,1.7315,0.0271,3.3317,4.783,0.0105,0.08,5.83,0.94,0.0,762.0,392,348,22,51,46,3,344.0,0.01,0.0001,31941.0,,,,
2217,8000,4063,1.7262,0.0222,3.3305,4.762,0.0096,0.08,7.68,0.94,0.0,729.0,356,349,24,49,48,3,360.0,0.01,0.0001,31942.0,,,,
2218,8000,4079,1.6994,0.0238,3.2767,4.815,0.0096,0.07,7.16,0.94,0.0,657.0,275,342,40,42,52,6,399.0,0.0,0.0001,31939.0,,,,
2219,8000,4095,1.6607,0.0227,3.2027,4.922,0.0094,0.07,6.15,0.95,0.0,667.0,320,309,38,48,46,6,393.0,0.0,0.0001,31931.0,,,,
2220,8000,4112,1.6323,0.0233,3.1456,5.087,0.0107,0.07,6.41,0.95,0.0,587.0,270,283,34,46,48,6,447.0,0.0,0.0001,31937.0,,,,
2221,8000,4129,1.6376,0.0029,3.2005,5.239,0.0098,0.07,7.3,0.93,0.0,543.0,241,251,51,44,46,9,483.0,0.01,0.0001,30809.0,,,,
2222,8000,4145,1.5561,0.0021,3.0418,5.519,0.0105,0.07,3.44,0.94,0.0,424.0,198,183,43,47,43,10,618.0,0.03,0.0001,32031.0,,,,
2223,8000,4162,1.4847,-0.0044,2.9116,5.522,0.0093,0.06,3.65,0.95,0.0,374.0,167,155,52,45,41,14,701.0,0.03,0.0001,31988.0,,,,
2224,8000,4178,1.4996,0.0025,2.9283,5.502,0.0087,0.06,4.34,0.95,0.0,387.0,159,179,49,41,46,13,677.0,0.03,0.0001,31970.0,,,,
2225,8000,4195,1.4947,0.0036,2.9181,5.551,0.0086,0.06,3.17,0.94,0.0,415.0,168,170,77,40,41,19,632.0,0.02,0.0001,31985.0,,,,
2226,8000,4211,1.5234,-0.0058,2.9919,5.382,0.0079,0.06,4.38,0.94,0.0,442.0,180,197,65,41,45,15,593.0,0.03,0.0001,31959.0,,,,
2227,8000,4228,1.5754,0.002,3.0784,5.24,0.0082,0.06,4.52,0.93,0.0,486.0,204,223,59,42,46,12,539.0,0.03,0.0001,31985.0,,,,
2228,8000,4244,1.5312,-0.0067,3.0065,5.292,0.0097,0.07,3.41,0.93,0.0,470.0,202,216,52,43,46,11,558.0,0.01,0.0001,31992.0,,,,
2229,8000,4261,1.5055,-0.0084,2.962,5.386,0.0083,0.06,3.84,0.94,0.0,443.0,165,202,76,37,46,17,592.0,0.01,0.0001,31977.0,,,,
2230,8000,4277,1.5447,-0.0064,3.0353,5.465,0.0049,0.04,14.44,0.94,0.0,412.0,150,208,54,36,50,13,636.0,0.02,0.0001,32036.0,,,,
2231,8000,4293,1.5274,-0.0032,2.9929,5.37,0.0081,0.06,4.95,0.94,0.0,444.0,187,192,65,42,43,15,590.0,0.03,0.0001,31989.0,,,,
2232,8000,4310,1.5801,0.0043,3.0819,5.159,0.0091,0.07,3.89,0.94,0.0,491.0,205,229,57,42,47,12,534.0,0.03,0.0001,31999.0,,,,
2233,8000,4326,1.559,0.004,3.0413,5.25,0.0089,0.07,4.21,0.94,0.0,507.0,219,234,54,43,46,11,517.0,0.05,0.0001,32025.0,,,,
2234,8000,4343,1.5595,-0.0004,3.0488,5.266,0.0092,0.07,4.56,0.93,0.0,451.0,217,196,38,48,43,8,581.0,0.04,0.0001,32030.0,,,,
2235,8000,4359,1.5231,-0.0035,2.9841,5.282,0.0093,0.07,4.25,0.95,0.0,441.0,195,196,50,44,44,11,594.0,0.02,0.0001,31966.0,,,,
2236,8000,4376,1.5236,0.015,2.9475,5.339,0.0095,0.06,3.54,0.95,0.0,454.0,197,212,45,43,47,10,577.0,0.03,0.0001,31963.0,,,,
2237,8000,4392,1.5423,0.0111,2.9943,5.346,0.0073,0.06,6.18,0.95,0.0,432.0,161,208,63,37,48,15,607.0,0.03,0.0001,31978.0,,,,
2238,8000,4409,1.5309,0.0154,2.9618,5.386,0.0093,0.07,3.54,0.95,0.0,417.0,182,180,55,44,43,13,629.0,0.03,0.0001,31960.0,,,,
2239,8000,4425,1.546,0.0194,2.9836,5.321,0.0097,0.07,3.89,0.94,0.0,462.0,181,234,47,39,51,10,567.0,0.04,0.0001,31998.0,,,,
2240,8000,4441,1.5326,0.0177,2.9594,5.303,0.0093,0.07,4.02,0.95,0.0,429.0,161,221,47,38,52,11,611.0,0.04,0.0001,31982.0,,,,
2241,8000,4459,1.5743,0.0247,3.0279,5.332,0.0081,0.06,4.59,0.92,0.0,367.0,149,181,37,41,49,10,714.0,0.03,0.0001,30795.0,,,,
2242,8000,4475,1.5088,0.0132,2.924,5.49,0.0074,0.06,3.88,0.92,0.0,342.0,144,144,54,42,42,16,767.0,0.02,0.0001,31954.0,,,,
2243,8000,4492,1.5324,0.0161,2.965,5.461,0.0098,0.07,2.88,0.9,0.0,400.0,169,157,74,42,39,18,655.0,0.02,0.0001,31959.0,,,,
2244,8000,4508,1.5839,0.0161,3.0659,5.388,0.0108,0.08,3.42,0.9,0.0,427.0,205,184,38,48,43,9,614.0,0.04,0.0001,31999.0,,,,
2245,8000,4524,1.601,0.0176,3.0972,5.307,0.0101,0.08,2.63,0.9,0.0,516.0,264,204,48,51,40,9,508.0,0.06,0.0001,32028.0,,,,
2246,8000,4541,1.6255,0.0294,3.1228,5.287,0.0089,0.07,3.58,0.91,0.0,501.0,253,203,45,50,41,9,523.0,0.07,0.0001,31935.0,,,,
2247,8000,4557,1.6774,0.0355,3.2111,5.168,0.0089,0.07,3.23,0.89,0.0,563.0,291,248,24,52,44,4,466.0,0.07,0.0001,31936.0,,,,
2248,8000,4574,1.6939,0.0365,3.2424,5.161,0.0088,0.07,4.03,0.89,0.0,567.0,305,237,25,54,42,4,462.0,0.07,0.0001,31918.0,,,,
2249,8000,4590,1.6894,0.0426,3.22,5.091,0.0087,0.07,5.22,0.9,0.0,579.0,316,248,15,55,43,3,453.0,0.06,0.0001,31931.0,142,6,364,28
2250,8000,4622,1.6891,0.0492,3.2066,5.123,0.0079,0.07,4.09,0.9,0.0,538.0,298,217,23,55,40,4,487.0,0.07,0.0001,32082.0,,,,
2251,8000,4638,1.7074,0.0407,3.2595,5.036,0.0087,0.07,4.32,0.89,0.0,607.0,337,243,27,56,40,4,432.0,0.06,0.0001,31926.0,,,,
2252,8000,4655,1.6428,0.0411,3.1297,5.086,0.0089,0.08,3.79,0.9,0.0,506.0,283,209,14,56,41,3,518.0,0.06,0.0001,31985.0,,,,
2253,8000,4671,1.6086,0.0294,3.0854,5.193,0.0077,0.06,5.1,0.91,0.0,440.0,228,196,16,52,45,4,596.0,0.03,0.0001,31976.0,,,,
2254,8000,4688,1.604,0.0228,3.0883,5.094,0.0087,0.07,3.82,0.9,0.0,444.0,227,205,12,51,46,3,590.0,0.06,0.0001,31991.0,,,,
2255,8000,4704,1.6173,0.0277,3.1048,5.054,0.011,0.08,3.49,0.91,0.0,485.0,240,228,17,49,47,4,541.0,0.07,0.0001,31988.0,,,,
2256,8000,4721,1.6266,0.0239,3.131,5.055,0.0099,0.08,3.85,0.9,0.0,557.0,300,239,18,54,43,3,471.0,0.04,0.0001,31935.0,,,,
2257,8000,4737,1.6054,0.0265,3.0851,5.183,0.0093,0.07,3.82,0.92,0.0,479.0,248,214,17,52,45,4,547.0,0.03,0.0001,32001.0,,,,
2258,8000,4754,1.6295,0.0236,3.138,5.159,0.0098,0.08,3.28,0.92,0.0,528.0,288,237,3,55,45,1,496.0,0.04,0.0001,31939.0,,,,
2259,8000,4770,1.6646,0.0178,3.2189,5.025,0.0093,0.07,3.81,0.92,0.0,582.0,324,252,6,56,43,1,450.0,0.04,0.0001,31967.0,,,,
2260,8000,4787,1.6869,0.0183,3.2624,5.012,0.008,0.07,5.84,0.92,0.0,610.0,325,275,10,53,45,2,430.0,0.03,0.0001,31933.0,,,,
2261,8000,4804,1.7338,0.019,3.3547,5.003,0.0111,0.08,5.18,0.91,0.0,660.0,347,305,8,53,46,1,397.0,0.04,0.0001,30860.0,,,,
2262,8000,4820,1.6707,0.0027,3.2622,5.114,0.0071,0.06,6.5,0.92,0.0,554.0,291,257,6,53,46,1,473.0,0.04,0.0001,31977.0,,,,
2263,8000,4837,1.6777,0.0026,3.275,4.974,0.0093,0.07,5.75,0.92,0.0,613.0,347,258,8,57,42,1,428.0,0.02,0.0001,31957.0,,,,
2264,8000,4853,1.6527,-0.0026,3.2367,5.108,0.0081,0.07,3.79,0.92,0.0,610.0,327,275,8,54,45,1,430.0,0.03,0.0001,31947.0,,,,
2265,8000,4870,1.6951,-0.0006,3.3159,4.893,0.0094,0.07,4.13,0.91,0.0,718.0,350,355,13,49,49,2,365.0,0.06,0.0001,32028.0,,,,
2266,8000,4886,1.6697,-0.0032,3.2713,4.983,0.0104,0.08,3.97,0.92,0.0,677.0,340,326,11,50,48,2,387.0,0.06,0.0001,31995.0,,,,
2267,8000,4903,1.6694,0.0068,3.2507,5.055,0.0089,0.07,4.12,0.93,0.0,685.0,359,322,4,52,47,1,383.0,0.04,0.0001,31983.0,,,,
2268,8000,4919,1.6963,-0.0012,3.3204,4.986,0.0088,0.07,4.15,0.93,0.0,718.0,364,345,9,51,48,1,365.0,0.04,0.0001,31973.0,,,,
2269,8000,4936,1.6996,0.0063,3.3126,5.018,0.0087,0.07,5.16,0.93,0.0,752.0,357,382,13,47,51,2,349.0,0.05,0.0001,32012.0,,,,
2270,8000,4952,1.7376,0.0174,3.3647,4.872,0.0093,0.07,9.83,0.92,0.0,759.0,346,399,14,46,53,2,345.0,0.04,0.0001,31976.0,,,,
2271,8000,4968,1.6994,0.0081,3.3069,4.897,0.009,0.07,4.59,0.92,0.0,699.0,337,356,6,48,51,1,375.0,0.05,0.0001,31986.0,,,,
2272,8000,4985,1.7052,0.0188,3.2976,4.935,0.0104,0.08,5.94,0.93,0.0,688.0,314,369,5,46,54,1,381.0,0.03,0.0001,32027.0,,,,
2273,8000,5001,1.6861,0.0162,3.2647,5.004,0.0082,0.07,5.64,0.93,0.0,638.0,289,344,5,45,54,1,411.0,0.03,0.0001,31978.0,,,,
2274,8000,5018,1.631,0.0178,3.1517,5.078,0.0084,0.07,5.51,0.93,0.0,564.0,248,310,6,44,55,1,465.0,0.02,0.0001,32045.0,,,,
2275,8000,5034,1.615,0.0156,3.1249,5.108,0.0083,0.07,4.77,0.93,0.0,539.0,225,298,16,42,55,3,486.0,0.03,0.0001,31968.0,,,,
2276,8000,5051,1.6038,0.0079,3.1179,5.094,0.0098,0.07,4.41,0.92,0.0,516.0,239,259,18,46,50,3,508.0,0.04,0.0001,31978.0,,,,
2277,8000,5067,1.6199,0.0136,3.139,5.099,0.0094,0.07,4.17,0.92,0.0,542.0,238,286,18,44,53,3,484.0,0.04,0.0001,31982.0,,,,
2278,8000,5084,1.6082,0.0049,3.1336,5.191,0.0085,0.06,7.26,0.92,0.0,475.0,225,235,15,47,49,3,552.0,0.03,0.0001,31992.0,,,,
2279,8000,5100,1.6917,0.0133,3.2822,4.954,0.0088,0.07,4.61,0.9,0.0,629.0,334,275,20,53,44,3,417.0,0.04,0.0001,31982.0,,,,
2280,8000,5117,1.7426,0.0116,3.3862,4.864,0.0094,0.07,6.91,0.91,0.0,701.0,369,318,14,53,45,2,374.0,0.03,0.0001,31985.0,,,,
2281,8000,5134,1.7354,0.0131,3.3688,4.876,0.0135,0.09,4.29,0.9,0.0,718.0,357,345,16,50,48,2,365.0,0.03,0.0001,30864.0,,,,
2282,8000,5150,1.7055,0.0168,3.3019,4.966,0.0101,0.08,5.37,0.91,0.0,663.0,331,326,6,50,49,1,395.0,0.02,0.0001,31974.0,,,,
2283,8000,5167,1.6648,0.0225,3.21,5.058,0.0089,0.07,6.14,0.92,0.0,562.0,273,282,7,49,50,1,466.0,0.02,0.0001,31966.0,,,,
2284,8000,5183,1.6336,0.0255,3.1423,5.172,0.0082,0.06,6.28,0.93,0.0,492.0,247,235,10,50,48,2,533.0,0.02,0.0001,32021.0,,,,
2285,8000,5199,1.6296,0.0156,3.1558,5.23,0.0063,0.06,10.55,0.93,0.0,459.0,185,248,26,40,54,6,571.0,0.03,0.0001,31972.0,,,,
2286,8000,5216,1.5894,0.0128,3.0823,5.359,0.0081,0.06,6.66,0.93,0.0,454.0,186,232,36,41,51,8,577.0,0.02,0.0001,31937.0,,,,
2287,8000,5232,1.5911,0.0167,3.078,5.346,0.0101,0.07,4.77,0.92,0.0,456.0,202,236,18,44,52,4,575.0,0.02,0.0001,31923.0,,,,
2288,8000,5249,1.5295,0.0116,2.9658,5.525,0.0084,0.06,5.85,0.94,0.0,349.0,162,166,21,46,48,6,751.0,0.02,0.0001,31934.0,,,,
2289,8000,5265,1.5308,0.0066,2.9788,5.521,0.0087,0.06,4.93,0.94,0.0,382.0,172,180,30,45,47,8,686.0,0.03,0.0001,31931.0,,,,
2290,8000,5282,1.5147,0.0149,2.9307,5.633,0.0083,0.06,4.71,0.95,0.0,325.0,135,177,13,42,54,4,807.0,0.03,0.0001,31995.0,,,,
2291,8000,5298,1.5015,0.006,2.923,5.669,0.0089,0.06,4.45,0.95,0.0,310.0,113,169,28,36,55,9,846.0,0.07,0.0001,31942.0,,,,
2292,8000,5315,1.5362,0.0095,2.9863,5.694,0.0059,0.04,10.45,0.96,0.0,336.0,125,186,25,37,55,7,780.0,0.08,0.0001,31999.0,,,,
2293,8000,5331,1.5318,0.0202,2.9568,5.648,0.009,0.06,3.56,0.95,0.0,386.0,150,205,31,39,53,8,679.0,0.09,0.0001,32002.0,,,,
2294,8000,5348,1.6161,0.0237,3.1148,5.462,0.0101,0.07,8.05,0.94,0.0,500.0,207,274,19,41,55,4,524.0,0.06,0.0001,31938.0,,,,
2295,8000,5364,1.549,0.0111,3.0056,5.467,0.0103,0.06,4.26,0.96,0.0,496.0,252,228,16,51,46,3,529.0,0.05,0.0001,31976.0,,,,
2296,8000,5381,1.5567,0.0235,2.9981,5.512,0.0101,0.06,3.41,0.95,0.0,486.0,224,235,27,46,48,6,539.0,0.03,0.0001,31952.0,,,,
2297,8000,5397,1.5899,0.021,3.0684,5.445,0.0076,0.05,9.68,0.95,0.0,438.0,186,224,28,42,51,6,599.0,0.05,0.0001,31932.0,,,,
2298,8000,5414,1.5371,0.022,2.9656,5.549,0.0087,0.06,5.53,0.96,0.0,415.0,174,199,42,42,48,10,632.0,0.05,0.0001,31941.0,,,,
2299,8000,5430,1.5721,0.0216,3.0365,5.453,0.0108,0.07,4.76,0.95,0.0,493.0,201,225,67,41,46,14,532.0,0.02,0.0001,31940.0,127,11,374,25
2300,8000,5462,1.634,0.009,3.1818,5.311,0.01,0.06,5.27,0.94,0.0,621.0,275,287,59,44,46,10,422.0,0.01,0.0001,32083.0,,,,
2301,8000,5479,1.6808,-0.0002,3.2946,5.263,0.0108,0.07,4.37,0.93,0.0,611.0,278,288,45,45,47,7,429.0,0.03,0.0001,30853.0,,,,
2302,8000,5495,1.6861,0.0021,3.2965,5.245,0.0077,0.06,5.6,0.94,0.0,590.0,292,272,26,49,46,4,444.0,0.04,0.0001,31976.0,,,,
2303,8000,5512,1.651,0.0028,3.2257,5.268,0.009,0.07,4.01,0.95,0.0,520.0,254,245,21,49,47,4,504.0,0.02,0.0001,31960.0,,,,
2304,8000,5528,1.6429,0.0013,3.2121,5.256,0.0117,0.08,4.37,0.94,0.0,536.0,249,265,22,46,49,4,489.0,0.03,0.0001,31994.0,,,,
2305,8000,5544,1.642,-0.0067,3.2267,5.245,0.0091,0.07,3.77,0.94,0.0,581.0,279,277,25,48,48,4,451.0,0.03,0.0001,31967.0,,,,
2306,8000,5561,1.6504,-0.0051,3.2409,5.316,0.0093,0.07,3.94,0.93,0.0,608.0,289,292,27,48,48,4,431.0,0.03,0.0001,31963.0,,,,
2307,8000,5577,1.7171,-0.0085,3.3804,5.194,0.0091,0.07,6.6,0.92,0.0,728.0,357,348,23,49,48,3,360.0,0.03,0.0001,31965.0,,,,
2308,8000,5594,1.7686,0.009,3.4461,5.045,0.0097,0.07,5.33,0.92,0.0,833.0,404,409,20,48,49,2,315.0,0.03,0.0001,32034.0,,,,
2309,8000,5610,1.7926,0.0009,3.5084,4.919,0.01,0.07,4.34,0.91,0.0,923.0,434,478,11,47,52,1,284.0,0.02,0.0001,31970.0,,,,
2310,8000,5627,1.8362,0.0016,3.5927,4.784,0.0118,0.09,3.7,0.89,0.0,990.0,417,567,6,42,57,1,265.0,0.02,0.0001,31987.0,,,,
2311,8000,5643,1.8003,0.0037,3.5164,4.771,0.01,0.08,5.24,0.91,0.0,901.0,413,482,6,46,53,1,291.0,0.02,0.0001,31980.0,,,,
2312,8000,5660,1.7524,-0.0081,3.4447,4.867,0.0099,0.08,4.74,0.91,0.0,822.0,344,475,3,42,58,0,319.0,0.03,0.0001,31983.0,,,,
2313,8000,5676,1.7691,0.0007,3.4602,4.828,0.0097,0.08,4.52,0.9,0.0,828.0,334,494,0,40,60,0,317.0,0.02,0.0001,32016.0,,,,
2314,8000,5693,1.7568,0.0175,3.4023,4.863,0.0099,0.08,4.0,0.92,0.0,806.0,363,439,4,45,54,0,325.0,0.01,0.0001,31960.0,,,,
2315,8000,5709,1.7573,0.0282,3.3828,4.929,0.0096,0.08,4.82,0.93,0.0,804.0,359,443,2,45,55,0,326.0,0.01,0.0001,31996.0,,,,
2316,8000,5725,1.7583,0.0306,3.3804,4.975,0.0092,0.07,5.01,0.93,0.0,733.0,350,382,1,48,52,0,358.0,0.02,9.9e-05,31983.0,,,,
2317,8000,5742,1.7172,0.0251,3.3103,5.086,0.0101,0.07,6.41,0.94,0.0,703.0,335,368,0,48,52,0,373.0,0.02,9.9e-05,31975.0,,,,
2318,8000,5758,1.6969,0.0292,3.2617,5.101,0.0084,0.07,5.04,0.94,0.0,663.0,328,334,1,49,50,0,395.0,0.03,9.9e-05,31971.0,,,,
2319,8000,5775,1.7141,0.0309,3.2925,5.111,0.0078,0.06,7.9,0.94,0.0,667.0,366,300,1,55,45,0,393.0,0.03,9.9e-05,31991.0,,,,
2320,8000,5791,1.6566,0.0137,3.2122,5.126,0.0109,0.08,5.36,0.94,0.0,593.0,324,269,0,55,45,0,442.0,0.04,9.9e-05,31995.0,,,,
2321,8000,5808,1.693,0.0119,3.2887,5.144,0.0085,0.06,6.82,0.92,0.0,577.0,293,283,1,51,49,0,454.0,0.04,9.9e-05,30840.0,,,,
2322,8000,5825,1.7205,0.0151,3.3361,4.994,0.0116,0.08,4.33,0.91,0.0,670.0,367,301,2,55,45,0,391.0,0.04,9.9e-05,31911.0,,,,
2323,8000,5841,1.7288,0.0133,3.3567,5.037,0.0117,0.08,4.74,0.91,0.0,762.0,388,370,4,51,49,1,344.0,0.03,9.9e-05,31876.0,,,,
2324,8000,5858,1.7154,0.0158,3.3254,5.121,0.0129,0.08,4.58,0.91,0.0,700.0,363,335,2,52,48,0,374.0,0.02,9.9e-05,31887.0,,,,
2325,8000,5874,1.6807,0.0015,3.2851,5.176,0.0101,0.07,4.61,0.91,0.0,630.0,290,337,3,46,53,0,416.0,0.03,9.9e-05,31932.0,,,,
2326,8000,5891,1.6815,-0.0,3.2894,5.119,0.0108,0.08,2.96,0.9,0.0,632.0,299,330,3,47,52,0,415.0,0.02,9.9e-05,32002.0,,,,
2327,8000,5907,1.6925,0.0116,3.2882,5.17,0.0093,0.07,4.99,0.91,0.0,563.0,253,300,10,45,53,2,466.0,0.03,9.9e-05,31926.0,,,,
2328,8000,5924,1.7326,0.0093,3.3729,5.136,0.0088,0.07,5.28,0.9,0.0,624.0,310,309,5,50,50,1,420.0,0.05,9.9e-05,31892.0,,,,
2329,8000,5940,1.715,0.0061,3.3442,5.074,0.0095,0.07,5.62,0.91,0.0,664.0,289,368,7,44,55,1,395.0,0.03,9.9e-05,31953.0,,,,
2330,8000,5957,1.7288,0.0104,3.3625,5.015,0.0092,0.07,5.73,0.9,0.0,651.0,312,332,7,48,51,1,403.0,0.03,9.9e-05,32014.0,,,,
2331,8000,5973,1.7309,0.0232,3.3402,4.918,0.0098,0.08,4.48,0.91,0.0,665.0,309,352,4,46,53,1,394.0,0.04,9.9e-05,31973.0,,,,
2332,8000,5990,1.7014,0.0177,3.2931,5.032,0.0096,0.08,5.51,0.92,0.0,620.0,319,297,4,51,48,1,423.0,0.04,9.9e-05,31962.0,,,,
2333,8000,6006,1.6638,0.0071,3.2393,5.109,0.0088,0.07,5.51,0.92,0.0,578.0,259,313,6,45,54,1,454.0,0.04,9.9e-05,32019.0,,,,
2334,8000,6022,1.6613,0.0094,3.2286,4.978,0.0123,0.09,5.01,0.92,0.0,541.0,265,268,8,49,50,1,485.0,0.04,9.9e-05,32013.0,,,,
2335,8000,6039,1.7048,0.024,3.2855,4.89,0.0102,0.08,5.28,0.92,0.0,594.0,273,314,7,46,53,1,441.0,0.06,9.9e-05,31959.0,,,,
2336,8000,6055,1.7058,0.0155,3.3063,4.951,0.0087,0.06,8.59,0.93,0.0,632.0,289,327,16,46,52,3,415.0,0.06,9.9e-05,31964.0,,,,
2337,8000,6072,1.7254,0.0121,3.3515,4.95,0.0079,0.06,8.88,0.93,0.0,656.0,306,339,11,47,52,2,400.0,0.04,9.9e-05,31952.0,,,,
2338,8000,6088,1.6955,0.0048,3.306,4.967,0.008,0.06,13.66,0.94,0.0,545.0,246,294,5,45,54,1,481.0,0.05,9.8e-05,31983.0,,,,
2339,8000,6105,1.6168,-0.0051,3.1702,5.075,0.0051,0.05,13.45,0.94,0.0,509.0,242,254,13,48,50,3,515.0,0.05,9.8e-05,31969.0,,,,
2340,8000,6121,1.657,0.007,3.2264,5.064,0.0075,0.06,16.6,0.94,0.0,491.0,217,264,10,44,54,2,534.0,0.04,9.8e-05,31968.0,,,,
2341,8000,6138,1.621,0.0244,3.1228,5.119,0.0057,0.04,20.07,0.96,0.0,401.0,168,208,25,42,52,6,654.0,0.04,9.8e-05,30837.0,,,,
2342,8000,6155,1.5331,0.0179,2.9684,5.492,0.0094,0.06,9.12,0.96,0.0,338.0,159,139,40,47,41,12,776.0,0.04,9.8e-05,31952.0,,,,
2343,8000,6171,1.6673,0.0038,3.2641,5.663,0.0038,0.03,32.29,0.95,0.0,298.0,138,122,38,46,41,13,880.0,0.03,9.8e-05,31934.0,,,,
2344,8000,6188,1.5334,0.0059,2.9905,5.624,0.0068,0.05,10.54,0.95,0.0,312.0,146,143,23,47,46,7,840.0,0.05,9.8e-05,31958.0,,,,
2345,8000,6204,1.5414,0.0099,2.9924,5.47,0.0099,0.07,5.85,0.94,0.0,317.0,156,146,15,49,46,5,827.0,0.05,9.8e-05,31964.0,,,,
2346,8000,6221,1.5453,0.0128,2.9941,5.496,0.0087,0.06,6.24,0.94,0.0,364.0,169,184,11,46,51,3,720.0,0.06,9.8e-05,31958.0,,,,
2347,8000,6237,1.642,0.022,3.1683,5.34,0.0118,0.08,5.0,0.94,0.0,513.0,255,250,8,50,49,2,511.0,0.06,9.8e-05,31955.0,,,,
2348,8000,6254,1.6703,0.0098,3.2495,5.328,0.0089,0.07,5.84,0.94,0.0,568.0,279,286,3,49,50,1,462.0,0.04,9.8e-05,31964.0,,,,
2349,8000,6270,1.7122,0.0193,3.314,5.283,0.0118,0.08,7.52,0.94,0.0,626.0,298,325,3,48,52,0,419.0,0.03,9.8e-05,32013.0,136,17,359,27
2350,8000,6302,1.7,0.0143,3.2997,5.318,0.0112,0.07,8.09,0.95,0.0,667.0,297,369,1,45,55,0,393.0,0.03,9.8e-05,32163.0,,,,
2351,8000,6318,1.6702,0.011,3.2481,5.438,0.0078,0.06,7.13,0.95,0.0,602.0,280,321,1,47,53,0,435.0,0.02,9.8e-05,31956.0,,,,
2352,8000,6335,1.6761,0.0085,3.2646,5.414,0.0077,0.06,9.76,0.95,0.0,541.0,240,301,0,44,56,0,485.0,0.02,9.8e-05,31946.0,,,,
2353,8000,6351,1.6667,0.0046,3.253,5.343,0.009,0.07,8.71,0.94,0.0,570.0,260,310,0,46,54,0,460.0,0.02,9.8e-05,31940.0,,,,
2354,8000,6368,1.6556,0.0153,3.2098,5.386,0.0083,0.06,8.92,0.95,0.0,563.0,245,317,1,44,56,0,466.0,0.03,9.8e-05,31947.0,,,,
2355,8000,6384,1.6773,0.0163,3.251,5.399,0.0096,0.07,8.94,0.95,0.0,565.0,242,322,1,43,57,0,464.0,0.03,9.8e-05,31966.0,,,,
2356,8000,6400,1.676,0.0142,3.2523,5.321,0.0111,0.08,6.08,0.94,0.0,594.0,287,306,1,48,52,0,441.0,0.04,9.8e-05,31953.0,,,,
2357,8000,6417,1.7226,0.0067,3.3597,5.237,0.0115,0.08,6.95,0.94,0.0,672.0,284,387,1,42,58,0,390.0,0.03,9.8e-05,32021.0,,,,
2358,8000,6433,1.706,0.0074,3.3255,5.283,0.0092,0.07,7.06,0.94,0.0,659.0,292,366,1,44,56,0,398.0,0.02,9.8e-05,31962.0,,,,
2359,8000,6450,1.6927,0.0119,3.2896,5.218,0.0093,0.07,5.54,0.93,0.0,644.0,323,321,0,50,50,0,407.0,0.02,9.7e-05,32016.0,,,,
2360,8000,6466,1.7257,0.0132,3.3529,5.2,0.0083,0.07,9.55,0.93,0.0,645.0,294,349,2,46,54,0,406.0,0.02,9.7e-05,31964.0,,,,
2361,8000,6483,1.7887,0.0108,3.4827,5.079,0.0118,0.09,7.7,0.9,0.0,711.0,334,370,7,47,52,1,369.0,0.04,9.7e-05,30864.0,,,,
2362,8000,6500,1.7173,0.0008,3.3601,5.138,0.0091,0.07,8.45,0.91,0.0,632.0,312,317,3,49,50,0,415.0,0.06,9.7e-05,31924.0,,,,
2363,8000,6516,1.6665,-0.0038,3.2685,5.202,0.0104,0.07,6.94,0.92,0.0,554.0,264,284,6,48,51,1,473.0,0.07,9.7e-05,32007.0,,,,
2364,8000,6533,1.6183,0.0019,3.1619,5.339,0.0122,0.08,5.62,0.92,0.0,507.0,237,260,10,47,51,2,517.0,0.06,9.7e-05,31957.0,,,,
2365,8000,6549,1.62,0.015,3.1389,5.269,0.0111,0.08,4.36,0.92,0.0,486.0,239,238,9,49,49,2,539.0,0.06,9.7e-05,31984.0,,,,
2366,8000,6566,1.6275,0.0001,3.1832,5.306,0.008,0.06,6.87,0.92,0.0,462.0,226,231,5,49,50,1,567.0,0.05,9.7e-05,32017.0,,,,
2367,8000,6582,1.5942,0.0134,3.0914,5.383,0.0083,0.06,5.31,0.94,0.0,445.0,223,208,14,50,47,3,589.0,0.04,9.7e-05,31933.0,,,,
2368,8000,6598,1.5958,0.0084,3.1039,5.368,0.0094,0.07,5.17,0.94,0.0,451.0,226,219,6,50,49,1,581.0,0.03,9.7e-05,31924.0,,,,
2369,8000,6615,1.6039,0.0086,3.1203,5.358,0.0073,0.06,6.38,0.94,0.0,413.0,191,210,12,46,51,3,635.0,0.04,9.7e-05,31985.0,,,,
2370,8000,6631,1.5597,0.0057,3.0396,5.453,0.0065,0.05,7.32,0.95,0.0,369.0,195,156,18,53,42,5,710.0,0.04,9.7e-05,31955.0,,,,
2371,8000,6648,1.5439,0.004,3.0102,5.395,0.0077,0.06,4.5,0.95,0.0,390.0,191,186,13,49,48,3,672.0,0.04,9.7e-05,31929.0,,,,
2372,8000,6664,1.5679,0.001,3.0624,5.266,0.0076,0.06,9.99,0.94,0.0,382.0,182,189,11,48,49,3,686.0,0.03,9.7e-05,31926.0,,,,
2373,8000,6681,1.6219,0.0063,3.1584,5.096,0.008,0.07,7.6,0.93,0.0,458.0,217,226,15,47,49,3,572.0,0.04,9.7e-05,31946.0,,,,
2374,8000,6697,1.5978,0.0033,3.1164,5.164,0.0073,0.06,8.08,0.94,0.0,412.0,196,208,8,48,50,2,636.0,0.04,9.7e-05,31945.0,,,,
2375,8000,6714,1.6025,0.0082,3.1157,5.097,0.0099,0.07,7.79,0.94,0.0,456.0,212,230,14,46,50,3,575.0,0.03,9.7e-05,31956.0,,,,
2376,8000,6730,1.593,0.0063,3.1019,5.226,0.0087,0.07,7.47,0.94,0.0,456.0,221,227,8,48,50,2,575.0,0.03,9.7e-05,31935.0,,,,
2377,8000,6747,1.5961,0.0076,3.1053,5.158,0.0109,0.08,6.04,0.94,0.0,452.0,213,221,18,47,49,4,580.0,0.04,9.7e-05,31931.0,,,,
2378,8000,6763,1.637,0.0047,3.1917,5.073,0.0101,0.07,10.79,0.93,0.0,475.0,228,235,12,48,49,3,552.0,0.02,9.7e-05,31955.0,,,,
2379,8000,6780,1.6625,0.0063,3.2397,4.991,0.0109,0.08,10.79,0.93,0.0,547.0,251,268,28,46,49,5,479.0,0.03,9.7e-05,31928.0,,,,
2380,8000,6796,1.6489,0.0061,3.2136,5.019,0.0113,0.08,9.87,0.92,0.0,529.0,218,288,23,41,54,4,496.0,0.02,9.7e-05,31956.0,,,,
2381,8000,6813,1.6287,0.0161,3.1554,5.187,0.0125,0.08,5.75,0.92,0.0,508.0,245,230,33,48,45,6,516.0,0.01,9.7e-05,30836.0,,,,
2382,8000,6830,1.6171,0.0101,3.1432,5.249,0.0102,0.07,4.9,0.92,0.0,518.0,293,202,23,57,39,4,506.0,0.03,9.6e-05,32002.0,,,,
2383,8000,6846,1.66,0.0195,3.2097,5.24,0.013,0.08,5.32,0.91,0.0,604.0,325,254,25,54,42,4,434.0,0.03,9.6e-05,31959.0,,,,
2384,8000,6863,1.617,0.0159,3.1313,5.356,0.0106,0.07,6.67,0.93,0.0,522.0,306,198,18,59,38,3,502.0,0.02,9.6e-05,31980.0,,,,
2385,8000,6879,1.5306,-0.0108,3.0136,5.413,0.007,0.05,8.0,0.94,0.0,460.0,233,198,29,51,43,6,570.0,0.01,9.6e-05,32011.0,,,,
2386,8000,6896,1.5332,-0.0043,3.0083,5.442,0.0092,0.06,5.88,0.94,0.0,438.0,224,171,43,51,39,10,599.0,0.0,9.6e-05,31974.0,,,,
2387,8000,6912,1.5408,0.0041,3.0051,5.395,0.0083,0.06,7.61,0.94,0.0,446.0,228,176,42,51,39,9,588.0,0.01,9.6e-05,31967.0,,,,
2388,8000,6928,1.5308,-0.0049,3.0052,5.475,0.0069,0.05,11.81,0.95,0.0,445.0,213,183,49,48,41,11,589.0,0.01,9.6e-05,31994.0,,,,
2389,8000,6945,1.5119,-0.0044,2.967,5.487,0.008,0.05,7.61,0.95,0.0,414.0,202,163,49,49,39,12,633.0,0.01,9.6e-05,31955.0,,,,
2390,8000,6961,1.5304,-0.0053,3.0037,5.431,0.01,0.06,6.26,0.95,0.0,467.0,228,195,44,49,42,9,561.0,0.01,9.6e-05,31981.0,,,,
2391,8000,6978,1.5439,-0.006,3.0338,5.476,0.0102,0.06,6.15,0.94,0.0,482.0,251,182,49,52,38,10,544.0,0.0,9.6e-05,31951.0,,,,
2392,8000,6994,1.5584,-0.0055,3.0603,5.413,0.0092,0.06,7.44,0.94,0.0,502.0,255,209,38,51,42,8,522.0,0.01,9.6e-05,32021.0,,,,
2393,8000,7011,1.5498,-0.0113,3.0533,5.484,0.0119,0.07,7.08,0.94,0.0,504.0,249,232,23,49,46,5,520.0,0.02,9.6e-05,31951.0,,,,
2394,8000,7027,1.5549,-0.007,3.0568,5.489,0.0136,0.07,5.54,0.94,0.0,491.0,240,205,46,49,42,9,534.0,0.03,9.6e-05,31993.0,,,,
2395,8000,7044,1.5851,0.0006,3.1002,5.4,0.0098,0.06,5.59,0.92,0.0,503.0,257,213,33,51,42,7,521.0,0.03,9.6e-05,31973.0,,,,
2396,8000,7060,1.5637,-0.0064,3.0722,5.375,0.0112,0.07,5.22,0.93,0.0,503.0,240,226,37,48,45,7,521.0,0.03,9.6e-05,31975.0,,,,
2397,8000,7076,1.5366,-0.0072,3.0215,5.484,0.0075,0.05,7.38,0.93,0.0,486.0,234,206,46,48,42,9,539.0,0.02,9.6e-05,32006.0,,,,
2398,8000,7093,1.5525,-0.0006,3.0387,5.468,0.0092,0.06,7.0,0.93,0.0,477.0,206,219,52,43,46,11,550.0,0.03,9.6e-05,31960.0,,,,
2399,8000,7109,1.5674,0.0006,3.0656,5.406,0.0096,0.06,9.02,0.93,0.0,451.0,198,205,48,44,45,11,581.0,0.02,9.6e-05,31973.0,116,12,384,23
2400,8000,7141,1.5734,0.0029,3.0724,5.334,0.0112,0.07,6.73,0.93,0.0,505.0,221,236,48,44,47,10,519.0,0.02,9.6e-05,32105.0,,,,
2401,8000,7158,1.5302,-0.0032,3.0012,5.508,0.0098,0.06,7.29,0.92,0.0,444.0,183,209,52,41,47,12,590.0,0.02,9.6e-05,30845.0,,,,
2402,8000,7175,1.4968,-0.0089,2.9506,5.573,0.0078,0.05,7.29,0.9,0.0,375.0,170,143,62,45,38,17,699.0,0.02,9.6e-05,31939.0,,,,
2403,8000,7191,1.4992,-0.0079,2.9514,5.451,0.0104,0.07,5.91,0.9,0.0,370.0,184,135,51,50,36,14,708.0,0.03,9.6e-05,31928.0,,,,
2404,8000,7208,1.4988,-0.004,2.9419,5.458,0.0093,0.07,5.54,0.9,0.0,345.0,158,132,55,46,38,16,760.0,0.04,9.5e-05,31931.0,,,,
2405,8000,7224,1.5418,0.0023,3.0138,5.426,0.0087,0.06,6.82,0.9,0.0,404.0,193,132,79,48,33,20,649.0,0.05,9.5e-05,31959.0,,,,
2406,8000,7240,1.4719,-0.0008,2.8814,5.472,0.0067,0.05,6.7,0.92,0.0,344.0,145,133,66,42,39,19,762.0,0.07,9.5e-05,32006.0,,,,
2407,8000,7257,1.4772,0.0018,2.8867,5.531,0.009,0.06,5.76,0.91,0.0,331.0,142,126,63,43,38,19,792.0,0.1,9.5e-05,31917.0,,,,
2408,8000,7273,1.5487,0.0064,3.0163,5.2,0.0094,0.07,7.54,0.9,0.0,399.0,171,162,66,43,41,17,657.0,0.13,9.5e-05,31935.0,,,,
2409,8000,7290,1.5429,-0.0008,3.0236,5.287,0.0073,0.06,6.22,0.91,0.0,436.0,183,180,73,42,41,17,601.0,0.12,9.5e-05,31948.0,,,,
2410,8000,7306,1.5604,0.0109,3.038,5.339,0.0114,0.07,5.75,0.9,0.0,498.0,214,196,88,43,39,18,526.0,0.1,9.5e-05,31994.0,,,,
2411,8000,7323,1.5329,0.0041,2.995,5.403,0.009,0.07,6.88,0.91,0.0,430.0,204,168,58,47,39,13,610.0,0.1,9.5e-05,31946.0,,,,
2412,8000,7339,1.5109,0.0064,2.947,5.408,0.0093,0.06,5.69,0.91,0.0,404.0,158,183,63,39,45,16,649.0,0.09,9.5e-05,31947.0,,,,
2413,8000,7356,1.5363,0.0096,2.9904,5.287,0.012,0.08,5.43,0.92,0.0,439.0,178,190,71,41,43,16,597.0,0.11,9.5e-05,32012.0,,,,
2414,8000,7372,1.5372,0.005,3.0014,5.396,0.0076,0.05,8.58,0.93,0.0,439.0,172,196,71,39,45,16,597.0,0.12,9.5e-05,31932.0,,,,
2415,8000,7389,1.5805,0.0031,3.0886,5.204,0.0074,0.06,8.42,0.91,0.0,515.0,202,239,74,39,46,14,509.0,0.13,9.5e-05,31954.0,,,,
2416,8000,7405,1.5619,-0.0,3.0541,5.277,0.0093,0.06,9.12,0.93,0.0,486.0,235,206,45,48,42,9,539.0,0.15,9.5e-05,31952.0,,,,
2417,8000,7422,1.5703,-0.0006,3.0723,5.218,0.0093,0.06,9.34,0.92,0.0,477.0,217,207,53,45,43,11,550.0,0.18,9.5e-05,31945.0,,,,
2418,8000,7438,1.5486,0.0073,3.0123,5.242,0.0118,0.07,7.36,0.94,0.0,475.0,211,216,48,44,45,10,552.0,0.2,9.5e-05,32007.0,,,,
2419,8000,7455,1.6067,0.0143,3.113,5.065,0.0114,0.07,6.35,0.93,0.0,511.0,259,205,47,51,40,9,513.0,0.17,9.5e-05,31944.0,,,,
2420,8000,7471,1.6442,0.0125,3.1891,4.886,0.0099,0.07,11.15,0.94,0.0,582.0,299,251,32,51,43,5,450.0,0.17,9.5e-05,31942.0,,,,
2421,8000,7488,1.6739,0.017,3.2412,5.084,0.0076,0.06,8.03,0.91,0.0,566.0,295,238,33,52,42,6,463.0,0.14,9.5e-05,30788.0,,,,
2422,8000,7505,1.6768,0.0064,3.2686,5.072,0.0105,0.08,5.36,0.89,0.0,593.0,310,247,36,52,42,6,442.0,0.1,9.5e-05,31965.0,,,,
2423,8000,7521,1.7142,0.0135,3.3274,4.978,0.013,0.09,5.18,0.89,0.0,680.0,391,263,26,57,39,4,386.0,0.11,9.5e-05,31955.0,,,,
2424,8000,7538,1.7182,0.01,3.3412,4.878,0.0114,0.08,4.94,0.9,0.0,700.0,384,296,20,55,42,3,374.0,0.1,9.5e-05,31969.0,,,,
2425,8000,7554,1.6751,0.004,3.2682,5.02,0.009,0.07,7.13,0.91,0.0,592.0,308,264,20,52,45,3,443.0,0.09,9.5e-05,32007.0,,,,
2426,8000,7570,1.6667,0.0019,3.2557,4.977,0.0097,0.07,5.88,0.92,0.0,625.0,284,309,32,45,49,5,419.0,0.06,9.5e-05,31989.0,,,,
2427,8000,7587,1.6558,0.0154,3.2079,5.132,0.0104,0.07,4.9,0.92,0.0,580.0,254,310,16,44,53,3,452.0,0.05,9.4e-05,31985.0,,,,
2428,8000,7603,1.6866,0.0105,3.2788,5.052,0.0101,0.07,7.58,0.92,0.0,646.0,301,321,24,47,50,4,406.0,0.05,9.4e-05,31976.0,,,,
2429,8000,7620,1.6923,0.0123,3.2863,5.014,0.0088,0.07,6.93,0.92,0.0,621.0,300,307,14,48,49,2,422.0,0.05,9.4e-05,31980.0,,,,
2430,8000,7636,1.6784,0.006,3.2724,5.085,0.0085,0.06,7.83,0.91,0.0,614.0,316,272,26,51,44,4,427.0,0.05,9.4e-05,32007.0,,,,
2431,8000,7653,1.6788,0.0047,3.2752,4.994,0.009,0.07,10.55,0.91,0.0,599.0,303,264,32,51,44,5,438.0,0.05,9.4e-05,32020.0,,,,
2432,8000,7669,1.6418,0.012,3.1886,5.116,0.012,0.08,5.92,0.92,0.0,567.0,280,247,40,49,44,7,462.0,0.04,9.4e-05,31961.0,,,,
2433,8000,7686,1.6442,0.0039,3.2082,5.066,0.0082,0.06,9.88,0.91,0.0,593.0,306,243,44,52,41,7,442.0,0.03,9.4e-05,31974.0,,,,
2434,8000,7702,1.6441,0.0026,3.2097,5.04,0.0068,0.06,10.82,0.91,0.0,546.0,284,232,30,52,42,5,480.0,0.02,9.4e-05,31972.0,,,,
2435,8000,7719,1.6414,0.0043,3.2007,4.899,0.0108,0.07,7.34,0.92,0.0,567.0,249,285,33,44,50,6,462.0,0.02,9.4e-05,31987.0,,,,
2436,8000,7735,1.631,-0.0088,3.2075,4.936,0.0094,0.07,10.36,0.92,0.0,577.0,285,250,42,49,43,7,454.0,0.02,9.4e-05,31987.0,,,,
2437,8000,7751,1.6631,-0.0006,3.2544,4.855,0.0104,0.07,7.25,0.92,0.0,665.0,303,319,43,46,48,6,394.0,0.02,9.4e-05,31968.0,,,,
2438,8000,7768,1.6861,0.0002,3.2978,4.783,0.011,0.08,6.04,0.91,0.0,697.0,340,321,36,49,46,5,376.0,0.01,9.4e-05,31985.0,,,,
2439,8000,7784,1.6642,-0.0021,3.2578,4.877,0.011,0.08,6.88,0.92,0.0,629.0,324,291,14,52,46,2,417.0,0.01,9.4e-05,32014.0,,,,
2440,8000,7801,1.6546,-0.0079,3.2507,4.931,0.0093,0.07,7.48,0.92,0.0,647.0,332,297,18,51,46,3,405.0,0.01,9.4e-05,31973.0,,,,
2441,8000,7818,1.6875,-0.0012,3.3028,4.979,0.0098,0.07,5.66,0.89,0.0,652.0,323,317,12,50,49,2,402.0,0.02,9.4e-05,30872.0,,,,
2442,8000,7834,1.6546,-0.0052,3.2461,5.064,0.0127,0.08,4.69,0.9,0.0,651.0,302,342,7,46,53,1,403.0,0.03,9.4e-05,31986.0,,,,
2443,8000,7851,1.6555,-0.0036,3.2454,5.085,0.0088,0.06,6.13,0.89,0.0,640.0,294,332,14,46,52,2,410.0,0.04,9.4e-05,31940.0,,,,
2444,8000,7867,1.6599,0.0031,3.2397,5.049,0.0101,0.07,5.4,0.88,0.0,601.0,267,329,5,44,55,1,436.0,0.06,9.4e-05,31928.0,,,,
2445,8000,7884,1.6356,0.0248,3.1486,5.126,0.0125,0.08,4.26,0.9,0.0,577.0,270,293,14,47,51,2,454.0,0.05,9.4e-05,31941.0,,,,
2446,8000,7900,1.617,0.0172,3.1274,5.169,0.0095,0.07,4.18,0.9,0.0,516.0,219,281,16,42,54,3,508.0,0.05,9.4e-05,31949.0,,,,
2447,8000,7917,1.6534,0.0158,3.2015,5.029,0.0101,0.07,4.88,0.9,0.0,552.0,228,313,11,41,57,2,475.0,0.03,9.4e-05,31972.0,,,,
2448,8000,7933,1.6621,0.0144,3.2219,4.919,0.0084,0.07,5.93,0.92,0.0,612.0,260,333,19,42,54,3,428.0,0.03,9.4e-05,31946.0,,,,
2449,8000,7950,1.649,0.0202,3.1846,4.991,0.0105,0.07,6.46,0.93,0.0,610.0,256,330,24,42,54,4,430.0,0.03,9.4e-05,31966.0,171,5,336,33
2450,8000,7981,1.6784,0.0104,3.2626,4.987,0.0085,0.06,12.26,0.94,0.0,619.0,260,346,13,42,56,2,423.0,0.01,9.4e-05,32088.0,,,,
2451,8000,7998,1.652,0.0029,3.2241,4.903,0.0089,0.07,10.64,0.94,0.0,599.0,266,318,15,44,53,3,438.0,0.02,9.3e-05,31948.0,,,,
2452,8000,8014,1.6581,0.0141,3.2142,4.944,0.0092,0.06,9.43,0.93,0.0,606.0,252,339,15,42,56,2,433.0,0.03,9.3e-05,31998.0,,,,
2453,8000,8031,1.6382,0.0112,3.1816,4.936,0.0094,0.06,6.32,0.94,0.0,669.0,304,338,27,45,51,4,392.0,0.02,9.3e-05,31959.0,,,,
2454,8000,8047,1.672,0.022,3.2274,4.918,0.0095,0.07,8.2,0.94,0.0,674.0,302,348,24,45,52,4,389.0,0.02,9.3e-05,31960.0,,,,
2455,8000,8064,1.6797,0.0229,3.2426,4.912,0.0105,0.07,6.72,0.94,0.0,729.0,322,368,39,44,50,5,360.0,0.02,9.3e-05,31940.0,,,,
2456,8000,8080,1.6909,0.0103,3.2893,4.927,0.0129,0.08,6.54,0.94,0.0,763.0,333,390,40,44,51,5,344.0,0.02,9.3e-05,31945.0,,,,
2457,8000,8097,1.6958,0.0068,3.3044,4.899,0.0116,0.07,7.54,0.94,0.0,799.0,351,424,24,44,53,3,328.0,0.02,9.3e-05,31939.0,,,,
2458,8000,8113,1.752,0.0247,3.3792,4.807,0.0094,0.06,9.1,0.93,0.0,787.0,342,427,18,43,54,2,333.0,0.01,9.3e-05,32000.0,,,,
2459,8000,8129,1.7386,0.0154,3.3713,4.779,0.0135,0.08,6.79,0.93,0.0,798.0,337,442,19,42,55,2,329.0,0.02,9.3e-05,31941.0,,,,
2460,8000,8146,1.7458,0.0086,3.3987,4.738,0.0101,0.07,12.42,0.94,0.0,738.0,315,406,17,43,55,2,355.0,0.02,9.3e-05,31940.0,,,,
2461,8000,8163,1.7697,0.0363,3.3906,4.811,0.0143,0.07,11.42,0.93,0.0,690.0,342,335,13,50,49,2,380.0,0.01,9.3e-05,30799.0,,,,
2462,8000,8179,1.7217,0.0197,3.33,4.932,0.009,0.06,11.74,0.92,0.0,701.0,347,339,15,50,48,2,374.0,0.03,9.3e-05,31963.0,,,,
2463,8000,8196,1.7151,0.0176,3.3184,4.756,0.013,0.08,8.26,0.92,0.0,656.0,317,332,7,48,51,1,400.0,0.05,9.3e-05,31952.0,,,,
2464,8000,8212,1.7041,0.0152,3.3033,4.901,0.0135,0.08,6.41,0.92,0.0,761.0,380,372,9,50,49,1,344.0,0.06,9.3e-05,31988.0,,,,
2465,8000,8229,1.7254,0.0135,3.3492,4.812,0.0129,0.08,8.32,0.91,0.0,785.0,432,328,25,55,42,3,334.0,0.05,9.3e-05,31934.0,,,,
2466,8000,8245,1.6969,0.009,3.3006,4.904,0.01,0.07,11.5,0.93,0.0,696.0,337,342,17,48,49,2,377.0,0.05,9.3e-05,31939.0,,,,
2467,8000,8262,1.6592,0.0181,3.208,4.953,0.0132,0.09,6.47,0.92,0.0,635.0,322,295,18,51,46,3,413.0,0.07,9.3e-05,31947.0,,,,
2468,8000,8278,1.6787,0.0191,3.2437,4.821,0.0096,0.07,7.35,0.93,0.0,589.0,297,273,19,50,46,3,445.0,0.08,9.3e-05,31951.0,,,,
2469,8000,8295,1.658,0.0168,3.2084,4.893,0.0111,0.08,7.85,0.93,0.0,581.0,301,256,24,52,44,4,451.0,0.08,9.3e-05,31946.0,,,,
2470,8000,8311,1.6351,0.0172,3.1629,4.971,0.0095,0.07,12.86,0.93,0.0,529.0,274,226,29,52,43,5,496.0,0.11,9.3e-05,31926.0,,,,
2471,8000,8328,1.6597,0.0196,3.2062,4.901,0.0095,0.07,9.48,0.92,0.0,542.0,285,234,23,53,43,4,484.0,0.13,9.3e-05,31932.0,,,,
2472,8000,8344,1.6676,0.0157,3.2309,4.931,0.0111,0.08,10.33,0.92,0.0,563.0,273,238,52,48,42,9,466.0,0.12,9.3e-05,31988.0,,,,
2473,8000,8361,1.6534,0.0191,3.1952,5.034,0.0113,0.07,13.61,0.93,0.0,585.0,302,245,38,52,42,6,448.0,0.09,9.3e-05,31992.0,,,,
2474,8000,8377,1.6258,0.0065,3.1673,5.044,0.0115,0.07,8.41,0.93,0.0,592.0,290,242,60,49,41,10,443.0,0.11,9.3e-05,31950.0,,,,
2475,8000,8394,1.7028,0.0135,3.3065,5.04,0.0183,0.08,11.65,0.92,0.0,691.0,334,304,53,48,44,8,379.0,0.12,9.2e-05,31947.0,,,,
2476,8000,8410,1.7374,0.0178,3.3666,4.965,0.0112,0.07,6.71,0.92,0.0,802.0,435,308,59,54,38,7,327.0,0.09,9.2e-05,31937.0,,,,
2477,8000,8427,1.7518,0.0302,3.3695,4.816,0.0142,0.09,5.21,0.92,0.0,881.0,484,352,45,55,40,5,298.0,0.05,9.2e-05,31929.0,,,,
2478,8000,8443,1.7267,0.013,3.3542,4.865,0.0149,0.09,5.98,0.92,0.0,853.0,498,322,33,58,38,4,307.0,0.05,9.2e-05,31920.0,,,,
2479,8000,8460,1.7067,0.0191,3.3014,4.93,0.013,0.08,5.99,0.93,0.0,751.0,413,314,24,55,42,3,349.0,0.05,9.2e-05,31937.0,,,,
2480,8000,8476,1.6841,0.0076,3.2786,4.868,0.0112,0.07,8.26,0.93,0.0,666.0,372,274,20,56,41,3,394.0,0.05,9.2e-05,31932.0,,,,
2481,8000,8494,1.6661,0.0049,3.2497,5.077,0.0106,0.07,7.24,0.92,0.0,617.0,304,283,30,49,46,5,425.0,0.05,9.2e-05,30802.0,,,,
2482,8000,8510,1.6868,0.0171,3.2673,5.209,0.011,0.07,7.03,0.9,0.0,530.0,240,262,28,45,49,5,495.0,0.04,9.2e-05,31949.0,,,,
2483,8000,8527,1.5575,0.0123,3.0203,5.421,0.011,0.07,4.79,0.91,0.0,435.0,200,208,27,46,48,6,603.0,0.03,9.2e-05,31998.0,,,,
2484,8000,8543,1.5041,0.0084,2.9212,5.453,0.0089,0.06,4.61,0.92,0.0,311.0,121,165,25,39,53,8,843.0,0.04,9.2e-05,31958.0,,,,
2485,8000,8559,1.4606,0.0135,2.8279,5.561,0.0098,0.06,4.59,0.92,0.0,298.0,115,119,64,39,40,21,880.0,0.04,9.2e-05,31988.0,,,,
2486,8000,8576,1.448,0.0112,2.8071,5.564,0.0085,0.05,5.55,0.94,0.0,277.0,111,105,61,40,38,22,946.0,0.04,9.2e-05,31952.0,,,,
2487,8000,8592,1.4337,0.0092,2.7826,5.599,0.0098,0.05,5.02,0.93,0.0,285.0,91,112,82,32,39,29,920.0,0.03,9.2e-05,31946.0,,,,
2488,8000,8609,1.4077,0.0183,2.7141,5.676,0.0098,0.05,4.57,0.94,0.0,272.0,114,91,67,42,33,25,964.0,0.02,9.2e-05,31952.0,,,,
2489,8000,8625,1.434,0.0196,2.7658,5.662,0.0086,0.05,5.38,0.93,0.0,289.0,88,109,92,30,38,32,907.0,0.02,9.2e-05,31986.0,,,,
2490,8000,8642,1.4112,0.0181,2.7239,5.683,0.008,0.05,7.39,0.94,0.0,284.0,99,89,96,35,31,34,923.0,0.02,9.2e-05,31951.0,,,,
2491,8000,8658,1.4141,0.0197,2.7251,5.745,0.0087,0.04,4.77,0.95,0.0,296.0,123,79,94,42,27,32,886.0,0.02,9.2e-05,31941.0,,,,
2492,8000,8675,1.4239,0.0206,2.7443,5.713,0.0113,0.05,3.93,0.94,0.0,310.0,128,100,82,41,32,26,846.0,0.01,9.2e-05,31966.0,,,,
2493,8000,8691,1.4772,0.0277,2.833,5.511,0.0089,0.05,4.08,0.93,0.0,363.0,159,135,69,44,37,19,722.0,0.01,9.2e-05,31937.0,,,,
2494,8000,8708,1.4846,0.0222,2.8592,5.506,0.0087,0.05,4.77,0.93,0.0,375.0,182,117,76,49,31,20,699.0,0.02,9.2e-05,32001.0,,,,
2495,8000,8724,1.5111,0.0203,2.9177,5.452,0.0079,0.05,5.12,0.92,0.0,467.0,217,173,77,46,37,16,561.0,0.01,9.2e-05,32018.0,,,,
2496,8000,8741,1.5128,0.0233,2.9153,5.495,0.0101,0.06,4.71,0.92,0.0,410.0,187,147,76,46,36,19,639.0,0.02,9.2e-05,32013.0,,,,
2497,8000,8757,1.549,0.0234,2.9833,5.31,0.0096,0.07,5.68,0.92,0.0,442.0,209,177,56,47,40,13,593.0,0.01,9.2e-05,31951.0,,,,
2498,8000,8773,1.606,0.0233,3.0933,5.115,0.0082,0.06,5.97,0.91,0.0,510.0,251,233,26,49,46,5,514.0,0.01,9.2e-05,31945.0,,,,
2499,8000,8790,1.6612,0.0261,3.1974,5.039,0.0117,0.08,5.78,0.9,0.0,588.0,292,265,31,50,45,5,446.0,0.02,9.2e-05,32017.0,102,6,404,20
2500,8000,8821,1.6909,0.0156,3.2771,4.955,0.0084,0.07,6.84,0.91,0.0,665.0,315,329,21,47,49,3,394.0,0.02,9.1e-05,32168.0,,,,
2501,8000,8839,1.7406,0.0284,3.35,4.967,0.0118,0.08,6.91,0.9,0.0,659.0,305,340,14,46,52,2,398.0,0.02,9.1e-05,30813.0,,,,
2502,8000,8855,1.7621,0.0301,3.3893,4.976,0.0085,0.06,7.94,0.89,0.0,676.0,321,349,6,47,52,1,388.0,0.01,9.1e-05,31922.0,,,,
2503,8000,8872,1.6967,0.0275,3.2642,5.061,0.0092,0.06,8.22,0.9,0.0,582.0,270,301,11,46,52,2,450.0,0.01,9.1e-05,31936.0,,,,
2504,8000,8888,1.7117,0.0309,3.2867,4.931,0.0092,0.07,7.38,0.9,0.0,589.0,283,296,10,48,50,2,445.0,0.04,9.1e-05,31981.0,,,,
2505,8000,8904,1.6747,0.0167,3.2426,5.097,0.0068,0.06,8.6,0.92,0.0,536.0,244,278,14,46,52,3,489.0,0.03,9.1e-05,31993.0,,,,
2506,8000,8921,1.6725,0.017,3.2383,5.106,0.0108,0.07,5.2,0.91,0.0,596.0,296,279,21,50,47,4,440.0,0.04,9.1e-05,31947.0,,,,
2507,8000,8937,1.661,0.0108,3.2283,5.151,0.0085,0.06,7.24,0.91,0.0,577.0,283,272,22,49,47,4,454.0,0.02,9.1e-05,31941.0,,,,
2508,8000,8954,1.6174,0.0132,3.1369,5.182,0.0104,0.07,5.07,0.91,0.0,530.0,287,217,26,54,41,5,495.0,0.01,9.1e-05,31956.0,,,,
2509,8000,8970,1.582,0.0044,3.0852,5.269,0.0097,0.06,5.5,0.93,0.0,481.0,256,199,26,53,41,5,545.0,0.03,9.1e-05,31943.0,,,,
2510,8000,8987,1.5807,0.002,3.0873,5.252,0.0084,0.06,5.48,0.93,0.0,504.0,254,219,31,50,43,6,520.0,0.04,9.1e-05,31963.0,,,,
2511,8000,9003,1.6298,-0.0017,3.1939,5.229,0.007,0.06,8.01,0.93,0.0,564.0,253,267,44,45,47,8,465.0,0.02,9.1e-05,31962.0,,,,
2512,8000,9020,1.6302,-0.0007,3.1903,5.162,0.008,0.06,9.79,0.94,0.0,585.0,291,269,25,50,46,4,448.0,0.01,9.1e-05,31998.0,,,,
2513,8000,9036,1.6154,-0.0036,3.1677,5.244,0.0055,0.04,13.0,0.94,0.0,519.0,269,222,28,52,43,5,505.0,0.01,9.1e-05,31950.0,,,,
2514,8000,9053,1.5948,0.0048,3.1111,5.213,0.0072,0.05,11.31,0.94,0.0,501.0,266,196,39,53,39,8,523.0,0.01,9.1e-05,31943.0,,,,
2515,8000,9069,1.569,-0.0007,3.0706,5.32,0.009,0.06,6.71,0.94,0.0,485.0,250,188,47,52,39,10,541.0,0.01,9.1e-05,31952.0,,,,
2516,8000,9086,1.5684,0.0041,3.0624,5.256,0.007,0.05,7.46,0.94,0.0,469.0,209,198,62,45,42,13,559.0,0.01,9.1e-05,31924.0,,,,
2517,8000,9102,1.5658,0.0074,3.0538,5.339,0.0081,0.05,10.74,0.94,0.0,480.0,237,179,64,49,37,13,546.0,0.01,9.1e-05,32007.0,,,,
2518,8000,9119,1.5581,0.008,3.0372,5.392,0.0093,0.05,10.7,0.94,0.0,441.0,196,187,58,44,42,13,594.0,0.01,9.1e-05,32001.0,,,,
2519,8000,9135,1.5504,0.0035,3.0317,5.381,0.0087,0.06,7.87,0.94,0.0,454.0,195,195,64,43,43,14,577.0,0.01,9.1e-05,32014.0,,,,
2520,8000,9151,1.5561,0.0065,3.0384,5.343,0.0079,0.05,12.04,0.95,0.0,451.0,192,184,75,43,41,17,581.0,0.01,9.1e-05,31967.0,,,,
2521,8000,9168,1.5622,0.0068,3.0466,5.371,0.01,0.05,9.77,0.93,0.0,456.0,177,210,69,39,46,15,575.0,0.01,9.1e-05,30827.0,,,,
2522,8000,9185,1.5327,0.0015,2.9979,5.505,0.0078,0.05,10.94,0.94,0.0,407.0,180,162,65,44,40,16,644.0,0.01,9.1e-05,31963.0,,,,
2523,8000,9201,1.565,0.0003,3.0655,5.399,0.0094,0.05,10.89,0.94,0.0,501.0,216,216,69,43,43,14,523.0,0.01,9.1e-05,31941.0,,,,
2524,8000,9218,1.5769,0.013,3.0626,5.342,0.0129,0.06,10.13,0.95,0.0,479.0,201,215,63,42,45,13,547.0,0.0,9.1e-05,31957.0,,,,
2525,8000,9234,1.5527,0.0101,3.0235,5.41,0.0091,0.05,10.73,0.95,0.0,509.0,205,212,92,40,42,18,515.0,0.0,9e-05,31922.0,,,,
2526,8000,9251,1.5079,0.0162,2.9194,5.564,0.0114,0.06,7.3,0.95,0.0,404.0,167,184,53,41,46,13,649.0,0.0,9e-05,31923.0,,,,
2527,8000,9267,1.4888,0.0104,2.8943,5.656,0.009,0.05,8.36,0.95,0.0,369.0,144,170,55,39,46,15,710.0,0.01,9e-05,31942.0,,,,
2528,8000,9284,1.4471,0.0095,2.8143,5.75,0.009,0.05,8.5,0.97,0.0,302.0,104,128,70,34,42,23,868.0,0.01,9e-05,32018.0,,,,
2529,8000,9300,1.4369,0.013,2.789,5.796,0.0093,0.06,5.1,0.96,0.0,320.0,113,131,76,35,41,24,819.0,0.01,9e-05,31982.0,,,,
2530,8000,9317,1.4265,0.009,2.7751,5.881,0.0063,0.04,10.53,0.97,0.0,243.0,67,105,71,28,43,29,1079.0,0.01,9e-05,31998.0,,,,
2531,8000,9333,1.4049,0.0074,2.7358,5.879,0.0079,0.04,6.44,0.97,0.0,255.0,97,90,68,38,35,27,1028.0,0.01,9e-05,32016.0,,,,
2532,8000,9350,1.4335,0.0096,2.7929,5.849,0.0088,0.05,6.57,0.96,0.0,328.0,117,102,109,36,31,33,799.0,0.01,9e-05,32013.0,,,,
2533,8000,9366,1.4963,0.0093,2.9143,5.711,0.0063,0.04,8.01,0.95,0.0,363.0,130,142,91,36,39,25,722.0,0.01,9e-05,31965.0,,,,
2534,8000,9382,1.4993,0.0104,2.9165,5.687,0.0064,0.05,8.88,0.95,0.0,338.0,147,123,68,43,36,20,776.0,0.01,9e-05,32036.0,,,,
2535,8000,9399,1.537,0.0174,2.9764,5.612,0.0079,0.05,10.73,0.94,0.0,385.0,144,181,60,37,47,16,681.0,0.01,9e-05,31972.0,,,,
2536,8000,9415,1.5022,0.0203,2.9057,5.716,0.0107,0.06,7.72,0.94,0.0,359.0,138,150,71,38,42,20,730.0,0.01,9e-05,32025.0,,,,
2537,8000,9432,1.5051,0.0178,2.9151,5.754,0.007,0.05,8.81,0.94,0.0,332.0,153,121,58,46,36,17,790.0,0.01,9e-05,31967.0,,,,
2538,8000,9448,1.5097,0.0194,2.9216,5.729,0.0084,0.06,8.67,0.94,0.0,357.0,155,136,66,43,38,18,734.0,0.0,9e-05,31977.0,,,,
2539,8000,9465,1.5454,0.023,2.988,5.774,0.0099,0.06,6.78,0.94,0.0,383.0,176,137,70,46,36,18,684.0,0.01,9e-05,31974.0,,,,
2540,8000,9481,1.5978,0.0196,3.0985,5.638,0.0086,0.05,12.19,0.95,0.0,436.0,213,161,62,49,37,14,601.0,0.02,9e-05,31974.0,,,,
2541,8000,9498,1.6493,0.0244,3.1871,5.52,0.0078,0.06,11.89,0.94,0.0,534.0,247,219,68,46,41,13,491.0,0.03,9e-05,30763.0,,,,
2542,8000,9515,1.6649,0.0248,3.2137,5.496,0.0077,0.06,10.77,0.94,0.0,492.0,219,232,41,45,47,8,533.0,0.03,9e-05,31932.0,,,,
2543,8000,9531,1.5964,0.0267,3.0744,5.616,0.0068,0.05,8.34,0.95,0.0,440.0,188,210,42,43,48,10,596.0,0.02,9e-05,31932.0,,,,
2544,8000,9548,1.5895,0.0234,3.0679,5.667,0.0092,0.06,7.79,0.95,0.0,421.0,174,215,32,41,51,8,623.0,0.01,9e-05,31930.0,,,,
2545,8000,9564,1.5592,0.0233,3.0127,5.762,0.0068,0.05,7.22,0.96,0.0,397.0,167,180,50,42,45,13,660.0,0.02,9e-05,31921.0,,,,
2546,8000,9581,1.6098,0.0272,3.1066,5.626,0.0097,0.06,10.39,0.95,0.0,419.0,160,206,53,38,49,13,626.0,0.01,9e-05,31988.0,,,,
2547,8000,9597,1.6349,0.017,3.177,5.62,0.0066,0.05,12.78,0.95,0.0,471.0,201,210,60,43,45,13,557.0,0.01,9e-05,31927.0,,,,
2548,8000,9614,1.6475,0.0248,3.1813,5.558,0.009,0.06,10.89,0.94,0.0,521.0,247,227,47,47,44,9,503.0,0.01,9e-05,31927.0,,,,
2549,8000,9630,1.6309,0.0157,3.1661,5.517,0.0074,0.05,11.1,0.94,0.0,538.0,218,267,53,41,50,10,487.0,0.01,9e-05,31969.0,127,14,371,25
2550,8000,9662,1.6034,0.0181,3.105,5.554,0.009,0.06,8.27,0.94,0.0,482.0,186,256,40,39,53,8,544.0,0.01,8.9e-05,32141.0,,,,
2551,8000,9678,1.5571,0.0257,2.9986,5.644,0.011,0.06,6.17,0.94,0.0,419.0,180,196,43,43,47,10,626.0,0.02,8.9e-05,31922.0,,,,
2552,8000,9695,1.5669,0.0143,3.0416,5.546,0.01,0.06,5.01,0.94,0.0,414.0,160,203,51,39,49,12,633.0,0.02,8.9e-05,31929.0,,,,
2553,8000,9711,1.5651,0.0182,3.031,5.53,0.0096,0.06,5.06,0.94,0.0,460.0,194,212,54,42,46,12,570.0,0.02,8.9e-05,31996.0,,,,
2554,8000,9728,1.5677,0.0178,3.037,5.562,0.0077,0.06,5.99,0.94,0.0,417.0,167,201,49,40,48,12,629.0,0.02,8.9e-05,31975.0,,,,
2555,8000,9744,1.5777,0.016,3.062,5.581,0.0086,0.06,7.16,0.94,0.0,434.0,171,221,42,39,51,10,604.0,0.02,8.9e-05,31925.0,,,,
2556,8000,9761,1.5137,0.013,2.9401,5.731,0.007,0.05,5.21,0.95,0.0,361.0,154,165,42,43,46,12,726.0,0.03,8.9e-05,31933.0,,,,
2557,8000,9777,1.5119,0.0159,2.9358,5.717,0.0073,0.05,5.23,0.95,0.0,382.0,141,180,61,37,47,16,686.0,0.02,8.9e-05,31993.0,,,,
2558,8000,9794,1.4758,0.0097,2.8725,5.823,0.0064,0.05,5.32,0.96,0.0,297.0,127,132,38,43,44,13,883.0,0.02,8.9e-05,31986.0,,,,
2559,8000,9810,1.4586,0.0134,2.838,5.867,0.0085,0.06,5.3,0.96,0.0,315.0,108,134,73,34,43,23,832.0,0.03,8.9e-05,31924.0,,,,
2560,8000,9827,1.4989,0.0212,2.8995,5.753,0.0067,0.05,6.62,0.96,0.0,352.0,129,153,70,37,43,20,745.0,0.02,8.9e-05,31916.0,,,,
2561,8000,9844,1.5702,0.0014,3.0784,5.654,0.0074,0.06,4.72,0.93,0.0,427.0,152,215,60,36,50,14,614.0,0.02,8.9e-05,30821.0,,,,
2562,8000,9860,1.6088,0.0009,3.1527,5.631,0.0068,0.06,5.06,0.93,0.0,446.0,164,239,43,37,54,10,588.0,0.02,8.9e-05,31932.0,,,,
2563,8000,9877,1.6074,0.0062,3.1395,5.65,0.0072,0.06,4.66,0.93,0.0,475.0,181,251,43,38,53,9,552.0,0.02,8.9e-05,31935.0,,,,
2564,8000,9893,1.6188,0.0023,3.168,5.547,0.0078,0.06,4.62,0.92,0.0,541.0,227,285,29,42,53,5,485.0,0.02,8.9e-05,31942.0,,,,
2565,8000,9910,1.6396,0.0017,3.2081,5.531,0.0057,0.05,8.25,0.92,0.0,502.0,218,280,4,43,56,1,522.0,0.03,8.9e-05,31923.0,,,,
2566,8000,9926,1.6063,-0.0035,3.1526,5.586,0.0054,0.05,6.93,0.94,0.0,440.0,170,264,6,39,60,1,596.0,0.04,8.9e-05,31940.0,,,,
2567,8000,9943,1.6117,-0.0086,3.1734,5.577,0.0066,0.06,7.2,0.94,0.0,457.0,168,286,3,37,63,1,574.0,0.05,8.9e-05,31925.0,,,,
2568,8000,9959,1.5425,-0.0115,3.0411,5.664,0.0068,0.05,5.28,0.94,0.0,398.0,145,249,4,36,63,1,659.0,0.04,8.9e-05,31918.0,,,,
2569,8000,9976,1.5361,0.0017,3.0031,5.74,0.0073,0.05,4.89,0.94,0.0,368.0,155,201,12,42,55,3,712.0,0.04,8.9e-05,31977.0,,,,
2570,8000,9992,1.4839,-0.0006,2.9037,5.825,0.0058,0.04,4.97,0.95,0.0,310.0,107,194,9,35,63,3,846.0,0.04,8.9e-05,31938.0,,,,
2571,8000,10009,1.5347,0.0047,2.9947,5.75,0.0077,0.06,4.31,0.94,0.0,331.0,129,194,8,39,59,2,792.0,0.04,8.9e-05,31935.0,,,,
2572,8000,10025,1.5673,-0.0049,3.0784,5.583,0.007,0.06,5.41,0.94,0.0,435.0,204,215,16,47,49,4,603.0,0.04,8.9e-05,31934.0,,,,
2573,8000,10041,1.6151,0.0007,3.1643,5.56,0.0069,0.06,4.69,0.94,0.0,483.0,219,237,27,45,49,6,543.0,0.04,8.9e-05,31942.0,,,,
2574,8000,10058,1.6634,0.0037,3.2523,5.437,0.0075,0.06,6.01,0.94,0.0,570.0,254,294,22,45,52,4,460.0,0.02,8.9e-05,31963.0,,,,
2575,8000,10074,1.6815,-0.0022,3.2997,5.405,0.0084,0.06,6.33,0.93,0.0,600.0,311,279,10,52,46,2,437.0,0.02,8.9e-05,31993.0,,,,
2576,8000,10091,1.6794,-0.0203,3.3305,5.346,0.0062,0.05,8.27,0.93,0.0,703.0,360,334,9,51,48,1,373.0,0.02,8.8e-05,31931.0,,,,
2577,8000,10107,1.7405,-0.0095,3.4298,5.245,0.0083,0.07,6.41,0.93,0.0,825.0,404,417,4,49,51,0,318.0,0.03,8.8e-05,31915.0,,,,
2578,8000,10124,1.7345,-0.0047,3.4091,5.35,0.0081,0.06,8.54,0.93,0.0,718.0,348,364,6,48,51,1,365.0,0.04,8.8e-05,31925.0,,,,
2579,8000,10140,1.7253,0.0043,3.3723,5.317,0.0076,0.06,8.0,0.91,0.0,679.0,329,347,3,48,51,0,386.0,0.04,8.8e-05,31969.0,,,,
2580,8000,10157,1.6995,0.007,3.3154,5.362,0.0083,0.07,5.68,0.92,0.0,603.0,274,328,1,45,54,0,435.0,0.05,8.8e-05,31905.0,,,,
2581,8000,10174,1.6845,0.0126,3.2757,5.513,0.0083,0.06,4.86,0.92,0.0,505.0,273,226,6,54,45,1,519.0,0.06,8.8e-05,30882.0,,,,
2582,8000,10190,1.7279,0.0136,3.3591,5.404,0.0072,0.06,6.97,0.91,0.0,576.0,324,251,1,56,44,0,455.0,0.07,8.8e-05,31965.0,,,,
2583,8000,10207,1.6961,0.003,3.3171,5.432,0.0095,0.07,4.83,0.91,0.0,538.0,305,231,2,57,43,0,487.0,0.06,8.8e-05,31956.0,,,,
2584,8000,10223,1.7241,0.0186,3.3407,5.273,0.0077,0.07,5.64,0.9,0.0,549.0,263,285,1,48,52,0,477.0,0.05,8.8e-05,32032.0,,,,
2585,8000,10240,1.7016,0.0137,3.306,5.342,0.007,0.07,7.98,0.9,0.0,515.0,247,265,3,48,51,1,509.0,0.04,8.8e-05,32030.0,,,,
2586,8000,10256,1.685,0.02,3.2603,5.34,0.0103,0.09,3.95,0.9,0.0,498.0,238,259,1,48,52,0,526.0,0.03,8.8e-05,31986.0,,,,
2587,8000,10273,1.6266,0.0143,3.1567,5.594,0.0075,0.06,4.28,0.9,0.0,416.0,187,229,0,45,55,0,630.0,0.03,8.8e-05,31962.0,,,,
2588,8000,10289,1.6411,0.0284,3.1566,5.492,0.0086,0.07,4.01,0.9,0.0,421.0,215,205,1,51,49,0,623.0,0.05,8.8e-05,32018.0,,,,
2589,8000,10305,1.6722,0.0263,3.2226,5.417,0.0082,0.07,3.96,0.88,0.0,489.0,242,244,3,49,50,1,536.0,0.05,8.8e-05,31987.0,,,,
2590,8000,10322,1.7243,0.0252,3.3287,5.331,0.0091,0.07,4.6,0.88,0.0,594.0,332,259,3,56,44,1,441.0,0.04,8.8e-05,31986.0,,,,
2591,8000,10338,1.7383,0.037,3.3338,5.381,0.0093,0.07,3.81,0.89,0.0,636.0,382,249,5,60,39,1,412.0,0.04,8.8e-05,31977.0,,,,
2592,8000,10355,1.7485,0.019,3.3891,5.28,0.0113,0.08,4.35,0.89,0.0,680.0,374,304,2,55,45,0,386.0,0.03,8.8e-05,31997.0,,,,
2593,8000,10371,1.7407,0.0279,3.3558,5.286,0.0084,0.07,4.79,0.91,0.0,644.0,366,276,2,57,43,0,407.0,0.03,8.8e-05,31973.0,,,,
2594,8000,10388,1.7102,0.0322,3.2864,5.353,0.0087,0.07,4.81,0.92,0.0,571.0,304,265,2,53,46,0,459.0,0.04,8.8e-05,31965.0,,,,
2595,8000,10404,1.663,0.0376,3.1824,5.501,0.007,0.06,5.03,0.92,0.0,492.0,257,233,2,52,47,0,533.0,0.06,8.8e-05,32011.0,,,,
2596,8000,10421,1.6542,0.0291,3.1809,5.392,0.0095,0.07,4.69,0.93,0.0,458.0,235,217,6,51,47,1,572.0,0.09,8.8e-05,31986.0,,,,
2597,8000,10437,1.6408,0.0187,3.1754,5.427,0.0076,0.06,5.09,0.93,0.0,455.0,234,212,9,51,47,2,576.0,0.12,8.8e-05,31978.0,,,,
2598,8000,10454,1.6813,0.0254,3.243,5.392,0.008,0.06,5.3,0.92,0.0,502.0,270,225,7,54,45,1,522.0,0.11,8.8e-05,31980.0,,,,
2599,8000,10470,1.7128,0.0257,3.3053,5.38,0.0088,0.07,5.78,0.92,0.0,566.0,293,267,6,52,47,1,463.0,0.08,8.8e-05,32006.0,191,8,313,37
2600,8000,10502,1.7024,0.0086,3.3182,5.273,0.0087,0.07,7.26,0.93,0.0,602.0,321,271,10,53,45,2,435.0,0.07,8.8e-05,32159.0,,,,
2601,8000,10519,1.7754,0.0286,3.4229,5.218,0.0084,0.06,8.04,0.91,0.0,660.0,303,354,3,46,54,0,397.0,0.04,8.8e-05,30801.0,,,,
2602,8000,10535,1.7674,0.0264,3.4111,5.175,0.0112,0.07,5.72,0.9,0.0,766.0,344,415,7,45,54,1,342.0,0.04,8.8e-05,31921.0,,,,
2603,8000,10552,1.6822,0.013,3.2679,5.264,0.0123,0.07,4.33,0.91,0.0,721.0,306,408,7,42,57,1,364.0,0.03,8.7e-05,31909.0,,,,
2604,8000,10568,1.6551,-0.0096,3.2589,5.298,0.0111,0.07,4.07,0.9,0.0,686.0,340,341,5,50,50,1,382.0,0.05,8.7e-05,31913.0,,,,
2605,8000,10585,1.6137,-0.0009,3.16,5.381,0.0112,0.08,4.07,0.92,0.0,546.0,271,265,10,50,49,2,480.0,0.04,8.7e-05,31911.0,,,,
2606,8000,10601,1.5852,0.0081,3.085,5.473,0.0086,0.06,4.86,0.93,0.0,459.0,229,223,7,50,49,2,571.0,0.05,8.7e-05,31920.0,,,,
2607,8000,10618,1.644,0.0052,3.2077,5.369,0.0087,0.06,4.65,0.92,0.0,511.0,259,248,4,51,49,1,513.0,0.04,8.7e-05,31902.0,,,,
2608,8000,10634,1.6489,0.0093,3.209,5.364,0.007,0.06,8.03,0.93,0.0,553.0,271,269,13,49,49,2,474.0,0.03,8.7e-05,31926.0,,,,
2609,8000,10651,1.6379,0.005,3.1952,5.285,0.0105,0.07,4.82,0.92,0.0,606.0,273,319,14,45,53,2,433.0,0.03,8.7e-05,31966.0,,,,
2610,8000,10667,1.6803,0.0157,3.2582,5.201,0.0096,0.07,4.71,0.91,0.0,629.0,337,278,14,54,44,2,417.0,0.02,8.7e-05,31916.0,,,,
2611,8000,10684,1.684,0.0051,3.2865,5.171,0.0083,0.07,5.4,0.92,0.0,635.0,326,301,8,51,47,1,413.0,0.03,8.7e-05,31951.0,,,,
2612,8000,10700,1.6593,0.0205,3.2066,5.195,0.0093,0.07,4.77,0.94,0.0,565.0,304,250,11,54,44,2,464.0,0.03,8.7e-05,31906.0,,,,
2613,8000,10716,1.6762,0.0208,3.2395,5.247,0.0074,0.06,6.39,0.93,0.0,610.0,306,298,6,50,49,1,430.0,0.02,8.7e-05,31967.0,,,,
2614,8000,10733,1.6318,0.0269,3.1396,5.303,0.0086,0.06,6.04,0.95,0.0,572.0,259,299,14,45,52,2,458.0,0.03,8.7e-05,31928.0,,,,
2615,8000,10749,1.5895,0.0243,3.0616,5.43,0.0071,0.05,6.96,0.95,0.0,512.0,233,255,24,46,50,5,512.0,0.03,8.7e-05,31912.0,,,,
2616,8000,10766,1.5915,0.0312,3.0517,5.482,0.0065,0.05,7.63,0.95,0.0,451.0,202,236,13,45,52,3,581.0,0.02,8.7e-05,31918.0,,,,
2617,8000,10782,1.533,0.023,2.9525,5.599,0.0081,0.05,5.11,0.96,0.0,383.0,182,180,21,48,47,5,684.0,0.04,8.7e-05,31917.0,,,,
2618,8000,10799,1.5301,0.0197,2.9576,5.545,0.0065,0.05,5.68,0.96,0.0,403.0,187,168,48,46,42,12,650.0,0.05,8.7e-05,31924.0,,,,
2619,8000,10815,1.5586,0.0184,3.0168,5.511,0.0084,0.05,6.26,0.96,0.0,455.0,205,199,51,45,44,11,576.0,0.06,8.7e-05,31921.0,,,,
2620,8000,10832,1.5767,0.0269,3.0365,5.525,0.0079,0.05,6.51,0.95,0.0,460.0,201,205,54,44,45,12,570.0,0.08,8.7e-05,31928.0,,,,
2621,8000,10849,1.6231,0.0262,3.1284,5.461,0.0072,0.06,6.97,0.94,0.0,442.0,208,203,31,47,46,7,593.0,0.1,8.7e-05,30797.0,,,,
2622,8000,10865,1.587,0.0189,3.0678,5.516,0.0098,0.06,5.21,0.93,0.0,407.0,210,182,15,52,45,4,644.0,0.08,8.7e-05,31997.0,,,,
2623,8000,10882,1.5621,0.0186,3.0193,5.549,0.0085,0.05,4.67,0.94,0.0,338.0,165,161,12,49,48,4,776.0,0.07,8.7e-05,32033.0,,,,
2624,8000,10898,1.5742,0.0236,3.0332,5.461,0.0076,0.05,4.69,0.94,0.0,397.0,211,173,13,53,44,3,660.0,0.07,8.7e-05,31976.0,,,,
2625,8000,10915,1.6396,0.0379,3.1353,5.378,0.0117,0.07,4.11,0.92,0.0,474.0,235,207,32,50,44,7,553.0,0.08,8.7e-05,32014.0,,,,
2626,8000,10931,1.6714,0.0296,3.2169,5.305,0.0103,0.07,4.86,0.92,0.0,574.0,286,258,30,50,45,5,457.0,0.08,8.7e-05,31950.0,,,,
2627,8000,10948,1.6618,0.0206,3.2149,5.289,0.0079,0.06,5.57,0.92,0.0,590.0,296,273,21,50,46,4,444.0,0.1,8.7e-05,31997.0,,,,
2628,8000,10964,1.7081,0.0359,3.275,5.203,0.0108,0.08,4.17,0.92,0.0,704.0,360,326,18,51,46,3,372.0,0.11,8.7e-05,31965.0,,,,
2629,8000,10981,1.7021,0.0348,3.2647,5.207,0.0085,0.07,5.53,0.93,0.0,641.0,328,304,9,51,47,1,409.0,0.11,8.7e-05,31976.0,,,,
2630,8000,10997,1.7129,0.0309,3.2943,5.251,0.0077,0.06,6.44,0.92,0.0,643.0,343,285,15,53,44,2,408.0,0.07,8.7e-05,31994.0,,,,
2631,8000,11014,1.6918,0.005,3.3028,5.137,0.0072,0.06,6.99,0.93,0.0,643.0,348,283,12,54,44,2,408.0,0.05,8.6e-05,31978.0,,,,
2632,8000,11030,1.6449,0.0052,3.21,5.26,0.0079,0.06,5.81,0.94,0.0,600.0,308,272,20,51,45,3,437.0,0.04,8.6e-05,31974.0,,,,
2633,8000,11046,1.6775,0.0289,3.2276,5.225,0.0094,0.07,5.79,0.93,0.0,619.0,322,277,20,52,45,3,423.0,0.05,8.6e-05,32021.0,,,,
2634,8000,11063,1.6815,0.0238,3.2446,5.213,0.0093,0.07,6.43,0.93,0.0,581.0,296,265,20,51,46,3,451.0,0.06,8.6e-05,31980.0,,,,
2635,8000,11079,1.6379,0.0097,3.1861,5.285,0.0089,0.07,5.03,0.93,0.0,562.0,307,237,18,55,42,3,466.0,0.07,8.6e-05,31977.0,,,,
2636,8000,11096,1.666,0.0086,3.2446,5.271,0.0087,0.06,7.2,0.93,0.0,569.0,276,264,29,49,46,5,461.0,0.07,8.6e-05,31985.0,,,,
2637,8000,11112,1.6972,0.017,3.2895,5.25,0.0068,0.05,12.49,0.93,0.0,560.0,263,275,22,47,49,4,468.0,0.08,8.6e-05,31971.0,,,,
2638,8000,11129,1.662,0.0067,3.2395,5.244,0.0093,0.06,9.68,0.93,0.0,559.0,276,268,15,49,48,3,469.0,0.08,8.6e-05,31989.0,,,,
2639,8000,11145,1.6712,0.0097,3.25,5.075,0.0093,0.07,7.25,0.93,0.0,568.0,288,259,21,51,46,4,462.0,0.08,8.6e-05,31969.0,,,,
2640,8000,11162,1.6841,0.012,3.2719,5.13,0.0088,0.06,7.88,0.92,0.0,612.0,312,282,18,51,46,3,428.0,0.07,8.6e-05,32006.0,,,,
2641,8000,11179,1.6626,0.0056,3.2432,5.245,0.0104,0.07,6.02,0.9,0.0,588.0,284,292,12,48,50,2,446.0,0.05,8.6e-05,30783.0,,,,
2642,8000,11195,1.6406,0.0142,3.1834,5.4,0.0092,0.06,5.69,0.91,0.0,474.0,225,236,13,47,50,3,553.0,0.04,8.6e-05,31919.0,,,,
2643,8000,11212,1.6401,0.0079,3.1938,5.288,0.0089,0.06,6.06,0.9,0.0,544.0,205,323,16,38,59,3,482.0,0.03,8.6e-05,31900.0,,,,
2644,8000,11228,1.6557,0.0169,3.2062,5.223,0.0098,0.07,6.15,0.89,0.0,516.0,236,262,18,46,51,3,508.0,0.04,8.6e-05,31907.0,,,,
2645,8000,11245,1.5887,0.0177,3.0734,5.435,0.0097,0.07,4.48,0.91,0.0,465.0,195,242,28,42,52,6,564.0,0.04,8.6e-05,31901.0,,,,
2646,8000,11261,1.569,0.0149,3.0406,5.423,0.0103,0.07,4.84,0.92,0.0,449.0,185,232,32,41,52,7,584.0,0.03,8.6e-05,31916.0,,,,
2647,8000,11278,1.5758,0.0113,3.0621,5.451,0.009,0.06,5.65,0.93,0.0,471.0,194,228,49,41,48,10,557.0,0.02,8.6e-05,31910.0,,,,
2648,8000,11294,1.6027,0.0088,3.1207,5.335,0.0097,0.07,6.37,0.92,0.0,507.0,227,228,52,45,45,10,517.0,0.02,8.6e-05,31900.0,,,,
2649,8000,11311,1.6085,0.0032,3.1423,5.293,0.0076,0.06,7.24,0.92,0.0,468.0,200,230,38,43,49,8,560.0,0.03,8.6e-05,31899.0,184,5,323,36
2650,8000,11342,1.584,0.0038,3.0929,5.296,0.0081,0.06,5.19,0.92,0.0,476.0,205,227,44,43,48,9,551.0,0.04,8.6e-05,32074.0,,,,
2651,8000,11359,1.581,0.007,3.0798,5.338,0.009,0.06,5.36,0.91,0.0,466.0,200,226,40,43,48,9,563.0,0.04,8.6e-05,31964.0,,,,
2652,8000,11375,1.5724,0.0026,3.0705,5.33,0.0093,0.06,5.78,0.92,0.0,452.0,204,209,39,45,46,9,580.0,0.04,8.6e-05,31918.0,,,,
2653,8000,11392,1.5582,0.0116,3.0245,5.317,0.0095,0.07,4.5,0.93,0.0,439.0,183,216,40,42,49,9,597.0,0.05,8.6e-05,31909.0,,,,
2654,8000,11408,1.5852,0.0046,3.0931,5.282,0.0071,0.06,7.52,0.93,0.0,494.0,209,243,42,42,49,9,531.0,0.05,8.6e-05,31900.0,,,,
2655,8000,11425,1.6202,0.0175,3.1352,5.149,0.0072,0.06,6.49,0.93,0.0,518.0,221,266,31,43,51,6,506.0,0.06,8.6e-05,31908.0,,,,
2656,8000,11441,1.6264,0.0101,3.1622,5.082,0.0085,0.07,8.8,0.92,0.0,509.0,244,235,30,48,46,6,515.0,0.06,8.6e-05,31930.0,,,,
2657,8000,11458,1.6032,0.0008,3.1342,5.107,0.0088,0.07,5.65,0.93,0.0,510.0,218,271,21,43,53,4,514.0,0.05,8.6e-05,31899.0,,,,
2658,8000,11474,1.645,0.0053,3.2073,4.988,0.0075,0.06,8.81,0.93,0.0,558.0,249,285,24,45,51,4,470.0,0.05,8.5e-05,31903.0,,,,
2659,8000,11491,1.6217,0.0075,3.1571,5.111,0.0068,0.06,9.21,0.93,0.0,508.0,242,245,21,48,48,4,516.0,0.04,8.5e-05,31900.0,,,,
2660,8000,11507,1.6159,0.0015,3.1577,5.05,0.0062,0.05,9.04,0.94,0.0,476.0,221,231,24,46,49,5,551.0,0.04,8.5e-05,31924.0,,,,
2661,8000,11524,1.6832,0.006,3.282,5.009,0.0096,0.07,9.72,0.92,0.0,595.0,281,286,28,47,48,5,441.0,0.06,8.5e-05,30777.0,,,,
2662,8000,11541,1.7177,0.0055,3.352,5.037,0.0106,0.07,10.15,0.91,0.0,667.0,332,296,39,50,44,6,393.0,0.06,8.5e-05,31928.0,,,,
2663,8000,11557,1.709,-0.0037,3.3524,4.975,0.0126,0.08,6.51,0.91,0.0,785.0,385,368,32,49,47,4,334.0,0.06,8.5e-05,31916.0,,,,
2664,8000,11574,1.6658,-0.0062,3.2723,5.112,0.0128,0.08,4.83,0.91,0.0,763.0,408,316,39,53,41,5,344.0,0.04,8.5e-05,31913.0,,,,
2665,8000,11590,1.6967,0.0117,3.2972,5.069,0.0121,0.08,5.5,0.91,0.0,739.0,368,342,29,50,46,4,355.0,0.03,8.5e-05,31909.0,,,,
2666,8000,11607,1.6883,0.0136,3.276,5.02,0.0118,0.08,5.19,0.91,0.0,724.0,394,300,30,54,41,4,362.0,0.03,8.5e-05,31967.0,,,,
2667,8000,11623,1.7159,0.0137,3.3301,4.913,0.0111,0.08,6.15,0.9,0.0,739.0,404,305,30,55,41,4,355.0,0.05,8.5e-05,31976.0,,,,
2668,8000,11640,1.7195,0.012,3.341,4.944,0.0092,0.07,6.75,0.9,0.0,741.0,401,300,40,54,40,5,354.0,0.05,8.5e-05,31900.0,,,,
2669,8000,11656,1.6584,-0.006,3.2561,5.038,0.0071,0.06,7.97,0.91,0.0,650.0,334,279,37,51,43,6,403.0,0.05,8.5e-05,31903.0,,,,
2670,8000,11673,1.6647,0.0078,3.2424,5.149,0.0099,0.07,5.76,0.9,0.0,662.0,344,289,29,52,44,4,396.0,0.05,8.5e-05,31906.0,,,,
2671,8000,11689,1.6448,0.0092,3.2002,5.164,0.0112,0.07,5.03,0.92,0.0,637.0,319,285,33,50,45,5,412.0,0.05,8.5e-05,31893.0,,,,
2672,8000,11706,1.7048,0.0179,3.302,5.039,0.0104,0.07,7.63,0.92,0.0,695.0,360,302,33,52,43,5,377.0,0.04,8.5e-05,31902.0,,,,
2673,8000,11722,1.7033,0.0073,3.32,5.01,0.0096,0.06,7.34,0.92,0.0,734.0,363,335,36,49,46,5,357.0,0.03,8.5e-05,31921.0,,,,
2674,8000,11739,1.7245,0.0015,3.3727,4.957,0.0079,0.06,9.34,0.92,0.0,718.0,365,336,17,51,47,2,365.0,0.03,8.5e-05,31919.0,,,,
2675,8000,11755,1.692,0.0031,3.3053,5.048,0.0096,0.06,8.22,0.93,0.0,687.0,344,323,20,50,47,3,382.0,0.03,8.5e-05,31902.0,,,,
2676,8000,11772,1.6703,0.0088,3.2497,4.964,0.0133,0.07,6.93,0.93,0.0,620.0,333,268,19,54,43,3,423.0,0.03,8.5e-05,31947.0,,,,
2677,8000,11788,1.6784,0.009,3.2657,4.929,0.0076,0.05,10.19,0.93,0.0,678.0,361,291,26,53,43,4,387.0,0.03,8.5e-05,31916.0,,,,
2678,8000,11805,1.6897,0.0106,3.2838,4.871,0.0099,0.06,13.19,0.93,0.0,702.0,355,327,20,51,47,3,373.0,0.03,8.5e-05,31914.0,,,,
2679,8000,11821,1.7078,0.0077,3.3258,4.809,0.011,0.07,7.36,0.93,0.0,768.0,353,391,24,46,51,3,341.0,0.03,8.5e-05,31906.0,,,,
2680,8000,11838,1.6663,0.0095,3.2409,5.054,0.0099,0.06,6.48,0.93,0.0,729.0,374,342,13,51,47,2,360.0,0.02,8.5e-05,31916.0,,,,
2681,8000,11855,1.6362,0.0179,3.165,5.168,0.0079,0.05,13.99,0.92,0.0,491.0,246,219,26,50,45,5,534.0,0.01,8.5e-05,30814.0,,,,
2682,8000,11871,1.5052,0.0087,2.923,5.422,0.0094,0.05,6.83,0.93,0.0,320.0,141,155,24,44,48,8,819.0,0.01,8.5e-05,32016.0,,,,
2683,8000,11888,1.5134,0.002,2.9517,5.319,0.0062,0.05,10.1,0.92,0.0,337.0,167,138,32,50,41,9,778.0,0.02,8.5e-05,31972.0,,,,
2684,8000,11904,1.5502,0.013,3.0028,5.156,0.0084,0.06,6.76,0.92,0.0,367.0,200,138,29,54,38,8,714.0,0.04,8.5e-05,31980.0,,,,
2685,8000,11921,1.5132,0.0134,2.9292,5.166,0.0087,0.06,8.4,0.92,0.0,357.0,167,143,47,47,40,13,734.0,0.04,8.5e-05,31990.0,,,,
2686,8000,11937,1.4892,0.0163,2.8748,5.242,0.0094,0.06,6.06,0.92,0.0,331.0,143,148,40,43,45,12,792.0,0.04,8.5e-05,31965.0,,,,
2687,8000,11954,1.5265,0.0095,2.9605,5.019,0.01,0.07,8.48,0.92,0.0,343.0,156,159,28,45,46,8,764.0,0.05,8.4e-05,31953.0,,,,
2688,8000,11970,1.5188,0.0132,2.9384,4.981,0.0091,0.07,6.81,0.93,0.0,336.0,169,138,29,50,41,9,780.0,0.05,8.4e-05,31973.0,,,,
2689,8000,11987,1.4741,0.0096,2.858,5.195,0.0117,0.07,5.52,0.93,0.0,280.0,125,128,27,45,46,10,936.0,0.04,8.4e-05,31955.0,,,,
2690,8000,12003,1.4231,0.0024,2.7737,5.515,0.0069,0.04,7.47,0.94,0.0,234.0,107,88,39,46,38,17,1120.0,0.03,8.4e-05,31979.0,,,,
2691,8000,12019,1.4962,0.0139,2.8949,5.346,0.0081,0.05,9.25,0.93,0.0,308.0,152,121,35,49,39,11,851.0,0.05,8.4e-05,31950.0,,,,
2692,8000,12036,1.5329,0.0081,2.9794,5.229,0.0081,0.06,7.87,0.93,0.0,379.0,180,148,51,47,39,13,692.0,0.06,8.4e-05,31966.0,,,,
2693,8000,12052,1.4763,0.0152,2.8545,5.517,0.0079,0.05,9.13,0.94,0.0,271.0,122,120,29,45,44,11,967.0,0.04,8.4e-05,31997.0,,,,
2694,8000,12069,1.4398,0.0073,2.7966,5.47,0.0081,0.06,7.52,0.94,0.0,240.0,123,90,27,51,38,11,1092.0,0.04,8.4e-05,31977.0,,,,
2695,8000,12085,1.4559,0.0116,2.8196,5.386,0.0065,0.05,8.23,0.94,0.0,282.0,124,122,36,44,43,13,930.0,0.04,8.4e-05,31964.0,,,,
2696,8000,12102,1.4628,0.02,2.8185,5.371,0.0088,0.05,6.8,0.94,0.0,291.0,135,106,50,46,36,17,901.0,0.04,8.4e-05,32028.0,,,,
2697,8000,12118,1.5225,0.0311,2.913,5.316,0.011,0.07,5.99,0.93,0.0,413.0,182,167,64,44,40,15,635.0,0.03,8.4e-05,31977.0,,,,
2698,8000,12135,1.4772,0.0228,2.8397,5.419,0.0103,0.06,8.43,0.94,0.0,338.0,153,152,33,45,45,10,776.0,0.04,8.4e-05,31993.0,,,,
2699,8000,12151,1.4624,0.0214,2.8121,5.442,0.009,0.05,7.38,0.94,0.0,258.0,109,118,31,42,46,12,1016.0,0.04,8.4e-05,31957.0,206,6,300,40
2700,8000,12183,1.5006,0.0218,2.8888,5.335,0.0116,0.07,7.52,0.93,0.0,336.0,153,151,32,46,45,10,780.0,0.03,8.4e-05,32149.0,,,,
2701,8000,12200,1.5847,0.0225,3.0546,5.17,0.0125,0.07,8.85,0.91,0.0,440.0,171,209,60,39,48,14,596.0,0.04,8.4e-05,30823.0,,,,
2702,8000,12216,1.6396,0.0216,3.1645,5.072,0.0113,0.07,7.02,0.92,0.0,567.0,226,295,46,40,52,8,462.0,0.03,8.4e-05,31978.0,,,,
2703,8000,12233,1.6041,0.0197,3.0974,5.12,0.0087,0.06,7.39,0.93,0.0,499.0,204,266,29,41,53,6,525.0,0.03,8.4e-05,31985.0,,,,
2704,8000,12249,1.6599,0.0161,3.2164,5.037,0.0098,0.07,6.11,0.92,0.0,602.0,236,341,25,39,57,4,435.0,0.06,8.4e-05,32034.0,,,,
2705,8000,12266,1.648,0.0174,3.1884,5.032,0.0105,0.07,4.73,0.93,0.0,614.0,235,365,14,38,59,2,427.0,0.07,8.4e-05,31996.0,,,,
2706,8000,12282,1.6955,0.024,3.2696,4.994,0.0096,0.07,6.46,0.91,0.0,611.0,250,353,8,41,58,1,429.0,0.05,8.4e-05,31989.0,,,,
2707,8000,12299,1.672,0.0167,3.237,4.936,0.009,0.07,9.06,0.93,0.0,640.0,252,382,6,39,60,1,410.0,0.04,8.4e-05,32035.0,,,,
2708,8000,12315,1.669,0.0268,3.2093,4.878,0.0086,0.06,15.7,0.94,0.0,568.0,239,324,5,42,57,1,462.0,0.03,8.4e-05,32007.0,,,,
2709,8000,12332,1.6219,0.0274,3.1144,4.893,0.0081,0.06,8.87,0.93,0.0,502.0,222,268,12,44,53,2,522.0,0.03,8.4e-05,32024.0,,,,
2710,8000,12348,1.5849,0.0313,3.0338,5.023,0.0098,0.06,7.86,0.94,0.0,438.0,180,244,14,41,56,3,599.0,0.01,8.4e-05,31983.0,,,,
2711,8000,12364,1.5686,0.0196,3.0256,5.097,0.0066,0.05,12.04,0.94,0.0,382.0,154,213,15,40,56,4,686.0,0.02,8.4e-05,31980.0,,,,
2712,8000,12381,1.5422,0.0153,2.9826,5.161,0.0051,0.04,14.07,0.95,0.0,341.0,141,169,31,41,50,9,769.0,0.02,8.4e-05,31988.0,,,,
2713,8000,12397,1.5762,0.0054,3.0698,5.016,0.0079,0.05,13.29,0.94,0.0,411.0,168,212,31,41,52,8,638.0,0.01,8.4e-05,31990.0,,,,
2714,8000,12414,1.5696,0.0184,3.0307,4.977,0.0073,0.06,15.52,0.95,0.0,397.0,175,193,29,44,49,7,660.0,0.02,8.4e-05,31971.0,,,,
2715,8000,12430,1.5212,0.0111,2.9516,5.142,0.007,0.05,13.0,0.95,0.0,357.0,171,141,45,48,39,13,734.0,0.02,8.4e-05,31990.0,,,,
2716,8000,12447,1.6207,0.0172,3.1353,4.937,0.0087,0.06,18.58,0.93,0.0,454.0,196,224,34,43,49,7,577.0,0.02,8.3e-05,31975.0,,,,
2717,8000,12463,1.6559,0.0149,3.2094,4.819,0.0092,0.07,10.34,0.93,0.0,536.0,243,247,46,45,46,9,489.0,0.02,8.3e-05,31974.0,,,,
2718,8000,12480,1.7392,0.0146,3.3725,4.624,0.0116,0.08,13.28,0.92,0.0,642.0,297,316,29,46,49,5,408.0,0.02,8.3e-05,31957.0,,,,
2719,8000,12496,1.6919,0.0025,3.3035,4.762,0.0126,0.08,12.42,0.93,0.0,639.0,283,339,17,44,53,3,410.0,0.02,8.3e-05,31973.0,,,,
2720,8000,12513,1.6599,-0.0089,3.2631,4.85,0.0083,0.06,11.8,0.93,0.0,587.0,255,321,11,43,55,2,447.0,0.03,8.3e-05,31980.0,,,,
2721,8000,12530,1.7313,0.0015,3.3851,4.877,0.0127,0.08,10.46,0.93,0.0,676.0,307,346,23,45,51,3,388.0,0.04,8.3e-05,30835.0,,,,
2722,8000,12546,1.769,0.0115,3.44,4.823,0.0107,0.08,9.86,0.91,0.0,651.0,288,349,14,44,54,2,403.0,0.09,8.3e-05,31980.0,,,,
2723,8000,12563,1.7383,0.0177,3.3669,4.871,0.0115,0.08,4.93,0.92,0.0,705.0,321,365,19,46,52,3,372.0,0.06,8.3e-05,31969.0,,,,
2724,8000,12579,1.6967,0.0157,3.2891,5.01,0.0077,0.06,9.97,0.93,0.0,612.0,282,318,12,46,52,2,428.0,0.04,8.3e-05,32008.0,,,,
2725,8000,12596,1.6229,0.0086,3.1567,5.139,0.0115,0.08,5.02,0.94,0.0,497.0,221,272,4,44,55,1,527.0,0.03,8.3e-05,31986.0,,,,
2726,8000,12612,1.6377,0.0142,3.1754,5.144,0.0108,0.07,5.01,0.92,0.0,493.0,237,238,18,48,48,4,532.0,0.05,8.3e-05,31957.0,,,,
2727,8000,12628,1.5913,0.005,3.103,5.153,0.0102,0.07,6.27,0.92,0.0,467.0,226,199,42,48,43,9,561.0,0.05,8.3e-05,31975.0,,,,
2728,8000,12645,1.5965,0.0001,3.1215,5.118,0.0088,0.06,5.67,0.92,0.0,500.0,229,232,39,46,46,8,524.0,0.03,8.3e-05,31988.0,,,,
2729,8000,12661,1.5851,0.0099,3.0796,5.106,0.0078,0.06,6.27,0.93,0.0,463.0,209,227,27,45,49,6,566.0,0.03,8.3e-05,31973.0,,,,
2730,8000,12678,1.5736,0.0052,3.0656,5.137,0.008,0.06,10.28,0.93,0.0,424.0,207,187,30,49,44,7,618.0,0.01,8.3e-05,32018.0,,,,
2731,8000,12694,1.5941,0.0123,3.0926,5.16,0.0108,0.07,5.6,0.93,0.0,533.0,260,240,33,49,45,6,492.0,0.02,8.3e-05,31973.0,,,,
2732,8000,12711,1.6389,0.0162,3.1745,5.076,0.0101,0.07,9.55,0.92,0.0,574.0,322,211,41,56,37,7,457.0,0.02,8.3e-05,31985.0,,,,
2733,8000,12727,1.587,0.0088,3.0871,5.204,0.0111,0.07,5.04,0.93,0.0,533.0,272,225,36,51,42,7,492.0,0.02,8.3e-05,31986.0,,,,
2734,8000,12744,1.5718,0.0034,3.0657,5.188,0.0109,0.07,5.39,0.92,0.0,481.0,257,202,22,53,42,5,545.0,0.02,8.3e-05,31958.0,,,,
2735,8000,12760,1.6017,-0.0009,3.1326,5.105,0.007,0.05,7.46,0.92,0.0,516.0,275,212,29,53,41,6,508.0,0.02,8.3e-05,31980.0,,,,
2736,8000,12777,1.56,0.012,3.0251,5.252,0.0087,0.05,6.57,0.94,0.0,455.0,247,173,35,54,38,8,576.0,0.01,8.3e-05,31971.0,,,,
2737,8000,12793,1.5779,0.0078,3.0681,5.164,0.0091,0.06,8.47,0.93,0.0,440.0,236,163,41,54,37,9,596.0,0.02,8.3e-05,31991.0,,,,
2738,8000,12809,1.6092,0.0124,3.1217,5.129,0.0075,0.05,8.97,0.94,0.0,512.0,266,204,42,52,40,8,512.0,0.02,8.3e-05,31987.0,,,,
2739,8000,12826,1.5915,0.0046,3.1039,5.351,0.0042,0.03,18.45,0.94,0.0,443.0,227,178,38,51,40,9,592.0,0.01,8.3e-05,31990.0,,,,
2740,8000,12842,1.6962,0.0072,3.3052,5.003,0.0061,0.04,25.53,0.93,0.0,552.0,300,216,36,54,39,7,475.0,0.02,8.3e-05,32015.0,,,,
2741,8000,12859,1.741,0.0146,3.3819,5.162,0.006,0.04,19.86,0.92,0.0,592.0,307,265,20,52,45,3,443.0,0.02,8.3e-05,30799.0,,,,
2742,8000,12876,1.7239,0.0221,3.333,5.192,0.0079,0.06,16.47,0.92,0.0,563.0,300,250,13,53,44,2,466.0,0.03,8.3e-05,31971.0,,,,
2743,8000,12892,1.7165,0.023,3.3174,5.236,0.0075,0.05,17.6,0.92,0.0,579.0,298,254,27,51,44,5,453.0,0.07,8.3e-05,31983.0,,,,
2744,8000,12909,1.6523,0.032,3.1713,5.28,0.0097,0.06,9.75,0.93,0.0,558.0,285,262,11,51,47,2,470.0,0.06,8.3e-05,31972.0,,,,
2745,8000,12925,1.7021,0.0468,3.2394,5.188,0.0123,0.08,6.77,0.92,0.0,587.0,291,283,13,50,48,2,447.0,0.08,8.3e-05,31953.0,,,,
2746,8000,12942,1.6799,0.039,3.2117,5.25,0.011,0.07,6.4,0.94,0.0,568.0,283,271,14,50,48,2,462.0,0.07,8.2e-05,31965.0,,,,
2747,8000,12958,1.6653,0.0402,3.1793,5.242,0.0088,0.05,19.7,0.95,0.0,518.0,281,222,15,54,43,3,506.0,0.07,8.2e-05,32040.0,,,,
2748,8000,12975,1.6127,0.0324,3.0897,5.177,0.0109,0.06,11.61,0.95,0.0,449.0,249,188,12,55,42,3,584.0,0.05,8.2e-05,31972.0,,,,
2749,8000,12991,1.5902,0.0337,3.0428,5.295,0.0097,0.06,9.44,0.94,0.0,436.0,214,201,21,49,46,5,601.0,0.03,8.2e-05,31976.0,167,2,343,33
2750,8000,13023,1.5326,0.0262,2.9439,5.48,0.0115,0.06,8.01,0.93,0.0,367.0,184,160,23,50,44,6,714.0,0.03,8.2e-05,32127.0,,,,
2751,8000,13039,1.4746,0.0283,2.8259,5.574,0.0086,0.04,10.86,0.95,0.0,311.0,124,133,54,40,43,17,843.0,0.03,8.2e-05,31966.0,,,,
2752,8000,13056,1.4366,0.0284,2.7527,5.644,0.0109,0.05,4.81,0.96,0.0,278.0,126,100,52,45,36,19,943.0,0.04,8.2e-05,31985.0,,,,
2753,8000,13072,1.4122,0.0231,2.7181,5.809,0.0104,0.05,5.46,0.96,0.0,297.0,111,101,85,37,34,29,883.0,0.02,8.2e-05,31980.0,,,,
2754,8000,13089,1.4222,0.0257,2.7368,5.829,0.0143,0.05,3.98,0.95,0.0,320.0,115,101,104,36,32,32,819.0,0.02,8.2e-05,31980.0,,,,
2755,8000,13105,1.4754,0.0282,2.8318,5.741,0.0105,0.05,6.72,0.94,0.0,314.0,127,143,44,40,46,14,835.0,0.02,8.2e-05,31961.0,,,,
2756,8000,13122,1.4285,0.0293,2.7366,5.838,0.0092,0.05,3.7,0.95,0.0,273.0,102,104,67,37,38,25,960.0,0.05,8.2e-05,31957.0,,,,
2757,8000,13138,1.4935,0.033,2.8573,5.566,0.0095,0.06,3.86,0.94,0.0,353.0,155,132,66,44,37,19,743.0,0.06,8.2e-05,31970.0,,,,
2758,8000,13155,1.5311,0.043,2.9119,5.537,0.0114,0.06,3.99,0.93,0.0,405.0,174,160,71,43,40,18,647.0,0.05,8.2e-05,31966.0,,,,
2759,8000,13171,1.5767,0.0438,2.9988,5.381,0.0086,0.06,6.19,0.94,0.0,450.0,189,194,67,42,43,15,583.0,0.03,8.2e-05,31977.0,,,,
2760,8000,13188,1.552,0.0308,2.974,5.333,0.0102,0.06,6.28,0.94,0.0,446.0,191,195,60,43,44,13,588.0,0.04,8.2e-05,32026.0,,,,
2761,8000,13205,1.5583,0.0222,3.0049,5.514,0.0067,0.05,28.04,0.94,0.0,362.0,165,147,50,46,41,14,724.0,0.03,8.2e-05,30791.0,,,,
2762,8000,13221,1.449,0.0208,2.7921,5.739,0.0079,0.05,4.97,0.94,0.0,274.0,128,100,46,47,36,17,957.0,0.02,8.2e-05,31961.0,,,,
2763,8000,13238,1.4219,0.0237,2.7364,5.846,0.0093,0.04,3.14,0.94,0.0,260.0,107,86,67,41,33,26,1008.0,0.02,8.2e-05,31952.0,,,,
2764,8000,13254,1.4491,0.0226,2.793,5.772,0.0081,0.05,3.08,0.92,0.0,297.0,100,124,73,34,42,25,883.0,0.01,8.2e-05,31955.0,,,,
2765,8000,13271,1.4108,0.0057,2.7516,5.866,0.0074,0.04,3.39,0.94,0.0,280.0,98,86,96,35,31,34,936.0,0.01,8.2e-05,31950.0,,,,
2766,8000,13287,1.388,0.0202,2.6747,6.024,0.0053,0.03,5.46,0.96,0.0,205.0,78,62,65,38,30,32,1279.0,0.01,8.2e-05,32006.0,,,,
2767,8000,13303,1.3921,0.0159,2.6915,5.984,0.0051,0.03,3.67,0.95,0.0,223.0,85,73,65,38,33,29,1176.0,0.01,8.2e-05,31945.0,,,,
2768,8000,13320,1.4385,0.03,2.7535,5.837,0.0068,0.05,2.99,0.94,0.0,273.0,105,104,64,38,38,23,960.0,0.01,8.2e-05,31950.0,,,,
2769,8000,13336,1.4035,0.0153,2.7188,5.931,0.0045,0.03,4.6,0.95,0.0,269.0,94,84,91,35,31,34,975.0,0.01,8.2e-05,31976.0,,,,
2770,8000,13353,1.4036,0.0273,2.6932,5.946,0.0049,0.03,4.55,0.94,0.0,228.0,82,72,74,36,32,32,1150.0,0.01,8.2e-05,31961.0,,,,
2771,8000,13369,1.3808,0.0263,2.651,5.978,0.0078,0.04,3.55,0.95,0.0,228.0,80,73,75,35,32,33,1150.0,0.01,8.2e-05,31953.0,,,,
2772,8000,13386,1.3731,0.0299,2.6324,6.032,0.0061,0.03,3.94,0.95,0.0,231.0,65,64,102,28,28,44,1135.0,0.01,8.2e-05,31987.0,,,,
2773,8000,13402,1.3917,0.0279,2.6693,5.906,0.0068,0.04,2.92,0.95,0.0,236.0,79,60,97,33,25,41,1111.0,0.01,8.2e-05,31952.0,,,,
2774,8000,13419,1.3977,0.028,2.6786,5.89,0.0054,0.03,4.17,0.94,0.0,244.0,81,89,74,33,36,30,1074.0,0.01,8.2e-05,31999.0,,,,
2775,8000,13435,1.3696,0.0218,2.6385,6.0,0.0048,0.04,3.74,0.95,0.0,207.0,56,57,94,27,28,45,1266.0,0.01,8.2e-05,31974.0,,,,
2776,8000,13452,1.4201,0.0285,2.7219,5.902,0.0062,0.04,3.63,0.94,0.0,283.0,109,82,92,39,29,33,926.0,0.02,8.2e-05,31945.0,,,,
2777,8000,13468,1.3637,0.0179,2.6326,5.996,0.0072,0.04,2.71,0.96,0.0,241.0,81,80,80,34,33,33,1088.0,0.02,8.1e-05,31971.0,,,,
2778,8000,13484,1.3558,0.0143,2.6252,6.078,0.0055,0.03,2.93,0.95,0.0,215.0,63,57,95,29,27,44,1219.0,0.01,8.1e-05,31951.0,,,,
2779,8000,13501,1.3711,0.0095,2.6689,6.024,0.0059,0.03,2.95,0.95,0.0,224.0,68,69,87,30,31,39,1170.0,0.01,8.1e-05,31984.0,,,,
2780,8000,13517,1.3753,0.014,2.6682,5.995,0.0055,0.03,2.73,0.94,0.0,254.0,73,80,101,29,31,40,1032.0,0.01,8.1e-05,31949.0,,,,
2781,8000,13535,1.4229,0.023,2.7416,5.878,0.0055,0.04,3.48,0.93,0.0,276.0,85,93,98,31,34,36,950.0,0.01,8.1e-05,30798.0,,,,
2782,8000,13551,1.3996,0.0229,2.6958,5.922,0.0056,0.04,3.38,0.94,0.0,253.0,89,72,92,35,28,36,1036.0,0.01,8.1e-05,31957.0,,,,
2783,8000,13567,1.3746,0.018,2.652,5.983,0.0065,0.04,3.09,0.95,0.0,229.0,75,73,81,33,32,35,1145.0,0.01,8.1e-05,31949.0,,,,
2784,8000,13584,1.3942,0.0279,2.6743,5.987,0.0061,0.04,2.97,0.94,0.0,268.0,81,81,106,30,30,40,978.0,0.01,8.1e-05,31995.0,,,,
2785,8000,13600,1.3662,0.0263,2.6208,6.067,0.005,0.03,2.88,0.95,0.0,217.0,70,56,91,32,26,42,1208.0,0.0,8.1e-05,31960.0,,,,
2786,8000,13617,1.4133,0.0353,2.6979,5.942,0.0058,0.04,2.91,0.93,0.0,269.0,86,81,102,32,30,38,975.0,0.01,8.1e-05,31954.0,,,,
2787,8000,13633,1.47,0.0306,2.8169,5.767,0.0053,0.04,7.32,0.93,0.0,290.0,124,82,84,43,28,29,904.0,0.01,8.1e-05,31964.0,,,,
2788,8000,13650,1.4599,0.0318,2.7972,5.759,0.0061,0.05,2.99,0.94,0.0,331.0,124,104,103,37,31,31,792.0,0.01,8.1e-05,31955.0,,,,
2789,8000,13666,1.5315,0.0348,2.9338,5.549,0.0064,0.05,6.47,0.93,0.0,414.0,183,132,99,44,32,24,633.0,0.0,8.1e-05,31927.0,,,,
2790,8000,13683,1.4834,0.0355,2.8341,5.671,0.0087,0.06,3.49,0.93,0.0,344.0,166,115,63,48,33,18,762.0,0.01,8.1e-05,31956.0,,,,
2791,8000,13699,1.4519,0.0336,2.7765,5.728,0.0064,0.05,3.14,0.95,0.0,308.0,140,99,69,45,32,22,851.0,0.02,8.1e-05,32007.0,,,,
2792,8000,13716,1.4477,0.0287,2.7828,5.776,0.0056,0.04,3.12,0.95,0.0,317.0,151,81,85,48,26,27,827.0,0.02,8.1e-05,31934.0,,,,
2793,8000,13732,1.4705,0.0314,2.8224,5.774,0.0053,0.04,5.79,0.95,0.0,323.0,125,104,94,39,32,29,812.0,0.01,8.1e-05,31946.0,,,,
2794,8000,13749,1.5195,0.0265,2.9285,5.667,0.0058,0.04,7.13,0.95,0.0,391.0,167,131,93,43,34,24,670.0,0.02,8.1e-05,31954.0,,,,
2795,8000,13765,1.5035,0.0275,2.8931,5.667,0.0055,0.04,4.47,0.95,0.0,388.0,186,129,73,48,33,19,676.0,0.03,8.1e-05,31936.0,,,,
2796,8000,13782,1.4769,0.029,2.8367,5.667,0.0055,0.04,4.08,0.96,0.0,354.0,172,116,66,49,33,19,741.0,0.02,8.1e-05,31995.0,,,,
2797,8000,13798,1.4818,0.0279,2.8489,5.65,0.0072,0.05,4.21,0.96,0.0,344.0,158,113,73,46,33,21,762.0,0.02,8.1e-05,31951.0,,,,
2798,8000,13815,1.5327,0.0264,2.9532,5.577,0.0063,0.05,5.88,0.94,0.0,397.0,192,131,74,48,33,19,660.0,0.02,8.1e-05,31958.0,,,,
2799,8000,13831,1.5608,0.0287,3.0087,5.513,0.0072,0.05,4.91,0.94,0.0,487.0,232,164,91,48,34,19,538.0,0.02,8.1e-05,32001.0,126,33,353,25
2800,8000,13863,1.6084,0.0219,3.1108,5.404,0.0056,0.05,6.86,0.93,0.0,486.0,257,167,62,53,34,13,539.0,0.03,8.1e-05,32087.0,,,,
2801,8000,13880,1.5788,0.0153,3.0651,5.487,0.0061,0.05,5.56,0.93,0.0,413.0,197,161,55,48,39,13,635.0,0.03,8.1e-05,30823.0,,,,
2802,8000,13896,1.5094,0.0185,2.9225,5.688,0.0075,0.05,3.25,0.95,0.0,322.0,127,136,59,39,42,18,814.0,0.04,8.1e-05,32013.0,,,,
2803,8000,13913,1.5251,0.014,2.964,5.516,0.0089,0.06,3.1,0.94,0.0,382.0,176,132,74,46,35,19,686.0,0.07,8.1e-05,31954.0,,,,
2804,8000,13929,1.544,0.0145,2.9962,5.474,0.0077,0.06,4.6,0.95,0.0,383.0,175,158,50,46,41,13,684.0,0.09,8.1e-05,31996.0,,,,
2805,8000,13946,1.5589,0.0082,3.0395,5.384,0.0069,0.05,4.78,0.94,0.0,459.0,192,197,70,42,43,15,571.0,0.08,8.1e-05,32005.0,,,,
2806,8000,13962,1.6128,0.016,3.1276,5.231,0.0084,0.06,3.9,0.93,0.0,568.0,221,300,47,39,53,8,462.0,0.08,8.1e-05,31946.0,,,,
2807,8000,13979,1.6059,0.0162,3.1134,5.249,0.0093,0.06,4.01,0.94,0.0,573.0,224,298,51,39,52,9,457.0,0.09,8.1e-05,31933.0,,,,
2808,8000,13995,1.62,0.0138,3.1455,5.202,0.0086,0.07,3.4,0.94,0.0,571.0,230,297,44,40,52,8,459.0,0.08,8e-05,31961.0,,,,
2809,8000,14012,1.6234,0.0171,3.1446,5.189,0.009,0.07,3.78,0.94,0.0,584.0,240,304,40,41,52,7,449.0,0.09,8e-05,31990.0,,,,
2810,8000,14028,1.5902,0.0089,3.0969,5.292,0.0079,0.06,4.5,0.94,0.0,519.0,206,258,55,40,50,11,505.0,0.08,8e-05,31970.0,,,,
2811,8000,14045,1.6155,0.0182,3.1269,5.276,0.0053,0.05,6.04,0.94,0.0,497.0,206,251,40,41,51,8,527.0,0.08,8e-05,31950.0,,,,
2812,8000,14061,1.6027,0.0114,3.1157,5.204,0.0068,0.06,5.0,0.94,0.0,500.0,240,208,52,48,42,10,524.0,0.07,8e-05,31953.0,,,,
2813,8000,14078,1.655,0.0182,3.2043,5.043,0.008,0.07,4.08,0.92,0.0,608.0,270,290,48,44,48,8,431.0,0.04,8e-05,31956.0,,,,
2814,8000,14094,1.6527,0.0145,3.2059,5.004,0.0081,0.07,4.64,0.92,0.0,598.0,287,271,40,48,45,7,438.0,0.04,8e-05,31994.0,,,,
2815,8000,14111,1.6335,0.0088,3.1806,5.062,0.0084,0.07,3.59,0.92,0.0,587.0,277,261,49,47,44,8,447.0,0.06,8e-05,31967.0,,,,
2816,8000,14127,1.6778,0.0128,3.2588,4.943,0.008,0.07,4.68,0.91,0.0,658.0,312,317,29,47,48,4,398.0,0.06,8e-05,31955.0,,,,
2817,8000,14144,1.6796,0.0187,3.2515,4.95,0.0079,0.07,4.13,0.92,0.0,628.0,298,288,42,47,46,7,417.0,0.04,8e-05,31941.0,,,,
2818,8000,14160,1.667,0.0111,3.2409,4.99,0.0072,0.06,6.28,0.93,0.0,621.0,307,276,38,49,44,6,422.0,0.05,8e-05,31963.0,,,,
2819,8000,14177,1.6675,0.0083,3.2459,4.983,0.0081,0.07,5.44,0.92,0.0,669.0,338,295,36,51,44,5,392.0,0.04,8e-05,31975.0,,,,
2820,8000,14193,1.6893,0.009,3.2885,4.948,0.0092,0.07,5.17,0.92,0.0,681.0,309,333,39,45,49,6,385.0,0.03,8e-05,31946.0,,,,
2821,8000,14210,1.7222,0.0181,3.3359,4.968,0.008,0.07,4.79,0.9,0.0,658.0,305,327,26,46,50,4,398.0,0.02,8e-05,30798.0,,,,
2822,8000,14227,1.6492,0.0252,3.1768,5.148,0.0095,0.07,4.01,0.91,0.0,544.0,251,276,17,46,51,3,482.0,0.02,8e-05,31952.0,,,,
2823,8000,14243,1.6213,0.021,3.1298,5.181,0.0074,0.06,3.65,0.91,0.0,496.0,210,257,29,42,52,6,529.0,0.03,8e-05,31932.0,,,,
2824,8000,14260,1.669,0.0237,3.2191,5.128,0.0099,0.08,3.94,0.9,0.0,558.0,259,282,17,46,51,3,470.0,0.02,8e-05,31942.0,,,,
2825,8000,14276,1.6295,0.0075,3.1743,5.163,0.0087,0.07,3.13,0.91,0.0,590.0,252,288,50,43,49,8,444.0,0.01,8e-05,31943.0,,,,
2826,8000,14293,1.6673,0.0131,3.239,5.168,0.0088,0.07,3.77,0.9,0.0,631.0,278,313,40,44,50,6,415.0,0.01,8e-05,31952.0,,,,
2827,8000,14309,1.6783,0.0048,3.2769,5.105,0.0091,0.07,4.0,0.9,0.0,644.0,308,303,33,48,47,5,407.0,0.01,8e-05,31946.0,,,,
2828,8000,14326,1.6887,0.0098,3.2872,5.007,0.0109,0.08,2.85,0.91,0.0,697.0,336,319,42,48,46,6,376.0,0.01,8e-05,31943.0,,,,
2829,8000,14342,1.7102,0.0115,3.3263,4.994,0.009,0.08,4.11,0.89,0.0,687.0,326,343,18,47,50,3,382.0,0.02,8e-05,31948.0,,,,
2830,8000,14359,1.6869,0.0125,3.2785,5.002,0.0088,0.07,3.15,0.9,0.0,656.0,309,323,24,47,49,4,400.0,0.02,8e-05,31948.0,,,,
2831,8000,14375,1.6696,0.0105,3.2475,5.021,0.0093,0.07,3.37,0.91,0.0,654.0,296,339,19,45,52,3,401.0,0.02,8e-05,31943.0,,,,
2832,8000,14391,1.6589,0.0139,3.2202,5.031,0.01,0.08,3.18,0.91,0.0,642.0,281,331,30,44,52,5,408.0,0.02,8e-05,31980.0,,,,
2833,8000,14408,1.6561,0.0177,3.2076,5.074,0.0075,0.06,4.33,0.91,0.0,589.0,264,294,31,45,50,5,445.0,0.02,8e-05,31992.0,,,,
2834,8000,14424,1.6499,0.0144,3.2007,5.071,0.0077,0.06,4.28,0.91,0.0,632.0,285,321,26,45,51,4,415.0,0.01,8e-05,31955.0,,,,
2835,8000,14441,1.6583,0.0069,3.2322,5.047,0.0078,0.07,4.5,0.91,0.0,636.0,311,306,19,49,48,3,412.0,0.01,8e-05,31951.0,,,,
2836,8000,14457,1.6767,0.0065,3.2696,4.995,0.0082,0.07,4.96,0.91,0.0,614.0,276,314,24,45,51,4,427.0,0.02,8e-05,31957.0,,,,
2837,8000,14474,1.668,0.0057,3.2535,4.984,0.0079,0.07,4.78,0.92,0.0,630.0,287,322,21,46,51,3,416.0,0.03,8e-05,31995.0,,,,
2838,8000,14490,1.6407,0.0027,3.205,4.993,0.0079,0.07,4.8,0.92,0.0,598.0,277,299,22,46,50,4,438.0,0.03,8e-05,31955.0,,,,
2839,8000,14507,1.6147,-0.002,3.1639,5.036,0.0083,0.07,3.75,0.93,0.0,584.0,246,306,32,42,52,5,449.0,0.02,8e-05,31945.0,,,,
2840,8000,14523,1.6738,0.0042,3.268,4.881,0.0085,0.07,3.15,0.91,0.0,683.0,312,348,23,46,51,3,384.0,0.02,7.9e-05,31946.0,,,,
2841,8000,14540,1.697,-0.0165,3.3545,4.847,0.0107,0.08,3.23,0.88,0.0,722.0,354,353,15,49,49,2,363.0,0.02,7.9e-05,30808.0,,,,
2842,8000,14557,1.6732,-0.0057,3.2879,5.0,0.0098,0.07,3.85,0.89,0.0,642.0,296,322,24,46,50,4,408.0,0.02,7.9e-05,31991.0,,,,
2843,8000,14573,1.6794,-0.0052,3.2994,4.969,0.0089,0.07,4.29,0.89,0.0,661.0,303,335,23,46,51,3,397.0,0.01,7.9e-05,31909.0,,,,
2844,8000,14590,1.6524,-0.0009,3.2358,4.987,0.0089,0.07,4.38,0.89,0.0,625.0,303,302,20,48,48,3,419.0,0.01,7.9e-05,31922.0,,,,
2845,8000,14606,1.6343,-0.0067,3.2121,5.105,0.0071,0.06,4.5,0.9,0.0,595.0,297,269,29,50,45,5,441.0,0.02,7.9e-05,31927.0,,,,
2846,8000,14623,1.6007,-0.008,3.1481,5.152,0.0073,0.06,4.9,0.91,0.0,544.0,280,237,27,51,44,5,482.0,0.01,7.9e-05,31931.0,,,,
2847,8000,14639,1.6505,-0.012,3.2559,5.085,0.0066,0.06,7.48,0.9,0.0,596.0,304,265,27,51,44,5,440.0,0.01,7.9e-05,31973.0,,,,
2848,8000,14656,1.6579,0.0042,3.237,5.042,0.0094,0.07,4.48,0.92,0.0,648.0,345,268,35,53,41,5,405.0,0.02,7.9e-05,31929.0,,,,
2849,8000,14672,1.6675,0.0039,3.2573,5.118,0.0079,0.07,5.18,0.91,0.0,647.0,344,276,27,53,43,4,405.0,0.02,7.9e-05,31881.0,164,0,348,32
2850,8000,14704,1.6355,0.0089,3.1832,5.123,0.0089,0.07,3.98,0.92,0.0,604.0,314,270,20,52,45,3,434.0,0.02,7.9e-05,32072.0,,,,
2851,8000,14720,1.6392,0.0071,3.1948,5.173,0.0069,0.06,6.35,0.93,0.0,580.0,306,252,22,53,43,4,452.0,0.03,7.9e-05,31928.0,,,,
2852,8000,14737,1.6163,0.0086,3.1463,5.275,0.0082,0.06,5.26,0.93,0.0,552.0,287,244,21,52,44,4,475.0,0.02,7.9e-05,31921.0,,,,
2853,8000,14753,1.5838,0.0075,3.0864,5.343,0.0077,0.06,5.14,0.95,0.0,537.0,274,223,40,51,42,7,488.0,0.02,7.9e-05,31973.0,,,,
2854,8000,14770,1.6173,0.0117,3.1439,5.321,0.0055,0.04,9.45,0.94,0.0,535.0,276,230,29,52,43,5,490.0,0.02,7.9e-05,31959.0,,,,
2855,8000,14786,1.5898,0.0095,3.0946,5.337,0.0074,0.05,6.82,0.95,0.0,527.0,295,195,37,56,37,7,497.0,0.02,7.9e-05,32020.0,,,,
2856,8000,14803,1.5764,0.0037,3.079,5.338,0.0071,0.05,5.92,0.95,0.0,518.0,270,203,45,52,39,9,506.0,0.01,7.9e-05,31959.0,,,,
2857,8000,14819,1.5725,0.0036,3.072,5.331,0.0082,0.06,5.39,0.95,0.0,522.0,273,202,47,52,39,9,502.0,0.01,7.9e-05,31964.0,,,,
2858,8000,14836,1.56,0.0029,3.0473,5.319,0.008,0.06,5.82,0.95,0.0,508.0,260,206,42,51,41,8,516.0,0.01,7.9e-05,32008.0,,,,
2859,8000,14852,1.602,0.0103,3.1178,5.146,0.0108,0.07,5.06,0.95,0.0,580.0,299,221,60,52,38,10,452.0,0.01,7.9e-05,31961.0,,,,
2860,8000,14869,1.6467,0.0135,3.1988,5.197,0.01,0.07,27.72,0.95,0.0,541.0,281,219,41,52,40,8,485.0,0.02,7.9e-05,31998.0,,,,
2861,8000,14886,1.6611,0.0302,3.1938,5.253,0.0117,0.08,3.96,0.92,0.0,568.0,272,240,56,48,42,10,462.0,0.02,7.9e-05,30796.0,,,,
2862,8000,14902,1.6312,0.0297,3.1349,5.329,0.0112,0.07,4.04,0.92,0.0,499.0,225,246,28,45,49,6,525.0,0.01,7.9e-05,31939.0,,,,
2863,8000,14919,1.6267,0.0221,3.1415,5.348,0.0076,0.06,6.33,0.92,0.0,481.0,204,232,45,42,48,9,545.0,0.03,7.9e-05,31946.0,,,,
2864,8000,14935,1.6545,0.0215,3.1975,5.314,0.0087,0.07,5.81,0.92,0.0,505.0,255,219,31,50,43,6,519.0,0.04,7.9e-05,31977.0,,,,
2865,8000,14952,1.6121,0.0144,3.1288,5.239,0.0082,0.07,4.38,0.93,0.0,551.0,254,249,48,46,45,9,476.0,0.02,7.9e-05,31935.0,,,,
2866,8000,14968,1.5791,0.0072,3.0766,5.309,0.0088,0.07,4.88,0.94,0.0,498.0,237,227,34,48,46,7,526.0,0.02,7.9e-05,31932.0,,,,
2867,8000,14984,1.559,0.0132,3.0252,5.417,0.0098,0.07,3.33,0.94,0.0,429.0,196,196,37,46,46,9,611.0,0.02,7.9e-05,31943.0,,,,
2868,8000,15001,1.5244,-0.0004,2.9845,5.46,0.0069,0.05,5.41,0.95,0.0,414.0,187,190,37,45,46,9,633.0,0.02,7.9e-05,31941.0,,,,
2869,8000,15017,1.5625,0.0051,3.0548,5.408,0.0106,0.07,4.05,0.93,0.0,505.0,217,222,66,43,44,13,519.0,0.02,7.9e-05,31929.0,,,,
2870,8000,15034,1.5843,0.0027,3.1017,5.306,0.0083,0.06,4.48,0.93,0.0,560.0,264,236,60,47,42,11,468.0,0.02,7.9e-05,32005.0,,,,
2871,8000,15050,1.6077,0.0059,3.1381,5.264,0.0092,0.07,4.21,0.93,0.0,513.0,241,226,46,47,44,9,511.0,0.02,7.9e-05,31919.0,,,,
2872,8000,15067,1.6078,0.0023,3.1444,5.245,0.0082,0.06,4.16,0.93,0.0,568.0,266,253,49,47,45,9,462.0,0.02,7.9e-05,31994.0,,,,
2873,8000,15083,1.5779,0.004,3.0821,5.371,0.0077,0.06,4.8,0.94,0.0,468.0,235,197,36,50,42,8,560.0,0.03,7.8e-05,31938.0,,,,
2874,8000,15100,1.5618,0.0108,3.0371,5.428,0.0088,0.06,5.02,0.94,0.0,459.0,226,195,38,49,42,8,571.0,0.02,7.8e-05,31963.0,,,,
2875,8000,15116,1.5602,0.0012,3.0523,5.386,0.0091,0.07,4.3,0.94,0.0,452.0,208,213,31,46,47,7,580.0,0.03,7.8e-05,31931.0,,,,
2876,8000,15133,1.6022,0.0046,3.1279,5.292,0.0082,0.07,5.76,0.94,0.0,539.0,243,244,52,45,45,10,486.0,0.05,7.8e-05,31939.0,,,,
2877,8000,15149,1.6261,0.0066,3.1699,5.192,0.0101,0.07,3.82,0.94,0.0,582.0,277,271,34,48,47,6,450.0,0.04,7.8e-05,31986.0,,,,
2878,8000,15166,1.6541,0.0022,3.234,5.152,0.0082,0.07,5.12,0.93,0.0,654.0,346,288,20,53,44,3,401.0,0.03,7.8e-05,31940.0,,,,
2879,8000,15182,1.6516,0.0003,3.2318,5.11,0.0098,0.07,4.75,0.94,0.0,637.0,346,279,12,54,44,2,412.0,0.02,7.8e-05,31932.0,,,,
2880,8000,15199,1.6763,-0.0019,3.2849,5.063,0.0094,0.07,4.31,0.93,0.0,706.0,368,316,22,52,45,3,371.0,0.04,7.8e-05,31942.0,,,,
2881,8000,15216,1.6607,0.0098,3.2311,5.093,0.0099,0.07,5.13,0.93,0.0,571.0,276,279,16,48,49,3,459.0,0.04,7.8e-05,30867.0,,,,
2882,8000,15232,1.6145,-0.0019,3.163,5.243,0.0084,0.07,5.74,0.94,0.0,495.0,234,251,10,47,51,2,530.0,0.03,7.8e-05,32011.0,,,,
2883,8000,15249,1.6199,-0.0016,3.1728,5.188,0.0081,0.07,5.73,0.94,0.0,533.0,264,263,6,50,49,1,492.0,0.03,7.8e-05,31978.0,,,,
2884,8000,15265,1.5985,-0.0045,3.1361,5.227,0.0075,0.06,5.1,0.94,0.0,478.0,242,225,11,51,47,2,548.0,0.04,7.8e-05,31964.0,,,,
2885,8000,15281,1.5653,0.0011,3.0609,5.252,0.0084,0.07,4.24,0.95,0.0,494.0,235,227,32,48,46,6,531.0,0.02,7.8e-05,32013.0,,,,
2886,8000,15298,1.6086,0.0031,3.1414,5.293,0.0072,0.06,12.37,0.95,0.0,477.0,230,231,16,48,48,3,550.0,0.04,7.8e-05,31965.0,,,,
2887,8000,15314,1.6153,0.0031,3.155,5.191,0.0092,0.07,3.95,0.94,0.0,551.0,280,241,30,51,44,5,476.0,0.03,7.8e-05,31992.0,,,,
2888,8000,15331,1.6395,0.0113,3.186,5.126,0.0086,0.07,5.15,0.95,0.0,576.0,294,256,26,51,44,5,455.0,0.02,7.8e-05,31951.0,,,,
2889,8000,15347,1.5848,0.0022,3.096,5.204,0.007,0.05,8.65,0.96,0.0,500.0,262,211,27,52,42,5,524.0,0.02,7.8e-05,32028.0,,,,
2890,8000,15364,1.5706,0.0048,3.0628,5.286,0.0079,0.06,5.96,0.96,0.0,480.0,262,194,24,55,40,5,546.0,0.01,7.8e-05,31972.0,,,,
2891,8000,15380,1.5841,0.0082,3.0835,5.4,0.0069,0.05,17.17,0.96,0.0,430.0,219,183,28,51,43,7,610.0,0.02,7.8e-05,31961.0,,,,
2892,8000,15397,1.613,0.0059,3.1473,5.422,0.0042,0.04,26.74,0.97,0.0,417.0,219,170,28,53,41,7,629.0,0.01,7.8e-05,31998.0,,,,
2893,8000,15413,1.588,0.0126,3.0849,5.394,0.0069,0.05,10.12,0.96,0.0,416.0,203,177,36,49,43,9,630.0,0.02,7.8e-05,32034.0,,,,
2894,8000,15430,1.5631,0.0147,3.0304,5.371,0.0085,0.06,5.83,0.96,0.0,392.0,199,165,28,51,42,7,669.0,0.02,7.8e-05,31947.0,,,,
2895,8000,15446,1.5868,0.0235,3.0603,5.404,0.0107,0.07,6.43,0.96,0.0,442.0,229,189,24,52,43,5,593.0,0.01,7.8e-05,31975.0,,,,
2896,8000,15463,1.6031,0.0123,3.1137,5.277,0.0077,0.06,6.15,0.95,0.0,446.0,229,182,35,51,41,8,588.0,0.02,7.8e-05,31970.0,,,,
2897,8000,15479,1.5741,0.0152,3.051,5.384,0.0088,0.06,6.86,0.96,0.0,401.0,190,181,30,47,45,7,654.0,0.02,7.8e-05,31960.0,,,,
2898,8000,15495,1.5919,0.0145,3.0872,5.36,0.0066,0.05,9.92,0.96,0.0,401.0,203,169,29,51,42,7,654.0,0.02,7.8e-05,31968.0,,,,
2899,8000,15512,1.6242,0.02,3.1394,5.245,0.0082,0.06,7.65,0.96,0.0,485.0,266,196,23,55,40,5,541.0,0.02,7.8e-05,32022.0,173,11,328,34
2900,8000,15544,1.6321,0.0215,3.1518,5.234,0.0087,0.06,7.82,0.96,0.0,453.0,230,206,17,51,45,4,579.0,0.02,7.8e-05,32097.0,,,,
2901,8000,15561,1.653,0.0155,3.2062,5.329,0.0087,0.06,7.88,0.95,0.0,480.0,253,209,18,53,44,4,546.0,0.02,7.8e-05,30797.0,,,,
2902,8000,15577,1.6579,0.0073,3.233,5.383,0.0078,0.06,7.83,0.94,0.0,497.0,225,259,13,45,52,3,527.0,0.03,7.8e-05,31901.0,,,,
2903,8000,15594,1.678,0.0124,3.2629,5.313,0.0104,0.07,6.76,0.94,0.0,536.0,249,266,21,46,50,4,489.0,0.04,7.8e-05,31973.0,,,,
2904,8000,15610,1.696,0.007,3.3091,5.295,0.0096,0.07,4.74,0.93,0.0,575.0,289,272,14,50,47,2,456.0,0.08,7.8e-05,32003.0,,,,
2905,8000,15626,1.6796,0.0008,3.2888,5.336,0.0115,0.08,3.72,0.93,0.0,662.0,335,317,10,51,48,2,396.0,0.09,7.8e-05,31943.0,,,,
2906,8000,15643,1.732,0.0011,3.3925,5.234,0.0098,0.07,5.88,0.92,0.0,711.0,352,347,12,50,49,2,369.0,0.08,7.8e-05,31924.0,,,,
2907,8000,15659,1.7014,0.01,3.3134,5.243,0.01,0.07,4.72,0.92,0.0,681.0,329,350,2,48,51,0,385.0,0.06,7.7e-05,31968.0,,,,
2908,8000,15676,1.7307,0.0093,3.3731,5.154,0.0111,0.08,4.67,0.92,0.0,697.0,352,340,5,51,49,1,376.0,0.05,7.7e-05,31909.0,,,,
2909,8000,15692,1.7297,0.0112,3.3667,5.105,0.0102,0.08,4.62,0.93,0.0,696.0,345,348,3,50,50,0,377.0,0.04,7.7e-05,31920.0,,,,
2910,8000,15709,1.7344,0.0146,3.3693,5.102,0.0104,0.08,3.75,0.92,0.0,738.0,372,363,3,50,49,0,355.0,0.03,7.7e-05,31910.0,,,,
2911,8000,15725,1.7336,0.0051,3.3871,5.145,0.0096,0.07,4.02,0.93,0.0,744.0,383,360,1,51,48,0,352.0,0.04,7.7e-05,31903.0,,,,
2912,8000,15742,1.7381,0.0061,3.3923,4.995,0.0085,0.07,5.58,0.93,0.0,793.0,427,366,0,54,46,0,331.0,0.06,7.7e-05,31922.0,,,,
2913,8000,15758,1.7233,0.0066,3.3616,5.0,0.0103,0.08,4.19,0.94,0.0,768.0,387,379,2,50,49,0,341.0,0.07,7.7e-05,31903.0,,,,
2914,8000,15775,1.7752,0.0112,3.4557,4.918,0.011,0.08,5.89,0.93,0.0,831.0,430,399,2,52,48,0,315.0,0.06,7.7e-05,31964.0,,,,
2915,8000,15791,1.7436,0.0103,3.3949,5.003,0.0094,0.07,4.33,0.94,0.0,856.0,454,399,3,53,47,0,306.0,0.06,7.7e-05,31905.0,,,,
2916,8000,15808,1.8037,0.0138,3.5072,4.916,0.0096,0.07,6.41,0.94,0.0,833.0,453,379,1,54,45,0,315.0,0.07,7.7e-05,31931.0,,,,
2917,8000,15824,1.7742,-0.0088,3.494,4.968,0.0084,0.07,8.63,0.93,0.0,899.0,427,469,3,47,52,0,292.0,0.06,7.7e-05,31910.0,,,,
2918,8000,15841,1.7717,0.0114,3.4486,4.978,0.0097,0.07,5.71,0.93,0.0,873.0,436,436,1,50,50,0,300.0,0.05,7.7e-05,31924.0,,,,
2919,8000,15857,1.78,0.0182,3.4517,4.978,0.0095,0.07,6.11,0.93,0.0,802.0,397,404,1,50,50,0,327.0,0.04,7.7e-05,31971.0,,,,
2920,8000,15874,1.7599,-0.0172,3.4814,4.897,0.012,0.09,3.99,0.92,0.0,858.0,419,437,2,49,51,0,306.0,0.04,7.7e-05,31996.0,,,,
2921,8000,15891,1.7478,-0.0196,3.4641,5.076,0.0136,0.09,3.95,0.92,0.0,797.0,376,421,0,47,53,0,329.0,0.05,7.7e-05,30834.0,,,,
2922,8000,15907,1.7555,-0.0157,3.4717,5.062,0.0108,0.08,4.16,0.92,0.0,766.0,399,366,1,52,48,0,342.0,0.07,7.7e-05,31925.0,,,,
2923,8000,15924,1.7978,0.0106,3.5023,4.915,0.0118,0.08,4.72,0.92,0.0,851.0,454,395,2,53,46,0,308.0,0.05,7.7e-05,31949.0,,,,
2924,8000,15940,1.7723,0.0042,3.4638,4.909,0.0101,0.08,4.34,0.93,0.0,839.0,391,445,3,47,53,0,312.0,0.06,7.7e-05,31979.0,,,,
2925,8000,15957,1.7513,-0.0232,3.476,4.847,0.0114,0.09,4.59,0.92,0.0,909.0,469,440,0,52,48,0,288.0,0.06,7.7e-05,31977.0,,,,
2926,8000,15973,1.7826,-0.0173,3.5262,4.783,0.0106,0.08,4.21,0.92,0.0,1033.0,522,510,1,51,49,0,254.0,0.06,7.7e-05,31965.0,,,,
2927,8000,15990,1.7895,0.0015,3.5019,4.724,0.0113,0.08,4.77,0.92,0.0,1009.0,507,502,0,50,50,0,260.0,0.04,7.7e-05,31988.0,,,,
2928,8000,16006,1.7722,-0.0029,3.4766,4.772,0.0116,0.08,4.17,0.92,0.0,1065.0,543,521,1,51,49,0,246.0,0.02,7.7e-05,32019.0,,,,
2929,8000,16022,1.7632,-0.0198,3.4915,4.687,0.0108,0.08,4.91,0.92,0.0,1082.0,499,583,0,46,54,0,242.0,0.02,7.7e-05,32008.0,,,,
2930,8000,16039,1.7848,0.0015,3.492,4.707,0.0131,0.08,4.52,0.92,0.0,1033.0,513,520,0,50,50,0,254.0,0.02,7.7e-05,31975.0,,,,
2931,8000,16055,1.7591,-0.0182,3.4797,4.666,0.0117,0.08,4.85,0.93,0.0,985.0,537,448,0,55,45,0,266.0,0.03,7.7e-05,32019.0,,,,
2932,8000,16072,1.7635,-0.0163,3.4836,4.593,0.011,0.08,4.9,0.92,0.0,997.0,531,466,0,53,47,0,263.0,0.02,7.7e-05,31984.0,,,,
2933,8000,16088,1.7245,-0.018,3.4107,4.778,0.0115,0.07,6.66,0.93,0.0,938.0,516,421,1,55,45,0,279.0,0.03,7.7e-05,31982.0,,,,
2934,8000,16105,1.7574,0.0212,3.398,4.77,0.0111,0.08,4.17,0.93,0.0,883.0,467,416,0,53,47,0,297.0,0.03,7.7e-05,31969.0,,,,
2935,8000,16121,1.7401,0.0111,3.3843,4.872,0.0112,0.07,5.62,0.93,0.0,801.0,402,398,1,50,50,0,327.0,0.04,7.7e-05,31964.0,,,,
2936,8000,16138,1.7092,-0.0051,3.355,4.889,0.011,0.07,5.23,0.93,0.0,770.0,378,389,3,49,51,0,340.0,0.04,7.7e-05,31979.0,,,,
2937,8000,16154,1.6989,-0.0016,3.3269,4.808,0.0106,0.08,4.6,0.94,0.0,754.0,383,370,1,51,49,0,348.0,0.04,7.7e-05,31981.0,,,,
2938,8000,16171,1.7299,0.012,3.362,4.86,0.0098,0.07,6.02,0.94,0.0,766.0,414,351,1,54,46,0,342.0,0.04,7.7e-05,31972.0,,,,
2939,8000,16187,1.7337,0.0159,3.3626,4.964,0.0117,0.07,5.17,0.94,0.0,741.0,399,340,2,54,46,0,354.0,0.06,7.7e-05,31979.0,,,,
2940,8000,16204,1.7143,0.0057,3.3435,4.914,0.0098,0.07,5.7,0.94,0.0,723.0,387,335,1,54,46,0,363.0,0.07,7.7e-05,31968.0,,,,
2941,8000,16221,1.7598,-0.0074,3.4622,5.02,0.01,0.07,6.26,0.92,0.0,776.0,396,379,1,51,49,0,338.0,0.09,7.6e-05,30817.0,,,,
2942,8000,16237,1.7105,0.0214,3.3075,5.151,0.0124,0.08,4.02,0.93,0.0,648.0,315,330,3,49,51,0,405.0,0.08,7.6e-05,31998.0,,,,
2943,8000,16254,1.6991,0.0207,3.2858,5.121,0.0098,0.07,4.62,0.93,0.0,679.0,290,386,3,43,57,0,386.0,0.06,7.6e-05,31993.0,,,,
2944,8000,16270,1.7049,0.0304,3.2777,5.092,0.0102,0.08,3.92,0.93,0.0,668.0,293,372,3,44,56,0,392.0,0.06,7.6e-05,32004.0,,,,
2945,8000,16286,1.702,0.016,3.3004,5.073,0.0106,0.08,3.41,0.92,0.0,697.0,326,368,3,47,53,0,376.0,0.04,7.6e-05,31994.0,,,,
2946,8000,16303,1.7052,0.022,3.295,5.088,0.01,0.07,4.95,0.92,0.0,649.0,322,326,1,50,50,0,404.0,0.02,7.6e-05,31949.0,,,,
2947,8000,16319,1.7085,0.021,3.3033,5.066,0.0099,0.07,4.23,0.92,0.0,692.0,337,354,1,49,51,0,379.0,0.02,7.6e-05,31949.0,,,,
2948,8000,16336,1.6714,0.0084,3.2543,5.051,0.0084,0.07,4.8,0.93,0.0,638.0,324,312,2,51,49,0,411.0,0.02,7.6e-05,31949.0,,,,
2949,8000,16352,1.7169,0.0211,3.32,5.065,0.0092,0.07,5.6,0.93,0.0,658.0,321,337,0,49,51,0,398.0,0.03,7.6e-05,32006.0,107,4,401,21
2950,8000,16384,1.6679,0.015,3.2349,5.107,0.0096,0.07,4.44,0.93,0.0,612.0,303,308,1,50,50,0,428.0,0.02,7.6e-05,32089.0,,,,
2951,8000,16400,1.6777,0.0047,3.2747,5.114,0.008,0.06,5.49,0.93,0.0,616.0,303,313,0,49,51,0,426.0,0.03,7.6e-05,31940.0,,,,
2952,8000,16417,1.6665,-0.0027,3.2671,5.119,0.0093,0.07,5.6,0.93,0.0,577.0,293,283,1,51,49,0,454.0,0.02,7.6e-05,31945.0,,,,
2953,8000,16433,1.6507,0.0146,3.2008,5.125,0.0083,0.07,3.97,0.94,0.0,554.0,278,273,3,50,49,1,473.0,0.03,7.6e-05,31947.0,,,,
2954,8000,16450,1.668,0.0133,3.2375,5.063,0.0084,0.07,5.45,0.93,0.0,565.0,290,275,0,51,49,0,464.0,0.04,7.6e-05,31943.0,,,,
2955,8000,16466,1.6388,0.0138,3.1785,5.11,0.0104,0.07,3.63,0.93,0.0,577.0,310,263,4,54,46,1,454.0,0.05,7.6e-05,31961.0,,,,
2956,8000,16483,1.6386,0.0021,3.2014,5.114,0.0089,0.07,4.98,0.94,0.0,582.0,305,273,4,52,47,1,450.0,0.04,7.6e-05,31965.0,,,,
2957,8000,16499,1.6414,0.0052,3.201,5.088,0.0109,0.08,3.78,0.94,0.0,597.0,314,278,5,53,47,1,439.0,0.03,7.6e-05,31954.0,,,,
2958,8000,16516,1.6485,0.0084,3.208,5.032,0.0111,0.07,4.95,0.95,0.0,608.0,333,272,3,55,45,0,431.0,0.03,7.6e-05,31955.0,,,,
2959,8000,16532,1.6688,0.0146,3.2367,5.055,0.0102,0.07,6.16,0.94,0.0,585.0,333,249,3,57,43,1,448.0,0.03,7.6e-05,31998.0,,,,
2960,8000,16549,1.6477,0.0203,3.1834,5.1,0.0099,0.07,4.02,0.95,0.0,594.0,326,267,1,55,45,0,441.0,0.03,7.6e-05,31982.0,,,,
2961,8000,16566,1.7223,0.0299,3.3124,4.939,0.0114,0.08,4.53,0.93,0.0,645.0,350,293,2,54,45,0,406.0,0.03,7.6e-05,30824.0,,,,
2962,8000,16582,1.7274,0.0201,3.3422,4.922,0.0098,0.07,5.45,0.92,0.0,632.0,333,297,2,53,47,0,415.0,0.05,7.6e-05,31957.0,,,,
2963,8000,16599,1.746,0.0114,3.3954,4.756,0.0116,0.08,3.95,0.91,0.0,734.0,370,362,2,50,49,0,357.0,0.07,7.6e-05,31988.0,,,,
2964,8000,16615,1.7545,0.0247,3.385,4.732,0.0112,0.09,4.08,0.91,0.0,687.0,314,373,0,46,54,0,382.0,0.06,7.6e-05,31978.0,,,,
2965,8000,16632,1.7294,0.022,3.3405,4.783,0.0109,0.08,4.46,0.92,0.0,681.0,325,352,4,48,52,1,385.0,0.06,7.6e-05,31958.0,,,,
2966,8000,16648,1.7174,0.0143,3.3319,4.795,0.0098,0.08,5.91,0.92,0.0,719.0,358,359,2,50,50,0,365.0,0.04,7.6e-05,31991.0,,,,
2967,8000,16664,1.6805,0.0135,3.2598,4.848,0.0097,0.08,3.68,0.92,0.0,693.0,359,331,3,52,48,0,378.0,0.05,7.6e-05,32021.0,,,,
2968,8000,16681,1.705,0.012,3.3122,4.876,0.008,0.07,6.98,0.92,0.0,675.0,334,338,3,49,50,0,388.0,0.05,7.6e-05,31976.0,,,,
2969,8000,16697,1.7031,0.0166,3.2987,4.802,0.012,0.08,4.29,0.92,0.0,714.0,362,349,3,51,49,0,367.0,0.06,7.6e-05,31963.0,,,,
2970,8000,16714,1.7266,0.0046,3.3687,4.694,0.0104,0.08,4.25,0.91,0.0,792.0,366,423,3,46,53,0,331.0,0.04,7.6e-05,31953.0,,,,
2971,8000,16730,1.7123,0.0107,3.3281,4.753,0.0093,0.07,5.9,0.92,0.0,786.0,384,401,1,49,51,0,334.0,0.05,7.6e-05,31988.0,,,,
2972,8000,16747,1.7192,0.0169,3.329,4.676,0.0107,0.08,4.54,0.92,0.0,753.0,350,402,1,46,53,0,348.0,0.03,7.6e-05,31956.0,,,,
2973,8000,16763,1.7384,0.0238,3.3539,4.699,0.0079,0.07,6.15,0.93,0.0,751.0,326,425,0,43,57,0,349.0,0.03,7.6e-05,31957.0,,,,
2974,8000,16780,1.6826,0.0176,3.2555,4.797,0.0093,0.07,5.34,0.94,0.0,618.0,303,314,1,49,51,0,424.0,0.03,7.6e-05,31944.0,,,,
2975,8000,16796,1.6842,0.0254,3.243,4.792,0.0097,0.08,4.94,0.94,0.0,651.0,316,333,2,49,51,0,403.0,0.04,7.6e-05,31971.0,,,,
2976,8000,16813,1.6836,0.0179,3.257,4.752,0.0071,0.06,7.02,0.94,0.0,699.0,321,373,5,46,53,1,375.0,0.04,7.6e-05,31949.0,,,,
2977,8000,16829,1.6751,0.021,3.2345,4.813,0.009,0.07,5.69,0.94,0.0,631.0,289,337,5,46,53,1,415.0,0.05,7.5e-05,32016.0,,,,
2978,8000,16846,1.6786,0.024,3.2355,4.835,0.0079,0.06,9.42,0.94,0.0,593.0,283,299,11,48,50,2,442.0,0.05,7.5e-05,31963.0,,,,
2979,8000,16862,1.6531,0.0344,3.1653,4.925,0.0111,0.07,6.02,0.93,0.0,600.0,273,312,15,46,52,2,437.0,0.03,7.5e-05,32021.0,,,,
2980,8000,16879,1.6435,0.0169,3.1818,4.987,0.0102,0.07,6.41,0.93,0.0,563.0,251,295,17,45,52,3,466.0,0.05,7.5e-05,32006.0,,,,
2981,8000,16896,1.6912,0.0141,3.2825,4.983,0.0134,0.08,4.94,0.92,0.0,633.0,303,314,16,48,50,3,414.0,0.06,7.5e-05,30776.0,,,,
2982,8000,16912,1.7077,0.0157,3.3119,4.918,0.0124,0.09,4.66,0.91,0.0,647.0,327,297,23,51,46,4,405.0,0.05,7.5e-05,31955.0,,,,
2983,8000,16929,1.6813,0.0206,3.2482,4.912,0.0134,0.09,4.18,0.93,0.0,645.0,358,269,18,56,42,3,406.0,0.05,7.5e-05,31977.0,,,,
2984,8000,16945,1.7475,0.0337,3.3535,4.748,0.0143,0.09,6.09,0.92,0.0,747.0,367,355,25,49,48,3,351.0,0.02,7.5e-05,31951.0,,,,
2985,8000,16962,1.7076,0.0206,3.3003,4.867,0.0122,0.08,4.67,0.93,0.0,708.0,374,316,18,53,45,3,370.0,0.02,7.5e-05,32008.0,,,,
2986,8000,16978,1.6903,0.0126,3.2816,4.881,0.0101,0.08,7.28,0.92,0.0,664.0,340,315,9,51,47,1,395.0,0.03,7.5e-05,31951.0,,,,
2987,8000,16995,1.651,0.0188,3.1915,4.973,0.0095,0.07,4.51,0.93,0.0,624.0,306,312,6,49,50,1,420.0,0.03,7.5e-05,31949.0,,,,
2988,8000,17011,1.638,0.0237,3.1564,5.019,0.0123,0.08,4.55,0.92,0.0,580.0,260,309,11,45,53,2,452.0,0.05,7.5e-05,31964.0,,,,
2989,8000,17027,1.6657,0.0267,3.2054,4.919,0.0099,0.07,5.05,0.93,0.0,620.0,290,314,16,47,51,3,423.0,0.05,7.5e-05,31948.0,,,,
2990,8000,17044,1.6692,0.0226,3.22,4.908,0.011,0.07,5.93,0.94,0.0,649.0,340,297,12,52,46,2,404.0,0.04,7.5e-05,31950.0,,,,
2991,8000,17060,1.6322,0.017,3.1593,4.994,0.0093,0.07,4.97,0.95,0.0,585.0,307,258,20,52,44,3,448.0,0.04,7.5e-05,31993.0,,,,
2992,8000,17077,1.6502,0.0157,3.197,4.968,0.0111,0.08,5.96,0.94,0.0,633.0,312,296,25,49,47,4,414.0,0.05,7.5e-05,31911.0,,,,
2993,8000,17093,1.627,0.0192,3.1441,5.005,0.0096,0.07,7.13,0.95,0.0,566.0,263,282,21,46,50,4,463.0,0.06,7.5e-05,31910.0,,,,
2994,8000,17110,1.6939,0.0289,3.2589,4.886,0.0088,0.07,8.17,0.94,0.0,629.0,287,298,44,46,47,7,417.0,0.07,7.5e-05,31944.0,,,,
2995,8000,17126,1.7018,0.0299,3.2709,4.789,0.0159,0.09,6.17,0.94,0.0,656.0,297,330,29,45,50,4,400.0,0.05,7.5e-05,31986.0,,,,
2996,8000,17143,1.7293,0.0317,3.3226,4.809,0.0098,0.07,7.94,0.94,0.0,694.0,315,354,25,45,51,4,378.0,0.04,7.5e-05,31956.0,,,,
2997,8000,17159,1.6736,0.0174,3.2393,4.936,0.0103,0.07,7.12,0.95,0.0,620.0,302,303,15,49,49,2,423.0,0.04,7.5e-05,31982.0,,,,
2998,8000,17176,1.6454,0.0216,3.1752,5.028,0.0089,0.06,8.25,0.94,0.0,599.0,282,309,8,47,52,1,438.0,0.03,7.5e-05,31954.0,,,,
2999,8000,17192,1.6344,0.026,3.1446,5.042,0.0116,0.07,7.68,0.95,0.0,533.0,250,267,16,47,50,3,492.0,0.02,7.5e-05,31965.0,214,1,297,42
3000,8000,17224,1.6397,0.017,3.1734,5.091,0.0084,0.06,6.91,0.94,0.0,514.0,252,246,16,49,48,3,510.0,0.02,7.5e-05,32096.0,,,,
3001,8000,17241,1.6516,0.0231,3.1863,5.263,0.0088,0.06,16.18,0.93,0.0,474.0,235,214,25,50,45,5,553.0,0.01,7.5e-05,30775.0,,,,
3002,8000,17258,1.6132,0.0331,3.0901,5.254,0.0147,0.08,5.09,0.93,0.0,485.0,259,192,34,53,40,7,541.0,0.02,7.5e-05,31950.0,,,,
3003,8000,17274,1.5861,0.0217,3.0594,5.322,0.0111,0.07,5.37,0.93,0.0,464.0,230,206,28,50,44,6,565.0,0.03,7.5e-05,31946.0,,,,
3004,8000,17291,1.5737,0.0207,3.0357,5.233,0.0096,0.06,5.84,0.94,0.0,451.0,222,190,39,49,42,9,581.0,0.03,7.5e-05,31939.0,,,,
3005,8000,17307,1.5769,0.0308,3.0242,5.338,0.0119,0.07,6.14,0.94,0.0,441.0,234,166,41,53,38,9,594.0,0.03,7.5e-05,31940.0,,,,
3006,8000,17323,1.6244,0.0182,3.1416,5.123,0.0089,0.06,9.16,0.94,0.0,474.0,249,183,42,53,39,9,553.0,0.03,7.5e-05,32001.0,,,,
3007,8000,17340,1.6227,0.0256,3.1231,5.097,0.013,0.07,7.61,0.94,0.0,482.0,249,203,30,52,42,6,544.0,0.03,7.5e-05,31932.0,,,,
3008,8000,17356,1.6186,0.0288,3.1091,5.123,0.0119,0.08,5.27,0.94,0.0,513.0,262,214,37,51,42,7,511.0,0.04,7.5e-05,31925.0,,,,
3009,8000,17373,1.5783,0.0313,3.0253,5.248,0.0135,0.07,5.51,0.95,0.0,446.0,222,191,33,50,43,7,588.0,0.04,7.5e-05,31952.0,,,,
3010,8000,17389,1.5448,0.0285,2.9656,5.302,0.0095,0.06,4.35,0.95,0.0,452.0,209,180,63,46,40,14,580.0,0.04,7.5e-05,31935.0,,,,
3011,8000,17406,1.5878,0.0265,3.0538,5.207,0.011,0.07,6.54,0.94,0.0,456.0,233,189,34,51,41,7,575.0,0.03,7.5e-05,32001.0,,,,
3012,8000,17422,1.5791,0.0248,3.042,5.216,0.012,0.07,4.21,0.94,0.0,499.0,228,201,70,46,40,14,525.0,0.04,7.5e-05,31936.0,,,,
3013,8000,17439,1.5969,0.0325,3.0619,5.189,0.0112,0.07,4.7,0.94,0.0,519.0,257,214,48,50,41,9,505.0,0.03,7.4e-05,31982.0,,,,
3014,8000,17455,1.6135,0.0206,3.1173,5.151,0.0104,0.07,5.78,0.95,0.0,529.0,249,240,40,47,45,8,496.0,0.04,7.4e-05,31992.0,,,,
3015,8000,17472,1.6067,0.0251,3.0937,5.162,0.0103,0.07,4.84,0.94,0.0,529.0,255,240,34,48,45,6,496.0,0.04,7.4e-05,31967.0,,,,
3016,8000,17488,1.6452,0.0231,3.174,5.06,0.0105,0.07,5.86,0.94,0.0,558.0,281,253,24,50,45,4,470.0,0.05,7.4e-05,31970.0,,,,
3017,8000,17505,1.6698,0.0272,3.2132,4.971,0.0114,0.07,5.12,0.94,0.0,578.0,278,286,14,48,49,2,454.0,0.07,7.4e-05,31927.0,,,,
3018,8000,17521,1.6329,0.0292,3.1367,5.143,0.0098,0.07,5.31,0.95,0.0,525.0,258,256,11,49,49,2,499.0,0.07,7.4e-05,31950.0,,,,
3019,8000,17538,1.6188,0.032,3.1022,5.136,0.009,0.07,5.07,0.94,0.0,485.0,227,244,14,47,50,3,541.0,0.09,7.4e-05,32006.0,,,,
3020,8000,17554,1.609,0.0299,3.0869,5.132,0.0099,0.08,4.56,0.95,0.0,474.0,255,205,14,54,43,3,553.0,0.09,7.4e-05,31943.0,,,,
3021,8000,17571,1.63,0.022,3.1443,5.062,0.0098,0.07,4.29,0.93,0.0,478.0,241,220,17,50,46,4,548.0,0.08,7.4e-05,30794.0,,,,
3022,8000,17588,1.5836,0.0161,3.0643,5.12,0.0085,0.06,5.5,0.93,0.0,430.0,200,211,19,47,49,4,610.0,0.05,7.4e-05,32015.0,,,,
3023,8000,17604,1.5237,0.0154,2.9466,5.236,0.0089,0.07,4.48,0.94,0.0,329.0,162,153,14,49,47,4,797.0,0.04,7.4e-05,32025.0,,,,
3024,8000,17621,1.6105,0.024,3.1013,5.075,0.0093,0.07,5.83,0.93,0.0,433.0,210,208,15,48,48,3,605.0,0.05,7.4e-05,32030.0,,,,
3025,8000,17637,1.6397,0.0356,3.1356,5.028,0.0105,0.07,5.33,0.93,0.0,486.0,240,240,6,49,49,1,539.0,0.04,7.4e-05,31992.0,,,,
3026,8000,17654,1.6255,0.0265,3.1257,5.045,0.0127,0.08,4.05,0.93,0.0,491.0,227,256,8,46,52,2,534.0,0.05,7.4e-05,31988.0,,,,
3027,8000,17670,1.5842,0.0143,3.0687,5.209,0.0101,0.07,7.4,0.94,0.0,431.0,182,241,8,42,56,2,608.0,0.06,7.4e-05,31924.0,,,,
3028,8000,17686,1.5826,0.0245,3.045,5.172,0.0107,0.07,4.31,0.94,0.0,452.0,182,256,14,40,57,3,580.0,0.06,7.4e-05,31956.0,,,,
3029,8000,17703,1.5809,0.0181,3.0547,5.194,0.0093,0.07,5.47,0.94,0.0,415.0,162,243,10,39,59,2,632.0,0.06,7.4e-05,31944.0,,,,
3030,8000,17719,1.5958,0.0205,3.0807,5.198,0.0097,0.06,6.35,0.94,0.0,406.0,180,208,18,44,51,4,646.0,0.06,7.4e-05,31980.0,,,,
3031,8000,17736,1.5932,0.0266,3.0635,5.207,0.0078,0.06,6.33,0.94,0.0,401.0,187,192,22,47,48,5,654.0,0.05,7.4e-05,32015.0,,,,
3032,8000,17752,1.5754,0.0162,3.0489,5.184,0.008,0.06,7.34,0.95,0.0,380.0,174,186,20,46,49,5,690.0,0.06,7.4e-05,31954.0,,,,
3033,8000,17769,1.5777,0.0211,3.0433,5.272,0.0085,0.06,7.37,0.95,0.0,377.0,157,209,11,42,55,3,695.0,0.08,7.4e-05,31947.0,,,,
3034,8000,17785,1.5903,0.0229,3.065,5.164,0.009,0.07,5.91,0.95,0.0,421.0,196,206,19,47,49,5,623.0,0.1,7.4e-05,31957.0,,,,
3035,8000,17802,1.6153,0.0164,3.1278,5.074,0.0118,0.08,4.83,0.95,0.0,501.0,208,258,35,42,51,7,523.0,0.1,7.4e-05,32021.0,,,,
3036,8000,17818,1.6149,0.0193,3.1201,5.12,0.0103,0.07,6.24,0.95,0.0,478.0,220,234,24,46,49,5,548.0,0.06,7.4e-05,31941.0,,,,
3037,8000,17835,1.5761,0.0205,3.0397,5.142,0.0105,0.07,6.25,0.96,0.0,470.0,225,235,10,48,50,2,558.0,0.08,7.4e-05,31999.0,,,,
3038,8000,17851,1.6069,0.0214,3.1004,5.127,0.0101,0.07,5.36,0.95,0.0,488.0,241,239,8,49,49,2,537.0,0.07,7.4e-05,31990.0,,,,
3039,8000,17868,1.6236,0.0271,3.1237,5.143,0.0092,0.06,7.5,0.96,0.0,452.0,232,204,16,51,45,4,580.0,0.05,7.4e-05,31944.0,,,,
3040,8000,17884,1.599,0.0293,3.0709,5.23,0.0106,0.07,5.57,0.96,0.0,474.0,225,234,15,47,49,3,553.0,0.05,7.4e-05,31946.0,,,,
3041,8000,17901,1.6907,0.0346,3.2408,5.082,0.0102,0.08,8.04,0.94,0.0,578.0,294,273,11,51,47,2,454.0,0.04,7.4e-05,30811.0,,,,
3042,8000,17918,1.7065,0.0303,3.2816,5.076,0.0104,0.08,6.27,0.93,0.0,605.0,322,268,15,53,44,2,433.0,0.07,7.4e-05,31971.0,,,,
3043,8000,17934,1.7354,0.0259,3.3484,5.042,0.0105,0.08,5.89,0.93,0.0,627.0,330,288,9,53,46,1,418.0,0.12,7.4e-05,31912.0,,,,
3044,8000,17951,1.6454,0.0156,3.1893,5.104,0.0106,0.07,5.98,0.95,0.0,568.0,323,237,8,57,42,1,462.0,0.16,7.4e-05,31933.0,,,,
3045,8000,17967,1.6471,0.0193,3.1832,5.046,0.0106,0.07,5.9,0.95,0.0,578.0,315,256,7,54,44,1,454.0,0.11,7.4e-05,31903.0,,,,
3046,8000,17984,1.666,0.0136,3.2321,4.97,0.0118,0.08,5.93,0.94,0.0,619.0,340,273,6,55,44,1,423.0,0.07,7.4e-05,31965.0,,,,
3047,8000,18000,1.6758,0.0139,3.2519,5.02,0.0088,0.07,5.81,0.93,0.0,651.0,361,284,6,55,44,1,403.0,0.07,7.4e-05,31961.0,,,,
3048,8000,18016,1.6702,0.0227,3.223,5.02,0.013,0.08,5.81,0.93,0.0,599.0,339,249,11,57,42,2,438.0,0.08,7.4e-05,31892.0,,,,
3049,8000,18033,1.6677,0.0193,3.2245,5.004,0.0095,0.07,6.33,0.93,0.0,609.0,350,247,12,57,41,2,430.0,0.11,7.4e-05,31924.0,252,1,259,49
3050,8000,18065,1.6408,0.0292,3.1506,5.015,0.0098,0.07,5.53,0.93,0.0,522.0,283,224,15,54,43,3,502.0,0.12,7.3e-05,32131.0,,,,
3051,8000,18081,1.6081,0.0145,3.1164,5.087,0.009,0.07,4.65,0.94,0.0,474.0,247,202,25,52,43,5,553.0,0.08,7.3e-05,31903.0,,,,
3052,8000,18097,1.6177,0.0176,3.1308,5.239,0.0066,0.05,10.85,0.95,0.0,462.0,243,196,23,53,42,5,567.0,0.06,7.3e-05,31914.0,,,,
3053,8000,18114,1.5716,0.0166,3.0422,5.305,0.0094,0.06,5.9,0.95,0.0,457.0,226,207,24,49,45,5,574.0,0.04,7.3e-05,31935.0,,,,
3054,8000,18130,1.6453,0.0209,3.1791,5.167,0.0085,0.05,15.58,0.95,0.0,473.0,228,223,22,48,47,5,554.0,0.05,7.3e-05,31931.0,,,,
3055,8000,18147,1.611,0.0195,3.1149,5.106,0.0105,0.07,6.0,0.95,0.0,512.0,220,243,49,43,47,10,512.0,0.04,7.3e-05,31925.0,,,,
3056,8000,18163,1.6276,0.0119,3.1617,5.085,0.0117,0.07,4.16,0.95,0.0,606.0,274,299,33,45,49,5,433.0,0.02,7.3e-05,31914.0,,,,
3057,8000,18180,1.645,0.0048,3.2075,5.067,0.0088,0.06,9.98,0.95,0.0,623.0,278,327,18,45,52,3,421.0,0.02,7.3e-05,31938.0,,,,
3058,8000,18196,1.7133,0.0233,3.3053,4.803,0.0125,0.08,5.41,0.94,0.0,708.0,329,365,14,46,52,2,370.0,0.03,7.3e-05,31905.0,,,,
3059,8000,18213,1.7169,0.0158,3.3275,4.816,0.0108,0.07,16.2,0.94,0.0,648.0,309,331,8,48,51,1,405.0,0.03,7.3e-05,31904.0,,,,
3060,8000,18229,1.7257,0.0155,3.3452,4.72,0.0111,0.08,8.54,0.93,0.0,732.0,326,386,20,45,53,3,358.0,0.02,7.3e-05,31912.0,,,,
3061,8000,18246,1.7828,0.0131,3.4631,4.562,0.0125,0.08,4.92,0.92,0.0,825.0,408,404,13,49,49,2,318.0,0.03,7.3e-05,30838.0,,,,
3062,8000,18263,1.7188,0.0182,3.3258,4.698,0.0103,0.07,11.28,0.94,0.0,688.0,351,323,14,51,47,2,381.0,0.04,7.3e-05,32029.0,,,,
3063,8000,18279,1.6704,0.0235,3.2184,4.753,0.0095,0.07,7.74,0.94,0.0,608.0,323,275,10,53,45,2,431.0,0.06,7.3e-05,31986.0,,,,
3064,8000,18296,1.6838,0.0238,3.2449,4.779,0.0078,0.06,12.12,0.93,0.0,547.0,288,245,14,53,45,3,479.0,0.07,7.3e-05,31986.0,,,,
3065,8000,18312,1.6865,0.027,3.2465,4.717,0.0116,0.08,5.06,0.93,0.0,637.0,292,300,45,46,47,7,412.0,0.1,7.3e-05,31978.0,,,,
3066,8000,18329,1.7128,0.0262,3.3019,4.692,0.0115,0.08,5.45,0.93,0.0,700.0,338,300,62,48,43,9,374.0,0.09,7.3e-05,31982.0,,,,
3067,8000,18345,1.7265,0.0183,3.3433,4.666,0.0105,0.08,4.65,0.93,0.0,766.0,423,303,40,55,40,5,342.0,0.07,7.3e-05,31972.0,,,,
3068,8000,18362,1.7579,0.0248,3.3912,4.639,0.0105,0.07,7.13,0.93,0.0,761.0,392,348,21,52,46,3,344.0,0.05,7.3e-05,32037.0,,,,
3069,8000,18378,1.7485,0.0123,3.3961,4.554,0.0092,0.07,11.73,0.94,0.0,751.0,388,342,21,52,46,3,349.0,0.05,7.3e-05,31994.0,,,,
3070,8000,18394,1.7177,0.0136,3.3318,4.541,0.0106,0.08,5.2,0.93,0.0,719.0,363,324,32,50,45,4,365.0,0.04,7.3e-05,31974.0,,,,
3071,8000,18411,1.7742,0.0142,3.4439,4.549,0.0095,0.07,14.94,0.93,0.0,734.0,348,356,30,47,49,4,357.0,0.04,7.3e-05,32006.0,,,,
3072,8000,18427,1.7309,0.0305,3.3251,4.633,0.0132,0.08,5.48,0.93,0.0,738.0,378,338,22,51,46,3,355.0,0.03,7.3e-05,31968.0,,,,
3073,8000,18444,1.7459,0.0273,3.3604,4.557,0.0093,0.07,9.16,0.93,0.0,707.0,355,322,30,50,46,4,371.0,0.02,7.3e-05,31995.0,,,,
3074,8000,18460,1.7334,0.022,3.3467,4.591,0.0113,0.08,7.1,0.93,0.0,759.0,381,352,26,50,46,3,345.0,0.03,7.3e-05,31994.0,,,,
3075,8000,18477,1.757,0.0251,3.3875,4.569,0.0123,0.08,5.21,0.93,0.0,777.0,406,350,21,52,45,3,337.0,0.04,7.3e-05,31990.0,,,,
3076,8000,18493,1.7739,0.024,3.4238,4.594,0.0106,0.08,6.46,0.92,0.0,779.0,383,381,15,49,49,2,337.0,0.04,7.3e-05,31961.0,,,,
3077,8000,18510,1.7263,0.0164,3.344,4.684,0.0104,0.08,6.07,0.93,0.0,706.0,360,337,9,51,48,1,371.0,0.03,7.3e-05,31975.0,,,,
3078,8000,18526,1.7021,0.0149,3.2994,4.773,0.0084,0.06,14.19,0.93,0.0,529.0,243,271,15,46,51,3,496.0,0.04,7.3e-05,31971.0,,,,
3079,8000,18543,1.6078,0.0062,3.1288,4.837,0.0079,0.06,12.27,0.94,0.0,460.0,223,218,19,48,47,4,570.0,0.03,7.3e-05,31980.0,,,,
3080,8000,18559,1.5575,0.0001,3.0426,4.948,0.0091,0.06,5.9,0.95,0.0,446.0,220,196,30,49,44,7,588.0,0.04,7.3e-05,31983.0,,,,
3081,8000,18576,1.5627,0.0116,3.0323,5.093,0.0091,0.07,5.31,0.93,0.0,492.0,228,201,63,46,41,13,533.0,0.02,7.3e-05,30824.0,,,,
3082,8000,18592,1.5453,0.0072,3.006,5.232,0.0078,0.06,15.05,0.94,0.0,358.0,179,136,43,50,38,12,732.0,0.03,7.3e-05,32027.0,,,,
3083,8000,18609,1.6212,0.0151,3.1402,4.921,0.0091,0.07,5.62,0.92,0.0,508.0,227,254,27,45,50,5,516.0,0.03,7.3e-05,31985.0,,,,
3084,8000,18625,1.6819,0.0296,3.2309,4.77,0.0107,0.09,4.09,0.91,0.0,596.0,306,279,11,51,47,2,440.0,0.04,7.3e-05,31976.0,,,,
3085,8000,18642,1.6454,0.0175,3.1836,4.92,0.0097,0.07,4.2,0.93,0.0,551.0,288,241,22,52,44,4,476.0,0.04,7.3e-05,31971.0,,,,
3086,8000,18658,1.6215,0.0135,3.1448,5.015,0.0126,0.08,3.83,0.94,0.0,531.0,265,248,18,50,47,3,494.0,0.03,7.3e-05,31973.0,,,,
3087,8000,18675,1.6908,0.019,3.271,4.89,0.0094,0.07,5.32,0.93,0.0,623.0,303,302,18,49,48,3,421.0,0.03,7.3e-05,31984.0,,,,
3088,8000,18691,1.7302,0.0147,3.3563,4.689,0.0089,0.07,5.03,0.92,0.0,721.0,363,347,11,50,48,2,364.0,0.03,7.2e-05,32026.0,,,,
3089,8000,18708,1.7015,0.0217,3.286,4.766,0.012,0.08,3.85,0.94,0.0,704.0,346,347,11,49,49,2,372.0,0.03,7.2e-05,32005.0,,,,
3090,8000,18724,1.7157,0.0266,3.3052,4.75,0.0099,0.07,7.65,0.93,0.0,666.0,337,314,15,51,47,2,394.0,0.02,7.2e-05,31970.0,,,,
3091,8000,18741,1.6987,0.0232,3.2768,4.786,0.0089,0.07,4.14,0.94,0.0,653.0,322,329,2,49,50,0,401.0,0.02,7.2e-05,32045.0,,,,
3092,8000,18757,1.7378,0.0284,3.3453,4.748,0.0085,0.07,7.58,0.94,0.0,697.0,326,365,6,47,52,1,376.0,0.02,7.2e-05,31970.0,,,,
3093,8000,18774,1.7511,0.0244,3.3789,4.606,0.0097,0.08,5.92,0.93,0.0,731.0,354,368,9,48,50,1,359.0,0.03,7.2e-05,31985.0,,,,
3094,8000,18790,1.7441,0.0273,3.3596,4.708,0.0097,0.08,4.12,0.93,0.0,720.0,387,326,7,54,45,1,364.0,0.03,7.2e-05,31981.0,,,,
3095,8000,18806,1.7402,0.022,3.3617,4.692,0.0101,0.08,4.76,0.93,0.0,770.0,386,376,8,50,49,1,340.0,0.02,7.2e-05,32036.0,,,,
3096,8000,18823,1.7107,0.0105,3.3263,4.741,0.0103,0.08,4.18,0.94,0.0,716.0,358,350,8,50,49,1,366.0,0.03,7.2e-05,32036.0,,,,
3097,8000,18839,1.7043,0.0047,3.3242,4.712,0.0083,0.07,10.15,0.94,0.0,720.0,359,354,7,50,49,1,364.0,0.03,7.2e-05,31995.0,,,,
3098,8000,18856,1.7353,-0.0053,3.4064,4.71,0.0073,0.06,11.49,0.94,0.0,766.0,376,378,12,49,49,2,342.0,0.03,7.2e-05,31996.0,,,,
3099,8000,18872,1.6857,0.0113,3.2747,4.835,0.0086,0.07,7.37,0.94,0.0,667.0,339,316,12,51,47,2,393.0,0.03,7.2e-05,32007.0,222,4,286,43
3100,8000,18904,1.6968,-0.0067,3.3328,4.789,0.0078,0.06,11.01,0.94,0.0,693.0,347,331,15,50,48,2,378.0,0.03,7.2e-05,32134.0,,,,
3101,8000,18921,1.69,0.0031,3.3008,4.905,0.0093,0.07,7.53,0.94,0.0,638.0,321,306,11,50,48,2,411.0,0.03,7.2e-05,30831.0,,,,
3102,8000,18937,1.6537,0.0066,3.2221,4.996,0.0112,0.07,5.29,0.94,0.0,552.0,273,268,11,49,49,2,475.0,0.04,7.2e-05,31986.0,,,,
3103,8000,18954,1.6445,0.0054,3.2082,5.094,0.0089,0.06,6.78,0.94,0.0,497.0,241,240,16,48,48,3,527.0,0.05,7.2e-05,31973.0,,,,
3104,8000,18970,1.668,0.0145,3.2359,5.043,0.0085,0.07,5.97,0.94,0.0,536.0,276,246,14,51,46,3,489.0,0.09,7.2e-05,31966.0,,,,
3105,8000,18987,1.6825,0.0118,3.2692,4.963,0.0114,0.08,3.84,0.93,0.0,645.0,356,268,21,55,42,3,406.0,0.09,7.2e-05,31922.0,,,,
3106,8000,19003,1.6658,0.008,3.2437,5.02,0.0112,0.08,5.07,0.94,0.0,587.0,306,258,23,52,44,4,447.0,0.1,7.2e-05,31918.0,,,,
3107,8000,19020,1.7005,0.0183,3.2917,4.958,0.0083,0.07,7.75,0.93,0.0,668.0,389,263,16,58,39,2,392.0,0.08,7.2e-05,31911.0,,,,
3108,8000,19036,1.7306,0.0062,3.3756,4.942,0.0071,0.06,8.61,0.93,0.0,616.0,377,233,6,61,38,1,426.0,0.08,7.2e-05,31965.0,,,,
3109,8000,19053,1.6897,0.0071,3.2918,4.838,0.0092,0.08,4.03,0.94,0.0,656.0,390,254,12,59,39,2,400.0,0.09,7.2e-05,31923.0,,,,
3110,8000,19069,1.7307,0.0146,3.3579,4.819,0.0098,0.08,5.65,0.93,0.0,677.0,372,299,6,55,44,1,387.0,0.09,7.2e-05,31993.0,,,,
3111,8000,19086,1.7065,0.0067,3.3255,4.806,0.01,0.08,4.28,0.94,0.0,647.0,385,248,14,60,38,2,405.0,0.08,7.2e-05,31923.0,,,,
3112,8000,19102,1.7068,-0.0044,3.3486,4.832,0.0091,0.07,6.89,0.94,0.0,648.0,356,279,13,55,43,2,405.0,0.1,7.2e-05,31917.0,,,,
3113,8000,19119,1.6765,0.0005,3.2785,4.869,0.0104,0.08,3.82,0.93,0.0,678.0,386,284,8,57,42,1,387.0,0.12,7.2e-05,31902.0,,,,
3114,8000,19135,1.6806,0.0007,3.2861,4.869,0.011,0.08,4.5,0.94,0.0,713.0,434,273,6,61,38,1,368.0,0.1,7.2e-05,31914.0,,,,
3115,8000,19152,1.6652,0.002,3.2531,4.92,0.0105,0.08,3.56,0.94,0.0,710.0,403,297,10,57,42,1,369.0,0.09,7.2e-05,31974.0,,,,
3116,8000,19168,1.6739,0.0041,3.2664,4.961,0.0092,0.07,3.67,0.94,0.0,696.0,386,304,6,55,44,1,377.0,0.08,7.2e-05,31917.0,,,,
3117,8000,19185,1.699,0.0124,3.299,4.824,0.0095,0.07,4.15,0.94,0.0,693.0,402,287,4,58,41,1,378.0,0.09,7.2e-05,31961.0,,,,
3118,8000,19201,1.6476,0.0157,3.1911,5.007,0.0098,0.07,4.84,0.95,0.0,586.0,303,274,9,52,47,2,447.0,0.06,7.2e-05,31906.0,,,,
3119,8000,19218,1.6331,0.0065,3.1806,5.02,0.01,0.07,4.01,0.95,0.0,567.0,301,262,4,53,46,1,462.0,0.07,7.2e-05,31984.0,,,,
3120,8000,19234,1.6345,0.0077,3.1813,5.06,0.0095,0.07,4.1,0.95,0.0,581.0,282,291,8,49,50,1,451.0,0.06,7.2e-05,31979.0,,,,
3121,8000,19251,1.6775,0.002,3.2788,5.003,0.0095,0.07,4.77,0.93,0.0,574.0,286,271,17,50,47,3,457.0,0.06,7.2e-05,30775.0,,,,
3122,8000,19268,1.7004,0.008,3.3125,4.965,0.0089,0.07,5.05,0.92,0.0,567.0,298,261,8,53,46,1,462.0,0.08,7.2e-05,31941.0,,,,
3123,8000,19284,1.6803,0.0011,3.2872,5.098,0.0067,0.06,4.33,0.92,0.0,537.0,304,226,7,57,42,1,488.0,0.06,7.2e-05,31922.0,,,,
3124,8000,19301,1.6649,0.0077,3.2432,5.065,0.01,0.07,4.57,0.92,0.0,585.0,309,260,16,53,44,3,448.0,0.07,7.2e-05,31913.0,,,,
3125,8000,19317,1.6611,-0.0028,3.2562,4.985,0.0098,0.07,3.65,0.92,0.0,586.0,327,246,13,56,42,2,447.0,0.08,7.2e-05,31894.0,,,,
3126,8000,19334,1.6098,0.0031,3.1423,5.142,0.0084,0.06,6.62,0.93,0.0,487.0,291,189,7,60,39,1,538.0,0.08,7.2e-05,31896.0,,,,
3127,8000,19350,1.5757,0.003,3.0751,5.198,0.0094,0.06,3.34,0.94,0.0,454.0,249,195,10,55,43,2,577.0,0.05,7.2e-05,31899.0,,,,
3128,8000,19367,1.5518,0.0019,3.0326,5.273,0.0084,0.06,3.06,0.94,0.0,460.0,257,177,26,56,38,6,570.0,0.06,7.1e-05,31919.0,,,,
3129,8000,19383,1.5616,-0.002,3.059,5.196,0.0093,0.06,4.04,0.94,0.0,464.0,243,195,26,52,42,6,565.0,0.04,7.1e-05,31976.0,,,,
3130,8000,19399,1.5788,-0.0073,3.1034,5.204,0.0071,0.05,4.53,0.94,0.0,526.0,283,217,26,54,41,5,498.0,0.05,7.1e-05,31942.0,,,,
3131,8000,19416,1.6038,0.009,3.1186,5.151,0.0099,0.06,4.49,0.94,0.0,512.0,299,200,13,58,39,3,512.0,0.05,7.1e-05,31917.0,,,,
3132,8000,19432,1.5566,0.005,3.0319,5.169,0.0083,0.05,5.73,0.94,0.0,434.0,255,168,11,59,39,3,604.0,0.04,7.1e-05,31899.0,,,,
3133,8000,19449,1.5786,0.0051,3.0766,5.163,0.0081,0.06,4.0,0.94,0.0,487.0,248,218,21,51,45,4,538.0,0.05,7.1e-05,31934.0,,,,
3134,8000,19465,1.5906,0.0104,3.0918,5.217,0.0106,0.07,8.88,0.94,0.0,472.0,245,200,27,52,42,6,555.0,0.05,7.1e-05,31914.0,,,,
3135,8000,19482,1.6474,0.0163,3.1902,4.958,0.0113,0.07,4.15,0.92,0.0,607.0,322,267,18,53,44,3,432.0,0.04,7.1e-05,31976.0,,,,
3136,8000,19498,1.6364,0.0141,3.1745,5.092,0.0099,0.07,4.98,0.92,0.0,624.0,314,293,17,50,47,3,420.0,0.03,7.1e-05,31943.0,,,,
3137,8000,19515,1.6358,0.0141,3.1724,5.039,0.0102,0.07,3.71,0.92,0.0,550.0,261,276,13,47,50,2,477.0,0.05,7.1e-05,31911.0,,,,
3138,8000,19531,1.6228,0.0204,3.1325,5.08,0.0106,0.07,3.96,0.92,0.0,533.0,293,228,12,55,43,2,492.0,0.04,7.1e-05,31954.0,,,,
3139,8000,19548,1.593,0.0199,3.0746,5.076,0.0094,0.07,4.56,0.94,0.0,506.0,279,208,19,55,41,4,518.0,0.03,7.1e-05,31910.0,,,,
3140,8000,19564,1.6056,0.0141,3.1126,5.073,0.0101,0.06,5.75,0.93,0.0,518.0,261,212,45,50,41,9,506.0,0.04,7.1e-05,31898.0,,,,
3141,8000,19581,1.6226,0.0186,3.1385,5.104,0.0106,0.06,4.64,0.92,0.0,536.0,274,219,43,51,41,8,489.0,0.03,7.1e-05,30770.0,,,,
3142,8000,19598,1.5832,0.017,3.0648,5.265,0.0106,0.06,5.4,0.93,0.0,440.0,180,216,44,41,49,10,596.0,0.03,7.1e-05,32004.0,,,,
3143,8000,19614,1.6094,0.024,3.1032,5.207,0.0096,0.06,4.07,0.93,0.0,486.0,223,231,32,46,48,7,539.0,0.03,7.1e-05,31983.0,,,,
3144,8000,19631,1.6304,0.0261,3.1374,4.985,0.0094,0.07,4.16,0.93,0.0,513.0,242,242,29,47,47,6,511.0,0.04,7.1e-05,31926.0,,,,
3145,8000,19647,1.6894,0.021,3.2633,4.867,0.0086,0.07,6.66,0.92,0.0,570.0,284,270,16,50,47,3,460.0,0.05,7.1e-05,31984.0,,,,
3146,8000,19664,1.6596,0.0273,3.1912,4.947,0.0091,0.07,4.1,0.92,0.0,544.0,259,276,9,48,51,2,482.0,0.05,7.1e-05,31938.0,,,,
3147,8000,19680,1.6868,0.0339,3.2318,4.882,0.0111,0.08,3.48,0.92,0.0,624.0,329,290,5,53,46,1,420.0,0.04,7.1e-05,31948.0,,,,
3148,8000,19697,1.6689,0.0202,3.223,4.886,0.0093,0.07,4.77,0.92,0.0,580.0,334,241,5,58,42,1,452.0,0.04,7.1e-05,31945.0,,,,
3149,8000,19713,1.6949,0.0163,3.2822,4.754,0.0093,0.07,8.21,0.93,0.0,622.0,346,270,6,56,43,1,421.0,0.04,7.1e-05,31978.0,270,6,236,53
3150,8000,19745,1.7295,0.0328,3.3178,4.694,0.0121,0.08,4.49,0.92,0.0,679.0,366,307,6,54,45,1,386.0,0.03,7.1e-05,32142.0,,,,
3151,8000,19761,1.6818,0.0257,3.237,4.777,0.0124,0.08,5.33,0.93,0.0,602.0,302,298,2,50,50,0,435.0,0.03,7.1e-05,31923.0,,,,
3152,8000,19778,1.659,0.0137,3.2156,4.8,0.0102,0.07,4.59,0.92,0.0,567.0,299,267,1,53,47,0,462.0,0.03,7.1e-05,31932.0,,,,
3153,8000,19794,1.6687,0.015,3.2322,4.773,0.0102,0.08,4.06,0.92,0.0,579.0,321,257,1,55,44,0,453.0,0.03,7.1e-05,31932.0,,,,
3154,8000,19811,1.6788,0.0158,3.2515,4.81,0.0091,0.07,4.27,0.92,0.0,581.0,304,275,2,52,47,0,451.0,0.02,7.1e-05,31976.0,,,,
3155,8000,19827,1.6837,0.0171,3.2592,4.856,0.009,0.07,6.03,0.93,0.0,577.0,308,260,9,53,45,2,454.0,0.03,7.1e-05,31984.0,,,,
3156,8000,19844,1.6834,0.0198,3.2534,4.834,0.0098,0.08,4.35,0.92,0.0,647.0,343,291,13,53,45,2,405.0,0.03,7.1e-05,31938.0,,,,
3157,8000,19860,1.6819,0.0289,3.2328,4.866,0.0109,0.08,3.87,0.92,0.0,610.0,310,285,15,51,47,2,430.0,0.04,7.1e-05,31939.0,,,,
3158,8000,19877,1.6698,0.0277,3.2103,4.883,0.0098,0.07,3.3,0.93,0.0,594.0,313,273,8,53,46,1,441.0,0.04,7.1e-05,31941.0,,,,
3159,8000,19893,1.6808,0.0205,3.2463,4.812,0.0096,0.08,4.49,0.92,0.0,593.0,301,284,8,51,48,1,442.0,0.05,7.1e-05,31994.0,,,,
3160,8000,19909,1.6419,0.0184,3.1735,4.918,0.0089,0.07,3.57,0.93,0.0,572.0,312,245,15,55,43,3,458.0,0.05,7.1e-05,31935.0,,,,
3161,8000,19927,1.7429,0.0363,3.3386,4.841,0.0124,0.08,4.37,0.92,0.0,673.0,355,305,13,53,45,2,390.0,0.06,7.1e-05,30799.0,,,,
3162,8000,19943,1.7505,0.0258,3.3739,4.719,0.0114,0.08,4.06,0.91,0.0,697.0,329,358,10,47,51,1,376.0,0.05,7.1e-05,31935.0,,,,
3163,8000,19960,1.7384,0.0284,3.3445,4.735,0.0111,0.08,4.97,0.91,0.0,700.0,390,304,6,56,43,1,374.0,0.04,7.1e-05,31984.0,,,,
3164,8000,19976,1.6742,0.0127,3.2478,4.78,0.01,0.07,5.6,0.92,0.0,589.0,320,260,9,54,44,2,445.0,0.04,7.1e-05,31942.0,,,,
3165,8000,19992,1.656,0.018,3.2015,4.825,0.0125,0.08,5.2,0.92,0.0,589.0,279,285,25,47,48,4,445.0,0.04,7.1e-05,31959.0,,,,
3166,8000,20009,1.6072,0.0198,3.1006,4.806,0.0088,0.07,5.36,0.93,0.0,515.0,253,230,32,49,45,6,509.0,0.04,7.1e-05,31935.0,,,,
3167,8000,20025,1.6757,0.0136,3.2478,4.678,0.0074,0.06,9.47,0.92,0.0,612.0,298,270,44,49,44,7,428.0,0.05,7.1e-05,31948.0,,,,
3168,8000,20042,1.6864,0.0281,3.2406,4.664,0.0087,0.07,8.35,0.92,0.0,607.0,302,271,34,50,45,6,432.0,0.06,7e-05,31935.0,,,,
3169,8000,20058,1.6679,0.011,3.2378,4.693,0.0065,0.06,11.33,0.92,0.0,547.0,274,251,22,50,46,4,479.0,0.06,7e-05,31941.0,,,,
3170,8000,20075,1.7015,0.0172,3.2921,4.61,0.0092,0.07,10.59,0.92,0.0,654.0,309,314,31,47,48,5,401.0,0.07,7e-05,31934.0,,,,
3171,8000,20091,1.726,0.0098,3.3559,4.569,0.0086,0.07,6.95,0.93,0.0,728.0,345,361,22,47,50,3,360.0,0.08,7e-05,31985.0,,,,
3172,8000,20108,1.6797,0.0157,3.2525,4.669,0.0131,0.09,4.85,0.93,0.0,688.0,331,341,16,48,50,2,381.0,0.07,7e-05,31997.0,,,,
3173,8000,20124,1.727,0.0214,3.335,4.585,0.0107,0.08,6.03,0.93,0.0,693.0,333,352,8,48,51,1,378.0,0.07,7e-05,31946.0,,,,
3174,8000,20141,1.7205,0.0269,3.3112,4.584,0.0091,0.08,5.56,0.93,0.0,721.0,374,333,14,52,46,2,364.0,0.06,7e-05,31936.0,,,,
3175,8000,20157,1.6775,0.0167,3.2453,4.59,0.0117,0.09,6.79,0.93,0.0,592.0,301,275,16,51,46,3,443.0,0.06,7e-05,31943.0,,,,
3176,8000,20174,1.6549,0.0192,3.1961,4.655,0.0111,0.08,7.89,0.93,0.0,579.0,281,275,23,49,47,4,453.0,0.07,7e-05,32013.0,,,,
3177,8000,20190,1.6501,0.0249,3.1752,4.724,0.0094,0.07,7.75,0.94,0.0,578.0,277,283,18,48,49,3,454.0,0.08,7e-05,31950.0,,,,
3178,8000,20207,1.6957,0.0217,3.2728,4.609,0.0095,0.08,9.85,0.93,0.0,635.0,302,310,23,48,49,4,413.0,0.07,7e-05,31942.0,,,,
3179,8000,20223,1.658,0.0209,3.1981,4.587,0.0102,0.08,8.26,0.94,0.0,574.0,293,259,22,51,45,4,457.0,0.07,7e-05,31938.0,,,,
3180,8000,20240,1.6384,0.0201,3.1625,4.776,0.0103,0.08,22.49,0.94,0.0,487.0,237,226,24,49,46,5,538.0,0.05,7e-05,31967.0,,,,
3181,8000,20257,1.6795,0.0273,3.2297,4.816,0.0076,0.06,12.71,0.92,0.0,484.0,237,233,14,49,48,3,542.0,0.04,7e-05,30833.0,,,,
3182,8000,20273,1.6504,0.0273,3.1732,4.891,0.0104,0.08,6.79,0.91,0.0,497.0,229,240,28,46,48,6,527.0,0.06,7e-05,31942.0,,,,
3183,8000,20290,1.6424,0.0217,3.1669,4.836,0.0101,0.07,7.25,0.91,0.0,488.0,215,243,30,44,50,6,537.0,0.05,7e-05,31958.0,,,,
3184,8000,20306,1.6197,0.0315,3.1039,4.884,0.0081,0.07,9.28,0.91,0.0,450.0,206,210,34,46,47,8,583.0,0.04,7e-05,31943.0,,,,
3185,8000,20323,1.6357,0.026,3.1462,5.017,0.0104,0.08,18.28,0.91,0.0,426.0,193,193,40,45,45,9,615.0,0.03,7e-05,32007.0,,,,
3186,8000,20339,1.559,0.0219,3.0009,5.01,0.0091,0.07,9.2,0.93,0.0,351.0,165,155,31,47,44,9,747.0,0.04,7e-05,31952.0,,,,
3187,8000,20356,1.5583,0.0261,2.9918,5.001,0.011,0.08,6.59,0.93,0.0,371.0,153,166,52,41,45,14,707.0,0.03,7e-05,31975.0,,,,
3188,8000,20372,1.5589,0.02,3.0055,5.0,0.0096,0.07,9.97,0.93,0.0,406.0,183,157,66,45,39,16,646.0,0.04,7e-05,31931.0,,,,
3189,8000,20389,1.5746,0.0227,3.0308,4.968,0.0125,0.08,6.15,0.92,0.0,444.0,202,179,63,45,40,14,590.0,0.03,7e-05,31993.0,,,,
3190,8000,20405,1.6207,0.0262,3.1131,4.784,0.0141,0.09,3.72,0.91,0.0,537.0,278,227,32,52,42,6,488.0,0.04,7e-05,31993.0,,,,
3191,8000,20422,1.6068,0.0274,3.0837,4.826,0.0119,0.09,6.38,0.93,0.0,437.0,220,201,16,50,46,4,600.0,0.05,7e-05,31947.0,,,,
3192,8000,20438,1.5937,0.0321,3.0477,4.833,0.0127,0.08,3.98,0.93,0.0,467.0,228,223,16,49,48,3,561.0,0.07,7e-05,31961.0,,,,
3193,8000,20455,1.6008,0.0282,3.0704,4.903,0.01,0.07,5.11,0.93,0.0,435.0,193,225,17,44,52,4,603.0,0.07,7e-05,31951.0,,,,
3194,8000,20471,1.4852,0.0204,2.8571,5.157,0.0126,0.08,3.96,0.95,0.0,298.0,144,137,17,48,46,6,880.0,0.06,7e-05,31958.0,,,,
3195,8000,20487,1.536,0.0227,2.9532,5.067,0.0084,0.07,4.73,0.93,0.0,336.0,150,161,25,45,48,7,780.0,0.06,7e-05,31945.0,,,,
3196,8000,20504,1.5559,0.0353,2.968,4.988,0.0127,0.09,3.12,0.92,0.0,364.0,168,174,22,46,48,6,720.0,0.05,7e-05,31955.0,,,,
3197,8000,20520,1.5673,0.032,2.9956,4.816,0.0113,0.08,3.67,0.93,0.0,376.0,179,167,30,48,44,8,697.0,0.06,7e-05,31946.0,,,,
3198,8000,20537,1.5067,0.0297,2.8811,5.044,0.0087,0.07,3.39,0.93,0.0,311.0,151,141,19,49,45,6,843.0,0.07,7e-05,31997.0,,,,
3199,8000,20553,1.5323,0.0288,2.9331,5.004,0.0074,0.06,3.88,0.93,0.0,307.0,144,138,25,47,45,8,854.0,0.09,7e-05,31956.0,217,5,290,42
3200,8000,20585,1.5619,0.0271,2.997,4.994,0.0093,0.07,3.67,0.92,0.0,383.0,191,163,29,50,43,8,684.0,0.07,7e-05,32086.0,,,,
3201,8000,20602,1.5551,0.0264,2.985,5.093,0.0083,0.06,3.99,0.92,0.0,363.0,171,162,30,47,45,8,722.0,0.05,7e-05,30797.0,,,,
3202,8000,20618,1.5183,0.0269,2.9109,5.203,0.0096,0.07,3.66,0.93,0.0,305.0,132,145,28,43,48,9,859.0,0.04,7e-05,31985.0,,,,
3203,8000,20635,1.5049,0.0187,2.8999,5.137,0.0087,0.06,3.46,0.92,0.0,289.0,137,127,25,47,44,9,907.0,0.03,7e-05,31947.0,,,,
3204,8000,20651,1.5288,0.0238,2.9382,5.093,0.0083,0.06,3.86,0.91,0.0,283.0,150,112,21,53,40,7,926.0,0.02,7e-05,31964.0,,,,
3205,8000,20668,1.5419,0.0126,2.9892,5.18,0.007,0.06,4.01,0.92,0.0,363.0,137,174,52,38,48,14,722.0,0.04,7e-05,31969.0,,,,
3206,8000,20684,1.5645,0.0127,3.032,5.144,0.0082,0.06,4.68,0.92,0.0,415.0,154,218,43,37,53,10,632.0,0.05,7e-05,31971.0,,,,
3207,8000,20701,1.5325,0.0151,2.9635,5.166,0.0095,0.07,3.54,0.92,0.0,419.0,163,211,45,39,50,11,626.0,0.04,7e-05,31956.0,,,,
3208,8000,20717,1.519,0.0176,2.9307,5.165,0.0092,0.07,3.42,0.92,0.0,364.0,125,204,35,34,56,10,720.0,0.03,7e-05,31958.0,,,,
3209,8000,20734,1.5103,0.0155,2.9184,5.216,0.0081,0.06,3.7,0.92,0.0,360.0,149,175,36,41,49,10,728.0,0.04,6.9e-05,31949.0,,,,
3210,8000,20750,1.5434,0.0183,2.9781,5.158,0.0081,0.06,3.54,0.92,0.0,365.0,168,170,27,46,47,7,718.0,0.03,6.9e-05,31961.0,,,,
3211,8000,20767,1.5607,0.0182,3.0153,5.257,0.0086,0.06,3.44,0.92,0.0,396.0,178,180,38,45,45,10,662.0,0.02,6.9e-05,32008.0,,,,
3212,8000,20783,1.5378,0.0133,2.9787,5.231,0.0083,0.06,3.15,0.92,0.0,381.0,183,161,37,48,42,10,688.0,0.04,6.9e-05,31968.0,,,,
3213,8000,20800,1.5583,0.0102,3.0259,5.16,0.0081,0.06,4.57,0.92,0.0,376.0,192,155,29,51,41,8,697.0,0.04,6.9e-05,31956.0,,,,
3214,8000,20816,1.5286,0.0147,2.9571,5.139,0.0087,0.06,3.71,0.93,0.0,366.0,175,163,28,48,45,8,716.0,0.04,6.9e-05,31949.0,,,,
3215,8000,20833,1.5261,0.0144,2.9542,5.172,0.008,0.06,3.74,0.92,0.0,337.0,152,145,40,45,43,12,778.0,0.03,6.9e-05,31947.0,,,,
3216,8000,20849,1.5468,0.0155,2.9917,5.05,0.0085,0.06,3.55,0.92,0.0,392.0,183,165,44,47,42,11,669.0,0.04,6.9e-05,31964.0,,,,
3217,8000,20866,1.5412,0.0182,2.9767,5.175,0.0079,0.06,3.46,0.91,0.0,373.0,168,169,36,45,45,10,703.0,0.04,6.9e-05,31974.0,,,,
3218,8000,20882,1.5311,0.0188,2.9538,5.115,0.0096,0.07,3.31,0.92,0.0,332.0,154,150,28,46,45,8,790.0,0.05,6.9e-05,31972.0,,,,
3219,8000,20899,1.5447,0.0273,2.9637,5.069,0.0087,0.06,3.33,0.92,0.0,384.0,180,172,32,47,45,8,683.0,0.05,6.9e-05,31948.0,,,,
3220,8000,20915,1.6044,0.0247,3.0872,4.986,0.0082,0.06,3.82,0.9,0.0,441.0,201,212,28,46,48,6,594.0,0.03,6.9e-05,31939.0,,,,
3221,8000,20932,1.5628,0.022,3.01,5.048,0.0093,0.07,3.35,0.91,0.0,407.0,182,190,35,45,47,9,644.0,0.03,6.9e-05,30813.0,,,,
3222,8000,20949,1.5839,0.0206,3.0565,5.105,0.0086,0.06,3.66,0.91,0.0,426.0,187,213,26,44,50,6,615.0,0.04,6.9e-05,31937.0,,,,
3223,8000,20965,1.5565,0.0247,2.9946,5.149,0.0094,0.06,3.33,0.91,0.0,415.0,171,201,43,41,48,10,632.0,0.04,6.9e-05,31930.0,,,,
3224,8000,20982,1.5744,0.0271,3.0237,5.009,0.0102,0.07,3.49,0.91,0.0,446.0,233,167,46,52,37,10,588.0,0.04,6.9e-05,31923.0,,,,
3225,8000,20998,1.5379,0.0246,2.956,5.103,0.0097,0.07,3.19,0.91,0.0,419.0,187,183,49,45,44,12,626.0,0.03,6.9e-05,31948.0,,,,
3226,8000,21015,1.5696,0.0211,3.0238,4.996,0.0109,0.07,2.88,0.9,0.0,504.0,251,216,37,50,43,7,520.0,0.02,6.9e-05,31930.0,,,,
3227,8000,21031,1.5632,0.0157,3.0226,5.061,0.0096,0.06,3.4,0.9,0.0,482.0,242,206,34,50,43,7,544.0,0.02,6.9e-05,31941.0,,,,
3228,8000,21047,1.5501,0.0234,2.982,5.09,0.0082,0.06,3.3,0.92,0.0,426.0,208,183,35,49,43,8,615.0,0.02,6.9e-05,31931.0,,,,
3229,8000,21064,1.5753,0.013,3.0505,4.905,0.0093,0.07,2.95,0.92,0.0,441.0,242,170,29,55,39,7,594.0,0.03,6.9e-05,31943.0,,,,
3230,8000,21080,1.5573,0.0098,3.0209,4.878,0.0096,0.07,3.21,0.92,0.0,481.0,242,201,38,50,42,8,545.0,0.03,6.9e-05,31931.0,,,,
3231,8000,21097,1.5474,0.0068,3.0071,4.944,0.0076,0.06,3.44,0.93,0.0,428.0,202,194,32,47,45,7,612.0,0.03,6.9e-05,31934.0,,,,
3232,8000,21113,1.5783,0.0118,3.0581,4.882,0.0073,0.06,4.66,0.92,0.0,440.0,214,193,33,49,44,8,596.0,0.03,6.9e-05,31939.0,,,,
3233,8000,21130,1.5911,0.0212,3.0647,4.902,0.0089,0.06,3.54,0.93,0.0,512.0,244,236,32,48,46,6,512.0,0.03,6.9e-05,31951.0,,,,
3234,8000,21146,1.5619,0.0137,3.023,4.998,0.0089,0.06,3.95,0.93,0.0,491.0,219,238,34,45,48,7,534.0,0.02,6.9e-05,31947.0,,,,
3235,8000,21163,1.586,0.0129,3.0721,4.833,0.009,0.07,3.38,0.92,0.0,532.0,243,254,35,46,48,7,493.0,0.01,6.9e-05,31952.0,,,,
3236,8000,21179,1.6038,0.0112,3.11,4.75,0.0088,0.07,3.78,0.92,0.0,509.0,255,227,27,50,45,5,515.0,0.02,6.9e-05,31984.0,,,,
3237,8000,21196,1.6691,0.0047,3.2526,4.552,0.0083,0.07,4.28,0.91,0.0,669.0,326,303,40,49,45,6,392.0,0.03,6.9e-05,31917.0,,,,
3238,8000,21212,1.6416,-0.005,3.2161,4.538,0.0082,0.07,3.95,0.92,0.0,645.0,331,296,18,51,46,3,406.0,0.03,6.9e-05,31924.0,,,,
3239,8000,21229,1.6441,0.0005,3.2087,4.456,0.008,0.06,3.37,0.92,0.0,682.0,365,308,9,54,45,1,384.0,0.03,6.9e-05,31986.0,,,,
3240,8000,21245,1.6495,-0.004,3.2276,4.4,0.0099,0.08,3.14,0.93,0.0,674.0,356,315,3,53,47,0,389.0,0.05,6.9e-05,31934.0,,,,
3241,8000,21262,1.685,0.0038,3.2844,4.474,0.0106,0.08,2.91,0.9,0.0,590.0,299,283,8,51,48,1,444.0,0.04,6.9e-05,30805.0,,,,
3242,8000,21279,1.6963,0.0033,3.308,4.437,0.0091,0.07,3.5,0.91,0.0,606.0,308,285,13,51,47,2,433.0,0.06,6.9e-05,31975.0,,,,
3243,8000,21295,1.6387,-0.0078,3.2167,4.626,0.0083,0.07,3.35,0.92,0.0,634.0,356,265,13,56,42,2,413.0,0.06,6.9e-05,31965.0,,,,
3244,8000,21312,1.6321,0.0038,3.1807,4.625,0.0071,0.06,3.84,0.92,0.0,551.0,297,239,15,54,43,3,476.0,0.05,6.9e-05,31969.0,,,,
3245,8000,21328,1.6476,0.0075,3.204,4.644,0.0087,0.06,4.92,0.92,0.0,538.0,252,268,18,47,50,3,487.0,0.04,6.9e-05,31980.0,,,,
3246,8000,21345,1.6302,0.0027,3.1785,4.618,0.0094,0.07,3.54,0.92,0.0,557.0,282,252,23,51,45,4,471.0,0.04,6.9e-05,31966.0,,,,
3247,8000,21361,1.6498,0.0008,3.222,4.598,0.0085,0.06,3.64,0.91,0.0,595.0,297,274,24,50,46,4,441.0,0.04,6.9e-05,31976.0,,,,
3248,8000,21377,1.6547,0.0082,3.2166,4.594,0.0063,0.06,4.06,0.92,0.0,598.0,285,289,24,48,48,4,438.0,0.05,6.9e-05,32001.0,,,,
3249,8000,21394,1.6147,0.0082,3.1374,4.761,0.0086,0.06,3.6,0.93,0.0,514.0,249,250,15,48,49,3,510.0,0.04,6.9e-05,31992.0,202,4,306,39
3250,8000,21426,1.6081,0.0147,3.1129,4.851,0.008,0.06,3.78,0.93,0.0,495.0,279,193,23,56,39,5,530.0,0.05,6.9e-05,32099.0,,,,
3251,8000,21442,1.6165,0.0065,3.145,4.75,0.0078,0.06,3.29,0.92,0.0,516.0,275,220,21,53,43,4,508.0,0.05,6.9e-05,31958.0,,,,
3252,8000,21459,1.5959,0.003,3.113,4.863,0.0082,0.06,4.25,0.93,0.0,485.0,245,205,35,51,42,7,541.0,0.06,6.8e-05,31959.0,,,,
3253,8000,21475,1.588,0.0067,3.0904,4.808,0.0082,0.06,3.85,0.93,0.0,484.0,233,210,41,48,43,8,542.0,0.05,6.8e-05,31992.0,,,,
3254,8000,21492,1.6141,0.0073,3.1399,4.836,0.0081,0.06,5.77,0.93,0.0,512.0,243,234,35,47,46,7,512.0,0.03,6.8e-05,32015.0,,,,
3255,8000,21508,1.6472,0.0092,3.2006,4.667,0.0069,0.06,5.15,0.93,0.0,535.0,258,246,31,48,46,6,490.0,0.03,6.8e-05,31965.0,,,,
3256,8000,21525,1.6695,-0.0054,3.2734,4.577,0.0064,0.06,6.01,0.92,0.0,612.0,315,272,25,51,44,4,428.0,0.04,6.8e-05,31953.0,,,,
3257,8000,21541,1.6527,0.0006,3.2277,4.524,0.0096,0.08,4.17,0.93,0.0,593.0,308,269,16,52,45,3,442.0,0.05,6.8e-05,31963.0,,,,
3258,8000,21558,1.6759,0.0044,3.2664,4.497,0.008,0.07,4.77,0.93,0.0,623.0,325,280,18,52,45,3,421.0,0.03,6.8e-05,31989.0,,,,
3259,8000,21574,1.6777,0.0089,3.261,4.587,0.0068,0.06,5.54,0.93,0.0,622.0,329,283,10,53,45,2,421.0,0.04,6.8e-05,31972.0,,,,
3260,8000,21591,1.7141,0.0169,3.316,4.387,0.0101,0.07,5.64,0.93,0.0,678.0,362,303,13,53,45,2,387.0,0.03,6.8e-05,32021.0,,,,
3261,8000,21608,1.7245,0.0166,3.3383,4.521,0.009,0.07,6.0,0.91,0.0,600.0,305,286,9,51,48,2,437.0,0.03,6.8e-05,30806.0,,,,
3262,8000,21624,1.6696,0.0145,3.2329,4.583,0.0073,0.06,4.93,0.92,0.0,520.0,260,254,6,50,49,1,504.0,0.02,6.8e-05,31911.0,,,,
3263,8000,21641,1.6858,0.0099,3.2742,4.545,0.0085,0.07,4.68,0.92,0.0,592.0,300,284,8,51,48,1,443.0,0.02,6.8e-05,31940.0,,,,
3264,8000,21657,1.6639,0.0085,3.2331,4.532,0.0082,0.07,5.04,0.93,0.0,547.0,276,262,9,50,48,2,479.0,0.02,6.8e-05,32004.0,,,,
3265,8000,21674,1.6216,0.0179,3.13,4.549,0.009,0.07,4.13,0.94,0.0,485.0,235,240,10,48,49,2,541.0,0.03,6.8e-05,31941.0,,,,
3266,8000,21690,1.6334,0.02,3.149,4.519,0.0084,0.06,5.6,0.94,0.0,477.0,223,243,11,47,51,2,550.0,0.03,6.8e-05,31941.0,,,,
3267,8000,21707,1.6349,0.0236,3.1442,4.438,0.0111,0.07,4.36,0.94,0.0,520.0,277,232,11,53,45,2,504.0,0.02,6.8e-05,31939.0,,,,
3268,8000,21723,1.6351,0.0197,3.1532,4.455,0.0086,0.07,4.85,0.94,0.0,528.0,259,252,17,49,48,3,496.0,0.01,6.8e-05,31947.0,,,,
3269,8000,21740,1.6655,0.0155,3.223,4.469,0.0082,0.07,5.49,0.93,0.0,564.0,288,254,22,51,45,4,465.0,0.01,6.8e-05,32008.0,,,,
3270,8000,21756,1.6699,0.0176,3.2273,4.457,0.0078,0.06,4.95,0.94,0.0,558.0,255,282,21,46,51,4,470.0,0.01,6.8e-05,31948.0,,,,
3271,8000,21773,1.6404,0.003,3.1982,4.606,0.0052,0.05,9.22,0.94,0.0,566.0,284,269,13,50,48,2,463.0,0.01,6.8e-05,31932.0,,,,
3272,8000,21789,1.6607,0.0179,3.2083,4.537,0.0089,0.07,5.53,0.94,0.0,533.0,247,274,12,46,51,2,492.0,0.01,6.8e-05,31948.0,,,,
3273,8000,21805,1.6655,0.0136,3.2267,4.512,0.0068,0.06,12.38,0.94,0.0,579.0,261,294,24,45,51,4,453.0,0.01,6.8e-05,31951.0,,,,
3274,8000,21822,1.7083,0.019,3.301,4.41,0.0074,0.07,8.7,0.94,0.0,667.0,322,334,11,48,50,2,393.0,0.01,6.8e-05,31927.0,,,,
3275,8000,21838,1.731,0.0021,3.3806,4.45,0.0086,0.07,11.54,0.94,0.0,739.0,353,374,12,48,51,2,355.0,0.02,6.8e-05,31944.0,,,,
3276,8000,21855,1.7504,0.0087,3.4058,4.4,0.0108,0.08,11.56,0.94,0.0,759.0,361,390,8,48,51,1,345.0,0.01,6.8e-05,31912.0,,,,
3277,8000,21871,1.7324,0.0114,3.3635,4.354,0.0102,0.08,8.64,0.93,0.0,733.0,345,380,8,47,52,1,358.0,0.01,6.8e-05,31977.0,,,,
3278,8000,21888,1.7709,0.0208,3.4211,4.314,0.0099,0.08,11.1,0.94,0.0,720.0,341,376,3,47,52,0,364.0,0.01,6.8e-05,32007.0,,,,
3279,8000,21904,1.7934,0.0277,3.4512,4.168,0.0106,0.08,8.59,0.93,0.0,781.0,372,401,8,48,51,1,336.0,0.01,6.8e-05,31931.0,,,,
3280,8000,21921,1.785,0.0114,3.467,4.128,0.0121,0.09,10.85,0.94,0.0,787.0,369,409,9,47,52,1,333.0,0.01,6.8e-05,31922.0,,,,
3281,8000,21938,1.8269,0.0165,3.5413,4.152,0.0137,0.1,7.16,0.91,0.0,868.0,405,456,7,47,53,1,302.0,0.01,6.8e-05,30792.0,,,,
3282,8000,21954,1.7967,0.0161,3.4825,4.324,0.0143,0.1,6.77,0.91,0.0,833.0,423,407,3,51,49,0,315.0,0.07,6.8e-05,31954.0,,,,
3283,8000,21971,1.7812,0.0191,3.4453,4.244,0.0124,0.1,6.33,0.92,0.0,802.0,409,389,4,51,49,0,327.0,0.08,6.8e-05,31938.0,,,,
3284,8000,21987,1.7198,0.0199,3.3217,4.366,0.014,0.1,3.51,0.92,0.0,772.0,375,394,3,49,51,0,340.0,0.07,6.8e-05,31950.0,,,,
3285,8000,22004,1.7278,0.0161,3.3458,4.393,0.0129,0.1,3.79,0.92,0.0,733.0,396,334,3,54,46,0,358.0,0.06,6.8e-05,31942.0,,,,
3286,8000,22020,1.7323,0.0157,3.3556,4.396,0.0096,0.08,5.49,0.91,0.0,699.0,345,353,1,49,51,0,375.0,0.07,6.8e-05,32001.0,,,,
3287,8000,22037,1.7156,0.021,3.3112,4.363,0.0096,0.08,3.68,0.91,0.0,653.0,327,323,3,50,49,0,401.0,0.09,6.8e-05,32025.0,,,,
3288,8000,22053,1.6849,0.0209,3.2497,4.39,0.0096,0.08,4.92,0.92,0.0,585.0,290,295,0,50,50,0,448.0,0.08,6.8e-05,31892.0,,,,
3289,8000,22070,1.6644,0.0166,3.2178,4.427,0.0088,0.07,3.99,0.92,0.0,567.0,271,293,3,48,52,1,462.0,0.08,6.8e-05,31931.0,,,,
3290,8000,22086,1.7271,0.0185,3.3388,4.32,0.0092,0.07,5.51,0.92,0.0,643.0,343,294,6,53,46,1,408.0,0.09,6.8e-05,31943.0,,,,
3291,8000,22103,1.7024,0.0129,3.3015,4.412,0.0101,0.08,3.98,0.91,0.0,664.0,358,297,9,54,45,1,395.0,0.11,6.8e-05,31913.0,,,,
3292,8000,22119,1.7132,0.019,3.3094,4.235,0.011,0.09,3.82,0.91,0.0,630.0,304,319,7,48,51,1,416.0,0.12,6.8e-05,31893.0,,,,
3293,8000,22136,1.7134,0.0165,3.3147,4.22,0.0103,0.09,3.58,0.91,0.0,691.0,335,355,1,48,51,0,379.0,0.09,6.8e-05,31859.0,,,,
3294,8000,22152,1.7176,0.0152,3.3257,4.24,0.0105,0.08,4.73,0.92,0.0,668.0,342,320,6,51,48,1,392.0,0.08,6.8e-05,31873.0,,,,
3295,8000,22169,1.6959,0.0195,3.274,4.284,0.0105,0.08,4.8,0.93,0.0,659.0,311,339,9,47,51,1,398.0,0.1,6.8e-05,31887.0,,,,
3296,8000,22185,1.7081,0.0196,3.2974,4.228,0.01,0.08,5.58,0.92,0.0,640.0,316,320,4,49,50,1,410.0,0.1,6.7e-05,31880.0,,,,
3297,8000,22202,1.6789,0.0127,3.2534,4.257,0.0105,0.08,3.55,0.93,0.0,657.0,348,299,10,53,46,2,399.0,0.08,6.7e-05,31865.0,,,,
3298,8000,22218,1.6976,0.0118,3.2931,4.341,0.0094,0.08,4.25,0.93,0.0,647.0,353,291,3,55,45,0,405.0,0.06,6.7e-05,31877.0,,,,
3299,8000,22235,1.7034,0.0097,3.308,4.262,0.009,0.07,5.43,0.93,0.0,706.0,366,337,3,52,48,0,371.0,0.05,6.7e-05,31886.0,181,0,331,35
3300,8000,22266,1.7012,0.0093,3.3051,4.296,0.0103,0.08,3.45,0.93,0.0,744.0,380,360,4,51,48,1,352.0,0.06,6.7e-05,32069.0,,,,
3301,8000,22283,1.7441,0.0351,3.339,4.272,0.0107,0.08,4.13,0.92,0.0,674.0,325,343,6,48,51,1,389.0,0.05,6.7e-05,30791.0,,,,
3302,8000,22300,1.7589,0.0392,3.3593,4.18,0.0107,0.08,4.36,0.93,0.0,689.0,369,317,3,54,46,0,380.0,0.04,6.7e-05,31897.0,,,,
3303,8000,22316,1.7466,0.0345,3.3438,4.162,0.0104,0.08,5.38,0.93,0.0,681.0,353,327,1,52,48,0,385.0,0.04,6.7e-05,31850.0,,,,
3304,8000,22333,1.7197,0.0377,3.2834,4.166,0.0088,0.07,4.21,0.93,0.0,662.0,301,360,1,45,54,0,396.0,0.04,6.7e-05,31957.0,,,,
3305,8000,22349,1.7245,0.036,3.2971,4.191,0.01,0.08,4.59,0.93,0.0,668.0,334,325,9,50,49,1,392.0,0.05,6.7e-05,31908.0,,,,
3306,8000,22366,1.6999,0.0232,3.2729,4.2,0.0092,0.07,4.53,0.93,0.0,628.0,299,326,3,48,52,0,417.0,0.05,6.7e-05,31928.0,,,,
3307,8000,22382,1.6988,0.0241,3.2685,4.171,0.0098,0.07,4.36,0.94,0.0,624.0,328,296,0,53,47,0,420.0,0.05,6.7e-05,31963.0,,,,
3308,8000,22399,1.671,0.022,3.2177,4.226,0.008,0.06,6.94,0.94,0.0,568.0,279,284,5,49,50,1,462.0,0.05,6.7e-05,31922.0,,,,
3309,8000,22415,1.695,0.0303,3.2507,4.325,0.0087,0.07,4.48,0.94,0.0,630.0,317,308,5,50,49,1,416.0,0.05,6.7e-05,31976.0,,,,
3310,8000,22432,1.6245,0.027,3.1148,4.271,0.0082,0.06,4.42,0.95,0.0,512.0,254,249,9,50,49,2,512.0,0.05,6.7e-05,31942.0,,,,
3311,8000,22448,1.6262,0.0251,3.1229,4.314,0.0084,0.07,6.42,0.95,0.0,509.0,255,243,11,50,48,2,515.0,0.04,6.7e-05,31924.0,,,,
3312,8000,22465,1.6429,0.0276,3.1514,4.309,0.009,0.07,5.86,0.94,0.0,538.0,245,284,9,46,53,2,487.0,0.05,6.7e-05,31916.0,,,,
3313,8000,22481,1.6567,0.0201,3.1962,4.396,0.0085,0.06,6.8,0.93,0.0,554.0,267,269,18,48,49,3,473.0,0.04,6.7e-05,31991.0,,,,
3314,8000,22498,1.6098,0.023,3.0971,4.529,0.0112,0.07,4.96,0.94,0.0,511.0,254,246,11,50,48,2,513.0,0.03,6.7e-05,31927.0,,,,
3315,8000,22514,1.5979,0.0217,3.0757,4.49,0.0089,0.07,5.21,0.94,0.0,488.0,242,229,17,50,47,3,537.0,0.02,6.7e-05,31909.0,,,,
3316,8000,22531,1.5524,0.0215,2.9845,4.573,0.008,0.05,5.66,0.95,0.0,415.0,190,216,9,46,52,2,632.0,0.02,6.7e-05,31955.0,,,,
3317,8000,22547,1.543,0.0197,2.9727,4.708,0.0068,0.05,6.12,0.95,0.0,410.0,208,172,30,51,42,7,639.0,0.02,6.7e-05,31974.0,,,,
3318,8000,22563,1.5345,0.021,2.9539,4.738,0.0071,0.05,6.88,0.95,0.0,378.0,164,182,32,43,48,8,694.0,0.02,6.7e-05,31973.0,,,,
3319,8000,22580,1.5392,0.0163,2.975,4.817,0.0078,0.05,6.51,0.95,0.0,409.0,180,181,48,44,44,12,641.0,0.02,6.7e-05,31921.0,,,,
3320,8000,22596,1.5339,0.0182,2.9596,4.789,0.0067,0.05,9.92,0.95,0.0,386.0,161,184,41,42,48,11,679.0,0.01,6.7e-05,31927.0,,,,
3321,8000,22614,1.5498,0.0148,2.9991,4.885,0.011,0.07,4.52,0.94,0.0,410.0,193,184,33,47,45,8,639.0,0.03,6.7e-05,30790.0,,,,
3322,8000,22630,1.4513,0.0116,2.8111,5.152,0.0097,0.06,3.92,0.94,0.0,268.0,121,114,33,45,43,12,978.0,0.04,6.7e-05,31982.0,,,,
3323,8000,22647,1.5754,0.0037,3.0735,4.858,0.0104,0.07,3.85,0.91,0.0,433.0,182,223,28,42,52,6,605.0,0.03,6.7e-05,31985.0,,,,
3324,8000,22663,1.5528,0.0156,3.002,4.925,0.0099,0.07,3.83,0.93,0.0,383.0,172,196,15,45,51,4,684.0,0.03,6.7e-05,31919.0,,,,
3325,8000,22679,1.5866,0.0228,3.0563,4.868,0.0105,0.07,4.2,0.93,0.0,413.0,169,210,34,41,51,8,635.0,0.03,6.7e-05,31973.0,,,,
3326,8000,22696,1.567,0.0204,3.0192,4.812,0.0094,0.07,4.04,0.94,0.0,414.0,200,205,9,48,50,2,633.0,0.04,6.7e-05,31942.0,,,,
3327,8000,22712,1.6053,0.0205,3.0961,4.824,0.0102,0.07,3.79,0.93,0.0,468.0,214,235,19,46,50,4,560.0,0.03,6.7e-05,31944.0,,,,
3328,8000,22729,1.6271,0.0238,3.1332,4.825,0.0099,0.08,4.44,0.93,0.0,489.0,207,269,13,42,55,3,536.0,0.02,6.7e-05,32009.0,,,,
3329,8000,22745,1.5922,0.024,3.0641,4.854,0.0101,0.07,3.96,0.94,0.0,490.0,207,263,20,42,54,4,535.0,0.03,6.7e-05,31965.0,,,,
3330,8000,22762,1.5794,0.0241,3.0382,4.857,0.0083,0.06,4.14,0.94,0.0,408.0,175,216,17,43,53,4,643.0,0.03,6.7e-05,31973.0,,,,
3331,8000,22778,1.5859,0.0209,3.0563,4.81,0.0092,0.06,4.54,0.95,0.0,439.0,195,230,14,44,52,3,597.0,0.05,6.7e-05,31938.0,,,,
3332,8000,22795,1.6617,0.0175,3.2141,4.683,0.0076,0.06,5.23,0.94,0.0,540.0,232,281,27,43,52,5,485.0,0.05,6.7e-05,31948.0,,,,
3333,8000,22811,1.6399,0.0114,3.1824,4.702,0.0096,0.07,5.74,0.95,0.0,587.0,272,301,14,46,51,2,447.0,0.03,6.7e-05,31964.0,,,,
3334,8000,22828,1.6465,0.0071,3.2057,4.819,0.0099,0.07,4.63,0.94,0.0,571.0,230,330,11,40,58,2,459.0,0.04,6.7e-05,31947.0,,,,
3335,8000,22844,1.6758,0.0157,3.2462,4.692,0.01,0.08,4.53,0.94,0.0,603.0,273,325,5,45,54,1,435.0,0.03,6.7e-05,31971.0,,,,
3336,8000,22861,1.6741,0.0156,3.243,4.755,0.0082,0.07,4.89,0.94,0.0,628.0,283,345,0,45,55,0,417.0,0.03,6.7e-05,31979.0,,,,
3337,8000,22877,1.6289,0.0135,3.1585,4.89,0.0105,0.08,4.45,0.95,0.0,550.0,235,310,5,43,56,1,477.0,0.03,6.7e-05,31953.0,,,,
3338,8000,22894,1.619,0.0176,3.1305,4.918,0.0078,0.06,3.77,0.95,0.0,556.0,287,263,6,52,47,1,471.0,0.03,6.7e-05,31936.0,,,,
3339,8000,22910,1.6497,0.0159,3.1946,4.836,0.011,0.08,3.75,0.94,0.0,587.0,291,290,6,50,49,1,447.0,0.02,6.7e-05,31903.0,,,,
3340,8000,22927,1.6437,0.0092,3.1968,4.857,0.0083,0.07,5.15,0.95,0.0,568.0,257,307,4,45,54,1,462.0,0.02,6.7e-05,31938.0,,,,
3341,8000,22944,1.6816,0.0128,3.2654,4.9,0.0114,0.07,3.84,0.94,0.0,605.0,272,330,3,45,55,0,433.0,0.02,6.6e-05,30792.0,,,,
3342,8000,22960,1.6583,0.0091,3.2269,4.92,0.0091,0.06,4.93,0.94,0.0,598.0,266,327,5,44,55,1,438.0,0.03,6.6e-05,31939.0,,,,
3343,8000,22977,1.6301,-0.0035,3.1943,4.817,0.0098,0.07,4.25,0.94,0.0,570.0,290,273,7,51,48,1,460.0,0.04,6.6e-05,31937.0,,,,
3344,8000,22993,1.613,0.0128,3.1274,4.869,0.009,0.07,3.58,0.94,0.0,525.0,261,261,3,50,50,1,499.0,0.07,6.6e-05,31934.0,,,,
3345,8000,23010,1.6426,0.0024,3.2076,4.769,0.0085,0.07,6.35,0.94,0.0,520.0,238,265,17,46,51,3,504.0,0.07,6.6e-05,31955.0,,,,
3346,8000,23026,1.6194,0.0171,3.1319,4.736,0.0079,0.06,4.99,0.95,0.0,518.0,223,267,28,43,52,5,506.0,0.06,6.6e-05,31922.0,,,,
3347,8000,23043,1.6264,0.0115,3.1562,4.648,0.0098,0.07,5.15,0.95,0.0,516.0,257,242,17,50,47,3,508.0,0.04,6.6e-05,31969.0,,,,
3348,8000,23059,1.6003,0.0061,3.1148,4.701,0.0086,0.06,4.44,0.95,0.0,519.0,251,250,18,48,48,3,505.0,0.05,6.6e-05,31931.0,,,,
3349,8000,23076,1.61,0.0141,3.1188,4.722,0.007,0.06,6.46,0.95,0.0,463.0,213,234,16,46,51,3,566.0,0.05,6.6e-05,31944.0,153,1,358,30
3350,8000,23107,1.5762,0.0093,3.0628,4.829,0.0094,0.07,5.11,0.95,0.0,467.0,233,213,21,50,46,4,561.0,0.04,6.6e-05,32163.0,,,,
3351,8000,23124,1.6377,0.0143,3.1765,4.86,0.0085,0.07,6.94,0.94,0.0,485.0,219,243,23,45,50,5,541.0,0.05,6.6e-05,31992.0,,,,
3352,8000,23140,1.6576,0.0175,3.2078,4.66,0.0097,0.07,5.26,0.94,0.0,579.0,265,283,31,46,49,5,453.0,0.06,6.6e-05,31938.0,,,,
3353,8000,23157,1.614,0.0177,3.1213,4.779,0.0101,0.07,4.96,0.95,0.0,500.0,226,253,21,45,51,4,524.0,0.05,6.6e-05,31998.0,,,,
3354,8000,23173,1.6343,0.0175,3.1622,4.724,0.0086,0.06,5.98,0.95,0.0,520.0,246,253,21,47,49,4,504.0,0.03,6.6e-05,31955.0,,,,
3355,8000,23190,1.7065,0.0211,3.2967,4.543,0.0098,0.08,4.56,0.94,0.0,615.0,287,306,22,47,50,4,426.0,0.03,6.6e-05,31959.0,,,,
3356,8000,23206,1.6673,0.0271,3.2085,4.672,0.0123,0.08,5.07,0.94,0.0,624.0,305,298,21,49,48,3,420.0,0.05,6.6e-05,31959.0,,,,
3357,8000,23223,1.6884,0.0221,3.2597,4.687,0.0088,0.07,7.66,0.95,0.0,578.0,282,277,19,49,48,3,454.0,0.04,6.6e-05,31933.0,,,,
3358,8000,23239,1.6405,0.0066,3.1955,4.809,0.0089,0.07,5.3,0.95,0.0,568.0,277,277,14,49,49,2,462.0,0.04,6.6e-05,31964.0,,,,
3359,8000,23255,1.6634,0.0146,3.224,4.721,0.0107,0.07,5.8,0.95,0.0,555.0,266,278,11,48,50,2,472.0,0.03,6.6e-05,31949.0,,,,
3360,8000,23272,1.6562,0.0203,3.1988,4.701,0.0102,0.07,4.19,0.95,0.0,558.0,253,285,20,45,51,4,470.0,0.02,6.6e-05,31948.0,,,,
3361,8000,23289,1.6961,0.0148,3.29,4.694,0.013,0.08,3.98,0.93,0.0,638.0,270,348,20,42,55,3,411.0,0.04,6.6e-05,30794.0,,,,
3362,8000,23306,1.6435,0.0036,3.209,4.864,0.0104,0.07,3.68,0.93,0.0,578.0,243,313,22,42,54,4,454.0,0.03,6.6e-05,31951.0,,,,
3363,8000,23322,1.66,0.0071,3.2341,4.84,0.0107,0.07,4.19,0.93,0.0,593.0,245,329,19,41,55,3,442.0,0.03,6.6e-05,31897.0,,,,
3364,8000,23339,1.648,0.0139,3.1967,4.811,0.0096,0.07,3.97,0.94,0.0,534.0,224,294,16,42,55,3,491.0,0.04,6.6e-05,31906.0,,,,
3365,8000,23355,1.6006,0.006,3.1185,4.926,0.0097,0.07,10.07,0.95,0.0,478.0,217,236,25,45,49,5,548.0,0.05,6.6e-05,31925.0,,,,
3366,8000,23372,1.6724,0.0267,3.2182,4.724,0.0085,0.06,4.71,0.95,0.0,596.0,268,309,19,45,52,3,440.0,0.05,6.6e-05,31933.0,,,,
3367,8000,23388,1.6399,0.0261,3.1566,4.949,0.0101,0.07,4.49,0.95,0.0,546.0,257,272,17,47,50,3,480.0,0.04,6.6e-05,31969.0,,,,
3368,8000,23405,1.5908,0.0145,3.0839,5.101,0.0087,0.06,11.61,0.96,0.0,468.0,218,226,24,47,48,5,560.0,0.04,6.6e-05,31930.0,,,,
3369,8000,23421,1.6639,0.0135,3.2301,4.968,0.0053,0.04,11.22,0.96,0.0,502.0,250,239,13,50,48,3,522.0,0.04,6.6e-05,31930.0,,,,
3370,8000,23438,1.6184,0.0182,3.1293,4.927,0.0093,0.06,5.54,0.96,0.0,511.0,238,259,14,47,51,3,513.0,0.05,6.6e-05,31983.0,,,,
3371,8000,23454,1.6382,0.0208,3.1631,4.848,0.009,0.06,5.89,0.96,0.0,550.0,259,271,20,47,49,4,477.0,0.04,6.6e-05,31941.0,,,,
3372,8000,23471,1.6382,0.0241,3.1562,4.823,0.009,0.06,4.95,0.96,0.0,541.0,262,261,18,48,48,3,485.0,0.04,6.6e-05,31942.0,,,,
3373,8000,23487,1.6291,0.0343,3.117,4.776,0.0106,0.07,4.99,0.96,0.0,550.0,268,271,11,49,49,2,477.0,0.05,6.6e-05,31946.0,,,,
3374,8000,23504,1.595,0.0247,3.0685,4.834,0.0086,0.06,5.71,0.97,0.0,568.0,272,284,12,48,50,2,462.0,0.06,6.6e-05,31924.0,,,,
3375,8000,23520,1.6458,0.038,3.143,4.734,0.0128,0.07,5.04,0.96,0.0,609.0,286,305,18,47,50,3,430.0,0.07,6.6e-05,31936.0,,,,
3376,8000,23537,1.7097,0.0412,3.264,4.724,0.0108,0.07,10.4,0.95,0.0,605.0,311,282,12,51,47,2,433.0,0.07,6.6e-05,31971.0,,,,
3377,8000,23553,1.6886,0.0406,3.2218,4.623,0.01,0.07,4.73,0.95,0.0,640.0,308,322,10,48,50,2,410.0,0.08,6.6e-05,31934.0,,,,
3378,8000,23569,1.7242,0.0381,3.2975,4.585,0.0101,0.07,4.8,0.95,0.0,683.0,337,337,9,49,49,1,384.0,0.08,6.6e-05,31936.0,,,,
3379,8000,23586,1.7024,0.0268,3.2773,4.524,0.0104,0.07,3.99,0.95,0.0,705.0,350,336,19,50,48,3,372.0,0.08,6.6e-05,31917.0,,,,
3380,8000,23602,1.6926,0.0343,3.2409,4.522,0.0118,0.08,4.72,0.95,0.0,693.0,331,353,9,48,51,1,378.0,0.06,6.6e-05,31923.0,,,,
3381,8000,23620,1.7892,0.036,3.4316,4.613,0.0122,0.08,5.43,0.93,0.0,755.0,390,361,4,52,48,1,347.0,0.09,6.6e-05,30818.0,,,,
3382,8000,23636,1.6684,0.0369,3.1916,4.975,0.013,0.08,4.08,0.94,0.0,584.0,318,259,7,54,44,1,449.0,0.11,6.6e-05,31956.0,,,,
3383,8000,23652,1.6728,0.029,3.2163,4.935,0.0121,0.08,2.84,0.93,0.0,598.0,320,268,10,54,45,2,438.0,0.09,6.6e-05,32000.0,,,,
3384,8000,23669,1.7112,0.0288,3.2925,4.805,0.0113,0.08,2.74,0.92,0.0,748.0,402,330,16,54,44,2,350.0,0.07,6.6e-05,31948.0,,,,
3385,8000,23685,1.763,0.0237,3.4056,4.779,0.0094,0.07,3.58,0.91,0.0,803.0,422,373,8,53,46,1,326.0,0.06,6.6e-05,31962.0,,,,
3386,8000,23702,1.7698,0.0328,3.3994,4.633,0.0121,0.08,2.7,0.91,0.0,888.0,459,422,7,52,48,1,295.0,0.06,6.6e-05,31947.0,,,,
3387,8000,23718,1.753,0.0311,3.3692,4.643,0.0114,0.08,3.34,0.91,0.0,866.0,440,418,8,51,48,1,303.0,0.05,6.5e-05,31955.0,,,,
3388,8000,23735,1.749,0.0225,3.3781,4.632,0.0114,0.07,3.8,0.9,0.0,843.0,426,407,10,51,48,1,311.0,0.05,6.5e-05,31951.0,,,,
3389,8000,23751,1.7579,0.0191,3.4026,4.569,0.0089,0.07,6.14,0.91,0.0,786.0,400,379,7,51,48,1,334.0,0.06,6.5e-05,31971.0,,,,
3390,8000,23768,1.7072,0.0132,3.3144,4.655,0.0093,0.06,5.57,0.91,0.0,770.0,384,367,19,50,48,2,340.0,0.05,6.5e-05,31956.0,,,,
3391,8000,23784,1.6733,0.0106,3.2523,4.751,0.0081,0.06,5.51,0.92,0.0,690.0,356,316,18,52,46,3,380.0,0.05,6.5e-05,32013.0,,,,
3392,8000,23801,1.6569,0.0138,3.2125,4.698,0.0109,0.07,3.53,0.92,0.0,670.0,357,298,15,53,44,2,391.0,0.06,6.5e-05,31956.0,,,,
3393,8000,23817,1.6184,0.0127,3.1383,4.768,0.0101,0.07,4.44,0.93,0.0,596.0,299,278,19,50,47,3,440.0,0.07,6.5e-05,31955.0,,,,
3394,8000,23834,1.6275,0.0127,3.1568,4.79,0.0109,0.07,5.02,0.92,0.0,588.0,288,284,16,49,48,3,446.0,0.07,6.5e-05,31964.0,,,,
3395,8000,23850,1.6124,0.0056,3.14,4.786,0.0102,0.07,3.53,0.93,0.0,570.0,269,287,14,47,50,2,460.0,0.05,6.5e-05,32008.0,,,,
3396,8000,23867,1.6449,0.0039,3.2085,4.699,0.0083,0.06,4.96,0.93,0.0,610.0,285,311,14,47,51,2,430.0,0.06,6.5e-05,31975.0,,,,
3397,8000,23883,1.6567,-0.004,3.2473,4.604,0.0091,0.06,6.72,0.94,0.0,629.0,297,314,18,47,50,3,417.0,0.05,6.5e-05,31958.0,,,,
3398,8000,23900,1.7,0.0054,3.3137,4.554,0.008,0.06,7.48,0.93,0.0,682.0,342,332,8,50,49,1,384.0,0.05,6.5e-05,32016.0,,,,
3399,8000,23916,1.6694,0.0163,3.2321,4.671,0.0084,0.06,7.35,0.94,0.0,626.0,290,325,11,46,52,2,419.0,0.05,6.5e-05,32002.0,122,4,386,24
3400,8000,23948,1.7065,0.0182,3.3011,4.521,0.0097,0.07,7.3,0.93,0.0,705.0,367,326,12,52,46,2,372.0,0.03,6.5e-05,32116.0,,,,
3401,8000,23965,1.7177,-0.0012,3.3633,4.599,0.0099,0.07,4.61,0.91,0.0,674.0,327,338,9,49,50,1,389.0,0.02,6.5e-05,30818.0,,,,
3402,8000,23981,1.7241,0.0009,3.3709,4.491,0.0088,0.07,5.84,0.9,0.0,701.0,359,334,8,51,48,1,374.0,0.03,6.5e-05,31890.0,,,,
3403,8000,23998,1.7375,0.015,3.3698,4.442,0.0106,0.08,5.03,0.91,0.0,691.0,330,348,13,48,50,2,379.0,0.04,6.5e-05,31989.0,,,,
3404,8000,24014,1.6853,0.0143,3.2667,4.561,0.0106,0.08,4.13,0.92,0.0,637.0,309,323,5,49,51,1,412.0,0.04,6.5e-05,31994.0,,,,
3405,8000,24031,1.6612,0.0088,3.231,4.627,0.0097,0.08,4.16,0.93,0.0,585.0,298,279,8,51,48,1,448.0,0.04,6.5e-05,32028.0,,,,
3406,8000,24047,1.7101,0.0086,3.3276,4.518,0.0107,0.08,4.08,0.93,0.0,642.0,292,341,9,45,53,1,408.0,0.04,6.5e-05,31993.0,,,,
3407,8000,24064,1.7494,0.0108,3.4005,4.348,0.0129,0.09,3.51,0.91,0.0,792.0,383,406,3,48,51,0,331.0,0.05,6.5e-05,31994.0,,,,
3408,8000,24080,1.7984,0.0213,3.4772,4.285,0.0132,0.09,3.82,0.91,0.0,859.0,425,428,6,49,50,1,305.0,0.04,6.5e-05,31999.0,,,,
3409,8000,24096,1.8342,0.0134,3.5635,4.138,0.0113,0.09,4.14,0.9,0.0,992.0,523,469,0,53,47,0,264.0,0.04,6.5e-05,31989.0,,,,
3410,8000,24113,1.821,0.0181,3.5275,4.124,0.0108,0.08,4.08,0.92,0.0,952.0,506,446,0,53,47,0,275.0,0.05,6.5e-05,32032.0,,,,
3411,8000,24129,1.7934,0.007,3.4948,4.188,0.0079,0.07,5.63,0.93,0.0,869.0,441,426,2,51,49,0,302.0,0.06,6.5e-05,32000.0,,,,
3412,8000,24146,1.7903,0.0106,3.4806,4.091,0.0093,0.08,4.71,0.92,0.0,865.0,444,421,0,51,49,0,303.0,0.05,6.5e-05,32004.0,,,,
3413,8000,24162,1.8052,0.0077,3.515,3.988,0.0107,0.09,4.99,0.92,0.0,873.0,459,414,0,53,47,0,300.0,0.04,6.5e-05,32007.0,,,,
3414,8000,24179,1.7605,-0.0083,3.4581,4.009,0.0099,0.08,4.09,0.92,0.0,861.0,446,413,2,52,48,0,304.0,0.03,6.5e-05,31998.0,,,,
3415,8000,24195,1.7934,0.0087,3.4896,3.976,0.0126,0.09,5.23,0.92,0.0,821.0,439,380,2,53,46,0,319.0,0.03,6.5e-05,31989.0,,,,
3416,8000,24212,1.8043,0.0129,3.5034,4.006,0.012,0.09,5.79,0.92,0.0,840.0,477,362,1,57,43,0,312.0,0.04,6.5e-05,31981.0,,,,
3417,8000,24228,1.8082,-0.0081,3.553,3.948,0.0113,0.09,5.89,0.92,0.0,941.0,509,431,1,54,46,0,279.0,0.03,6.5e-05,31993.0,,,,
3418,8000,24244,1.8195,-0.0076,3.5741,3.891,0.0113,0.09,5.12,0.92,0.0,970.0,470,498,2,48,51,0,270.0,0.04,6.5e-05,31997.0,,,,
3419,8000,24261,1.8207,0.0048,3.5519,3.903,0.0099,0.08,5.84,0.92,0.0,956.0,440,514,2,46,54,0,274.0,0.02,6.5e-05,32023.0,,,,
3420,8000,24277,1.7844,0.0097,3.4695,3.921,0.0118,0.09,5.37,0.93,0.0,897.0,437,459,1,49,51,0,292.0,0.01,6.5e-05,32007.0,,,,
3421,8000,24294,1.838,0.0257,3.5462,4.098,0.0132,0.09,5.42,0.91,0.0,866.0,367,499,0,42,58,0,303.0,0.02,6.5e-05,30821.0,,,,
3422,8000,24311,1.7594,0.0248,3.3928,4.354,0.0095,0.07,8.14,0.93,0.0,726.0,358,364,4,49,50,1,361.0,0.05,6.5e-05,31998.0,,,,
3423,8000,24327,1.7623,0.0009,3.4455,4.259,0.0106,0.08,5.71,0.91,0.0,769.0,361,406,2,47,53,0,341.0,0.08,6.5e-05,31959.0,,,,
3424,8000,24344,1.7721,0.0013,3.4635,4.103,0.0121,0.1,4.04,0.91,0.0,827.0,365,458,4,44,55,0,317.0,0.08,6.5e-05,31956.0,,,,
3425,8000,24360,1.7859,0.0017,3.4904,4.097,0.0143,0.1,4.13,0.91,0.0,947.0,426,518,3,45,55,0,277.0,0.06,6.5e-05,31969.0,,,,
3426,8000,24377,1.793,0.0068,3.4942,4.038,0.0101,0.08,6.32,0.91,0.0,927.0,442,479,6,48,52,1,283.0,0.05,6.5e-05,31972.0,,,,
3427,8000,24393,1.7655,0.0134,3.4256,4.091,0.0114,0.09,4.73,0.92,0.0,893.0,445,443,5,50,50,1,294.0,0.05,6.5e-05,31970.0,,,,
3428,8000,24410,1.7875,0.0187,3.4598,4.103,0.0127,0.09,4.45,0.92,0.0,894.0,438,452,4,49,51,0,293.0,0.05,6.5e-05,31953.0,,,,
3429,8000,24426,1.786,0.0283,3.4373,4.109,0.011,0.09,5.25,0.92,0.0,836.0,406,425,5,49,51,1,314.0,0.03,6.5e-05,31985.0,,,,
3430,8000,24443,1.7273,0.0095,3.3566,4.113,0.0099,0.08,5.95,0.94,0.0,741.0,356,384,1,48,52,0,354.0,0.03,6.5e-05,31985.0,,,,
3431,8000,24459,1.7293,0.0055,3.3693,4.179,0.0081,0.07,8.47,0.93,0.0,728.0,354,370,4,49,51,1,360.0,0.04,6.5e-05,31962.0,,,,
3432,8000,24475,1.7331,0.02,3.3478,4.085,0.0098,0.08,7.16,0.94,0.0,696.0,335,352,9,48,51,1,377.0,0.06,6.5e-05,31965.0,,,,
3433,8000,24492,1.7296,0.0223,3.3357,4.093,0.01,0.07,7.21,0.94,0.0,751.0,406,339,6,54,45,1,349.0,0.06,6.5e-05,31955.0,,,,
3434,8000,24508,1.6911,0.0217,3.2613,4.199,0.0128,0.08,6.66,0.94,0.0,681.0,340,332,9,50,49,1,385.0,0.08,6.5e-05,32001.0,,,,
3435,8000,24525,1.6907,0.0187,3.2669,4.295,0.0097,0.07,10.83,0.95,0.0,644.0,356,280,8,55,43,1,407.0,0.08,6.4e-05,31968.0,,,,
3436,8000,24541,1.6747,0.0198,3.2329,4.31,0.0113,0.07,6.25,0.95,0.0,607.0,331,266,10,55,44,2,432.0,0.1,6.4e-05,31938.0,,,,
3437,8000,24558,1.6384,0.0161,3.1697,4.517,0.0073,0.05,10.78,0.95,0.0,604.0,340,253,11,56,42,2,434.0,0.09,6.4e-05,31971.0,,,,
3438,8000,24574,1.6961,0.0293,3.2567,4.264,0.0092,0.07,8.8,0.95,0.0,618.0,320,285,13,52,46,2,424.0,0.1,6.4e-05,31961.0,,,,
3439,8000,24591,1.7282,0.0211,3.3368,4.271,0.0124,0.08,9.12,0.95,0.0,727.0,363,348,16,50,48,2,361.0,0.06,6.4e-05,32000.0,,,,
3440,8000,24607,1.7373,0.0182,3.3611,4.26,0.0108,0.07,9.99,0.95,0.0,809.0,413,384,12,51,47,1,324.0,0.06,6.4e-05,31952.0,,,,
3441,8000,24624,1.6935,0.0338,3.2446,4.508,0.0119,0.08,6.02,0.94,0.0,589.0,285,297,7,48,50,1,445.0,0.06,6.4e-05,30826.0,,,,
3442,8000,24641,1.7031,0.025,3.2814,4.575,0.0098,0.07,8.83,0.93,0.0,568.0,289,277,2,51,49,0,462.0,0.06,6.4e-05,31955.0,,,,
3443,8000,24657,1.6924,0.0184,3.2732,4.578,0.0077,0.06,11.16,0.93,0.0,534.0,264,267,3,49,50,1,491.0,0.07,6.4e-05,32025.0,,,,
3444,8000,24674,1.6998,0.0236,3.2768,4.463,0.0086,0.07,10.33,0.93,0.0,558.0,273,281,4,49,50,1,470.0,0.1,6.4e-05,31981.0,,,,
3445,8000,24690,1.6976,0.0231,3.2745,4.535,0.0106,0.08,11.37,0.93,0.0,616.0,289,321,6,47,52,1,426.0,0.09,6.4e-05,32020.0,,,,
3446,8000,24706,1.7211,0.0272,3.3121,4.404,0.0101,0.08,11.68,0.93,0.0,598.0,270,322,6,45,54,1,438.0,0.1,6.4e-05,31985.0,,,,
3447,8000,24723,1.7333,0.0282,3.334,4.354,0.0093,0.07,10.93,0.94,0.0,630.0,283,342,5,45,54,1,416.0,0.09,6.4e-05,31994.0,,,,
3448,8000,24739,1.7301,0.0355,3.3144,4.482,0.0121,0.08,12.22,0.94,0.0,597.0,318,271,8,53,45,1,439.0,0.07,6.4e-05,32009.0,,,,
3449,8000,24756,1.7397,0.0466,3.3112,4.387,0.0123,0.08,9.76,0.95,0.0,641.0,317,318,6,49,50,1,409.0,0.06,6.4e-05,31981.0,237,0,275,46
3450,8000,24787,1.7714,0.051,3.3653,4.356,0.0114,0.08,10.4,0.94,0.0,666.0,336,323,7,50,48,1,394.0,0.05,6.4e-05,32093.0,,,,
3451,8000,24804,1.7628,0.0509,3.3479,4.296,0.0103,0.07,11.59,0.95,0.0,668.0,347,315,6,52,47,1,392.0,0.07,6.4e-05,31968.0,,,,
3452,8000,24820,1.8316,0.0367,3.5115,4.087,0.0127,0.09,9.24,0.94,0.0,801.0,439,359,3,55,45,0,327.0,0.08,6.4e-05,31954.0,,,,
3453,8000,24837,1.8577,0.0451,3.548,4.077,0.0147,0.1,9.17,0.93,0.0,834.0,432,396,6,52,47,1,314.0,0.04,6.4e-05,32018.0,,,,
3454,8000,24853,1.8291,0.026,3.5272,4.008,0.0114,0.09,13.24,0.93,0.0,835.0,384,450,1,46,54,0,314.0,0.06,6.4e-05,32023.0,,,,
3455,8000,24870,1.828,0.0402,3.4964,3.994,0.0159,0.11,8.03,0.93,0.0,850.0,403,445,2,47,52,0,308.0,0.06,6.4e-05,31960.0,,,,
3456,8000,24886,1.8076,0.0413,3.4543,4.092,0.0147,0.09,7.15,0.93,0.0,861.0,428,429,4,50,50,0,304.0,0.06,6.4e-05,31950.0,,,,
3457,8000,24903,1.7429,0.0434,3.3225,4.392,0.0146,0.09,8.53,0.95,0.0,720.0,376,342,2,52,48,0,364.0,0.05,6.4e-05,31965.0,,,,
3458,8000,24919,1.7375,0.0383,3.3218,4.367,0.012,0.08,14.49,0.94,0.0,716.0,347,368,1,48,51,0,366.0,0.05,6.4e-05,31977.0,,,,
3459,8000,24936,1.7501,0.0496,3.3243,4.367,0.0153,0.08,8.09,0.94,0.0,687.0,327,358,2,48,52,0,382.0,0.07,6.4e-05,32012.0,,,,
3460,8000,24952,1.7493,0.0389,3.3429,4.273,0.013,0.09,4.91,0.94,0.0,703.0,363,340,0,52,48,0,373.0,0.07,6.4e-05,32023.0,,,,
3461,8000,24969,1.7452,0.038,3.338,4.403,0.0139,0.09,7.4,0.93,0.0,672.0,344,326,2,51,49,0,390.0,0.05,6.4e-05,30857.0,,,,
3462,8000,24986,1.6902,0.0271,3.2517,4.699,0.0101,0.07,12.68,0.93,0.0,555.0,270,284,1,49,51,0,472.0,0.05,6.4e-05,31913.0,,,,
3463,8000,25002,1.7789,0.0277,3.4263,4.419,0.0116,0.08,6.77,0.91,0.0,678.0,367,308,3,54,45,0,387.0,0.05,6.4e-05,31862.0,,,,
3464,8000,25019,1.7358,0.02,3.3564,4.516,0.0151,0.1,5.17,0.93,0.0,718.0,342,372,4,48,52,1,365.0,0.06,6.4e-05,31860.0,,,,
3465,8000,25035,1.6993,0.0098,3.3037,4.549,0.0134,0.09,4.32,0.93,0.0,714.0,346,365,3,48,51,0,367.0,0.06,6.4e-05,31865.0,,,,
3466,8000,25052,1.7548,0.0185,3.3959,4.401,0.0113,0.08,12.59,0.93,0.0,769.0,374,393,2,49,51,0,341.0,0.06,6.4e-05,31864.0,,,,
3467,8000,25068,1.7892,0.0103,3.4796,4.281,0.008,0.06,18.13,0.94,0.0,735.0,364,370,1,50,50,0,357.0,0.05,6.4e-05,31940.0,,,,
3468,8000,25085,1.7273,-0.0002,3.3761,4.162,0.0083,0.07,10.66,0.94,0.0,704.0,353,347,4,50,49,1,372.0,0.04,6.4e-05,31960.0,,,,
3469,8000,25101,1.7236,0.0085,3.3518,4.164,0.0097,0.07,11.94,0.94,0.0,752.0,338,408,6,45,54,1,349.0,0.04,6.4e-05,31973.0,,,,
3470,8000,25118,1.7494,0.021,3.3786,4.06,0.0083,0.07,13.42,0.94,0.0,747.0,363,374,10,49,50,1,351.0,0.03,6.4e-05,31948.0,,,,
3471,8000,25134,1.7636,0.0204,3.4071,4.046,0.0097,0.07,14.03,0.95,0.0,751.0,352,393,6,47,52,1,349.0,0.03,6.4e-05,31926.0,,,,
3472,8000,25151,1.7085,0.0243,3.2893,4.077,0.0123,0.08,9.34,0.95,0.0,700.0,330,363,7,47,52,1,374.0,0.03,6.4e-05,31939.0,,,,
3473,8000,25167,1.7426,0.0338,3.3386,4.098,0.0146,0.09,15.6,0.95,0.0,674.0,307,360,7,46,53,1,389.0,0.02,6.4e-05,31949.0,,,,
3474,8000,25184,1.6635,0.0341,3.1816,4.274,0.0139,0.09,8.79,0.96,0.0,594.0,299,288,7,50,48,1,441.0,0.03,6.4e-05,31955.0,,,,
3475,8000,25200,1.6608,0.0345,3.176,4.308,0.0116,0.08,8.7,0.95,0.0,556.0,269,281,6,48,51,1,471.0,0.04,6.4e-05,31953.0,,,,
3476,8000,25217,1.6763,0.0147,3.2466,4.27,0.008,0.06,14.79,0.95,0.0,556.0,254,294,8,46,53,1,471.0,0.03,6.4e-05,31989.0,,,,
3477,8000,25233,1.6804,0.0173,3.2489,4.281,0.0085,0.06,16.47,0.95,0.0,561.0,261,296,4,47,53,1,467.0,0.03,6.4e-05,31959.0,,,,
3478,8000,25250,1.6714,0.02,3.2254,4.252,0.0112,0.07,14.85,0.95,0.0,523.0,262,253,8,50,48,2,501.0,0.04,6.4e-05,31939.0,,,,
3479,8000,25266,1.655,0.0228,3.1885,4.417,0.0084,0.07,17.67,0.95,0.0,470.0,236,229,5,50,49,1,558.0,0.03,6.4e-05,31954.0,,,,
3480,8000,25282,1.6661,0.0225,3.2097,4.304,0.0097,0.07,14.29,0.95,0.0,546.0,251,294,1,46,54,0,480.0,0.02,6.4e-05,31948.0,,,,
3481,8000,25300,1.6983,0.028,3.266,4.479,0.0113,0.07,17.22,0.95,0.0,515.0,293,214,8,57,42,2,509.0,0.02,6.4e-05,30809.0,,,,
3482,8000,25316,1.6628,0.0356,3.179,4.576,0.0115,0.07,12.48,0.95,0.0,437.0,232,203,2,53,46,0,600.0,0.04,6.4e-05,31925.0,,,,
3483,8000,25333,1.6612,0.0346,3.1784,4.571,0.0127,0.08,10.51,0.94,0.0,451.0,266,179,6,59,40,1,581.0,0.03,6.4e-05,31926.0,,,,
3484,8000,25349,1.7024,0.0366,3.2568,4.507,0.0115,0.07,18.11,0.95,0.0,502.0,238,253,11,47,50,2,522.0,0.03,6.3e-05,31961.0,,,,
3485,8000,25366,1.6884,0.0375,3.2261,4.504,0.0179,0.09,12.75,0.94,0.0,548.0,259,279,10,47,51,2,478.0,0.04,6.3e-05,31911.0,,,,
3486,8000,25382,1.687,0.0293,3.2392,4.455,0.0132,0.08,10.86,0.94,0.0,579.0,250,318,11,43,55,2,453.0,0.03,6.3e-05,31928.0,,,,
3487,8000,25398,1.6492,0.0222,3.1792,4.459,0.0106,0.07,10.9,0.95,0.0,514.0,222,266,26,43,52,5,510.0,0.03,6.3e-05,31974.0,,,,
3488,8000,25415,1.6529,0.0191,3.1925,4.484,0.0075,0.06,15.86,0.94,0.0,493.0,216,255,22,44,52,4,532.0,0.03,6.3e-05,31911.0,,,,
3489,8000,25431,1.6722,0.0397,3.1888,4.422,0.0146,0.09,12.03,0.95,0.0,500.0,236,244,20,47,49,4,524.0,0.03,6.3e-05,31955.0,,,,
3490,8000,25448,1.6739,0.0358,3.2006,4.4,0.0137,0.08,9.46,0.94,0.0,557.0,257,285,15,46,51,3,471.0,0.02,6.3e-05,31912.0,,,,
3491,8000,25464,1.6939,0.0317,3.2502,4.402,0.0115,0.08,12.52,0.95,0.0,585.0,278,278,29,48,48,5,448.0,0.02,6.3e-05,31912.0,,,,
3492,8000,25481,1.6761,0.0364,3.2066,4.406,0.0104,0.07,25.66,0.95,0.0,503.0,226,249,28,45,50,6,521.0,0.02,6.3e-05,31973.0,,,,
3493,8000,25497,1.6449,0.0382,3.1387,4.419,0.0104,0.07,17.53,0.95,0.0,456.0,206,231,19,45,51,4,575.0,0.02,6.3e-05,31923.0,,,,
3494,8000,25514,1.6423,0.0452,3.1215,4.434,0.0141,0.08,17.32,0.95,0.0,481.0,206,246,29,43,51,6,545.0,0.02,6.3e-05,31909.0,,,,
3495,8000,25530,1.6709,0.0306,3.2063,4.171,0.0146,0.09,14.34,0.93,0.0,473.0,221,212,40,47,45,8,554.0,0.03,6.3e-05,31976.0,,,,
3496,8000,25547,1.6858,0.0322,3.2327,4.279,0.012,0.09,11.23,0.93,0.0,556.0,229,299,28,41,54,5,471.0,0.02,6.3e-05,31980.0,,,,
3497,8000,25563,1.6565,0.0319,3.1742,4.282,0.0135,0.09,13.54,0.94,0.0,524.0,236,266,22,45,51,4,500.0,0.03,6.3e-05,31930.0,,,,
3498,8000,25580,1.6098,0.0364,3.0735,4.489,0.012,0.08,11.46,0.94,0.0,483.0,199,257,27,41,53,6,543.0,0.04,6.3e-05,31963.0,,,,
3499,8000,25596,1.661,0.0341,3.182,4.563,0.0165,0.09,11.67,0.93,0.0,538.0,208,294,36,39,55,7,487.0,0.03,6.3e-05,31906.0,140,3,369,27
3500,8000,25628,1.6911,0.031,3.2455,4.418,0.014,0.09,11.23,0.92,0.0,632.0,233,372,27,37,59,4,415.0,0.02,6.3e-05,32112.0,,,,
3501,8000,25645,1.7465,0.0297,3.3581,4.443,0.0148,0.09,8.81,0.91,0.0,638.0,261,342,35,41,54,5,411.0,0.03,6.3e-05,30775.0,,,,
3502,8000,25661,1.7046,0.0262,3.2836,4.704,0.0118,0.08,9.55,0.92,0.0,573.0,234,320,19,41,56,3,457.0,0.03,6.3e-05,31950.0,,,,
3503,8000,25678,1.7197,0.0069,3.3531,4.688,0.0111,0.08,12.6,0.92,0.0,581.0,262,298,21,45,51,4,451.0,0.05,6.3e-05,31995.0,,,,
3504,8000,25694,1.6881,0.0177,3.2676,4.644,0.016,0.1,10.01,0.93,0.0,563.0,253,295,15,45,52,3,466.0,0.06,6.3e-05,31948.0,,,,
3505,8000,25711,1.7109,0.0212,3.3045,4.535,0.0142,0.1,9.45,0.93,0.0,565.0,296,263,6,52,47,1,464.0,0.05,6.3e-05,31928.0,,,,
3506,8000,25727,1.7022,0.0115,3.3071,4.592,0.0097,0.07,9.29,0.93,0.0,635.0,320,311,4,50,49,1,413.0,0.04,6.3e-05,31984.0,,,,
3507,8000,25744,1.71,0.0243,3.297,4.554,0.0131,0.09,11.19,0.93,0.0,572.0,305,259,8,53,45,1,458.0,0.04,6.3e-05,31928.0,,,,
3508,8000,25760,1.6919,0.023,3.2637,4.64,0.0133,0.09,10.43,0.93,0.0,639.0,347,281,11,54,44,2,410.0,0.03,6.3e-05,31975.0,,,,
3509,8000,25777,1.7283,0.0209,3.3407,4.628,0.0091,0.06,14.79,0.93,0.0,617.0,331,285,1,54,46,0,425.0,0.04,6.3e-05,31987.0,,,,
3510,8000,25793,1.728,0.0305,3.3198,4.484,0.0105,0.08,12.33,0.93,0.0,621.0,324,295,2,52,48,0,422.0,0.05,6.3e-05,31992.0,,,,
3511,8000,25810,1.7151,0.0266,3.3018,4.479,0.0114,0.09,10.85,0.93,0.0,644.0,342,294,8,53,46,1,407.0,0.04,6.3e-05,31945.0,,,,
3512,8000,25826,1.7699,0.0398,3.3849,4.441,0.0137,0.1,8.93,0.93,0.0,777.0,374,388,15,48,50,2,337.0,0.03,6.3e-05,31954.0,,,,
3513,8000,25843,1.7736,0.0323,3.4083,4.534,0.0154,0.1,8.17,0.93,0.0,724.0,386,330,8,53,46,1,362.0,0.03,6.3e-05,31991.0,,,,
3514,8000,25859,1.742,0.0287,3.3524,4.623,0.0093,0.07,12.15,0.95,0.0,640.0,329,302,9,51,47,1,410.0,0.02,6.3e-05,31940.0,,,,
3515,8000,25876,1.7211,0.032,3.3058,4.766,0.0079,0.07,19.04,0.95,0.0,552.0,290,257,5,53,47,1,475.0,0.03,6.3e-05,31947.0,,,,
3516,8000,25892,1.7643,0.0344,3.3861,4.623,0.0113,0.08,13.57,0.93,0.0,677.0,356,313,8,53,46,1,387.0,0.03,6.3e-05,31981.0,,,,
3517,8000,25908,1.7195,0.0248,3.3158,4.673,0.0098,0.08,9.39,0.94,0.0,674.0,325,335,14,48,50,2,389.0,0.03,6.3e-05,32005.0,,,,
3518,8000,25925,1.7443,0.0231,3.3682,4.571,0.0185,0.1,12.37,0.93,0.0,707.0,353,340,14,50,48,2,371.0,0.04,6.3e-05,31959.0,,,,
3519,8000,25941,1.7163,0.0067,3.3451,4.56,0.0127,0.09,9.08,0.93,0.0,712.0,339,364,9,48,51,1,368.0,0.03,6.3e-05,31944.0,,,,
3520,8000,25958,1.6428,-0.0,3.2136,4.831,0.0135,0.09,5.14,0.94,0.0,593.0,283,300,10,48,51,2,442.0,0.04,6.3e-05,31959.0,,,,
3521,8000,25975,1.6353,0.0005,3.1993,4.991,0.0109,0.08,6.01,0.93,0.0,543.0,272,264,7,50,49,1,483.0,0.05,6.3e-05,30846.0,,,,
3522,8000,25991,1.6258,0.0089,3.1642,5.076,0.009,0.07,5.36,0.93,0.0,512.0,243,259,10,47,51,2,512.0,0.05,6.3e-05,31923.0,,,,
3523,8000,26008,1.6497,0.0059,3.2172,5.023,0.01,0.08,4.71,0.92,0.0,549.0,279,262,8,51,48,1,477.0,0.04,6.3e-05,31947.0,,,,
3524,8000,26024,1.6325,0.004,3.1871,5.053,0.0101,0.07,4.33,0.92,0.0,549.0,300,244,5,55,44,1,477.0,0.05,6.3e-05,31942.0,,,,
3525,8000,26041,1.6498,0.0047,3.2201,4.968,0.0097,0.08,4.5,0.92,0.0,588.0,317,261,10,54,44,2,446.0,0.05,6.3e-05,31992.0,,,,
3526,8000,26057,1.6596,-0.0016,3.2531,5.039,0.0067,0.06,8.75,0.91,0.0,578.0,297,270,11,51,47,2,454.0,0.04,6.3e-05,31931.0,,,,
3527,8000,26074,1.5985,0.0002,3.1274,5.029,0.0076,0.06,9.54,0.93,0.0,520.0,264,238,18,51,46,3,504.0,0.06,6.3e-05,31994.0,,,,
3528,8000,26090,1.6474,0.0016,3.2219,4.989,0.0086,0.07,6.69,0.92,0.0,618.0,331,268,19,54,43,3,424.0,0.08,6.3e-05,31919.0,,,,
3529,8000,26107,1.6882,0.0043,3.2979,4.867,0.0084,0.07,11.56,0.93,0.0,588.0,282,284,22,48,48,4,446.0,0.07,6.3e-05,31941.0,,,,
3530,8000,26123,1.6564,-0.0017,3.2467,4.925,0.0088,0.07,6.92,0.93,0.0,689.0,357,311,21,52,45,3,380.0,0.07,6.3e-05,32009.0,,,,
3531,8000,26140,1.6839,0.0024,3.293,4.947,0.0113,0.08,9.54,0.94,0.0,655.0,351,288,16,54,44,2,400.0,0.07,6.3e-05,31951.0,,,,
3532,8000,26156,1.7146,-0.0059,3.3701,4.879,0.0075,0.06,12.91,0.94,0.0,673.0,345,312,16,51,46,2,390.0,0.09,6.3e-05,31940.0,,,,
3533,8000,26173,1.648,0.0008,3.2237,4.879,0.0086,0.06,5.68,0.94,0.0,656.0,351,290,15,54,44,2,400.0,0.1,6.3e-05,31940.0,,,,
3534,8000,26189,1.6483,-0.005,3.2372,4.956,0.0077,0.06,8.57,0.94,0.0,637.0,331,287,19,52,45,3,412.0,0.07,6.2e-05,31957.0,,,,
3535,8000,26205,1.6444,-0.0067,3.2326,4.967,0.0109,0.07,6.22,0.94,0.0,675.0,347,311,17,51,46,3,388.0,0.05,6.2e-05,31977.0,,,,
3536,8000,26222,1.6349,0.0068,3.1877,5.049,0.0125,0.07,7.42,0.94,0.0,603.0,314,267,22,52,44,4,435.0,0.05,6.2e-05,31941.0,,,,
3537,8000,26238,1.5922,0.0011,3.1127,5.063,0.0094,0.06,4.51,0.94,0.0,598.0,293,284,21,49,47,4,438.0,0.05,6.2e-05,31932.0,,,,
3538,8000,26255,1.5986,-0.002,3.133,4.925,0.0079,0.06,7.61,0.94,0.0,534.0,245,245,44,46,46,8,491.0,0.05,6.2e-05,31929.0,,,,
3539,8000,26271,1.6198,-0.0014,3.1734,4.918,0.0095,0.06,6.64,0.93,0.0,603.0,274,283,46,45,47,8,435.0,0.04,6.2e-05,31932.0,,,,
3540,8000,26288,1.604,0.0024,3.136,5.035,0.0086,0.06,7.53,0.95,0.0,563.0,249,270,44,44,48,8,466.0,0.04,6.2e-05,31931.0,,,,
3541,8000,26305,1.5653,0.0039,3.0571,5.214,0.0057,0.04,12.6,0.95,0.0,450.0,190,205,55,42,46,12,583.0,0.04,6.2e-05,30851.0,,,,
3542,8000,26321,1.5064,0.0034,2.941,5.335,0.0068,0.04,18.2,0.95,0.0,333.0,124,164,45,37,49,14,787.0,0.02,6.2e-05,32010.0,,,,
3543,8000,26338,1.5128,-0.0045,2.9697,5.267,0.0062,0.04,24.11,0.95,0.0,315.0,120,142,53,38,45,17,832.0,0.02,6.2e-05,31978.0,,,,
3544,8000,26354,1.4786,-0.0048,2.9042,5.264,0.0061,0.04,10.1,0.95,0.0,341.0,135,134,72,40,39,21,769.0,0.01,6.2e-05,31957.0,,,,
3545,8000,26371,1.5052,-0.0009,2.9488,5.181,0.0086,0.05,12.05,0.96,0.0,436.0,172,175,89,39,40,20,601.0,0.01,6.2e-05,31969.0,,,,
3546,8000,26387,1.5054,-0.0031,2.9554,5.215,0.0103,0.06,7.35,0.95,0.0,428.0,160,194,74,37,45,17,612.0,0.01,6.2e-05,32021.0,,,,
3547,8000,26404,1.4907,-0.004,2.9274,5.278,0.0115,0.06,6.55,0.95,0.0,394.0,163,171,60,41,43,15,665.0,0.01,6.2e-05,31959.0,,,,
3548,8000,26420,1.5416,-0.0041,3.0292,5.188,0.0102,0.06,11.2,0.94,0.0,450.0,180,206,64,40,46,14,583.0,0.01,6.2e-05,32024.0,,,,
3549,8000,26437,1.5336,0.0007,3.0048,5.17,0.0104,0.06,8.39,0.95,0.0,446.0,161,210,75,36,47,17,588.0,0.01,6.2e-05,31994.0,207,4,301,40
3550,8000,26468,1.5479,-0.0013,3.0376,5.126,0.0076,0.05,17.31,0.95,0.0,465.0,177,213,75,38,46,16,564.0,0.01,6.2e-05,32093.0,,,,
3551,8000,26485,1.6009,0.0016,3.133,5.01,0.0073,0.05,14.85,0.95,0.0,473.0,207,216,50,44,46,11,554.0,0.01,6.2e-05,31971.0,,,,
3552,8000,26501,1.624,0.0003,3.1804,5.096,0.0083,0.06,28.67,0.94,0.0,453.0,209,211,33,46,47,7,579.0,0.01,6.2e-05,32012.0,,,,
3553,8000,26518,1.6314,0.0126,3.1726,4.917,0.0107,0.06,14.67,0.94,0.0,541.0,240,238,63,44,44,12,485.0,0.01,6.2e-05,31976.0,,,,
3554,8000,26534,1.6571,0.0282,3.1916,4.832,0.0168,0.09,6.65,0.94,0.0,619.0,272,281,66,44,45,11,423.0,0.01,6.2e-05,31965.0,,,,
3555,8000,26551,1.6407,0.0157,3.1827,4.824,0.0114,0.07,10.76,0.95,0.0,582.0,243,288,51,42,49,9,450.0,0.01,6.2e-05,31965.0,,,,
3556,8000,26567,1.6279,0.0206,3.1468,4.733,0.0129,0.07,8.51,0.95,0.0,616.0,277,284,55,45,46,9,426.0,0.0,6.2e-05,31946.0,,,,
3557,8000,26583,1.6444,0.0173,3.1832,4.799,0.009,0.06,12.92,0.95,0.0,586.0,287,265,34,49,45,6,447.0,0.0,6.2e-05,31963.0,,,,
3558,8000,26600,1.6186,0.0246,3.1175,4.823,0.0102,0.06,12.01,0.95,0.0,564.0,243,273,48,43,48,9,465.0,0.0,6.2e-05,31961.0,,,,
3559,8000,26616,1.6522,0.0205,3.1918,4.676,0.0109,0.07,10.63,0.94,0.0,587.0,278,256,53,47,44,9,447.0,0.0,6.2e-05,32010.0,,,,
3560,8000,26633,1.6662,0.0314,3.1981,4.618,0.0134,0.08,6.89,0.94,0.0,657.0,288,325,44,44,49,7,399.0,0.01,6.2e-05,31989.0,,,,
3561,8000,26650,1.667,0.0213,3.2209,4.809,0.0109,0.07,9.2,0.93,0.0,586.0,242,280,64,41,48,11,447.0,0.01,6.2e-05,30822.0,,,,
3562,8000,26666,1.6347,0.0178,3.1623,4.805,0.0109,0.07,9.9,0.93,0.0,562.0,234,268,60,42,48,11,466.0,0.01,6.2e-05,31945.0,,,,
3563,8000,26683,1.6105,0.0207,3.1081,4.843,0.0112,0.07,7.28,0.93,0.0,527.0,244,242,41,46,46,8,497.0,0.01,6.2e-05,31957.0,,,,
3564,8000,26699,1.6309,0.0111,3.1684,4.797,0.0116,0.08,14.41,0.93,0.0,534.0,229,264,41,43,49,8,491.0,0.01,6.2e-05,31965.0,,,,
3565,8000,26716,1.5861,0.0131,3.0754,4.761,0.0136,0.08,6.54,0.94,0.0,515.0,216,231,68,42,45,13,509.0,0.02,6.2e-05,31929.0,,,,
3566,8000,26732,1.6556,0.0238,3.1908,4.644,0.0149,0.09,5.52,0.93,0.0,563.0,276,238,49,49,42,9,466.0,0.02,6.2e-05,31949.0,,,,
3567,8000,26749,1.6677,0.0184,3.2243,4.568,0.0123,0.08,6.32,0.93,0.0,613.0,297,287,29,48,47,5,428.0,0.03,6.2e-05,31940.0,,,,
3568,8000,26765,1.6698,0.0121,3.2416,4.535,0.0118,0.07,6.4,0.93,0.0,663.0,290,325,48,44,49,7,395.0,0.04,6.2e-05,31994.0,,,,
3569,8000,26782,1.7506,0.0132,3.4,4.447,0.0111,0.08,5.68,0.92,0.0,772.0,383,353,36,50,46,5,340.0,0.03,6.2e-05,31936.0,,,,
3570,8000,26798,1.7578,0.0095,3.4215,4.412,0.0113,0.08,9.59,0.92,0.0,749.0,362,362,25,48,48,3,350.0,0.03,6.2e-05,32002.0,,,,
3571,8000,26815,1.7747,0.028,3.4191,4.353,0.0122,0.09,4.91,0.91,0.0,843.0,390,416,37,46,49,4,311.0,0.03,6.2e-05,31991.0,,,,
3572,8000,26831,1.7934,0.0234,3.4642,4.271,0.0114,0.09,5.21,0.91,0.0,879.0,452,395,32,51,45,4,298.0,0.05,6.2e-05,31945.0,,,,
3573,8000,26848,1.7632,0.0162,3.4176,4.229,0.0123,0.09,3.96,0.92,0.0,846.0,414,410,22,49,48,3,310.0,0.05,6.2e-05,31942.0,,,,
3574,8000,26864,1.7434,0.0041,3.4026,4.254,0.0152,0.1,3.95,0.92,0.0,842.0,407,408,27,48,48,3,311.0,0.08,6.2e-05,31962.0,,,,
3575,8000,26880,1.7727,0.0038,3.4614,4.166,0.0122,0.1,4.61,0.92,0.0,898.0,442,437,19,49,49,2,292.0,0.07,6.2e-05,31979.0,,,,
3576,8000,26897,1.7826,0.0177,3.4539,4.173,0.0149,0.1,3.51,0.92,0.0,919.0,443,456,20,48,50,2,285.0,0.09,6.2e-05,31932.0,,,,
3577,8000,26913,1.8158,0.0188,3.5184,4.214,0.0115,0.08,4.87,0.92,0.0,975.0,460,494,21,47,51,2,269.0,0.07,6.2e-05,31957.0,,,,
3578,8000,26930,1.8198,0.0331,3.4976,4.2,0.0127,0.09,6.83,0.92,0.0,898.0,425,459,14,47,51,2,292.0,0.05,6.2e-05,31957.0,,,,
3579,8000,26946,1.8017,0.0223,3.4815,4.119,0.0105,0.08,6.73,0.92,0.0,912.0,411,491,10,45,54,1,287.0,0.04,6.2e-05,31958.0,,,,
3580,8000,26963,1.7712,-0.0018,3.4693,4.123,0.0101,0.08,5.15,0.93,0.0,861.0,403,446,12,47,52,1,304.0,0.04,6.2e-05,31962.0,,,,
3581,8000,26980,1.8082,-0.0004,3.5405,4.145,0.0101,0.07,6.63,0.91,0.0,926.0,443,465,18,48,50,2,283.0,0.04,6.2e-05,30795.0,,,,
3582,8000,26996,1.7865,-0.0125,3.5218,4.175,0.0128,0.09,5.45,0.92,0.0,976.0,446,518,12,46,53,1,269.0,0.02,6.2e-05,31904.0,,,,
3583,8000,27013,1.8205,-0.0158,3.5946,4.085,0.0091,0.07,7.51,0.91,0.0,1040.0,511,515,14,49,50,1,252.0,0.02,6.2e-05,31880.0,,,,
3584,8000,27029,1.8058,-0.0055,3.5455,4.131,0.012,0.09,4.57,0.91,0.0,1130.0,597,517,16,53,46,1,232.0,0.03,6.2e-05,31924.0,,,,
3585,8000,27046,1.882,0.0075,3.6713,4.039,0.0144,0.1,5.8,0.91,0.0,1264.0,626,627,11,50,50,1,207.0,0.03,6.2e-05,31935.0,,,,
3586,8000,27062,1.854,0.0134,3.6032,4.047,0.0137,0.1,3.93,0.91,0.0,1190.0,580,604,6,49,51,1,220.0,0.03,6.2e-05,31977.0,,,,
3587,8000,27079,1.8548,-0.0037,3.6397,4.041,0.0117,0.09,4.28,0.91,0.0,1179.0,579,593,7,49,50,1,222.0,0.02,6.1e-05,31937.0,,,,
3588,8000,27095,1.8954,0.0213,3.6701,4.005,0.0103,0.08,6.0,0.91,0.0,1162.0,603,553,6,52,48,1,226.0,0.03,6.1e-05,31936.0,,,,
3589,8000,27112,1.8762,0.0452,3.5831,3.93,0.0138,0.1,3.9,0.91,0.0,1151.0,590,561,0,51,49,0,228.0,0.04,6.1e-05,31970.0,,,,
3590,8000,27128,1.8871,0.0279,3.64,3.92,0.0122,0.09,3.51,0.91,0.0,1198.0,593,601,4,49,50,0,219.0,0.06,6.1e-05,31973.0,,,,
3591,8000,27145,1.8869,0.0265,3.6411,3.806,0.0139,0.1,4.06,0.91,0.0,1195.0,614,580,1,51,49,0,219.0,0.06,6.1e-05,31974.0,,,,
3592,8000,27161,1.8803,0.0222,3.6368,3.805,0.0117,0.09,3.95,0.91,0.0,1261.0,597,658,6,47,52,0,208.0,0.05,6.1e-05,31944.0,,,,
3593,8000,27178,1.8763,0.0451,3.5836,3.902,0.0125,0.09,4.71,0.92,0.0,1170.0,577,586,7,49,50,1,224.0,0.04,6.1e-05,31963.0,,,,
3594,8000,27194,1.8499,0.027,3.5667,3.886,0.0126,0.09,4.64,0.92,0.0,1137.0,551,586,0,48,52,0,231.0,0.05,6.1e-05,31963.0,,,,
3595,8000,27211,1.8492,0.0141,3.5913,3.91,0.0122,0.09,5.67,0.93,0.0,1143.0,579,559,5,51,49,0,229.0,0.05,6.1e-05,31926.0,,,,
3596,8000,27227,1.8469,0.0226,3.5687,3.831,0.0126,0.09,5.19,0.93,0.0,1099.0,544,550,5,49,50,0,239.0,0.05,6.1e-05,31997.0,,,,
3597,8000,27243,1.8305,0.0346,3.5129,3.914,0.0115,0.08,4.55,0.93,0.0,1130.0,578,548,4,51,48,0,232.0,0.03,6.1e-05,31962.0,,,,
3598,8000,27260,1.8606,0.0407,3.56,3.848,0.0126,0.08,6.44,0.94,0.0,1205.0,624,579,2,52,48,0,218.0,0.02,6.1e-05,31950.0,,,,
3599,8000,27276,1.8042,0.0095,3.5105,3.945,0.0106,0.08,6.7,0.94,0.0,1000.0,510,488,2,51,49,0,262.0,0.02,6.1e-05,31934.0,237,1,274,46
3600,8000,27308,1.7814,0.0285,3.4277,4.063,0.0102,0.07,6.7,0.94,0.0,951.0,492,459,0,52,48,0,276.0,0.02,6.1e-05,32074.0,,,,
3601,8000,27325,1.7881,-0.0014,3.5018,4.149,0.0098,0.07,7.34,0.93,0.0,842.0,442,399,1,52,47,0,311.0,0.01,6.1e-05,30859.0,,,,
3602,8000,27342,1.7333,0.0052,3.3802,4.281,0.0133,0.08,4.7,0.94,0.0,740.0,378,361,1,51,49,0,354.0,0.02,6.1e-05,31955.0,,,,
3603,8000,27358,1.7115,-0.0006,3.3481,4.289,0.0114,0.08,5.78,0.95,0.0,739.0,381,355,3,52,48,0,355.0,0.02,6.1e-05,31956.0,,,,
3604,8000,27375,1.7149,-0.0112,3.3757,4.246,0.011,0.08,5.34,0.94,0.0,762.0,363,396,3,48,52,0,344.0,0.02,6.1e-05,31938.0,,,,
3605,8000,27391,1.6806,-0.0029,3.2917,4.318,0.0108,0.08,6.25,0.95,0.0,667.0,318,339,10,48,51,1,393.0,0.04,6.1e-05,32013.0,,,,
3606,8000,27407,1.6948,0.0046,3.3055,4.383,0.0101,0.07,5.4,0.95,0.0,718.0,344,364,10,48,51,1,365.0,0.03,6.1e-05,31962.0,,,,
3607,8000,27424,1.6657,-0.0059,3.2673,4.338,0.0102,0.08,5.73,0.95,0.0,682.0,326,351,5,48,51,1,384.0,0.03,6.1e-05,31942.0,,,,
3608,8000,27440,1.6725,0.0064,3.2568,4.371,0.0116,0.08,4.17,0.95,0.0,696.0,330,360,6,47,52,1,377.0,0.03,6.1e-05,31965.0,,,,
3609,8000,27457,1.6726,0.0124,3.245,4.399,0.0107,0.08,9.09,0.96,0.0,593.0,278,311,4,47,52,1,442.0,0.04,6.1e-05,31969.0,,,,
3610,8000,27473,1.6778,0.0183,3.2442,4.341,0.0097,0.08,5.91,0.96,0.0,599.0,299,286,14,50,48,2,438.0,0.06,6.1e-05,32005.0,,,,
3611,8000,27490,1.7045,0.019,3.2954,4.277,0.01,0.08,6.75,0.95,0.0,646.0,312,322,12,48,50,2,406.0,0.05,6.1e-05,31954.0,,,,
3612,8000,27506,1.691,0.0158,3.273,4.144,0.0108,0.08,6.13,0.95,0.0,668.0,318,344,6,48,51,1,392.0,0.04,6.1e-05,31955.0,,,,
3613,8000,27523,1.731,0.0144,3.3558,4.117,0.0104,0.08,8.62,0.95,0.0,710.0,355,341,14,50,48,2,369.0,0.06,6.1e-05,31968.0,,,,
3614,8000,27539,1.6902,0.0092,3.2846,4.061,0.0121,0.09,4.81,0.95,0.0,725.0,356,360,9,49,50,1,362.0,0.05,6.1e-05,31962.0,,,,
3615,8000,27556,1.7128,0.0142,3.3191,4.048,0.0133,0.09,5.05,0.95,0.0,712.0,340,365,7,48,51,1,368.0,0.06,6.1e-05,31946.0,,,,
3616,8000,27572,1.7361,0.0183,3.3587,4.099,0.0157,0.1,4.26,0.95,0.0,817.0,412,390,15,50,48,2,321.0,0.05,6.1e-05,31935.0,,,,
3617,8000,27589,1.706,0.0088,3.3188,4.164,0.0113,0.08,4.67,0.95,0.0,730.0,338,378,14,46,52,2,359.0,0.04,6.1e-05,31974.0,,,,
3618,8000,27605,1.6763,0.0075,3.2629,4.17,0.0125,0.09,4.33,0.95,0.0,671.0,322,332,17,48,49,3,391.0,0.04,6.1e-05,31938.0,,,,
3619,8000,27622,1.6967,0.0088,3.2991,4.082,0.012,0.09,3.92,0.95,0.0,661.0,313,337,11,47,51,2,397.0,0.05,6.1e-05,31970.0,,,,
3620,8000,27638,1.7013,0.0067,3.3127,4.112,0.0131,0.09,4.41,0.95,0.0,725.0,330,384,11,46,53,2,362.0,0.05,6.1e-05,31962.0,,,,
3621,8000,27655,1.739,0.0029,3.3981,4.266,0.0107,0.08,4.92,0.94,0.0,708.0,329,360,19,46,51,3,370.0,0.03,6.1e-05,30776.0,,,,
3622,8000,27672,1.7261,0.0067,3.3641,4.317,0.0113,0.08,6.63,0.93,0.0,641.0,327,306,8,51,48,1,409.0,0.05,6.1e-05,31918.0,,,,
3623,8000,27688,1.7134,0.022,3.3096,4.413,0.0095,0.07,4.75,0.93,0.0,628.0,336,277,15,54,44,2,417.0,0.03,6.1e-05,31981.0,,,,
3624,8000,27705,1.6369,0.0122,3.178,4.551,0.0105,0.08,3.85,0.94,0.0,576.0,302,251,23,52,44,4,455.0,0.04,6.1e-05,31974.0,,,,
3625,8000,27721,1.6823,0.0111,3.271,4.413,0.0104,0.08,5.3,0.93,0.0,630.0,331,270,29,53,43,5,416.0,0.04,6.1e-05,31950.0,,,,
3626,8000,27738,1.6593,0.0095,3.2277,4.523,0.0105,0.08,4.43,0.93,0.0,656.0,314,324,18,48,49,3,400.0,0.05,6.1e-05,32001.0,,,,
3627,8000,27754,1.6767,0.0159,3.2482,4.433,0.0128,0.09,3.32,0.92,0.0,639.0,316,309,14,49,48,2,410.0,0.05,6.1e-05,31949.0,,,,
3628,8000,27771,1.7057,0.0245,3.289,4.371,0.0126,0.09,5.17,0.93,0.0,650.0,376,257,17,58,40,3,403.0,0.05,6.1e-05,31924.0,,,,
3629,8000,27787,1.7246,0.0153,3.3454,4.292,0.0083,0.07,5.29,0.93,0.0,703.0,334,350,19,48,50,3,373.0,0.06,6.1e-05,31929.0,,,,
3630,8000,27804,1.7136,0.0185,3.3172,4.412,0.0095,0.08,4.56,0.93,0.0,695.0,347,333,15,50,48,2,377.0,0.04,6.1e-05,31942.0,,,,
3631,8000,27820,1.7216,0.0091,3.3511,4.352,0.0096,0.08,5.39,0.93,0.0,687.0,331,346,10,48,50,1,382.0,0.04,6.1e-05,31981.0,,,,
3632,8000,27837,1.7173,0.0147,3.3313,4.291,0.0117,0.08,5.48,0.93,0.0,691.0,341,335,15,49,48,2,379.0,0.03,6.1e-05,31932.0,,,,
3633,8000,27853,1.7578,0.0124,3.4158,4.209,0.0087,0.07,6.27,0.93,0.0,743.0,371,358,14,50,48,2,353.0,0.05,6.1e-05,31927.0,,,,
3634,8000,27870,1.7338,0.019,3.3556,4.292,0.01,0.08,5.54,0.94,0.0,782.0,380,391,11,49,50,1,335.0,0.03,6.1e-05,32015.0,,,,
3635,8000,27886,1.6899,0.021,3.2635,4.454,0.0101,0.08,4.19,0.94,0.0,676.0,332,338,6,49,50,1,388.0,0.04,6.1e-05,31953.0,,,,
3636,8000,27903,1.6715,0.0175,3.2342,4.49,0.0102,0.08,3.6,0.94,0.0,641.0,310,324,7,48,51,1,409.0,0.05,6.1e-05,31984.0,,,,
3637,8000,27919,1.6603,0.0176,3.2121,4.528,0.0094,0.07,3.9,0.94,0.0,633.0,309,317,7,49,50,1,414.0,0.06,6.1e-05,31948.0,,,,
3638,8000,27936,1.6715,0.0112,3.2484,4.529,0.0099,0.07,4.44,0.94,0.0,649.0,333,295,21,51,45,3,404.0,0.05,6.1e-05,31934.0,,,,
3639,8000,27952,1.7285,0.015,3.3524,4.391,0.0115,0.09,4.72,0.94,0.0,736.0,375,352,9,51,48,1,356.0,0.03,6.1e-05,31939.0,,,,
3640,8000,27968,1.7488,0.0175,3.3874,4.37,0.0077,0.06,7.87,0.95,0.0,793.0,393,392,8,50,49,1,331.0,0.03,6.1e-05,31935.0,,,,
3641,8000,27986,1.7427,0.0358,3.3396,4.502,0.0095,0.07,8.96,0.93,0.0,595.0,299,290,6,50,49,1,441.0,0.03,6e-05,30821.0,,,,
3642,8000,28002,1.7168,0.0359,3.2878,4.534,0.0081,0.07,7.87,0.93,0.0,528.0,262,252,14,50,48,3,496.0,0.04,6e-05,32005.0,,,,
3643,8000,28018,1.6463,0.0236,3.1726,4.634,0.0081,0.06,7.15,0.94,0.0,515.0,237,265,13,46,51,3,509.0,0.04,6e-05,31942.0,,,,
3644,8000,28035,1.6233,0.0263,3.1222,4.72,0.0085,0.07,7.28,0.94,0.0,430.0,206,213,11,48,50,3,610.0,0.04,6e-05,31938.0,,,,
3645,8000,28051,1.6106,0.0289,3.0922,4.806,0.0119,0.08,4.01,0.94,0.0,477.0,233,229,15,49,48,3,550.0,0.05,6e-05,31923.0,,,,
3646,8000,28068,1.608,0.0313,3.0825,4.747,0.01,0.07,5.77,0.94,0.0,464.0,239,209,16,52,45,3,565.0,0.06,6e-05,31942.0,,,,
3647,8000,28084,1.6169,0.0264,3.1112,4.769,0.01,0.07,4.33,0.94,0.0,523.0,260,238,25,50,46,5,501.0,0.05,6e-05,31967.0,,,,
3648,8000,28101,1.6352,0.0269,3.1458,4.69,0.0104,0.08,3.8,0.94,0.0,539.0,262,254,23,49,47,4,486.0,0.05,6e-05,31988.0,,,,
3649,8000,28117,1.6797,0.0187,3.2495,4.471,0.0083,0.07,7.45,0.94,0.0,558.0,297,238,23,53,43,4,470.0,0.05,6e-05,31931.0,281,1,230,55
3650,8000,28149,1.738,0.0246,3.3526,4.342,0.0102,0.08,6.01,0.94,0.0,678.0,348,313,17,51,46,3,387.0,0.05,6e-05,32116.0,,,,
3651,8000,28165,1.7431,0.0313,3.3494,4.44,0.0123,0.08,5.28,0.93,0.0,723.0,360,353,10,50,49,1,363.0,0.04,6e-05,31925.0,,,,
3652,8000,28182,1.7431,0.0266,3.3581,4.368,0.0104,0.08,5.45,0.93,0.0,687.0,360,322,5,52,47,1,382.0,0.03,6e-05,31900.0,,,,
3653,8000,28198,1.7273,0.0195,3.3398,4.271,0.0092,0.08,5.91,0.94,0.0,655.0,308,342,5,47,52,1,400.0,0.04,6e-05,31910.0,,,,
3654,8000,28215,1.7202,0.025,3.3162,4.402,0.0081,0.07,5.45,0.94,0.0,663.0,337,320,6,51,48,1,395.0,0.05,6e-05,31903.0,,,,
3655,8000,28231,1.7123,0.0168,3.3167,4.39,0.0088,0.07,6.02,0.94,0.0,703.0,367,329,7,52,47,1,373.0,0.05,6e-05,31963.0,,,,
3656,8000,28248,1.731,0.0173,3.3525,4.401,0.0096,0.08,6.28,0.94,0.0,709.0,347,360,2,49,51,0,370.0,0.07,6e-05,31921.0,,,,
3657,8000,28264,1.6807,0.0073,3.2723,4.368,0.0088,0.07,5.67,0.94,0.0,688.0,335,344,9,49,50,1,381.0,0.04,6e-05,31898.0,,,,
3658,8000,28281,1.6811,0.0113,3.2639,4.282,0.011,0.08,6.2,0.94,0.0,636.0,323,307,6,51,48,1,412.0,0.03,6e-05,31902.0,,,,
3659,8000,28297,1.6735,-0.0002,3.2719,4.361,0.0082,0.07,6.32,0.94,0.0,659.0,337,316,6,51,48,1,398.0,0.04,6e-05,31907.0,,,,
3660,8000,28314,1.6654,-0.0012,3.2589,4.393,0.0097,0.07,5.51,0.94,0.0,660.0,333,317,10,50,48,2,397.0,0.05,6e-05,31917.0,,,,
3661,8000,28331,1.6906,-0.0047,3.3164,4.378,0.0072,0.06,8.06,0.93,0.0,579.0,279,292,8,48,50,1,453.0,0.04,6e-05,30821.0,,,,
3662,8000,28347,1.7217,0.0036,3.3614,4.344,0.0105,0.08,6.85,0.93,0.0,622.0,316,301,5,51,48,1,421.0,0.04,6e-05,31950.0,,,,
3663,8000,28364,1.7017,0.0009,3.3265,4.342,0.0118,0.08,5.43,0.93,0.0,625.0,286,333,6,46,53,1,419.0,0.05,6e-05,31946.0,,,,
3664,8000,28380,1.7338,0.0064,3.3803,4.308,0.0169,0.08,8.33,0.93,0.0,680.0,357,311,12,52,46,2,386.0,0.03,6e-05,31960.0,,,,
3665,8000,28397,1.7391,0.0083,3.3868,4.393,0.0115,0.08,7.12,0.94,0.0,698.0,328,360,10,47,52,1,376.0,0.02,6e-05,31966.0,,,,
3666,8000,28413,1.7077,-0.0031,3.3473,4.419,0.0094,0.08,9.08,0.94,0.0,626.0,298,319,9,48,51,1,419.0,0.01,6e-05,31959.0,,,,
3667,8000,28430,1.7002,-0.0125,3.3507,4.271,0.0082,0.07,11.42,0.94,0.0,688.0,338,332,18,49,48,3,381.0,0.02,6e-05,31956.0,,,,
3668,8000,28446,1.731,0.0073,3.3721,4.264,0.0095,0.07,7.76,0.94,0.0,683.0,372,292,19,54,43,3,384.0,0.03,6e-05,32014.0,,,,
3669,8000,28463,1.7107,0.0167,3.3144,4.31,0.0102,0.08,6.9,0.94,0.0,627.0,329,274,24,52,44,4,418.0,0.03,6e-05,31959.0,,,,
3670,8000,28479,1.7211,0.0225,3.3219,4.319,0.0111,0.08,8.53,0.94,0.0,631.0,329,287,15,52,45,2,415.0,0.02,6e-05,31939.0,,,,
3671,8000,28495,1.7111,0.0195,3.3072,4.238,0.0111,0.09,6.37,0.95,0.0,640.0,333,291,16,52,45,2,410.0,0.03,6e-05,31957.0,,,,
3672,8000,28512,1.7535,0.024,3.3846,4.262,0.0093,0.07,10.45,0.94,0.0,646.0,324,302,20,50,47,3,406.0,0.02,6e-05,32010.0,,,,
3673,8000,28528,1.7403,0.0105,3.3841,4.186,0.0095,0.07,8.42,0.94,0.0,670.0,328,323,19,49,48,3,391.0,0.03,6e-05,31969.0,,,,
3674,8000,28545,1.6995,0.0109,3.302,4.245,0.012,0.09,6.53,0.95,0.0,710.0,351,338,21,49,48,3,369.0,0.02,6e-05,31952.0,,,,
3675,8000,28561,1.7156,0.0083,3.3389,4.209,0.0145,0.1,5.33,0.94,0.0,732.0,363,357,12,50,49,2,358.0,0.03,6e-05,31954.0,,,,
3676,8000,28578,1.7624,0.014,3.4207,4.174,0.011,0.09,8.0,0.93,0.0,773.0,414,348,11,54,45,1,339.0,0.03,6e-05,31933.0,,,,
3677,8000,28594,1.7712,-0.0003,3.467,4.156,0.0107,0.08,6.57,0.93,0.0,798.0,415,371,12,52,46,2,329.0,0.01,6e-05,31991.0,,,,
3678,8000,28611,1.7184,-0.0067,3.3748,4.259,0.0113,0.08,8.13,0.94,0.0,714.0,370,333,11,52,47,2,367.0,0.01,6e-05,31994.0,,,,
3679,8000,28627,1.7256,0.0095,3.3566,4.251,0.0148,0.1,5.07,0.93,0.0,757.0,338,412,7,45,54,1,346.0,0.01,6e-05,31969.0,,,,
3680,8000,28644,1.7861,0.0118,3.4721,4.087,0.014,0.1,5.28,0.92,0.0,869.0,434,417,18,50,48,2,302.0,0.02,6e-05,31970.0,,,,
3681,8000,28661,1.7928,-0.0059,3.5212,4.14,0.012,0.1,7.33,0.92,0.0,801.0,395,396,10,49,49,1,327.0,0.02,6e-05,30769.0,,,,
3682,8000,28677,1.7666,-0.0074,3.4721,4.21,0.0137,0.1,5.41,0.92,0.0,776.0,380,392,4,49,51,1,338.0,0.03,6e-05,31923.0,,,,
3683,8000,28694,1.741,-0.0095,3.4246,4.185,0.0117,0.09,5.07,0.92,0.0,745.0,392,342,11,53,46,1,352.0,0.05,6e-05,31918.0,,,,
3684,8000,28710,1.7557,0.0094,3.4167,4.227,0.0166,0.1,4.87,0.92,0.0,785.0,383,389,13,49,50,2,334.0,0.04,6e-05,31907.0,,,,
3685,8000,28727,1.7596,0.02,3.4027,4.14,0.0127,0.09,4.6,0.92,0.0,795.0,422,366,7,53,46,1,330.0,0.03,6e-05,31955.0,,,,
3686,8000,28743,1.7444,0.0047,3.4025,4.125,0.0109,0.09,4.98,0.93,0.0,757.0,408,345,4,54,46,1,346.0,0.04,6e-05,31955.0,,,,
3687,8000,28760,1.7518,-0.001,3.4283,4.116,0.0103,0.08,9.88,0.93,0.0,743.0,397,343,3,53,46,0,353.0,0.03,6e-05,31946.0,,,,
3688,8000,28776,1.7743,0.0213,3.4287,4.046,0.0127,0.1,6.27,0.93,0.0,767.0,407,358,2,53,47,0,342.0,0.03,6e-05,31956.0,,,,
3689,8000,28793,1.7451,0.0132,3.3872,4.036,0.0116,0.09,5.73,0.93,0.0,741.0,368,367,6,50,50,1,354.0,0.03,6e-05,31959.0,,,,
3690,8000,28809,1.745,0.0245,3.3656,4.136,0.0106,0.08,6.74,0.93,0.0,764.0,374,384,6,49,50,1,343.0,0.03,6e-05,31954.0,,,,
3691,8000,28826,1.7592,0.0367,3.3692,4.132,0.0107,0.09,4.88,0.93,0.0,727.0,377,343,7,52,47,1,361.0,0.03,6e-05,31957.0,,,,
3692,8000,28842,1.7996,0.0225,3.4764,3.991,0.0103,0.08,7.59,0.93,0.0,782.0,399,381,2,51,49,0,335.0,0.03,6e-05,31964.0,,,,
3693,8000,28859,1.7477,0.0206,3.3782,4.142,0.0091,0.08,5.77,0.94,0.0,754.0,370,380,4,49,50,1,348.0,0.02,6e-05,31947.0,,,,
3694,8000,28875,1.7366,0.0345,3.3286,4.243,0.0096,0.08,7.51,0.94,0.0,687.0,355,329,3,52,48,0,382.0,0.03,6e-05,31949.0,,,,
3695,8000,28892,1.7747,0.0271,3.4192,4.101,0.0131,0.1,5.03,0.93,0.0,754.0,378,373,3,50,49,0,348.0,0.03,6e-05,31942.0,,,,
3696,8000,28908,1.7837,0.0312,3.43,4.151,0.015,0.1,4.28,0.93,0.0,850.0,411,432,7,48,51,1,308.0,0.03,5.9e-05,31945.0,,,,
3697,8000,28925,1.7553,0.0233,3.3886,4.213,0.0122,0.09,4.85,0.93,0.0,764.0,352,409,3,46,54,0,343.0,0.02,5.9e-05,31922.0,,,,
3698,8000,28941,1.7725,0.0241,3.4214,4.102,0.0105,0.09,4.59,0.93,0.0,805.0,378,420,7,47,52,1,326.0,0.02,5.9e-05,31976.0,,,,
3699,8000,28958,1.767,0.0176,3.4218,4.082,0.0112,0.08,6.4,0.93,0.0,790.0,361,424,5,46,54,1,332.0,0.02,5.9e-05,31949.0,251,0,261,49
3700,8000,28989,1.7733,0.0152,3.4399,4.09,0.0073,0.06,11.7,0.93,0.0,743.0,339,399,5,46,54,1,353.0,0.04,5.9e-05,32068.0,,,,
3701,8000,29006,1.782,0.0157,3.456,4.136,0.011,0.08,7.33,0.92,0.0,770.0,356,409,5,46,53,1,340.0,0.03,5.9e-05,30813.0,,,,
3702,8000,29023,1.7448,0.0086,3.3957,4.189,0.0089,0.07,8.14,0.92,0.0,653.0,287,363,3,44,56,0,401.0,0.04,5.9e-05,31969.0,,,,
3703,8000,29039,1.7461,0.0177,3.3812,4.307,0.0108,0.08,13.68,0.93,0.0,701.0,320,378,3,46,54,0,374.0,0.03,5.9e-05,31917.0,,,,
3704,8000,29056,1.7479,0.0155,3.3884,4.238,0.0091,0.07,9.0,0.94,0.0,726.0,345,375,6,48,52,1,361.0,0.04,5.9e-05,31922.0,,,,
3705,8000,29072,1.7768,0.0115,3.4541,4.181,0.0136,0.1,6.54,0.93,0.0,866.0,463,400,3,53,46,0,303.0,0.05,5.9e-05,31936.0,,,,
3706,8000,29089,1.7924,0.0046,3.4995,4.203,0.0102,0.08,6.18,0.92,0.0,890.0,458,430,2,51,48,0,295.0,0.05,5.9e-05,31968.0,,,,
3707,8000,29105,1.8138,0.0391,3.4718,4.028,0.0127,0.09,6.57,0.92,0.0,834.0,403,429,2,48,51,0,314.0,0.04,5.9e-05,31969.0,,,,
3708,8000,29122,1.7843,0.0332,3.4256,4.164,0.0115,0.09,8.28,0.92,0.0,752.0,398,350,4,53,47,1,349.0,0.05,5.9e-05,31985.0,,,,
3709,8000,29138,1.7904,0.0388,3.4261,4.116,0.0118,0.09,6.91,0.93,0.0,776.0,398,373,5,51,48,1,338.0,0.05,5.9e-05,32027.0,,,,
3710,8000,29154,1.7496,0.0268,3.3693,4.219,0.0099,0.08,7.09,0.93,0.0,705.0,386,318,1,55,45,0,372.0,0.06,5.9e-05,31956.0,,,,
3711,8000,29171,1.7223,0.0201,3.3279,4.231,0.0104,0.08,7.66,0.94,0.0,613.0,329,278,6,54,45,1,428.0,0.05,5.9e-05,31970.0,,,,
3712,8000,29187,1.6417,0.0161,3.1757,4.366,0.0105,0.09,6.52,0.95,0.0,519.0,283,235,1,55,45,0,505.0,0.03,5.9e-05,31969.0,,,,
3713,8000,29204,1.6636,0.0184,3.2162,4.476,0.0097,0.08,7.14,0.94,0.0,570.0,294,268,8,52,47,1,460.0,0.04,5.9e-05,32007.0,,,,
3714,8000,29220,1.6758,0.0138,3.2487,4.331,0.0084,0.07,7.64,0.94,0.0,556.0,287,254,15,52,46,3,471.0,0.04,5.9e-05,31961.0,,,,
3715,8000,29237,1.7099,0.0239,3.2964,4.206,0.012,0.09,6.09,0.94,0.0,582.0,293,268,21,50,46,4,450.0,0.05,5.9e-05,31954.0,,,,
3716,8000,29253,1.6729,0.0242,3.2219,4.289,0.0089,0.07,9.61,0.95,0.0,529.0,263,251,15,50,47,3,496.0,0.03,5.9e-05,31965.0,,,,
3717,8000,29270,1.6758,0.0194,3.2383,4.33,0.0066,0.06,12.27,0.95,0.0,550.0,270,259,21,49,47,4,477.0,0.03,5.9e-05,31968.0,,,,
3718,8000,29286,1.6716,0.014,3.2422,4.329,0.0085,0.07,9.62,0.95,0.0,557.0,267,265,25,48,48,4,471.0,0.02,5.9e-05,31952.0,,,,
3719,8000,29303,1.6684,0.0191,3.2252,4.433,0.0091,0.07,20.3,0.95,0.0,504.0,231,250,23,46,50,5,520.0,0.02,5.9e-05,32015.0,,,,
3720,8000,29319,1.6315,0.0282,3.1343,4.467,0.0123,0.09,6.12,0.95,0.0,497.0,250,223,24,50,45,5,527.0,0.03,5.9e-05,31961.0,,,,
3721,8000,29336,1.6737,0.0308,3.2144,4.593,0.0121,0.09,6.26,0.94,0.0,569.0,288,246,35,51,43,6,461.0,0.02,5.9e-05,30817.0,,,,
3722,8000,29353,1.712,0.0323,3.2895,4.562,0.0111,0.08,5.22,0.93,0.0,679.0,342,296,41,50,44,6,386.0,0.03,5.9e-05,31945.0,,,,
3723,8000,29369,1.6562,0.0333,3.1784,4.64,0.0109,0.08,4.66,0.94,0.0,587.0,298,256,33,51,44,6,447.0,0.05,5.9e-05,31934.0,,,,
3724,8000,29386,1.702,0.0282,3.2771,4.677,0.0113,0.08,7.66,0.92,0.0,634.0,317,286,31,50,45,5,413.0,0.04,5.9e-05,31945.0,,,,
3725,8000,29402,1.7267,0.0279,3.3257,4.537,0.0073,0.06,10.98,0.93,0.0,657.0,334,300,23,51,46,4,399.0,0.06,5.9e-05,31942.0,,,,
3726,8000,29419,1.7389,0.0293,3.348,4.426,0.0084,0.07,14.9,0.93,0.0,691.0,366,293,32,53,42,5,379.0,0.06,5.9e-05,31941.0,,,,
3727,8000,29435,1.7658,0.0337,3.3916,4.339,0.0081,0.07,10.08,0.92,0.0,751.0,370,348,33,49,46,4,349.0,0.04,5.9e-05,32005.0,,,,
3728,8000,29451,1.7736,0.0453,3.3838,4.352,0.0088,0.07,8.67,0.92,0.0,729.0,370,336,23,51,46,3,360.0,0.04,5.9e-05,31946.0,,,,
3729,8000,29468,1.7672,0.0402,3.3821,4.398,0.0101,0.08,9.74,0.93,0.0,722.0,352,341,29,49,47,4,363.0,0.04,5.9e-05,31933.0,,,,
3730,8000,29484,1.7093,0.0409,3.2657,4.461,0.0102,0.08,8.58,0.93,0.0,630.0,316,288,26,50,46,4,416.0,0.04,5.9e-05,31954.0,,,,
3731,8000,29501,1.7,0.0464,3.2352,4.503,0.0089,0.07,7.61,0.93,0.0,579.0,257,299,23,44,52,4,453.0,0.05,5.9e-05,31954.0,,,,
3732,8000,29517,1.6424,0.0232,3.1682,4.666,0.0066,0.06,9.01,0.94,0.0,514.0,245,246,23,48,48,4,510.0,0.04,5.9e-05,31955.0,,,,
3733,8000,29534,1.7086,0.0245,3.2996,4.817,0.0056,0.04,31.46,0.94,0.0,461.0,205,211,45,44,46,10,569.0,0.03,5.9e-05,32015.0,,,,
3734,8000,29550,1.5934,0.0387,3.0423,4.953,0.0095,0.07,8.27,0.95,0.0,410.0,193,178,39,47,43,10,639.0,0.02,5.9e-05,31940.0,,,,
3735,8000,29567,1.6065,0.0284,3.0886,5.008,0.0089,0.06,7.91,0.94,0.0,438.0,203,186,49,46,42,11,599.0,0.02,5.9e-05,31978.0,,,,
3736,8000,29583,1.6144,0.0304,3.1002,4.876,0.0096,0.07,6.93,0.94,0.0,466.0,208,211,47,45,45,10,563.0,0.02,5.9e-05,32015.0,,,,
3737,8000,29600,1.6195,0.0386,3.0944,4.86,0.0102,0.07,5.66,0.94,0.0,475.0,226,199,50,48,42,11,552.0,0.02,5.9e-05,32002.0,,,,
3738,8000,29616,1.6129,0.0357,3.087,4.816,0.0103,0.07,7.43,0.94,0.0,516.0,250,221,45,48,43,9,508.0,0.03,5.9e-05,31954.0,,,,
3739,8000,29632,1.6118,0.036,3.0849,4.84,0.0119,0.08,5.79,0.94,0.0,476.0,221,202,53,46,42,11,551.0,0.04,5.9e-05,31946.0,,,,
3740,8000,29649,1.6841,0.0386,3.2217,4.693,0.0105,0.08,9.57,0.93,0.0,556.0,271,242,43,49,44,8,471.0,0.03,5.9e-05,31938.0,,,,
3741,8000,29666,1.7772,0.0347,3.4122,4.402,0.0121,0.09,5.48,0.92,0.0,700.0,368,303,29,53,43,4,374.0,0.03,5.9e-05,30843.0,,,,
3742,8000,29682,1.735,0.0322,3.3335,4.543,0.0149,0.09,7.34,0.92,0.0,637.0,309,306,22,49,48,3,412.0,0.01,5.9e-05,31977.0,,,,
3743,8000,29699,1.7152,0.0174,3.323,4.468,0.0111,0.09,5.13,0.92,0.0,676.0,335,319,22,50,47,3,388.0,0.01,5.9e-05,31930.0,,,,
3744,8000,29715,1.7285,0.0323,3.3184,4.369,0.0143,0.1,4.25,0.93,0.0,681.0,340,324,17,50,48,2,385.0,0.02,5.9e-05,31937.0,,,,
3745,8000,29732,1.6969,0.0252,3.2697,4.492,0.0098,0.08,6.89,0.94,0.0,621.0,303,309,9,49,50,1,422.0,0.03,5.9e-05,31921.0,,,,
3746,8000,29748,1.6731,0.019,3.2352,4.477,0.0105,0.08,5.25,0.94,0.0,630.0,326,287,17,52,46,3,416.0,0.03,5.9e-05,31930.0,,,,
3747,8000,29765,1.6686,0.024,3.2181,4.585,0.0111,0.08,4.53,0.94,0.0,645.0,311,308,26,48,48,4,406.0,0.02,5.9e-05,32035.0,,,,
3748,8000,29781,1.6868,0.0212,3.2605,4.537,0.0103,0.08,4.09,0.93,0.0,677.0,338,317,22,50,47,3,387.0,0.03,5.9e-05,31960.0,,,,
3749,8000,29798,1.7075,0.02,3.3039,4.484,0.0112,0.08,4.6,0.93,0.0,679.0,339,317,23,50,47,3,386.0,0.01,5.9e-05,31929.0,361,0,151,71
3750,8000,29918,1.632,0.0085,3.1767,4.821,0.0133,0.09,4.04,0.9,0.0,417.0,205,212,0,49,51,0,629.0,0.0,5.9e-05,4996.0,,,,
3751,8000,29935,1.5257,-0.0151,3.0149,5.329,0.0107,0.08,4.34,0.94,0.0,254.0,139,115,0,55,45,0,1032.0,0.01,5.9e-05,31958.0,,,,
3752,8000,29951,1.7156,0.0016,3.355,4.616,0.0138,0.09,3.16,0.91,0.0,604.0,212,392,0,35,65,0,434.0,0.03,5.9e-05,31939.0,,,,
3753,8000,29968,1.7022,-0.02,3.3677,4.287,0.0113,0.08,4.53,0.93,0.0,748.0,308,436,4,41,58,1,350.0,0.04,5.8e-05,31945.0,,,,
3754,8000,29984,1.6119,-0.0123,3.1747,4.449,0.0089,0.06,6.18,0.96,0.0,658.0,245,370,43,37,56,7,398.0,0.07,5.8e-05,31936.0,,,,
3755,8000,30001,1.5491,0.0106,3.0046,4.771,0.0084,0.06,6.73,0.97,0.0,436.0,199,223,14,46,51,3,601.0,0.16,5.8e-05,31932.0,,,,
3756,8000,30017,1.5454,0.0121,2.9965,4.876,0.0075,0.05,6.36,0.97,0.0,421.0,216,183,22,51,43,5,623.0,0.26,5.8e-05,31925.0,,,,
3757,8000,30034,1.6875,0.0124,3.2783,4.613,0.0077,0.06,7.47,0.95,0.0,615.0,347,233,35,56,38,6,426.0,0.33,5.8e-05,31934.0,,,,
3758,8000,30050,1.7646,-0.0055,3.466,4.365,0.0111,0.08,4.24,0.94,0.0,841.0,505,314,22,60,37,3,312.0,0.23,5.8e-05,31920.0,,,,
3759,8000,30067,1.7806,-0.0091,3.5043,4.304,0.0098,0.07,5.88,0.94,0.0,962.0,515,443,4,54,46,0,272.0,0.09,5.8e-05,31927.0,,,,
3760,8000,30083,1.7901,0.0213,3.4628,4.373,0.0096,0.07,7.31,0.94,0.0,939.0,465,472,2,50,50,0,279.0,0.03,5.8e-05,31916.0,,,,
3761,8000,30100,1.7049,0.0388,3.2554,4.247,0.009,0.06,9.65,0.94,0.0,642.0,310,331,1,48,52,0,408.0,0.01,5.8e-05,30751.0,,,,
3762,8000,30117,1.7048,0.0203,3.294,4.447,0.0065,0.05,17.65,0.93,0.0,519.0,264,251,4,51,48,1,505.0,0.01,5.8e-05,31927.0,,,,
3763,8000,30133,1.6088,0.0001,3.1452,4.765,0.0048,0.05,14.84,0.93,0.0,413.0,193,218,2,47,53,0,635.0,0.01,5.8e-05,31914.0,,,,
3764,8000,30150,1.708,0.025,3.2916,4.404,0.0077,0.07,14.15,0.92,0.0,515.0,193,315,7,37,61,1,509.0,0.02,5.8e-05,31923.0,,,,
3765,8000,30166,1.7034,0.0437,3.2558,4.49,0.0131,0.1,3.87,0.93,0.0,655.0,249,368,38,38,56,6,400.0,0.03,5.8e-05,31940.0,,,,
3766,8000,30183,1.747,0.0482,3.3269,4.529,0.0125,0.09,4.98,0.91,0.0,689.0,272,405,12,39,59,2,380.0,0.03,5.8e-05,31988.0,,,,
3767,8000,30199,1.7478,0.0533,3.3187,4.436,0.0136,0.1,4.28,0.92,0.0,740.0,290,435,15,39,59,2,354.0,0.04,5.8e-05,31980.0,,,,
3768,8000,30216,1.8031,0.0461,3.4474,4.425,0.0133,0.09,5.9,0.91,0.0,869.0,366,477,26,42,55,3,302.0,0.03,5.8e-05,31924.0,,,,
3769,8000,30232,1.8166,0.0333,3.4997,4.251,0.018,0.1,4.22,0.92,0.0,1069.0,466,568,35,44,53,3,245.0,0.01,5.8e-05,31951.0,,,,
3770,8000,30248,1.7796,0.0212,3.4473,4.089,0.013,0.09,6.2,0.92,0.0,962.0,403,529,30,42,55,3,272.0,0.01,5.8e-05,31921.0,,,,
3771,8000,30265,1.7288,-0.0055,3.3951,4.134,0.0118,0.08,6.64,0.93,0.0,899.0,426,457,16,47,51,2,292.0,0.02,5.8e-05,31917.0,,,,
3772,8000,30281,1.7417,-0.0012,3.4086,4.07,0.0106,0.07,8.46,0.94,0.0,832.0,419,409,4,50,49,0,315.0,0.03,5.8e-05,31951.0,,,,
3773,8000,30298,1.7165,-0.0025,3.3611,4.134,0.0114,0.08,6.15,0.94,0.0,883.0,463,418,2,52,47,0,297.0,0.06,5.8e-05,31938.0,,,,
3774,8000,30314,1.7454,0.0355,3.3439,4.17,0.0085,0.06,9.59,0.95,0.0,873.0,446,417,10,51,48,1,300.0,0.12,5.8e-05,32035.0,,,,
3775,8000,30331,1.6755,-0.002,3.2781,4.203,0.0109,0.07,8.2,0.96,0.0,778.0,417,356,5,54,46,1,337.0,0.13,5.8e-05,31997.0,,,,
3776,8000,30347,1.6632,0.0094,3.2317,4.357,0.0147,0.06,12.72,0.97,0.0,731.0,415,307,9,57,42,1,359.0,0.14,5.8e-05,31937.0,,,,
3777,8000,30364,1.6299,0.0104,3.1637,4.347,0.0127,0.07,7.28,0.97,0.0,655.0,385,263,7,59,40,1,400.0,0.11,5.8e-05,31946.0,,,,
3778,8000,30380,1.6185,0.0031,3.1569,4.491,0.0112,0.06,11.13,0.97,0.0,604.0,325,272,7,54,45,1,434.0,0.06,5.8e-05,31979.0,,,,
3779,8000,30397,1.6436,0.0141,3.1854,4.493,0.0128,0.07,9.44,0.97,0.0,615.0,308,298,9,50,48,1,426.0,0.07,5.8e-05,31923.0,,,,
3780,8000,30413,1.7492,0.0306,3.3631,4.39,0.0251,0.09,7.6,0.95,0.0,812.0,408,388,16,50,48,2,323.0,0.06,5.8e-05,31928.0,,,,
3781,8000,30430,1.7159,0.0262,3.3064,4.513,0.0186,0.1,5.52,0.94,0.0,668.0,335,319,14,50,48,2,392.0,0.03,5.8e-05,30865.0,,,,
3782,8000,30447,1.708,0.0408,3.2616,4.544,0.0103,0.08,10.48,0.94,0.0,493.0,234,249,10,47,51,2,532.0,0.02,5.8e-05,31958.0,,,,
3783,8000,30463,1.6898,0.054,3.1967,4.387,0.0137,0.1,4.02,0.93,0.0,533.0,276,255,2,52,48,0,492.0,0.04,5.8e-05,31961.0,,,,
3784,8000,30480,1.6906,0.0323,3.2428,4.41,0.0132,0.1,3.39,0.93,0.0,563.0,281,279,3,50,50,1,466.0,0.06,5.8e-05,31966.0,,,,
3785,8000,30496,1.6962,0.02,3.2831,4.286,0.0141,0.1,3.38,0.92,0.0,673.0,292,340,41,43,51,6,390.0,0.06,5.8e-05,31961.0,,,,
3786,8000,30513,1.7307,0.0312,3.3255,4.21,0.015,0.1,3.43,0.92,0.0,711.0,348,344,19,49,48,3,369.0,0.07,5.8e-05,31956.0,,,,
3787,8000,30529,1.6855,0.0093,3.2768,4.203,0.0105,0.08,4.07,0.93,0.0,641.0,341,291,9,53,45,1,409.0,0.07,5.8e-05,31987.0,,,,
3788,8000,30545,1.6863,0.0121,3.2712,4.088,0.0119,0.09,4.84,0.93,0.0,630.0,338,284,8,54,45,1,416.0,0.05,5.8e-05,32039.0,,,,
3789,8000,30562,1.684,0.011,3.2687,4.133,0.0099,0.08,4.66,0.93,0.0,674.0,363,306,5,54,45,1,389.0,0.05,5.8e-05,32020.0,,,,
3790,8000,30578,1.6771,-0.0084,3.294,4.09,0.011,0.08,4.47,0.93,0.0,669.0,338,320,11,51,48,2,392.0,0.04,5.8e-05,32029.0,,,,
3791,8000,30595,1.6683,-0.0052,3.2698,4.151,0.0106,0.08,5.03,0.93,0.0,692.0,353,330,9,51,48,1,379.0,0.03,5.8e-05,31952.0,,,,
3792,8000,30611,1.7185,0.014,3.3311,4.072,0.0141,0.09,4.53,0.93,0.0,823.0,404,411,8,49,50,1,319.0,0.03,5.8e-05,31942.0,,,,
3793,8000,30628,1.7173,0.023,3.3113,4.14,0.0135,0.07,5.52,0.94,0.0,772.0,371,399,2,48,52,0,340.0,0.03,5.8e-05,31966.0,,,,
3794,8000,30644,1.7012,0.0037,3.3191,4.291,0.012,0.08,5.17,0.93,0.0,839.0,386,447,6,46,53,1,312.0,0.01,5.8e-05,31952.0,,,,
3795,8000,30661,1.7118,0.0109,3.3244,4.163,0.0139,0.08,4.89,0.94,0.0,878.0,350,527,1,40,60,0,299.0,0.01,5.8e-05,31955.0,,,,
3796,8000,30677,1.7127,0.0187,3.3113,4.217,0.0133,0.08,3.86,0.93,0.0,844.0,391,452,1,46,54,0,311.0,0.01,5.8e-05,31974.0,,,,
3797,8000,30694,1.7376,0.0105,3.3764,4.11,0.0101,0.08,4.91,0.93,0.0,745.0,381,361,3,51,48,0,352.0,0.02,5.8e-05,31961.0,,,,
3798,8000,30710,1.6805,0.025,3.2345,4.235,0.0123,0.08,3.52,0.95,0.0,728.0,332,394,2,46,54,0,360.0,0.02,5.8e-05,31963.0,,,,
3799,8000,30727,1.7054,0.0245,3.2843,4.133,0.0125,0.09,4.24,0.94,0.0,735.0,360,374,1,49,51,0,357.0,0.03,5.8e-05,32014.0,58,0,454,11
3800,8000,30768,1.7072,0.0275,3.2829,4.225,0.0108,0.07,5.91,0.94,0.0,706.0,326,378,2,46,54,0,371.0,0.02,5.8e-05,32066.0,,,,
3801,8000,30785,1.6884,-0.0054,3.314,4.517,0.0123,0.08,4.08,0.92,0.0,647.0,290,355,2,45,55,0,405.0,0.04,5.8e-05,30777.0,,,,
3802,8000,30801,1.6777,0.0007,3.2803,4.54,0.011,0.08,4.31,0.92,0.0,616.0,271,344,1,44,56,0,426.0,0.07,5.8e-05,31972.0,,,,
3803,8000,30818,1.6123,0.0004,3.1512,4.667,0.0099,0.07,5.38,0.94,0.0,515.0,242,264,9,47,51,2,509.0,0.06,5.8e-05,31943.0,,,,
3804,8000,30834,1.5945,-0.0006,3.1182,4.757,0.0122,0.08,3.39,0.93,0.0,451.0,194,249,8,43,55,2,581.0,0.09,5.8e-05,31949.0,,,,
3805,8000,30851,1.6301,0.0021,3.1822,4.55,0.0109,0.07,3.64,0.93,0.0,529.0,240,271,18,45,51,3,496.0,0.12,5.8e-05,31951.0,,,,
3806,8000,30867,1.6577,0.0069,3.2284,4.633,0.0097,0.07,3.27,0.92,0.0,581.0,266,313,2,46,54,0,451.0,0.13,5.8e-05,31892.0,,,,
3807,8000,30884,1.6914,0.0116,3.2867,4.541,0.0126,0.08,3.69,0.92,0.0,632.0,269,357,6,43,56,1,415.0,0.13,5.8e-05,31904.0,,,,
3808,8000,30900,1.7179,0.001,3.3605,4.476,0.0101,0.08,3.37,0.92,0.0,758.0,336,417,5,44,55,1,346.0,0.17,5.8e-05,31936.0,,,,
3809,8000,30917,1.7603,0.0141,3.4181,4.38,0.0107,0.08,3.45,0.92,0.0,858.0,430,428,0,50,50,0,306.0,0.18,5.8e-05,31880.0,,,,
3810,8000,30933,1.756,0.005,3.4276,4.354,0.0082,0.07,3.79,0.93,0.0,873.0,470,403,0,54,46,0,300.0,0.12,5.8e-05,31937.0,,,,
3811,8000,30950,1.8059,0.0187,3.4991,4.255,0.0115,0.08,4.63,0.92,0.0,1007.0,551,456,0,55,45,0,260.0,0.1,5.8e-05,31940.0,,,,
3812,8000,30966,1.815,0.0149,3.5251,4.239,0.0115,0.08,4.05,0.92,0.0,1022.0,593,429,0,58,42,0,257.0,0.1,5.8e-05,31902.0,,,,
3813,8000,30983,1.8079,0.0266,3.4864,4.124,0.0143,0.09,4.19,0.92,0.0,1015.0,577,437,1,57,43,0,258.0,0.11,5.7e-05,31967.0,,,,
3814,8000,30999,1.7924,0.0235,3.4606,4.09,0.0112,0.08,3.9,0.93,0.0,1010.0,614,395,1,61,39,0,260.0,0.11,5.7e-05,31921.0,,,,
3815,8000,31016,1.8242,0.0372,3.4974,4.107,0.0137,0.08,3.63,0.93,0.0,1125.0,657,468,0,58,42,0,233.0,0.07,5.7e-05,31920.0,,,,
3816,8000,31032,1.8304,0.0076,3.5682,4.009,0.0115,0.08,5.24,0.92,0.0,1079.0,569,510,0,53,47,0,243.0,0.03,5.7e-05,31974.0,,,,
3817,8000,31049,1.8129,0.0031,3.5423,4.064,0.0144,0.08,4.88,0.92,0.0,1079.0,576,503,0,53,47,0,243.0,0.02,5.7e-05,31910.0,,,,
3818,8000,31065,1.7932,-0.0114,3.5316,4.053,0.0111,0.07,5.24,0.93,0.0,1095.0,516,578,1,47,53,0,239.0,0.01,5.7e-05,31947.0,,,,
3819,8000,31082,1.8021,-0.0138,3.5544,4.065,0.0122,0.08,4.85,0.93,0.0,1153.0,504,648,1,44,56,0,227.0,0.0,5.7e-05,31972.0,,,,
3820,8000,31098,1.8067,0.0216,3.4938,4.149,0.0148,0.08,5.43,0.93,0.0,1148.0,528,619,1,46,54,0,228.0,0.0,5.7e-05,31927.0,,,,
3821,8000,31115,1.7714,-0.0294,3.5271,4.355,0.0127,0.08,3.48,0.91,0.0,1114.0,476,636,2,43,57,0,235.0,0.0,5.7e-05,30808.0,,,,
3822,8000,31132,1.7811,-0.0246,3.5359,4.292,0.0144,0.09,4.95,0.9,0.0,963.0,474,489,0,49,51,0,272.0,0.02,5.7e-05,31976.0,,,,
3823,8000,31148,1.6875,-0.0523,3.4048,4.389,0.0114,0.07,4.25,0.92,0.0,1035.0,561,473,1,54,46,0,253.0,0.02,5.7e-05,31983.0,,,,
3824,8000,31164,1.7056,-0.0254,3.3875,4.465,0.0104,0.07,5.2,0.92,0.0,970.0,469,500,1,48,52,0,270.0,0.02,5.7e-05,31983.0,,,,
3825,8000,31181,1.7351,0.0044,3.3871,4.467,0.0126,0.07,3.82,0.93,0.0,987.0,478,503,6,48,51,1,266.0,0.02,5.7e-05,31934.0,,,,
3826,8000,31197,1.7304,0.0065,3.3734,4.482,0.0125,0.07,5.43,0.93,0.0,970.0,513,454,3,53,47,0,270.0,0.02,5.7e-05,31928.0,,,,
3827,8000,31214,1.7478,0.0148,3.3927,4.483,0.0124,0.08,5.18,0.93,0.0,929.0,491,423,15,53,46,2,282.0,0.03,5.7e-05,31954.0,,,,
3828,8000,31230,1.763,0.0,3.4514,4.293,0.0118,0.08,4.84,0.93,0.0,989.0,501,477,11,51,48,1,265.0,0.02,5.7e-05,31935.0,,,,
3829,8000,31247,1.743,0.0047,3.4009,4.275,0.0101,0.07,6.34,0.93,0.0,949.0,489,454,6,52,48,1,276.0,0.02,5.7e-05,31945.0,,,,
3830,8000,31263,1.7658,0.0354,3.3842,4.182,0.0111,0.08,6.74,0.94,0.0,819.0,442,369,8,54,45,1,320.0,0.02,5.7e-05,31982.0,,,,
3831,8000,31280,1.7683,0.0443,3.3723,4.254,0.0111,0.08,4.86,0.93,0.0,894.0,469,419,6,52,47,1,293.0,0.03,5.7e-05,32002.0,,,,
3832,8000,31296,1.8058,0.0432,3.4485,4.151,0.014,0.09,3.95,0.92,0.0,890.0,424,463,3,48,52,0,295.0,0.04,5.7e-05,31942.0,,,,
3833,8000,31313,1.7883,0.0302,3.4399,4.121,0.0118,0.08,5.23,0.93,0.0,867.0,423,442,2,49,51,0,302.0,0.04,5.7e-05,31943.0,,,,
3834,8000,31329,1.7866,0.0314,3.4339,4.087,0.014,0.09,4.42,0.93,0.0,894.0,412,482,0,46,54,0,293.0,0.03,5.7e-05,31942.0,,,,
3835,8000,31346,1.7677,0.0209,3.418,4.14,0.0095,0.07,6.3,0.92,0.0,819.0,415,399,5,51,49,1,320.0,0.02,5.7e-05,31951.0,,,,
3836,8000,31362,1.7479,0.0513,3.318,4.264,0.0137,0.08,3.94,0.92,0.0,768.0,373,391,4,49,51,1,341.0,0.02,5.7e-05,31961.0,,,,
3837,8000,31379,1.7738,0.0582,3.356,4.187,0.0157,0.09,4.66,0.92,0.0,897.0,405,486,6,45,54,1,292.0,0.04,5.7e-05,31932.0,,,,
3838,8000,31395,1.7799,0.0224,3.4379,3.98,0.0125,0.09,4.14,0.91,0.0,870.0,424,439,7,49,50,1,301.0,0.04,5.7e-05,31934.0,,,,
3839,8000,31412,1.7692,0.0105,3.4401,3.97,0.0117,0.09,4.48,0.92,0.0,814.0,404,403,7,50,50,1,322.0,0.04,5.7e-05,31964.0,,,,
3840,8000,31428,1.8098,0.0373,3.4681,4.03,0.0157,0.1,3.57,0.91,0.0,851.0,427,419,5,50,49,1,308.0,0.03,5.7e-05,32001.0,,,,
3841,8000,31445,1.8324,0.0545,3.4801,4.187,0.0168,0.1,3.3,0.88,0.0,766.0,375,389,2,49,51,0,342.0,0.04,5.7e-05,30766.0,,,,
3842,8000,31462,1.7758,0.0401,3.3967,4.301,0.012,0.09,3.65,0.91,0.0,655.0,335,314,6,51,48,1,400.0,0.08,5.7e-05,31969.0,,,,
3843,8000,31478,1.7366,0.0175,3.3635,4.341,0.0114,0.08,3.42,0.92,0.0,706.0,370,328,8,52,46,1,371.0,0.06,5.7e-05,31900.0,,,,
3844,8000,31495,1.7473,0.0153,3.3885,4.282,0.0122,0.09,4.08,0.93,0.0,736.0,355,376,5,48,51,1,356.0,0.05,5.7e-05,31940.0,,,,
3845,8000,31511,1.7617,0.0263,3.3944,4.204,0.0127,0.09,4.78,0.93,0.0,755.0,366,382,7,48,51,1,347.0,0.03,5.7e-05,31977.0,,,,
3846,8000,31527,1.7251,0.0231,3.3278,4.193,0.0099,0.08,5.44,0.94,0.0,769.0,413,351,5,54,46,1,341.0,0.02,5.7e-05,31927.0,,,,
3847,8000,31544,1.7045,0.0111,3.3105,4.17,0.0111,0.07,4.82,0.95,0.0,701.0,381,310,10,54,44,1,374.0,0.03,5.7e-05,31975.0,,,,
3848,8000,31560,1.7061,0.007,3.3209,4.066,0.0081,0.06,7.07,0.95,0.0,698.0,385,308,5,55,44,1,376.0,0.02,5.7e-05,31902.0,,,,
3849,8000,31577,1.74,-0.0008,3.4048,4.088,0.0111,0.07,10.96,0.95,0.0,732.0,387,337,8,53,46,1,358.0,0.02,5.7e-05,31978.0,53,1,458,10
3850,8000,31608,1.7212,-0.0061,3.3781,4.097,0.0097,0.07,13.41,0.95,0.0,755.0,386,361,8,51,48,1,347.0,0.01,5.7e-05,32056.0,,,,
3851,8000,31625,1.6778,-0.0222,3.3235,4.032,0.0113,0.07,9.12,0.95,0.0,765.0,395,361,9,52,47,1,343.0,0.01,5.7e-05,31905.0,,,,
3852,8000,31641,1.7065,-0.0025,3.3455,4.278,0.0118,0.06,12.48,0.95,0.0,807.0,387,404,16,48,50,2,325.0,0.01,5.7e-05,31922.0,,,,
3853,8000,31658,1.7579,0.0173,3.4074,4.276,0.0101,0.06,9.05,0.94,0.0,787.0,398,375,14,51,48,2,333.0,0.01,5.7e-05,31928.0,,,,
3854,8000,31674,1.8014,0.009,3.507,4.01,0.0172,0.09,8.11,0.93,0.0,895.0,451,437,7,50,49,1,293.0,0.02,5.7e-05,31962.0,,,,
3855,8000,31691,1.7955,0.0045,3.5048,4.005,0.0118,0.07,12.17,0.94,0.0,902.0,468,422,12,52,47,1,291.0,0.01,5.7e-05,31948.0,,,,
3856,8000,31707,1.8194,0.0041,3.5516,3.923,0.0089,0.06,16.09,0.94,0.0,941.0,491,443,7,52,47,1,279.0,0.01,5.7e-05,31906.0,,,,
3857,8000,31724,1.8109,0.0207,3.5021,3.972,0.0177,0.08,11.3,0.94,0.0,967.0,472,488,7,49,50,1,271.0,0.0,5.7e-05,31897.0,,,,
3858,8000,31740,1.8024,0.0334,3.4575,3.826,0.0177,0.09,12.49,0.94,0.0,814.0,414,398,2,51,49,0,322.0,0.01,5.7e-05,31907.0,,,,
3859,8000,31757,1.7728,0.0438,3.38,4.073,0.0195,0.09,11.56,0.94,0.0,784.0,394,382,8,50,49,1,334.0,0.01,5.7e-05,31906.0,,,,
3860,8000,31773,1.7327,0.0361,3.3139,3.997,0.0167,0.07,14.07,0.95,0.0,713.0,357,343,13,50,48,2,368.0,0.02,5.7e-05,31971.0,,,,
3861,8000,31790,1.7418,0.0252,3.3562,4.149,0.008,0.05,18.56,0.93,0.0,744.0,391,324,29,53,44,4,352.0,0.01,5.7e-05,30869.0,,,,
3862,8000,31807,1.6792,0.0277,3.2285,4.393,0.0142,0.09,10.11,0.92,0.0,539.0,319,205,15,59,38,3,486.0,0.02,5.7e-05,31966.0,,,,
3863,8000,31823,1.6629,0.0225,3.2074,4.481,0.0181,0.11,5.32,0.91,0.0,568.0,301,236,31,53,42,5,462.0,0.03,5.7e-05,32010.0,,,,
3864,8000,31840,1.652,0.0075,3.218,4.598,0.013,0.09,4.21,0.91,0.0,572.0,332,205,35,58,36,6,458.0,0.05,5.7e-05,31947.0,,,,
3865,8000,31856,1.6489,0.0065,3.2128,4.599,0.0126,0.09,4.03,0.91,0.0,570.0,330,232,8,58,41,1,460.0,0.05,5.7e-05,31966.0,,,,
3866,8000,31873,1.6218,0.0218,3.1286,4.712,0.0103,0.07,6.87,0.93,0.0,455.0,256,197,2,56,43,0,576.0,0.04,5.7e-05,31966.0,,,,
3867,8000,31889,1.6451,0.0279,3.165,4.812,0.0107,0.07,8.09,0.93,0.0,474.0,268,190,16,57,40,3,553.0,0.03,5.7e-05,31971.0,,,,
3868,8000,31906,1.6338,0.0424,3.1145,4.894,0.0134,0.08,5.96,0.93,0.0,520.0,289,205,26,56,39,5,504.0,0.03,5.7e-05,32003.0,,,,
3869,8000,31922,1.6429,0.0308,3.1556,4.808,0.0124,0.08,5.97,0.92,0.0,571.0,272,260,39,48,46,7,459.0,0.02,5.7e-05,31994.0,,,,
3870,8000,31939,1.6347,0.0268,3.1464,4.743,0.0092,0.07,5.22,0.92,0.0,578.0,288,259,31,50,45,5,454.0,0.01,5.7e-05,31964.0,,,,
3871,8000,31955,1.6562,0.0309,3.1802,4.701,0.0138,0.1,3.77,0.92,0.0,609.0,327,257,25,54,42,4,430.0,0.01,5.7e-05,31942.0,,,,
3872,8000,31971,1.6857,0.0314,3.2374,4.628,0.0127,0.08,4.25,0.93,0.0,652.0,339,284,29,52,44,4,402.0,0.02,5.7e-05,31953.0,,,,
3873,8000,31988,1.7293,0.0354,3.3178,4.434,0.0116,0.08,4.6,0.93,0.0,745.0,376,331,38,50,44,5,352.0,0.02,5.7e-05,31956.0,,,,
3874,8000,32004,1.7713,0.0103,3.4493,4.144,0.0124,0.09,4.5,0.92,0.0,877.0,463,381,33,53,43,4,299.0,0.02,5.6e-05,31969.0,,,,
3875,8000,32021,1.8128,0.042,3.4694,4.11,0.0161,0.1,4.57,0.93,0.0,923.0,462,427,34,50,46,4,284.0,0.02,5.6e-05,31975.0,,,,
3876,8000,32037,1.8168,0.0081,3.5408,3.916,0.0119,0.08,6.64,0.93,0.0,971.0,547,409,15,56,42,2,270.0,0.03,5.6e-05,31931.0,,,,
3877,8000,32054,1.8288,0.0085,3.5628,3.857,0.0115,0.08,5.35,0.92,0.0,1067.0,570,493,4,53,46,0,246.0,0.02,5.6e-05,31942.0,,,,
3878,8000,32070,1.8336,0.0218,3.5462,3.921,0.0127,0.1,4.52,0.92,0.0,1089.0,567,519,3,52,48,0,241.0,0.01,5.6e-05,31946.0,,,,
3879,8000,32087,1.8411,0.0305,3.543,3.852,0.0128,0.09,5.12,0.91,0.0,1071.0,548,523,0,51,49,0,245.0,0.01,5.6e-05,31964.0,,,,
3880,8000,32103,1.8119,0.0009,3.5438,3.825,0.0133,0.1,4.87,0.91,0.0,1084.0,589,491,4,54,45,0,242.0,0.01,5.6e-05,31948.0,,,,
3881,8000,32120,1.8119,-0.0162,3.5794,4.003,0.0144,0.09,3.95,0.89,0.0,1098.0,596,498,4,54,45,0,239.0,0.01,5.6e-05,30828.0,,,,
3882,8000,32137,1.7727,-0.0068,3.4842,4.307,0.0155,0.1,2.84,0.9,0.0,958.0,465,492,1,49,51,0,274.0,0.03,5.6e-05,31937.0,,,,
3883,8000,32153,1.7879,0.0102,3.4799,4.242,0.0155,0.1,4.13,0.91,0.0,1007.0,468,536,3,46,53,0,260.0,0.04,5.6e-05,31939.0,,,,
3884,8000,32170,1.7552,0.0073,3.4216,4.355,0.0116,0.08,4.31,0.92,0.0,979.0,497,482,0,51,49,0,268.0,0.04,5.6e-05,32044.0,,,,
3885,8000,32186,1.7824,0.0205,3.4493,4.328,0.0104,0.08,4.7,0.93,0.0,962.0,434,525,3,45,55,0,272.0,0.04,5.6e-05,31987.0,,,,
3886,8000,32203,1.7608,-0.0031,3.4521,4.193,0.0118,0.09,5.03,0.93,0.0,890.0,440,450,0,49,51,0,295.0,0.03,5.6e-05,31988.0,,,,
3887,8000,32219,1.755,-0.0059,3.446,4.159,0.0116,0.08,4.27,0.93,0.0,992.0,488,503,1,49,51,0,264.0,0.02,5.6e-05,31952.0,,,,
3888,8000,32236,1.8087,0.0239,3.4939,4.176,0.0138,0.09,5.69,0.93,0.0,1014.0,486,526,2,48,52,0,259.0,0.01,5.6e-05,31919.0,,,,
3889,8000,32252,1.7475,0.0076,3.4049,4.252,0.0114,0.08,4.65,0.93,0.0,1027.0,532,493,2,52,48,0,255.0,0.01,5.6e-05,31928.0,,,,
3890,8000,32268,1.765,0.0184,3.4179,4.255,0.0134,0.08,4.96,0.94,0.0,943.0,492,449,2,52,48,0,278.0,0.02,5.6e-05,31942.0,,,,
3891,8000,32285,1.7701,0.0256,3.4137,4.237,0.0182,0.1,4.49,0.93,0.0,991.0,507,482,2,51,49,0,265.0,0.04,5.6e-05,31909.0,,,,
3892,8000,32301,1.7855,0.0275,3.4394,4.081,0.015,0.09,3.91,0.93,0.0,1003.0,502,499,2,50,50,0,261.0,0.05,5.6e-05,31914.0,,,,
3893,8000,32318,1.7432,0.0037,3.4024,4.106,0.014,0.09,4.2,0.93,0.0,957.0,457,499,1,48,52,0,274.0,0.04,5.6e-05,31932.0,,,,
3894,8000,32334,1.7732,0.0085,3.4529,4.066,0.0114,0.08,7.24,0.93,0.0,1003.0,506,495,2,50,49,0,261.0,0.03,5.6e-05,31954.0,,,,
3895,8000,32351,1.7659,0.0123,3.4294,3.974,0.0103,0.07,6.93,0.94,0.0,1048.0,530,516,2,51,49,0,250.0,0.02,5.6e-05,31916.0,,,,
3896,8000,32367,1.7686,0.0295,3.4018,4.117,0.0119,0.08,4.7,0.94,0.0,974.0,456,518,0,47,53,0,269.0,0.03,5.6e-05,31924.0,,,,
3897,8000,32384,1.7793,0.0197,3.4424,4.007,0.0142,0.09,4.79,0.94,0.0,1000.0,516,475,9,52,48,1,262.0,0.02,5.6e-05,31996.0,,,,
3898,8000,32400,1.7836,0.0038,3.4815,3.888,0.0119,0.08,6.63,0.94,0.0,955.0,482,460,13,50,48,1,274.0,0.04,5.6e-05,31961.0,,,,
3899,8000,32417,1.7569,0.0118,3.4123,3.948,0.0139,0.08,5.49,0.95,0.0,940.0,481,455,4,51,48,0,279.0,0.03,5.6e-05,31936.0,92,0,420,18
3900,8000,32449,1.7613,0.0151,3.4146,3.952,0.0114,0.08,6.6,0.95,0.0,869.0,444,423,2,51,49,0,302.0,0.04,5.6e-05,32050.0,,,,
3901,8000,32466,1.7722,0.0239,3.4206,4.136,0.0148,0.09,3.97,0.93,0.0,835.0,422,404,9,51,48,1,314.0,0.04,5.6e-05,30855.0,,,,
3902,8000,32482,1.7297,0.0265,3.3323,4.404,0.0137,0.08,5.15,0.94,0.0,813.0,365,445,3,45,55,0,322.0,0.03,5.6e-05,31952.0,,,,
3903,8000,32498,1.7449,0.0243,3.367,4.359,0.0124,0.08,5.89,0.94,0.0,777.0,424,350,3,55,45,0,337.0,0.03,5.6e-05,31983.0,,,,
3904,8000,32515,1.7551,0.007,3.4209,4.222,0.0101,0.07,9.14,0.93,0.0,787.0,394,390,3,50,50,0,333.0,0.02,5.6e-05,31937.0,,,,
3905,8000,32531,1.7467,0.0003,3.418,4.145,0.011,0.08,7.81,0.93,0.0,815.0,436,371,8,53,46,1,322.0,0.01,5.6e-05,31980.0,,,,
3906,8000,32548,1.7426,0.0037,3.4037,4.157,0.0121,0.08,6.95,0.94,0.0,849.0,432,406,11,51,48,1,309.0,0.01,5.6e-05,31985.0,,,,
3907,8000,32564,1.7504,0.0115,3.4037,4.144,0.0113,0.08,6.2,0.94,0.0,874.0,460,402,12,53,46,1,300.0,0.01,5.6e-05,31931.0,,,,
3908,8000,32581,1.7709,0.0245,3.4213,4.143,0.0139,0.08,7.01,0.95,0.0,923.0,453,444,26,49,48,3,284.0,0.01,5.6e-05,31937.0,,,,
3909,8000,32597,1.7632,0.0197,3.4137,4.148,0.0166,0.08,6.75,0.95,0.0,942.0,446,479,17,47,51,2,278.0,0.01,5.6e-05,31942.0,,,,
3910,8000,32614,1.751,0.0143,3.3992,4.171,0.0153,0.08,6.48,0.95,0.0,930.0,406,514,10,44,55,1,282.0,0.0,5.6e-05,31935.0,,,,
3911,8000,32630,1.7341,0.0025,3.3871,4.047,0.0132,0.08,7.04,0.94,0.0,868.0,434,425,9,50,49,1,302.0,0.0,5.6e-05,31922.0,,,,
3912,8000,32647,1.7744,0.0081,3.4562,4.111,0.0102,0.07,12.11,0.95,0.0,850.0,417,428,5,49,50,1,308.0,0.01,5.6e-05,31939.0,,,,
3913,8000,32663,1.762,0.003,3.4401,3.86,0.0146,0.09,7.61,0.94,0.0,1012.0,492,511,9,49,50,1,259.0,0.0,5.6e-05,31942.0,,,,
3914,8000,32680,1.79,0.0208,3.4628,3.945,0.0103,0.07,9.83,0.95,0.0,964.0,492,458,14,51,48,1,272.0,0.0,5.6e-05,31983.0,,,,
3915,8000,32696,1.7969,0.0277,3.4599,3.889,0.0166,0.09,7.87,0.95,0.0,1007.0,513,487,7,51,48,1,260.0,0.0,5.6e-05,31953.0,,,,
3916,8000,32713,1.8187,0.0574,3.4444,3.941,0.0138,0.07,14.3,0.95,0.0,939.0,450,484,5,48,52,1,279.0,0.01,5.6e-05,31943.0,,,,
3917,8000,32729,1.771,0.0137,3.435,3.799,0.0153,0.09,8.91,0.95,0.0,935.0,462,472,1,49,50,0,280.0,0.01,5.6e-05,31989.0,,,,
3918,8000,32746,1.7499,0.0019,3.4172,3.855,0.0155,0.09,5.9,0.95,0.0,939.0,459,475,5,49,51,1,279.0,0.02,5.6e-05,31947.0,,,,
3919,8000,32762,1.7719,0.0137,3.4398,3.974,0.0167,0.1,4.59,0.95,0.0,956.0,499,442,15,52,46,2,274.0,0.03,5.6e-05,31976.0,,,,
3920,8000,32778,1.8068,0.0327,3.4709,4.039,0.0168,0.09,7.84,0.95,0.0,941.0,475,462,4,50,49,0,279.0,0.03,5.6e-05,31938.0,,,,
3921,8000,32796,1.8288,0.0618,3.4578,4.235,0.0186,0.09,8.94,0.94,0.0,851.0,419,427,5,49,50,1,308.0,0.02,5.6e-05,30760.0,,,,
3922,8000,32812,1.7522,0.0188,3.3911,4.293,0.0147,0.08,10.38,0.94,0.0,727.0,351,371,5,48,51,1,361.0,0.01,5.6e-05,31902.0,,,,
3923,8000,32829,1.7251,0.0168,3.3432,4.384,0.0109,0.07,12.99,0.94,0.0,666.0,317,330,19,48,50,3,394.0,0.01,5.6e-05,31936.0,,,,
3924,8000,32845,1.735,0.0261,3.3442,4.31,0.0096,0.06,12.03,0.94,0.0,647.0,281,348,18,43,54,3,405.0,0.01,5.6e-05,31916.0,,,,
3925,8000,32862,1.7327,0.0187,3.3563,4.191,0.0107,0.07,9.74,0.94,0.0,727.0,312,374,41,43,51,6,361.0,0.01,5.6e-05,31935.0,,,,
3926,8000,32878,1.7571,0.0392,3.3607,4.25,0.017,0.09,7.95,0.94,0.0,726.0,312,403,11,43,56,2,361.0,0.04,5.6e-05,31929.0,,,,
3927,8000,32895,1.7592,0.0514,3.34,4.142,0.0183,0.1,7.45,0.94,0.0,703.0,308,377,18,44,54,3,373.0,0.05,5.6e-05,31901.0,,,,
3928,8000,32911,1.7458,0.0422,3.332,4.199,0.0122,0.07,11.25,0.95,0.0,660.0,292,346,22,44,52,3,397.0,0.05,5.6e-05,31937.0,,,,
3929,8000,32928,1.7717,0.0486,3.3692,3.991,0.0194,0.09,10.76,0.94,0.0,715.0,285,413,17,40,58,2,367.0,0.04,5.6e-05,31948.0,,,,
3930,8000,32944,1.7571,0.0536,3.3309,4.091,0.0132,0.08,8.01,0.95,0.0,756.0,328,411,17,43,54,2,347.0,0.03,5.6e-05,31910.0,,,,
3931,8000,32961,1.7585,0.0434,3.3548,4.148,0.0128,0.09,7.99,0.95,0.0,749.0,317,422,10,42,56,1,350.0,0.02,5.6e-05,31992.0,,,,
3932,8000,32977,1.7574,0.0451,3.3514,4.253,0.0134,0.08,8.84,0.94,0.0,704.0,319,373,12,45,53,2,372.0,0.02,5.6e-05,31966.0,,,,
3933,8000,32994,1.7367,0.0425,3.313,4.178,0.0118,0.08,7.37,0.95,0.0,723.0,302,411,10,42,57,1,363.0,0.02,5.6e-05,31926.0,,,,
3934,8000,33010,1.758,0.0338,3.3713,4.061,0.0158,0.1,6.39,0.94,0.0,730.0,344,382,4,47,52,1,359.0,0.02,5.6e-05,31935.0,,,,
3935,8000,33027,1.7251,0.0262,3.3216,4.106,0.0176,0.09,6.71,0.95,0.0,723.0,323,395,5,45,55,1,363.0,0.03,5.6e-05,31930.0,,,,
3936,8000,33043,1.7351,0.0214,3.3511,4.194,0.0173,0.09,7.04,0.94,0.0,711.0,334,375,2,47,53,0,369.0,0.03,5.6e-05,31921.0,,,,
3937,8000,33060,1.7327,0.0108,3.3671,4.118,0.0118,0.08,7.95,0.94,0.0,752.0,376,373,3,50,50,0,349.0,0.03,5.5e-05,31916.0,,,,
3938,8000,33076,1.763,0.0263,3.3968,4.111,0.0147,0.09,6.62,0.94,0.0,792.0,398,390,4,50,49,1,331.0,0.03,5.5e-05,31933.0,,,,
3939,8000,33092,1.7639,0.024,3.4035,4.057,0.0138,0.09,6.33,0.94,0.0,812.0,434,373,5,53,46,1,323.0,0.02,5.5e-05,31968.0,,,,
3940,8000,33109,1.7504,0.032,3.3611,4.131,0.0135,0.09,6.02,0.94,0.0,756.0,384,364,8,51,48,1,347.0,0.01,5.5e-05,31926.0,,,,
3941,8000,33126,1.7681,0.0304,3.4007,4.285,0.0138,0.09,7.12,0.93,0.0,752.0,358,390,4,48,52,1,349.0,0.02,5.5e-05,30785.0,,,,
3942,8000,33143,1.7772,0.0283,3.4231,4.257,0.0129,0.09,4.94,0.92,0.0,741.0,390,346,5,53,47,1,354.0,0.02,5.5e-05,31930.0,,,,
3943,8000,33159,1.75,0.0279,3.3703,4.351,0.0133,0.09,4.75,0.93,0.0,766.0,420,339,7,55,44,1,342.0,0.02,5.5e-05,31949.0,,,,
3944,8000,33175,1.7142,0.0277,3.2991,4.43,0.0138,0.09,4.11,0.93,0.0,757.0,411,343,3,54,45,0,346.0,0.02,5.5e-05,31930.0,,,,
3945,8000,33192,1.7355,0.0235,3.3502,4.454,0.0124,0.08,9.21,0.94,0.0,726.0,367,356,3,51,49,0,361.0,0.02,5.5e-05,31981.0,,,,
3946,8000,33208,1.7356,0.0314,3.335,4.412,0.0104,0.07,6.37,0.94,0.0,835.0,438,390,7,52,47,1,314.0,0.02,5.5e-05,31949.0,,,,
3947,8000,33225,1.7812,0.0366,3.4145,4.338,0.0147,0.08,5.33,0.93,0.0,903.0,462,437,4,51,48,0,290.0,0.02,5.5e-05,31939.0,,,,
3948,8000,33241,1.7451,0.0219,3.3721,4.377,0.0118,0.08,5.15,0.94,0.0,863.0,447,413,3,52,48,0,304.0,0.01,5.5e-05,31967.0,,,,
3949,8000,33258,1.7699,0.0293,3.4063,4.317,0.012,0.08,7.89,0.94,0.0,861.0,464,396,1,54,46,0,304.0,0.01,5.5e-05,32004.0,73,0,439,14
3950,8000,33289,1.7235,0.0316,3.3091,4.334,0.0114,0.08,5.11,0.95,0.0,784.0,374,408,2,48,52,0,334.0,0.01,5.5e-05,32083.0,,,,
3951,8000,33306,1.738,0.0222,3.3577,4.384,0.0105,0.07,4.65,0.94,0.0,865.0,422,436,7,49,50,1,303.0,0.02,5.5e-05,31932.0,,,,
3952,8000,33322,1.7518,0.0262,3.3774,4.289,0.0117,0.08,5.55,0.94,0.0,881.0,437,428,16,50,49,2,298.0,0.03,5.5e-05,31954.0,,,,
3953,8000,33339,1.8108,0.0355,3.4757,4.16,0.013,0.08,8.6,0.94,0.0,953.0,451,490,12,47,51,1,275.0,0.03,5.5e-05,32001.0,,,,
3954,8000,33355,1.7945,0.0474,3.4188,4.139,0.0149,0.09,5.3,0.94,0.0,977.0,497,468,12,51,48,1,268.0,0.03,5.5e-05,31955.0,,,,
3955,8000,33372,1.7543,0.0182,3.3961,4.169,0.0114,0.08,6.9,0.94,0.0,973.0,518,450,5,53,46,1,269.0,0.03,5.5e-05,31944.0,,,,
3956,8000,33388,1.7676,0.0158,3.4278,4.185,0.0116,0.07,5.56,0.94,0.0,960.0,480,473,7,50,49,1,273.0,0.03,5.5e-05,31958.0,,,,
3957,8000,33405,1.7964,0.0114,3.4936,4.09,0.014,0.08,7.27,0.94,0.0,988.0,517,464,7,52,47,1,265.0,0.04,5.5e-05,31967.0,,,,
3958,8000,33421,1.8135,0.0284,3.4926,3.972,0.0153,0.09,4.72,0.93,0.0,1020.0,522,491,7,51,48,1,257.0,0.04,5.5e-05,31985.0,,,,
3959,8000,33438,1.801,0.009,3.5057,3.914,0.0114,0.08,6.29,0.94,0.0,1012.0,500,508,4,49,50,0,259.0,0.04,5.5e-05,31940.0,,,,
3960,8000,33454,1.7835,0.0014,3.4864,3.96,0.0112,0.08,15.21,0.95,0.0,942.0,502,438,2,53,46,0,278.0,0.04,5.5e-05,31937.0,,,,
3961,8000,33471,1.8236,-0.0065,3.5834,4.032,0.0114,0.08,12.72,0.92,0.0,993.0,483,502,8,49,51,1,264.0,0.04,5.5e-05,30829.0,,,,
3962,8000,33488,1.8047,0.0074,3.5185,4.102,0.0165,0.1,4.23,0.91,0.0,957.0,499,458,0,52,48,0,274.0,0.05,5.5e-05,31916.0,,,,
3963,8000,33504,1.8135,0.0162,3.518,4.066,0.0159,0.1,3.68,0.91,0.0,1049.0,547,497,5,52,47,0,250.0,0.05,5.5e-05,31942.0,,,,
3964,8000,33520,1.795,0.0221,3.4695,4.076,0.0153,0.1,3.11,0.92,0.0,1032.0,520,508,4,50,49,0,254.0,0.03,5.5e-05,31993.0,,,,
3965,8000,33537,1.8489,0.0338,3.5534,4.021,0.0141,0.1,4.39,0.92,0.0,995.0,477,517,1,48,52,0,263.0,0.03,5.5e-05,31955.0,,,,
3966,8000,33553,1.8062,0.0289,3.4778,4.024,0.0133,0.09,4.07,0.92,0.0,977.0,507,470,0,52,48,0,268.0,0.02,5.5e-05,31981.0,,,,
3967,8000,33570,1.8261,0.0146,3.5451,3.897,0.0128,0.1,3.41,0.91,0.0,1090.0,579,511,0,53,47,0,240.0,0.03,5.5e-05,31924.0,,,,
3968,8000,33586,1.7957,-0.0076,3.5292,3.924,0.0133,0.1,5.51,0.92,0.0,1016.0,515,499,2,51,49,0,258.0,0.03,5.5e-05,31944.0,,,,
3969,8000,33603,1.7926,0.0042,3.4997,3.989,0.0115,0.09,5.39,0.93,0.0,1013.0,475,537,1,47,53,0,259.0,0.02,5.5e-05,31955.0,,,,
3970,8000,33619,1.7568,0.0191,3.3985,4.023,0.012,0.08,4.08,0.93,0.0,964.0,438,525,1,45,54,0,272.0,0.03,5.5e-05,31998.0,,,,
3971,8000,33636,1.7683,0.0109,3.4375,3.962,0.013,0.09,3.51,0.93,0.0,895.0,424,470,1,47,53,0,293.0,0.03,5.5e-05,31952.0,,,,
3972,8000,33652,1.7924,0.0153,3.4769,3.978,0.0114,0.08,4.32,0.93,0.0,992.0,505,485,2,51,49,0,264.0,0.04,5.5e-05,31957.0,,,,
3973,8000,33669,1.7735,0.0148,3.44,3.942,0.0132,0.09,3.39,0.94,0.0,929.0,449,477,3,48,51,0,282.0,0.03,5.5e-05,31956.0,,,,
3974,8000,33685,1.7944,0.0132,3.4844,3.915,0.0117,0.09,4.12,0.93,0.0,946.0,454,491,1,48,52,0,277.0,0.03,5.5e-05,32000.0,,,,
3975,8000,33702,1.781,0.0173,3.4501,3.958,0.0107,0.08,4.01,0.93,0.0,958.0,496,462,0,52,48,0,274.0,0.03,5.5e-05,31999.0,,,,
3976,8000,33718,1.781,0.0217,3.4405,3.886,0.0111,0.08,3.64,0.93,0.0,918.0,446,472,0,49,51,0,286.0,0.02,5.5e-05,31951.0,,,,
3977,8000,33734,1.7822,0.0015,3.4832,3.889,0.0082,0.07,7.56,0.94,0.0,876.0,426,449,1,49,51,0,299.0,0.03,5.5e-05,31943.0,,,,
3978,8000,33751,1.7751,0.0338,3.4047,3.936,0.0098,0.07,5.1,0.94,0.0,883.0,467,416,0,53,47,0,297.0,0.04,5.5e-05,31943.0,,,,
3979,8000,33767,1.7579,0.0278,3.3826,3.978,0.0097,0.07,5.07,0.94,0.0,818.0,424,394,0,52,48,0,320.0,0.02,5.5e-05,31994.0,,,,
3980,8000,33784,1.8159,0.0327,3.4871,3.746,0.0135,0.09,3.81,0.93,0.0,968.0,516,450,2,53,46,0,271.0,0.03,5.5e-05,31948.0,,,,
3981,8000,33801,1.8237,0.0057,3.5571,3.8,0.0137,0.1,3.86,0.92,0.0,951.0,457,492,2,48,52,0,276.0,0.02,5.5e-05,30796.0,,,,
3982,8000,33817,1.7808,0.0028,3.4791,4.072,0.0104,0.08,4.67,0.92,0.0,841.0,391,447,3,46,53,0,312.0,0.01,5.5e-05,31937.0,,,,
3983,8000,33834,1.779,0.0146,3.4512,3.993,0.0155,0.09,3.46,0.92,0.0,894.0,447,445,2,50,50,0,293.0,0.02,5.5e-05,31938.0,,,,
3984,8000,33850,1.7889,0.0203,3.4597,4.016,0.012,0.08,4.59,0.92,0.0,900.0,460,435,5,51,48,1,291.0,0.02,5.5e-05,31956.0,,,,
3985,8000,33867,1.8231,0.02,3.5279,3.871,0.0108,0.08,5.78,0.92,0.0,933.0,447,484,2,48,52,0,281.0,0.01,5.5e-05,31940.0,,,,
3986,8000,33883,1.8382,0.0224,3.553,3.847,0.0097,0.08,5.09,0.93,0.0,979.0,481,495,3,49,51,0,268.0,0.01,5.5e-05,31933.0,,,,
3987,8000,33900,1.7919,0.0268,3.4524,3.95,0.0118,0.08,4.83,0.93,0.0,819.0,396,422,1,48,52,0,320.0,0.01,5.5e-05,31943.0,,,,
3988,8000,33916,1.7747,0.0234,3.425,4.034,0.0109,0.08,5.41,0.94,0.0,814.0,415,396,3,51,49,0,322.0,0.01,5.5e-05,31971.0,,,,
3989,8000,33933,1.756,0.0051,3.4238,4.012,0.0088,0.07,9.02,0.94,0.0,805.0,425,373,7,53,46,1,326.0,0.01,5.5e-05,31945.0,,,,
3990,8000,33949,1.7872,0.0149,3.466,3.895,0.0083,0.06,10.05,0.94,0.0,857.0,467,387,3,54,45,0,306.0,0.01,5.5e-05,31923.0,,,,
3991,8000,33966,1.7542,0.0287,3.3739,4.042,0.0109,0.07,9.3,0.95,0.0,804.0,408,391,5,51,49,1,326.0,0.0,5.5e-05,31933.0,,,,
3992,8000,33982,1.8252,0.047,3.4785,3.967,0.0062,0.05,18.23,0.95,0.0,798.0,411,384,3,52,48,0,329.0,0.01,5.5e-05,31940.0,,,,
3993,8000,33999,1.8063,0.042,3.4508,3.992,0.0099,0.07,11.66,0.95,0.0,789.0,391,395,3,50,50,0,332.0,0.01,5.5e-05,31944.0,,,,
3994,8000,34015,1.7708,0.0438,3.3765,4.038,0.0118,0.08,7.04,0.95,0.0,758.0,360,396,2,47,52,0,346.0,0.01,5.5e-05,32002.0,,,,
3995,8000,34032,1.7408,0.0396,3.3252,4.127,0.0111,0.08,7.14,0.95,0.0,712.0,336,374,2,47,53,0,368.0,0.0,5.5e-05,31948.0,,,,
3996,8000,34048,1.7437,0.0372,3.3352,4.077,0.0159,0.09,9.78,0.95,0.0,662.0,342,319,1,52,48,0,396.0,0.01,5.5e-05,31942.0,,,,
3997,8000,34065,1.7532,0.0341,3.3603,3.969,0.0114,0.08,7.01,0.95,0.0,711.0,362,346,3,51,49,0,369.0,0.01,5.5e-05,31940.0,,,,
3998,8000,34081,1.7882,0.0276,3.4435,3.98,0.0124,0.09,9.82,0.94,0.0,801.0,363,434,4,45,54,0,327.0,0.01,5.5e-05,31944.0,,,,
3999,8000,34097,1.773,0.0319,3.4043,4.002,0.012,0.09,8.06,0.95,0.0,805.0,393,408,4,49,51,0,326.0,0.01,5.5e-05,31941.0,45,0,467,9
4000,8000,34129,1.7583,0.0252,3.3888,4.049,0.0126,0.08,5.99,0.94,0.0,792.0,392,397,3,49,50,0,331.0,0.0,5.5e-05,32078.0,,,,
4001,8000,34147,1.7937,0.0121,3.4861,4.092,0.0195,0.09,4.76,0.93,0.0,863.0,461,398,4,53,46,0,304.0,0.0,5.5e-05,30801.0,,,,
4002,8000,34163,1.7412,0.0106,3.3854,4.248,0.0159,0.09,5.24,0.94,0.0,773.0,444,323,6,57,42,1,339.0,0.02,5.5e-05,32000.0,,,,
4003,8000,34180,1.7256,-0.0036,3.3823,4.216,0.0121,0.08,5.79,0.94,0.0,790.0,413,368,9,52,47,1,332.0,0.03,5.4e-05,31941.0,,,,
4004,8000,34196,1.7632,0.0176,3.4143,4.131,0.0151,0.09,7.03,0.94,0.0,805.0,423,374,8,53,46,1,326.0,0.04,5.4e-05,31953.0,,,,
4005,8000,34213,1.7469,0.0186,3.38,4.112,0.0087,0.06,8.93,0.94,0.0,790.0,426,343,21,54,43,3,332.0,0.05,5.4e-05,32021.0,,,,
4006,8000,34229,1.7545,0.0101,3.413,4.038,0.0118,0.08,5.78,0.94,0.0,848.0,406,413,29,48,49,3,309.0,0.06,5.4e-05,31939.0,,,,
4007,8000,34245,1.7563,0.0025,3.4303,3.931,0.0141,0.09,6.1,0.94,0.0,880.0,454,408,18,52,46,2,298.0,0.05,5.4e-05,32010.0,,,,
4008,8000,34262,1.8049,0.0141,3.5057,3.988,0.0146,0.08,8.73,0.93,0.0,992.0,479,490,23,48,49,2,264.0,0.03,5.4e-05,31963.0,,,,
4009,8000,34278,1.7775,0.0179,3.4431,4.036,0.0119,0.08,7.0,0.94,0.0,910.0,472,422,16,52,46,2,288.0,0.02,5.4e-05,31951.0,,,,
4010,8000,34295,1.7786,0.0119,3.4564,4.021,0.0116,0.09,5.3,0.94,0.0,991.0,532,449,10,54,45,1,265.0,0.02,5.4e-05,31966.0,,,,
4011,8000,34311,1.7917,0.0257,3.4546,3.965,0.0125,0.09,5.13,0.94,0.0,958.0,501,448,9,52,47,1,274.0,0.02,5.4e-05,31949.0,,,,
4012,8000,34328,1.8008,0.023,3.4781,3.964,0.0104,0.07,6.01,0.94,0.0,1010.0,499,504,7,49,50,1,260.0,0.02,5.4e-05,31927.0,,,,
4013,8000,34344,1.7896,0.0111,3.4785,3.874,0.0159,0.1,3.72,0.94,0.0,1047.0,502,541,4,48,52,0,250.0,0.03,5.4e-05,31949.0,,,,
4014,8000,34361,1.7773,-0.0018,3.4798,3.881,0.0149,0.09,6.17,0.94,0.0,983.0,453,529,1,46,54,0,267.0,0.02,5.4e-05,31956.0,,,,
4015,8000,34377,1.7824,0.0056,3.4751,3.857,0.0117,0.08,6.63,0.94,0.0,1010.0,498,510,2,49,50,0,260.0,0.01,5.4e-05,31991.0,,,,
4016,8000,34394,1.7781,0.0195,3.4382,3.852,0.013,0.08,3.65,0.94,0.0,971.0,433,537,1,45,55,0,270.0,0.01,5.4e-05,31958.0,,,,
4017,8000,34410,1.7797,0.0068,3.4675,3.845,0.0104,0.08,6.34,0.94,0.0,962.0,475,481,6,49,50,1,272.0,0.01,5.4e-05,31954.0,,,,
4018,8000,34427,1.7742,0.0052,3.4592,3.844,0.0141,0.08,4.85,0.94,0.0,972.0,487,482,3,50,50,0,270.0,0.01,5.4e-05,31954.0,,,,
4019,8000,34443,1.7695,0.0107,3.4391,3.91,0.0098,0.07,6.21,0.94,0.0,914.0,482,430,2,53,47,0,287.0,0.02,5.4e-05,31928.0,,,,
4020,8000,34460,1.7872,0.0238,3.449,3.933,0.0126,0.09,5.95,0.94,0.0,973.0,531,438,4,55,45,0,269.0,0.02,5.4e-05,31951.0,,,,
4021,8000,34477,1.7877,0.0305,3.4381,4.129,0.0127,0.08,6.65,0.93,0.0,876.0,437,435,4,50,50,0,299.0,0.01,5.4e-05,30786.0,,,,
4022,8000,34493,1.722,0.0059,3.3566,4.251,0.0128,0.08,5.58,0.94,0.0,745.0,421,319,5,57,43,1,352.0,0.03,5.4e-05,31955.0,,,,
4023,8000,34510,1.7199,-0.0025,3.3685,4.093,0.0115,0.08,10.55,0.94,0.0,731.0,365,361,5,50,49,1,359.0,0.04,5.4e-05,31962.0,,,,
4024,8000,34526,1.7412,-0.0022,3.4111,4.209,0.0076,0.06,9.29,0.93,0.0,715.0,352,357,6,49,50,1,367.0,0.05,5.4e-05,31969.0,,,,
4025,8000,34543,1.7326,0.0011,3.3868,4.126,0.012,0.08,6.56,0.94,0.0,760.0,393,352,15,52,46,2,345.0,0.04,5.4e-05,31914.0,,,,
4026,8000,34559,1.7473,-0.0058,3.4289,4.04,0.0125,0.09,4.76,0.93,0.0,906.0,432,462,12,48,51,1,289.0,0.04,5.4e-05,31936.0,,,,
4027,8000,34576,1.7784,0.0166,3.4469,4.087,0.014,0.08,5.61,0.93,0.0,943.0,510,425,8,54,45,1,278.0,0.04,5.4e-05,31867.0,,,,
4028,8000,34592,1.7334,0.0089,3.3725,4.131,0.009,0.07,6.61,0.94,0.0,930.0,505,420,5,54,45,1,282.0,0.03,5.4e-05,31872.0,,,,
4029,8000,34609,1.6912,-0.0111,3.3286,4.239,0.011,0.08,6.62,0.94,0.0,860.0,438,417,5,51,48,1,305.0,0.04,5.4e-05,31884.0,,,,
4030,8000,34625,1.7135,0.0169,3.3182,4.218,0.0126,0.08,4.77,0.95,0.0,865.0,439,419,7,51,48,1,303.0,0.05,5.4e-05,31881.0,,,,
4031,8000,34642,1.7357,0.034,3.327,4.222,0.0123,0.09,3.94,0.95,0.0,934.0,452,477,5,48,51,1,281.0,0.05,5.4e-05,31867.0,,,,
4032,8000,34658,1.7088,0.0276,3.2879,4.303,0.0127,0.08,4.78,0.96,0.0,844.0,399,429,16,47,51,2,311.0,0.05,5.4e-05,31949.0,,,,
4033,8000,34675,1.7219,0.0227,3.323,4.265,0.0119,0.08,6.2,0.96,0.0,833.0,407,405,21,49,49,3,315.0,0.04,5.4e-05,31941.0,,,,
4034,8000,34691,1.7096,0.0326,3.2782,4.292,0.0113,0.08,9.35,0.96,0.0,796.0,387,390,19,49,49,2,329.0,0.02,5.4e-05,31889.0,,,,
4035,8000,34708,1.6825,0.0276,3.2351,4.326,0.0097,0.07,6.3,0.96,0.0,706.0,334,350,22,47,50,3,371.0,0.03,5.4e-05,31889.0,,,,
4036,8000,34724,1.661,0.0279,3.1946,4.599,0.0128,0.07,6.29,0.96,0.0,716.0,360,323,33,50,45,5,366.0,0.02,5.4e-05,31879.0,,,,
4037,8000,34741,1.7066,0.0325,3.2751,4.519,0.0117,0.07,7.08,0.96,0.0,739.0,362,353,24,49,48,3,355.0,0.03,5.4e-05,31941.0,,,,
4038,8000,34757,1.7164,0.0321,3.2956,4.472,0.0159,0.08,6.87,0.95,0.0,742.0,360,356,26,49,48,4,353.0,0.04,5.4e-05,31883.0,,,,
4039,8000,34774,1.702,0.0401,3.2511,4.46,0.0138,0.08,7.72,0.96,0.0,743.0,346,370,27,47,50,4,353.0,0.03,5.4e-05,31882.0,,,,
4040,8000,34790,1.7228,0.041,3.2902,4.422,0.0133,0.08,7.0,0.96,0.0,735.0,352,365,18,48,50,2,357.0,0.02,5.4e-05,31888.0,,,,
4041,8000,34807,1.7445,0.0122,3.3903,4.438,0.0109,0.07,8.26,0.94,0.0,718.0,347,354,17,48,49,2,365.0,0.04,5.4e-05,30795.0,,,,
4042,8000,34824,1.751,0.0195,3.3887,4.399,0.0136,0.08,8.28,0.94,0.0,718.0,360,347,11,50,48,2,365.0,0.03,5.4e-05,31958.0,,,,
4043,8000,34840,1.7556,0.016,3.405,4.359,0.0135,0.08,7.64,0.94,0.0,777.0,360,402,15,46,52,2,337.0,0.02,5.4e-05,31958.0,,,,
4044,8000,34857,1.7391,0.0287,3.3465,4.367,0.0141,0.08,5.14,0.94,0.0,764.0,355,390,19,46,51,2,343.0,0.02,5.4e-05,31905.0,,,,
4045,8000,34873,1.702,0.0156,3.2986,4.37,0.011,0.07,7.35,0.95,0.0,657.0,318,318,21,48,48,3,399.0,0.03,5.4e-05,31918.0,,,,
4046,8000,34890,1.7043,0.0289,3.2771,4.439,0.0135,0.08,5.22,0.95,0.0,681.0,345,323,13,51,47,2,385.0,0.03,5.4e-05,31911.0,,,,
4047,8000,34906,1.7199,0.0284,3.3096,4.408,0.0123,0.07,6.86,0.95,0.0,677.0,341,318,18,50,47,3,387.0,0.02,5.4e-05,31900.0,,,,
4048,8000,34923,1.6795,0.0167,3.2514,4.4,0.012,0.07,4.69,0.95,0.0,663.0,324,321,18,49,48,3,395.0,0.02,5.4e-05,31980.0,,,,
4049,8000,34939,1.6772,0.0205,3.2403,4.467,0.0121,0.07,8.06,0.96,0.0,597.0,280,290,27,47,49,5,439.0,0.02,5.4e-05,31906.0,49,0,463,10
4050,8000,34971,1.6604,0.0168,3.2151,4.583,0.0086,0.06,18.53,0.96,0.0,552.0,230,301,21,42,55,4,475.0,0.03,5.4e-05,32055.0,,,,
4051,8000,34987,1.6446,0.0239,3.1685,4.52,0.0089,0.05,15.96,0.96,0.0,501.0,237,233,31,47,47,6,523.0,0.03,5.4e-05,31911.0,,,,
4052,8000,35004,1.6094,0.0248,3.0994,4.707,0.0107,0.06,8.44,0.96,0.0,483.0,211,232,40,44,48,8,543.0,0.03,5.4e-05,31982.0,,,,
4053,8000,35020,1.6134,0.0144,3.1274,4.671,0.0096,0.06,8.56,0.96,0.0,483.0,208,239,36,43,49,7,543.0,0.02,5.4e-05,31985.0,,,,
4054,8000,35037,1.6066,0.0243,3.0937,4.78,0.0098,0.06,10.55,0.96,0.0,474.0,181,263,30,38,55,6,553.0,0.01,5.4e-05,31917.0,,,,
4055,8000,35053,1.6383,0.0288,3.1506,4.747,0.0107,0.06,10.06,0.95,0.0,517.0,220,248,49,43,48,9,507.0,0.02,5.4e-05,31915.0,,,,
4056,8000,35069,1.6784,0.0312,3.2231,4.635,0.0117,0.06,18.56,0.95,0.0,563.0,250,280,33,44,50,6,466.0,0.04,5.4e-05,31907.0,,,,
4057,8000,35086,1.6179,0.0109,3.144,4.693,0.0108,0.06,6.68,0.96,0.0,508.0,241,239,28,47,47,6,516.0,0.04,5.4e-05,31908.0,,,,
4058,8000,35102,1.6194,0.018,3.1337,4.698,0.0104,0.06,8.77,0.97,0.0,487.0,215,242,30,44,50,6,538.0,0.03,5.4e-05,31941.0,,,,
4059,8000,35119,1.6406,0.0319,3.1475,4.769,0.0098,0.06,7.47,0.96,0.0,581.0,271,287,23,47,49,4,451.0,0.02,5.4e-05,31913.0,,,,
4060,8000,35135,1.6519,0.0306,3.1742,4.717,0.0113,0.06,9.58,0.96,0.0,537.0,257,248,32,48,46,6,488.0,0.03,5.4e-05,31942.0,,,,
4061,8000,35153,1.6687,0.026,3.2148,4.776,0.01,0.06,10.35,0.96,0.0,580.0,289,275,16,50,47,3,452.0,0.02,5.4e-05,30800.0,,,,
4062,8000,35169,1.6697,0.0188,3.2327,4.873,0.0082,0.05,15.04,0.96,0.0,549.0,279,250,20,51,46,4,477.0,0.02,5.4e-05,31944.0,,,,
4063,8000,35186,1.6688,0.0275,3.2139,4.758,0.0102,0.06,8.54,0.95,0.0,587.0,281,283,23,48,48,4,447.0,0.03,5.4e-05,32008.0,,,,
4064,8000,35202,1.6774,0.0241,3.2354,4.631,0.0169,0.09,5.22,0.95,0.0,669.0,332,319,18,50,48,3,392.0,0.03,5.4e-05,31951.0,,,,
4065,8000,35219,1.6558,0.022,3.1958,4.719,0.0152,0.08,6.47,0.96,0.0,640.0,325,300,15,51,47,2,410.0,0.03,5.4e-05,31950.0,,,,
4066,8000,35235,1.6216,0.0103,3.1514,4.8,0.0094,0.06,11.38,0.96,0.0,561.0,281,267,13,50,48,2,467.0,0.03,5.4e-05,31955.0,,,,
4067,8000,35251,1.7257,0.0083,3.3623,4.63,0.0043,0.04,32.38,0.96,0.0,593.0,288,292,13,49,49,2,442.0,0.04,5.4e-05,31999.0,,,,
4068,8000,35268,1.6781,0.0113,3.2614,4.601,0.0082,0.05,11.26,0.96,0.0,684.0,351,304,29,51,44,4,383.0,0.03,5.4e-05,31961.0,,,,
4069,8000,35284,1.6922,0.0053,3.3027,4.731,0.0086,0.05,15.39,0.96,0.0,686.0,337,330,19,49,48,3,382.0,0.02,5.4e-05,31949.0,,,,
4070,8000,35301,1.6774,0.0015,3.2801,4.758,0.007,0.05,15.62,0.96,0.0,593.0,300,278,15,51,47,3,442.0,0.02,5.4e-05,31996.0,,,,
4071,8000,35317,1.6918,0.0035,3.3037,4.613,0.0095,0.06,13.35,0.96,0.0,619.0,358,253,8,58,41,1,423.0,0.02,5.3e-05,31956.0,,,,
4072,8000,35334,1.6585,0.0004,3.2454,4.728,0.0115,0.07,10.35,0.96,0.0,655.0,352,289,14,54,44,2,400.0,0.03,5.3e-05,31975.0,,,,
4073,8000,35350,1.6521,0.0028,3.2267,4.677,0.0093,0.06,13.93,0.97,0.0,622.0,328,283,11,53,45,2,421.0,0.02,5.3e-05,31936.0,,,,
4074,8000,35367,1.6775,0.0083,3.2664,4.695,0.0125,0.07,9.27,0.96,0.0,663.0,370,281,12,56,42,2,395.0,0.03,5.3e-05,31955.0,,,,
4075,8000,35383,1.6969,0.0043,3.313,4.604,0.0128,0.07,8.27,0.96,0.0,745.0,381,350,14,51,47,2,352.0,0.03,5.3e-05,32007.0,,,,
4076,8000,35400,1.6724,0.008,3.2571,4.675,0.0141,0.08,6.92,0.96,0.0,733.0,388,333,12,53,45,2,358.0,0.02,5.3e-05,31955.0,,,,
4077,8000,35416,1.7307,0.013,3.3628,4.586,0.0156,0.09,7.36,0.95,0.0,783.0,407,367,9,52,47,1,335.0,0.02,5.3e-05,31935.0,,,,
4078,8000,35433,1.7528,0.0146,3.4041,4.64,0.0171,0.1,6.22,0.95,0.0,800.0,416,379,5,52,47,1,328.0,0.03,5.3e-05,31948.0,,,,
4079,8000,35449,1.7061,0.0032,3.3326,4.572,0.0118,0.08,7.2,0.95,0.0,806.0,445,360,1,55,45,0,325.0,0.02,5.3e-05,31948.0,,,,
4080,8000,35466,1.7099,-0.0035,3.3539,4.561,0.0112,0.08,5.77,0.95,0.0,869.0,489,378,2,56,43,0,302.0,0.03,5.3e-05,31945.0,,,,
4081,8000,35483,1.7456,-0.0044,3.4279,4.644,0.0123,0.08,6.03,0.94,0.0,831.0,397,430,4,48,52,0,315.0,0.03,5.3e-05,30799.0,,,,
4082,8000,35499,1.7278,0.0137,3.3567,4.748,0.0133,0.08,6.01,0.95,0.0,749.0,335,412,2,45,55,0,350.0,0.04,5.3e-05,31936.0,,,,
4083,8000,35516,1.7368,0.0209,3.3597,4.657,0.0108,0.08,4.29,0.95,0.0,754.0,364,387,3,48,51,0,348.0,0.05,5.3e-05,31937.0,,,,
4084,8000,35532,1.7461,0.0121,3.3964,4.709,0.0113,0.07,5.82,0.95,0.0,799.0,377,421,1,47,53,0,328.0,0.04,5.3e-05,31954.0,,,,
4085,8000,35549,1.7691,0.0062,3.4533,4.607,0.0111,0.07,5.12,0.94,0.0,857.0,401,448,8,47,52,1,306.0,0.05,5.3e-05,31935.0,,,,
4086,8000,35565,1.7833,0.0213,3.4516,4.627,0.0139,0.08,5.9,0.94,0.0,854.0,419,429,6,49,50,1,307.0,0.05,5.3e-05,31991.0,,,,
4087,8000,35582,1.7801,0.0218,3.4446,4.667,0.0115,0.07,5.58,0.94,0.0,906.0,451,454,1,50,50,0,289.0,0.05,5.3e-05,31937.0,,,,
4088,8000,35598,1.7711,0.015,3.4396,4.6,0.0096,0.07,6.94,0.95,0.0,888.0,412,474,2,46,53,0,295.0,0.04,5.3e-05,31956.0,,,,
4089,8000,35614,1.7785,0.0132,3.4579,4.604,0.0105,0.07,9.28,0.94,0.0,845.0,403,442,0,48,52,0,310.0,0.04,5.3e-05,31962.0,,,,
4090,8000,35631,1.7763,0.0214,3.4369,4.509,0.0115,0.08,4.54,0.94,0.0,888.0,442,444,2,50,50,0,295.0,0.03,5.3e-05,31947.0,,,,
4091,8000,35647,1.7953,0.017,3.484,4.56,0.0115,0.07,4.45,0.93,0.0,936.0,468,468,0,50,50,0,280.0,0.03,5.3e-05,31928.0,,,,
4092,8000,35664,1.7779,0.0179,3.447,4.49,0.012,0.08,4.55,0.93,0.0,948.0,446,497,5,47,52,1,277.0,0.04,5.3e-05,31993.0,,,,
4093,8000,35680,1.7805,0.012,3.4643,4.574,0.0113,0.07,5.45,0.94,0.0,908.0,440,467,1,48,51,0,289.0,0.04,5.3e-05,31932.0,,,,
4094,8000,35697,1.7864,0.0144,3.4699,4.443,0.0112,0.07,6.7,0.94,0.0,915.0,469,441,5,51,48,1,286.0,0.03,5.3e-05,31990.0,,,,
4095,8000,35713,1.778,0.0086,3.465,4.473,0.011,0.07,5.68,0.94,0.0,962.0,454,507,1,47,53,0,272.0,0.03,5.3e-05,31952.0,,,,
4096,8000,35730,1.7602,0.0183,3.4098,4.435,0.0113,0.07,5.55,0.95,0.0,890.0,447,442,1,50,50,0,295.0,0.03,5.3e-05,31952.0,,,,
4097,8000,35746,1.7465,0.0106,3.3985,4.509,0.0105,0.07,5.03,0.95,0.0,864.0,441,419,4,51,48,0,303.0,0.04,5.3e-05,31947.0,,,,
4098,8000,35763,1.7736,0.0138,3.4462,4.498,0.0087,0.06,8.2,0.95,0.0,865.0,440,423,2,51,49,0,303.0,0.03,5.3e-05,31952.0,,,,
4099,8000,35779,1.7584,0.0307,3.3824,4.541,0.0102,0.07,6.3,0.95,0.0,863.0,431,428,4,50,50,0,304.0,0.04,5.3e-05,32010.0,31,1,480,6
4100,8000,35811,1.7424,0.0079,3.3963,4.572,0.0115,0.07,5.55,0.95,0.0,925.0,497,426,2,54,46,0,283.0,0.05,5.3e-05,32076.0,,,,
4101,8000,35828,1.8454,0.0309,3.5559,4.519,0.0167,0.08,5.22,0.93,0.0,931.0,515,415,1,55,45,0,282.0,0.04,5.3e-05,30779.0,,,,
4102,8000,35844,1.808,0.0212,3.5003,4.459,0.0143,0.08,4.41,0.92,0.0,952.0,559,389,4,59,41,0,275.0,0.05,5.3e-05,31939.0,,,,
4103,8000,35861,1.8056,0.0409,3.4559,4.443,0.0107,0.08,4.66,0.93,0.0,926.0,531,390,5,57,42,1,283.0,0.03,5.3e-05,31909.0,,,,
4104,8000,35877,1.7503,0.035,3.358,4.544,0.0125,0.08,4.21,0.94,0.0,859.0,530,327,2,62,38,0,305.0,0.04,5.3e-05,31926.0,,,,
4105,8000,35894,1.7357,0.0186,3.3612,4.58,0.0115,0.07,5.04,0.94,0.0,866.0,496,362,8,57,42,1,303.0,0.04,5.3e-05,31934.0,,,,
4106,8000,35910,1.7816,0.0201,3.4494,4.428,0.0101,0.07,7.61,0.94,0.0,888.0,494,382,12,56,43,1,295.0,0.02,5.3e-05,31930.0,,,,
4107,8000,35927,1.7655,0.018,3.4205,4.35,0.0122,0.08,4.23,0.94,0.0,948.0,545,399,4,57,42,0,277.0,0.03,5.3e-05,31964.0,,,,
4108,8000,35943,1.838,0.0409,3.519,4.218,0.0165,0.1,3.62,0.92,0.0,1019.0,524,492,3,51,48,0,257.0,0.04,5.3e-05,31915.0,,,,
4109,8000,35960,1.811,0.0319,3.4833,4.251,0.0116,0.08,6.45,0.93,0.0,953.0,504,444,5,53,47,1,275.0,0.04,5.3e-05,31981.0,,,,
4110,8000,35976,1.7834,0.0388,3.4148,4.295,0.0137,0.08,4.35,0.94,0.0,1024.0,574,444,6,56,43,1,256.0,0.02,5.3e-05,31893.0,,,,
4111,8000,35993,1.7767,0.0221,3.4337,4.259,0.0101,0.07,5.35,0.94,0.0,922.0,506,415,1,55,45,0,284.0,0.02,5.3e-05,31915.0,,,,
4112,8000,36009,1.75,0.0281,3.3671,4.167,0.0125,0.08,4.44,0.95,0.0,881.0,492,388,1,56,44,0,298.0,0.02,5.3e-05,31937.0,,,,
4113,8000,36026,1.7928,0.0381,3.4333,4.144,0.0094,0.07,6.45,0.95,0.0,948.0,541,403,4,57,43,0,277.0,0.04,5.3e-05,31922.0,,,,
4114,8000,36042,1.7889,0.0463,3.4087,4.131,0.013,0.08,5.14,0.95,0.0,925.0,540,381,4,58,41,0,283.0,0.04,5.3e-05,31922.0,,,,
4115,8000,36059,1.7693,0.0295,3.4029,4.129,0.0129,0.08,4.32,0.94,0.0,897.0,498,397,2,56,44,0,292.0,0.04,5.3e-05,31927.0,,,,
4116,8000,36075,1.7737,0.0221,3.4267,4.131,0.0131,0.08,4.78,0.94,0.0,908.0,511,394,3,56,43,0,289.0,0.03,5.3e-05,31923.0,,,,
4117,8000,36092,1.7989,0.0323,3.4564,4.1,0.0118,0.08,5.86,0.94,0.0,979.0,589,390,0,60,40,0,268.0,0.03,5.3e-05,31923.0,,,,
4118,8000,36108,1.8345,0.0514,3.4887,4.03,0.0156,0.09,3.63,0.93,0.0,1007.0,567,439,1,56,44,0,260.0,0.02,5.3e-05,31979.0,,,,
4119,8000,36125,1.7842,0.0305,3.4307,4.132,0.0117,0.08,4.0,0.94,0.0,922.0,534,388,0,58,42,0,284.0,0.02,5.3e-05,31917.0,,,,
4120,8000,36141,1.7632,0.0322,3.3849,4.14,0.0141,0.09,4.38,0.95,0.0,821.0,463,357,1,56,43,0,319.0,0.03,5.3e-05,31899.0,,,,
4121,8000,36158,1.8537,0.0453,3.5402,4.161,0.0117,0.08,6.16,0.93,0.0,845.0,500,343,2,59,41,0,310.0,0.03,5.3e-05,30792.0,,,,
4122,8000,36175,1.801,0.0223,3.4802,4.14,0.009,0.07,7.54,0.93,0.0,775.0,390,384,1,50,50,0,338.0,0.04,5.3e-05,31945.0,,,,
4123,8000,36191,1.7443,0.0373,3.3367,4.136,0.0119,0.08,5.36,0.95,0.0,689.0,348,341,0,51,49,0,380.0,0.03,5.3e-05,32014.0,,,,
4124,8000,36208,1.786,0.0331,3.4294,4.187,0.0128,0.08,4.98,0.93,0.0,882.0,459,423,0,52,48,0,297.0,0.06,5.3e-05,31965.0,,,,
4125,8000,36224,1.7955,0.0359,3.4437,4.203,0.0118,0.08,6.91,0.94,0.0,962.0,522,429,11,54,45,1,272.0,0.05,5.3e-05,31968.0,,,,
4126,8000,36241,1.7867,0.0279,3.4418,4.222,0.0111,0.08,5.53,0.94,0.0,870.0,474,394,2,54,45,0,301.0,0.06,5.3e-05,32017.0,,,,
4127,8000,36257,1.7599,0.0195,3.4042,4.139,0.0109,0.08,5.12,0.94,0.0,883.0,482,399,2,55,45,0,297.0,0.08,5.3e-05,31944.0,,,,
4128,8000,36274,1.7483,0.0194,3.3808,4.092,0.0117,0.09,4.29,0.94,0.0,859.0,446,411,2,52,48,0,305.0,0.08,5.3e-05,32007.0,,,,
4129,8000,36290,1.8023,0.0307,3.4672,4.164,0.0105,0.08,5.17,0.94,0.0,886.0,466,417,3,53,47,0,296.0,0.07,5.3e-05,31956.0,,,,
4130,8000,36307,1.7906,0.0317,3.4413,4.055,0.0112,0.08,5.09,0.94,0.0,854.0,454,396,4,53,46,0,307.0,0.05,5.3e-05,31948.0,,,,
4131,8000,36323,1.7682,0.0217,3.4168,4.134,0.0093,0.07,6.98,0.94,0.0,769.0,365,402,2,47,52,0,341.0,0.06,5.3e-05,31946.0,,,,
4132,8000,36339,1.7592,0.0227,3.3967,4.097,0.0105,0.08,5.8,0.94,0.0,803.0,376,423,4,47,53,0,326.0,0.05,5.3e-05,32035.0,,,,
4133,8000,36356,1.8125,0.027,3.4951,4.092,0.009,0.07,7.78,0.94,0.0,791.0,404,383,4,51,48,1,331.0,0.06,5.3e-05,32019.0,,,,
4134,8000,36372,1.7633,0.0254,3.4003,4.121,0.0112,0.08,5.58,0.94,0.0,806.0,395,406,5,49,50,1,325.0,0.06,5.3e-05,31950.0,,,,
4135,8000,36389,1.797,0.0161,3.4849,4.067,0.0103,0.07,11.39,0.94,0.0,857.0,390,465,2,46,54,0,306.0,0.04,5.3e-05,31969.0,,,,
4136,8000,36405,1.7374,0.0142,3.3697,4.067,0.0101,0.08,5.11,0.94,0.0,763.0,350,411,2,46,54,0,344.0,0.05,5.3e-05,32008.0,,,,
4137,8000,36422,1.792,0.0267,3.4543,4.031,0.0126,0.09,7.88,0.94,0.0,822.0,392,425,5,48,52,1,319.0,0.06,5.3e-05,32003.0,,,,
4138,8000,36438,1.805,0.0406,3.4529,4.129,0.0111,0.08,6.78,0.93,0.0,841.0,403,433,5,48,51,1,312.0,0.05,5.3e-05,31939.0,,,,
4139,8000,36455,1.7719,0.0324,3.4028,4.11,0.0117,0.08,4.54,0.94,0.0,799.0,384,411,4,48,51,1,328.0,0.05,5.3e-05,31942.0,,,,
4140,8000,36471,1.7655,0.0355,3.385,4.267,0.0107,0.08,5.36,0.94,0.0,779.0,386,388,5,50,50,1,337.0,0.04,5.3e-05,32008.0,,,,
4141,8000,36488,1.795,0.0217,3.4723,4.176,0.0119,0.08,5.59,0.93,0.0,765.0,368,388,9,48,51,1,343.0,0.04,5.2e-05,30855.0,,,,
4142,8000,36505,1.8064,0.0268,3.4824,4.038,0.0136,0.09,5.18,0.92,0.0,849.0,395,449,5,47,53,1,309.0,0.02,5.2e-05,31917.0,,,,
4143,8000,36521,1.7717,0.0281,3.4108,4.069,0.0152,0.09,4.54,0.93,0.0,806.0,391,411,4,49,51,0,325.0,0.02,5.2e-05,31911.0,,,,
4144,8000,36538,1.7648,0.0276,3.3993,4.147,0.0138,0.09,3.98,0.93,0.0,775.0,349,420,6,45,54,1,338.0,0.03,5.2e-05,31905.0,,,,
4145,8000,36554,1.8185,0.0554,3.4487,3.982,0.014,0.09,4.5,0.92,0.0,883.0,420,458,5,48,52,1,297.0,0.03,5.2e-05,31946.0,,,,
4146,8000,36571,1.7831,0.0283,3.4323,4.005,0.0115,0.09,3.8,0.93,0.0,900.0,403,495,2,45,55,0,291.0,0.02,5.2e-05,31988.0,,,,
4147,8000,36587,1.7655,0.0289,3.396,4.05,0.0126,0.09,4.31,0.94,0.0,843.0,380,462,1,45,55,0,311.0,0.03,5.2e-05,31939.0,,,,
4148,8000,36604,1.7506,0.0411,3.3428,4.117,0.0134,0.09,4.78,0.94,0.0,839.0,387,448,4,46,53,0,312.0,0.03,5.2e-05,31934.0,,,,
4149,8000,36620,1.7606,0.0444,3.3564,4.147,0.0124,0.09,3.46,0.94,0.0,859.0,412,445,2,48,52,0,305.0,0.02,5.2e-05,32026.0,85,0,427,17
4150,8000,36652,1.7473,0.0255,3.368,4.218,0.0112,0.08,5.39,0.94,0.0,807.0,414,389,4,51,48,0,325.0,0.03,5.2e-05,32059.0,,,,
4151,8000,36668,1.7054,0.0166,3.3029,4.301,0.0111,0.08,3.72,0.95,0.0,777.0,409,365,3,53,47,0,337.0,0.01,5.2e-05,31913.0,,,,
4152,8000,36685,1.7153,0.012,3.3305,4.154,0.0108,0.08,4.79,0.94,0.0,729.0,394,333,2,54,46,0,360.0,0.02,5.2e-05,31992.0,,,,
4153,8000,36701,1.709,0.0133,3.3171,4.287,0.0107,0.08,4.74,0.94,0.0,797.0,469,324,4,59,41,1,329.0,0.02,5.2e-05,31937.0,,,,
4154,8000,36718,1.7027,0.0116,3.3079,4.245,0.0099,0.07,4.41,0.94,0.0,809.0,466,337,6,58,42,1,324.0,0.03,5.2e-05,31965.0,,,,
4155,8000,36734,1.7288,0.0311,3.3203,4.275,0.0159,0.08,4.14,0.94,0.0,822.0,418,403,1,51,49,0,319.0,0.02,5.2e-05,32003.0,,,,
4156,8000,36750,1.7337,0.0208,3.3504,4.239,0.0106,0.08,4.61,0.94,0.0,754.0,405,348,1,54,46,0,348.0,0.02,5.2e-05,31976.0,,,,
4157,8000,36767,1.681,0.0204,3.2466,4.352,0.0112,0.08,4.97,0.95,0.0,613.0,323,289,1,53,47,0,428.0,0.03,5.2e-05,31990.0,,,,
4158,8000,36783,1.6699,0.029,3.2082,4.44,0.0129,0.08,5.07,0.94,0.0,584.0,319,262,3,55,45,1,449.0,0.02,5.2e-05,31961.0,,,,
4159,8000,36800,1.6769,0.014,3.2516,4.417,0.011,0.07,4.49,0.93,0.0,609.0,320,288,1,53,47,0,430.0,0.02,5.2e-05,31952.0,,,,
4160,8000,36816,1.7264,0.0128,3.3516,4.22,0.0091,0.07,8.81,0.93,0.0,679.0,337,339,3,50,50,0,386.0,0.02,5.2e-05,31929.0,,,,
4161,8000,36833,1.7915,0.0298,3.4472,4.14,0.0137,0.09,3.77,0.91,0.0,779.0,390,386,3,50,50,0,337.0,0.04,5.2e-05,30799.0,,,,
4162,8000,36850,1.8394,0.0416,3.5188,4.035,0.0161,0.1,3.43,0.9,0.0,893.0,458,431,4,51,48,0,294.0,0.03,5.2e-05,31948.0,,,,
4163,8000,36866,1.803,0.0376,3.4541,4.092,0.0138,0.09,4.77,0.92,0.0,929.0,452,475,2,49,51,0,282.0,0.02,5.2e-05,31949.0,,,,
4164,8000,36883,1.8299,0.0428,3.4976,4.091,0.0106,0.07,7.94,0.91,0.0,907.0,457,450,0,50,50,0,289.0,0.03,5.2e-05,31995.0,,,,
4165,8000,36899,1.8037,0.0304,3.4694,3.995,0.0177,0.1,4.55,0.91,0.0,849.0,424,424,1,50,50,0,309.0,0.03,5.2e-05,31959.0,,,,
4166,8000,36916,1.7771,0.0153,3.4459,3.965,0.0121,0.08,6.45,0.92,0.0,780.0,428,350,2,55,45,0,336.0,0.04,5.2e-05,31954.0,,,,
4167,8000,36932,1.792,0.0247,3.4567,3.909,0.0146,0.1,6.34,0.92,0.0,839.0,446,391,2,53,47,0,312.0,0.04,5.2e-05,31961.0,,,,
4168,8000,36949,1.7808,0.0095,3.4652,3.971,0.0123,0.09,5.42,0.91,0.0,841.0,433,406,2,51,48,0,312.0,0.02,5.2e-05,32006.0,,,,
4169,8000,36965,1.7765,0.009,3.4577,3.991,0.013,0.09,5.42,0.92,0.0,804.0,413,388,3,51,48,0,326.0,0.03,5.2e-05,31946.0,,,,
4170,8000,36982,1.7997,0.0061,3.5094,3.924,0.0106,0.08,9.56,0.91,0.0,892.0,486,402,4,54,45,0,294.0,0.02,5.2e-05,31960.0,,,,
4171,8000,36998,1.7845,0.0016,3.4882,3.942,0.0118,0.08,4.68,0.92,0.0,975.0,509,460,6,52,47,1,269.0,0.01,5.2e-05,31954.0,,,,
4172,8000,37015,1.7642,0.0023,3.4463,3.961,0.0129,0.09,5.21,0.93,0.0,856.0,450,403,3,53,47,0,306.0,0.01,5.2e-05,31946.0,,,,
4173,8000,37031,1.7878,0.0171,3.4632,3.9,0.0117,0.09,4.85,0.93,0.0,866.0,449,414,3,52,48,0,303.0,0.02,5.2e-05,31963.0,,,,
4174,8000,37048,1.8243,0.0159,3.538,3.82,0.0091,0.07,10.85,0.93,0.0,867.0,442,421,4,51,49,0,302.0,0.02,5.2e-05,31934.0,,,,
4175,8000,37064,1.8171,0.0192,3.5155,3.702,0.0082,0.07,8.13,0.93,0.0,886.0,415,468,3,47,53,0,296.0,0.02,5.2e-05,31960.0,,,,
4176,8000,37081,1.811,0.0154,3.5114,3.699,0.0122,0.09,12.8,0.93,0.0,875.0,428,445,2,49,51,0,300.0,0.02,5.2e-05,31942.0,,,,
4177,8000,37097,1.781,-0.0039,3.4901,3.711,0.0106,0.08,9.02,0.93,0.0,901.0,425,476,0,47,53,0,291.0,0.02,5.2e-05,32006.0,,,,
4178,8000,37113,1.8239,0.0224,3.5237,3.735,0.0114,0.08,15.4,0.94,0.0,939.0,457,480,2,49,51,0,279.0,0.02,5.2e-05,32017.0,,,,
4179,8000,37130,1.821,0.0372,3.4886,3.806,0.014,0.1,9.3,0.94,0.0,965.0,430,535,0,45,55,0,272.0,0.02,5.2e-05,31954.0,,,,
4180,8000,37146,1.8166,0.025,3.5034,3.687,0.0145,0.1,6.66,0.94,0.0,993.0,491,497,5,49,50,1,264.0,0.02,5.2e-05,31961.0,,,,
4181,8000,37164,1.8628,0.0115,3.6244,3.828,0.0214,0.11,5.83,0.92,0.0,1058.0,566,487,5,53,46,0,248.0,0.01,5.2e-05,30768.0,,,,
4182,8000,37180,1.924,0.0217,3.7267,3.878,0.0136,0.09,11.08,0.91,0.0,1017.0,593,422,2,58,41,0,258.0,0.02,5.2e-05,31899.0,,,,
4183,8000,37197,1.785,0.0019,3.4878,3.859,0.017,0.11,3.4,0.92,0.0,1004.0,565,439,0,56,44,0,261.0,0.02,5.2e-05,31909.0,,,,
4184,8000,37213,1.7843,0.0153,3.4608,3.984,0.0157,0.1,4.67,0.92,0.0,921.0,492,427,2,53,46,0,285.0,0.02,5.2e-05,31963.0,,,,
4185,8000,37229,1.7956,0.0366,3.4411,3.991,0.0154,0.09,5.13,0.93,0.0,936.0,518,411,7,55,44,1,280.0,0.02,5.2e-05,31969.0,,,,
4186,8000,37246,1.8157,0.0383,3.4765,3.927,0.0126,0.08,14.61,0.93,0.0,918.0,508,409,1,55,45,0,286.0,0.02,5.2e-05,31904.0,,,,
4187,8000,37262,1.7661,0.0191,3.4167,3.984,0.0149,0.09,9.38,0.94,0.0,896.0,545,346,5,61,39,1,293.0,0.02,5.2e-05,31974.0,,,,
4188,8000,37279,1.7349,-0.0081,3.4081,3.947,0.0114,0.08,6.78,0.94,0.0,851.0,456,390,5,54,46,1,308.0,0.02,5.2e-05,31899.0,,,,
4189,8000,37295,1.7683,0.0208,3.4164,3.91,0.0133,0.09,6.84,0.94,0.0,889.0,494,389,6,56,44,1,295.0,0.02,5.2e-05,31898.0,,,,
4190,8000,37312,1.7485,0.0223,3.3739,3.945,0.0137,0.09,6.2,0.94,0.0,860.0,477,376,7,55,44,1,305.0,0.01,5.2e-05,31915.0,,,,
4191,8000,37328,1.7468,0.0243,3.3668,3.981,0.0129,0.08,8.04,0.94,0.0,827.0,450,368,9,54,44,1,317.0,0.01,5.2e-05,31921.0,,,,
4192,8000,37345,1.7019,0.0139,3.2978,4.002,0.0165,0.09,5.68,0.95,0.0,731.0,411,310,10,56,42,1,359.0,0.01,5.2e-05,31907.0,,,,
4193,8000,37361,1.7211,0.0132,3.3379,4.036,0.0148,0.09,6.02,0.94,0.0,776.0,414,356,6,53,46,1,338.0,0.01,5.2e-05,31912.0,,,,
4194,8000,37378,1.7598,0.0282,3.3859,4.053,0.0138,0.09,5.0,0.93,0.0,806.0,397,395,14,49,49,2,325.0,0.01,5.2e-05,31905.0,,,,
4195,8000,37395,1.7425,0.0184,3.3704,3.943,0.0124,0.09,4.93,0.93,0.0,759.0,393,359,7,52,47,1,345.0,0.01,5.2e-05,31906.0,,,,
4196,8000,37411,1.7257,0.0051,3.3643,4.051,0.0113,0.08,4.77,0.93,0.0,781.0,395,377,9,51,48,1,336.0,0.01,5.2e-05,31901.0,,,,
4197,8000,37428,1.7242,0.0153,3.3414,4.06,0.0127,0.08,6.12,0.94,0.0,784.0,435,341,8,55,43,1,334.0,0.01,5.2e-05,31911.0,,,,
4198,8000,37444,1.6928,0.004,3.3025,4.118,0.0098,0.07,7.36,0.94,0.0,737.0,375,353,9,51,48,1,356.0,0.01,5.2e-05,31911.0,,,,
4199,8000,37461,1.7447,0.0146,3.3851,3.993,0.0146,0.08,5.52,0.94,0.0,826.0,452,362,12,55,44,1,317.0,0.01,5.2e-05,31922.0,55,1,456,11
4200,8000,37492,1.7294,0.003,3.3786,3.973,0.0113,0.08,5.0,0.94,0.0,841.0,437,391,13,52,46,2,312.0,0.01,5.2e-05,32081.0,,,,
4201,8000,37509,1.8467,-0.0006,3.6165,3.991,0.0109,0.07,9.95,0.92,0.0,826.0,418,403,5,51,49,1,317.0,0.02,5.2e-05,30794.0,,,,
4202,8000,37526,1.7736,0.0061,3.4568,3.979,0.0146,0.09,8.13,0.93,0.0,704.0,326,374,4,46,53,1,372.0,0.02,5.2e-05,31954.0,,,,
4203,8000,37542,1.7572,0.0168,3.4029,4.014,0.0129,0.08,5.3,0.93,0.0,714.0,353,352,9,49,49,1,367.0,0.06,5.2e-05,31950.0,,,,
4204,8000,37559,1.7074,0.0022,3.3347,4.211,0.0103,0.07,5.95,0.94,0.0,745.0,410,324,11,55,43,1,352.0,0.06,5.2e-05,31968.0,,,,
4205,8000,37575,1.7008,0.0069,3.3115,4.243,0.0132,0.09,4.33,0.94,0.0,763.0,404,347,12,53,45,2,344.0,0.03,5.2e-05,31954.0,,,,
4206,8000,37592,1.7022,0.0157,3.2963,4.192,0.0144,0.09,5.37,0.94,0.0,680.0,358,316,6,53,46,1,386.0,0.02,5.2e-05,31955.0,,,,
4207,8000,37608,1.6998,0.0119,3.2985,4.124,0.0128,0.09,3.57,0.94,0.0,735.0,406,325,4,55,44,1,357.0,0.02,5.2e-05,31945.0,,,,
4208,8000,37625,1.7038,0.0172,3.2964,4.126,0.014,0.08,6.5,0.95,0.0,689.0,355,327,7,52,47,1,380.0,0.02,5.2e-05,31962.0,,,,
4209,8000,37641,1.7124,0.0288,3.2895,4.094,0.0107,0.07,10.55,0.95,0.0,645.0,341,302,2,53,47,0,406.0,0.02,5.2e-05,31948.0,,,,
4210,8000,37658,1.7055,0.0208,3.2922,4.169,0.0117,0.07,12.95,0.95,0.0,668.0,385,282,1,58,42,0,392.0,0.02,5.2e-05,31910.0,,,,
4211,8000,37674,1.6933,0.0089,3.2907,4.074,0.0112,0.08,9.27,0.95,0.0,658.0,346,308,4,53,47,1,398.0,0.03,5.2e-05,31956.0,,,,
4212,8000,37691,1.749,0.0109,3.3989,4.081,0.006,0.05,17.63,0.94,0.0,712.0,372,332,8,52,47,1,368.0,0.02,5.2e-05,31886.0,,,,
4213,8000,37707,1.7158,-0.0028,3.3606,4.09,0.0075,0.06,16.89,0.94,0.0,661.0,333,309,19,50,47,3,397.0,0.02,5.2e-05,31892.0,,,,
4214,8000,37724,1.6911,0.0164,3.2738,4.188,0.0135,0.08,10.29,0.95,0.0,646.0,348,283,15,54,44,2,406.0,0.03,5.1e-05,31894.0,,,,
4215,8000,37740,1.6836,0.0345,3.2235,4.26,0.0159,0.09,4.76,0.95,0.0,625.0,329,280,16,53,45,3,419.0,0.02,5.1e-05,31892.0,,,,
4216,8000,37757,1.7087,0.0327,3.2759,4.078,0.0151,0.09,4.91,0.94,0.0,678.0,333,330,15,49,49,2,387.0,0.03,5.1e-05,31893.0,,,,
4217,8000,37773,1.6849,0.0156,3.263,4.146,0.013,0.08,5.34,0.95,0.0,702.0,343,345,14,49,49,2,373.0,0.02,5.1e-05,31942.0,,,,
4218,8000,37790,1.6806,0.008,3.268,4.062,0.0139,0.09,5.19,0.95,0.0,671.0,353,304,14,53,45,2,391.0,0.04,5.1e-05,31960.0,,,,
4219,8000,37806,1.6738,0.0178,3.2354,4.176,0.0136,0.08,4.97,0.96,0.0,676.0,396,271,9,59,40,1,388.0,0.05,5.1e-05,31888.0,,,,
4220,8000,37823,1.7138,0.0305,3.289,4.055,0.0134,0.08,6.1,0.95,0.0,707.0,373,327,7,53,46,1,371.0,0.03,5.1e-05,31901.0,,,,
4221,8000,37840,1.7637,0.0683,3.314,4.162,0.0186,0.09,5.82,0.93,0.0,637.0,316,317,4,50,50,1,412.0,0.02,5.1e-05,30790.0,,,,
4222,8000,37856,1.7839,0.0539,3.3836,4.227,0.0093,0.07,18.24,0.93,0.0,564.0,280,275,9,50,49,2,465.0,0.03,5.1e-05,31975.0,,,,
4223,8000,37873,1.7855,0.0841,3.3258,4.133,0.012,0.08,7.75,0.92,0.0,602.0,323,271,8,54,45,1,435.0,0.03,5.1e-05,31946.0,,,,
4224,8000,37889,1.8881,0.064,3.5712,4.124,0.0071,0.06,26.22,0.93,0.0,640.0,288,334,18,45,52,3,410.0,0.03,5.1e-05,32016.0,,,,
4225,8000,37906,1.7335,0.06,3.271,4.248,0.0104,0.07,6.36,0.94,0.0,633.0,312,312,9,49,49,1,414.0,0.02,5.1e-05,31925.0,,,,
4226,8000,37922,1.7032,0.0554,3.2201,4.275,0.0123,0.08,5.55,0.94,0.0,573.0,277,287,9,48,50,2,457.0,0.01,5.1e-05,31933.0,,,,
4227,8000,37939,1.7184,0.0554,3.2491,4.159,0.0113,0.08,5.05,0.94,0.0,615.0,304,303,8,49,49,1,426.0,0.01,5.1e-05,31953.0,,,,
4228,8000,37955,1.7421,0.05,3.307,4.1,0.0135,0.08,6.4,0.93,0.0,654.0,313,337,4,48,52,1,401.0,0.02,5.1e-05,31929.0,,,,
4229,8000,37972,1.7315,0.0432,3.2995,4.112,0.0096,0.07,13.35,0.94,0.0,645.0,316,321,8,49,50,1,406.0,0.01,5.1e-05,31943.0,,,,
4230,8000,37988,1.7314,0.03,3.3262,4.177,0.0107,0.07,10.24,0.94,0.0,628.0,317,304,7,50,48,1,417.0,0.01,5.1e-05,31932.0,,,,
4231,8000,38005,1.759,0.0134,3.4134,3.992,0.0097,0.07,14.29,0.93,0.0,713.0,354,345,14,50,48,2,368.0,0.01,5.1e-05,31991.0,,,,
4232,8000,38021,1.7846,0.036,3.4191,3.976,0.0099,0.07,18.32,0.93,0.0,727.0,392,324,11,54,45,2,361.0,0.01,5.1e-05,31941.0,,,,
4233,8000,38038,1.739,0.0252,3.3489,3.917,0.0146,0.09,4.61,0.94,0.0,780.0,403,374,3,52,48,0,336.0,0.01,5.1e-05,31959.0,,,,
4234,8000,38054,1.8053,0.0427,3.4466,3.958,0.0185,0.1,5.63,0.93,0.0,836.0,449,387,0,54,46,0,314.0,0.01,5.1e-05,32006.0,,,,
4235,8000,38071,1.8125,0.0419,3.4623,3.886,0.0176,0.1,4.1,0.93,0.0,960.0,507,450,3,53,47,0,273.0,0.02,5.1e-05,31940.0,,,,
4236,8000,38087,1.8157,0.0336,3.4859,3.944,0.0137,0.09,8.26,0.93,0.0,914.0,469,443,2,51,48,0,287.0,0.02,5.1e-05,31931.0,,,,
4237,8000,38104,1.7766,0.0315,3.4108,3.868,0.0131,0.08,5.85,0.94,0.0,894.0,446,448,0,50,50,0,293.0,0.01,5.1e-05,31957.0,,,,
4238,8000,38120,1.7607,0.0354,3.3729,4.026,0.0129,0.09,5.63,0.94,0.0,852.0,435,416,1,51,49,0,308.0,0.02,5.1e-05,31932.0,,,,
4239,8000,38137,1.7912,0.0122,3.4804,4.011,0.014,0.08,21.92,0.94,0.0,862.0,437,418,7,51,48,1,304.0,0.02,5.1e-05,31992.0,,,,
4240,8000,38153,1.7585,0.0099,3.4187,3.885,0.0166,0.1,4.06,0.94,0.0,875.0,403,464,8,46,53,1,300.0,0.02,5.1e-05,31917.0,,,,
4241,8000,38170,1.8024,0.0118,3.5028,3.944,0.0146,0.09,5.72,0.9,0.0,865.0,405,456,4,47,53,0,303.0,0.02,5.1e-05,30764.0,,,,
4242,8000,38187,1.8079,0.0195,3.497,3.794,0.0172,0.1,3.93,0.91,0.0,829.0,377,447,5,45,54,1,316.0,0.02,5.1e-05,31984.0,,,,
4243,8000,38203,1.7693,0.011,3.4383,3.907,0.0111,0.08,3.96,0.91,0.0,802.0,365,434,3,46,54,0,327.0,0.03,5.1e-05,31949.0,,,,
4244,8000,38220,1.7586,0.0013,3.4372,3.997,0.0125,0.09,4.82,0.91,0.0,816.0,353,458,5,43,56,1,321.0,0.03,5.1e-05,31948.0,,,,
4245,8000,38236,1.7839,0.0202,3.4494,3.964,0.011,0.08,6.49,0.92,0.0,748.0,360,382,6,48,51,1,350.0,0.03,5.1e-05,31953.0,,,,
4246,8000,38253,1.7404,0.0126,3.378,4.0,0.0129,0.09,5.5,0.93,0.0,771.0,380,386,5,49,50,1,340.0,0.03,5.1e-05,31948.0,,,,
4247,8000,38269,1.761,0.0038,3.4364,4.0,0.0109,0.08,5.28,0.93,0.0,790.0,389,390,11,49,49,1,332.0,0.04,5.1e-05,31974.0,,,,
4248,8000,38285,1.6893,0.0014,3.2988,4.072,0.0155,0.09,3.63,0.93,0.0,803.0,412,383,8,51,48,1,326.0,0.02,5.1e-05,31968.0,,,,
4249,8000,38302,1.7038,0.0059,3.3198,4.199,0.0122,0.08,4.86,0.94,0.0,752.0,370,380,2,49,51,0,349.0,0.02,5.1e-05,32002.0,118,0,394,23
4250,8000,38333,1.7198,0.0187,3.3255,4.124,0.0127,0.08,3.97,0.93,0.0,777.0,385,381,11,50,49,1,337.0,0.02,5.1e-05,32112.0,,,,
4251,8000,38350,1.7446,0.0142,3.3858,4.324,0.0085,0.06,13.76,0.94,0.0,722.0,328,386,8,45,53,1,363.0,0.02,5.1e-05,31966.0,,,,
4252,8000,38366,1.6814,0.0112,3.2656,4.362,0.0111,0.07,4.14,0.94,0.0,630.0,297,328,5,47,52,1,416.0,0.05,5.1e-05,31970.0,,,,
4253,8000,38383,1.6595,0.0078,3.2287,4.378,0.0124,0.08,4.01,0.94,0.0,703.0,332,357,14,47,51,2,373.0,0.05,5.1e-05,31973.0,,,,
4254,8000,38399,1.685,0.0099,3.276,4.348,0.0137,0.08,3.33,0.94,0.0,825.0,378,430,17,46,52,2,318.0,0.03,5.1e-05,32023.0,,,,
4255,8000,38416,1.7053,0.0119,3.3124,4.376,0.0107,0.07,5.19,0.95,0.0,797.0,382,399,16,48,50,2,329.0,0.03,5.1e-05,31963.0,,,,
4256,8000,38432,1.7134,0.0227,3.3062,4.249,0.0132,0.08,4.22,0.95,0.0,893.0,443,448,2,50,50,0,294.0,0.02,5.1e-05,31967.0,,,,
4257,8000,38449,1.6703,0.005,3.2555,4.304,0.0111,0.07,5.17,0.96,0.0,820.0,405,412,3,49,50,0,320.0,0.01,5.1e-05,31981.0,,,,
4258,8000,38465,1.6701,0.0108,3.244,4.335,0.0144,0.07,5.43,0.96,0.0,782.0,380,398,4,49,51,1,335.0,0.02,5.1e-05,31965.0,,,,
4259,8000,38482,1.6683,0.0166,3.229,4.312,0.01,0.07,5.19,0.96,0.0,729.0,342,383,4,47,53,1,360.0,0.02,5.1e-05,31954.0,,,,
4260,8000,38498,1.6696,0.0222,3.2207,4.339,0.0139,0.08,4.23,0.96,0.0,724.0,334,387,3,46,53,0,362.0,0.03,5.1e-05,31966.0,,,,
4261,8000,38515,1.7394,0.0339,3.3365,4.356,0.0152,0.08,3.68,0.94,0.0,782.0,369,410,3,47,52,0,335.0,0.04,5.1e-05,30854.0,,,,
4262,8000,38532,1.746,0.0306,3.3572,4.464,0.0132,0.08,3.33,0.93,0.0,743.0,361,380,2,49,51,0,353.0,0.02,5.1e-05,31976.0,,,,
4263,8000,38548,1.7255,0.0137,3.3499,4.46,0.0121,0.08,3.13,0.93,0.0,749.0,373,376,0,50,50,0,350.0,0.04,5.1e-05,31975.0,,,,
4264,8000,38564,1.7387,0.0252,3.353,4.444,0.0109,0.07,5.89,0.93,0.0,755.0,373,381,1,49,50,0,347.0,0.03,5.1e-05,31932.0,,,,
4265,8000,38581,1.7554,0.0436,3.3496,4.443,0.0122,0.07,3.76,0.93,0.0,783.0,424,359,0,54,46,0,335.0,0.04,5.1e-05,31916.0,,,,
4266,8000,38597,1.7421,0.0373,3.3356,4.411,0.0123,0.08,4.03,0.94,0.0,848.0,433,415,0,51,49,0,309.0,0.04,5.1e-05,31941.0,,,,
4267,8000,38614,1.7171,0.0254,3.3101,4.499,0.0102,0.07,3.37,0.94,0.0,821.0,415,406,0,51,49,0,319.0,0.02,5.1e-05,31945.0,,,,
4268,8000,38630,1.6879,0.0243,3.2542,4.536,0.0128,0.08,2.93,0.94,0.0,842.0,376,465,1,45,55,0,311.0,0.02,5.1e-05,31987.0,,,,
4269,8000,38647,1.7242,0.036,3.3031,4.505,0.0138,0.07,4.51,0.94,0.0,740.0,344,396,0,46,54,0,354.0,0.03,5.1e-05,31952.0,,,,
4270,8000,38663,1.6869,0.0379,3.2247,4.53,0.0114,0.07,4.47,0.95,0.0,729.0,334,394,1,46,54,0,360.0,0.02,5.1e-05,31990.0,,,,
4271,8000,38680,1.7031,0.0272,3.279,4.552,0.0097,0.06,7.11,0.94,0.0,690.0,290,396,4,42,57,1,380.0,0.01,5.1e-05,31946.0,,,,
4272,8000,38696,1.7062,0.0286,3.2818,4.446,0.0105,0.07,4.85,0.95,0.0,693.0,312,377,4,45,54,1,378.0,0.02,5.1e-05,31983.0,,,,
4273,8000,38713,1.6912,0.0217,3.2661,4.491,0.0131,0.07,3.84,0.94,0.0,776.0,356,412,8,46,53,1,338.0,0.02,5.1e-05,31934.0,,,,
4274,8000,38729,1.6867,0.0207,3.259,4.493,0.0109,0.07,3.77,0.95,0.0,681.0,344,332,5,51,49,1,385.0,0.02,5.1e-05,31994.0,,,,
4275,8000,38746,1.7175,0.0239,3.3139,4.443,0.0081,0.06,5.6,0.95,0.0,729.0,360,364,5,49,50,1,360.0,0.01,5.1e-05,31921.0,,,,
4276,8000,38762,1.6948,0.0312,3.2539,4.475,0.0126,0.07,3.72,0.95,0.0,762.0,379,381,2,50,50,0,344.0,0.01,5.1e-05,31924.0,,,,
4277,8000,38779,1.6861,0.0202,3.2582,4.431,0.0133,0.08,4.08,0.95,0.0,736.0,384,345,7,52,47,1,356.0,0.02,5.1e-05,31936.0,,,,
4278,8000,38795,1.6812,0.0081,3.2727,4.458,0.0128,0.07,4.28,0.95,0.0,703.0,354,341,8,50,49,1,373.0,0.01,5.1e-05,31948.0,,,,
4279,8000,38811,1.6683,0.022,3.219,4.483,0.013,0.07,3.81,0.95,0.0,718.0,347,364,7,48,51,1,365.0,0.01,5.1e-05,31939.0,,,,
4280,8000,38828,1.6648,0.0207,3.2158,4.553,0.0111,0.07,4.51,0.96,0.0,640.0,319,313,8,50,49,1,410.0,0.01,5.1e-05,31928.0,,,,
4281,8000,38845,1.6649,0.0073,3.2435,4.679,0.0104,0.06,4.66,0.94,0.0,602.0,286,298,18,48,50,3,435.0,0.01,5.1e-05,30820.0,,,,
4282,8000,38862,1.6497,0.006,3.2165,4.715,0.0097,0.06,4.85,0.95,0.0,488.0,244,227,17,50,47,3,537.0,0.02,5.1e-05,31891.0,,,,
4283,8000,38878,1.6376,0.0044,3.1957,4.689,0.01,0.07,4.14,0.95,0.0,490.0,245,225,20,50,46,4,535.0,0.03,5.1e-05,31959.0,,,,
4284,8000,38895,1.6573,0.0032,3.2356,4.563,0.009,0.07,7.4,0.95,0.0,489.0,250,224,15,51,46,3,536.0,0.04,5.1e-05,31907.0,,,,
4285,8000,38911,1.6658,-0.0017,3.2646,4.557,0.0088,0.06,5.61,0.94,0.0,529.0,268,223,38,51,42,7,496.0,0.06,5.1e-05,31978.0,,,,
4286,8000,38927,1.6574,0.0016,3.2417,4.588,0.0094,0.07,6.22,0.95,0.0,564.0,263,271,30,47,48,5,465.0,0.05,5.1e-05,31910.0,,,,
4287,8000,38944,1.6448,0.005,3.2113,4.675,0.0113,0.07,8.21,0.95,0.0,559.0,262,254,43,47,45,8,469.0,0.04,5.1e-05,31968.0,,,,
4288,8000,38960,1.638,0.0064,3.1933,4.654,0.0083,0.07,8.46,0.95,0.0,534.0,282,231,21,53,43,4,491.0,0.02,5.1e-05,31953.0,,,,
4289,8000,38977,1.6174,0.0036,3.158,4.613,0.0117,0.08,4.78,0.95,0.0,525.0,280,219,26,53,42,5,499.0,0.04,5.1e-05,31911.0,,,,
4290,8000,38993,1.5862,-0.0077,3.1217,4.759,0.0092,0.06,7.57,0.95,0.0,509.0,233,231,45,46,45,9,515.0,0.03,5e-05,31906.0,,,,
4291,8000,39010,1.6333,-0.0131,3.2247,4.694,0.0054,0.04,29.78,0.95,0.0,445.0,206,199,40,46,45,9,589.0,0.02,5e-05,31965.0,,,,
4292,8000,39026,1.6113,0.0009,3.1532,4.694,0.0062,0.04,13.69,0.95,0.0,483.0,218,230,35,45,48,7,543.0,0.02,5e-05,31911.0,,,,
4293,8000,39043,1.6525,0.0125,3.2115,4.682,0.0086,0.06,27.06,0.96,0.0,472.0,203,232,37,43,49,8,555.0,0.03,5e-05,31959.0,,,,
4294,8000,39059,1.6127,0.0072,3.1433,4.737,0.0058,0.05,16.41,0.96,0.0,448.0,215,189,44,48,42,10,585.0,0.03,5e-05,31972.0,,,,
4295,8000,39076,1.6055,-0.0016,3.1468,4.867,0.0064,0.05,29.7,0.96,0.0,433.0,206,187,40,48,43,9,605.0,0.03,5e-05,31979.0,,,,
4296,8000,39092,1.709,-0.0062,3.3595,4.586,0.0036,0.03,51.08,0.95,0.0,480.0,232,219,29,48,46,6,546.0,0.05,5e-05,31896.0,,,,
4297,8000,39109,1.6697,-0.0018,3.2727,4.595,0.0091,0.05,18.25,0.95,0.0,532.0,253,245,34,48,46,6,493.0,0.04,5e-05,31908.0,,,,
4298,8000,39125,1.674,0.0161,3.2448,4.597,0.0113,0.07,10.68,0.96,0.0,553.0,281,246,26,51,44,5,474.0,0.05,5e-05,31891.0,,,,
4299,8000,39142,1.6528,-0.0,3.2351,4.564,0.009,0.06,12.43,0.96,0.0,494.0,248,222,24,50,45,5,531.0,0.05,5e-05,31913.0,67,0,445,13
4300,8000,39173,1.6591,0.0064,3.235,4.604,0.0113,0.07,12.61,0.96,0.0,589.0,302,260,27,51,44,5,445.0,0.04,5e-05,32034.0,,,,
4301,8000,39191,1.7414,0.0015,3.4072,4.442,0.0132,0.08,10.98,0.94,0.0,686.0,331,335,20,48,49,3,382.0,0.03,5e-05,30803.0,,,,
4302,8000,39207,1.7123,-0.0064,3.3658,4.553,0.0108,0.07,15.89,0.95,0.0,675.0,301,354,20,45,52,3,388.0,0.02,5e-05,32012.0,,,,
4303,8000,39223,1.6851,0.0125,3.2743,4.595,0.0146,0.08,6.02,0.95,0.0,736.0,332,382,22,45,52,3,356.0,0.02,5e-05,31923.0,,,,
4304,8000,39240,1.7105,0.0199,3.3088,4.489,0.0156,0.08,5.65,0.94,0.0,717.0,351,354,12,49,49,2,366.0,0.02,5e-05,31918.0,,,,
4305,8000,39256,1.7484,0.0223,3.378,4.374,0.0146,0.09,5.13,0.94,0.0,774.0,381,387,6,49,50,1,339.0,0.04,5e-05,31986.0,,,,
4306,8000,39273,1.7696,0.0367,3.3925,4.351,0.0185,0.1,4.08,0.93,0.0,819.0,410,402,7,50,49,1,320.0,0.05,5e-05,31929.0,,,,
4307,8000,39289,1.7592,0.0087,3.4267,4.263,0.0143,0.08,5.58,0.94,0.0,871.0,463,400,8,53,46,1,301.0,0.03,5e-05,31992.0,,,,
4308,8000,39306,1.7215,0.006,3.3567,4.283,0.0162,0.09,4.83,0.95,0.0,915.0,456,449,10,50,49,1,286.0,0.03,5e-05,31923.0,,,,
4309,8000,39322,1.7259,0.0046,3.3688,4.371,0.0168,0.09,5.3,0.95,0.0,871.0,416,447,8,48,51,1,301.0,0.03,5e-05,31924.0,,,,
4310,8000,39339,1.7525,0.027,3.3767,4.292,0.012,0.08,7.43,0.95,0.0,816.0,385,421,10,47,52,1,321.0,0.03,5e-05,31933.0,,,,
4311,8000,39355,1.7142,0.0221,3.3094,4.291,0.0103,0.07,5.65,0.95,0.0,821.0,362,454,5,44,55,1,319.0,0.02,5e-05,31955.0,,,,
4312,8000,39372,1.7075,0.0235,3.2938,4.331,0.0103,0.07,6.23,0.96,0.0,821.0,370,449,2,45,55,0,319.0,0.02,5e-05,31920.0,,,,
4313,8000,39388,1.6903,0.015,3.2779,4.483,0.0108,0.07,7.18,0.96,0.0,827.0,413,411,3,50,50,0,317.0,0.03,5e-05,31928.0,,,,
4314,8000,39405,1.6959,0.0121,3.2948,4.456,0.0117,0.07,7.45,0.96,0.0,800.0,423,370,7,53,46,1,328.0,0.04,5e-05,31989.0,,,,
4315,8000,39421,1.7214,0.0193,3.3307,4.409,0.0126,0.08,7.43,0.96,0.0,857.0,438,416,3,51,49,0,306.0,0.02,5e-05,31924.0,,,,
4316,8000,39438,1.7996,0.0321,3.4599,4.243,0.0113,0.07,13.47,0.95,0.0,845.0,427,417,1,51,49,0,310.0,0.03,5e-05,31992.0,,,,
4317,8000,39454,1.739,0.0324,3.3385,4.202,0.0123,0.08,5.91,0.95,0.0,890.0,433,451,6,49,51,1,295.0,0.03,5e-05,31948.0,,,,
4318,8000,39471,1.7636,0.0273,3.3979,4.259,0.0141,0.08,7.34,0.95,0.0,884.0,411,471,2,46,53,0,297.0,0.02,5e-05,31935.0,,,,
4319,8000,39487,1.7225,0.0284,3.3146,4.382,0.0118,0.07,6.53,0.96,0.0,845.0,396,447,2,47,53,0,310.0,0.03,5e-05,31994.0,,,,
4320,8000,39503,1.7579,0.0253,3.3911,4.304,0.0128,0.07,7.98,0.95,0.0,840.0,380,456,4,45,54,0,312.0,0.04,5e-05,31923.0,,,,
4321,8000,39521,1.79,0.0063,3.4928,4.261,0.0139,0.08,5.2,0.93,0.0,876.0,459,412,5,52,47,1,299.0,0.04,5e-05,30834.0,,,,
4322,8000,39537,1.7738,0.0325,3.4084,4.339,0.0218,0.1,5.7,0.94,0.0,810.0,394,414,2,49,51,0,324.0,0.04,5e-05,31998.0,,,,
4323,8000,39553,1.7674,0.0217,3.4179,4.44,0.0128,0.08,4.31,0.94,0.0,778.0,402,376,0,52,48,0,337.0,0.05,5e-05,31910.0,,,,
4324,8000,39570,1.736,0.0149,3.3686,4.41,0.016,0.09,3.88,0.94,0.0,751.0,391,357,3,52,48,0,349.0,0.04,5e-05,31940.0,,,,
4325,8000,39586,1.7426,0.013,3.3862,4.419,0.0129,0.08,11.66,0.94,0.0,755.0,402,337,16,53,45,2,347.0,0.03,5e-05,31954.0,,,,
4326,8000,39603,1.7407,0.0173,3.373,4.324,0.0128,0.08,4.89,0.94,0.0,775.0,440,329,6,57,42,1,338.0,0.03,5e-05,31977.0,,,,
4327,8000,39619,1.7099,0.0175,3.3113,4.446,0.0137,0.08,7.34,0.95,0.0,744.0,398,343,3,53,46,0,352.0,0.02,5e-05,31997.0,,,,
4328,8000,39636,1.7045,0.0283,3.2792,4.403,0.0111,0.07,8.08,0.95,0.0,663.0,350,305,8,53,46,1,395.0,0.01,5e-05,31982.0,,,,
4329,8000,39652,1.676,0.0242,3.2319,4.488,0.0146,0.08,5.35,0.95,0.0,665.0,352,297,16,53,45,2,394.0,0.01,5e-05,31960.0,,,,
4330,8000,39669,1.6964,0.0215,3.2767,4.358,0.0162,0.09,4.18,0.95,0.0,729.0,368,349,12,50,48,2,360.0,0.01,5e-05,31951.0,,,,
4331,8000,39685,1.7356,0.0291,3.3392,4.32,0.0143,0.08,4.35,0.94,0.0,726.0,384,330,12,53,45,2,361.0,0.01,5e-05,31950.0,,,,
4332,8000,39702,1.7314,0.027,3.3346,4.276,0.0115,0.07,4.8,0.94,0.0,760.0,379,374,7,50,49,1,345.0,0.01,5e-05,31932.0,,,,
4333,8000,39718,1.7289,0.0082,3.3676,4.369,0.0111,0.07,6.53,0.94,0.0,705.0,379,325,1,54,46,0,372.0,0.01,5e-05,31956.0,,,,
4334,8000,39735,1.743,0.0212,3.37,4.291,0.0144,0.08,3.83,0.94,0.0,778.0,419,352,7,54,45,1,337.0,0.02,5e-05,32013.0,,,,
4335,8000,39751,1.7289,0.0218,3.3412,4.323,0.0143,0.08,3.8,0.95,0.0,799.0,432,355,12,54,44,2,328.0,0.01,5e-05,31949.0,,,,
4336,8000,39768,1.731,0.0077,3.373,4.334,0.0132,0.08,4.63,0.94,0.0,808.0,451,352,5,56,44,1,324.0,0.02,5e-05,31954.0,,,,
4337,8000,39784,1.7398,0.0073,3.3907,4.282,0.0173,0.08,7.75,0.95,0.0,820.0,465,351,4,57,43,0,320.0,0.02,5e-05,31970.0,,,,
4338,8000,39800,1.7231,0.0255,3.3212,4.296,0.014,0.08,5.32,0.95,0.0,759.0,426,328,5,56,43,1,345.0,0.02,5e-05,31968.0,,,,
4339,8000,39817,1.703,0.0218,3.2886,4.291,0.013,0.08,5.85,0.95,0.0,707.0,399,298,10,56,42,1,371.0,0.02,5e-05,31959.0,,,,
4340,8000,39833,1.6871,0.018,3.2648,4.394,0.0144,0.08,5.7,0.95,0.0,697.0,383,304,10,55,44,1,376.0,0.03,5e-05,31953.0,,,,
4341,8000,39851,1.6953,0.0085,3.3019,4.599,0.0122,0.07,12.01,0.94,0.0,619.0,336,266,17,54,43,3,423.0,0.02,5e-05,30795.0,,,,
4342,8000,39867,1.6689,0.0274,3.2126,4.652,0.0137,0.07,5.3,0.95,0.0,527.0,300,205,22,57,39,4,497.0,0.03,5e-05,31933.0,,,,
4343,8000,39884,1.6885,0.0306,3.2443,4.605,0.0131,0.07,3.6,0.95,0.0,632.0,327,282,23,52,45,4,415.0,0.02,5e-05,31932.0,,,,
4344,8000,39900,1.6968,0.0264,3.2693,4.587,0.0157,0.08,3.19,0.94,0.0,728.0,427,284,17,59,39,2,360.0,0.04,5e-05,31980.0,,,,
4345,8000,39916,1.7113,0.0204,3.3082,4.405,0.0134,0.07,3.67,0.94,0.0,707.0,411,286,10,58,40,1,371.0,0.04,5e-05,31915.0,,,,
4346,8000,39933,1.6958,0.0112,3.2956,4.353,0.0117,0.08,4.24,0.94,0.0,725.0,394,321,10,54,44,1,362.0,0.03,5e-05,31910.0,,,,
4347,8000,39949,1.6919,0.0177,3.2752,4.269,0.0096,0.07,4.74,0.95,0.0,687.0,389,279,19,57,41,3,382.0,0.03,5e-05,31943.0,,,,
4348,8000,39966,1.6958,0.0117,3.2968,4.385,0.0102,0.07,6.48,0.95,0.0,688.0,368,303,17,53,44,2,381.0,0.03,5e-05,31978.0,,,,
4349,8000,39982,1.7016,0.0127,3.3056,4.302,0.0104,0.07,4.38,0.95,0.0,734.0,369,344,21,50,47,3,357.0,0.03,5e-05,31951.0,84,0,428,16
4350,8000,40014,1.7014,-0.0029,3.3355,4.286,0.0087,0.06,4.92,0.95,0.0,720.0,356,352,12,49,49,2,364.0,0.03,5e-05,32070.0,,,,
4351,8000,40031,1.7234,0.0202,3.3322,4.278,0.0114,0.07,4.04,0.94,0.0,783.0,404,370,9,52,47,1,335.0,0.04,5e-05,31989.0,,,,
4352,8000,40047,1.7163,0.0036,3.3541,4.286,0.0122,0.07,7.02,0.95,0.0,767.0,413,337,17,54,44,2,342.0,0.02,5e-05,31922.0,,,,
4353,8000,40064,1.6916,0.0042,3.3042,4.365,0.0147,0.07,3.58,0.95,0.0,763.0,398,345,20,52,45,3,344.0,0.02,5e-05,31924.0,,,,
4354,8000,40080,1.7244,0.0221,3.3334,4.382,0.0134,0.07,4.18,0.95,0.0,771.0,384,374,13,50,49,2,340.0,0.02,5e-05,31964.0,,,,
4355,8000,40097,1.706,0.0211,3.2997,4.442,0.0112,0.07,4.22,0.95,0.0,730.0,357,358,15,49,49,2,359.0,0.02,5e-05,31934.0,,,,
4356,8000,40113,1.7258,0.0089,3.361,4.283,0.0116,0.07,3.99,0.95,0.0,790.0,402,378,10,51,48,1,332.0,0.02,5e-05,31983.0,,,,
4357,8000,40129,1.6999,0.0078,3.3113,4.295,0.0151,0.08,3.64,0.96,0.0,762.0,373,378,11,49,50,1,344.0,0.03,5e-05,31969.0,,,,
4358,8000,40146,1.7298,0.0216,3.3418,4.236,0.011,0.07,3.84,0.95,0.0,775.0,396,376,3,51,49,0,338.0,0.01,5e-05,31990.0,,,,
4359,8000,40162,1.7456,0.0189,3.3777,4.086,0.0119,0.08,3.91,0.95,0.0,863.0,426,433,4,49,50,0,304.0,0.01,5e-05,31925.0,,,,
4360,8000,40179,1.7613,0.0287,3.3897,4.116,0.0123,0.07,3.93,0.95,0.0,906.0,483,418,5,53,46,1,289.0,0.01,5e-05,31955.0,,,,
4361,8000,40196,1.821,0.0264,3.5142,4.139,0.0143,0.08,3.32,0.92,0.0,947.0,482,461,4,51,49,0,277.0,0.01,5e-05,30824.0,,,,
4362,8000,40212,1.8199,0.0346,3.496,4.191,0.0133,0.08,3.88,0.93,0.0,888.0,470,413,5,53,47,1,295.0,0.03,5e-05,31988.0,,,,
4363,8000,40229,1.7905,0.0138,3.4774,4.121,0.0121,0.08,4.52,0.93,0.0,846.0,446,399,1,53,47,0,310.0,0.05,5e-05,31981.0,,,,
4364,8000,40245,1.7329,-0.0032,3.3961,4.138,0.013,0.08,3.64,0.93,0.0,781.0,436,344,1,56,44,0,336.0,0.04,5e-05,31954.0,,,,
4365,8000,40262,1.7353,0.0079,3.3783,4.055,0.0118,0.08,3.86,0.94,0.0,838.0,471,366,1,56,44,0,313.0,0.04,5e-05,31977.0,,,,
4366,8000,40278,1.7176,0.0119,3.3352,4.096,0.012,0.07,4.55,0.95,0.0,727.0,407,317,3,56,44,0,361.0,0.04,5e-05,31887.0,,,,
4367,8000,40295,1.694,0.0147,3.2826,4.184,0.0118,0.08,5.45,0.95,0.0,688.0,383,303,2,56,44,0,381.0,0.03,5e-05,31947.0,,,,
4368,8000,40311,1.6923,0.012,3.2844,4.078,0.0105,0.07,5.79,0.95,0.0,686.0,356,326,4,52,48,1,382.0,0.03,5e-05,31899.0,,,,
4369,8000,40328,1.7104,0.0074,3.3301,4.108,0.0118,0.07,5.06,0.94,0.0,748.0,379,364,5,51,49,1,350.0,0.02,4.9e-05,31888.0,,,,
4370,8000,40344,1.6931,0.0026,3.306,4.193,0.0099,0.07,4.92,0.95,0.0,751.0,367,377,7,49,50,1,349.0,0.03,4.9e-05,31897.0,,,,
4371,8000,40361,1.6865,0.0089,3.2812,4.241,0.0104,0.07,4.82,0.95,0.0,732.0,379,345,8,52,47,1,358.0,0.02,4.9e-05,31897.0,,,,
4372,8000,40377,1.6701,-0.008,3.2828,4.296,0.0097,0.07,6.18,0.96,0.0,691.0,350,333,8,51,48,1,379.0,0.03,4.9e-05,31889.0,,,,
4373,8000,40394,1.6426,0.0017,3.2071,4.336,0.0117,0.07,4.94,0.96,0.0,625.0,306,319,0,49,51,0,419.0,0.03,4.9e-05,31958.0,,,,
4374,8000,40410,1.6318,0.005,3.1807,4.388,0.0102,0.07,5.45,0.96,0.0,599.0,290,302,7,48,50,1,438.0,0.02,4.9e-05,31897.0,,,,
4375,8000,40427,1.6564,0.0171,3.2058,4.343,0.01,0.07,4.54,0.96,0.0,596.0,302,285,9,51,48,2,440.0,0.02,4.9e-05,31956.0,,,,
4376,8000,40443,1.675,0.0099,3.2583,4.339,0.0108,0.06,5.26,0.96,0.0,649.0,301,334,14,46,51,2,404.0,0.02,4.9e-05,31891.0,,,,
4377,8000,40460,1.7009,0.0067,3.3157,4.285,0.0098,0.07,7.23,0.95,0.0,709.0,314,383,12,44,54,2,370.0,0.03,4.9e-05,31883.0,,,,
4378,8000,40476,1.6986,-0.0013,3.3281,4.342,0.0126,0.07,5.84,0.95,0.0,686.0,337,337,12,49,49,2,382.0,0.04,4.9e-05,31895.0,,,,
4379,8000,40493,1.7209,0.0102,3.3481,4.285,0.0172,0.08,4.99,0.95,0.0,747.0,352,388,7,47,52,1,351.0,0.04,4.9e-05,31909.0,,,,
4380,8000,40509,1.7291,0.0134,3.3578,4.245,0.0122,0.07,4.21,0.95,0.0,753.0,357,389,7,47,52,1,348.0,0.03,4.9e-05,31896.0,,,,
4381,8000,40526,1.7809,0.0301,3.427,4.31,0.0155,0.08,3.81,0.93,0.0,835.0,377,457,1,45,55,0,314.0,0.03,4.9e-05,30854.0,,,,
4382,8000,40543,1.724,-0.0079,3.3896,4.389,0.0114,0.07,6.04,0.94,0.0,653.0,318,331,4,49,51,1,401.0,0.08,4.9e-05,31957.0,,,,
4383,8000,40559,1.719,0.0063,3.3502,4.296,0.0129,0.07,6.66,0.94,0.0,669.0,362,306,1,54,46,0,392.0,0.11,4.9e-05,31939.0,,,,
4384,8000,40576,1.7155,-0.0037,3.3619,4.178,0.0115,0.07,7.08,0.94,0.0,722.0,404,316,2,56,44,0,363.0,0.12,4.9e-05,31933.0,,,,
4385,8000,40592,1.7235,0.0087,3.3544,4.209,0.0121,0.07,6.4,0.94,0.0,714.0,366,332,16,51,46,2,367.0,0.11,4.9e-05,31935.0,,,,
4386,8000,40609,1.7236,0.0238,3.3238,4.179,0.0133,0.07,5.96,0.95,0.0,751.0,388,355,8,52,47,1,349.0,0.08,4.9e-05,31948.0,,,,
4387,8000,40625,1.7087,0.011,3.321,4.255,0.0139,0.08,4.22,0.95,0.0,781.0,370,403,8,47,52,1,336.0,0.09,4.9e-05,31944.0,,,,
4388,8000,40642,1.7626,0.0208,3.4081,4.188,0.0136,0.08,3.94,0.94,0.0,827.0,438,386,3,53,47,0,317.0,0.1,4.9e-05,31950.0,,,,
4389,8000,40658,1.7217,0.0048,3.359,4.102,0.0119,0.08,3.61,0.95,0.0,835.0,403,421,11,48,50,1,314.0,0.1,4.9e-05,31952.0,,,,
4390,8000,40675,1.7392,0.0157,3.3714,4.124,0.0126,0.08,4.42,0.95,0.0,789.0,370,410,9,47,52,1,332.0,0.1,4.9e-05,31963.0,,,,
4391,8000,40691,1.775,0.0279,3.4177,4.101,0.0125,0.08,4.38,0.94,0.0,784.0,377,404,3,48,52,0,334.0,0.06,4.9e-05,31933.0,,,,
4392,8000,40708,1.787,0.0263,3.4449,4.09,0.0112,0.07,8.27,0.94,0.0,788.0,381,403,4,48,51,1,333.0,0.06,4.9e-05,32016.0,,,,
4393,8000,40724,1.772,0.0283,3.4114,4.082,0.0128,0.08,4.44,0.94,0.0,840.0,430,403,7,51,48,1,312.0,0.06,4.9e-05,31955.0,,,,
4394,8000,40741,1.7842,0.03,3.4336,4.193,0.0107,0.07,5.49,0.94,0.0,855.0,435,415,5,51,49,1,307.0,0.04,4.9e-05,32012.0,,,,
4395,8000,40757,1.784,0.0182,3.4572,4.232,0.0101,0.07,7.26,0.94,0.0,859.0,428,425,6,50,49,1,305.0,0.04,4.9e-05,31930.0,,,,
4396,8000,40774,1.7775,0.0091,3.4617,4.174,0.0117,0.08,4.69,0.93,0.0,902.0,465,433,4,52,48,0,291.0,0.05,4.9e-05,32009.0,,,,
4397,8000,40790,1.8233,0.0321,3.5076,4.105,0.0139,0.08,4.21,0.93,0.0,985.0,506,471,8,51,48,1,266.0,0.05,4.9e-05,31961.0,,,,
4398,8000,40806,1.8416,0.0408,3.526,4.048,0.0123,0.08,4.89,0.93,0.0,983.0,451,528,4,46,54,0,267.0,0.05,4.9e-05,31969.0,,,,
4399,8000,40823,1.8216,0.0267,3.5134,3.959,0.0147,0.08,7.76,0.93,0.0,989.0,479,503,7,48,51,1,265.0,0.03,4.9e-05,31952.0,97,4,411,19
4400,8000,40855,1.7728,0.0001,3.4683,3.93,0.0155,0.09,3.29,0.93,0.0,985.0,481,501,3,49,51,0,266.0,0.02,4.9e-05,32082.0,,,,
4401,8000,40872,1.857,0.0281,3.5814,3.945,0.0156,0.09,6.35,0.92,0.0,949.0,502,443,4,53,47,0,276.0,0.03,4.9e-05,30702.0,,,,
4402,8000,40888,1.8428,0.0245,3.5609,4.026,0.014,0.09,4.8,0.93,0.0,939.0,517,415,7,55,44,1,279.0,0.04,4.9e-05,31872.0,,,,
4403,8000,40905,1.8118,0.0067,3.5348,3.999,0.0117,0.08,4.19,0.93,0.0,998.0,509,471,18,51,47,2,263.0,0.04,4.9e-05,31929.0,,,,
4404,8000,40921,1.8165,0.0003,3.5575,3.976,0.0111,0.08,4.85,0.93,0.0,995.0,499,472,24,50,47,2,263.0,0.04,4.9e-05,31865.0,,,,
4405,8000,40938,1.819,0.0131,3.5345,3.929,0.0119,0.08,3.83,0.93,0.0,985.0,524,458,3,53,46,0,266.0,0.04,4.9e-05,31870.0,,,,
4406,8000,40954,1.8306,0.0165,3.5509,3.913,0.0121,0.08,3.81,0.92,0.0,991.0,534,455,2,54,46,0,265.0,0.03,4.9e-05,31862.0,,,,
4407,8000,40971,1.8161,0.0005,3.553,3.839,0.012,0.08,3.82,0.93,0.0,1005.0,534,468,3,53,47,0,261.0,0.03,4.9e-05,31910.0,,,,
4408,8000,40988,1.7748,-0.0011,3.4737,3.843,0.0142,0.09,3.62,0.94,0.0,951.0,496,454,1,52,48,0,276.0,0.03,4.9e-05,31869.0,,,,
4409,8000,41004,1.7947,-0.0154,3.5415,3.775,0.0118,0.08,3.71,0.93,0.0,976.0,520,455,1,53,47,0,269.0,0.02,4.9e-05,31891.0,,,,
4410,8000,41021,1.7525,-0.0195,3.4649,3.743,0.0117,0.08,3.78,0.94,0.0,952.0,505,445,2,53,47,0,275.0,0.02,4.9e-05,31855.0,,,,
4411,8000,41037,1.7697,0.011,3.4386,3.779,0.0092,0.07,5.47,0.95,0.0,864.0,446,415,3,52,48,0,303.0,0.01,4.9e-05,31871.0,,,,
4412,8000,41054,1.782,0.0157,3.4544,3.818,0.0102,0.08,5.87,0.94,0.0,903.0,463,436,4,51,48,0,290.0,0.02,4.9e-05,31903.0,,,,
4413,8000,41070,1.7907,0.0038,3.4948,3.764,0.0093,0.07,5.92,0.94,0.0,950.0,505,444,1,53,47,0,276.0,0.02,4.9e-05,31879.0,,,,
4414,8000,41087,1.7653,-0.004,3.4601,3.842,0.0115,0.08,7.14,0.95,0.0,833.0,452,380,1,54,46,0,315.0,0.02,4.9e-05,31874.0,,,,
4415,8000,41103,1.7822,0.0073,3.4702,3.745,0.0142,0.09,4.74,0.95,0.0,944.0,490,452,2,52,48,0,278.0,0.02,4.9e-05,31880.0,,,,
4416,8000,41120,1.7599,0.0002,3.4408,3.884,0.0146,0.08,5.96,0.95,0.0,916.0,504,411,1,55,45,0,286.0,0.02,4.9e-05,31926.0,,,,
4417,8000,41136,1.7381,0.0021,3.3945,3.99,0.0142,0.08,3.89,0.95,0.0,869.0,464,400,5,53,46,1,302.0,0.03,4.9e-05,31884.0,,,,
4418,8000,41153,1.7307,-0.0192,3.4228,4.043,0.0124,0.07,6.23,0.95,0.0,911.0,488,420,3,54,46,0,288.0,0.02,4.9e-05,31916.0,,,,
4419,8000,41169,1.7664,-0.0026,3.4606,3.979,0.0146,0.08,5.65,0.95,0.0,926.0,541,383,2,58,41,0,283.0,0.02,4.9e-05,31871.0,,,,
4420,8000,41186,1.7508,0.0027,3.4201,4.119,0.0195,0.09,5.18,0.95,0.0,961.0,535,424,2,56,44,0,273.0,0.01,4.9e-05,31873.0,,,,
4421,8000,41203,1.7908,-0.0098,3.5253,4.13,0.0164,0.09,2.98,0.92,0.0,958.0,495,462,1,52,48,0,274.0,0.02,4.9e-05,30839.0,,,,
4422,8000,41219,1.75,-0.0125,3.4502,4.258,0.0112,0.07,4.7,0.93,0.0,846.0,396,447,3,47,53,0,310.0,0.02,4.9e-05,31959.0,,,,
4423,8000,41236,1.7336,-0.005,3.4025,4.263,0.0111,0.08,4.54,0.93,0.0,754.0,327,425,2,43,56,0,348.0,0.03,4.9e-05,31978.0,,,,
4424,8000,41252,1.7494,0.006,3.4126,4.301,0.0125,0.07,4.82,0.93,0.0,828.0,400,427,1,48,52,0,317.0,0.02,4.9e-05,31971.0,,,,
4425,8000,41269,1.7628,0.0114,3.4283,4.242,0.0119,0.08,3.8,0.92,0.0,911.0,430,478,3,47,52,0,288.0,0.02,4.9e-05,31956.0,,,,
4426,8000,41285,1.7464,-0.0103,3.4386,4.238,0.0145,0.08,3.47,0.93,0.0,981.0,499,475,7,51,48,1,267.0,0.02,4.9e-05,31971.0,,,,
4427,8000,41301,1.7656,-0.0027,3.4618,4.205,0.0115,0.07,4.11,0.93,0.0,1017.0,510,503,4,50,49,0,258.0,0.02,4.9e-05,31966.0,,,,
4428,8000,41318,1.7571,-0.0008,3.4405,4.138,0.0138,0.08,3.8,0.94,0.0,1011.0,477,531,3,47,53,0,259.0,0.02,4.9e-05,31956.0,,,,
4429,8000,41334,1.7752,0.0137,3.4474,4.158,0.0122,0.07,4.37,0.94,0.0,1024.0,505,519,0,49,51,0,256.0,0.01,4.9e-05,32004.0,,,,
4430,8000,41351,1.7887,0.006,3.489,4.057,0.013,0.07,5.97,0.94,0.0,1021.0,462,559,0,45,55,0,257.0,0.02,4.9e-05,32034.0,,,,
4431,8000,41367,1.7765,-0.0094,3.4944,3.974,0.016,0.08,6.63,0.94,0.0,999.0,493,505,1,49,51,0,262.0,0.02,4.9e-05,31959.0,,,,
4432,8000,41384,1.7859,0.0115,3.4724,4.057,0.0147,0.08,3.67,0.94,0.0,1046.0,560,485,1,54,46,0,251.0,0.02,4.9e-05,32031.0,,,,
4433,8000,41400,1.7811,-0.0043,3.4936,3.946,0.0161,0.08,3.67,0.93,0.0,1119.0,547,566,6,49,51,1,234.0,0.01,4.9e-05,31960.0,,,,
4434,8000,41417,1.7848,0.0107,3.4725,4.108,0.0161,0.08,4.7,0.94,0.0,1063.0,584,471,8,55,44,1,247.0,0.02,4.9e-05,32008.0,,,,
4435,8000,41433,1.7946,0.0222,3.4689,4.091,0.016,0.08,4.61,0.94,0.0,1013.0,543,465,5,54,46,0,259.0,0.02,4.9e-05,31978.0,,,,
4436,8000,41450,1.8014,0.0143,3.4977,4.051,0.0188,0.08,6.79,0.94,0.0,997.0,491,503,3,49,50,0,263.0,0.03,4.9e-05,31976.0,,,,
4437,8000,41466,1.7855,0.0084,3.477,3.997,0.0136,0.07,6.57,0.94,0.0,968.0,476,489,3,49,51,0,271.0,0.02,4.9e-05,32013.0,,,,
4438,8000,41482,1.7795,0.0182,3.4465,4.082,0.0137,0.08,3.91,0.94,0.0,980.0,519,453,8,53,46,1,267.0,0.02,4.9e-05,32033.0,,,,
4439,8000,41499,1.7804,0.0156,3.4539,4.103,0.0141,0.07,4.46,0.94,0.0,1015.0,539,469,7,53,46,1,258.0,0.01,4.9e-05,31952.0,,,,
4440,8000,41515,1.7748,-0.0053,3.4838,4.003,0.0158,0.08,5.0,0.94,0.0,965.0,542,419,4,56,43,0,272.0,0.02,4.9e-05,31966.0,,,,
4441,8000,41533,1.7729,-0.0031,3.4773,4.223,0.0119,0.07,5.38,0.93,0.0,861.0,446,413,2,52,48,0,304.0,0.01,4.9e-05,30748.0,,,,
4442,8000,41549,1.7634,0.0148,3.4244,4.47,0.0094,0.06,11.27,0.94,0.0,715.0,409,301,5,57,42,1,367.0,0.03,4.9e-05,31960.0,,,,
4443,8000,41565,1.7277,-0.0158,3.4131,4.321,0.0099,0.06,6.75,0.94,0.0,762.0,364,392,6,48,51,1,344.0,0.02,4.9e-05,31909.0,,,,
4444,8000,41582,1.6968,-0.0019,3.3241,4.39,0.0121,0.08,3.87,0.95,0.0,755.0,381,370,4,50,49,1,347.0,0.01,4.9e-05,31933.0,,,,
4445,8000,41598,1.733,0.0017,3.3897,4.368,0.0115,0.07,4.25,0.94,0.0,879.0,431,433,15,49,49,2,298.0,0.02,4.9e-05,31902.0,,,,
4446,8000,41615,1.774,0.0118,3.4498,4.228,0.0122,0.07,8.19,0.94,0.0,812.0,368,437,7,45,54,1,323.0,0.02,4.9e-05,31890.0,,,,
4447,8000,41631,1.7242,0.0154,3.3433,4.247,0.0143,0.08,4.61,0.95,0.0,817.0,367,444,6,45,54,1,321.0,0.01,4.9e-05,31905.0,,,,
4448,8000,41648,1.7186,0.0009,3.3607,4.22,0.0127,0.08,5.83,0.95,0.0,835.0,360,464,11,43,56,1,314.0,0.01,4.9e-05,31965.0,,,,
4449,8000,41664,1.7145,0.0123,3.3299,4.268,0.0135,0.08,4.68,0.95,0.0,784.0,368,409,7,47,52,1,334.0,0.01,4.9e-05,31906.0,157,0,355,31
4450,8000,41696,1.7011,0.0177,3.2925,4.299,0.0135,0.08,4.66,0.95,0.0,741.0,346,386,9,47,52,1,354.0,0.01,4.9e-05,32039.0,,,,
4451,8000,41713,1.7148,0.018,3.3203,4.319,0.0119,0.07,7.6,0.95,0.0,723.0,321,385,17,44,53,2,363.0,0.01,4.8e-05,31907.0,,,,
4452,8000,41729,1.6965,0.0176,3.285,4.312,0.0142,0.08,4.78,0.95,0.0,730.0,324,388,18,44,53,2,359.0,0.03,4.8e-05,31922.0,,,,
4453,8000,41746,1.703,0.0237,3.2848,4.261,0.0163,0.09,4.06,0.95,0.0,756.0,362,379,15,48,50,2,347.0,0.02,4.8e-05,31910.0,,,,
4454,8000,41762,1.6947,0.0328,3.2505,4.331,0.0135,0.08,4.2,0.95,0.0,722.0,339,368,15,47,51,2,363.0,0.01,4.8e-05,31894.0,,,,
4455,8000,41779,1.7279,0.021,3.3399,4.355,0.0099,0.06,9.12,0.95,0.0,684.0,336,334,14,49,49,2,383.0,0.01,4.8e-05,31907.0,,,,
4456,8000,41795,1.6979,0.0011,3.3213,4.296,0.0084,0.06,11.76,0.95,0.0,632.0,313,300,19,50,47,3,415.0,0.02,4.8e-05,31917.0,,,,
4457,8000,41812,1.661,0.0229,3.2035,4.433,0.0092,0.06,7.37,0.96,0.0,613.0,292,306,15,48,50,2,428.0,0.02,4.8e-05,31973.0,,,,
4458,8000,41828,1.686,0.0287,3.243,4.355,0.0124,0.08,5.75,0.95,0.0,638.0,293,328,17,46,51,3,411.0,0.02,4.8e-05,31935.0,,,,
4459,8000,41845,1.7206,0.0181,3.3329,4.305,0.0102,0.07,7.51,0.95,0.0,689.0,347,318,24,50,46,3,380.0,0.03,4.8e-05,31902.0,,,,
4460,8000,41861,1.7044,0.0274,3.2824,4.299,0.0149,0.08,7.0,0.95,0.0,683.0,313,339,31,46,50,5,384.0,0.03,4.8e-05,31915.0,,,,
4461,8000,41878,1.7559,0.0133,3.4116,4.294,0.0136,0.08,5.97,0.94,0.0,707.0,345,350,12,49,50,2,371.0,0.02,4.8e-05,30744.0,,,,
4462,8000,41895,1.7069,0.004,3.3353,4.476,0.0108,0.07,6.02,0.94,0.0,698.0,358,317,23,51,45,3,376.0,0.02,4.8e-05,31904.0,,,,
4463,8000,41911,1.7349,0.0072,3.3851,4.474,0.0094,0.06,12.32,0.94,0.0,656.0,325,303,28,50,46,4,400.0,0.02,4.8e-05,31907.0,,,,
4464,8000,41928,1.6695,-0.0053,3.2781,4.472,0.0133,0.07,4.82,0.94,0.0,685.0,350,310,25,51,45,4,383.0,0.02,4.8e-05,31907.0,,,,
4465,8000,41944,1.6578,-0.0104,3.2647,4.443,0.0128,0.08,4.34,0.94,0.0,673.0,356,292,25,53,43,4,390.0,0.02,4.8e-05,31896.0,,,,
4466,8000,41961,1.733,-0.0027,3.3975,4.198,0.0128,0.08,5.17,0.93,0.0,773.0,403,345,25,52,45,3,339.0,0.03,4.8e-05,31930.0,,,,
4467,8000,41977,1.7732,-0.0126,3.4958,4.104,0.0097,0.07,11.19,0.94,0.0,827.0,418,400,9,51,48,1,317.0,0.02,4.8e-05,31967.0,,,,
4468,8000,41994,1.7233,-0.0013,3.3745,4.165,0.0125,0.08,7.7,0.94,0.0,758.0,412,333,13,54,44,2,346.0,0.03,4.8e-05,31962.0,,,,
4469,8000,42010,1.7303,0.0051,3.3749,4.087,0.0136,0.08,7.22,0.95,0.0,757.0,429,316,12,57,42,2,346.0,0.03,4.8e-05,31964.0,,,,
4470,8000,42027,1.7142,-0.0108,3.3745,4.071,0.0135,0.08,6.3,0.95,0.0,813.0,416,387,10,51,48,1,322.0,0.02,4.8e-05,31887.0,,,,
4471,8000,42043,1.7137,0.0019,3.3491,4.11,0.013,0.08,4.6,0.95,0.0,804.0,405,382,17,50,48,2,326.0,0.01,4.8e-05,31897.0,,,,
4472,8000,42060,1.7387,0.0082,3.3857,4.064,0.0125,0.08,4.57,0.95,0.0,862.0,436,411,15,51,48,2,304.0,0.01,4.8e-05,31965.0,,,,
4473,8000,42076,1.7614,-0.0052,3.4562,3.912,0.0146,0.08,6.46,0.94,0.0,940.0,484,439,17,51,47,2,279.0,0.01,4.8e-05,31908.0,,,,
4474,8000,42092,1.7366,-0.0009,3.3984,3.98,0.0139,0.08,5.03,0.95,0.0,900.0,466,429,5,52,48,1,291.0,0.01,4.8e-05,31967.0,,,,
4475,8000,42109,1.7395,-0.0012,3.4053,3.99,0.0102,0.08,6.41,0.95,0.0,896.0,512,379,5,57,42,1,293.0,0.02,4.8e-05,31895.0,,,,
4476,8000,42125,1.7432,-0.0013,3.4127,3.967,0.0137,0.08,4.66,0.95,0.0,924.0,471,443,10,51,48,1,284.0,0.02,4.8e-05,31962.0,,,,
4477,8000,42142,1.7748,0.0075,3.4579,3.912,0.0129,0.09,6.28,0.95,0.0,913.0,511,392,10,56,43,1,287.0,0.01,4.8e-05,31903.0,,,,
4478,8000,42158,1.7551,0.0067,3.4198,3.919,0.0126,0.08,5.86,0.95,0.0,930.0,511,412,7,55,44,1,282.0,0.01,4.8e-05,31898.0,,,,
4479,8000,42175,1.7411,-0.0,3.4052,3.957,0.0136,0.08,6.97,0.95,0.0,900.0,475,420,5,53,47,1,291.0,0.01,4.8e-05,31895.0,,,,
4480,8000,42191,1.7506,0.0102,3.4041,3.956,0.0147,0.09,5.4,0.95,0.0,860.0,458,392,10,53,46,1,305.0,0.01,4.8e-05,31899.0,,,,
4481,8000,42208,1.8054,0.0184,3.4987,3.989,0.0147,0.08,5.92,0.94,0.0,875.0,476,387,12,54,44,1,300.0,0.01,4.8e-05,30842.0,,,,
4482,8000,42225,1.7551,0.0045,3.4279,4.183,0.0124,0.08,3.78,0.94,0.0,889.0,484,396,9,54,45,1,295.0,0.01,4.8e-05,31962.0,,,,
4483,8000,42241,1.7732,-0.0077,3.4891,4.159,0.0119,0.07,5.3,0.94,0.0,890.0,485,391,14,54,44,2,295.0,0.02,4.8e-05,31940.0,,,,
4484,8000,42258,1.772,0.0054,3.4591,4.15,0.0148,0.08,3.83,0.94,0.0,955.0,519,426,10,54,45,1,274.0,0.02,4.8e-05,31990.0,,,,
4485,8000,42274,1.7758,0.0165,3.4438,4.113,0.0115,0.08,5.43,0.94,0.0,895.0,499,382,14,56,43,2,293.0,0.02,4.8e-05,31929.0,,,,
4486,8000,42291,1.7057,-0.0055,3.3479,4.284,0.0113,0.07,5.05,0.95,0.0,813.0,398,410,5,49,50,1,322.0,0.01,4.8e-05,31926.0,,,,
4487,8000,42307,1.6875,-0.0141,3.3296,4.295,0.0125,0.08,3.88,0.95,0.0,830.0,430,394,6,52,47,1,316.0,0.02,4.8e-05,31914.0,,,,
4488,8000,42324,1.7459,-0.0001,3.4175,4.207,0.0135,0.08,4.16,0.94,0.0,852.0,409,439,4,48,52,0,308.0,0.02,4.8e-05,31925.0,,,,
4489,8000,42340,1.7275,-0.0004,3.3808,4.146,0.0122,0.07,4.26,0.94,0.0,863.0,431,425,7,50,49,1,304.0,0.03,4.8e-05,31941.0,,,,
4490,8000,42357,1.7217,-0.0029,3.3744,4.136,0.0133,0.08,3.86,0.95,0.0,837.0,449,381,7,54,46,1,313.0,0.03,4.8e-05,31979.0,,,,
4491,8000,42373,1.742,-0.0074,3.4233,4.02,0.0111,0.07,4.51,0.95,0.0,875.0,425,441,9,49,50,1,300.0,0.05,4.8e-05,31916.0,,,,
4492,8000,42390,1.7929,0.0087,3.4907,3.854,0.0149,0.08,4.37,0.95,0.0,968.0,485,478,5,50,49,1,271.0,0.03,4.8e-05,31945.0,,,,
4493,8000,42406,1.8125,0.0061,3.5354,3.886,0.0122,0.08,10.88,0.95,0.0,995.0,481,511,3,48,51,0,263.0,0.03,4.8e-05,31921.0,,,,
4494,8000,42423,1.7269,-0.02,3.4166,3.921,0.0126,0.08,3.67,0.95,0.0,976.0,444,530,2,45,54,0,269.0,0.02,4.8e-05,31931.0,,,,
4495,8000,42439,1.7406,-0.0162,3.4359,3.866,0.0156,0.08,5.31,0.95,0.0,938.0,414,522,2,44,56,0,279.0,0.03,4.8e-05,31972.0,,,,
4496,8000,42456,1.7379,-0.0092,3.4165,3.906,0.0147,0.08,8.87,0.95,0.0,878.0,454,423,1,52,48,0,299.0,0.03,4.8e-05,31979.0,,,,
4497,8000,42472,1.7901,0.0219,3.4586,3.907,0.0146,0.08,5.98,0.95,0.0,892.0,416,476,0,47,53,0,294.0,0.03,4.8e-05,31946.0,,,,
4498,8000,42489,1.7772,0.0148,3.4468,3.862,0.0136,0.08,4.99,0.95,0.0,906.0,428,477,1,47,53,0,289.0,0.03,4.8e-05,31935.0,,,,
4499,8000,42505,1.7623,0.0254,3.3966,3.992,0.0155,0.08,4.91,0.95,0.0,862.0,426,436,0,49,51,0,304.0,0.03,4.8e-05,31924.0,141,2,369,28
4500,8000,42537,1.8017,0.0081,3.509,3.843,0.0127,0.08,7.67,0.95,0.0,928.0,453,475,0,49,51,0,282.0,0.03,4.8e-05,32123.0,,,,
4501,8000,42554,1.793,-0.0114,3.5325,4.023,0.0152,0.08,4.89,0.93,0.0,959.0,517,442,0,54,46,0,273.0,0.03,4.8e-05,30819.0,,,,
4502,8000,42570,1.8069,0.0109,3.5158,4.009,0.0162,0.1,4.59,0.93,0.0,941.0,542,399,0,58,42,0,279.0,0.05,4.8e-05,31953.0,,,,
4503,8000,42587,1.8115,0.0248,3.4982,4.122,0.0145,0.09,3.68,0.93,0.0,929.0,489,439,1,53,47,0,282.0,0.06,4.8e-05,32015.0,,,,
4504,8000,42603,1.8071,0.0418,3.4546,4.016,0.0138,0.09,3.8,0.94,0.0,913.0,481,430,2,53,47,0,287.0,0.09,4.8e-05,31887.0,,,,
4505,8000,42620,1.7852,0.0298,3.4347,4.068,0.0163,0.09,3.59,0.94,0.0,984.0,543,440,1,55,45,0,266.0,0.07,4.8e-05,31899.0,,,,
4506,8000,42636,1.7801,0.0088,3.4666,4.047,0.0137,0.08,4.39,0.94,0.0,1034.0,559,471,4,54,46,0,254.0,0.08,4.8e-05,31891.0,,,,
4507,8000,42653,1.786,0.0164,3.4628,4.028,0.0117,0.08,4.04,0.94,0.0,1016.0,520,496,0,51,49,0,258.0,0.05,4.8e-05,31897.0,,,,
4508,8000,42669,1.7931,0.0226,3.4645,4.001,0.0112,0.08,3.85,0.94,0.0,990.0,484,505,1,49,51,0,265.0,0.04,4.8e-05,31954.0,,,,
4509,8000,42686,1.8162,0.032,3.4912,3.9,0.0104,0.08,5.12,0.94,0.0,946.0,418,527,1,44,56,0,277.0,0.05,4.8e-05,31895.0,,,,
4510,8000,42702,1.7851,0.0277,3.4381,3.95,0.0089,0.07,5.63,0.95,0.0,963.0,432,531,0,45,55,0,272.0,0.06,4.8e-05,31896.0,,,,
4511,8000,42719,1.7779,0.031,3.4184,4.101,0.0133,0.08,5.88,0.95,0.0,927.0,413,513,1,45,55,0,283.0,0.04,4.8e-05,31872.0,,,,
4512,8000,42735,1.7339,0.0094,3.3739,4.117,0.0104,0.07,3.94,0.95,0.0,874.0,422,451,1,48,52,0,300.0,0.05,4.8e-05,31876.0,,,,
4513,8000,42752,1.7454,0.0107,3.3937,4.063,0.014,0.08,4.18,0.95,0.0,848.0,429,419,0,51,49,0,309.0,0.08,4.8e-05,31965.0,,,,
4514,8000,42768,1.7204,0.0028,3.3604,4.167,0.013,0.09,3.66,0.95,0.0,843.0,406,436,1,48,52,0,311.0,0.1,4.8e-05,31958.0,,,,
4515,8000,42785,1.7245,0.0157,3.3427,4.163,0.0102,0.08,4.3,0.95,0.0,772.0,416,354,2,54,46,0,340.0,0.13,4.8e-05,31924.0,,,,
4516,8000,42801,1.7333,0.0112,3.3684,4.043,0.0125,0.09,3.06,0.95,0.0,810.0,398,412,0,49,51,0,324.0,0.16,4.8e-05,31881.0,,,,
4517,8000,42818,1.7505,0.0131,3.3982,3.934,0.0149,0.09,3.74,0.94,0.0,890.0,418,472,0,47,53,0,295.0,0.13,4.8e-05,31898.0,,,,
4518,8000,42834,1.7182,-0.001,3.3618,3.949,0.0128,0.08,3.34,0.95,0.0,919.0,420,498,1,46,54,0,285.0,0.13,4.8e-05,31948.0,,,,
4519,8000,42851,1.7375,-0.0026,3.4028,3.892,0.0106,0.08,4.13,0.95,0.0,858.0,409,448,1,48,52,0,306.0,0.11,4.8e-05,31887.0,,,,
4520,8000,42867,1.7646,0.0168,3.417,3.791,0.0126,0.08,4.99,0.95,0.0,931.0,428,503,0,46,54,0,282.0,0.06,4.8e-05,31890.0,,,,
4521,8000,42884,1.8361,0.0259,3.543,3.867,0.0135,0.08,4.27,0.93,0.0,988.0,483,505,0,49,51,0,265.0,0.04,4.8e-05,30822.0,,,,
4522,8000,42901,1.8235,0.0228,3.5249,3.974,0.0124,0.08,3.6,0.93,0.0,913.0,457,454,2,50,50,0,287.0,0.05,4.8e-05,31964.0,,,,
4523,8000,42917,1.795,0.0061,3.5019,4.063,0.0135,0.08,5.57,0.93,0.0,906.0,433,473,0,48,52,0,289.0,0.03,4.8e-05,31888.0,,,,
4524,8000,42934,1.7715,0.0145,3.4391,4.145,0.0134,0.08,4.45,0.93,0.0,938.0,453,485,0,48,52,0,279.0,0.03,4.8e-05,31894.0,,,,
4525,8000,42950,1.811,0.0143,3.5176,4.027,0.0116,0.08,5.29,0.93,0.0,892.0,482,410,0,54,46,0,294.0,0.04,4.8e-05,31895.0,,,,
4526,8000,42967,1.7886,0.0015,3.4989,4.06,0.0109,0.08,5.16,0.92,0.0,918.0,498,420,0,54,46,0,286.0,0.04,4.8e-05,31878.0,,,,
4527,8000,42983,1.7526,-0.0029,3.436,4.16,0.0127,0.08,3.98,0.92,0.0,820.0,387,432,1,47,53,0,320.0,0.02,4.8e-05,31960.0,,,,
4528,8000,43000,1.7683,-0.0063,3.4735,4.035,0.0118,0.08,4.33,0.92,0.0,848.0,431,417,0,51,49,0,309.0,0.03,4.8e-05,31880.0,,,,
4529,8000,43016,1.7405,0.0166,3.3726,4.135,0.0133,0.08,3.78,0.93,0.0,779.0,389,390,0,50,50,0,337.0,0.01,4.8e-05,31891.0,,,,
4530,8000,43033,1.6975,0.015,3.2911,4.308,0.0127,0.08,3.25,0.93,0.0,696.0,332,364,0,48,52,0,377.0,0.02,4.8e-05,31895.0,,,,
4531,8000,43049,1.7073,-0.0036,3.3473,4.226,0.0121,0.08,3.11,0.93,0.0,792.0,389,403,0,49,51,0,331.0,0.02,4.8e-05,31879.0,,,,
4532,8000,43066,1.6779,-0.0013,3.2843,4.311,0.0097,0.07,4.38,0.94,0.0,678.0,321,357,0,47,53,0,387.0,0.02,4.8e-05,31882.0,,,,
4533,8000,43082,1.6831,0.0064,3.2791,4.222,0.0113,0.08,5.35,0.95,0.0,700.0,352,346,2,50,49,0,374.0,0.02,4.8e-05,31953.0,,,,
4534,8000,43099,1.711,0.013,3.3211,4.199,0.0127,0.08,4.11,0.94,0.0,791.0,376,415,0,48,52,0,331.0,0.02,4.8e-05,31872.0,,,,
4535,8000,43115,1.6976,0.0161,3.2884,4.235,0.0113,0.08,5.87,0.95,0.0,733.0,369,364,0,50,50,0,358.0,0.02,4.8e-05,31899.0,,,,
4536,8000,43132,1.7045,0.0043,3.3255,4.196,0.0103,0.07,5.15,0.95,0.0,703.0,336,366,1,48,52,0,373.0,0.01,4.7e-05,31880.0,,,,
4537,8000,43148,1.7176,0.0097,3.3408,4.219,0.0113,0.07,13.37,0.95,0.0,749.0,382,367,0,51,49,0,350.0,0.02,4.7e-05,31892.0,,,,
4538,8000,43165,1.7032,0.0217,3.2886,4.195,0.0147,0.08,5.05,0.96,0.0,765.0,345,418,2,45,55,0,343.0,0.02,4.7e-05,31885.0,,,,
4539,8000,43181,1.7136,0.0097,3.3332,4.203,0.01,0.06,15.04,0.96,0.0,757.0,353,403,1,47,53,0,346.0,0.02,4.7e-05,31932.0,,,,
4540,8000,43198,1.7434,0.0161,3.3796,4.112,0.0143,0.08,4.82,0.96,0.0,798.0,358,438,2,45,55,0,329.0,0.02,4.7e-05,31955.0,,,,
4541,8000,43215,1.8047,0.0283,3.479,4.264,0.0142,0.08,7.31,0.94,0.0,801.0,431,370,0,54,46,0,327.0,0.03,4.7e-05,30820.0,,,,
4542,8000,43231,1.7902,0.011,3.4845,4.243,0.0103,0.07,10.33,0.93,0.0,763.0,426,336,1,56,44,0,344.0,0.02,4.7e-05,31979.0,,,,
4543,8000,43248,1.733,0.0045,3.383,4.255,0.0127,0.08,5.45,0.94,0.0,751.0,396,354,1,53,47,0,349.0,0.04,4.7e-05,31949.0,,,,
4544,8000,43264,1.7476,0.0084,3.4045,4.236,0.0098,0.07,7.36,0.94,0.0,829.0,441,386,2,53,47,0,316.0,0.04,4.7e-05,32027.0,,,,
4545,8000,43280,1.7301,0.0245,3.3383,4.346,0.0136,0.08,4.38,0.94,0.0,788.0,410,373,5,52,47,1,333.0,0.03,4.7e-05,31980.0,,,,
4546,8000,43297,1.7442,0.0243,3.3652,4.15,0.0132,0.08,4.44,0.94,0.0,792.0,426,357,9,54,45,1,331.0,0.02,4.7e-05,31955.0,,,,
4547,8000,43313,1.7277,0.0208,3.3388,4.188,0.0127,0.08,5.41,0.94,0.0,742.0,414,325,3,56,44,0,353.0,0.02,4.7e-05,31961.0,,,,
4548,8000,43330,1.7608,0.0308,3.3839,4.002,0.0112,0.08,5.25,0.94,0.0,763.0,409,350,4,54,46,1,344.0,0.02,4.7e-05,31953.0,,,,
4549,8000,43346,1.7158,0.0046,3.3459,3.975,0.0109,0.07,7.15,0.95,0.0,697.0,399,295,3,57,42,0,376.0,0.02,4.7e-05,31955.0,144,1,367,28
4550,8000,43378,1.7409,0.019,3.3679,4.041,0.01,0.07,11.99,0.95,0.0,731.0,414,313,4,57,43,1,359.0,0.01,4.7e-05,32097.0,,,,
4551,8000,43395,1.7322,0.0145,3.3591,4.015,0.0101,0.07,7.87,0.95,0.0,722.0,367,349,6,51,48,1,363.0,0.03,4.7e-05,31963.0,,,,
4552,8000,43411,1.7267,0.0113,3.3545,3.964,0.0129,0.09,7.02,0.95,0.0,753.0,387,348,18,51,46,2,348.0,0.03,4.7e-05,31982.0,,,,
4553,8000,43427,1.7315,0.0156,3.3555,3.981,0.0127,0.09,6.48,0.95,0.0,749.0,381,357,11,51,48,1,350.0,0.02,4.7e-05,31964.0,,,,
4554,8000,43444,1.7554,0.0189,3.3963,3.918,0.0111,0.07,12.97,0.95,0.0,750.0,377,362,11,50,48,1,350.0,0.02,4.7e-05,31951.0,,,,
4555,8000,43460,1.7207,0.0132,3.3396,3.978,0.0103,0.08,7.7,0.96,0.0,763.0,422,330,11,55,43,1,344.0,0.01,4.7e-05,31997.0,,,,
4556,8000,43477,1.7251,0.0093,3.3562,4.057,0.0089,0.07,8.52,0.95,0.0,728.0,408,314,6,56,43,1,360.0,0.02,4.7e-05,31966.0,,,,
4557,8000,43493,1.7421,0.0181,3.3718,3.945,0.0121,0.09,7.53,0.95,0.0,747.0,405,332,10,54,44,1,351.0,0.01,4.7e-05,31958.0,,,,
4558,8000,43510,1.7257,0.0074,3.3608,3.999,0.0132,0.09,8.82,0.95,0.0,794.0,431,357,6,54,45,1,330.0,0.01,4.7e-05,31986.0,,,,
4559,8000,43526,1.7259,0.0126,3.3516,4.1,0.0137,0.09,4.84,0.95,0.0,755.0,420,330,5,56,44,1,347.0,0.02,4.7e-05,31965.0,,,,
4560,8000,43543,1.7621,0.0239,3.4008,4.05,0.014,0.09,8.17,0.95,0.0,840.0,443,392,5,53,47,1,312.0,0.01,4.7e-05,31998.0,,,,
4561,8000,43560,1.8574,0.0333,3.5723,4.075,0.0179,0.1,25.86,0.95,0.0,810.0,441,361,8,54,45,1,324.0,0.01,4.7e-05,30852.0,,,,
4562,8000,43576,1.8147,0.0197,3.5145,4.095,0.0127,0.08,9.2,0.94,0.0,930.0,492,434,4,53,47,0,282.0,0.02,4.7e-05,31891.0,,,,
4563,8000,43593,1.7808,0.0324,3.4219,4.186,0.0157,0.09,6.25,0.95,0.0,833.0,446,384,3,54,46,0,315.0,0.02,4.7e-05,31901.0,,,,
4564,8000,43609,1.7562,0.032,3.3731,4.156,0.0163,0.09,15.07,0.96,0.0,789.0,405,382,2,51,48,0,332.0,0.02,4.7e-05,31881.0,,,,
4565,8000,43626,1.7588,0.0215,3.3997,4.183,0.0108,0.07,6.3,0.96,0.0,855.0,416,436,3,49,51,0,307.0,0.02,4.7e-05,31913.0,,,,
4566,8000,43642,1.7912,0.0036,3.4985,3.977,0.0105,0.07,9.91,0.95,0.0,897.0,465,425,7,52,47,1,292.0,0.03,4.7e-05,31926.0,,,,
4567,8000,43659,1.796,-0.0002,3.5146,3.898,0.0109,0.07,15.88,0.95,0.0,854.0,414,433,7,48,51,1,307.0,0.03,4.7e-05,31876.0,,,,
4568,8000,43675,1.8518,0.001,3.624,3.859,0.0072,0.06,16.99,0.95,0.0,916.0,448,463,5,49,51,1,286.0,0.03,4.7e-05,31885.0,,,,
4569,8000,43692,1.8232,0.0144,3.54,3.838,0.0108,0.08,13.85,0.95,0.0,874.0,458,410,6,52,47,1,300.0,0.02,4.7e-05,31921.0,,,,
4570,8000,43708,1.8298,0.0222,3.5373,3.876,0.009,0.07,17.51,0.95,0.0,862.0,426,435,1,49,50,0,304.0,0.03,4.7e-05,31884.0,,,,
4571,8000,43725,1.7839,0.0204,3.4503,3.901,0.0147,0.09,15.55,0.95,0.0,814.0,399,410,5,49,50,1,322.0,0.03,4.7e-05,31879.0,,,,
4572,8000,43741,1.8037,0.0373,3.4595,3.953,0.0123,0.07,8.34,0.95,0.0,865.0,435,415,15,50,48,2,303.0,0.02,4.7e-05,31952.0,,,,
4573,8000,43758,1.8324,0.0333,3.5233,3.933,0.0147,0.08,12.33,0.95,0.0,990.0,509,471,10,51,48,1,265.0,0.02,4.7e-05,31914.0,,,,
4574,8000,43774,1.8495,0.036,3.5512,3.874,0.0153,0.09,13.4,0.94,0.0,970.0,498,464,8,51,48,1,270.0,0.03,4.7e-05,31898.0,,,,
4575,8000,43791,1.8185,0.0478,3.4655,3.889,0.0176,0.1,8.37,0.95,0.0,1010.0,534,467,9,53,46,1,260.0,0.03,4.7e-05,31886.0,,,,
4576,8000,43807,1.8187,0.0344,3.4921,3.9,0.016,0.09,6.2,0.95,0.0,1005.0,495,503,7,49,50,1,261.0,0.03,4.7e-05,31897.0,,,,
4577,8000,43824,1.852,0.0241,3.5774,3.752,0.0116,0.07,9.97,0.94,0.0,1063.0,501,559,3,47,53,0,247.0,0.03,4.7e-05,31881.0,,,,
4578,8000,43840,1.8728,0.0327,3.6014,3.718,0.0144,0.09,7.54,0.94,0.0,1074.0,541,532,1,50,50,0,244.0,0.03,4.7e-05,31882.0,,,,
4579,8000,43857,1.8167,0.0082,3.5388,3.74,0.0173,0.1,4.62,0.93,0.0,1106.0,568,535,3,51,48,0,237.0,0.02,4.7e-05,31924.0,,,,
4580,8000,43873,1.8406,0.0203,3.5625,3.729,0.0196,0.1,4.46,0.93,0.0,1073.0,559,510,4,52,48,0,244.0,0.02,4.7e-05,31920.0,,,,
4581,8000,43890,1.9103,0.025,3.6929,3.767,0.019,0.1,4.57,0.91,0.0,1143.0,563,576,4,49,50,0,229.0,0.02,4.7e-05,30847.0,,,,
4582,8000,43907,1.8538,0.0111,3.6068,3.773,0.0158,0.09,4.42,0.91,0.0,1071.0,522,549,0,49,51,0,245.0,0.05,4.7e-05,31957.0,,,,
4583,8000,43923,1.8011,0.0035,3.5178,3.907,0.014,0.09,4.74,0.93,0.0,967.0,493,473,1,51,49,0,271.0,0.04,4.7e-05,31948.0,,,,
4584,8000,43940,1.805,0.0172,3.4988,3.944,0.0175,0.09,4.52,0.93,0.0,1007.0,531,474,2,53,47,0,260.0,0.03,4.7e-05,31988.0,,,,
4585,8000,43956,1.7642,0.0056,3.4406,3.997,0.0132,0.09,3.51,0.94,0.0,994.0,511,482,1,51,48,0,264.0,0.03,4.7e-05,31943.0,,,,
4586,8000,43973,1.7736,0.0181,3.4346,4.02,0.0113,0.07,5.71,0.94,0.0,897.0,486,409,2,54,46,0,292.0,0.03,4.7e-05,31928.0,,,,
4587,8000,43989,1.7664,0.0164,3.4229,3.98,0.0137,0.08,4.71,0.94,0.0,879.0,508,370,1,58,42,0,298.0,0.03,4.7e-05,31947.0,,,,
4588,8000,44006,1.7261,0.0084,3.3585,4.006,0.0096,0.07,7.15,0.95,0.0,803.0,458,342,3,57,43,0,326.0,0.03,4.7e-05,31946.0,,,,
4589,8000,44022,1.7007,0.0069,3.3113,4.027,0.0117,0.07,4.91,0.95,0.0,771.0,411,349,11,53,45,1,340.0,0.02,4.7e-05,31960.0,,,,
4590,8000,44039,1.6868,0.0068,3.2842,4.026,0.0081,0.06,7.35,0.96,0.0,697.0,364,313,20,52,45,3,376.0,0.04,4.7e-05,31989.0,,,,
4591,8000,44055,1.7023,0.0135,3.3023,4.057,0.0129,0.08,5.69,0.95,0.0,753.0,394,335,24,52,44,3,348.0,0.04,4.7e-05,31933.0,,,,
4592,8000,44072,1.714,0.0158,3.3207,4.032,0.011,0.07,5.42,0.95,0.0,696.0,339,339,18,49,49,3,377.0,0.04,4.7e-05,32019.0,,,,
4593,8000,44088,1.7141,0.0107,3.3319,4.038,0.0096,0.06,10.27,0.95,0.0,736.0,357,353,26,49,48,4,356.0,0.03,4.7e-05,31996.0,,,,
4594,8000,44104,1.7658,0.0041,3.4475,4.021,0.0103,0.08,20.46,0.95,0.0,735.0,388,331,16,53,45,2,357.0,0.03,4.7e-05,31950.0,,,,
4595,8000,44121,1.7081,-0.0043,3.3488,3.948,0.0149,0.09,4.44,0.94,0.0,821.0,441,358,22,54,44,3,319.0,0.02,4.7e-05,31946.0,,,,
4596,8000,44137,1.7442,0.0,3.4118,3.989,0.0132,0.08,4.82,0.94,0.0,906.0,497,397,12,55,44,1,289.0,0.03,4.7e-05,31945.0,,,,
4597,8000,44154,1.7827,-0.0047,3.4978,3.857,0.0128,0.08,6.03,0.94,0.0,981.0,506,462,13,52,47,1,267.0,0.03,4.7e-05,31930.0,,,,
4598,8000,44170,1.7607,0.0021,3.4398,3.858,0.021,0.09,3.23,0.94,0.0,1025.0,513,505,7,50,49,1,256.0,0.03,4.7e-05,31932.0,,,,
4599,8000,44187,1.815,0.0206,3.5113,3.841,0.0141,0.09,4.07,0.94,0.0,1099.0,568,528,3,52,48,0,239.0,0.03,4.7e-05,31958.0,102,1,409,20
4600,8000,44218,1.7833,0.0124,3.4647,3.934,0.0132,0.08,4.51,0.95,0.0,1033.0,524,507,2,51,49,0,254.0,0.03,4.7e-05,32164.0,,,,
4601,8000,44236,1.8012,-0.0128,3.55,3.79,0.0149,0.09,4.59,0.93,0.0,927.0,450,474,3,49,51,0,283.0,0.03,4.7e-05,30857.0,,,,
4602,8000,44252,1.748,-0.0105,3.4385,3.77,0.0121,0.08,5.26,0.94,0.0,844.0,406,436,2,48,52,0,311.0,0.05,4.7e-05,31944.0,,,,
4603,8000,44268,1.7531,-0.0153,3.4584,3.758,0.0152,0.09,3.67,0.94,0.0,902.0,440,456,6,49,51,1,291.0,0.06,4.7e-05,31935.0,,,,
4604,8000,44285,1.7185,-0.0248,3.4094,3.911,0.0137,0.09,3.48,0.95,0.0,927.0,481,440,6,52,47,1,283.0,0.06,4.7e-05,31944.0,,,,
4605,8000,44301,1.724,-0.0145,3.4003,3.897,0.0143,0.09,3.32,0.95,0.0,862.0,427,423,12,50,49,1,304.0,0.05,4.7e-05,31967.0,,,,
4606,8000,44318,1.7578,-0.0197,3.4746,3.601,0.0098,0.08,9.43,0.95,0.0,830.0,415,411,4,50,50,0,316.0,0.05,4.7e-05,31954.0,,,,
4607,8000,44334,1.7763,0.0169,3.4385,3.603,0.0114,0.08,12.95,0.94,0.0,826.0,399,420,7,48,51,1,317.0,0.06,4.7e-05,31935.0,,,,
4608,8000,44351,1.8057,0.0179,3.4964,3.682,0.0109,0.07,9.64,0.95,0.0,853.0,439,399,15,51,47,2,307.0,0.06,4.7e-05,31983.0,,,,
4609,8000,44367,1.7453,0.024,3.3655,3.872,0.0115,0.08,5.53,0.96,0.0,893.0,415,464,14,46,52,2,294.0,0.03,4.7e-05,31951.0,,,,
4610,8000,44384,1.7636,0.0192,3.4112,3.915,0.016,0.09,6.49,0.96,0.0,932.0,433,479,20,46,51,2,281.0,0.03,4.7e-05,31997.0,,,,
4611,8000,44400,1.774,0.0011,3.4691,3.942,0.0105,0.07,8.71,0.95,0.0,1069.0,537,519,13,50,49,1,245.0,0.03,4.7e-05,31938.0,,,,
4612,8000,44417,1.8046,0.0322,3.467,3.841,0.0147,0.08,5.78,0.95,0.0,965.0,485,474,6,50,49,1,272.0,0.03,4.7e-05,31949.0,,,,
4613,8000,44433,1.8106,0.0284,3.4869,3.807,0.0135,0.08,4.63,0.95,0.0,1038.0,529,495,14,51,48,1,253.0,0.03,4.7e-05,31933.0,,,,
4614,8000,44450,1.7664,0.0016,3.4531,3.896,0.014,0.08,3.99,0.94,0.0,1007.0,517,477,13,51,47,1,260.0,0.02,4.7e-05,31939.0,,,,
4615,8000,44466,1.7807,0.0193,3.4468,3.887,0.0143,0.08,5.18,0.95,0.0,950.0,450,482,18,47,51,2,276.0,0.01,4.7e-05,31954.0,,,,
4616,8000,44483,1.7927,0.0192,3.4704,3.841,0.0114,0.07,6.41,0.94,0.0,998.0,503,475,20,50,48,2,263.0,0.01,4.7e-05,31982.0,,,,
4617,8000,44499,1.7713,0.0156,3.434,3.794,0.0126,0.08,5.23,0.95,0.0,939.0,492,428,19,52,46,2,279.0,0.01,4.7e-05,31981.0,,,,
4618,8000,44516,1.8068,0.0334,3.4687,3.766,0.0124,0.08,4.04,0.94,0.0,965.0,470,480,15,49,50,2,272.0,0.01,4.7e-05,31993.0,,,,
4619,8000,44532,1.8042,0.0179,3.4946,3.768,0.0112,0.08,4.76,0.94,0.0,998.0,474,501,23,47,50,2,263.0,0.01,4.7e-05,31956.0,,,,
4620,8000,44549,1.8081,0.0078,3.5227,3.742,0.0094,0.07,7.15,0.94,0.0,975.0,480,482,13,49,49,1,269.0,0.01,4.7e-05,31958.0,,,,
4621,8000,44566,1.8692,0.0104,3.6392,3.706,0.0131,0.08,7.41,0.91,0.0,1048.0,550,489,9,52,47,1,250.0,0.01,4.7e-05,30758.0,,,,
4622,8000,44582,1.9527,0.0262,3.7752,3.635,0.0082,0.07,11.85,0.91,0.0,1060.0,532,508,20,50,48,2,247.0,0.01,4.7e-05,31900.0,,,,
4623,8000,44599,1.9045,0.0465,3.638,3.668,0.0149,0.1,4.0,0.92,0.0,1065.0,582,469,14,55,44,1,246.0,0.03,4.7e-05,31962.0,,,,
4624,8000,44615,1.8971,0.0425,3.6325,3.673,0.015,0.1,7.57,0.92,0.0,1133.0,556,557,20,49,49,2,231.0,0.04,4.6e-05,31916.0,,,,
4625,8000,44632,1.8744,0.0183,3.6336,3.686,0.0121,0.09,5.14,0.93,0.0,1157.0,594,562,1,51,49,0,227.0,0.04,4.6e-05,31917.0,,,,
4626,8000,44648,1.9157,0.0369,3.68,3.746,0.0152,0.1,5.58,0.92,0.0,1211.0,629,579,3,52,48,0,216.0,0.04,4.6e-05,32000.0,,,,
4627,8000,44665,1.936,0.0583,3.6778,3.778,0.0149,0.1,6.21,0.92,0.0,1229.0,639,588,2,52,48,0,213.0,0.02,4.6e-05,31939.0,,,,
4628,8000,44681,1.8883,0.0215,3.6562,3.77,0.0117,0.09,4.9,0.93,0.0,1250.0,640,608,2,51,49,0,210.0,0.01,4.6e-05,31944.0,,,,
4629,8000,44698,1.8728,0.0171,3.6338,3.755,0.015,0.09,3.95,0.93,0.0,1251.0,650,600,1,52,48,0,210.0,0.01,4.6e-05,31877.0,,,,
4630,8000,44714,1.8747,0.0352,3.6023,3.835,0.0113,0.08,4.63,0.93,0.0,1223.0,592,630,1,48,52,0,214.0,0.01,4.6e-05,31879.0,,,,
4631,8000,44731,1.8987,0.0259,3.6675,3.691,0.0154,0.1,4.74,0.93,0.0,1257.0,629,627,1,50,50,0,209.0,0.01,4.6e-05,31859.0,,,,
4632,8000,44747,1.9323,0.032,3.7226,3.711,0.0136,0.09,6.16,0.92,0.0,1274.0,615,658,1,48,52,0,206.0,0.0,4.6e-05,31899.0,,,,
4633,8000,44764,1.8915,0.0032,3.6985,3.643,0.0123,0.09,3.9,0.92,0.0,1284.0,628,653,3,49,51,0,204.0,0.01,4.6e-05,31876.0,,,,
4634,8000,44780,1.8681,-0.01,3.677,3.575,0.0141,0.09,3.89,0.92,0.0,1251.0,641,609,1,51,49,0,210.0,0.01,4.6e-05,31884.0,,,,
4635,8000,44797,1.8714,0.0022,3.6595,3.586,0.0123,0.09,3.57,0.92,0.0,1305.0,677,627,1,52,48,0,201.0,0.01,4.6e-05,31882.0,,,,
4636,8000,44813,1.8849,0.0296,3.6325,3.662,0.0124,0.09,6.05,0.93,0.0,1291.0,655,634,2,51,49,0,203.0,0.01,4.6e-05,31905.0,,,,
4637,8000,44830,1.8617,0.0146,3.6162,3.687,0.015,0.09,3.96,0.93,0.0,1304.0,681,622,1,52,48,0,201.0,0.0,4.6e-05,31889.0,,,,
4638,8000,44846,1.8599,0.0026,3.637,3.756,0.0106,0.08,4.54,0.93,0.0,1253.0,653,600,0,52,48,0,209.0,0.01,4.6e-05,31905.0,,,,
4639,8000,44863,1.8706,0.0168,3.6304,3.748,0.0113,0.08,5.18,0.93,0.0,1193.0,613,577,3,51,48,0,220.0,0.01,4.6e-05,31993.0,,,,
4640,8000,44879,1.878,0.0246,3.6289,3.717,0.0115,0.08,7.41,0.94,0.0,1189.0,622,566,1,52,48,0,220.0,0.02,4.6e-05,31954.0,,,,
4641,8000,44896,1.9386,0.0114,3.7762,3.606,0.011,0.08,6.22,0.9,0.0,1201.0,626,566,9,52,47,1,218.0,0.02,4.6e-05,30781.0,,,,
4642,8000,44913,1.9218,0.024,3.7161,3.506,0.0151,0.1,3.86,0.91,0.0,1162.0,657,498,7,57,43,1,226.0,0.04,4.6e-05,31962.0,,,,
4643,8000,44929,1.8811,0.0144,3.654,3.564,0.0144,0.1,3.7,0.91,0.0,1151.0,641,504,6,56,44,1,228.0,0.04,4.6e-05,31945.0,,,,
4644,8000,44946,1.8501,0.0046,3.6128,3.704,0.0125,0.09,3.38,0.92,0.0,1143.0,623,512,8,55,45,1,229.0,0.04,4.6e-05,31976.0,,,,
4645,8000,44962,1.8756,0.0304,3.6118,3.652,0.0117,0.09,3.91,0.92,0.0,1141.0,611,528,2,54,46,0,230.0,0.04,4.6e-05,31946.0,,,,
4646,8000,44979,1.865,0.022,3.607,3.644,0.0106,0.08,4.07,0.92,0.0,1135.0,628,505,2,55,44,0,231.0,0.03,4.6e-05,31945.0,,,,
4647,8000,44995,1.8206,-0.0063,3.5752,3.694,0.0099,0.08,5.62,0.92,0.0,1112.0,601,509,2,54,46,0,236.0,0.04,4.6e-05,31918.0,,,,
4648,8000,45012,1.848,-0.0031,3.6239,3.716,0.0082,0.06,13.54,0.93,0.0,1106.0,625,477,4,57,43,0,237.0,0.04,4.6e-05,31923.0,,,,
4649,8000,45028,1.7974,0.009,3.4986,3.717,0.0112,0.08,6.03,0.94,0.0,987.0,548,434,5,56,44,1,266.0,0.03,4.6e-05,31937.0,145,1,366,28
4650,8000,45060,1.8202,0.0226,3.5179,3.828,0.0112,0.07,5.18,0.94,0.0,1018.0,526,489,3,52,48,0,258.0,0.04,4.6e-05,32071.0,,,,
4651,8000,45076,1.8106,0.0155,3.513,3.765,0.0089,0.07,7.17,0.94,0.0,1037.0,556,472,9,54,46,1,253.0,0.04,4.6e-05,31950.0,,,,
4652,8000,45093,1.8173,0.0176,3.5222,3.725,0.0139,0.09,6.99,0.94,0.0,1010.0,560,441,9,55,44,1,260.0,0.04,4.6e-05,31936.0,,,,
4653,8000,45109,1.81,0.0195,3.5041,3.8,0.0124,0.09,4.49,0.94,0.0,1025.0,537,483,5,52,47,0,256.0,0.05,4.6e-05,31938.0,,,,
4654,8000,45126,1.8243,0.0209,3.529,3.745,0.0117,0.08,5.46,0.93,0.0,1052.0,555,491,6,53,47,1,249.0,0.04,4.6e-05,31924.0,,,,
4655,8000,45142,1.8243,0.0229,3.526,3.801,0.013,0.08,6.35,0.94,0.0,1057.0,555,493,9,53,47,1,248.0,0.06,4.6e-05,31936.0,,,,
4656,8000,45159,1.8256,0.0257,3.5226,3.69,0.0111,0.08,7.53,0.94,0.0,1064.0,559,491,14,53,46,1,246.0,0.05,4.6e-05,31965.0,,,,
4657,8000,45175,1.854,0.0175,3.5947,3.625,0.0116,0.08,7.91,0.94,0.0,1139.0,566,570,3,50,50,0,230.0,0.04,4.6e-05,31945.0,,,,
4658,8000,45192,1.8292,0.0216,3.5373,3.706,0.0122,0.08,4.4,0.94,0.0,1090.0,559,528,3,51,48,0,240.0,0.05,4.6e-05,31978.0,,,,
4659,8000,45208,1.8203,0.0192,3.525,3.756,0.0108,0.08,4.93,0.94,0.0,1019.0,564,448,7,55,44,1,257.0,0.05,4.6e-05,31938.0,,,,
4660,8000,45225,1.8056,0.0146,3.5049,3.827,0.0109,0.08,5.09,0.94,0.0,1037.0,546,488,3,53,47,0,253.0,0.04,4.6e-05,31945.0,,,,
4661,8000,45242,1.9016,0.0492,3.6282,3.87,0.0145,0.08,4.73,0.92,0.0,1007.0,523,480,4,52,48,0,260.0,0.04,4.6e-05,30869.0,,,,
4662,8000,45258,1.8461,0.0316,3.5536,4.055,0.0109,0.07,11.1,0.94,0.0,955.0,514,438,3,54,46,0,274.0,0.04,4.6e-05,32009.0,,,,
4663,8000,45275,1.8324,0.063,3.4648,4.154,0.0122,0.07,5.76,0.94,0.0,972.0,541,422,9,56,43,1,270.0,0.05,4.6e-05,31993.0,,,,
4664,8000,45291,1.7844,0.061,3.3727,4.211,0.014,0.07,7.31,0.95,0.0,935.0,519,409,7,56,44,1,280.0,0.04,4.6e-05,31958.0,,,,
4665,8000,45308,1.7598,0.0297,3.387,4.136,0.0133,0.08,4.52,0.94,0.0,843.0,400,430,13,47,51,2,311.0,0.04,4.6e-05,31980.0,,,,
4666,8000,45324,1.7487,0.0317,3.3596,4.196,0.0207,0.09,3.84,0.95,0.0,876.0,432,440,4,49,50,0,299.0,0.04,4.6e-05,31960.0,,,,
4667,8000,45341,1.7635,0.03,3.3917,4.095,0.0161,0.08,5.29,0.95,0.0,871.0,462,404,5,53,46,1,301.0,0.03,4.6e-05,31942.0,,,,
4668,8000,45357,1.7779,0.052,3.3771,4.131,0.0168,0.08,5.13,0.95,0.0,912.0,486,421,5,53,46,1,287.0,0.03,4.6e-05,31937.0,,,,
4669,8000,45373,1.8101,0.054,3.4378,4.142,0.0123,0.07,7.63,0.95,0.0,937.0,523,408,6,56,44,1,280.0,0.02,4.6e-05,31966.0,,,,
4670,8000,45390,1.7641,0.0487,3.3568,4.171,0.0135,0.07,4.88,0.95,0.0,882.0,475,397,10,54,45,1,297.0,0.02,4.6e-05,31950.0,,,,
4671,8000,45406,1.7437,0.0377,3.3357,4.029,0.0109,0.06,6.33,0.96,0.0,764.0,385,376,3,50,49,0,343.0,0.03,4.6e-05,31958.0,,,,
4672,8000,45423,1.7753,0.0399,3.3936,3.918,0.0125,0.07,16.15,0.96,0.0,798.0,409,382,7,51,48,1,329.0,0.04,4.6e-05,31939.0,,,,
4673,8000,45439,1.7843,0.0349,3.4222,3.929,0.0113,0.07,8.2,0.95,0.0,891.0,460,423,8,52,47,1,294.0,0.04,4.6e-05,31964.0,,,,
4674,8000,45456,1.8146,0.0348,3.4815,3.796,0.0113,0.07,6.54,0.95,0.0,847.0,407,438,2,48,52,0,309.0,0.04,4.6e-05,31955.0,,,,
4675,8000,45472,1.7908,0.0538,3.3979,3.94,0.0128,0.07,16.04,0.96,0.0,850.0,434,407,9,51,48,1,308.0,0.03,4.6e-05,31948.0,,,,
4676,8000,45489,1.8058,0.0535,3.4286,4.004,0.0154,0.08,9.06,0.95,0.0,854.0,438,412,4,51,48,0,307.0,0.03,4.6e-05,31951.0,,,,
4677,8000,45505,1.752,0.0243,3.3784,3.91,0.01,0.07,9.71,0.96,0.0,757.0,375,378,4,50,50,1,346.0,0.04,4.6e-05,31984.0,,,,
4678,8000,45522,1.747,0.0294,3.3597,4.029,0.0149,0.08,7.36,0.96,0.0,846.0,417,421,8,49,50,1,310.0,0.03,4.6e-05,32014.0,,,,
4679,8000,45538,1.7944,0.0554,3.4023,3.894,0.0117,0.08,6.8,0.95,0.0,847.0,393,448,6,46,53,1,309.0,0.02,4.6e-05,31952.0,,,,
4680,8000,45555,1.7796,0.0393,3.4039,3.819,0.0125,0.08,6.23,0.95,0.0,870.0,398,464,8,46,53,1,301.0,0.03,4.6e-05,32020.0,,,,
4681,8000,45572,1.8538,0.0487,3.534,3.93,0.0197,0.09,5.31,0.93,0.0,842.0,410,428,4,49,51,0,311.0,0.04,4.6e-05,30766.0,,,,
4682,8000,45588,1.8212,0.038,3.491,4.061,0.0127,0.08,6.07,0.94,0.0,778.0,407,360,11,52,46,1,337.0,0.04,4.6e-05,31924.0,,,,
4683,8000,45605,1.7953,0.0331,3.4487,4.059,0.0152,0.08,6.57,0.94,0.0,808.0,387,413,8,48,51,1,324.0,0.03,4.6e-05,31989.0,,,,
4684,8000,45621,1.8139,0.0181,3.515,3.986,0.0142,0.08,4.99,0.94,0.0,939.0,480,449,10,51,48,1,279.0,0.04,4.6e-05,31925.0,,,,
4685,8000,45638,1.8436,0.0084,3.5938,3.954,0.0103,0.08,12.32,0.94,0.0,881.0,431,449,1,49,51,0,298.0,0.02,4.6e-05,31994.0,,,,
4686,8000,45654,1.822,-0.002,3.5707,3.871,0.0099,0.08,9.89,0.94,0.0,839.0,410,429,0,49,51,0,312.0,0.03,4.6e-05,31934.0,,,,
4687,8000,45671,1.8321,0.0325,3.521,3.789,0.0139,0.09,16.81,0.94,0.0,850.0,423,426,1,50,50,0,308.0,0.03,4.6e-05,31931.0,,,,
4688,8000,45687,1.809,-0.0034,3.5466,3.785,0.0087,0.07,10.82,0.94,0.0,877.0,439,435,3,50,50,0,299.0,0.02,4.6e-05,31931.0,,,,
4689,8000,45704,1.8112,0.0217,3.5013,3.832,0.014,0.08,9.62,0.94,0.0,898.0,458,438,2,51,49,0,292.0,0.02,4.6e-05,31919.0,,,,
4690,8000,45720,1.8258,0.0182,3.5373,3.763,0.0127,0.08,7.9,0.94,0.0,851.0,451,397,3,53,47,0,308.0,0.03,4.6e-05,31922.0,,,,
4691,8000,45737,1.8322,0.0267,3.5339,3.806,0.0099,0.08,9.4,0.94,0.0,917.0,490,422,5,53,46,1,286.0,0.02,4.6e-05,31969.0,,,,
4692,8000,45753,1.8222,0.0239,3.519,3.777,0.0129,0.09,6.81,0.94,0.0,908.0,465,440,3,51,48,0,289.0,0.02,4.6e-05,31924.0,,,,
4693,8000,45770,1.8624,0.0223,3.6015,3.658,0.009,0.08,13.13,0.94,0.0,876.0,453,420,3,52,48,0,299.0,0.03,4.6e-05,31914.0,,,,
4694,8000,45786,1.7806,0.0073,3.4698,3.858,0.0106,0.07,7.05,0.95,0.0,926.0,455,467,4,49,50,0,283.0,0.01,4.6e-05,31928.0,,,,
4695,8000,45803,1.8278,0.0145,3.5497,3.822,0.0128,0.09,27.02,0.95,0.0,853.0,450,394,9,53,46,1,307.0,0.01,4.6e-05,31966.0,,,,
4696,8000,45819,1.7823,0.0121,3.4633,3.694,0.0117,0.08,11.78,0.95,0.0,875.0,432,432,11,49,49,1,300.0,0.02,4.6e-05,31919.0,,,,
4697,8000,45836,1.8082,0.0474,3.4444,3.792,0.0208,0.11,4.96,0.95,0.0,932.0,506,417,9,54,45,1,281.0,0.01,4.6e-05,31915.0,,,,
4698,8000,45852,1.8093,0.0347,3.4714,3.769,0.0152,0.09,6.04,0.95,0.0,931.0,480,447,4,52,48,0,282.0,0.02,4.6e-05,31914.0,,,,
4699,8000,45869,1.792,0.0407,3.426,3.87,0.0117,0.08,20.68,0.96,0.0,754.0,371,375,8,49,50,1,348.0,0.01,4.6e-05,31931.0,66,0,446,13
4700,8000,45900,1.8043,0.0382,3.4582,3.845,0.0115,0.08,16.69,0.96,0.0,804.0,383,402,19,48,50,2,326.0,0.01,4.6e-05,32065.0,,,,
4701,8000,45917,1.8166,0.0389,3.4815,3.957,0.0156,0.1,8.14,0.95,0.0,822.0,424,375,23,52,46,3,319.0,0.01,4.6e-05,30780.0,,,,
4702,8000,45934,1.8072,0.0322,3.4755,3.907,0.0122,0.08,12.41,0.95,0.0,822.0,434,368,20,53,45,2,319.0,0.03,4.6e-05,32002.0,,,,
4703,8000,45950,1.7937,0.0301,3.4539,4.032,0.0105,0.08,6.75,0.94,0.0,794.0,410,370,14,52,47,2,330.0,0.02,4.6e-05,31954.0,,,,
4704,8000,45967,1.7834,0.0354,3.4204,3.982,0.0108,0.08,7.73,0.95,0.0,734.0,408,319,7,56,43,1,357.0,0.02,4.6e-05,31960.0,,,,
4705,8000,45983,1.7839,0.0262,3.4388,4.001,0.0099,0.07,16.08,0.95,0.0,683.0,327,344,12,48,50,2,384.0,0.02,4.6e-05,31959.0,,,,
4706,8000,46000,1.8023,0.0284,3.4709,3.914,0.0099,0.08,14.16,0.94,0.0,802.0,377,407,18,47,51,2,327.0,0.02,4.6e-05,31946.0,,,,
4707,8000,46016,1.8148,0.0375,3.4779,3.891,0.0133,0.09,5.96,0.94,0.0,843.0,403,429,11,48,51,1,311.0,0.01,4.6e-05,31948.0,,,,
4708,8000,46033,1.8424,0.0333,3.5408,3.782,0.0128,0.1,6.63,0.94,0.0,906.0,459,441,6,51,49,1,289.0,0.02,4.6e-05,32001.0,,,,
4709,8000,46049,1.8508,0.0375,3.5498,3.864,0.0103,0.08,12.61,0.95,0.0,927.0,456,468,3,49,50,0,283.0,0.01,4.6e-05,31969.0,,,,
4710,8000,46065,1.8208,0.0188,3.527,3.859,0.0111,0.08,15.77,0.95,0.0,918.0,430,483,5,47,53,1,286.0,0.02,4.6e-05,31932.0,,,,
4711,8000,46082,1.8397,0.0189,3.5643,3.837,0.0082,0.07,20.82,0.95,0.0,802.0,389,404,9,49,50,1,327.0,0.02,4.6e-05,31936.0,,,,
4712,8000,46098,1.7586,0.0135,3.4133,3.913,0.009,0.07,10.15,0.96,0.0,760.0,401,352,7,53,46,1,345.0,0.02,4.6e-05,32005.0,,,,
4713,8000,46115,1.7758,0.0312,3.4122,3.864,0.0103,0.08,12.47,0.95,0.0,766.0,390,366,10,51,48,1,342.0,0.02,4.6e-05,31955.0,,,,
4714,8000,46131,1.8109,0.0125,3.5195,3.856,0.0068,0.06,23.09,0.95,0.0,794.0,408,379,7,51,48,1,330.0,0.02,4.6e-05,31959.0,,,,
4715,8000,46148,1.7809,0.0252,3.4338,3.821,0.0136,0.08,9.37,0.95,0.0,794.0,411,371,12,52,47,2,330.0,0.03,4.6e-05,31955.0,,,,
4716,8000,46164,1.8274,0.0238,3.5279,3.663,0.0112,0.09,7.22,0.95,0.0,850.0,426,416,8,50,49,1,308.0,0.03,4.6e-05,31965.0,,,,
4717,8000,46181,1.8254,0.0258,3.5216,3.796,0.0145,0.09,9.28,0.95,0.0,983.0,469,508,6,48,52,1,267.0,0.02,4.5e-05,31950.0,,,,
4718,8000,46197,1.8382,0.0218,3.5539,3.68,0.0134,0.1,7.93,0.94,0.0,1022.0,488,530,4,48,52,0,257.0,0.02,4.5e-05,31946.0,,,,
4719,8000,46214,1.8624,0.02,3.6059,3.62,0.0148,0.1,5.34,0.94,0.0,1046.0,499,546,1,48,52,0,251.0,0.03,4.5e-05,31943.0,,,,
4720,8000,46230,1.8668,0.0243,3.6073,3.721,0.0164,0.11,6.13,0.94,0.0,1113.0,539,573,1,48,51,0,236.0,0.03,4.5e-05,31950.0,,,,
4721,8000,46247,1.8791,0.0075,3.6664,3.797,0.0122,0.09,5.72,0.93,0.0,1080.0,515,561,4,48,52,0,243.0,0.03,4.5e-05,30736.0,,,,
4722,8000,46264,1.8491,-0.0185,3.6576,3.719,0.0138,0.1,11.32,0.93,0.0,1016.0,497,518,1,49,51,0,258.0,0.02,4.5e-05,31926.0,,,,
4723,8000,46280,1.9301,-0.0017,3.7851,3.591,0.0066,0.06,14.46,0.92,0.0,1031.0,487,539,5,47,52,0,254.0,0.02,4.5e-05,31872.0,,,,
4724,8000,46297,1.8703,0.0212,3.6209,3.714,0.0132,0.1,5.15,0.93,0.0,1067.0,548,516,3,51,48,0,246.0,0.02,4.5e-05,31852.0,,,,
4725,8000,46313,1.8634,0.0242,3.601,3.746,0.014,0.1,4.55,0.94,0.0,1063.0,510,552,1,48,52,0,247.0,0.03,4.5e-05,31873.0,,,,
4726,8000,46330,1.85,0.0305,3.5617,3.736,0.0126,0.1,5.12,0.94,0.0,1048.0,501,544,3,48,52,0,250.0,0.02,4.5e-05,31897.0,,,,
4727,8000,46346,1.83,0.0194,3.5443,3.701,0.0119,0.1,4.29,0.95,0.0,986.0,480,501,5,49,51,1,266.0,0.02,4.5e-05,31871.0,,,,
4728,8000,46363,1.8549,0.0119,3.6082,3.643,0.0084,0.08,10.19,0.95,0.0,997.0,465,527,5,47,53,1,263.0,0.03,4.5e-05,31928.0,,,,
4729,8000,46379,1.821,0.0153,3.5337,3.639,0.0133,0.1,5.04,0.95,0.0,987.0,483,495,9,49,50,1,266.0,0.03,4.5e-05,31857.0,,,,
4730,8000,46396,1.858,-0.0223,3.6827,3.641,0.0092,0.08,15.75,0.94,0.0,1048.0,522,518,8,50,49,1,250.0,0.02,4.5e-05,31872.0,,,,
4731,8000,46412,1.8392,-0.0073,3.6143,3.566,0.0113,0.09,10.67,0.95,0.0,1028.0,482,538,8,47,52,1,255.0,0.03,4.5e-05,31919.0,,,,
4732,8000,46429,1.8516,0.0063,3.6107,3.448,0.0141,0.11,3.81,0.94,0.0,1070.0,550,515,5,51,48,0,245.0,0.04,4.5e-05,31877.0,,,,
4733,8000,46445,1.8448,-0.0036,3.6176,3.428,0.0107,0.09,5.5,0.94,0.0,1108.0,562,539,7,51,49,1,237.0,0.05,4.5e-05,31905.0,,,,
4734,8000,46462,1.8576,0.0021,3.6314,3.396,0.0126,0.11,7.28,0.94,0.0,1141.0,586,549,6,51,48,1,230.0,0.05,4.5e-05,31866.0,,,,
4735,8000,46478,1.8576,0.0082,3.6192,3.486,0.0137,0.1,3.71,0.94,0.0,1100.0,537,562,1,49,51,0,238.0,0.03,4.5e-05,31859.0,,,,
4736,8000,46495,1.8837,0.0132,3.6617,3.499,0.0132,0.1,12.78,0.94,0.0,1173.0,579,592,2,49,50,0,223.0,0.03,4.5e-05,31882.0,,,,
4737,8000,46511,1.9082,0.0087,3.7195,3.405,0.0117,0.09,8.41,0.94,0.0,1144.0,567,571,6,50,50,1,229.0,0.03,4.5e-05,31858.0,,,,
4738,8000,46528,1.8213,0.005,3.5525,3.433,0.014,0.1,5.4,0.95,0.0,1129.0,579,548,2,51,49,0,232.0,0.01,4.5e-05,31914.0,,,,
4739,8000,46544,1.8397,0.0213,3.5568,3.416,0.0134,0.1,4.55,0.95,0.0,1060.0,541,515,4,51,49,0,247.0,0.03,4.5e-05,31870.0,,,,
4740,8000,46561,1.8409,0.0241,3.5541,3.526,0.012,0.1,4.43,0.94,0.0,1051.0,570,479,2,54,46,0,249.0,0.04,4.5e-05,31930.0,,,,
4741,8000,46578,1.9484,0.0419,3.7348,3.617,0.0134,0.1,3.37,0.92,0.0,1083.0,561,522,0,52,48,0,242.0,0.04,4.5e-05,30768.0,,,,
4742,8000,46594,1.9783,0.0411,3.7967,3.667,0.0132,0.1,7.21,0.91,0.0,1170.0,601,568,1,51,49,0,224.0,0.02,4.5e-05,31893.0,,,,
4743,8000,46611,1.9011,0.0143,3.6955,3.613,0.0119,0.1,3.73,0.92,0.0,1101.0,550,551,0,50,50,0,238.0,0.03,4.5e-05,31967.0,,,,
4744,8000,46627,1.9346,0.0326,3.7263,3.607,0.0104,0.09,4.81,0.92,0.0,1159.0,592,564,3,51,49,0,226.0,0.03,4.5e-05,31902.0,,,,
4745,8000,46644,1.9031,0.0131,3.7019,3.617,0.0102,0.09,4.34,0.92,0.0,1210.0,617,591,2,51,49,0,217.0,0.03,4.5e-05,31945.0,,,,
4746,8000,46660,1.8747,0.0114,3.6489,3.667,0.0127,0.1,3.24,0.93,0.0,1161.0,667,492,2,57,42,0,226.0,0.03,4.5e-05,32019.0,,,,
4747,8000,46677,1.9038,0.0379,3.6539,3.632,0.0142,0.1,3.27,0.92,0.0,1231.0,660,568,3,54,46,0,213.0,0.03,4.5e-05,31969.0,,,,
4748,8000,46693,1.8958,0.0145,3.6841,3.531,0.0103,0.09,4.27,0.92,0.0,1220.0,675,544,1,55,45,0,215.0,0.03,4.5e-05,31939.0,,,,
4749,8000,46710,1.8981,0.0138,3.6899,3.504,0.0126,0.1,3.05,0.93,0.0,1221.0,649,571,1,53,47,0,215.0,0.02,4.5e-05,31937.0,183,0,329,36
4750,8000,46741,1.9047,0.0098,3.7101,3.408,0.0116,0.1,3.72,0.93,0.0,1199.0,661,537,1,55,45,0,219.0,0.01,4.5e-05,32142.0,,,,
4751,8000,46758,1.891,0.015,3.6731,3.521,0.01,0.09,5.6,0.94,0.0,1153.0,653,500,0,57,43,0,227.0,0.01,4.5e-05,31958.0,,,,
4752,8000,46774,1.922,0.0338,3.6972,3.443,0.0119,0.1,3.72,0.93,0.0,1262.0,677,584,1,54,46,0,208.0,0.01,4.5e-05,31943.0,,,,
4753,8000,46791,1.8894,-0.003,3.7057,3.482,0.0103,0.09,4.49,0.93,0.0,1246.0,648,597,1,52,48,0,210.0,0.01,4.5e-05,31962.0,,,,
4754,8000,46807,1.9128,0.0092,3.7279,3.443,0.01,0.09,4.64,0.93,0.0,1250.0,639,611,0,51,49,0,210.0,0.01,4.5e-05,31961.0,,,,
4755,8000,46824,1.8945,0.0122,3.684,3.304,0.0122,0.1,3.39,0.93,0.0,1164.0,549,615,0,47,53,0,225.0,0.01,4.5e-05,31958.0,,,,
4756,8000,46840,1.8503,-0.0104,3.6408,3.32,0.0127,0.1,3.15,0.94,0.0,1182.0,571,611,0,48,52,0,222.0,0.01,4.5e-05,32007.0,,,,
4757,8000,46857,1.8894,0.0223,3.6543,3.449,0.0143,0.1,3.56,0.94,0.0,1159.0,573,586,0,49,51,0,226.0,0.01,4.5e-05,31947.0,,,,
4758,8000,46873,1.8863,0.0334,3.6265,3.505,0.0093,0.08,6.06,0.94,0.0,1096.0,555,541,0,51,49,0,239.0,0.01,4.5e-05,31954.0,,,,
4759,8000,46890,1.887,0.0374,3.6198,3.494,0.0139,0.1,4.41,0.94,0.0,1099.0,542,556,1,49,51,0,239.0,0.02,4.5e-05,31961.0,,,,
4760,8000,46906,1.8789,0.0342,3.6097,3.459,0.0127,0.09,4.94,0.94,0.0,1139.0,538,600,1,47,53,0,230.0,0.01,4.5e-05,31979.0,,,,
4761,8000,46923,1.9425,0.0273,3.7516,3.565,0.0146,0.1,3.91,0.92,0.0,1213.0,604,608,1,50,50,0,216.0,0.02,4.5e-05,30739.0,,,,
4762,8000,46940,1.8983,0.0326,3.6538,3.712,0.0132,0.09,5.36,0.94,0.0,1186.0,625,559,2,53,47,0,221.0,0.02,4.5e-05,31960.0,,,,
4763,8000,46956,1.8378,0.0195,3.5592,3.738,0.0098,0.08,4.24,0.94,0.0,1086.0,544,540,2,50,50,0,241.0,0.01,4.5e-05,31889.0,,,,
4764,8000,46973,1.8571,0.0326,3.5727,3.885,0.0108,0.08,3.93,0.94,0.0,1182.0,585,595,2,49,50,0,222.0,0.01,4.5e-05,31960.0,,,,
4765,8000,46989,1.8769,0.0306,3.6159,3.853,0.0104,0.08,5.14,0.94,0.0,1178.0,580,595,3,49,51,0,223.0,0.02,4.5e-05,31882.0,,,,
4766,8000,47006,1.8981,0.0401,3.6388,3.732,0.0113,0.09,5.22,0.94,0.0,1200.0,632,565,3,53,47,0,218.0,0.01,4.5e-05,31873.0,,,,
4767,8000,47022,1.8569,0.0208,3.5943,3.706,0.0113,0.09,4.47,0.94,0.0,1174.0,572,601,1,49,51,0,223.0,0.01,4.5e-05,31889.0,,,,
4768,8000,47039,1.9099,0.0323,3.6772,3.652,0.0081,0.07,7.74,0.94,0.0,1207.0,578,629,0,48,52,0,217.0,0.01,4.5e-05,31886.0,,,,
4769,8000,47055,1.8768,0.0261,3.623,3.653,0.0112,0.08,4.91,0.94,0.0,1173.0,571,602,0,49,51,0,223.0,0.01,4.5e-05,31886.0,,,,
4770,8000,47072,1.8615,0.013,3.6183,3.604,0.0107,0.08,7.32,0.94,0.0,1104.0,526,578,0,48,52,0,237.0,0.01,4.5e-05,31879.0,,,,
4771,8000,47088,1.8574,0.0224,3.5918,3.657,0.0117,0.09,6.94,0.95,0.0,1082.0,535,546,1,49,50,0,242.0,0.01,4.5e-05,31871.0,,,,
4772,8000,47105,1.8632,0.0214,3.605,3.595,0.0129,0.09,5.08,0.94,0.0,1131.0,525,606,0,46,54,0,232.0,0.01,4.5e-05,31889.0,,,,
4773,8000,47121,1.8854,0.0152,3.662,3.598,0.0116,0.09,4.68,0.94,0.0,1216.0,586,630,0,48,52,0,216.0,0.01,4.5e-05,31873.0,,,,
4774,8000,47138,1.8431,0.0076,3.5924,3.59,0.0132,0.09,4.41,0.94,0.0,1093.0,506,587,0,46,54,0,240.0,0.01,4.5e-05,31896.0,,,,
4775,8000,47154,1.8783,0.0136,3.6518,3.674,0.0126,0.09,6.01,0.94,0.0,1137.0,529,606,2,47,53,0,231.0,0.01,4.5e-05,31873.0,,,,
4776,8000,47171,1.891,0.0127,3.678,3.546,0.0143,0.1,5.8,0.94,0.0,1109.0,548,560,1,49,50,0,236.0,0.01,4.5e-05,31868.0,,,,
4777,8000,47187,1.8797,0.0135,3.6541,3.556,0.0156,0.11,3.56,0.94,0.0,1167.0,568,598,1,49,51,0,225.0,0.01,4.5e-05,31872.0,,,,
4778,8000,47204,1.9276,0.0182,3.7397,3.481,0.0138,0.09,5.33,0.93,0.0,1209.0,607,602,0,50,50,0,217.0,0.01,4.5e-05,31923.0,,,,
4779,8000,47220,1.8621,-0.0084,3.6631,3.623,0.0159,0.1,4.22,0.93,0.0,1217.0,577,639,1,47,53,0,215.0,0.01,4.5e-05,31873.0,,,,
4780,8000,47237,1.9119,0.0847,3.5774,3.726,0.0288,0.09,18.77,0.94,0.0,1103.0,536,566,1,49,51,0,238.0,0.01,4.5e-05,31875.0,,,,
4781,8000,47254,1.8709,-0.0269,3.7187,3.725,0.0165,0.11,3.87,0.92,0.0,1104.0,558,546,0,51,49,0,237.0,0.01,4.5e-05,30833.0,,,,
4782,8000,47270,1.9419,-0.0264,3.8594,3.716,0.0107,0.08,13.21,0.92,0.0,1097.0,525,572,0,48,52,0,239.0,0.01,4.5e-05,31914.0,,,,
4783,8000,47287,1.8682,0.0006,3.6589,3.789,0.0097,0.08,4.76,0.92,0.0,1161.0,583,577,1,50,50,0,226.0,0.02,4.5e-05,31871.0,,,,
4784,8000,47303,1.8838,0.0013,3.6885,3.75,0.0116,0.09,4.14,0.92,0.0,1158.0,557,598,3,48,52,0,226.0,0.03,4.5e-05,31878.0,,,,
4785,8000,47320,1.9147,0.0219,3.7077,3.562,0.0127,0.1,3.32,0.92,0.0,1179.0,578,599,2,49,51,0,222.0,0.02,4.5e-05,31883.0,,,,
4786,8000,47336,1.9069,0.0338,3.6691,3.667,0.0117,0.09,3.21,0.93,0.0,1246.0,596,648,2,48,52,0,210.0,0.01,4.5e-05,31903.0,,,,
4787,8000,47353,1.8711,0.0267,3.6115,3.636,0.0123,0.1,3.96,0.93,0.0,1176.0,546,630,0,46,54,0,223.0,0.01,4.5e-05,31942.0,,,,
4788,8000,47369,1.8692,0.0323,3.5964,3.658,0.0108,0.09,4.12,0.94,0.0,1152.0,569,583,0,49,51,0,228.0,0.01,4.5e-05,31982.0,,,,
4789,8000,47386,1.8728,0.0288,3.6105,3.636,0.0114,0.09,4.05,0.94,0.0,1102.0,555,545,2,50,49,0,238.0,0.01,4.5e-05,31941.0,,,,
4790,8000,47402,1.8758,0.0327,3.6089,3.684,0.0104,0.09,4.56,0.93,0.0,1101.0,522,579,0,47,53,0,238.0,0.01,4.5e-05,31975.0,,,,
4791,8000,47419,1.8767,0.0403,3.5951,3.594,0.0106,0.09,4.53,0.94,0.0,1021.0,510,510,1,50,50,0,257.0,0.01,4.5e-05,31971.0,,,,
4792,8000,47435,1.8766,0.0543,3.5667,3.567,0.0109,0.09,4.91,0.94,0.0,1059.0,556,503,0,53,47,0,248.0,0.01,4.5e-05,31977.0,,,,
4793,8000,47452,1.8436,0.0259,3.5588,3.727,0.0115,0.09,4.82,0.94,0.0,1082.0,542,540,0,50,50,0,242.0,0.01,4.5e-05,31926.0,,,,
4794,8000,47468,1.8586,0.0168,3.6063,3.617,0.0131,0.09,3.48,0.94,0.0,1039.0,510,529,0,49,51,0,252.0,0.01,4.5e-05,31960.0,,,,
4795,8000,47485,1.8786,0.0137,3.6516,3.529,0.0137,0.1,7.85,0.94,0.0,1065.0,493,572,0,46,54,0,246.0,0.02,4.5e-05,31954.0,,,,
4796,8000,47501,1.8157,0.0022,3.549,3.548,0.0114,0.1,4.32,0.95,0.0,1069.0,481,588,0,45,55,0,245.0,0.01,4.5e-05,31955.0,,,,
4797,8000,47517,1.8666,0.024,3.6071,3.526,0.0129,0.09,7.57,0.94,0.0,1048.0,494,554,0,47,53,0,250.0,0.01,4.5e-05,32000.0,,,,
4798,8000,47534,1.8647,0.0029,3.6451,3.487,0.0136,0.1,5.66,0.93,0.0,1064.0,481,582,1,45,55,0,246.0,0.01,4.5e-05,31925.0,,,,
4799,8000,47550,1.8557,-0.0017,3.6364,3.469,0.0119,0.1,4.38,0.93,0.0,1108.0,522,586,0,47,53,0,237.0,0.01,4.5e-05,31919.0,223,0,289,44
4800,8000,47582,1.9101,0.0108,3.7197,3.413,0.0138,0.1,4.11,0.93,0.0,1225.0,598,627,0,49,51,0,214.0,0.01,4.5e-05,32083.0,,,,
4801,8000,47599,1.9511,-0.0001,3.8242,3.536,0.0145,0.1,5.28,0.91,0.0,1260.0,590,670,0,47,53,0,208.0,0.01,4.5e-05,30860.0,,,,
4802,8000,47616,1.9073,-0.0175,3.7714,3.534,0.0156,0.1,4.0,0.91,0.0,1232.0,670,561,1,54,46,0,213.0,0.01,4.5e-05,31943.0,,,,
4803,8000,47632,1.9218,0.0103,3.7451,3.573,0.0138,0.1,4.4,0.91,0.0,1221.0,674,547,0,55,45,0,215.0,0.01,4.5e-05,31932.0,,,,
4804,8000,47649,1.9394,0.014,3.7726,3.523,0.0156,0.11,2.99,0.9,0.0,1298.0,718,580,0,55,45,0,202.0,0.01,4.5e-05,31911.0,,,,
4805,8000,47665,1.9299,0.0087,3.7631,3.444,0.0146,0.1,4.09,0.91,0.0,1288.0,686,601,1,53,47,0,204.0,0.02,4.5e-05,31945.0,,,,
4806,8000,47682,1.9165,0.0013,3.7511,3.422,0.0126,0.1,3.53,0.91,0.0,1285.0,654,631,0,51,49,0,204.0,0.01,4.5e-05,31922.0,,,,
4807,8000,47698,1.9247,0.0158,3.7391,3.48,0.0157,0.11,3.3,0.91,0.0,1289.0,683,606,0,53,47,0,203.0,0.02,4.5e-05,31932.0,,,,
4808,8000,47714,1.9155,0.0159,3.7199,3.42,0.0115,0.09,3.9,0.92,0.0,1270.0,704,565,1,55,44,0,206.0,0.02,4.5e-05,31943.0,,,,
4809,8000,47731,1.9223,0.0284,3.7093,3.503,0.0111,0.09,3.88,0.92,0.0,1315.0,748,566,1,57,43,0,199.0,0.01,4.5e-05,31936.0,,,,
4810,8000,47747,1.9097,-0.0136,3.7676,3.459,0.0112,0.08,5.82,0.92,0.0,1327.0,700,627,0,53,47,0,198.0,0.01,4.5e-05,31935.0,,,,
4811,8000,47764,1.8325,-0.0308,3.6479,3.501,0.0116,0.09,4.12,0.93,0.0,1307.0,681,626,0,52,48,0,201.0,0.01,4.5e-05,31917.0,,,,
4812,8000,47780,1.8694,0.006,3.6474,3.417,0.0148,0.09,3.32,0.93,0.0,1253.0,711,542,0,57,43,0,209.0,0.01,4.5e-05,31941.0,,,,
4813,8000,47797,1.8915,0.0084,3.6869,3.482,0.013,0.09,3.59,0.93,0.0,1267.0,701,566,0,55,45,0,207.0,0.01,4.4e-05,31931.0,,,,
4814,8000,47813,1.9087,0.0185,3.7009,3.432,0.0118,0.09,3.59,0.93,0.0,1271.0,713,558,0,56,44,0,206.0,0.01,4.4e-05,31964.0,,,,
4815,8000,47830,1.8824,0.0104,3.6643,3.438,0.0113,0.08,4.41,0.93,0.0,1308.0,696,611,1,53,47,0,200.0,0.01,4.4e-05,31969.0,,,,
4816,8000,47846,1.8694,0.01,3.6395,3.453,0.0119,0.09,3.76,0.93,0.0,1274.0,695,579,0,55,45,0,206.0,0.0,4.4e-05,31936.0,,,,
4817,8000,47863,1.8738,0.0363,3.5959,3.489,0.0125,0.09,3.83,0.94,0.0,1240.0,683,557,0,55,45,0,211.0,0.0,4.4e-05,31932.0,,,,
4818,8000,47879,1.8538,0.0148,3.5993,3.51,0.0129,0.08,4.46,0.94,0.0,1213.0,655,557,1,54,46,0,216.0,0.0,4.4e-05,31930.0,,,,
4819,8000,47896,1.8961,0.0111,3.6906,3.45,0.0143,0.09,6.32,0.93,0.0,1242.0,625,617,0,50,50,0,211.0,0.0,4.4e-05,31934.0,,,,
4820,8000,47912,1.8346,0.0036,3.5827,3.492,0.0143,0.09,3.78,0.93,0.0,1276.0,638,637,1,50,50,0,205.0,0.0,4.4e-05,32013.0,,,,
4821,8000,47929,1.898,0.0071,3.7022,3.425,0.0121,0.08,4.12,0.92,0.0,1089.0,525,564,0,48,52,0,241.0,0.01,4.4e-05,30872.0,,,,
4822,8000,47946,1.8523,-0.0031,3.6326,3.587,0.0171,0.09,3.99,0.93,0.0,1032.0,479,553,0,46,54,0,254.0,0.02,4.4e-05,31942.0,,,,
4823,8000,47962,1.7967,-0.0201,3.5559,3.641,0.0116,0.09,4.14,0.93,0.0,956.0,429,527,0,45,55,0,274.0,0.02,4.4e-05,31948.0,,,,
4824,8000,47979,1.795,-0.0077,3.5284,3.746,0.0138,0.09,3.63,0.93,0.0,951.0,430,521,0,45,55,0,276.0,0.03,4.4e-05,31953.0,,,,
4825,8000,47995,1.7961,-0.007,3.529,3.742,0.0111,0.08,4.15,0.93,0.0,1004.0,487,517,0,49,51,0,261.0,0.03,4.4e-05,31958.0,,,,
4826,8000,48012,1.821,0.0041,3.5565,3.679,0.0108,0.08,5.29,0.94,0.0,967.0,457,506,4,47,52,0,271.0,0.03,4.4e-05,31973.0,,,,
4827,8000,48028,1.8072,0.019,3.4983,3.594,0.0153,0.09,4.43,0.94,0.0,945.0,462,482,1,49,51,0,277.0,0.04,4.4e-05,31938.0,,,,
4828,8000,48045,1.8462,0.0202,3.5724,3.417,0.0117,0.09,7.03,0.95,0.0,973.0,466,505,2,48,52,0,269.0,0.04,4.4e-05,31960.0,,,,
4829,8000,48061,1.8073,0.0341,3.4679,3.503,0.0119,0.08,4.33,0.95,0.0,1012.0,490,519,3,48,51,0,259.0,0.02,4.4e-05,32006.0,,,,
4830,8000,48078,1.8091,0.0333,3.4758,3.498,0.0125,0.09,5.13,0.95,0.0,1008.0,506,486,16,50,48,2,260.0,0.02,4.4e-05,32015.0,,,,
4831,8000,48094,1.8012,0.0155,3.4969,3.56,0.0122,0.09,5.64,0.95,0.0,1058.0,532,509,17,50,48,2,248.0,0.03,4.4e-05,31937.0,,,,
4832,8000,48110,1.783,0.0242,3.4406,3.507,0.016,0.09,5.54,0.96,0.0,983.0,543,432,8,55,44,1,267.0,0.02,4.4e-05,32008.0,,,,
4833,8000,48127,1.7972,0.03,3.4594,3.609,0.0133,0.08,5.07,0.95,0.0,1017.0,550,452,15,54,44,1,258.0,0.02,4.4e-05,31953.0,,,,
4834,8000,48143,1.7914,0.0116,3.4835,3.577,0.0124,0.08,5.84,0.95,0.0,996.0,560,427,9,56,43,1,263.0,0.03,4.4e-05,31963.0,,,,
4835,8000,48160,1.814,0.0336,3.4884,3.664,0.0134,0.08,5.64,0.95,0.0,1059.0,577,465,17,54,44,2,248.0,0.02,4.4e-05,32016.0,,,,
4836,8000,48176,1.8213,0.0353,3.4982,3.643,0.019,0.1,4.06,0.95,0.0,1054.0,544,495,15,52,47,1,249.0,0.01,4.4e-05,31958.0,,,,
4837,8000,48193,1.811,0.0215,3.5061,3.652,0.0157,0.08,5.84,0.95,0.0,1002.0,498,486,18,50,49,2,262.0,0.02,4.4e-05,31949.0,,,,
4838,8000,48209,1.771,0.0223,3.4245,3.723,0.0144,0.08,5.22,0.96,0.0,988.0,535,441,12,54,45,1,265.0,0.02,4.4e-05,31953.0,,,,
4839,8000,48226,1.8315,0.0394,3.5075,3.669,0.014,0.08,9.04,0.95,0.0,1030.0,572,451,7,56,44,1,255.0,0.01,4.4e-05,31938.0,,,,
4840,8000,48242,1.7793,0.0291,3.4258,3.771,0.0144,0.08,9.85,0.96,0.0,923.0,499,404,20,54,44,2,284.0,0.02,4.4e-05,31954.0,,,,
4841,8000,48259,1.8742,0.0405,3.5916,3.732,0.0162,0.09,5.13,0.92,0.0,974.0,508,453,13,52,47,1,269.0,0.02,4.4e-05,30784.0,,,,
4842,8000,48276,1.8139,0.0147,3.522,3.766,0.009,0.07,8.6,0.92,0.0,806.0,459,341,6,57,42,1,325.0,0.01,4.4e-05,32001.0,,,,
4843,8000,48292,1.7918,0.0225,3.4634,3.908,0.0127,0.08,9.75,0.92,0.0,861.0,469,386,6,54,45,1,304.0,0.02,4.4e-05,31919.0,,,,
4844,8000,48309,1.7967,0.0411,3.4356,3.853,0.0127,0.08,7.07,0.93,0.0,732.0,416,312,4,57,43,1,358.0,0.02,4.4e-05,31907.0,,,,
4845,8000,48325,1.7706,0.0228,3.4209,3.906,0.01,0.08,7.1,0.93,0.0,699.0,374,316,9,54,45,1,375.0,0.03,4.4e-05,31981.0,,,,
4846,8000,48342,1.7545,0.0278,3.3782,3.88,0.0117,0.09,4.69,0.94,0.0,745.0,379,361,5,51,48,1,352.0,0.04,4.4e-05,31948.0,,,,
4847,8000,48358,1.7562,0.0219,3.3935,3.845,0.0109,0.08,10.09,0.93,0.0,714.0,384,320,10,54,45,1,367.0,0.04,4.4e-05,31922.0,,,,
4848,8000,48374,1.7182,0.0164,3.3309,3.933,0.0122,0.08,5.91,0.93,0.0,672.0,369,287,16,55,43,2,390.0,0.03,4.4e-05,31939.0,,,,
4849,8000,48391,1.695,0.005,3.3058,3.878,0.0113,0.09,7.43,0.93,0.0,600.0,278,310,12,46,52,2,437.0,0.04,4.4e-05,32000.0,159,0,353,31
4850,8000,48423,1.6635,0.0082,3.2359,4.106,0.0102,0.08,13.34,0.94,0.0,529.0,248,275,6,47,52,1,496.0,0.05,4.4e-05,32080.0,,,,
4851,8000,48439,1.6585,-0.0179,3.2801,3.932,0.0061,0.06,18.99,0.94,0.0,501.0,264,220,17,53,44,3,523.0,0.05,4.4e-05,31971.0,,,,
4852,8000,48455,1.6931,-0.008,3.3279,3.927,0.0075,0.07,10.43,0.93,0.0,580.0,281,289,10,48,50,2,452.0,0.02,4.4e-05,31930.0,,,,
4853,8000,48472,1.6651,0.0128,3.2319,4.152,0.0112,0.08,7.88,0.94,0.0,534.0,291,235,8,54,44,1,491.0,0.02,4.4e-05,31937.0,,,,
4854,8000,48488,1.6567,0.0064,3.2282,4.098,0.0101,0.08,5.45,0.94,0.0,575.0,308,256,11,54,45,2,456.0,0.03,4.4e-05,31932.0,,,,
4855,8000,48505,1.6697,0.0079,3.2496,4.107,0.0142,0.1,4.47,0.94,0.0,630.0,361,260,9,57,41,1,416.0,0.02,4.4e-05,31945.0,,,,
4856,8000,48521,1.6884,0.0121,3.2778,3.99,0.0107,0.08,5.76,0.94,0.0,602.0,347,243,12,58,40,2,435.0,0.02,4.4e-05,31972.0,,,,
4857,8000,48538,1.7025,0.0263,3.2779,4.005,0.0138,0.09,5.97,0.95,0.0,648.0,343,296,9,53,46,1,405.0,0.03,4.4e-05,31967.0,,,,
4858,8000,48554,1.7192,0.0173,3.3291,3.947,0.0135,0.09,5.67,0.94,0.0,740.0,372,355,13,50,48,2,354.0,0.02,4.4e-05,31939.0,,,,
4859,8000,48571,1.6962,0.0089,3.3001,3.921,0.0135,0.1,4.12,0.95,0.0,723.0,395,306,22,55,42,3,363.0,0.02,4.4e-05,31968.0,,,,
4860,8000,48587,1.7671,0.0041,3.4512,3.807,0.0148,0.1,17.47,0.94,0.0,750.0,403,319,28,54,43,4,350.0,0.02,4.4e-05,31945.0,,,,
4861,8000,48604,1.8094,0.0233,3.4972,3.934,0.0117,0.08,5.04,0.92,0.0,746.0,410,326,10,55,44,1,351.0,0.04,4.4e-05,30874.0,,,,
4862,8000,48621,1.8052,0.0135,3.509,3.926,0.0111,0.08,7.18,0.91,0.0,833.0,462,356,15,55,43,2,315.0,0.04,4.4e-05,32007.0,,,,
4863,8000,48637,1.8075,0.0107,3.5186,3.78,0.0123,0.09,4.12,0.92,0.0,892.0,490,386,16,55,43,2,294.0,0.04,4.4e-05,31951.0,,,,
4864,8000,48654,1.8337,0.0065,3.5784,3.77,0.0107,0.09,4.21,0.92,0.0,1009.0,501,496,12,50,49,1,260.0,0.03,4.4e-05,32001.0,,,,
4865,8000,48670,1.8423,0.0132,3.5821,3.794,0.0143,0.1,5.59,0.92,0.0,1017.0,499,514,4,49,51,0,258.0,0.02,4.4e-05,31961.0,,,,
4866,8000,48687,1.8709,0.0167,3.6331,3.773,0.0116,0.09,4.4,0.92,0.0,1062.0,561,495,6,53,47,1,247.0,0.02,4.4e-05,31953.0,,,,
4867,8000,48703,1.8557,0.0109,3.6126,3.663,0.0114,0.09,4.8,0.92,0.0,1071.0,567,499,5,53,47,0,245.0,0.02,4.4e-05,31968.0,,,,
4868,8000,48720,1.8814,0.0153,3.6538,3.486,0.01,0.08,7.72,0.92,0.0,975.0,536,437,2,55,45,0,269.0,0.03,4.4e-05,31981.0,,,,
4869,8000,48736,1.8421,0.004,3.5986,3.537,0.0099,0.09,5.76,0.93,0.0,1064.0,553,504,7,52,47,1,246.0,0.03,4.4e-05,31962.0,,,,
4870,8000,48752,1.8769,0.021,3.6337,3.497,0.0112,0.09,5.62,0.93,0.0,1088.0,591,487,10,54,45,1,241.0,0.03,4.4e-05,32025.0,,,,
4871,8000,48769,1.8986,0.007,3.7055,3.591,0.0085,0.07,9.93,0.93,0.0,1092.0,574,514,4,53,47,0,240.0,0.02,4.4e-05,31966.0,,,,
4872,8000,48785,1.8265,0.0093,3.5563,3.504,0.0114,0.1,5.85,0.94,0.0,972.0,523,445,4,54,46,0,270.0,0.02,4.4e-05,31967.0,,,,
4873,8000,48802,1.8569,0.014,3.6076,3.462,0.0144,0.1,5.42,0.94,0.0,968.0,507,451,10,52,47,1,271.0,0.03,4.4e-05,31962.0,,,,
4874,8000,48818,1.8522,0.0051,3.6154,3.421,0.0104,0.09,7.79,0.94,0.0,986.0,516,458,12,52,46,1,266.0,0.03,4.4e-05,32030.0,,,,
4875,8000,48835,1.829,0.024,3.5312,3.466,0.0129,0.08,8.09,0.94,0.0,899.0,440,447,12,49,50,1,292.0,0.04,4.4e-05,31951.0,,,,
4876,8000,48851,1.8278,0.0225,3.5333,3.605,0.0118,0.09,5.65,0.94,0.0,949.0,478,454,17,50,48,2,276.0,0.02,4.4e-05,31966.0,,,,
4877,8000,48868,1.844,0.0389,3.5329,3.647,0.0126,0.09,5.65,0.95,0.0,918.0,447,460,11,49,50,1,286.0,0.03,4.4e-05,31971.0,,,,
4878,8000,48884,1.7967,0.0029,3.5095,3.6,0.0128,0.09,5.5,0.95,0.0,920.0,499,410,11,54,45,1,285.0,0.03,4.4e-05,31967.0,,,,
4879,8000,48901,1.8044,0.0023,3.5255,3.553,0.0147,0.09,5.64,0.95,0.0,931.0,505,420,6,54,45,1,282.0,0.04,4.4e-05,31961.0,,,,
4880,8000,48917,1.8035,0.004,3.5209,3.572,0.0122,0.09,5.38,0.94,0.0,889.0,453,429,7,51,48,1,295.0,0.04,4.4e-05,31970.0,,,,
4881,8000,48934,1.8921,0.0096,3.6862,3.502,0.0162,0.1,5.24,0.92,0.0,1084.0,534,546,4,49,50,0,242.0,0.02,4.4e-05,30768.0,,,,
4882,8000,48951,1.8618,-0.0032,3.6513,3.524,0.0143,0.1,5.46,0.93,0.0,1064.0,548,513,3,52,48,0,246.0,0.02,4.4e-05,31911.0,,,,
4883,8000,48967,1.842,-0.0166,3.6384,3.524,0.0126,0.1,4.55,0.93,0.0,1089.0,506,574,9,46,53,1,241.0,0.02,4.4e-05,31909.0,,,,
4884,8000,48984,1.8676,-0.003,3.6622,3.488,0.0104,0.08,6.04,0.93,0.0,1155.0,586,567,2,51,49,0,227.0,0.01,4.4e-05,31920.0,,,,
4885,8000,49000,1.8109,-0.0084,3.5595,3.501,0.0112,0.08,5.7,0.94,0.0,1112.0,519,588,5,47,53,0,236.0,0.01,4.4e-05,31913.0,,,,
4886,8000,49017,1.8163,0.003,3.5476,3.543,0.0135,0.09,5.2,0.94,0.0,1100.0,505,593,2,46,54,0,238.0,0.02,4.4e-05,31928.0,,,,
4887,8000,49033,1.8465,0.0104,3.5919,3.371,0.0132,0.1,8.57,0.94,0.0,1024.0,482,538,4,47,53,0,256.0,0.03,4.4e-05,31937.0,,,,
4888,8000,49050,1.8266,0.0077,3.5576,3.343,0.0125,0.09,5.16,0.94,0.0,1021.0,490,521,10,48,51,1,257.0,0.01,4.4e-05,31934.0,,,,
4889,8000,49066,1.8467,0.0186,3.5765,3.381,0.013,0.09,5.76,0.94,0.0,1091.0,571,513,7,52,47,1,240.0,0.01,4.4e-05,31917.0,,,,
4890,8000,49083,1.8346,0.0142,3.5611,3.402,0.0147,0.1,5.61,0.94,0.0,1096.0,501,588,7,46,54,1,239.0,0.01,4.4e-05,31975.0,,,,
4891,8000,49099,1.8801,0.0355,3.6091,3.295,0.0133,0.09,6.33,0.93,0.0,1089.0,538,545,6,49,50,1,241.0,0.02,4.4e-05,31914.0,,,,
4892,8000,49116,1.8385,0.0212,3.5553,3.387,0.0151,0.1,5.79,0.94,0.0,1068.0,521,541,6,49,51,1,245.0,0.01,4.4e-05,31903.0,,,,
4893,8000,49132,1.8781,0.0254,3.6258,3.401,0.0124,0.1,7.48,0.94,0.0,1068.0,501,564,3,47,53,0,245.0,0.01,4.4e-05,31921.0,,,,
4894,8000,49149,1.8283,0.0144,3.5495,3.459,0.012,0.09,6.54,0.94,0.0,1080.0,509,563,8,47,52,1,243.0,0.02,4.4e-05,31976.0,,,,
4895,8000,49165,1.842,0.0257,3.5528,3.368,0.0141,0.1,5.69,0.94,0.0,1083.0,520,560,3,48,52,0,242.0,0.01,4.4e-05,31927.0,,,,
4896,8000,49182,1.8839,0.013,3.6623,3.38,0.0129,0.1,7.5,0.94,0.0,1047.0,490,552,5,47,53,0,250.0,0.02,4.4e-05,31906.0,,,,
4897,8000,49198,1.8439,0.0149,3.5784,3.35,0.0155,0.11,6.82,0.94,0.0,978.0,434,541,3,44,55,0,268.0,0.03,4.4e-05,31983.0,,,,
4898,8000,49215,1.8713,0.0279,3.607,3.3,0.0153,0.11,5.29,0.94,0.0,1009.0,445,557,7,44,55,1,260.0,0.02,4.4e-05,31984.0,,,,
4899,8000,49231,1.8898,0.0242,3.6509,3.236,0.0196,0.12,4.98,0.94,0.0,1101.0,518,581,2,47,53,0,238.0,0.02,4.4e-05,31918.0,50,1,461,10
4900,8000,49263,1.8785,0.0122,3.6526,3.313,0.0163,0.11,5.26,0.93,0.0,1142.0,497,638,7,44,56,1,230.0,0.02,4.4e-05,32126.0,,,,
4901,8000,49280,1.8771,-0.0067,3.689,3.436,0.0159,0.11,4.08,0.91,0.0,1054.0,521,532,1,49,50,0,249.0,0.03,4.4e-05,30834.0,,,,
4902,8000,49296,1.8558,0.0076,3.6185,3.532,0.0145,0.11,5.42,0.92,0.0,1011.0,475,528,8,47,52,1,259.0,0.04,4.4e-05,31960.0,,,,
4903,8000,49313,1.8241,0.0017,3.5671,3.569,0.0162,0.12,2.76,0.91,0.0,1077.0,557,516,4,52,48,0,243.0,0.04,4.4e-05,32014.0,,,,
4904,8000,49329,1.7806,-0.0034,3.4914,3.673,0.013,0.1,3.52,0.93,0.0,970.0,495,471,4,51,49,0,270.0,0.03,4.4e-05,31954.0,,,,
4905,8000,49346,1.7836,0.005,3.4804,3.685,0.0118,0.09,3.36,0.93,0.0,926.0,486,435,5,52,47,1,283.0,0.03,4.4e-05,31957.0,,,,
4906,8000,49362,1.8157,0.0087,3.5367,3.615,0.0112,0.09,3.98,0.93,0.0,998.0,502,490,6,50,49,1,263.0,0.03,4.4e-05,31968.0,,,,
4907,8000,49379,1.8231,0.0212,3.5261,3.56,0.0133,0.11,3.22,0.93,0.0,1000.0,508,488,4,51,49,0,262.0,0.04,4.4e-05,31952.0,,,,
4908,8000,49395,1.8027,0.0146,3.4989,3.652,0.0129,0.09,3.32,0.94,0.0,1014.0,517,492,5,51,49,0,259.0,0.02,4.4e-05,31946.0,,,,
4909,8000,49412,1.8122,0.0164,3.5136,3.564,0.0129,0.1,3.13,0.94,0.0,1083.0,553,530,0,51,49,0,242.0,0.02,4.4e-05,32029.0,,,,
4910,8000,49428,1.8036,0.0128,3.5031,3.502,0.0116,0.09,3.11,0.94,0.0,1131.0,577,554,0,51,49,0,232.0,0.02,4.4e-05,31940.0,,,,
4911,8000,49445,1.8129,0.0215,3.5056,3.649,0.0125,0.1,3.23,0.94,0.0,1094.0,529,564,1,48,52,0,240.0,0.02,4.4e-05,31984.0,,,,
4912,8000,49461,1.8328,0.0179,3.5514,3.529,0.0126,0.1,3.68,0.94,0.0,1254.0,585,666,3,47,53,0,209.0,0.01,4.4e-05,31966.0,,,,
4913,8000,49478,1.8193,0.0115,3.5371,3.512,0.0119,0.09,3.36,0.94,0.0,1224.0,635,589,0,52,48,0,214.0,0.01,4.3e-05,31977.0,,,,
4914,8000,49494,1.8492,0.0004,3.6191,3.474,0.0122,0.1,3.96,0.93,0.0,1183.0,547,636,0,46,54,0,222.0,0.01,4.3e-05,32027.0,,,,
4915,8000,49511,1.8085,-0.0126,3.564,3.531,0.0105,0.09,4.36,0.94,0.0,1183.0,569,614,0,48,52,0,222.0,0.01,4.3e-05,31962.0,,,,
4916,8000,49527,1.8062,0.003,3.5283,3.555,0.012,0.09,3.08,0.94,0.0,1257.0,624,633,0,50,50,0,209.0,0.01,4.3e-05,32032.0,,,,
4917,8000,49543,1.8434,0.0122,3.5851,3.638,0.0162,0.1,9.52,0.94,0.0,1178.0,619,559,0,53,47,0,223.0,0.01,4.3e-05,31966.0,,,,
4918,8000,49560,1.7748,-0.021,3.5142,3.635,0.0108,0.08,4.72,0.94,0.0,1183.0,584,599,0,49,51,0,222.0,0.01,4.3e-05,31959.0,,,,
4919,8000,49576,1.7598,-0.0181,3.4787,3.69,0.0107,0.08,4.48,0.95,0.0,1200.0,557,642,1,46,54,0,218.0,0.01,4.3e-05,31951.0,,,,
4920,8000,49593,1.75,-0.0175,3.4578,3.698,0.0116,0.09,4.24,0.95,0.0,1140.0,554,586,0,49,51,0,230.0,0.01,4.3e-05,31960.0,,,,
4921,8000,49610,1.8744,0.0094,3.6533,3.726,0.0145,0.09,3.27,0.92,0.0,1076.0,536,540,0,50,50,0,244.0,0.01,4.3e-05,30794.0,,,,
4922,8000,49626,1.886,-0.0074,3.7096,3.665,0.0125,0.09,3.49,0.92,0.0,1156.0,600,555,1,52,48,0,227.0,0.02,4.3e-05,31949.0,,,,
4923,8000,49643,1.8673,-0.0062,3.6697,3.675,0.0107,0.09,4.28,0.91,0.0,1216.0,641,574,1,53,47,0,216.0,0.02,4.3e-05,31926.0,,,,
4924,8000,49659,1.8666,-0.0034,3.6627,3.673,0.0127,0.1,3.69,0.91,0.0,1209.0,651,557,1,54,46,0,217.0,0.01,4.3e-05,31920.0,,,,
4925,8000,49676,1.8698,0.0034,3.6552,3.62,0.0115,0.09,3.39,0.92,0.0,1256.0,716,540,0,57,43,0,209.0,0.01,4.3e-05,31915.0,,,,
4926,8000,49692,1.8685,0.0183,3.6231,3.648,0.0131,0.1,3.02,0.92,0.0,1221.0,663,558,0,54,46,0,215.0,0.01,4.3e-05,31934.0,,,,
4927,8000,49709,1.8396,0.0063,3.5898,3.71,0.0105,0.08,5.03,0.93,0.0,1124.0,621,502,1,55,45,0,233.0,0.02,4.3e-05,31995.0,,,,
4928,8000,49725,1.8461,0.0081,3.5991,3.711,0.0128,0.1,3.27,0.93,0.0,1149.0,582,566,1,51,49,0,228.0,0.02,4.3e-05,31989.0,,,,
4929,8000,49742,1.847,0.0174,3.5826,3.729,0.0104,0.08,3.34,0.93,0.0,1175.0,620,555,0,53,47,0,223.0,0.01,4.3e-05,31937.0,,,,
4930,8000,49758,1.865,0.0278,3.5969,3.597,0.0122,0.09,3.75,0.93,0.0,1186.0,641,543,2,54,46,0,221.0,0.01,4.3e-05,31920.0,,,,
4931,8000,49775,1.8524,0.0211,3.5856,3.697,0.0137,0.09,3.39,0.94,0.0,1174.0,627,547,0,53,47,0,223.0,0.01,4.3e-05,31926.0,,,,
4932,8000,49791,1.868,0.0228,3.6132,3.676,0.0112,0.09,4.39,0.93,0.0,1169.0,608,561,0,52,48,0,224.0,0.01,4.3e-05,31936.0,,,,
4933,8000,49808,1.8235,0.0089,3.552,3.67,0.0128,0.09,3.53,0.94,0.0,1146.0,602,544,0,53,47,0,229.0,0.02,4.3e-05,31916.0,,,,
4934,8000,49824,1.8723,0.0255,3.6166,3.665,0.0114,0.08,4.16,0.93,0.0,1176.0,598,576,2,51,49,0,223.0,0.01,4.3e-05,31932.0,,,,
4935,8000,49841,1.8798,0.04,3.6019,3.62,0.0165,0.1,3.64,0.93,0.0,1177.0,612,565,0,52,48,0,223.0,0.01,4.3e-05,31928.0,,,,
4936,8000,49857,1.8688,0.0431,3.5739,3.659,0.0147,0.1,3.24,0.93,0.0,1156.0,558,598,0,48,52,0,227.0,0.02,4.3e-05,32007.0,,,,
4937,8000,49874,1.8547,0.0236,3.5845,3.574,0.0136,0.1,3.15,0.93,0.0,1190.0,655,535,0,55,45,0,220.0,0.02,4.3e-05,31920.0,,,,
4938,8000,49890,1.8615,0.0175,3.6103,3.588,0.013,0.09,3.81,0.93,0.0,1239.0,670,569,0,54,46,0,212.0,0.01,4.3e-05,31933.0,,,,
4939,8000,49907,1.8774,0.0411,3.5943,3.528,0.0122,0.08,3.82,0.93,0.0,1203.0,594,609,0,49,51,0,218.0,0.01,4.3e-05,31918.0,,,,
4940,8000,49923,1.8848,0.0484,3.5944,3.527,0.0126,0.09,3.89,0.93,0.0,1171.0,593,578,0,51,49,0,224.0,0.01,4.3e-05,31913.0,,,,
4941,8000,49940,1.942,0.0539,3.6988,3.562,0.0173,0.1,4.02,0.91,0.0,1273.0,664,609,0,52,48,0,206.0,0.01,4.3e-05,30791.0,,,,
4942,8000,49957,1.8726,0.0259,3.6156,3.579,0.0135,0.09,5.9,0.92,0.0,1140.0,578,560,2,51,49,0,230.0,0.01,4.3e-05,31905.0,,,,
4943,8000,49973,1.8557,0.028,3.5786,3.676,0.0119,0.09,5.14,0.93,0.0,1095.0,542,550,3,49,50,0,239.0,0.01,4.3e-05,31949.0,,,,
4944,8000,49990,1.8251,0.0234,3.5271,3.734,0.0146,0.09,6.83,0.93,0.0,1119.0,594,521,4,53,47,0,234.0,0.01,4.3e-05,31957.0,,,,
4945,8000,50006,1.808,0.0268,3.4858,3.748,0.0129,0.09,4.4,0.93,0.0,1201.0,614,583,4,51,49,0,218.0,0.01,4.3e-05,31901.0,,,,
4946,8000,50023,1.8079,0.0216,3.495,3.62,0.0108,0.08,12.64,0.94,0.0,1077.0,550,523,4,51,49,0,243.0,0.01,4.3e-05,31981.0,,,,
4947,8000,50039,1.7958,0.0178,3.4806,3.672,0.0113,0.08,4.45,0.94,0.0,1059.0,528,516,15,50,49,1,248.0,0.01,4.3e-05,31913.0,,,,
4948,8000,50056,1.8175,0.0224,3.5132,3.673,0.0087,0.07,12.49,0.95,0.0,1096.0,537,552,7,49,50,1,239.0,0.0,4.3e-05,31927.0,,,,
4949,8000,50072,1.8003,0.0364,3.4514,3.618,0.0125,0.09,6.72,0.95,0.0,1109.0,564,532,13,51,48,1,236.0,0.0,4.3e-05,31945.0,144,0,368,28
4950,8000,50104,1.8513,0.0172,3.5893,3.45,0.0079,0.06,15.09,0.95,0.0,1110.0,595,510,5,54,46,0,236.0,0.01,4.3e-05,32087.0,,,,
4951,8000,50120,1.7628,0.0045,3.4387,3.541,0.0125,0.09,4.97,0.95,0.0,1061.0,520,531,10,49,50,1,247.0,0.01,4.3e-05,31900.0,,,,
4952,8000,50137,1.7763,-0.0098,3.4954,3.61,0.0101,0.08,6.55,0.95,0.0,1105.0,496,599,10,45,54,1,237.0,0.01,4.3e-05,31915.0,,,,
4953,8000,50153,1.7811,-0.009,3.5028,3.629,0.0126,0.09,5.12,0.95,0.0,1093.0,534,553,6,49,51,1,240.0,0.01,4.3e-05,31921.0,,,,
4954,8000,50170,1.798,-0.0048,3.5286,3.636,0.0106,0.08,9.04,0.95,0.0,1071.0,534,531,6,50,50,1,245.0,0.01,4.3e-05,31917.0,,,,
4955,8000,50186,1.7674,-0.0109,3.4793,3.603,0.0134,0.1,3.81,0.95,0.0,1143.0,535,602,6,47,53,1,229.0,0.01,4.3e-05,31894.0,,,,
4956,8000,50203,1.76,-0.0154,3.4736,3.64,0.0139,0.08,4.78,0.95,0.0,1064.0,468,588,8,44,55,1,246.0,0.01,4.3e-05,31906.0,,,,
4957,8000,50219,1.7914,-0.0008,3.5058,3.478,0.0159,0.1,8.39,0.95,0.0,1070.0,474,588,8,44,55,1,245.0,0.01,4.3e-05,31899.0,,,,
4958,8000,50236,1.7635,-0.0093,3.467,3.538,0.0109,0.09,6.74,0.95,0.0,1039.0,480,552,7,46,53,1,252.0,0.01,4.3e-05,31929.0,,,,
4959,8000,50252,1.8185,-0.0019,3.5625,3.617,0.0141,0.08,8.73,0.94,0.0,1097.0,494,591,12,45,54,1,239.0,0.01,4.3e-05,31974.0,,,,
4960,8000,50269,1.8324,-0.0001,3.5865,3.535,0.0102,0.07,14.25,0.95,0.0,1144.0,535,604,5,47,53,0,229.0,0.01,4.3e-05,31978.0,,,,
4961,8000,50286,1.876,0.0018,3.6721,3.583,0.0115,0.08,7.01,0.93,0.0,1115.0,563,542,10,50,49,1,235.0,0.01,4.3e-05,30771.0,,,,
4962,8000,50302,1.8808,0.0015,3.6823,3.663,0.0126,0.08,9.02,0.93,0.0,1175.0,621,547,7,53,47,1,223.0,0.01,4.3e-05,31942.0,,,,
4963,8000,50319,1.8946,0.0249,3.6624,3.702,0.009,0.06,14.91,0.93,0.0,1164.0,644,515,5,55,44,0,225.0,0.01,4.3e-05,31931.0,,,,
4964,8000,50335,1.8147,0.0267,3.4997,3.836,0.0129,0.08,6.23,0.94,0.0,1081.0,598,479,4,55,44,0,243.0,0.01,4.3e-05,31947.0,,,,
4965,8000,50352,1.7742,0.0105,3.4517,3.919,0.0149,0.09,4.45,0.94,0.0,991.0,506,482,3,51,49,0,265.0,0.01,4.3e-05,31985.0,,,,
4966,8000,50368,1.8363,0.0284,3.5401,3.9,0.0148,0.09,4.9,0.93,0.0,1037.0,514,520,3,50,50,0,253.0,0.0,4.3e-05,31949.0,,,,
4967,8000,50385,1.8154,0.0207,3.5129,3.789,0.0168,0.09,4.46,0.93,0.0,995.0,509,481,5,51,48,1,263.0,0.01,4.3e-05,31946.0,,,,
4968,8000,50401,1.8077,0.029,3.4807,3.785,0.0195,0.11,4.01,0.94,0.0,1006.0,519,482,5,52,48,0,261.0,0.0,4.3e-05,31934.0,,,,
4969,8000,50418,1.7917,0.0156,3.475,3.737,0.0124,0.09,8.68,0.94,0.0,933.0,481,450,2,52,48,0,281.0,0.01,4.3e-05,31956.0,,,,
4970,8000,50434,1.7545,0.0154,3.4021,3.803,0.0119,0.09,4.47,0.95,0.0,879.0,418,457,4,48,52,0,298.0,0.01,4.3e-05,31948.0,,,,
4971,8000,50451,1.7629,0.026,3.3985,3.848,0.0126,0.09,4.17,0.95,0.0,904.0,404,491,9,45,54,1,290.0,0.01,4.3e-05,31941.0,,,,
4972,8000,50467,1.7624,0.007,3.435,3.825,0.0162,0.1,3.95,0.95,0.0,951.0,480,466,5,50,49,1,276.0,0.02,4.3e-05,31929.0,,,,
4973,8000,50484,1.8312,0.0133,3.5591,3.687,0.016,0.1,4.08,0.93,0.0,1080.0,547,528,5,51,49,0,243.0,0.01,4.3e-05,31934.0,,,,
4974,8000,50500,1.8271,0.0303,3.5166,3.749,0.0147,0.09,3.64,0.93,0.0,1019.0,511,506,2,50,50,0,257.0,0.01,4.3e-05,31939.0,,,,
4975,8000,50517,1.7949,0.027,3.4591,3.777,0.015,0.09,4.94,0.94,0.0,970.0,477,490,3,49,51,0,270.0,0.01,4.3e-05,31993.0,,,,
4976,8000,50533,1.8064,0.0278,3.4796,3.665,0.0128,0.08,5.17,0.94,0.0,985.0,486,494,5,49,50,1,266.0,0.01,4.3e-05,31997.0,,,,
4977,8000,50550,1.7672,0.0062,3.4456,3.752,0.012,0.09,6.18,0.94,0.0,977.0,511,459,7,52,47,1,268.0,0.01,4.3e-05,31931.0,,,,
4978,8000,50566,1.743,-0.0049,3.4196,3.821,0.0117,0.08,6.74,0.94,0.0,892.0,476,408,8,53,46,1,294.0,0.01,4.3e-05,31916.0,,,,
4979,8000,50583,1.789,0.0125,3.4767,3.66,0.0163,0.09,5.04,0.94,0.0,925.0,444,468,13,48,51,1,283.0,0.01,4.3e-05,31956.0,,,,
4980,8000,50599,1.8038,0.0105,3.5108,3.716,0.0115,0.08,5.37,0.94,0.0,922.0,440,471,11,48,51,1,284.0,0.0,4.3e-05,31945.0,,,,
4981,8000,50616,1.8253,0.0044,3.5656,3.727,0.0125,0.09,10.11,0.93,0.0,867.0,453,407,7,52,47,1,302.0,0.01,4.3e-05,30805.0,,,,
4982,8000,50633,1.77,0.0077,3.4496,3.887,0.0132,0.1,4.85,0.94,0.0,758.0,415,337,6,55,44,1,346.0,0.04,4.3e-05,31948.0,,,,
4983,8000,50649,1.7951,0.0181,3.4782,3.829,0.0143,0.1,4.32,0.93,0.0,832.0,439,387,6,53,47,1,315.0,0.03,4.3e-05,31973.0,,,,
4984,8000,50666,1.7758,0.0098,3.4555,3.748,0.0139,0.1,3.44,0.93,0.0,873.0,442,429,2,51,49,0,300.0,0.04,4.3e-05,31946.0,,,,
4985,8000,50682,1.7844,0.0025,3.4884,3.877,0.0131,0.1,3.66,0.92,0.0,848.0,404,440,4,48,52,0,309.0,0.03,4.3e-05,31944.0,,,,
4986,8000,50698,1.8007,0.0045,3.5164,3.808,0.013,0.1,4.39,0.92,0.0,901.0,460,439,2,51,49,0,291.0,0.04,4.3e-05,31953.0,,,,
4987,8000,50715,1.8267,0.014,3.5493,3.799,0.0099,0.08,4.59,0.92,0.0,945.0,481,464,0,51,49,0,277.0,0.02,4.3e-05,31951.0,,,,
4988,8000,50731,1.8282,0.01,3.5599,3.71,0.0129,0.1,4.32,0.93,0.0,989.0,535,450,4,54,46,0,265.0,0.02,4.3e-05,31959.0,,,,
4989,8000,50748,1.8723,0.0277,3.6126,3.733,0.0114,0.09,6.01,0.93,0.0,976.0,540,434,2,55,44,0,269.0,0.02,4.3e-05,31949.0,,,,
4990,8000,50764,1.8308,0.0118,3.5612,3.629,0.0106,0.09,5.42,0.93,0.0,929.0,481,444,4,52,48,0,282.0,0.02,4.3e-05,31965.0,,,,
4991,8000,50781,1.8289,-0.0056,3.5926,3.661,0.0097,0.08,6.52,0.93,0.0,952.0,513,433,6,54,45,1,275.0,0.02,4.3e-05,31956.0,,,,
4992,8000,50797,1.8217,0.0185,3.5301,3.657,0.012,0.09,4.54,0.94,0.0,923.0,448,468,7,49,51,1,284.0,0.02,4.3e-05,32022.0,,,,
4993,8000,50814,1.8505,0.0168,3.594,3.709,0.0089,0.07,15.42,0.93,0.0,967.0,458,490,19,47,51,2,271.0,0.02,4.3e-05,32012.0,,,,
4994,8000,50830,1.8394,0.0232,3.5578,3.786,0.0097,0.08,7.67,0.94,0.0,966.0,490,464,12,51,48,1,271.0,0.03,4.3e-05,32014.0,,,,
4995,8000,50847,1.8092,0.006,3.5306,3.74,0.0122,0.09,8.93,0.94,0.0,979.0,502,468,9,51,48,1,268.0,0.02,4.3e-05,31968.0,,,,
4996,8000,50863,1.7933,0.002,3.5061,3.728,0.0116,0.09,6.33,0.94,0.0,962.0,456,503,3,47,52,0,272.0,0.02,4.3e-05,31954.0,,,,
4997,8000,50880,1.8068,0.0129,3.5116,3.789,0.01,0.08,7.3,0.94,0.0,932.0,480,445,7,52,48,1,281.0,0.02,4.3e-05,32012.0,,,,
4998,8000,50896,1.7621,0.0064,3.4353,3.8,0.008,0.07,9.68,0.95,0.0,857.0,423,430,4,49,50,0,306.0,0.02,4.3e-05,31933.0,,,,
4999,8000,50913,1.7765,0.0119,3.4543,3.836,0.0106,0.07,12.56,0.95,0.0,848.0,445,396,7,52,47,1,309.0,0.02,4.3e-05,31950.0,98,1,413,19
5000,8000,50944,1.7562,0.0056,3.4275,3.871,0.0134,0.08,6.37,0.95,0.0,930.0,490,428,12,53,46,1,282.0,0.02,4.3e-05,32165.0,,,,
5001,8000,50961,1.8177,0.0055,3.55,4.014,0.0106,0.07,17.95,0.94,0.0,883.0,459,422,2,52,48,0,297.0,0.01,4.3e-05,30854.0,,,,
5002,8000,50978,1.7687,-0.0104,3.4851,4.092,0.0099,0.07,8.06,0.94,0.0,839.0,412,418,9,49,50,1,312.0,0.02,4.3e-05,31953.0,,,,
5003,8000,50994,1.7269,0.0001,3.381,4.237,0.0123,0.09,4.33,0.94,0.0,761.0,399,360,2,52,47,0,344.0,0.01,4.3e-05,31925.0,,,,
5004,8000,51011,1.7296,-0.0084,3.4029,4.164,0.0125,0.08,8.02,0.94,0.0,736.0,391,342,3,53,46,0,356.0,0.01,4.3e-05,31983.0,,,,
5005,8000,51027,1.6896,-0.0046,3.3154,4.191,0.0143,0.09,4.31,0.95,0.0,734.0,383,344,7,52,47,1,357.0,0.01,4.3e-05,31947.0,,,,
5006,8000,51044,1.7041,-0.0021,3.3402,4.223,0.013,0.08,7.08,0.95,0.0,748.0,403,332,13,54,44,2,350.0,0.02,4.3e-05,31942.0,,,,
5007,8000,51060,1.6961,-0.0113,3.3414,4.216,0.0085,0.06,13.08,0.96,0.0,667.0,339,316,12,51,47,2,393.0,0.01,4.3e-05,31944.0,,,,
5008,8000,51077,1.6655,-0.0098,3.278,4.231,0.0107,0.07,6.22,0.95,0.0,658.0,337,309,12,51,47,2,398.0,0.01,4.3e-05,31948.0,,,,
5009,8000,51093,1.6979,-0.0016,3.3269,4.168,0.0162,0.09,5.38,0.95,0.0,772.0,405,354,13,52,46,2,340.0,0.01,4.3e-05,31920.0,,,,
5010,8000,51110,1.6873,0.0071,3.2888,4.159,0.0178,0.09,4.13,0.96,0.0,756.0,410,335,11,54,44,1,347.0,0.01,4.3e-05,32008.0,,,,
5011,8000,51126,1.7168,0.0086,3.3445,4.12,0.0157,0.09,5.71,0.95,0.0,790.0,398,383,9,50,48,1,332.0,0.03,4.3e-05,31937.0,,,,
5012,8000,51143,1.6666,-0.0041,3.2713,4.212,0.0128,0.08,3.81,0.96,0.0,688.0,346,331,11,50,48,2,381.0,0.02,4.3e-05,31915.0,,,,
5013,8000,51159,1.6737,-0.0049,3.2853,4.185,0.0107,0.07,6.72,0.96,0.0,724.0,388,327,9,54,45,1,362.0,0.02,4.3e-05,31923.0,,,,
5014,8000,51176,1.6577,0.0052,3.2319,4.225,0.0102,0.07,4.76,0.96,0.0,711.0,358,343,10,50,48,1,369.0,0.01,4.3e-05,31975.0,,,,
5015,8000,51192,1.6729,0.011,3.2533,4.242,0.0113,0.07,6.85,0.96,0.0,701.0,346,334,21,49,48,3,374.0,0.01,4.3e-05,31936.0,,,,
5016,8000,51209,1.6753,0.0201,3.2394,4.247,0.0109,0.07,7.9,0.96,0.0,687.0,348,325,14,51,47,2,382.0,0.01,4.3e-05,31986.0,,,,
5017,8000,51225,1.689,0.0049,3.2995,4.173,0.011,0.08,6.94,0.96,0.0,744.0,382,346,16,51,47,2,352.0,0.01,4.3e-05,31912.0,,,,
5018,8000,51242,1.6711,0.0132,3.2546,4.331,0.0132,0.08,8.98,0.96,0.0,672.0,321,326,25,48,49,4,390.0,0.01,4.2e-05,31951.0,,,,
5019,8000,51258,1.6849,0.0209,3.2614,4.228,0.0106,0.07,8.94,0.96,0.0,659.0,313,329,17,47,50,3,398.0,0.01,4.2e-05,31938.0,,,,
5020,8000,51275,1.6784,0.019,3.2496,4.152,0.0109,0.08,5.57,0.96,0.0,656.0,310,331,15,47,50,2,400.0,0.01,4.2e-05,31919.0,,,,
5021,8000,51292,1.7626,0.0223,3.4154,4.129,0.0113,0.08,8.84,0.94,0.0,707.0,342,335,30,48,47,4,371.0,0.02,4.2e-05,30734.0,,,,
5022,8000,51308,1.8481,0.0451,3.5395,4.044,0.0108,0.08,18.68,0.95,0.0,763.0,344,395,24,45,52,3,344.0,0.02,4.2e-05,31915.0,,,,
5023,8000,51325,1.7793,0.033,3.4226,4.046,0.012,0.08,9.56,0.95,0.0,781.0,387,375,19,50,48,2,336.0,0.01,4.2e-05,31929.0,,,,
5024,8000,51341,1.7452,0.0026,3.4153,4.028,0.0097,0.08,6.56,0.95,0.0,799.0,358,415,26,45,52,3,328.0,0.01,4.2e-05,31910.0,,,,
5025,8000,51358,1.7512,0.0076,3.4138,4.133,0.0107,0.08,12.2,0.95,0.0,775.0,373,396,6,48,51,1,338.0,0.01,4.2e-05,31901.0,,,,
5026,8000,51374,1.7201,0.0076,3.3552,4.287,0.0109,0.08,10.7,0.96,0.0,734.0,389,331,14,53,45,2,357.0,0.02,4.2e-05,31959.0,,,,
5027,8000,51390,1.693,0.0099,3.294,4.31,0.011,0.08,5.2,0.96,0.0,643.0,318,323,2,49,50,0,408.0,0.02,4.2e-05,31971.0,,,,
5028,8000,51407,1.7896,0.0219,3.4622,4.161,0.0098,0.08,18.81,0.96,0.0,725.0,360,359,6,50,50,1,362.0,0.02,4.2e-05,31969.0,,,,
5029,8000,51423,1.7948,0.0376,3.441,4.104,0.013,0.1,13.62,0.95,0.0,786.0,399,383,4,51,49,1,334.0,0.03,4.2e-05,31961.0,,,,
5030,8000,51440,1.7445,0.027,3.3621,4.152,0.0113,0.09,4.93,0.96,0.0,760.0,375,379,6,49,50,1,345.0,0.04,4.2e-05,31948.0,,,,
5031,8000,51456,1.79,0.0384,3.4297,4.084,0.0114,0.09,5.38,0.95,0.0,826.0,399,422,5,48,51,1,317.0,0.03,4.2e-05,31976.0,,,,
5032,8000,51473,1.8185,0.0274,3.5095,4.163,0.0097,0.08,14.05,0.95,0.0,744.0,350,386,8,47,52,1,352.0,0.02,4.2e-05,31953.0,,,,
5033,8000,51489,1.7741,0.0197,3.4358,4.138,0.0097,0.08,8.56,0.96,0.0,730.0,342,378,10,47,52,1,359.0,0.02,4.2e-05,31948.0,,,,
5034,8000,51506,1.7871,0.0273,3.4463,4.068,0.0134,0.09,8.34,0.95,0.0,827.0,399,421,7,48,51,1,317.0,0.01,4.2e-05,31941.0,,,,
5035,8000,51522,1.8219,0.0076,3.5553,4.094,0.0064,0.06,27.81,0.96,0.0,714.0,336,373,5,47,52,1,367.0,0.02,4.2e-05,31975.0,,,,
5036,8000,51539,1.818,0.0246,3.514,4.054,0.0089,0.07,14.97,0.96,0.0,774.0,368,399,7,48,52,1,339.0,0.01,4.2e-05,31960.0,,,,
5037,8000,51555,1.7475,0.0218,3.3784,4.084,0.012,0.09,5.98,0.95,0.0,713.0,346,364,3,49,51,0,368.0,0.01,4.2e-05,32004.0,,,,
5038,8000,51572,1.7143,0.0207,3.3155,4.16,0.013,0.1,4.47,0.96,0.0,733.0,351,373,9,48,51,1,358.0,0.01,4.2e-05,32017.0,,,,
5039,8000,51588,1.7503,0.0124,3.4031,4.015,0.0124,0.09,5.0,0.95,0.0,788.0,382,391,15,48,50,2,333.0,0.01,4.2e-05,31967.0,,,,
5040,8000,51605,1.7538,0.0171,3.4011,4.058,0.011,0.09,4.43,0.96,0.0,813.0,406,391,16,50,48,2,322.0,0.02,4.2e-05,32009.0,,,,
5041,8000,51622,1.8152,0.0222,3.5129,4.117,0.0111,0.09,6.56,0.94,0.0,790.0,381,405,4,48,51,1,332.0,0.02,4.2e-05,30795.0,,,,
5042,8000,51638,1.779,0.0224,3.4413,4.151,0.0098,0.08,6.26,0.95,0.0,730.0,339,385,6,46,53,1,359.0,0.02,4.2e-05,31997.0,,,,
5043,8000,51655,1.7665,0.0023,3.4587,4.043,0.0134,0.1,4.74,0.95,0.0,824.0,390,419,15,47,51,2,318.0,0.01,4.2e-05,31967.0,,,,
5044,8000,51671,1.7367,-0.0038,3.4116,4.106,0.0105,0.08,5.63,0.95,0.0,767.0,382,370,15,50,48,2,342.0,0.02,4.2e-05,31933.0,,,,
5045,8000,51688,1.7704,0.0004,3.4665,3.976,0.0092,0.08,6.9,0.95,0.0,851.0,450,397,4,53,47,0,308.0,0.04,4.2e-05,31952.0,,,,
5046,8000,51704,1.7809,0.0112,3.4658,3.997,0.0085,0.07,9.41,0.95,0.0,760.0,367,390,3,48,51,0,345.0,0.04,4.2e-05,31932.0,,,,
5047,8000,51720,1.7433,0.014,3.3865,4.163,0.009,0.08,6.57,0.95,0.0,764.0,368,392,4,48,51,1,343.0,0.03,4.2e-05,31987.0,,,,
5048,8000,51737,1.7961,0.0119,3.4961,3.995,0.0106,0.09,13.52,0.95,0.0,756.0,362,387,7,48,51,1,347.0,0.03,4.2e-05,31938.0,,,,
5049,8000,51753,1.7614,-0.002,3.4537,4.005,0.0091,0.07,7.48,0.95,0.0,786.0,385,394,7,49,50,1,334.0,0.02,4.2e-05,31927.0,112,0,400,22
5050,8000,51785,1.7789,0.0131,3.4569,3.884,0.0102,0.09,7.92,0.95,0.0,809.0,418,388,3,52,48,0,324.0,0.02,4.2e-05,32129.0,,,,
5051,8000,51801,1.8388,0.0122,3.5786,3.918,0.0085,0.07,18.03,0.95,0.0,841.0,408,431,2,49,51,0,312.0,0.01,4.2e-05,31934.0,,,,
5052,8000,51818,1.814,0.0268,3.4998,3.906,0.0123,0.09,9.17,0.95,0.0,801.0,397,402,2,50,50,0,327.0,0.01,4.2e-05,31903.0,,,,
5053,8000,51834,1.7978,0.0299,3.4617,3.944,0.0142,0.1,6.87,0.95,0.0,791.0,383,403,5,48,51,1,331.0,0.01,4.2e-05,31941.0,,,,
5054,8000,51851,1.7727,0.0192,3.4322,3.895,0.0152,0.1,3.8,0.95,0.0,908.0,459,448,1,51,49,0,289.0,0.01,4.2e-05,31929.0,,,,
5055,8000,51867,1.7918,0.0262,3.4568,3.912,0.015,0.11,4.09,0.95,0.0,879.0,436,441,2,50,50,0,298.0,0.02,4.2e-05,31941.0,,,,
5056,8000,51884,1.7625,-0.0025,3.4555,3.914,0.0111,0.1,5.85,0.95,0.0,824.0,371,450,3,45,55,0,318.0,0.02,4.2e-05,31913.0,,,,
5057,8000,51900,1.77,0.0109,3.4442,3.996,0.0131,0.1,8.99,0.95,0.0,875.0,412,463,0,47,53,0,300.0,0.03,4.2e-05,31943.0,,,,
5058,8000,51917,1.7495,0.0187,3.3876,3.984,0.0113,0.09,4.29,0.96,0.0,792.0,402,387,3,51,49,0,331.0,0.04,4.2e-05,31990.0,,,,
5059,8000,51933,1.7498,0.0157,3.3938,3.971,0.0122,0.1,6.79,0.95,0.0,765.0,342,421,2,45,55,0,343.0,0.03,4.2e-05,31976.0,,,,
5060,8000,51950,1.7446,0.0042,3.406,3.916,0.0119,0.09,3.86,0.95,0.0,818.0,396,422,0,48,52,0,320.0,0.03,4.2e-05,31936.0,,,,
5061,8000,51967,1.8359,0.0236,3.5505,3.981,0.0124,0.09,3.88,0.94,0.0,913.0,455,454,4,50,50,0,287.0,0.03,4.2e-05,30821.0,,,,
5062,8000,51983,1.8158,0.0299,3.4982,4.055,0.0117,0.09,4.61,0.95,0.0,882.0,425,456,1,48,52,0,297.0,0.01,4.2e-05,31914.0,,,,
5063,8000,52000,1.7785,0.0141,3.4552,4.02,0.0127,0.09,4.45,0.95,0.0,886.0,412,471,3,47,53,0,296.0,0.03,4.2e-05,31919.0,,,,
5064,8000,52016,1.76,0.0173,3.4117,4.026,0.0107,0.08,4.26,0.95,0.0,793.0,393,398,2,50,50,0,331.0,0.04,4.2e-05,31904.0,,,,
5065,8000,52033,1.7732,0.013,3.447,4.028,0.0123,0.09,2.89,0.94,0.0,923.0,455,465,3,49,50,0,284.0,0.03,4.2e-05,31883.0,,,,
5066,8000,52049,1.7905,0.014,3.4789,3.964,0.0121,0.09,3.34,0.94,0.0,917.0,449,465,3,49,51,0,286.0,0.02,4.2e-05,31880.0,,,,
5067,8000,52066,1.7691,0.0037,3.4568,3.96,0.0106,0.08,4.36,0.95,0.0,917.0,423,490,4,46,53,0,286.0,0.03,4.2e-05,31969.0,,,,
5068,8000,52082,1.8066,0.0141,3.5107,3.927,0.0117,0.09,4.05,0.94,0.0,998.0,508,488,2,51,49,0,263.0,0.02,4.2e-05,31893.0,,,,
5069,8000,52099,1.7828,0.0084,3.4742,3.933,0.0126,0.09,5.57,0.95,0.0,958.0,481,476,1,50,50,0,274.0,0.03,4.2e-05,31902.0,,,,
5070,8000,52115,1.81,0.0098,3.5253,3.892,0.0127,0.09,3.2,0.94,0.0,1002.0,494,508,0,49,51,0,262.0,0.03,4.2e-05,31910.0,,,,
5071,8000,52132,1.8053,0.0108,3.514,3.872,0.0109,0.09,4.36,0.94,0.0,1012.0,465,547,0,46,54,0,259.0,0.03,4.2e-05,31917.0,,,,
5072,8000,52148,1.8057,0.0122,3.5125,3.888,0.0096,0.08,7.19,0.95,0.0,932.0,422,506,4,45,54,0,281.0,0.02,4.2e-05,31964.0,,,,
5073,8000,52165,1.7764,0.0067,3.4645,3.901,0.0096,0.08,6.57,0.95,0.0,972.0,484,487,1,50,50,0,270.0,0.01,4.2e-05,31890.0,,,,
5074,8000,52181,1.8048,0.0159,3.5029,3.825,0.0112,0.08,5.3,0.95,0.0,977.0,472,501,4,48,51,0,268.0,0.01,4.2e-05,31913.0,,,,
5075,8000,52198,1.7979,0.0152,3.4908,3.866,0.011,0.08,9.74,0.95,0.0,945.0,452,489,4,48,52,0,277.0,0.02,4.2e-05,31908.0,,,,
5076,8000,52214,1.7719,0.012,3.4459,3.953,0.0115,0.09,6.38,0.95,0.0,939.0,483,450,6,51,48,1,279.0,0.01,4.2e-05,31916.0,,,,
5077,8000,52231,1.7791,0.0358,3.4135,4.077,0.0134,0.08,4.08,0.95,0.0,913.0,455,455,3,50,50,0,287.0,0.01,4.2e-05,31891.0,,,,
5078,8000,52247,1.7809,0.0288,3.4304,4.018,0.0123,0.09,4.47,0.95,0.0,892.0,466,422,4,52,47,0,294.0,0.01,4.2e-05,31967.0,,,,
5079,8000,52264,1.7902,0.024,3.4578,3.938,0.0105,0.08,4.98,0.95,0.0,906.0,465,432,9,51,48,1,289.0,0.02,4.2e-05,31970.0,,,,
5080,8000,52280,1.7898,0.0296,3.4465,4.003,0.0101,0.08,8.51,0.95,0.0,869.0,437,428,4,50,49,0,302.0,0.01,4.2e-05,31892.0,,,,
5081,8000,52297,1.7902,0.0178,3.4711,4.049,0.0114,0.08,5.29,0.94,0.0,874.0,458,404,12,52,46,1,300.0,0.01,4.2e-05,30811.0,,,,
5082,8000,52314,1.7561,0.0238,3.3926,4.237,0.0124,0.09,4.28,0.94,0.0,803.0,412,378,13,51,47,2,326.0,0.01,4.2e-05,31928.0,,,,
5083,8000,52330,1.8669,0.0305,3.5991,3.979,0.0104,0.08,6.32,0.93,0.0,982.0,512,462,8,52,47,1,267.0,0.02,4.2e-05,31961.0,,,,
5084,8000,52347,1.839,0.018,3.5673,3.871,0.0125,0.09,4.69,0.93,0.0,1017.0,527,480,10,52,47,1,258.0,0.01,4.2e-05,31916.0,,,,
5085,8000,52363,1.8248,0.0307,3.5137,3.94,0.0121,0.1,3.71,0.94,0.0,944.0,459,482,3,49,51,0,278.0,0.01,4.2e-05,31918.0,,,,
5086,8000,52380,1.8055,0.0167,3.5034,4.012,0.0105,0.09,5.27,0.94,0.0,986.0,495,488,3,50,49,0,266.0,0.01,4.2e-05,31983.0,,,,
5087,8000,52396,1.819,0.0244,3.5147,3.958,0.0129,0.09,3.26,0.94,0.0,1041.0,547,494,0,53,47,0,252.0,0.01,4.2e-05,31930.0,,,,
5088,8000,52413,1.8145,0.0126,3.5302,4.052,0.0103,0.08,4.68,0.94,0.0,1060.0,539,517,4,51,49,0,247.0,0.02,4.2e-05,31989.0,,,,
5089,8000,52429,1.7985,0.0073,3.5086,4.048,0.0107,0.08,5.41,0.94,0.0,1009.0,538,469,2,53,46,0,260.0,0.03,4.2e-05,31931.0,,,,
5090,8000,52446,1.8093,0.0266,3.4915,4.009,0.0112,0.09,3.27,0.95,0.0,1103.0,603,496,4,55,45,0,238.0,0.02,4.2e-05,31930.0,,,,
5091,8000,52462,1.7863,0.0022,3.4943,4.034,0.0112,0.09,4.1,0.95,0.0,1099.0,597,501,1,54,46,0,239.0,0.02,4.2e-05,31929.0,,,,
5092,8000,52479,1.7872,-0.0009,3.5024,4.032,0.011,0.08,4.44,0.95,0.0,1100.0,577,522,1,52,47,0,238.0,0.03,4.2e-05,31932.0,,,,
5093,8000,52495,1.7751,-0.0145,3.5046,3.932,0.0119,0.09,3.69,0.95,0.0,1182.0,644,536,2,54,45,0,222.0,0.03,4.2e-05,31913.0,,,,
5094,8000,52512,1.8152,0.0059,3.5439,3.899,0.0123,0.09,5.07,0.95,0.0,1117.0,619,491,7,55,44,1,235.0,0.02,4.2e-05,31961.0,,,,
5095,8000,52528,1.8095,-0.0029,3.5499,3.899,0.0107,0.08,5.07,0.94,0.0,1113.0,610,496,7,55,45,1,236.0,0.02,4.2e-05,31931.0,,,,
5096,8000,52545,1.8146,-0.0128,3.5789,3.75,0.0102,0.08,7.51,0.94,0.0,1110.0,602,506,2,54,46,0,236.0,0.03,4.2e-05,31923.0,,,,
5097,8000,52561,1.8053,0.0106,3.5139,3.785,0.0137,0.09,4.15,0.94,0.0,1161.0,622,534,5,54,46,0,226.0,0.02,4.2e-05,31903.0,,,,
5098,8000,52578,1.8169,-0.0021,3.5622,3.755,0.0112,0.09,4.04,0.94,0.0,1198.0,639,555,4,53,46,0,219.0,0.02,4.2e-05,31936.0,,,,
5099,8000,52594,1.8327,-0.0128,3.6149,3.717,0.0126,0.08,5.64,0.94,0.0,1269.0,695,572,2,55,45,0,207.0,0.02,4.2e-05,31923.0,69,0,443,13
5100,8000,52626,1.8329,0.0007,3.5882,3.675,0.0137,0.1,3.67,0.93,0.0,1220.0,663,556,1,54,46,0,215.0,0.03,4.2e-05,32128.0,,,,
5101,8000,52643,1.9062,0.0261,3.6841,3.722,0.0138,0.1,3.31,0.91,0.0,1241.0,674,567,0,54,46,0,211.0,0.04,4.2e-05,30815.0,,,,
5102,8000,52659,1.8516,0.011,3.6067,3.956,0.0123,0.09,6.17,0.92,0.0,1135.0,612,521,2,54,46,0,231.0,0.02,4.2e-05,31984.0,,,,
5103,8000,52676,1.8218,0.0113,3.5465,3.944,0.0139,0.09,4.01,0.92,0.0,1109.0,584,525,0,53,47,0,236.0,0.02,4.2e-05,31979.0,,,,
5104,8000,52692,1.8086,0.0063,3.5302,3.959,0.008,0.07,7.61,0.93,0.0,1018.0,576,440,2,57,43,0,258.0,0.02,4.2e-05,31930.0,,,,
5105,8000,52709,1.7883,0.0109,3.4803,3.93,0.0126,0.09,4.64,0.94,0.0,1002.0,557,442,3,56,44,0,262.0,0.02,4.2e-05,31988.0,,,,
5106,8000,52725,1.8142,0.0144,3.5244,3.859,0.01,0.07,6.7,0.94,0.0,1061.0,595,465,1,56,44,0,247.0,0.02,4.2e-05,31898.0,,,,
5107,8000,52742,1.8284,0.0129,3.5568,3.978,0.0101,0.08,10.96,0.94,0.0,1054.0,567,486,1,54,46,0,249.0,0.01,4.2e-05,31908.0,,,,
5108,8000,52758,1.8872,0.0084,3.6824,3.908,0.006,0.06,24.35,0.94,0.0,1022.0,537,484,1,53,47,0,257.0,0.02,4.2e-05,31953.0,,,,
5109,8000,52775,1.8354,0.0297,3.5361,3.876,0.0123,0.08,5.75,0.94,0.0,1068.0,590,477,1,55,45,0,245.0,0.02,4.2e-05,31958.0,,,,
5110,8000,52791,1.8188,0.0245,3.5139,3.945,0.0145,0.09,6.63,0.94,0.0,1121.0,614,505,2,55,45,0,234.0,0.02,4.2e-05,31955.0,,,,
5111,8000,52808,1.7873,0.0196,3.4616,4.02,0.013,0.09,3.61,0.94,0.0,1058.0,590,465,3,56,44,0,248.0,0.02,4.2e-05,31936.0,,,,
5112,8000,52824,1.8032,0.0375,3.4572,4.004,0.0117,0.08,3.96,0.95,0.0,1000.0,573,427,0,57,43,0,262.0,0.02,4.2e-05,31882.0,,,,
5113,8000,52841,1.8336,0.0515,3.4902,4.056,0.0122,0.08,4.95,0.94,0.0,1015.0,574,441,0,57,43,0,258.0,0.02,4.2e-05,31854.0,,,,
5114,8000,52857,1.8136,0.0365,3.479,3.917,0.0103,0.08,5.02,0.94,0.0,991.0,529,457,5,53,46,1,265.0,0.01,4.2e-05,31880.0,,,,
5115,8000,52874,1.7995,0.0202,3.4842,3.97,0.0101,0.08,6.27,0.95,0.0,976.0,539,435,2,55,45,0,269.0,0.01,4.2e-05,31880.0,,,,
5116,8000,52890,1.7898,0.0233,3.459,4.029,0.0113,0.08,4.41,0.95,0.0,1001.0,528,469,4,53,47,0,262.0,0.01,4.2e-05,31891.0,,,,
5117,8000,52907,1.8792,0.029,3.6263,3.969,0.0097,0.07,19.09,0.95,0.0,1008.0,534,466,8,53,46,1,260.0,0.02,4.2e-05,31948.0,,,,
5118,8000,52923,1.7936,0.0228,3.4674,3.969,0.0118,0.08,6.2,0.95,0.0,997.0,531,463,3,53,46,0,263.0,0.02,4.2e-05,31882.0,,,,
5119,8000,52940,1.7655,0.0305,3.3966,4.052,0.0133,0.09,3.27,0.96,0.0,962.0,498,462,2,52,48,0,272.0,0.03,4.2e-05,31871.0,,,,
5120,8000,52956,1.7786,0.0363,3.4107,4.048,0.0127,0.08,3.9,0.95,0.0,927.0,520,405,2,56,44,0,283.0,0.03,4.2e-05,31885.0,,,,
5121,8000,52973,1.8562,0.0576,3.5234,4.02,0.014,0.09,3.76,0.94,0.0,967.0,501,463,3,52,48,0,271.0,0.02,4.2e-05,30828.0,,,,
5122,8000,52990,1.8215,0.0445,3.4799,4.012,0.0132,0.09,3.86,0.93,0.0,873.0,440,432,1,50,49,0,300.0,0.02,4.2e-05,31969.0,,,,
5123,8000,53006,1.8254,0.0408,3.4947,3.988,0.0122,0.09,3.79,0.93,0.0,944.0,484,454,6,51,48,1,278.0,0.01,4.2e-05,31938.0,,,,
5124,8000,53023,1.772,0.0316,3.4066,4.004,0.0109,0.08,7.17,0.93,0.0,884.0,445,435,4,50,49,0,297.0,0.01,4.2e-05,31994.0,,,,
5125,8000,53039,1.7425,0.025,3.3615,4.129,0.0095,0.07,6.74,0.94,0.0,786.0,416,355,15,53,45,2,334.0,0.02,4.2e-05,31938.0,,,,
5126,8000,53056,1.7222,0.0309,3.3088,4.119,0.0088,0.07,6.66,0.94,0.0,732.0,339,369,24,46,50,3,358.0,0.03,4.2e-05,31942.0,,,,
5127,8000,53072,1.8025,0.0385,3.4554,4.098,0.0102,0.07,10.52,0.94,0.0,818.0,376,409,33,46,50,4,320.0,0.02,4.2e-05,31953.0,,,,
5128,8000,53089,1.7703,0.0341,3.4007,4.085,0.0095,0.08,4.82,0.94,0.0,867.0,442,394,31,51,45,4,302.0,0.02,4.1e-05,31940.0,,,,
5129,8000,53105,1.8006,0.034,3.4591,4.018,0.0111,0.09,4.36,0.93,0.0,862.0,454,388,20,53,45,2,304.0,0.02,4.1e-05,31932.0,,,,
5130,8000,53121,1.8008,0.0308,3.4662,3.966,0.0092,0.07,5.29,0.94,0.0,916.0,445,456,15,49,50,2,286.0,0.02,4.1e-05,31943.0,,,,
5131,8000,53138,1.8166,0.032,3.4951,3.921,0.0085,0.07,6.93,0.94,0.0,917.0,518,387,12,56,42,1,286.0,0.01,4.1e-05,31975.0,,,,
5132,8000,53154,1.7649,0.0272,3.4026,4.083,0.0102,0.08,4.58,0.95,0.0,892.0,476,404,12,53,45,1,294.0,0.01,4.1e-05,32019.0,,,,
5133,8000,53171,1.7852,0.0185,3.4605,4.097,0.0094,0.08,4.6,0.94,0.0,895.0,458,431,6,51,48,1,293.0,0.02,4.1e-05,31947.0,,,,
5134,8000,53187,1.7893,0.0197,3.4666,4.113,0.0105,0.08,4.85,0.94,0.0,914.0,460,439,15,50,48,2,287.0,0.02,4.1e-05,31948.0,,,,
5135,8000,53204,1.9085,0.0177,3.7081,4.033,0.0104,0.08,35.35,0.94,0.0,898.0,465,418,15,52,47,2,292.0,0.02,4.1e-05,31969.0,,,,
5136,8000,53220,1.7745,0.0129,3.4489,3.901,0.0117,0.09,4.73,0.94,0.0,855.0,425,416,14,50,49,2,307.0,0.02,4.1e-05,31943.0,,,,
5137,8000,53237,1.7673,0.0167,3.4271,4.011,0.0104,0.08,5.23,0.94,0.0,901.0,485,405,11,54,45,1,291.0,0.02,4.1e-05,31951.0,,,,
5138,8000,53253,1.7692,0.0186,3.4271,3.993,0.0102,0.08,5.74,0.94,0.0,886.0,466,405,15,53,46,2,296.0,0.01,4.1e-05,31997.0,,,,
5139,8000,53270,1.7729,0.013,3.4464,4.03,0.0114,0.08,5.83,0.93,0.0,891.0,422,454,15,47,51,2,294.0,0.02,4.1e-05,32007.0,,,,
5140,8000,53286,1.7694,0.0066,3.4512,3.958,0.0107,0.08,4.58,0.93,0.0,866.0,459,399,8,53,46,1,303.0,0.02,4.1e-05,31968.0,,,,
5141,8000,53303,1.8081,-0.0085,3.5601,4.023,0.0118,0.08,4.34,0.92,0.0,960.0,495,449,16,52,47,2,273.0,0.03,4.1e-05,30850.0,,,,
5142,8000,53320,1.815,-0.0041,3.5647,3.982,0.0126,0.09,5.08,0.92,0.0,986.0,502,469,15,51,48,2,266.0,0.02,4.1e-05,31933.0,,,,
5143,8000,53336,1.7547,-0.0104,3.4569,4.064,0.0123,0.08,3.85,0.93,0.0,995.0,541,449,5,54,45,1,263.0,0.01,4.1e-05,32010.0,,,,
5144,8000,53352,1.7592,-0.008,3.4637,4.134,0.012,0.08,3.92,0.93,0.0,993.0,549,425,19,55,43,2,264.0,0.01,4.1e-05,31958.0,,,,
5145,8000,53369,1.7566,-0.006,3.4522,4.15,0.0133,0.08,5.09,0.94,0.0,1044.0,566,474,4,54,45,0,251.0,0.02,4.1e-05,31989.0,,,,
5146,8000,53385,1.751,-0.0167,3.4616,4.055,0.0117,0.08,3.6,0.94,0.0,983.0,544,434,5,55,44,1,267.0,0.02,4.1e-05,32017.0,,,,
5147,8000,53402,1.746,-0.0072,3.433,4.086,0.0107,0.07,4.24,0.95,0.0,937.0,456,472,9,49,50,1,280.0,0.01,4.1e-05,31975.0,,,,
5148,8000,53418,1.7297,-0.0166,3.4191,4.105,0.0119,0.08,5.46,0.95,0.0,908.0,499,401,8,55,44,1,289.0,0.01,4.1e-05,31959.0,,,,
5149,8000,53435,1.7432,-0.0146,3.4424,4.028,0.0108,0.07,4.09,0.95,0.0,939.0,527,398,14,56,42,1,279.0,0.01,4.1e-05,31957.0,106,0,406,21
5150,8000,53466,1.7485,-0.0094,3.4421,4.054,0.0098,0.07,5.69,0.95,0.0,932.0,516,407,9,55,44,1,281.0,0.01,4.1e-05,32093.0,,,,
5151,8000,53483,1.7773,-0.0092,3.4993,3.985,0.0122,0.08,6.12,0.95,0.0,1012.0,560,445,7,55,44,1,259.0,0.01,4.1e-05,32008.0,,,,
5152,8000,53499,1.774,0.0055,3.4623,3.922,0.0128,0.08,5.72,0.95,0.0,944.0,523,413,8,55,44,1,278.0,0.01,4.1e-05,31979.0,,,,
5153,8000,53516,1.7548,0.012,3.411,3.939,0.0143,0.09,4.48,0.95,0.0,922.0,532,385,5,58,42,1,284.0,0.01,4.1e-05,32033.0,,,,
5154,8000,53532,1.8054,0.0255,3.4852,3.96,0.0109,0.08,5.52,0.95,0.0,975.0,545,429,1,56,44,0,269.0,0.01,4.1e-05,31962.0,,,,
5155,8000,53549,1.7827,0.0186,3.4541,3.998,0.0127,0.08,6.73,0.95,0.0,967.0,512,451,4,53,47,0,271.0,0.02,4.1e-05,32003.0,,,,
5156,8000,53565,1.8245,0.0222,3.5299,3.875,0.012,0.08,6.71,0.94,0.0,1052.0,562,484,6,53,46,1,249.0,0.01,4.1e-05,31957.0,,,,
5157,8000,53582,1.8383,0.0293,3.5447,3.73,0.0146,0.09,4.6,0.93,0.0,1019.0,517,490,12,51,48,1,257.0,0.0,4.1e-05,31967.0,,,,
5158,8000,53598,1.8163,0.017,3.5268,3.829,0.0127,0.08,6.22,0.94,0.0,1016.0,524,480,12,52,47,1,258.0,0.01,4.1e-05,31967.0,,,,
5159,8000,53615,1.7982,-0.0002,3.5228,3.765,0.0102,0.07,5.93,0.95,0.0,1006.0,552,442,12,55,44,1,261.0,0.0,4.1e-05,32022.0,,,,
5160,8000,53631,1.8605,0.0265,3.5928,3.73,0.0125,0.09,8.75,0.94,0.0,1034.0,592,436,6,57,42,1,254.0,0.0,4.1e-05,31958.0,,,,
5161,8000,53648,1.8504,0.0302,3.5664,3.942,0.0148,0.1,4.03,0.92,0.0,1005.0,528,472,5,53,47,0,261.0,0.01,4.1e-05,30804.0,,,,
5162,8000,53665,1.8208,0.017,3.5335,3.901,0.0163,0.09,7.31,0.91,0.0,872.0,464,400,8,53,46,1,301.0,0.01,4.1e-05,31950.0,,,,
5163,8000,53681,1.776,0.0063,3.4669,4.027,0.013,0.09,3.9,0.92,0.0,873.0,454,408,11,52,47,1,300.0,0.01,4.1e-05,32013.0,,,,
5164,8000,53698,1.7815,0.0063,3.4779,4.032,0.0137,0.1,3.31,0.92,0.0,960.0,488,459,13,51,48,1,273.0,0.02,4.1e-05,32031.0,,,,
5165,8000,53714,1.7925,0.0085,3.4945,4.032,0.0123,0.09,4.06,0.93,0.0,973.0,496,471,6,51,48,1,269.0,0.01,4.1e-05,31949.0,,,,
5166,8000,53731,1.8224,0.0312,3.5087,4.003,0.013,0.09,4.23,0.93,0.0,930.0,472,453,5,51,49,1,282.0,0.01,4.1e-05,31935.0,,,,
5167,8000,53747,1.8393,0.0343,3.5352,3.885,0.0118,0.1,3.37,0.93,0.0,983.0,502,476,5,51,48,1,267.0,0.03,4.1e-05,31949.0,,,,
5168,8000,53764,1.8601,0.0306,3.584,3.826,0.0127,0.1,3.81,0.92,0.0,1062.0,561,497,4,53,47,0,247.0,0.02,4.1e-05,32014.0,,,,
5169,8000,53780,1.8578,0.0148,3.6098,3.684,0.0134,0.1,3.3,0.92,0.0,1078.0,600,474,4,56,44,0,243.0,0.02,4.1e-05,31959.0,,,,
5170,8000,53796,1.8452,0.0087,3.5967,3.688,0.0123,0.09,3.32,0.93,0.0,1103.0,600,501,2,54,45,0,238.0,0.03,4.1e-05,31942.0,,,,
5171,8000,53813,1.8377,0.0083,3.583,3.678,0.0113,0.09,4.41,0.93,0.0,1105.0,569,532,4,51,48,0,237.0,0.02,4.1e-05,32009.0,,,,
5172,8000,53829,1.8547,0.0158,3.6015,3.676,0.0112,0.09,4.38,0.93,0.0,1061.0,559,499,3,53,47,0,247.0,0.02,4.1e-05,31935.0,,,,
5173,8000,53846,1.837,0.0257,3.5464,3.669,0.0131,0.1,3.8,0.94,0.0,1050.0,541,506,3,52,48,0,250.0,0.01,4.1e-05,31994.0,,,,
5174,8000,53862,1.8521,0.0173,3.593,3.617,0.0118,0.1,3.34,0.93,0.0,1089.0,552,532,5,51,49,0,241.0,0.02,4.1e-05,31935.0,,,,
5175,8000,53879,1.8381,0.0179,3.5645,3.628,0.0107,0.09,3.73,0.93,0.0,1035.0,497,530,8,48,51,1,253.0,0.01,4.1e-05,32016.0,,,,
5176,8000,53895,1.8199,0.0001,3.5628,3.599,0.0104,0.09,5.18,0.94,0.0,1011.0,508,500,3,50,49,0,259.0,0.02,4.1e-05,31938.0,,,,
5177,8000,53912,1.8256,0.0022,3.5703,3.681,0.0085,0.08,6.16,0.94,0.0,1007.0,511,496,0,51,49,0,260.0,0.02,4.1e-05,31929.0,,,,
5178,8000,53928,1.8586,0.0216,3.5973,3.592,0.0113,0.1,6.32,0.94,0.0,1020.0,533,486,1,52,48,0,257.0,0.01,4.1e-05,32004.0,,,,
5179,8000,53945,1.8212,0.0086,3.5486,3.596,0.0112,0.09,4.51,0.94,0.0,1039.0,500,538,1,48,52,0,252.0,0.01,4.1e-05,32005.0,,,,
5180,8000,53961,1.865,-0.0006,3.6543,3.542,0.0097,0.08,4.82,0.93,0.0,1077.0,516,559,2,48,52,0,243.0,0.01,4.1e-05,31951.0,,,,
5181,8000,53978,1.8951,0.0054,3.7021,3.52,0.0122,0.09,4.18,0.92,0.0,1151.0,617,531,3,54,46,0,228.0,0.01,4.1e-05,30829.0,,,,
5182,8000,53995,1.874,0.0007,3.6688,3.465,0.0138,0.1,4.51,0.93,0.0,1170.0,618,548,4,53,47,0,224.0,0.01,4.1e-05,31964.0,,,,
5183,8000,54011,1.8805,-0.0059,3.6956,3.492,0.0122,0.09,4.41,0.92,0.0,1202.0,603,592,7,50,49,1,218.0,0.01,4.1e-05,31974.0,,,,
5184,8000,54027,1.8452,0.0081,3.5962,3.457,0.0105,0.09,4.3,0.93,0.0,1149.0,598,547,4,52,48,0,228.0,0.02,4.1e-05,32007.0,,,,
5185,8000,54044,1.8408,0.0086,3.5869,3.497,0.0113,0.09,4.11,0.94,0.0,1144.0,573,565,6,50,49,1,229.0,0.01,4.1e-05,32014.0,,,,
5186,8000,54060,1.7982,-0.0115,3.5426,3.606,0.0109,0.08,4.46,0.95,0.0,1103.0,556,542,5,50,49,0,238.0,0.01,4.1e-05,31978.0,,,,
5187,8000,54077,1.808,-0.016,3.5714,3.568,0.0119,0.09,4.14,0.94,0.0,1143.0,567,566,10,50,50,1,229.0,0.01,4.1e-05,31966.0,,,,
5188,8000,54093,1.8403,-0.0022,3.6077,3.545,0.0101,0.08,7.65,0.94,0.0,1058.0,555,494,9,52,47,1,248.0,0.01,4.1e-05,32003.0,,,,
5189,8000,54110,1.8331,0.0113,3.5665,3.485,0.0075,0.07,9.56,0.95,0.0,1026.0,527,487,12,51,47,1,256.0,0.01,4.1e-05,31972.0,,,,
5190,8000,54126,1.7917,0.0036,3.499,3.474,0.0108,0.09,6.06,0.95,0.0,1020.0,518,490,12,51,48,1,257.0,0.0,4.1e-05,31959.0,,,,
5191,8000,54143,1.8333,-0.0108,3.6113,3.562,0.0106,0.08,17.81,0.95,0.0,1003.0,517,469,17,52,47,2,261.0,0.0,4.1e-05,31987.0,,,,
5192,8000,54159,1.8295,0.0099,3.5623,3.472,0.0122,0.1,4.57,0.95,0.0,1068.0,521,527,20,49,49,2,245.0,0.01,4.1e-05,31977.0,,,,
5193,8000,54176,1.8503,0.0038,3.6152,3.387,0.0106,0.09,5.48,0.94,0.0,1099.0,563,522,14,51,47,1,239.0,0.01,4.1e-05,31971.0,,,,
5194,8000,54192,1.862,0.0113,3.6245,3.468,0.0123,0.1,20.23,0.95,0.0,1092.0,544,536,12,50,49,1,240.0,0.01,4.1e-05,31996.0,,,,
5195,8000,54209,1.9279,0.0057,3.7662,3.355,0.0066,0.06,21.57,0.95,0.0,1092.0,542,539,11,50,49,1,240.0,0.0,4.1e-05,31966.0,,,,
5196,8000,54225,1.8479,0.0059,3.6057,3.293,0.0113,0.09,7.86,0.95,0.0,1116.0,531,579,6,48,52,1,235.0,0.0,4.1e-05,31975.0,,,,
5197,8000,54241,1.8532,0.0196,3.5902,3.405,0.0102,0.08,9.84,0.95,0.0,1114.0,531,573,10,48,51,1,235.0,0.0,4.1e-05,32008.0,,,,
5198,8000,54258,1.8119,-0.0034,3.5529,3.418,0.0101,0.08,11.16,0.95,0.0,1084.0,576,502,6,53,46,1,242.0,0.0,4.1e-05,31959.0,,,,
5199,8000,54274,1.8603,0.0281,3.5862,3.403,0.0088,0.07,12.26,0.95,0.0,1048.0,548,497,3,52,47,0,250.0,0.0,4.1e-05,31945.0,128,0,384,25
5200,8000,54306,1.8697,0.0397,3.5815,3.261,0.0119,0.09,10.85,0.95,0.0,1016.0,523,482,11,51,47,1,258.0,0.0,4.1e-05,32108.0,,,,
5201,8000,54323,1.9134,0.055,3.6393,3.496,0.0112,0.08,9.64,0.94,0.0,1048.0,508,532,8,48,51,1,250.0,0.0,4.1e-05,30779.0,,,,
5202,8000,54340,1.9031,0.0384,3.6519,3.499,0.011,0.09,14.38,0.94,0.0,998.0,501,485,12,50,49,1,263.0,0.01,4.1e-05,31930.0,,,,
5203,8000,54356,1.8824,0.0457,3.5964,3.571,0.0117,0.09,10.3,0.94,0.0,1003.0,504,496,3,50,49,0,261.0,0.02,4.1e-05,32015.0,,,,
5204,8000,54373,1.8382,0.0436,3.5124,3.565,0.013,0.09,9.14,0.95,0.0,926.0,459,454,13,50,49,1,283.0,0.02,4.1e-05,31945.0,,,,
5205,8000,54389,1.8837,0.0419,3.6073,3.648,0.0106,0.08,12.67,0.94,0.0,1020.0,488,526,6,48,52,1,257.0,0.02,4.1e-05,31959.0,,,,
5206,8000,54405,1.8323,0.0321,3.5235,3.599,0.0116,0.08,9.88,0.95,0.0,937.0,474,457,6,51,49,1,280.0,0.01,4.1e-05,31942.0,,,,
5207,8000,54422,1.8587,0.046,3.5489,3.658,0.0102,0.08,9.36,0.94,0.0,993.0,514,472,7,52,48,1,264.0,0.02,4.1e-05,31948.0,,,,
5208,8000,54438,1.9033,0.0698,3.5906,3.646,0.0147,0.09,8.56,0.94,0.0,1047.0,533,511,3,51,49,0,250.0,0.02,4.1e-05,31929.0,,,,
5209,8000,54455,1.8717,0.0601,3.5479,3.685,0.0133,0.09,7.94,0.94,0.0,985.0,503,474,8,51,48,1,266.0,0.02,4.1e-05,31961.0,,,,
5210,8000,54471,1.8429,0.0662,3.4781,3.743,0.0135,0.09,8.61,0.95,0.0,895.0,462,425,8,52,47,1,293.0,0.01,4.1e-05,31940.0,,,,
5211,8000,54488,1.8422,0.0547,3.4987,3.761,0.0125,0.08,19.43,0.95,0.0,877.0,424,444,9,48,51,1,299.0,0.02,4.1e-05,32013.0,,,,
5212,8000,54504,1.8024,0.0309,3.4671,3.802,0.0125,0.08,13.45,0.95,0.0,780.0,410,369,1,53,47,0,336.0,0.03,4.1e-05,31932.0,,,,
5213,8000,54521,1.8128,0.038,3.4737,3.709,0.0119,0.08,13.8,0.95,0.0,815.0,420,382,13,52,47,2,322.0,0.02,4.1e-05,31918.0,,,,
5214,8000,54537,1.8063,0.0372,3.4621,3.713,0.0154,0.09,8.13,0.95,0.0,925.0,454,464,7,49,50,1,283.0,0.01,4.1e-05,32001.0,,,,
5215,8000,54554,1.7872,0.0226,3.4527,3.736,0.0105,0.07,12.84,0.96,0.0,847.0,427,403,17,50,48,2,309.0,0.01,4.1e-05,31944.0,,,,
5216,8000,54570,1.7659,0.0268,3.402,3.761,0.0152,0.09,11.77,0.96,0.0,818.0,417,387,14,51,47,2,320.0,0.0,4.1e-05,31915.0,,,,
5217,8000,54587,1.7601,0.0225,3.3988,3.724,0.014,0.09,8.24,0.95,0.0,827.0,426,395,6,52,48,1,317.0,0.01,4.1e-05,31936.0,,,,
5218,8000,54603,1.7624,0.0353,3.3782,3.77,0.0114,0.07,14.79,0.96,0.0,754.0,386,357,11,51,47,1,348.0,0.0,4.1e-05,31944.0,,,,
5219,8000,54620,1.7642,0.0135,3.4263,3.829,0.0096,0.07,17.89,0.96,0.0,775.0,366,397,12,47,51,2,338.0,0.0,4.1e-05,31906.0,,,,
5220,8000,54636,1.7551,0.0417,3.3513,3.829,0.0139,0.08,13.52,0.96,0.0,727.0,370,354,3,51,49,0,361.0,0.01,4.1e-05,32001.0,,,,
5221,8000,54653,1.812,0.0472,3.4552,3.876,0.0188,0.1,13.11,0.95,0.0,700.0,346,346,8,49,49,1,374.0,0.01,4.1e-05,30808.0,,,,
5222,8000,54670,1.8282,0.0458,3.4909,3.791,0.0166,0.1,10.02,0.94,0.0,828.0,404,407,17,49,49,2,317.0,0.01,4.1e-05,31971.0,,,,
5223,8000,54686,1.791,0.0275,3.4512,3.756,0.016,0.11,11.38,0.95,0.0,771.0,394,371,6,51,48,1,340.0,0.02,4.1e-05,31955.0,,,,
5224,8000,54703,1.7744,0.0365,3.4006,3.838,0.0177,0.11,6.44,0.95,0.0,818.0,391,420,7,48,51,1,320.0,0.02,4.1e-05,31940.0,,,,
5225,8000,54719,1.8059,0.0171,3.5016,3.771,0.0132,0.09,9.28,0.94,0.0,798.0,376,421,1,47,53,0,329.0,0.02,4.1e-05,31904.0,,,,
5226,8000,54736,1.7336,0.0132,3.3662,3.868,0.0197,0.12,5.06,0.95,0.0,824.0,410,413,1,50,50,0,318.0,0.02,4.1e-05,31960.0,,,,
5227,8000,54752,1.7519,0.029,3.371,3.903,0.018,0.11,4.97,0.95,0.0,776.0,356,417,3,46,54,0,338.0,0.03,4.1e-05,31943.0,,,,
5228,8000,54769,1.7511,0.0344,3.3581,3.853,0.0147,0.11,5.86,0.95,0.0,762.0,349,410,3,46,54,0,344.0,0.03,4.1e-05,31961.0,,,,
5229,8000,54785,1.7113,0.0251,3.2975,3.921,0.0139,0.09,7.07,0.96,0.0,802.0,365,429,8,46,53,1,327.0,0.02,4.1e-05,31979.0,,,,
5230,8000,54801,1.7409,0.0332,3.3406,3.894,0.0131,0.09,7.84,0.96,0.0,755.0,367,384,4,49,51,1,347.0,0.01,4.1e-05,31927.0,,,,
5231,8000,54818,1.7688,0.0332,3.3956,3.722,0.0155,0.1,5.88,0.95,0.0,818.0,354,456,8,43,56,1,320.0,0.02,4.1e-05,31951.0,,,,
5232,8000,54834,1.7598,0.0208,3.4018,3.614,0.011,0.08,9.44,0.96,0.0,812.0,380,422,10,47,52,1,323.0,0.01,4.1e-05,31958.0,,,,
5233,8000,54851,1.7763,0.0294,3.417,3.542,0.0147,0.1,6.89,0.96,0.0,846.0,423,417,6,50,49,1,310.0,0.02,4.1e-05,31955.0,,,,
5234,8000,54867,1.8105,0.0302,3.4843,3.608,0.0092,0.08,11.35,0.95,0.0,830.0,391,432,7,47,52,1,316.0,0.01,4.1e-05,31957.0,,,,
5235,8000,54884,1.8008,0.0499,3.4253,3.635,0.0126,0.09,6.76,0.95,0.0,861.0,403,452,6,47,52,1,304.0,0.01,4.1e-05,31980.0,,,,
5236,8000,54900,1.8212,0.0373,3.4915,3.549,0.011,0.09,7.3,0.95,0.0,916.0,450,455,11,49,50,1,286.0,0.01,4.1e-05,31939.0,,,,
5237,8000,54917,1.7995,0.0404,3.4424,3.703,0.0134,0.08,9.54,0.95,0.0,879.0,449,423,7,51,48,1,298.0,0.01,4.1e-05,31963.0,,,,
5238,8000,54933,1.7605,0.0365,3.373,3.769,0.0119,0.09,9.92,0.95,0.0,818.0,398,414,6,49,51,1,320.0,0.01,4.1e-05,31993.0,,,,
5239,8000,54950,1.7579,0.028,3.385,3.799,0.0121,0.08,8.43,0.96,0.0,809.0,373,429,7,46,53,1,324.0,0.01,4.1e-05,31971.0,,,,
5240,8000,54966,1.7875,0.0238,3.4514,3.589,0.0104,0.08,9.73,0.96,0.0,883.0,417,459,7,47,52,1,297.0,0.02,4.1e-05,31965.0,,,,
5241,8000,54983,1.8707,0.0429,3.5795,3.605,0.0117,0.09,7.45,0.94,0.0,922.0,441,474,7,48,51,1,284.0,0.02,4.1e-05,30778.0,,,,
5242,8000,55000,1.804,0.0284,3.4753,3.725,0.0112,0.09,8.14,0.95,0.0,823.0,414,409,0,50,50,0,319.0,0.01,4.1e-05,31871.0,,,,
5243,8000,55016,1.7761,0.0238,3.4291,3.815,0.0111,0.08,10.98,0.95,0.0,800.0,375,423,2,47,53,0,328.0,0.02,4e-05,31895.0,,,,
5244,8000,55033,1.7575,0.0436,3.3548,4.008,0.0133,0.08,9.23,0.96,0.0,745.0,359,378,8,48,51,1,352.0,0.01,4e-05,31900.0,,,,
5245,8000,55049,1.8009,0.0563,3.4137,3.826,0.0136,0.09,8.91,0.96,0.0,839.0,437,389,13,52,46,2,312.0,0.02,4e-05,31904.0,,,,
5246,8000,55066,1.8165,0.0379,3.4807,3.633,0.012,0.09,11.21,0.95,0.0,845.0,383,453,9,45,54,1,310.0,0.02,4e-05,31908.0,,,,
5247,8000,55082,1.8227,0.0462,3.4769,3.625,0.0151,0.1,7.75,0.95,0.0,844.0,394,440,10,47,52,1,311.0,0.02,4e-05,31940.0,,,,
5248,8000,55099,1.8343,0.0581,3.4755,3.543,0.0136,0.09,10.39,0.95,0.0,875.0,405,460,10,46,53,1,300.0,0.02,4e-05,31906.0,,,,
5249,8000,55115,1.8391,0.0463,3.5094,3.586,0.0118,0.09,12.72,0.95,0.0,874.0,429,437,8,49,50,1,300.0,0.03,4e-05,31903.0,213,0,299,42
5250,8000,55147,1.8361,0.0522,3.4909,3.546,0.0138,0.08,10.95,0.95,0.0,873.0,418,446,9,48,51,1,300.0,0.04,4e-05,32014.0,,,,
5251,8000,55163,1.8009,0.0481,3.429,3.629,0.0131,0.09,9.05,0.95,0.0,873.0,419,445,9,48,51,1,300.0,0.03,4e-05,31885.0,,,,
5252,8000,55180,1.8729,0.0342,3.5998,3.472,0.0114,0.09,17.52,0.95,0.0,875.0,413,455,7,47,52,1,300.0,0.02,4e-05,31885.0,,,,
5253,8000,55196,1.8373,0.0144,3.568,3.458,0.0093,0.07,14.49,0.95,0.0,927.0,442,481,4,48,52,0,283.0,0.02,4e-05,31901.0,,,,
5254,8000,55213,1.8406,0.0334,3.537,3.427,0.013,0.1,11.58,0.95,0.0,900.0,443,448,9,49,50,1,291.0,0.02,4e-05,31889.0,,,,
5255,8000,55229,1.8412,0.0154,3.5736,3.443,0.0073,0.07,17.46,0.95,0.0,900.0,453,439,8,50,49,1,291.0,0.02,4e-05,31886.0,,,,
5256,8000,55246,1.7874,0.0119,3.4744,3.548,0.0173,0.11,6.43,0.95,0.0,903.0,439,453,11,49,50,1,290.0,0.02,4e-05,31883.0,,,,
5257,8000,55262,1.7714,-0.0043,3.4752,3.638,0.0108,0.09,10.98,0.95,0.0,811.0,406,398,7,50,49,1,323.0,0.02,4e-05,31896.0,,,,
5258,8000,55279,1.7641,-0.0069,3.4654,3.666,0.0115,0.09,11.68,0.95,0.0,819.0,377,435,7,46,53,1,320.0,0.01,4e-05,31915.0,,,,
5259,8000,55295,1.7446,-0.0036,3.4203,3.605,0.015,0.1,11.72,0.95,0.0,768.0,371,379,18,48,49,2,341.0,0.01,4e-05,31940.0,,,,
5260,8000,55312,1.7377,0.0225,3.3553,3.684,0.0143,0.09,7.99,0.96,0.0,743.0,367,360,16,49,48,2,353.0,0.03,4e-05,31902.0,,,,
5261,8000,55329,1.7897,0.0235,3.4582,3.853,0.0166,0.07,13.54,0.95,0.0,791.0,379,393,19,48,50,2,331.0,0.01,4e-05,30821.0,,,,
5262,8000,55345,1.7363,0.0088,3.3804,3.909,0.011,0.08,11.07,0.95,0.0,755.0,369,370,16,49,49,2,347.0,0.01,4e-05,32002.0,,,,
5263,8000,55362,1.7239,0.0184,3.337,3.956,0.0132,0.08,11.19,0.95,0.0,702.0,345,341,16,49,49,2,373.0,0.01,4e-05,31905.0,,,,
5264,8000,55378,1.7366,0.0225,3.3538,3.964,0.0116,0.07,13.95,0.95,0.0,740.0,375,358,7,51,48,1,354.0,0.02,4e-05,31895.0,,,,
5265,8000,55395,1.725,0.0273,3.3216,4.018,0.0142,0.08,10.5,0.96,0.0,750.0,362,368,20,48,49,3,350.0,0.01,4e-05,31912.0,,,,
5266,8000,55411,1.7179,0.0118,3.3386,4.084,0.0098,0.07,8.66,0.95,0.0,729.0,332,374,23,46,51,3,360.0,0.02,4e-05,31892.0,,,,
5267,8000,55428,1.7211,0.0246,3.3211,4.148,0.0105,0.08,9.85,0.95,0.0,707.0,355,335,17,50,47,2,371.0,0.02,4e-05,31968.0,,,,
5268,8000,55444,1.7457,0.0166,3.3853,4.009,0.0116,0.08,9.42,0.96,0.0,765.0,368,381,16,48,50,2,343.0,0.01,4e-05,31910.0,,,,
5269,8000,55461,1.7764,0.006,3.4683,4.017,0.01,0.08,12.81,0.95,0.0,855.0,418,422,15,49,49,2,307.0,0.02,4e-05,31963.0,,,,
5270,8000,55477,1.7554,0.0064,3.4266,4.016,0.0104,0.08,13.04,0.95,0.0,797.0,400,387,10,50,49,1,329.0,0.03,4e-05,31888.0,,,,
5271,8000,55494,1.7813,0.019,3.4525,3.89,0.0102,0.07,14.18,0.95,0.0,749.0,374,363,12,50,48,2,350.0,0.03,4e-05,31909.0,,,,
5272,8000,55510,1.7416,0.0139,3.3835,3.969,0.0091,0.07,16.67,0.95,0.0,757.0,399,348,10,53,46,1,346.0,0.01,4e-05,31905.0,,,,
5273,8000,55527,1.6983,0.0044,3.3157,3.945,0.0088,0.07,17.71,0.96,0.0,711.0,374,324,13,53,46,2,369.0,0.02,4e-05,31915.0,,,,
5274,8000,55543,1.7083,-0.0019,3.3481,4.02,0.0096,0.07,13.79,0.96,0.0,696.0,351,334,11,50,48,2,377.0,0.02,4e-05,31977.0,,,,
5275,8000,55560,1.7332,-0.0036,3.4034,4.038,0.0092,0.08,14.57,0.95,0.0,762.0,367,369,26,48,48,3,344.0,0.04,4e-05,31934.0,,,,
5276,8000,55576,1.7273,-0.0035,3.3921,4.017,0.0092,0.07,16.95,0.95,0.0,755.0,368,361,26,49,48,3,347.0,0.03,4e-05,31902.0,,,,
5277,8000,55593,1.7003,0.0073,3.3157,4.053,0.0096,0.07,13.17,0.96,0.0,723.0,360,343,20,50,47,3,363.0,0.02,4e-05,31916.0,,,,
5278,8000,55609,1.7191,-0.0032,3.3746,4.133,0.0134,0.08,15.17,0.95,0.0,744.0,368,361,15,49,49,2,352.0,0.02,4e-05,31892.0,,,,
5279,8000,55626,1.759,0.0174,3.414,3.989,0.0119,0.07,17.51,0.95,0.0,799.0,380,398,21,48,50,3,328.0,0.03,4e-05,31926.0,,,,
5280,8000,55642,1.7445,0.0168,3.3879,4.01,0.01,0.07,16.96,0.96,0.0,714.0,384,310,20,54,43,3,367.0,0.02,4e-05,31979.0,,,,
5281,8000,55659,1.7755,0.0101,3.462,4.2,0.0128,0.08,16.59,0.94,0.0,685.0,340,330,15,50,48,2,383.0,0.03,4e-05,30906.0,,,,
5282,8000,55676,1.762,0.0237,3.4072,4.252,0.0092,0.07,12.87,0.94,0.0,592.0,305,274,13,52,46,2,443.0,0.04,4e-05,31960.0,,,,
5283,8000,55692,1.7246,0.0167,3.3497,4.332,0.0114,0.08,7.02,0.94,0.0,599.0,308,272,19,51,45,3,438.0,0.04,4e-05,32009.0,,,,
5284,8000,55709,1.7199,0.0154,3.3424,4.317,0.0098,0.08,16.42,0.95,0.0,591.0,293,275,23,50,47,4,444.0,0.07,4e-05,31952.0,,,,
5285,8000,55725,1.6714,-0.0038,3.2807,4.19,0.0098,0.08,9.77,0.95,0.0,546.0,271,256,19,50,47,3,480.0,0.06,4e-05,31940.0,,,,
5286,8000,55742,1.7389,0.0035,3.3988,4.157,0.0128,0.09,9.18,0.94,0.0,649.0,332,311,6,51,48,1,404.0,0.05,4e-05,31941.0,,,,
5287,8000,55758,1.7339,-0.0041,3.4034,4.079,0.0099,0.08,11.0,0.94,0.0,688.0,367,316,5,53,46,1,381.0,0.06,4e-05,31950.0,,,,
5288,8000,55775,1.741,0.0048,3.4004,4.067,0.0147,0.1,8.24,0.94,0.0,705.0,347,345,13,49,49,2,372.0,0.06,4e-05,31956.0,,,,
5289,8000,55791,1.7527,-0.0071,3.447,3.999,0.0097,0.08,10.98,0.94,0.0,701.0,345,348,8,49,50,1,374.0,0.08,4e-05,32011.0,,,,
5290,8000,55808,1.7516,-0.0069,3.4442,3.929,0.01,0.08,8.59,0.94,0.0,744.0,390,342,12,52,46,2,352.0,0.07,4e-05,31951.0,,,,
5291,8000,55824,1.7993,-0.0017,3.5283,3.875,0.012,0.09,9.86,0.93,0.0,793.0,411,367,15,52,46,2,331.0,0.07,4e-05,31927.0,,,,
5292,8000,55841,1.8128,-0.0,3.5515,3.844,0.0114,0.09,10.12,0.93,0.0,809.0,424,377,8,52,47,1,324.0,0.07,4e-05,31996.0,,,,
5293,8000,55857,1.7459,-0.0109,3.4399,3.898,0.0103,0.08,8.52,0.94,0.0,866.0,464,395,7,54,46,1,303.0,0.07,4e-05,31942.0,,,,
5294,8000,55873,1.7676,-0.0075,3.4755,3.795,0.0136,0.1,7.27,0.94,0.0,814.0,399,410,5,49,50,1,322.0,0.07,4e-05,31931.0,,,,
5295,8000,55890,1.7895,0.0191,3.4665,3.842,0.0127,0.09,11.49,0.94,0.0,828.0,449,373,6,54,45,1,317.0,0.06,4e-05,31932.0,,,,
5296,8000,55906,1.7791,0.0054,3.4728,3.827,0.0118,0.09,7.78,0.94,0.0,794.0,404,380,10,51,48,1,330.0,0.07,4e-05,31955.0,,,,
5297,8000,55923,1.7883,0.0178,3.4669,3.832,0.0121,0.09,7.16,0.94,0.0,868.0,449,410,9,52,47,1,302.0,0.07,4e-05,31948.0,,,,
5298,8000,55939,1.779,0.0102,3.464,3.896,0.015,0.1,10.24,0.94,0.0,884.0,434,447,3,49,51,0,297.0,0.05,4e-05,31998.0,,,,
5299,8000,55956,1.8163,0.0063,3.5461,3.787,0.0101,0.08,7.59,0.94,0.0,929.0,439,484,6,47,52,1,282.0,0.05,4e-05,31958.0,101,0,411,20
5300,8000,55987,1.823,0.009,3.5535,3.726,0.0164,0.1,9.39,0.94,0.0,995.0,487,501,7,49,50,1,263.0,0.04,4e-05,32069.0,,,,
5301,8000,56005,1.886,0.0069,3.6828,3.669,0.0171,0.11,6.26,0.92,0.0,1082.0,520,560,2,48,52,0,242.0,0.04,4e-05,30797.0,,,,
5302,8000,56021,1.8513,0.0135,3.5998,3.661,0.0127,0.09,8.76,0.93,0.0,992.0,467,521,4,47,53,0,264.0,0.04,4e-05,31996.0,,,,
5303,8000,56037,1.8505,0.0155,3.5959,3.856,0.0099,0.08,7.8,0.93,0.0,1060.0,473,583,4,45,55,0,247.0,0.02,4e-05,31943.0,,,,
5304,8000,56054,1.8619,0.0183,3.6133,3.843,0.0125,0.08,8.82,0.93,0.0,1113.0,559,547,7,50,49,1,236.0,0.03,4e-05,31958.0,,,,
5305,8000,56070,1.8453,0.027,3.5621,3.804,0.0145,0.09,6.45,0.93,0.0,1083.0,499,578,6,46,53,1,242.0,0.04,4e-05,32022.0,,,,
5306,8000,56087,1.8828,0.0386,3.6145,3.813,0.0086,0.07,10.9,0.93,0.0,1038.0,503,528,7,48,51,1,253.0,0.03,4e-05,31967.0,,,,
5307,8000,56103,1.8581,0.0235,3.5944,3.76,0.0127,0.09,7.82,0.93,0.0,1057.0,515,535,7,49,51,1,248.0,0.02,4e-05,31973.0,,,,
5308,8000,56120,1.8616,0.0374,3.5742,3.76,0.0129,0.09,7.75,0.93,0.0,999.0,479,508,12,48,51,1,262.0,0.01,4e-05,31964.0,,,,
5309,8000,56136,1.8931,0.0464,3.619,3.753,0.0107,0.08,8.48,0.93,0.0,1003.0,487,505,11,49,50,1,261.0,0.02,4e-05,32029.0,,,,
5310,8000,56153,1.8798,0.063,3.5582,3.701,0.0132,0.08,12.63,0.93,0.0,956.0,478,471,7,50,49,1,274.0,0.02,4e-05,31966.0,,,,
5311,8000,56169,1.8402,0.0383,3.5296,3.678,0.0113,0.08,9.48,0.94,0.0,928.0,469,442,17,51,48,2,282.0,0.02,4e-05,31961.0,,,,
5312,8000,56186,1.853,0.0426,3.5458,3.729,0.0101,0.07,9.83,0.94,0.0,994.0,513,475,6,52,48,1,264.0,0.01,4e-05,31963.0,,,,
5313,8000,56202,1.8412,0.0239,3.56,3.673,0.0111,0.08,11.58,0.94,0.0,956.0,484,460,12,51,48,1,274.0,0.01,4e-05,31962.0,,,,
5314,8000,56218,1.8785,0.0251,3.6309,3.507,0.0099,0.08,11.14,0.94,0.0,1068.0,525,530,13,49,50,1,245.0,0.01,4e-05,32022.0,,,,
5315,8000,56235,1.8656,0.0236,3.6071,3.467,0.0164,0.1,7.6,0.94,0.0,1105.0,559,530,16,51,48,1,237.0,0.01,4e-05,32015.0,,,,
5316,8000,56251,1.8776,0.014,3.6502,3.441,0.0169,0.1,9.16,0.94,0.0,1088.0,565,516,7,52,47,1,241.0,0.01,4e-05,31964.0,,,,
5317,8000,56268,1.8877,0.0161,3.6663,3.49,0.0152,0.09,8.01,0.93,0.0,1205.0,577,623,5,48,52,0,218.0,0.01,4e-05,31965.0,,,,
5318,8000,56284,1.8961,0.0374,3.6408,3.494,0.0128,0.08,7.26,0.94,0.0,1173.0,572,595,6,49,51,1,223.0,0.02,4e-05,31953.0,,,,
5319,8000,56301,1.8932,0.0394,3.632,3.592,0.0179,0.1,6.51,0.93,0.0,1179.0,622,550,7,53,47,1,222.0,0.01,4e-05,31944.0,,,,
5320,8000,56317,1.8563,0.0302,3.5768,3.648,0.013,0.09,6.17,0.94,0.0,1116.0,563,548,5,50,49,0,235.0,0.02,4e-05,31959.0,,,,
5321,8000,56334,1.9194,0.0393,3.685,3.687,0.0177,0.11,6.75,0.92,0.0,1030.0,543,483,4,53,47,0,255.0,0.03,4e-05,30811.0,,,,
5322,8000,56351,1.863,0.009,3.6345,3.881,0.016,0.09,6.32,0.91,0.0,966.0,512,450,4,53,47,0,271.0,0.04,4e-05,31948.0,,,,
5323,8000,56367,1.8288,0.0188,3.5467,3.905,0.0113,0.09,5.62,0.92,0.0,970.0,487,476,7,50,49,1,270.0,0.05,4e-05,31933.0,,,,
5324,8000,56384,1.8755,0.0392,3.5989,3.824,0.0124,0.09,6.41,0.92,0.0,1009.0,516,485,8,51,48,1,260.0,0.05,4e-05,31940.0,,,,
5325,8000,56400,1.8746,0.0384,3.5987,3.855,0.0122,0.09,4.97,0.92,0.0,1057.0,523,527,7,49,50,1,248.0,0.03,4e-05,31942.0,,,,
5326,8000,56417,1.8359,0.0238,3.5512,3.964,0.0123,0.09,5.99,0.93,0.0,1110.0,552,553,5,50,50,0,236.0,0.03,4e-05,32004.0,,,,
5327,8000,56433,1.8333,0.0024,3.5882,3.845,0.0124,0.08,6.2,0.93,0.0,1121.0,547,567,7,49,51,1,234.0,0.02,4e-05,31932.0,,,,
5328,8000,56450,1.8357,0.0238,3.5501,3.857,0.0108,0.08,8.58,0.94,0.0,1099.0,491,600,8,45,55,1,239.0,0.03,4e-05,32000.0,,,,
5329,8000,56466,1.7975,0.0154,3.4906,3.891,0.0114,0.08,5.16,0.94,0.0,1039.0,512,516,11,49,50,1,252.0,0.03,4e-05,31933.0,,,,
5330,8000,56483,1.8086,0.0274,3.4892,3.943,0.0114,0.08,5.75,0.94,0.0,1049.0,519,524,6,49,50,1,250.0,0.02,4e-05,31957.0,,,,
5331,8000,56499,1.7741,0.0271,3.4207,3.979,0.0091,0.07,6.97,0.95,0.0,911.0,444,464,3,49,51,0,288.0,0.02,4e-05,31952.0,,,,
5332,8000,56516,1.8001,0.0249,3.4778,3.996,0.01,0.07,13.62,0.94,0.0,884.0,446,428,10,50,48,1,297.0,0.03,4e-05,31999.0,,,,
5333,8000,56532,1.8235,0.0202,3.5336,3.928,0.0107,0.08,10.72,0.94,0.0,952.0,475,470,7,50,49,1,275.0,0.03,4e-05,31944.0,,,,
5334,8000,56549,1.8002,0.0085,3.51,3.864,0.0105,0.08,5.83,0.94,0.0,1022.0,520,486,16,51,48,2,257.0,0.02,4e-05,31941.0,,,,
5335,8000,56565,1.8309,0.0065,3.5755,3.842,0.0133,0.09,8.32,0.94,0.0,1060.0,537,511,12,51,48,1,247.0,0.01,4e-05,31940.0,,,,
5336,8000,56582,1.7855,0.0022,3.4929,3.883,0.0144,0.09,8.27,0.94,0.0,1002.0,505,494,3,50,49,0,262.0,0.01,4e-05,31944.0,,,,
5337,8000,56598,1.7822,-0.002,3.4954,3.955,0.0112,0.08,10.9,0.94,0.0,912.0,458,448,6,50,49,1,287.0,0.02,4e-05,31949.0,,,,
5338,8000,56615,1.7712,0.0073,3.4553,4.019,0.0091,0.07,9.07,0.94,0.0,868.0,474,387,7,55,45,1,302.0,0.02,4e-05,32010.0,,,,
5339,8000,56631,1.7817,0.009,3.4721,3.914,0.0101,0.07,10.37,0.94,0.0,890.0,478,404,8,54,45,1,295.0,0.02,4e-05,31936.0,,,,
5340,8000,56647,1.8039,0.0174,3.4996,3.867,0.0135,0.09,4.94,0.94,0.0,1027.0,514,506,7,50,49,1,255.0,0.02,4e-05,31935.0,,,,
5341,8000,56665,1.8365,0.0145,3.572,4.052,0.0132,0.09,5.82,0.92,0.0,924.0,448,471,5,48,51,1,284.0,0.02,4e-05,30777.0,,,,
5342,8000,56681,1.7995,0.0135,3.5001,4.049,0.015,0.09,5.2,0.92,0.0,835.0,428,396,11,51,47,1,314.0,0.04,4e-05,31943.0,,,,
5343,8000,56698,1.798,-0.0049,3.5333,4.014,0.0105,0.08,6.56,0.92,0.0,872.0,449,415,8,51,48,1,301.0,0.04,4e-05,31936.0,,,,
5344,8000,56714,1.769,-0.0182,3.5028,4.095,0.0124,0.08,5.37,0.92,0.0,930.0,477,442,11,51,48,1,282.0,0.04,4e-05,31917.0,,,,
5345,8000,56730,1.7425,-0.0054,3.4253,4.175,0.0184,0.1,4.72,0.93,0.0,914.0,463,443,8,51,48,1,287.0,0.05,4e-05,31915.0,,,,
5346,8000,56747,1.7664,0.0077,3.4466,4.17,0.015,0.1,4.51,0.93,0.0,860.0,427,422,11,50,49,1,305.0,0.06,4e-05,31924.0,,,,
5347,8000,56763,1.7957,-0.0116,3.5441,4.18,0.0095,0.07,6.3,0.92,0.0,962.0,475,476,11,49,49,1,272.0,0.06,4e-05,31991.0,,,,
5348,8000,56780,1.8057,-0.0035,3.5475,4.134,0.0115,0.08,4.86,0.93,0.0,1035.0,518,508,9,50,49,1,253.0,0.04,4e-05,31923.0,,,,
5349,8000,56796,1.8314,-0.0069,3.6056,4.043,0.0119,0.08,5.67,0.92,0.0,1069.0,534,526,9,50,49,1,245.0,0.04,4e-05,31920.0,120,0,392,23
5350,8000,56828,1.8314,-0.0149,3.6212,4.04,0.0133,0.09,4.52,0.92,0.0,1120.0,543,574,3,48,51,0,234.0,0.04,4e-05,32068.0,,,,
5351,8000,56845,1.8125,-0.0072,3.5675,4.01,0.0107,0.09,4.83,0.93,0.0,1038.0,485,553,0,47,53,0,253.0,0.04,4e-05,31951.0,,,,
5352,8000,56861,1.8278,0.0034,3.5777,4.111,0.0108,0.08,6.12,0.93,0.0,1098.0,519,578,1,47,53,0,239.0,0.03,4e-05,31946.0,,,,
5353,8000,56877,1.7859,-0.0143,3.5287,4.062,0.0098,0.08,5.47,0.94,0.0,988.0,469,517,2,47,52,0,265.0,0.03,4e-05,31926.0,,,,
5354,8000,56894,1.7934,-0.0182,3.5518,4.077,0.0101,0.08,6.34,0.94,0.0,997.0,484,513,0,49,51,0,263.0,0.04,4e-05,31931.0,,,,
5355,8000,56910,1.7675,-0.0018,3.4683,4.3,0.0087,0.07,6.74,0.94,0.0,926.0,444,480,2,48,52,0,283.0,0.05,4e-05,31932.0,,,,
5356,8000,56927,1.7687,-0.0002,3.4668,4.195,0.0092,0.07,6.16,0.94,0.0,873.0,408,462,3,47,53,0,300.0,0.04,4e-05,31931.0,,,,
5357,8000,56943,1.7871,0.0023,3.4982,4.159,0.009,0.07,9.48,0.94,0.0,909.0,469,436,4,52,48,0,288.0,0.05,4e-05,31999.0,,,,
5358,8000,56960,1.7961,0.0165,3.488,4.143,0.0116,0.08,7.27,0.94,0.0,901.0,439,457,5,49,51,1,291.0,0.04,4e-05,31937.0,,,,
5359,8000,56976,1.8172,0.0083,3.547,4.104,0.0093,0.07,8.88,0.94,0.0,984.0,475,499,10,48,51,1,266.0,0.03,4e-05,31909.0,,,,
5360,8000,56993,1.8329,0.0158,3.5631,4.091,0.0092,0.07,7.52,0.94,0.0,1011.0,489,515,7,48,51,1,259.0,0.03,4e-05,31934.0,,,,
5361,8000,57010,1.8687,0.0246,3.6171,4.093,0.0095,0.07,10.23,0.92,0.0,953.0,513,435,5,54,46,1,275.0,0.02,4e-05,30818.0,,,,
5362,8000,57026,1.8497,0.0284,3.5728,4.246,0.0099,0.07,8.83,0.93,0.0,849.0,449,396,4,53,47,0,309.0,0.03,4e-05,31936.0,,,,
5363,8000,57043,1.8107,0.0273,3.4964,4.18,0.0108,0.08,5.87,0.93,0.0,854.0,445,408,1,52,48,0,307.0,0.04,4e-05,31961.0,,,,
5364,8000,57059,1.823,0.0234,3.5291,4.128,0.0093,0.08,6.66,0.93,0.0,847.0,448,391,8,53,46,1,309.0,0.04,3.9e-05,31942.0,,,,
5365,8000,57076,1.7847,-0.0004,3.4988,4.069,0.0122,0.08,6.23,0.93,0.0,916.0,466,449,1,51,49,0,286.0,0.03,3.9e-05,31929.0,,,,
5366,8000,57092,1.8098,-0.0031,3.5543,4.01,0.0122,0.09,4.68,0.93,0.0,984.0,507,473,4,52,48,0,266.0,0.04,3.9e-05,31947.0,,,,
5367,8000,57109,1.872,0.0267,3.6194,3.971,0.0141,0.1,6.28,0.93,0.0,1074.0,582,485,7,54,45,1,244.0,0.04,3.9e-05,31958.0,,,,
5368,8000,57125,1.8488,0.0351,3.5561,4.015,0.0122,0.09,5.23,0.93,0.0,1063.0,549,509,5,52,48,0,247.0,0.03,3.9e-05,31942.0,,,,
5369,8000,57142,1.8866,0.0494,3.6032,3.994,0.0136,0.09,4.97,0.92,0.0,1075.0,549,522,4,51,49,0,244.0,0.03,3.9e-05,31953.0,,,,
5370,8000,57158,1.9077,0.0643,3.6145,3.915,0.0138,0.09,5.91,0.93,0.0,1046.0,562,480,4,54,46,0,251.0,0.02,3.9e-05,31936.0,,,,
5371,8000,57175,1.879,0.0264,3.6327,3.91,0.0134,0.09,5.59,0.93,0.0,1143.0,611,530,2,53,46,0,229.0,0.02,3.9e-05,31943.0,,,,
5372,8000,57191,1.8088,-0.0021,3.5484,3.826,0.0136,0.09,4.08,0.93,0.0,1099.0,586,511,2,53,46,0,239.0,0.02,3.9e-05,31952.0,,,,
5373,8000,57208,1.8506,0.0312,3.5658,3.886,0.0109,0.08,6.47,0.93,0.0,1123.0,622,497,4,55,44,0,233.0,0.02,3.9e-05,31957.0,,,,
5374,8000,57224,1.8549,0.047,3.5427,3.897,0.0118,0.08,5.27,0.93,0.0,1046.0,560,484,2,54,46,0,251.0,0.03,3.9e-05,31979.0,,,,
5375,8000,57241,1.8598,0.0256,3.5948,3.817,0.0117,0.08,7.01,0.93,0.0,1080.0,573,507,0,53,47,0,243.0,0.03,3.9e-05,31945.0,,,,
5376,8000,57257,1.8315,0.0215,3.5469,3.876,0.0146,0.09,5.45,0.94,0.0,1030.0,549,478,3,53,46,0,255.0,0.01,3.9e-05,31932.0,,,,
5377,8000,57274,1.8533,0.0291,3.575,3.86,0.0113,0.08,6.05,0.93,0.0,1085.0,571,507,7,53,47,1,242.0,0.02,3.9e-05,31947.0,,,,
5378,8000,57290,1.8306,0.0105,3.5663,3.768,0.0111,0.08,5.19,0.93,0.0,1045.0,517,519,9,49,50,1,251.0,0.02,3.9e-05,31953.0,,,,
5379,8000,57306,1.8277,0.0132,3.5547,3.772,0.014,0.1,4.79,0.93,0.0,1071.0,542,529,0,51,49,0,245.0,0.02,3.9e-05,31937.0,,,,
5380,8000,57323,1.8354,0.018,3.5604,3.728,0.0148,0.09,4.58,0.93,0.0,1093.0,586,501,6,54,46,1,240.0,0.01,3.9e-05,31966.0,,,,
5381,8000,57340,1.9128,0.0145,3.7214,3.665,0.0153,0.1,4.55,0.91,0.0,1181.0,560,618,3,47,52,0,222.0,0.02,3.9e-05,30812.0,,,,
5382,8000,57357,1.8807,0.0124,3.6617,3.762,0.0131,0.09,4.67,0.92,0.0,1186.0,577,609,0,49,51,0,221.0,0.02,3.9e-05,31953.0,,,,
5383,8000,57373,1.8508,0.0245,3.5796,3.956,0.014,0.09,4.61,0.93,0.0,1137.0,502,634,1,44,56,0,231.0,0.01,3.9e-05,31924.0,,,,
5384,8000,57390,1.8222,-0.0022,3.5753,3.891,0.0124,0.08,6.05,0.92,0.0,1037.0,472,560,5,46,54,0,253.0,0.01,3.9e-05,31956.0,,,,
5385,8000,57406,1.813,-0.0047,3.5612,3.877,0.0107,0.07,5.53,0.93,0.0,1044.0,472,566,6,45,54,1,251.0,0.01,3.9e-05,31985.0,,,,
5386,8000,57422,1.7618,-0.0066,3.4635,3.964,0.0091,0.07,5.88,0.94,0.0,981.0,471,508,2,48,52,0,267.0,0.01,3.9e-05,31927.0,,,,
5387,8000,57439,1.7756,-0.0008,3.4799,3.979,0.0126,0.08,5.9,0.94,0.0,1038.0,496,532,10,48,51,1,253.0,0.01,3.9e-05,31931.0,,,,
5388,8000,57455,1.7659,-0.0086,3.4765,4.085,0.0115,0.08,5.83,0.94,0.0,989.0,495,490,4,50,50,0,265.0,0.01,3.9e-05,31937.0,,,,
5389,8000,57472,1.7738,0.0005,3.4737,4.005,0.009,0.07,7.68,0.94,0.0,946.0,430,504,12,45,53,1,277.0,0.01,3.9e-05,31911.0,,,,
5390,8000,57488,1.7643,0.0171,3.4221,4.048,0.0124,0.08,5.37,0.95,0.0,941.0,445,484,12,47,51,1,279.0,0.01,3.9e-05,31951.0,,,,
5391,8000,57505,1.7879,0.0153,3.4721,4.005,0.0091,0.06,11.55,0.95,0.0,911.0,434,463,14,48,51,2,288.0,0.0,3.9e-05,31929.0,,,,
5392,8000,57521,1.743,0.002,3.4099,4.071,0.0094,0.07,6.76,0.95,0.0,891.0,402,473,16,45,53,2,294.0,0.01,3.9e-05,31920.0,,,,
5393,8000,57538,1.7471,-0.0029,3.4272,4.02,0.0097,0.07,9.13,0.95,0.0,888.0,412,463,13,46,52,1,295.0,0.01,3.9e-05,31941.0,,,,
5394,8000,57554,1.7651,-0.0093,3.4755,3.903,0.0093,0.07,11.06,0.94,0.0,918.0,424,481,13,46,52,1,286.0,0.01,3.9e-05,31949.0,,,,
5395,8000,57571,1.7679,-0.0179,3.4987,3.941,0.0112,0.07,11.49,0.94,0.0,990.0,475,495,20,48,50,2,265.0,0.0,3.9e-05,31968.0,,,,
5396,8000,57587,1.7522,-0.0116,3.4544,3.889,0.0139,0.09,6.37,0.95,0.0,929.0,430,482,17,46,52,2,282.0,0.01,3.9e-05,31929.0,,,,
5397,8000,57604,1.7765,-0.016,3.5123,3.951,0.0116,0.08,8.77,0.94,0.0,931.0,435,476,20,47,51,2,282.0,0.01,3.9e-05,31924.0,,,,
5398,8000,57620,1.7462,-0.0211,3.462,3.99,0.0098,0.07,6.53,0.94,0.0,954.0,467,476,11,49,50,1,275.0,0.01,3.9e-05,31945.0,,,,
5399,8000,57637,1.7373,-0.024,3.45,3.992,0.015,0.08,9.87,0.95,0.0,909.0,445,455,9,49,50,1,288.0,0.01,3.9e-05,31995.0,175,0,337,34
5400,8000,57668,1.7669,-0.0117,3.4852,3.953,0.0123,0.08,8.82,0.94,0.0,925.0,442,463,20,48,50,2,283.0,0.01,3.9e-05,32136.0,,,,
5401,8000,57685,1.8409,0.0082,3.5915,3.88,0.0144,0.08,6.96,0.93,0.0,958.0,452,484,22,47,51,2,274.0,0.01,3.9e-05,30796.0,,,,
5402,8000,57702,1.8429,0.0105,3.5922,3.994,0.014,0.1,5.3,0.93,0.0,990.0,522,458,10,53,46,1,265.0,0.02,3.9e-05,31962.0,,,,
5403,8000,57718,1.8296,0.0079,3.5709,4.048,0.0168,0.09,4.84,0.93,0.0,984.0,531,445,8,54,45,1,266.0,0.01,3.9e-05,31923.0,,,,
5404,8000,57735,1.8039,-0.0125,3.5599,4.008,0.0123,0.09,6.43,0.93,0.0,1048.0,558,483,7,53,46,1,250.0,0.01,3.9e-05,31970.0,,,,
5405,8000,57751,1.7939,-0.0162,3.5467,3.931,0.0142,0.09,6.05,0.93,0.0,1079.0,594,482,3,55,45,0,243.0,0.01,3.9e-05,31908.0,,,,
5406,8000,57768,1.7464,-0.0246,3.4678,3.892,0.0136,0.08,4.67,0.95,0.0,1025.0,554,466,5,54,45,0,256.0,0.01,3.9e-05,31922.0,,,,
5407,8000,57784,1.7671,-0.017,3.4937,3.852,0.0118,0.08,5.72,0.94,0.0,989.0,541,442,6,55,45,1,265.0,0.01,3.9e-05,31919.0,,,,
5408,8000,57801,1.7984,-0.006,3.5344,3.842,0.0118,0.09,9.74,0.94,0.0,994.0,558,429,7,56,43,1,264.0,0.01,3.9e-05,31920.0,,,,
5409,8000,57817,1.78,-0.0081,3.502,3.829,0.0103,0.08,6.3,0.95,0.0,1009.0,556,451,2,55,45,0,260.0,0.01,3.9e-05,31913.0,,,,
5410,8000,57834,1.7858,-0.0075,3.5134,3.855,0.0151,0.09,4.9,0.94,0.0,1059.0,532,519,8,50,49,1,248.0,0.01,3.9e-05,31921.0,,,,
5411,8000,57850,1.7645,-0.0142,3.4839,3.834,0.0113,0.08,7.01,0.95,0.0,1017.0,498,510,9,49,50,1,258.0,0.01,3.9e-05,31920.0,,,,
5412,8000,57867,1.7837,-0.0044,3.5024,3.87,0.0131,0.09,8.71,0.95,0.0,1051.0,521,521,9,50,50,1,249.0,0.01,3.9e-05,31913.0,,,,
5413,8000,57883,1.7475,-0.0519,3.5245,3.766,0.0057,0.05,13.91,0.95,0.0,946.0,490,442,14,52,47,1,277.0,0.01,3.9e-05,31915.0,,,,
5414,8000,57900,1.7759,-0.0244,3.526,3.68,0.0097,0.08,13.53,0.95,0.0,1021.0,510,499,12,50,49,1,257.0,0.01,3.9e-05,31917.0,,,,
5415,8000,57916,1.7769,-0.0043,3.487,3.589,0.0142,0.09,9.24,0.95,0.0,969.0,524,437,8,54,45,1,271.0,0.01,3.9e-05,31920.0,,,,
5416,8000,57933,1.787,-0.0049,3.5082,3.603,0.0103,0.07,12.41,0.95,0.0,973.0,514,452,7,53,46,1,269.0,0.01,3.9e-05,31911.0,,,,
5417,8000,57949,1.7812,-0.0075,3.5012,3.489,0.0112,0.08,7.91,0.95,0.0,980.0,526,447,7,54,46,1,267.0,0.02,3.9e-05,31920.0,,,,
5418,8000,57966,1.8011,0.0095,3.5074,3.579,0.016,0.09,8.38,0.95,0.0,1013.0,542,464,7,54,46,1,259.0,0.02,3.9e-05,31913.0,,,,
5419,8000,57982,1.8182,0.0045,3.5513,3.515,0.0099,0.07,13.61,0.95,0.0,929.0,506,416,7,54,45,1,282.0,0.01,3.9e-05,31925.0,,,,
5420,8000,57999,1.8063,0.013,3.5099,3.448,0.0112,0.08,11.72,0.96,0.0,961.0,527,429,5,55,45,1,273.0,0.01,3.9e-05,31923.0,,,,
5421,8000,58016,1.8205,0.0124,3.5409,3.615,0.0172,0.1,5.98,0.94,0.0,970.0,498,466,6,51,48,1,270.0,0.01,3.9e-05,30764.0,,,,
5422,8000,58032,1.8661,-0.0041,3.6672,3.75,0.0104,0.09,17.01,0.94,0.0,950.0,459,480,11,48,51,1,276.0,0.02,3.9e-05,31930.0,,,,
5423,8000,58049,1.822,-0.0158,3.6015,3.783,0.0121,0.09,8.31,0.93,0.0,1004.0,487,509,8,49,51,1,261.0,0.02,3.9e-05,31906.0,,,,
5424,8000,58065,1.7936,-0.0008,3.5146,3.774,0.0112,0.08,8.79,0.94,0.0,942.0,466,469,7,49,50,1,278.0,0.03,3.9e-05,31968.0,,,,
5425,8000,58082,1.8036,0.0225,3.488,3.798,0.0132,0.09,9.83,0.95,0.0,933.0,452,478,3,48,51,0,281.0,0.02,3.9e-05,31892.0,,,,
5426,8000,58098,1.8127,0.0281,3.4948,3.849,0.0133,0.08,7.55,0.95,0.0,952.0,475,474,3,50,50,0,275.0,0.02,3.9e-05,31911.0,,,,
5427,8000,58115,1.7728,0.0187,3.4345,3.918,0.015,0.09,6.14,0.95,0.0,911.0,427,480,4,47,53,0,288.0,0.02,3.9e-05,31901.0,,,,
5428,8000,58131,1.8004,0.018,3.4907,3.806,0.014,0.09,6.57,0.95,0.0,966.0,448,513,5,46,53,1,271.0,0.02,3.9e-05,31925.0,,,,
5429,8000,58148,1.8395,0.0283,3.5474,3.747,0.0145,0.09,6.15,0.94,0.0,998.0,505,491,2,51,49,0,263.0,0.01,3.9e-05,31908.0,,,,
5430,8000,58164,1.7941,0.0254,3.4632,3.858,0.0139,0.09,7.09,0.95,0.0,921.0,456,463,2,50,50,0,285.0,0.01,3.9e-05,31930.0,,,,
5431,8000,58181,1.8068,0.0131,3.513,3.851,0.0114,0.08,9.14,0.95,0.0,959.0,473,483,3,49,50,0,273.0,0.01,3.9e-05,31917.0,,,,
5432,8000,58197,1.8034,0.019,3.4935,3.763,0.0151,0.08,8.9,0.95,0.0,949.0,480,465,4,51,49,0,276.0,0.02,3.9e-05,31971.0,,,,
5433,8000,58214,1.829,0.0221,3.5387,3.683,0.0105,0.08,11.05,0.95,0.0,1046.0,507,531,8,48,51,1,251.0,0.01,3.9e-05,31907.0,,,,
5434,8000,58230,1.8077,0.0142,3.5122,3.777,0.0125,0.08,10.9,0.95,0.0,982.0,479,496,7,49,51,1,267.0,0.01,3.9e-05,31977.0,,,,
5435,8000,58246,1.8071,0.0094,3.5203,3.69,0.0141,0.09,7.5,0.94,0.0,987.0,475,498,14,48,50,1,266.0,0.01,3.9e-05,31920.0,,,,
5436,8000,58263,1.8167,0.0127,3.532,3.644,0.0195,0.1,7.62,0.94,0.0,1033.0,518,500,15,50,48,1,254.0,0.01,3.9e-05,31900.0,,,,
5437,8000,58279,1.7912,0.0154,3.4759,3.66,0.0161,0.09,6.81,0.95,0.0,949.0,502,437,10,53,46,1,276.0,0.01,3.9e-05,31925.0,,,,
5438,8000,58296,1.8012,0.01,3.5056,3.579,0.0206,0.09,10.1,0.95,0.0,993.0,510,478,5,51,48,1,264.0,0.0,3.9e-05,31904.0,,,,
5439,8000,58312,1.9247,0.0391,3.6934,3.344,0.0078,0.06,21.82,0.94,0.0,1039.0,524,507,8,50,49,1,252.0,0.01,3.9e-05,31890.0,,,,
5440,8000,58329,1.8697,0.0222,3.6194,3.367,0.0158,0.09,10.67,0.94,0.0,1189.0,601,574,14,51,48,1,220.0,0.01,3.9e-05,31896.0,,,,
5441,8000,58346,1.8529,0.0239,3.5854,3.66,0.0188,0.1,5.18,0.92,0.0,1029.0,524,492,13,51,48,1,255.0,0.01,3.9e-05,30762.0,,,,
5442,8000,58363,1.8085,0.0383,3.4687,3.905,0.0212,0.11,4.03,0.94,0.0,913.0,433,468,12,47,51,1,287.0,0.02,3.9e-05,31903.0,,,,
5443,8000,58379,1.7974,0.0297,3.4637,3.938,0.018,0.1,4.38,0.94,0.0,902.0,475,421,6,53,47,1,291.0,0.02,3.9e-05,31979.0,,,,
5444,8000,58396,1.7877,0.0307,3.4411,3.901,0.013,0.09,4.4,0.93,0.0,934.0,467,464,3,50,50,0,281.0,0.03,3.9e-05,31890.0,,,,
5445,8000,58412,1.7907,0.0257,3.4573,4.002,0.0109,0.08,5.55,0.93,0.0,937.0,432,503,2,46,54,0,280.0,0.03,3.9e-05,31957.0,,,,
5446,8000,58428,1.8206,0.0287,3.5107,3.85,0.0119,0.09,5.1,0.93,0.0,936.0,430,500,6,46,53,1,280.0,0.02,3.9e-05,31899.0,,,,
5447,8000,58445,1.7974,0.0115,3.4984,3.919,0.0129,0.09,4.48,0.93,0.0,963.0,452,509,2,47,53,0,272.0,0.02,3.9e-05,31962.0,,,,
5448,8000,58461,1.825,0.0214,3.5341,3.911,0.0108,0.08,7.4,0.93,0.0,956.0,473,477,6,49,50,1,274.0,0.02,3.9e-05,31917.0,,,,
5449,8000,58478,1.7781,0.0137,3.455,3.849,0.0123,0.09,4.15,0.94,0.0,887.0,426,456,5,48,51,1,296.0,0.01,3.9e-05,31900.0,93,2,417,18
5450,8000,58510,1.8594,0.0195,3.6049,3.689,0.0098,0.08,6.16,0.93,0.0,1029.0,486,538,5,47,52,0,255.0,0.02,3.9e-05,32124.0,,,,
5451,8000,58526,1.8278,0.028,3.5243,3.669,0.0105,0.08,5.14,0.93,0.0,980.0,463,511,6,47,52,1,267.0,0.02,3.9e-05,31950.0,,,,
5452,8000,58543,1.8365,0.0249,3.5483,3.666,0.0106,0.09,4.18,0.93,0.0,1045.0,492,545,8,47,52,1,251.0,0.02,3.9e-05,31971.0,,,,
5453,8000,58559,1.8002,0.0059,3.5144,3.711,0.0146,0.1,3.27,0.93,0.0,1038.0,497,531,10,48,51,1,253.0,0.02,3.9e-05,31900.0,,,,
5454,8000,58576,1.8287,0.0118,3.5581,3.544,0.0127,0.09,4.28,0.94,0.0,1080.0,471,600,9,44,56,1,243.0,0.03,3.9e-05,31897.0,,,,
5455,8000,58592,1.7929,0.0033,3.5044,3.557,0.0113,0.08,4.64,0.94,0.0,1108.0,545,551,12,49,50,1,237.0,0.03,3.9e-05,31901.0,,,,
5456,8000,58609,1.7821,0.0034,3.4818,3.629,0.0113,0.08,4.75,0.94,0.0,1078.0,515,557,6,48,52,1,243.0,0.02,3.9e-05,31898.0,,,,
5457,8000,58625,1.817,0.0147,3.5287,3.585,0.0107,0.08,6.87,0.94,0.0,1029.0,488,534,7,47,52,1,255.0,0.01,3.9e-05,31987.0,,,,
5458,8000,58641,1.8274,0.0197,3.5397,3.566,0.0106,0.07,6.97,0.94,0.0,1064.0,497,557,10,47,52,1,246.0,0.01,3.9e-05,31899.0,,,,
5459,8000,58658,1.8391,0.0194,3.564,3.539,0.0127,0.09,6.96,0.93,0.0,1063.0,549,501,13,52,47,1,247.0,0.02,3.9e-05,31974.0,,,,
5460,8000,58674,1.8323,0.0267,3.5378,3.578,0.0112,0.08,5.94,0.93,0.0,1028.0,514,497,17,50,48,2,255.0,0.02,3.9e-05,31977.0,,,,
5461,8000,58691,1.9231,0.035,3.7,3.491,0.014,0.09,6.51,0.91,0.0,1125.0,556,564,5,49,50,0,233.0,0.02,3.9e-05,30797.0,,,,
5462,8000,58708,1.8705,0.0222,3.6202,3.494,0.0144,0.09,4.81,0.92,0.0,1065.0,541,513,11,51,48,1,246.0,0.02,3.9e-05,31994.0,,,,
5463,8000,58724,1.851,0.0298,3.5668,3.56,0.0109,0.08,4.48,0.92,0.0,1084.0,516,556,12,48,51,1,242.0,0.02,3.9e-05,31953.0,,,,
5464,8000,58741,1.8707,0.0352,3.5947,3.509,0.0128,0.09,6.51,0.92,0.0,1071.0,530,531,10,49,50,1,245.0,0.02,3.9e-05,31962.0,,,,
5465,8000,58757,1.836,0.0244,3.5477,3.53,0.0102,0.08,6.61,0.93,0.0,1046.0,489,545,12,47,52,1,251.0,0.02,3.9e-05,31952.0,,,,
5466,8000,58774,1.8456,0.0086,3.5975,3.422,0.0097,0.08,7.92,0.93,0.0,1059.0,506,545,8,48,51,1,248.0,0.02,3.9e-05,31970.0,,,,
5467,8000,58790,1.8414,0.0106,3.5861,3.464,0.0106,0.08,6.12,0.93,0.0,1030.0,499,518,13,48,50,1,255.0,0.02,3.9e-05,31954.0,,,,
5468,8000,58807,1.8262,0.0194,3.539,3.482,0.01,0.08,5.79,0.93,0.0,1110.0,540,551,19,49,50,2,236.0,0.01,3.9e-05,31932.0,,,,
5469,8000,58823,1.8406,0.0209,3.5642,3.406,0.0122,0.09,5.42,0.94,0.0,1041.0,496,528,17,48,51,2,252.0,0.01,3.9e-05,32018.0,,,,
5470,8000,58840,1.8359,0.0247,3.5474,3.476,0.0107,0.08,6.94,0.94,0.0,1045.0,514,516,15,49,49,1,251.0,0.01,3.9e-05,31945.0,,,,
5471,8000,58856,1.7869,0.0111,3.4763,3.536,0.0093,0.08,7.05,0.95,0.0,947.0,454,482,11,48,51,1,277.0,0.01,3.9e-05,31936.0,,,,
5472,8000,58873,1.7735,0.0047,3.4633,3.644,0.011,0.08,6.25,0.95,0.0,1034.0,534,488,12,52,47,1,254.0,0.01,3.9e-05,31962.0,,,,
5473,8000,58889,1.801,0.0027,3.5227,3.528,0.0099,0.08,9.04,0.94,0.0,1037.0,520,502,15,50,48,1,253.0,0.01,3.9e-05,32012.0,,,,
5474,8000,58905,1.7815,0.0126,3.4661,3.616,0.0106,0.08,7.91,0.94,0.0,970.0,454,489,27,47,50,3,270.0,0.0,3.9e-05,31941.0,,,,
5475,8000,58922,1.7989,0.0095,3.5052,3.613,0.0094,0.06,11.99,0.95,0.0,959.0,464,476,19,48,50,2,273.0,0.0,3.9e-05,32011.0,,,,
5476,8000,58938,1.8407,0.0103,3.588,3.497,0.007,0.07,23.67,0.94,0.0,926.0,439,469,18,47,51,2,283.0,0.0,3.9e-05,31945.0,,,,
5477,8000,58955,1.806,0.0152,3.5087,3.569,0.009,0.07,11.78,0.95,0.0,968.0,447,495,26,46,51,3,271.0,0.0,3.9e-05,31951.0,,,,
5478,8000,58971,1.803,-0.0114,3.5538,3.534,0.0138,0.08,8.42,0.94,0.0,1008.0,496,496,16,49,49,2,260.0,0.01,3.9e-05,31977.0,,,,
5479,8000,58988,1.7914,-0.0119,3.5334,3.546,0.0119,0.08,21.95,0.95,0.0,999.0,487,488,24,49,49,2,262.0,0.01,3.9e-05,31946.0,,,,
5480,8000,59004,1.7653,-0.0112,3.4811,3.543,0.0116,0.08,8.23,0.95,0.0,1003.0,479,498,26,48,50,3,261.0,0.01,3.9e-05,31947.0,,,,
5481,8000,59021,1.8967,0.011,3.6993,3.596,0.016,0.09,11.68,0.92,0.0,973.0,492,464,17,51,48,2,269.0,0.01,3.9e-05,30808.0,,,,
5482,8000,59038,1.801,0.0047,3.5199,3.598,0.0144,0.1,6.65,0.94,0.0,891.0,465,410,16,52,46,2,294.0,0.02,3.9e-05,31939.0,,,,
5483,8000,59054,1.7836,-0.0136,3.5237,3.76,0.0122,0.08,8.74,0.94,0.0,895.0,463,408,24,52,46,3,293.0,0.02,3.9e-05,31941.0,,,,
5484,8000,59071,1.7727,-0.0044,3.4828,3.75,0.0118,0.09,7.98,0.94,0.0,902.0,466,414,22,52,46,2,291.0,0.02,3.9e-05,31943.0,,,,
5485,8000,59087,1.7849,0.0051,3.4847,3.69,0.0121,0.09,6.56,0.94,0.0,925.0,475,440,10,51,48,1,283.0,0.03,3.9e-05,31951.0,,,,
5486,8000,59104,1.7763,0.0037,3.471,3.74,0.0161,0.09,5.4,0.94,0.0,903.0,500,390,13,55,43,1,290.0,0.02,3.9e-05,31957.0,,,,
5487,8000,59120,1.8553,-0.0025,3.6394,3.483,0.0127,0.09,7.49,0.94,0.0,1008.0,542,451,15,54,45,1,260.0,0.02,3.9e-05,31943.0,,,,
5488,8000,59137,1.891,0.0216,3.6624,3.453,0.0115,0.09,9.23,0.93,0.0,1061.0,563,486,12,53,46,1,247.0,0.01,3.9e-05,31941.0,,,,
5489,8000,59153,1.85,0.0336,3.5574,3.62,0.012,0.09,5.32,0.94,0.0,1056.0,525,520,11,50,49,1,248.0,0.02,3.9e-05,31934.0,,,,
5490,8000,59170,1.8322,0.02,3.5487,3.657,0.0125,0.09,7.94,0.94,0.0,999.0,544,450,5,54,45,1,262.0,0.01,3.8e-05,31969.0,,,,
5491,8000,59186,1.7978,0.0105,3.4987,3.647,0.0118,0.09,5.72,0.95,0.0,1009.0,532,475,2,53,47,0,260.0,0.01,3.8e-05,31949.0,,,,
5492,8000,59203,1.8302,0.027,3.5312,3.637,0.0113,0.09,10.49,0.95,0.0,994.0,566,420,8,57,42,1,264.0,0.01,3.8e-05,31940.0,,,,
5493,8000,59219,1.8495,0.0137,3.5964,3.622,0.0137,0.09,7.77,0.94,0.0,1059.0,564,484,11,53,46,1,248.0,0.01,3.8e-05,31942.0,,,,
5494,8000,59236,1.8807,0.0326,3.6201,3.536,0.0139,0.09,8.75,0.94,0.0,1028.0,554,467,7,54,45,1,255.0,0.01,3.8e-05,31943.0,,,,
5495,8000,59252,1.8536,0.0161,3.5983,3.503,0.0101,0.08,9.44,0.94,0.0,1037.0,584,446,7,56,43,1,253.0,0.01,3.8e-05,31934.0,,,,
5496,8000,59269,1.8328,0.0268,3.5366,3.621,0.0138,0.1,6.95,0.94,0.0,1021.0,576,436,9,56,43,1,257.0,0.01,3.8e-05,31957.0,,,,
5497,8000,59285,1.849,0.0346,3.5524,3.546,0.0122,0.09,7.49,0.94,0.0,952.0,515,430,7,54,45,1,275.0,0.02,3.8e-05,31948.0,,,,
5498,8000,59302,1.8353,0.0204,3.5538,3.582,0.0143,0.1,8.84,0.95,0.0,979.0,529,446,4,54,46,0,268.0,0.02,3.8e-05,31940.0,,,,
5499,8000,59318,1.8008,0.0192,3.4872,3.601,0.0135,0.09,5.81,0.95,0.0,991.0,514,473,4,52,48,0,265.0,0.0,3.8e-05,32013.0,93,0,419,18
5500,8000,59350,1.83,0.0211,3.5416,3.633,0.0135,0.09,7.96,0.95,0.0,1006.0,496,505,5,49,50,0,261.0,0.01,3.8e-05,32151.0,,,,
5501,8000,59367,1.9004,0.0277,3.6685,3.524,0.0153,0.1,6.53,0.93,0.0,1000.0,507,483,10,51,48,1,262.0,0.02,3.8e-05,30762.0,,,,
5502,8000,59383,1.8868,0.0445,3.6087,3.631,0.0133,0.09,8.66,0.93,0.0,1008.0,517,485,6,51,48,1,260.0,0.02,3.8e-05,31942.0,,,,
5503,8000,59400,1.8704,0.0346,3.5957,3.616,0.014,0.1,4.92,0.93,0.0,1014.0,504,495,15,50,49,1,259.0,0.03,3.8e-05,31934.0,,,,
5504,8000,59416,1.8471,0.0329,3.5528,3.676,0.0141,0.09,7.82,0.94,0.0,976.0,514,453,9,53,46,1,269.0,0.04,3.8e-05,31944.0,,,,
5505,8000,59433,1.7961,-0.0007,3.5188,3.727,0.0122,0.09,6.51,0.94,0.0,986.0,510,471,5,52,48,1,266.0,0.03,3.8e-05,31936.0,,,,
5506,8000,59449,1.8462,0.013,3.5905,3.642,0.0113,0.09,6.27,0.93,0.0,1027.0,527,492,8,51,48,1,255.0,0.03,3.8e-05,31951.0,,,,
5507,8000,59466,1.8323,0.0371,3.5145,3.622,0.0124,0.09,7.19,0.93,0.0,949.0,457,485,7,48,51,1,276.0,0.02,3.8e-05,31944.0,,,,
5508,8000,59482,1.8611,0.0271,3.5926,3.555,0.0125,0.09,11.52,0.93,0.0,1061.0,536,508,17,51,48,2,247.0,0.02,3.8e-05,31939.0,,,,
5509,8000,59499,1.8295,0.0297,3.5239,3.619,0.0138,0.09,6.76,0.94,0.0,992.0,528,455,9,53,46,1,264.0,0.02,3.8e-05,31946.0,,,,
5510,8000,59515,1.836,0.0194,3.5581,3.654,0.0136,0.09,5.75,0.93,0.0,1021.0,523,481,17,51,47,2,257.0,0.03,3.8e-05,31952.0,,,,
5511,8000,59531,1.8469,0.0245,3.5695,3.638,0.0115,0.09,6.62,0.93,0.0,1049.0,537,506,6,51,48,1,250.0,0.02,3.8e-05,32005.0,,,,
5512,8000,59548,1.8232,0.0208,3.5289,3.624,0.0123,0.09,6.08,0.94,0.0,980.0,532,438,10,54,45,1,267.0,0.02,3.8e-05,31943.0,,,,
5513,8000,59564,1.8241,0.0249,3.523,3.675,0.0118,0.08,8.94,0.94,0.0,997.0,498,488,11,50,49,1,263.0,0.01,3.8e-05,32022.0,,,,
5514,8000,59581,1.8307,0.0251,3.5358,3.713,0.0138,0.08,10.99,0.94,0.0,986.0,525,452,9,53,46,1,266.0,0.01,3.8e-05,31909.0,,,,
5515,8000,59597,1.8106,0.012,3.5215,3.651,0.0126,0.09,6.07,0.94,0.0,972.0,536,430,6,55,44,1,270.0,0.01,3.8e-05,31935.0,,,,
5516,8000,59614,1.7875,0.0019,3.4966,3.73,0.0116,0.09,6.18,0.94,0.0,991.0,508,473,10,51,48,1,265.0,0.01,3.8e-05,31916.0,,,,
5517,8000,59630,1.8028,-0.0038,3.5395,3.824,0.0105,0.08,8.7,0.94,0.0,1007.0,518,476,13,51,47,1,260.0,0.02,3.8e-05,31960.0,,,,
5518,8000,59647,1.8761,-0.0177,3.7118,3.648,0.0087,0.07,15.14,0.93,0.0,1051.0,569,474,8,54,45,1,249.0,0.02,3.8e-05,31930.0,,,,
5519,8000,59663,1.8287,0.0272,3.5267,3.577,0.0127,0.09,6.81,0.94,0.0,1026.0,511,511,4,50,50,0,256.0,0.01,3.8e-05,31940.0,,,,
5520,8000,59680,1.818,0.0025,3.5554,3.553,0.0099,0.08,5.63,0.94,0.0,1063.0,550,505,8,52,48,1,247.0,0.01,3.8e-05,31929.0,,,,
5521,8000,59697,1.8884,-0.008,3.7159,3.502,0.013,0.09,6.9,0.92,0.0,1232.0,585,636,11,47,52,1,213.0,0.01,3.8e-05,30793.0,,,,
5522,8000,59713,1.8802,-0.0014,3.6875,3.571,0.0141,0.1,5.88,0.92,0.0,1224.0,619,592,13,51,48,1,214.0,0.01,3.8e-05,31949.0,,,,
5523,8000,59730,1.8534,-0.0174,3.6656,3.579,0.013,0.09,5.34,0.92,0.0,1212.0,615,595,2,51,49,0,216.0,0.01,3.8e-05,32019.0,,,,
5524,8000,59746,1.894,0.0196,3.6727,3.566,0.0136,0.09,6.79,0.92,0.0,1202.0,592,601,9,49,50,1,218.0,0.02,3.8e-05,31976.0,,,,
5525,8000,59763,1.8711,0.0143,3.6381,3.66,0.0125,0.09,4.86,0.92,0.0,1160.0,583,567,10,50,49,1,226.0,0.03,3.8e-05,31962.0,,,,
5526,8000,59779,1.8471,-0.0127,3.6431,3.582,0.0074,0.07,10.4,0.92,0.0,1061.0,538,515,8,51,49,1,247.0,0.02,3.8e-05,31953.0,,,,
5527,8000,59795,1.8168,0.0149,3.5277,3.623,0.011,0.08,6.62,0.93,0.0,1046.0,505,533,8,48,51,1,251.0,0.03,3.8e-05,32007.0,,,,
5528,8000,59812,1.806,0.0057,3.5252,3.694,0.0103,0.08,7.28,0.93,0.0,1004.0,485,513,6,48,51,1,261.0,0.04,3.8e-05,31965.0,,,,
5529,8000,59828,1.8241,0.0068,3.5599,3.7,0.0092,0.07,9.12,0.93,0.0,1031.0,507,506,18,49,49,2,254.0,0.04,3.8e-05,32007.0,,,,
5530,8000,59845,1.8627,0.0112,3.628,3.613,0.0093,0.08,8.47,0.93,0.0,1110.0,544,537,29,49,48,3,236.0,0.02,3.8e-05,31979.0,,,,
5531,8000,59861,1.8305,0.0043,3.5769,3.679,0.0115,0.08,6.95,0.93,0.0,1153.0,621,508,24,54,44,2,227.0,0.01,3.8e-05,31951.0,,,,
5532,8000,59878,1.873,0.0184,3.6327,3.579,0.0129,0.1,5.33,0.93,0.0,1203.0,573,614,16,48,51,1,218.0,0.01,3.8e-05,32022.0,,,,
5533,8000,59894,1.8885,0.0217,3.6572,3.448,0.0146,0.1,6.11,0.92,0.0,1190.0,631,545,14,53,46,1,220.0,0.02,3.8e-05,31972.0,,,,
5534,8000,59911,1.8565,0.029,3.58,3.565,0.0133,0.1,6.94,0.93,0.0,1112.0,553,547,12,50,49,1,236.0,0.03,3.8e-05,31956.0,,,,
5535,8000,59927,1.8502,0.0029,3.6191,3.66,0.0114,0.08,9.43,0.93,0.0,1060.0,555,488,17,52,46,2,247.0,0.03,3.8e-05,31975.0,,,,
5536,8000,59944,1.8649,0.0041,3.6451,3.556,0.0105,0.09,10.21,0.93,0.0,1108.0,525,567,16,47,51,1,237.0,0.02,3.8e-05,31967.0,,,,
5537,8000,59960,1.8466,0.0105,3.5957,3.532,0.0113,0.09,12.19,0.94,0.0,1082.0,534,534,14,49,49,1,242.0,0.01,3.8e-05,31955.0,,,,
5538,8000,59977,1.8658,0.0262,3.6029,3.468,0.0116,0.08,7.69,0.94,0.0,1124.0,611,497,16,54,44,1,233.0,0.01,3.8e-05,31948.0,,,,
5539,8000,59993,1.9164,0.0398,3.6755,3.403,0.0106,0.08,13.03,0.93,0.0,1121.0,570,543,8,51,48,1,234.0,0.02,3.8e-05,31968.0,,,,
5540,8000,60010,1.8671,0.0444,3.5679,3.41,0.014,0.09,7.0,0.94,0.0,1084.0,553,521,10,51,48,1,242.0,0.02,3.8e-05,31960.0,,,,
5541,8000,60027,1.9437,0.039,3.732,3.42,0.0133,0.09,6.65,0.9,0.0,1087.0,525,552,10,48,51,1,241.0,0.02,3.8e-05,30809.0,,,,
5542,8000,60043,1.8915,0.0386,3.6282,3.418,0.013,0.09,7.74,0.92,0.0,1011.0,453,542,16,45,54,2,259.0,0.02,3.8e-05,32000.0,,,,
5543,8000,60060,1.8824,0.0293,3.6295,3.455,0.0121,0.09,6.46,0.91,0.0,1068.0,484,574,10,45,54,1,245.0,0.03,3.8e-05,31964.0,,,,
5544,8000,60076,1.8734,0.0237,3.6235,3.526,0.0133,0.09,6.64,0.92,0.0,1148.0,523,608,17,46,53,1,228.0,0.03,3.8e-05,31957.0,,,,
5545,8000,60092,1.8605,0.0255,3.5935,3.484,0.0136,0.1,7.11,0.92,0.0,1138.0,549,564,25,48,50,2,230.0,0.01,3.8e-05,31941.0,,,,
5546,8000,60109,1.8809,0.0303,3.625,3.499,0.0152,0.09,4.28,0.92,0.0,1255.0,573,671,11,46,53,1,209.0,0.02,3.8e-05,31922.0,,,,
5547,8000,60125,1.8776,0.024,3.6314,3.47,0.0133,0.1,4.91,0.92,0.0,1225.0,579,631,15,47,52,1,214.0,0.02,3.8e-05,31944.0,,,,
5548,8000,60142,1.879,0.0345,3.6128,3.443,0.0157,0.09,5.08,0.92,0.0,1148.0,548,591,9,48,51,1,228.0,0.02,3.8e-05,31921.0,,,,
5549,8000,60158,1.872,0.0235,3.6208,3.479,0.0136,0.09,4.93,0.92,0.0,1204.0,559,632,13,46,52,1,218.0,0.02,3.8e-05,31944.0,51,1,460,10
5550,8000,60190,1.8962,0.0273,3.6599,3.32,0.0116,0.09,7.47,0.92,0.0,1247.0,600,640,7,48,51,1,210.0,0.02,3.8e-05,32071.0,,,,
5551,8000,60207,1.8346,0.0114,3.5703,3.422,0.014,0.09,4.98,0.93,0.0,1251.0,603,635,13,48,51,1,210.0,0.01,3.8e-05,31946.0,,,,
5552,8000,60223,1.8666,0.0231,3.6118,3.476,0.0138,0.09,6.49,0.93,0.0,1304.0,623,669,12,48,51,1,201.0,0.02,3.8e-05,31992.0,,,,
5553,8000,60239,1.8358,0.0088,3.5796,3.484,0.0128,0.09,4.93,0.93,0.0,1258.0,613,630,15,49,50,1,208.0,0.02,3.8e-05,31927.0,,,,
5554,8000,60256,1.843,0.008,3.5938,3.461,0.0137,0.09,6.78,0.93,0.0,1194.0,569,620,5,48,52,0,220.0,0.02,3.8e-05,31936.0,,,,
5555,8000,60272,1.8289,0.0178,3.5465,3.539,0.0109,0.08,5.45,0.93,0.0,1130.0,579,546,5,51,48,0,232.0,0.02,3.8e-05,31940.0,,,,
5556,8000,60289,1.8091,0.0064,3.5308,3.458,0.0131,0.09,6.23,0.94,0.0,1163.0,612,543,8,53,47,1,225.0,0.02,3.8e-05,31944.0,,,,
5557,8000,60305,1.8191,0.0207,3.5272,3.602,0.0123,0.09,6.28,0.94,0.0,1097.0,563,512,22,51,47,2,239.0,0.01,3.8e-05,31986.0,,,,
5558,8000,60322,1.7859,0.0082,3.4844,3.609,0.0131,0.09,5.33,0.94,0.0,1153.0,562,568,23,49,49,2,227.0,0.01,3.8e-05,31990.0,,,,
5559,8000,60338,1.859,0.0016,3.6418,3.54,0.0099,0.07,11.6,0.94,0.0,1192.0,590,579,23,49,49,2,220.0,0.01,3.8e-05,31935.0,,,,
5560,8000,60355,1.8072,0.0145,3.513,3.592,0.012,0.09,5.09,0.94,0.0,1116.0,525,573,18,47,51,2,235.0,0.02,3.8e-05,31934.0,,,,
5561,8000,60372,1.8581,0.0013,3.6388,3.574,0.013,0.09,6.39,0.92,0.0,1037.0,502,523,12,48,50,1,253.0,0.02,3.8e-05,30764.0,,,,
5562,8000,60388,1.8046,-0.0094,3.555,3.712,0.0138,0.09,4.28,0.92,0.0,1091.0,570,501,20,52,46,2,240.0,0.02,3.8e-05,31950.0,,,,
5563,8000,60405,1.8544,0.0012,3.6332,3.723,0.0099,0.07,8.7,0.93,0.0,1091.0,558,514,19,51,47,2,240.0,0.02,3.8e-05,31896.0,,,,
5564,8000,60421,1.8245,-0.0028,3.5817,3.809,0.0123,0.08,5.42,0.93,0.0,1137.0,601,521,15,53,46,1,231.0,0.01,3.8e-05,31904.0,,,,
5565,8000,60438,1.7897,-0.0187,3.5429,3.8,0.0106,0.08,7.68,0.93,0.0,1068.0,557,503,8,52,47,1,245.0,0.01,3.8e-05,31916.0,,,,
5566,8000,60454,1.7949,-0.0063,3.5286,3.823,0.0123,0.08,4.98,0.93,0.0,1066.0,541,519,6,51,49,1,246.0,0.02,3.8e-05,31954.0,,,,
5567,8000,60471,1.8022,0.0004,3.53,3.803,0.0121,0.08,7.25,0.94,0.0,1076.0,549,519,8,51,48,1,244.0,0.02,3.8e-05,31958.0,,,,
5568,8000,60487,1.7839,-0.0128,3.5194,3.806,0.0093,0.07,5.43,0.94,0.0,1043.0,516,518,9,49,50,1,251.0,0.02,3.8e-05,31905.0,,,,
5569,8000,60504,1.7787,-0.0245,3.5332,3.902,0.0114,0.08,9.04,0.94,0.0,1035.0,509,517,9,49,50,1,253.0,0.02,3.8e-05,31907.0,,,,
5570,8000,60520,1.7577,-0.0135,3.4686,3.813,0.0129,0.09,5.86,0.94,0.0,960.0,499,456,5,52,48,1,273.0,0.01,3.8e-05,31969.0,,,,
5571,8000,60537,1.7876,-0.0055,3.5119,3.791,0.0109,0.08,6.11,0.94,0.0,1011.0,484,518,9,48,51,1,259.0,0.01,3.8e-05,31894.0,,,,
5572,8000,60553,1.7751,-0.0138,3.5032,3.743,0.0112,0.08,6.49,0.95,0.0,1032.0,530,491,11,51,48,1,254.0,0.02,3.8e-05,31911.0,,,,
5573,8000,60570,1.7463,-0.0198,3.4582,3.766,0.0117,0.08,5.08,0.95,0.0,983.0,505,471,7,51,48,1,267.0,0.02,3.8e-05,31897.0,,,,
5574,8000,60586,1.7948,-0.0061,3.5262,3.578,0.01,0.07,8.11,0.94,0.0,1013.0,492,506,15,49,50,1,259.0,0.02,3.8e-05,31909.0,,,,
5575,8000,60603,1.8338,-0.0126,3.6172,3.527,0.0136,0.08,9.33,0.94,0.0,1211.0,614,580,17,51,48,1,216.0,0.01,3.8e-05,31892.0,,,,
5576,8000,60619,1.8448,0.0066,3.6005,3.49,0.0151,0.1,4.47,0.94,0.0,1185.0,617,555,13,52,47,1,221.0,0.02,3.8e-05,31891.0,,,,
5577,8000,60636,1.8525,0.0059,3.6173,3.475,0.0158,0.1,5.88,0.93,0.0,1209.0,594,601,14,49,50,1,217.0,0.02,3.8e-05,31899.0,,,,
5578,8000,60652,1.8452,0.0135,3.587,3.489,0.0156,0.08,5.42,0.93,0.0,1150.0,569,576,5,49,50,0,228.0,0.02,3.8e-05,31897.0,,,,
5579,8000,60669,1.8322,0.0053,3.5791,3.595,0.0169,0.09,4.63,0.93,0.0,1119.0,536,572,11,48,51,1,234.0,0.02,3.8e-05,31907.0,,,,
5580,8000,60685,1.8521,0.0007,3.6279,3.502,0.014,0.09,4.46,0.93,0.0,1176.0,586,575,15,50,49,1,223.0,0.02,3.8e-05,31964.0,,,,
5581,8000,60702,1.9336,0.0199,3.7533,3.524,0.0185,0.1,4.59,0.91,0.0,1326.0,579,724,23,44,55,2,198.0,0.01,3.8e-05,30774.0,,,,
5582,8000,60719,1.9075,0.0199,3.7009,3.582,0.021,0.11,3.87,0.9,0.0,1326.0,612,700,14,46,53,1,198.0,0.02,3.8e-05,31938.0,,,,
5583,8000,60735,1.8998,0.0126,3.6993,3.588,0.0155,0.1,2.83,0.9,0.0,1360.0,614,737,9,45,54,1,193.0,0.02,3.8e-05,31922.0,,,,
5584,8000,60752,1.8659,0.0035,3.6502,3.641,0.0151,0.09,3.03,0.91,0.0,1371.0,622,741,8,45,54,1,191.0,0.02,3.8e-05,31914.0,,,,
5585,8000,60768,1.9134,0.0106,3.7299,3.541,0.0135,0.09,5.27,0.91,0.0,1302.0,622,669,11,48,51,1,201.0,0.01,3.8e-05,31993.0,,,,
5586,8000,60785,1.8896,0.0378,3.6278,3.511,0.0154,0.1,3.03,0.92,0.0,1319.0,620,693,6,47,53,0,199.0,0.01,3.8e-05,31947.0,,,,
5587,8000,60801,1.9169,0.0373,3.6825,3.424,0.0138,0.09,4.17,0.92,0.0,1344.0,654,683,7,49,51,1,195.0,0.02,3.8e-05,31988.0,,,,
5588,8000,60818,1.9175,0.0252,3.708,3.435,0.0139,0.09,3.87,0.92,0.0,1398.0,658,732,8,47,52,1,188.0,0.02,3.8e-05,31936.0,,,,
5589,8000,60834,1.904,0.0148,3.7013,3.399,0.0135,0.09,4.45,0.93,0.0,1345.0,651,687,7,48,51,1,195.0,0.01,3.8e-05,31997.0,,,,
5590,8000,60850,1.8593,0.0025,3.6364,3.384,0.0146,0.09,3.12,0.93,0.0,1305.0,606,694,5,46,53,0,201.0,0.02,3.8e-05,31923.0,,,,
5591,8000,60867,1.8861,0.0213,3.653,3.415,0.0111,0.08,4.24,0.93,0.0,1298.0,595,699,4,46,54,0,202.0,0.02,3.8e-05,31937.0,,,,
5592,8000,60883,1.8749,0.007,3.6585,3.363,0.0125,0.09,3.86,0.93,0.0,1317.0,623,690,4,47,52,0,199.0,0.01,3.8e-05,31931.0,,,,
5593,8000,60900,1.8653,0.007,3.639,3.308,0.0099,0.08,4.49,0.93,0.0,1281.0,590,687,4,46,54,0,205.0,0.01,3.8e-05,31930.0,,,,
5594,8000,60916,1.8896,0.014,3.6741,3.389,0.0133,0.09,4.66,0.92,0.0,1236.0,593,640,3,48,52,0,212.0,0.01,3.8e-05,31931.0,,,,
5595,8000,60933,1.8656,0.004,3.6465,3.433,0.0115,0.08,4.96,0.93,0.0,1295.0,610,682,3,47,53,0,202.0,0.01,3.8e-05,31939.0,,,,
5596,8000,60949,1.883,0.0133,3.6622,3.432,0.0118,0.08,5.5,0.93,0.0,1209.0,561,643,5,46,53,0,217.0,0.0,3.8e-05,31982.0,,,,
5597,8000,60966,1.8791,0.0168,3.648,3.495,0.0113,0.08,5.3,0.93,0.0,1155.0,521,629,5,45,54,0,227.0,0.01,3.8e-05,31931.0,,,,
5598,8000,60982,1.8355,0.0116,3.572,3.529,0.013,0.09,4.04,0.93,0.0,1105.0,496,601,8,45,54,1,237.0,0.01,3.8e-05,31950.0,,,,
5599,8000,60999,1.8255,0.0174,3.5402,3.521,0.0116,0.08,4.12,0.93,0.0,1112.0,518,585,9,47,53,1,236.0,0.01,3.8e-05,31920.0,113,0,399,22
5600,8000,61030,1.8789,0.0117,3.6591,3.484,0.0134,0.09,7.46,0.93,0.0,1185.0,562,614,9,47,52,1,221.0,0.01,3.8e-05,32045.0,,,,
5601,8000,61048,1.9354,0.0111,3.7718,3.407,0.0145,0.09,4.11,0.9,0.0,1228.0,569,636,23,46,52,2,213.0,0.01,3.8e-05,30846.0,,,,
5602,8000,61064,1.9443,0.0168,3.7782,3.352,0.0158,0.1,3.99,0.9,0.0,1314.0,631,669,14,48,51,1,200.0,0.02,3.8e-05,32006.0,,,,
5603,8000,61080,1.896,0.0081,3.7002,3.552,0.0143,0.09,3.61,0.9,0.0,1316.0,607,703,6,46,53,0,199.0,0.02,3.8e-05,31920.0,,,,
5604,8000,61097,1.8892,0.0159,3.6708,3.506,0.0133,0.09,3.7,0.91,0.0,1295.0,606,681,8,47,53,1,202.0,0.01,3.8e-05,31925.0,,,,
5605,8000,61113,1.9214,0.0193,3.7279,3.485,0.0113,0.08,5.44,0.91,0.0,1390.0,688,698,4,49,50,0,189.0,0.01,3.8e-05,31934.0,,,,
5606,8000,61130,1.8707,-0.002,3.6704,3.59,0.0122,0.09,4.08,0.92,0.0,1368.0,683,681,4,50,50,0,192.0,0.01,3.8e-05,31974.0,,,,
5607,8000,61146,1.8617,-0.002,3.6521,3.598,0.0126,0.09,3.51,0.92,0.0,1332.0,680,645,7,51,48,1,197.0,0.02,3.8e-05,31935.0,,,,
5608,8000,61163,1.8734,0.0042,3.6628,3.574,0.0093,0.07,7.16,0.93,0.0,1241.0,604,622,15,49,50,1,211.0,0.01,3.8e-05,31935.0,,,,
5609,8000,61179,1.8601,0.0128,3.6197,3.695,0.0117,0.08,4.73,0.93,0.0,1164.0,581,574,9,50,49,1,225.0,0.01,3.8e-05,31931.0,,,,
5610,8000,61196,1.8455,-0.0193,3.6545,3.652,0.012,0.08,4.39,0.93,0.0,1192.0,597,589,6,50,49,1,220.0,0.01,3.8e-05,31930.0,,,,
5611,8000,61212,1.87,0.006,3.6529,3.614,0.0139,0.09,4.06,0.93,0.0,1291.0,638,648,5,49,50,0,203.0,0.01,3.8e-05,31978.0,,,,
5612,8000,61229,1.8784,0.0018,3.6772,3.484,0.0107,0.08,4.76,0.93,0.0,1228.0,642,579,7,52,47,1,213.0,0.01,3.8e-05,31927.0,,,,
5613,8000,61245,1.8694,0.0175,3.6283,3.564,0.0115,0.09,4.76,0.93,0.0,1217.0,633,579,5,52,48,0,215.0,0.02,3.8e-05,31942.0,,,,
5614,8000,61262,1.8671,0.0068,3.6457,3.626,0.0122,0.08,5.73,0.94,0.0,1215.0,639,573,3,53,47,0,216.0,0.01,3.8e-05,31981.0,,,,
5615,8000,61278,1.8652,0.0116,3.6325,3.613,0.0116,0.08,4.78,0.94,0.0,1232.0,606,619,7,49,50,1,213.0,0.02,3.8e-05,31925.0,,,,
5616,8000,61295,1.8878,0.0187,3.6625,3.543,0.0108,0.08,4.84,0.94,0.0,1251.0,621,627,3,50,50,0,210.0,0.01,3.8e-05,31941.0,,,,
5617,8000,61311,1.8931,0.0216,3.6678,3.498,0.0165,0.1,5.42,0.93,0.0,1242.0,595,643,4,48,52,0,211.0,0.01,3.8e-05,31912.0,,,,
5618,8000,61328,1.8929,0.0281,3.6538,3.513,0.0108,0.08,6.09,0.93,0.0,1206.0,574,630,2,48,52,0,217.0,0.01,3.8e-05,31937.0,,,,
5619,8000,61344,1.9039,0.0282,3.6753,3.474,0.0135,0.09,4.24,0.93,0.0,1236.0,616,619,1,50,50,0,212.0,0.02,3.8e-05,31931.0,,,,
5620,8000,61361,1.9053,0.0275,3.6792,3.392,0.0131,0.09,5.83,0.93,0.0,1224.0,579,639,6,47,52,0,214.0,0.01,3.8e-05,31926.0,,,,
5621,8000,61378,1.94,0.0028,3.7984,3.448,0.0144,0.09,3.96,0.9,0.0,1382.0,633,736,13,46,53,1,190.0,0.01,3.8e-05,30822.0,,,,
5622,8000,61394,1.8978,-0.0013,3.7222,3.486,0.0135,0.09,4.62,0.91,0.0,1214.0,577,631,6,48,52,0,216.0,0.01,3.8e-05,31926.0,,,,
5623,8000,61411,1.8594,-0.0128,3.6689,3.526,0.0104,0.07,5.01,0.92,0.0,1179.0,541,632,6,46,54,1,222.0,0.01,3.7e-05,31949.0,,,,
5624,8000,61427,1.8689,-0.006,3.675,3.613,0.0111,0.08,4.92,0.92,0.0,1167.0,556,604,7,48,52,1,225.0,0.01,3.7e-05,31993.0,,,,
5625,8000,61443,1.844,-0.0116,3.6363,3.623,0.01,0.07,6.53,0.93,0.0,1155.0,549,596,10,48,52,1,227.0,0.01,3.7e-05,31995.0,,,,
5626,8000,61460,1.8409,0.0131,3.5816,3.581,0.01,0.08,5.87,0.93,0.0,1099.0,468,608,23,43,55,2,239.0,0.01,3.7e-05,31947.0,,,,
5627,8000,61476,1.811,0.0004,3.5483,3.651,0.0106,0.07,8.1,0.94,0.0,1037.0,511,507,19,49,49,2,253.0,0.01,3.7e-05,31925.0,,,,
5628,8000,61493,1.7858,-0.0129,3.5232,3.676,0.0093,0.07,6.79,0.94,0.0,1023.0,496,513,14,48,50,1,256.0,0.01,3.7e-05,31947.0,,,,
5629,8000,61509,1.7974,-0.0024,3.5265,3.761,0.0118,0.08,6.76,0.94,0.0,1020.0,472,515,33,46,50,3,257.0,0.0,3.7e-05,31937.0,,,,
5630,8000,61526,1.7965,-0.001,3.5208,3.686,0.0134,0.09,6.09,0.94,0.0,981.0,509,447,25,52,46,3,267.0,0.01,3.7e-05,31942.0,,,,
5631,8000,61542,1.7845,0.0061,3.4838,3.701,0.0097,0.07,8.25,0.94,0.0,966.0,469,476,21,49,49,2,271.0,0.01,3.7e-05,31940.0,,,,
5632,8000,61559,1.8184,0.0062,3.5531,3.574,0.0081,0.06,7.87,0.93,0.0,964.0,472,467,25,49,48,3,272.0,0.01,3.7e-05,31960.0,,,,
5633,8000,61575,1.8134,0.016,3.5228,3.586,0.0116,0.08,7.32,0.94,0.0,998.0,488,485,25,49,49,3,263.0,0.01,3.7e-05,31949.0,,,,
5634,8000,61592,1.8417,0.0116,3.5853,3.511,0.0123,0.08,6.76,0.93,0.0,1087.0,517,545,25,48,50,2,241.0,0.01,3.7e-05,31984.0,,,,
5635,8000,61608,1.843,0.0283,3.5543,3.48,0.0136,0.09,7.17,0.94,0.0,1076.0,552,500,24,51,46,2,244.0,0.01,3.7e-05,31933.0,,,,
5636,8000,61625,1.8242,0.0299,3.5129,3.537,0.015,0.09,5.21,0.94,0.0,1019.0,517,484,18,51,47,2,257.0,0.01,3.7e-05,31927.0,,,,
5637,8000,61641,1.8153,0.0218,3.5119,3.586,0.0119,0.08,7.3,0.94,0.0,995.0,468,505,22,47,51,2,263.0,0.01,3.7e-05,31935.0,,,,
5638,8000,61658,1.8175,0.0219,3.5164,3.589,0.0126,0.09,19.24,0.95,0.0,965.0,496,450,19,51,47,2,272.0,0.01,3.7e-05,31956.0,,,,
5639,8000,61674,1.8581,0.0414,3.5573,3.504,0.0113,0.09,8.17,0.94,0.0,981.0,471,496,14,48,51,1,267.0,0.01,3.7e-05,31946.0,,,,
5640,8000,61691,1.8689,0.0369,3.5877,3.396,0.0143,0.1,11.5,0.94,0.0,1007.0,466,528,13,46,52,1,260.0,0.01,3.7e-05,31932.0,,,,
5641,8000,61708,1.9263,0.0589,3.6593,3.445,0.0188,0.1,6.46,0.92,0.0,1080.0,528,533,19,49,49,2,243.0,0.01,3.7e-05,30837.0,,,,
5642,8000,61724,1.8914,0.0638,3.5801,3.611,0.0146,0.09,6.22,0.93,0.0,968.0,494,461,13,51,48,1,271.0,0.03,3.7e-05,31946.0,,,,
5643,8000,61741,1.8564,0.0427,3.5526,3.652,0.0157,0.1,5.97,0.93,0.0,987.0,493,482,12,50,49,1,266.0,0.05,3.7e-05,31962.0,,,,
5644,8000,61757,1.8223,0.038,3.496,3.773,0.0145,0.09,4.8,0.94,0.0,970.0,490,458,22,51,47,2,270.0,0.03,3.7e-05,31973.0,,,,
5645,8000,61774,1.8343,0.0335,3.5282,3.734,0.0186,0.1,6.06,0.94,0.0,951.0,475,463,13,50,49,1,276.0,0.02,3.7e-05,31964.0,,,,
5646,8000,61790,1.8255,0.0214,3.5323,3.537,0.0135,0.1,5.87,0.94,0.0,944.0,466,466,12,49,49,1,278.0,0.02,3.7e-05,31962.0,,,,
5647,8000,61807,1.8445,0.0441,3.5265,3.513,0.0124,0.09,5.01,0.94,0.0,964.0,468,474,22,49,49,2,272.0,0.02,3.7e-05,31959.0,,,,
5648,8000,61823,1.8331,0.0397,3.5141,3.555,0.0122,0.08,7.39,0.94,0.0,924.0,426,483,15,46,52,2,284.0,0.02,3.7e-05,31962.0,,,,
5649,8000,61839,1.8114,0.0323,3.4869,3.62,0.0148,0.1,6.37,0.94,0.0,919.0,465,434,20,51,47,2,285.0,0.02,3.7e-05,31955.0,162,0,350,32
5650,8000,61871,1.8217,0.0361,3.4986,3.607,0.011,0.08,6.71,0.94,0.0,952.0,460,475,17,48,50,2,275.0,0.02,3.7e-05,32101.0,,,,
5651,8000,61888,1.7813,0.0319,3.4253,3.641,0.0111,0.08,6.54,0.95,0.0,853.0,405,435,13,47,51,2,307.0,0.02,3.7e-05,31954.0,,,,
5652,8000,61904,1.796,0.0176,3.4872,3.753,0.0109,0.08,8.65,0.94,0.0,879.0,418,435,26,48,49,3,298.0,0.02,3.7e-05,31958.0,,,,
5653,8000,61920,1.8039,0.0298,3.4767,3.705,0.0147,0.1,5.85,0.94,0.0,903.0,444,441,18,49,49,2,290.0,0.02,3.7e-05,31972.0,,,,
5654,8000,61937,1.7638,0.0318,3.3943,3.836,0.0109,0.08,6.32,0.95,0.0,778.0,377,378,23,48,49,3,337.0,0.03,3.7e-05,31970.0,,,,
5655,8000,61953,1.7484,0.0174,3.3932,3.846,0.0099,0.08,10.59,0.95,0.0,755.0,384,351,20,51,46,3,347.0,0.02,3.7e-05,31973.0,,,,
5656,8000,61970,1.7635,0.0151,3.4252,3.814,0.0107,0.08,6.45,0.95,0.0,778.0,382,380,16,49,49,2,337.0,0.01,3.7e-05,31963.0,,,,
5657,8000,61986,1.7422,0.0145,3.3864,3.786,0.0099,0.08,7.58,0.95,0.0,737.0,355,353,29,48,48,4,356.0,0.01,3.7e-05,31939.0,,,,
5658,8000,62003,1.7897,0.0343,3.4424,3.72,0.0131,0.09,7.33,0.95,0.0,799.0,382,390,27,48,49,3,328.0,0.01,3.7e-05,31962.0,,,,
5659,8000,62019,1.815,0.0238,3.5116,3.642,0.0131,0.09,7.54,0.94,0.0,878.0,437,414,27,50,47,3,299.0,0.02,3.7e-05,32039.0,,,,
5660,8000,62036,1.8175,0.0253,3.5123,3.644,0.0139,0.09,7.05,0.94,0.0,931.0,452,457,22,49,49,2,282.0,0.02,3.7e-05,32009.0,,,,
5661,8000,62053,1.8692,0.0295,3.607,3.774,0.0148,0.1,5.95,0.93,0.0,972.0,471,476,25,48,49,3,270.0,0.01,3.7e-05,30753.0,,,,
5662,8000,62069,1.8552,0.021,3.5967,3.853,0.0107,0.08,10.55,0.94,0.0,949.0,469,462,18,49,49,2,276.0,0.01,3.7e-05,31898.0,,,,
5663,8000,62086,1.8212,0.0297,3.5114,3.904,0.011,0.08,5.44,0.94,0.0,1033.0,475,537,21,46,52,2,254.0,0.01,3.7e-05,31894.0,,,,
5664,8000,62102,1.8198,0.0161,3.5364,3.901,0.0097,0.08,6.41,0.94,0.0,984.0,463,501,20,47,51,2,266.0,0.01,3.7e-05,31900.0,,,,
5665,8000,62119,1.8593,0.0234,3.6001,3.813,0.0097,0.08,6.37,0.93,0.0,1060.0,487,552,21,46,52,2,247.0,0.01,3.7e-05,31951.0,,,,
5666,8000,62135,1.858,0.0265,3.5913,3.727,0.0107,0.08,7.46,0.94,0.0,1036.0,492,526,18,47,51,2,253.0,0.01,3.7e-05,31933.0,,,,
5667,8000,62152,1.8773,0.0209,3.6399,3.726,0.0098,0.08,7.21,0.94,0.0,1093.0,520,565,8,48,52,1,240.0,0.01,3.7e-05,31924.0,,,,
5668,8000,62168,1.878,0.0251,3.633,3.75,0.0114,0.09,7.62,0.94,0.0,1148.0,550,584,14,48,51,1,228.0,0.01,3.7e-05,31906.0,,,,
5669,8000,62185,1.8543,0.0207,3.595,3.741,0.0106,0.08,7.15,0.94,0.0,1054.0,508,533,13,48,51,1,249.0,0.01,3.7e-05,31910.0,,,,
5670,8000,62201,1.884,0.0395,3.6162,3.697,0.0095,0.08,5.15,0.94,0.0,1077.0,516,552,9,48,51,1,243.0,0.01,3.7e-05,31928.0,,,,
5671,8000,62218,1.8933,0.0436,3.6271,3.723,0.0098,0.08,7.73,0.94,0.0,1113.0,522,579,12,47,52,1,236.0,0.01,3.7e-05,31944.0,,,,
5672,8000,62234,1.953,0.0563,3.7207,3.638,0.0065,0.06,12.13,0.94,0.0,1096.0,517,568,11,47,52,1,239.0,0.01,3.7e-05,31978.0,,,,
5673,8000,62251,1.8891,0.0556,3.5942,3.652,0.0135,0.1,4.83,0.94,0.0,1104.0,524,571,9,47,52,1,237.0,0.01,3.7e-05,31953.0,,,,
5674,8000,62267,1.8775,0.0462,3.5904,3.713,0.0106,0.09,6.53,0.94,0.0,1075.0,515,550,10,48,51,1,244.0,0.01,3.7e-05,31950.0,,,,
5675,8000,62284,1.8694,0.0556,3.556,3.735,0.0116,0.1,5.52,0.95,0.0,1026.0,508,506,12,50,49,1,256.0,0.01,3.7e-05,31974.0,,,,
5676,8000,62300,1.8625,0.0526,3.5473,3.699,0.0108,0.09,4.93,0.95,0.0,1043.0,486,549,8,47,53,1,251.0,0.01,3.7e-05,31960.0,,,,
5677,8000,62317,1.8496,0.0401,3.547,3.739,0.0104,0.09,8.07,0.95,0.0,1018.0,504,504,10,50,50,1,258.0,0.01,3.7e-05,31939.0,,,,
5678,8000,62333,1.8709,0.0571,3.5577,3.819,0.0117,0.09,5.5,0.95,0.0,1031.0,499,515,17,48,50,2,254.0,0.01,3.7e-05,31944.0,,,,
5679,8000,62350,1.882,0.0273,3.6384,3.695,0.0097,0.09,5.19,0.94,0.0,1108.0,558,534,16,50,48,1,237.0,0.01,3.7e-05,31972.0,,,,
5680,8000,62366,1.873,0.0132,3.6467,3.715,0.0114,0.09,4.69,0.94,0.0,1154.0,597,549,8,52,48,1,227.0,0.02,3.7e-05,31955.0,,,,
5681,8000,62383,1.9698,0.0106,3.8447,3.653,0.0097,0.08,7.05,0.92,0.0,1272.0,606,655,11,48,51,1,206.0,0.02,3.7e-05,30797.0,,,,
5682,8000,62400,1.9661,0.0307,3.7977,3.65,0.0105,0.09,4.37,0.91,0.0,1326.0,664,657,5,50,50,0,198.0,0.01,3.7e-05,31921.0,,,,
5683,8000,62416,1.9639,0.0366,3.7805,3.568,0.0116,0.1,4.03,0.91,0.0,1341.0,663,675,3,49,50,0,195.0,0.01,3.7e-05,31925.0,,,,
5684,8000,62433,1.9371,0.0275,3.7462,3.694,0.0109,0.09,3.42,0.92,0.0,1368.0,722,642,4,53,47,0,192.0,0.01,3.7e-05,31927.0,,,,
5685,8000,62449,1.9576,0.0371,3.7665,3.565,0.0112,0.09,4.19,0.92,0.0,1481.0,708,772,1,48,52,0,177.0,0.01,3.7e-05,31921.0,,,,
5686,8000,62466,1.9302,0.0252,3.7353,3.525,0.0115,0.1,3.42,0.92,0.0,1392.0,706,684,2,51,49,0,188.0,0.01,3.7e-05,31955.0,,,,
5687,8000,62482,1.9314,0.0231,3.7423,3.571,0.0101,0.08,4.13,0.93,0.0,1307.0,650,649,8,50,50,1,201.0,0.01,3.7e-05,32001.0,,,,
5688,8000,62499,1.9305,0.0152,3.7559,3.511,0.0107,0.09,4.09,0.92,0.0,1351.0,658,688,5,49,51,0,194.0,0.0,3.7e-05,31986.0,,,,
5689,8000,62515,1.9233,0.0306,3.7112,3.585,0.0119,0.09,3.95,0.92,0.0,1312.0,660,644,8,50,49,1,200.0,0.01,3.7e-05,31919.0,,,,
5690,8000,62532,1.9286,0.0299,3.7233,3.619,0.0098,0.08,3.91,0.92,0.0,1279.0,657,616,6,51,48,0,205.0,0.01,3.7e-05,31923.0,,,,
5691,8000,62548,1.8881,0.0184,3.6651,3.571,0.0102,0.09,4.62,0.93,0.0,1227.0,620,601,6,51,49,0,214.0,0.01,3.7e-05,31936.0,,,,
5692,8000,62565,1.8599,0.0135,3.6187,3.648,0.0099,0.08,8.15,0.94,0.0,1151.0,557,581,13,48,50,1,228.0,0.01,3.7e-05,31944.0,,,,
5693,8000,62581,1.8609,0.0012,3.6452,3.618,0.0095,0.08,5.44,0.94,0.0,1183.0,619,559,5,52,47,0,222.0,0.01,3.7e-05,31944.0,,,,
5694,8000,62597,1.8679,0.0026,3.6569,3.575,0.0091,0.07,5.13,0.93,0.0,1220.0,594,608,18,49,50,1,215.0,0.01,3.7e-05,31971.0,,,,
5695,8000,62614,1.8708,-0.0014,3.6704,3.605,0.0108,0.09,5.71,0.93,0.0,1272.0,614,648,10,48,51,1,206.0,0.0,3.7e-05,31922.0,,,,
5696,8000,62630,1.8594,0.0102,3.6244,3.638,0.0114,0.09,5.11,0.94,0.0,1179.0,586,578,15,50,49,1,222.0,0.01,3.7e-05,31934.0,,,,
5697,8000,62647,1.8403,-0.0022,3.6128,3.726,0.0085,0.08,7.54,0.94,0.0,1125.0,574,537,14,51,48,1,233.0,0.0,3.7e-05,31994.0,,,,
5698,8000,62663,1.8025,-0.0141,3.5606,3.742,0.0086,0.08,5.27,0.94,0.0,1171.0,568,583,20,49,50,2,224.0,0.0,3.7e-05,31930.0,,,,
5699,8000,62680,1.8362,0.0014,3.5973,3.751,0.0081,0.07,7.81,0.94,0.0,1072.0,535,523,14,50,49,1,245.0,0.01,3.7e-05,31934.0,128,0,384,25
5700,8000,62712,1.8725,0.0249,3.623,3.649,0.0073,0.06,9.78,0.94,0.0,1069.0,523,527,19,49,49,2,245.0,0.0,3.7e-05,32089.0,,,,
5701,8000,62729,1.8921,0.0149,3.6829,3.8,0.0086,0.08,5.91,0.92,0.0,1037.0,451,569,17,43,55,2,253.0,0.01,3.7e-05,30779.0,,,,
5702,8000,62745,1.8813,0.0148,3.6613,3.783,0.0089,0.07,10.21,0.93,0.0,1083.0,493,556,34,46,51,3,242.0,0.01,3.7e-05,31988.0,,,,
5703,8000,62762,1.8853,0.0148,3.6687,3.757,0.013,0.09,4.27,0.92,0.0,1181.0,526,634,21,45,54,2,222.0,0.02,3.7e-05,31999.0,,,,
5704,8000,62778,1.9295,0.016,3.7533,3.647,0.0102,0.08,10.21,0.92,0.0,1213.0,562,636,15,46,52,1,216.0,0.01,3.7e-05,31997.0,,,,
5705,8000,62795,1.8928,0.0262,3.6602,3.717,0.0114,0.09,5.57,0.93,0.0,1203.0,552,639,12,46,53,1,218.0,0.01,3.7e-05,31919.0,,,,
5706,8000,62811,1.9159,0.026,3.7062,3.587,0.0103,0.09,5.71,0.93,0.0,1161.0,524,619,18,45,53,2,226.0,0.01,3.7e-05,31923.0,,,,
5707,8000,62828,1.8907,0.0112,3.6848,3.569,0.0096,0.09,5.57,0.93,0.0,1150.0,564,572,14,49,50,1,228.0,0.01,3.7e-05,31937.0,,,,
5708,8000,62844,1.9066,0.0255,3.6872,3.448,0.0123,0.1,7.24,0.93,0.0,1208.0,595,597,16,49,49,1,217.0,0.01,3.7e-05,31949.0,,,,
5709,8000,62861,1.97,0.0204,3.8241,3.424,0.0102,0.08,11.31,0.93,0.0,1178.0,596,570,12,51,48,1,223.0,0.01,3.7e-05,31963.0,,,,
5710,8000,62877,1.9375,0.0292,3.7407,3.386,0.0112,0.09,18.99,0.94,0.0,1114.0,536,567,11,48,51,1,235.0,0.01,3.7e-05,31955.0,,,,
5711,8000,62894,2.0093,0.0274,3.8865,3.316,0.0064,0.06,20.93,0.93,0.0,1227.0,608,607,12,50,49,1,214.0,0.01,3.7e-05,31942.0,,,,
5712,8000,62910,1.9003,-0.0047,3.7328,3.334,0.0091,0.08,10.77,0.93,0.0,1211.0,574,631,6,47,52,0,216.0,0.0,3.7e-05,31932.0,,,,
5713,8000,62926,1.9298,0.0233,3.7351,3.199,0.0104,0.09,9.94,0.93,0.0,1188.0,581,596,11,49,50,1,221.0,0.0,3.7e-05,31941.0,,,,
5714,8000,62943,1.9288,-0.0023,3.7853,3.295,0.0117,0.09,8.94,0.93,0.0,1250.0,585,656,9,47,52,1,210.0,0.01,3.7e-05,31943.0,,,,
5715,8000,62959,1.8767,-0.0409,3.7577,3.25,0.0112,0.09,8.73,0.93,0.0,1261.0,613,639,9,49,51,1,208.0,0.01,3.7e-05,31999.0,,,,
5716,8000,62976,1.8872,-0.0148,3.7266,3.267,0.0156,0.11,6.96,0.93,0.0,1302.0,655,643,4,50,49,0,201.0,0.01,3.7e-05,31925.0,,,,
5717,8000,62992,1.8949,-0.0151,3.743,3.327,0.0121,0.09,7.09,0.93,0.0,1318.0,631,687,0,48,52,0,199.0,0.01,3.7e-05,31997.0,,,,
5718,8000,63009,1.8829,-0.0123,3.714,3.404,0.0136,0.1,7.51,0.93,0.0,1227.0,583,641,3,48,52,0,214.0,0.01,3.7e-05,31925.0,,,,
5719,8000,63025,1.8649,-0.023,3.6993,3.371,0.0144,0.11,5.98,0.93,0.0,1279.0,622,655,2,49,51,0,205.0,0.01,3.7e-05,31970.0,,,,
5720,8000,63042,1.8787,0.0012,3.6793,3.457,0.0133,0.1,5.8,0.94,0.0,1224.0,587,636,1,48,52,0,214.0,0.01,3.7e-05,31944.0,,,,
5721,8000,63059,1.935,-0.0001,3.7945,3.438,0.0159,0.11,6.35,0.91,0.0,1288.0,661,625,2,51,49,0,204.0,0.01,3.7e-05,30784.0,,,,
5722,8000,63075,1.8991,-0.0308,3.784,3.419,0.0123,0.09,6.02,0.92,0.0,1342.0,698,642,2,52,48,0,195.0,0.01,3.7e-05,31922.0,,,,
5723,8000,63092,1.9414,0.0193,3.7681,3.378,0.0121,0.09,6.14,0.92,0.0,1341.0,676,664,1,50,50,0,195.0,0.01,3.7e-05,31965.0,,,,
5724,8000,63108,1.8825,-0.006,3.7014,3.471,0.0131,0.1,4.19,0.92,0.0,1335.0,696,638,1,52,48,0,196.0,0.0,3.7e-05,31942.0,,,,
5725,8000,63125,1.8587,0.0046,3.6325,3.474,0.0118,0.09,6.15,0.94,0.0,1167.0,573,594,0,49,51,0,225.0,0.0,3.7e-05,31951.0,,,,
5726,8000,63141,1.8539,-0.015,3.6617,3.401,0.012,0.09,4.87,0.93,0.0,1246.0,632,612,2,51,49,0,210.0,0.01,3.7e-05,31989.0,,,,
5727,8000,63158,1.8541,0.0025,3.6273,3.437,0.0098,0.08,7.0,0.94,0.0,1196.0,613,581,2,51,49,0,219.0,0.01,3.7e-05,31934.0,,,,
5728,8000,63174,1.8785,-0.0062,3.6944,3.444,0.0076,0.07,9.06,0.94,0.0,1161.0,587,566,8,51,49,1,226.0,0.01,3.7e-05,31932.0,,,,
5729,8000,63191,1.8674,0.0112,3.6361,3.357,0.0118,0.09,5.75,0.94,0.0,1251.0,613,634,4,49,51,0,210.0,0.01,3.7e-05,31924.0,,,,
5730,8000,63207,1.882,0.0062,3.6763,3.401,0.012,0.09,4.74,0.94,0.0,1259.0,638,612,9,51,49,1,208.0,0.0,3.7e-05,31944.0,,,,
5731,8000,63224,1.861,-0.0068,3.66,3.45,0.0102,0.09,7.84,0.94,0.0,1258.0,629,627,2,50,50,0,208.0,0.01,3.7e-05,31966.0,,,,
5732,8000,63240,1.8337,-0.0315,3.654,3.374,0.0112,0.09,7.97,0.94,0.0,1215.0,639,569,7,53,47,1,216.0,0.0,3.7e-05,31957.0,,,,
5733,8000,63257,1.8336,-0.016,3.624,3.485,0.0109,0.09,5.89,0.94,0.0,1219.0,641,571,7,53,47,1,215.0,0.01,3.7e-05,31952.0,,,,
5734,8000,63273,1.8541,0.0038,3.6259,3.59,0.0125,0.09,7.62,0.94,0.0,1196.0,623,569,4,52,48,0,219.0,0.01,3.7e-05,31926.0,,,,
5735,8000,63290,1.8756,0.0147,3.6472,3.53,0.0133,0.09,5.11,0.94,0.0,1256.0,680,568,8,54,45,1,209.0,0.02,3.7e-05,31928.0,,,,
5736,8000,63306,1.8724,-0.0144,3.6989,3.556,0.0117,0.08,6.63,0.93,0.0,1239.0,657,579,3,53,47,0,212.0,0.01,3.7e-05,32003.0,,,,
5737,8000,63323,1.868,-0.0151,3.6916,3.562,0.0091,0.08,6.05,0.94,0.0,1279.0,673,603,3,53,47,0,205.0,0.01,3.7e-05,31993.0,,,,
5738,8000,63339,1.8448,-0.0023,3.6196,3.56,0.0108,0.09,6.54,0.94,0.0,1228.0,678,548,2,55,45,0,213.0,0.01,3.7e-05,31949.0,,,,
5739,8000,63355,1.8581,0.0068,3.6276,3.565,0.0083,0.07,9.46,0.95,0.0,1154.0,589,560,5,51,49,0,227.0,0.01,3.7e-05,31944.0,,,,
5740,8000,63372,1.8688,0.0149,3.6333,3.538,0.0113,0.09,8.16,0.94,0.0,1133.0,589,537,7,52,47,1,231.0,0.0,3.7e-05,31919.0,,,,
5741,8000,63389,1.925,0.015,3.7466,3.618,0.0146,0.09,5.63,0.91,0.0,1156.0,559,591,6,48,51,1,227.0,0.01,3.7e-05,30779.0,,,,
5742,8000,63406,1.8942,0.0095,3.6957,3.534,0.0118,0.1,5.72,0.92,0.0,1104.0,574,515,15,52,47,1,237.0,0.01,3.7e-05,31920.0,,,,
5743,8000,63422,1.8722,0.0005,3.67,3.584,0.0093,0.08,10.43,0.93,0.0,1021.0,532,479,10,52,47,1,257.0,0.02,3.7e-05,31901.0,,,,
5744,8000,63439,1.8876,0.0144,3.6741,3.745,0.0101,0.08,8.55,0.92,0.0,1112.0,577,523,12,52,47,1,236.0,0.03,3.7e-05,31913.0,,,,
5745,8000,63455,1.8535,0.0045,3.625,3.707,0.0101,0.09,5.7,0.92,0.0,1099.0,572,521,6,52,47,1,239.0,0.04,3.7e-05,31922.0,,,,
5746,8000,63472,1.8963,0.0094,3.7012,3.694,0.0112,0.09,6.61,0.92,0.0,1162.0,599,544,19,52,47,2,226.0,0.03,3.7e-05,31901.0,,,,
5747,8000,63488,1.9049,0.0184,3.7006,3.672,0.0131,0.1,4.93,0.92,0.0,1245.0,647,586,12,52,47,1,211.0,0.03,3.7e-05,31972.0,,,,
5748,8000,63504,1.8901,0.0276,3.6526,3.697,0.0137,0.1,4.73,0.93,0.0,1256.0,663,579,14,53,46,1,209.0,0.02,3.7e-05,31937.0,,,,
5749,8000,63521,1.9279,0.0188,3.7453,3.645,0.0106,0.09,5.93,0.92,0.0,1308.0,707,591,10,54,45,1,200.0,0.01,3.7e-05,31926.0,156,0,356,30
5750,8000,63553,1.8977,0.0083,3.7053,3.619,0.0118,0.09,5.5,0.93,0.0,1292.0,674,615,3,52,48,0,203.0,0.01,3.7e-05,32036.0,,,,
5751,8000,63569,1.8943,-0.0021,3.7191,3.584,0.0111,0.09,4.47,0.93,0.0,1325.0,672,648,5,51,49,0,198.0,0.01,3.7e-05,31902.0,,,,
5752,8000,63586,1.923,0.0212,3.7296,3.57,0.0105,0.08,6.61,0.93,0.0,1321.0,683,636,2,52,48,0,198.0,0.01,3.7e-05,31962.0,,,,
5753,8000,63602,1.9365,0.0183,3.7619,3.51,0.0144,0.1,5.94,0.92,0.0,1399.0,708,687,4,51,49,0,187.0,0.01,3.7e-05,31907.0,,,,
5754,8000,63619,1.9282,0.0121,3.7583,3.571,0.0118,0.09,5.3,0.93,0.0,1369.0,733,631,5,54,46,0,191.0,0.01,3.7e-05,31902.0,,,,
5755,8000,63635,1.9165,-0.0012,3.7615,3.588,0.013,0.1,5.07,0.93,0.0,1325.0,707,618,0,53,47,0,198.0,0.01,3.7e-05,31906.0,,,,
5756,8000,63652,1.8768,-0.0063,3.6927,3.694,0.0109,0.09,7.18,0.93,0.0,1313.0,686,625,2,52,48,0,200.0,0.01,3.7e-05,31978.0,,,,
5757,8000,63668,1.9071,-0.0015,3.7436,3.64,0.012,0.09,7.37,0.93,0.0,1317.0,686,628,3,52,48,0,199.0,0.01,3.7e-05,31972.0,,,,
5758,8000,63684,1.8598,-0.0224,3.6911,3.651,0.0092,0.08,5.62,0.93,0.0,1276.0,679,594,3,53,47,0,205.0,0.01,3.7e-05,31904.0,,,,
5759,8000,63701,1.8656,-0.006,3.6704,3.668,0.0118,0.09,6.38,0.93,0.0,1237.0,645,580,12,52,47,1,212.0,0.01,3.7e-05,31909.0,,,,
5760,8000,63717,1.8437,-0.0049,3.6245,3.71,0.0111,0.09,5.19,0.94,0.0,1156.0,586,561,9,51,49,1,227.0,0.01,3.7e-05,31919.0,,,,
5761,8000,63735,1.9296,0.0042,3.7775,3.671,0.0111,0.09,7.06,0.91,0.0,1201.0,604,583,14,50,49,1,218.0,0.01,3.7e-05,30754.0,,,,
5762,8000,63751,1.9236,0.006,3.7613,3.599,0.0122,0.09,6.56,0.92,0.0,1224.0,582,619,23,48,51,2,214.0,0.01,3.7e-05,31921.0,,,,
5763,8000,63768,1.9229,0.0146,3.7428,3.608,0.0119,0.09,5.61,0.92,0.0,1224.0,609,608,7,50,50,1,214.0,0.01,3.6e-05,31898.0,,,,
5764,8000,63784,1.915,0.0116,3.7328,3.595,0.0116,0.1,5.35,0.92,0.0,1287.0,645,635,7,50,49,1,204.0,0.01,3.6e-05,31925.0,,,,
5765,8000,63800,1.9108,0.0001,3.7471,3.556,0.0118,0.09,4.77,0.92,0.0,1300.0,660,640,0,51,49,0,202.0,0.02,3.6e-05,31987.0,,,,
5766,8000,63817,1.9067,0.0114,3.7168,3.622,0.0133,0.1,4.38,0.93,0.0,1360.0,689,669,2,51,49,0,193.0,0.01,3.6e-05,31902.0,,,,
5767,8000,63833,1.9099,0.0117,3.7215,3.468,0.0118,0.09,4.08,0.93,0.0,1303.0,627,674,2,48,52,0,201.0,0.01,3.6e-05,31923.0,,,,
5768,8000,63850,1.9074,0.0033,3.7332,3.484,0.0108,0.1,4.06,0.93,0.0,1345.0,695,647,3,52,48,0,195.0,0.02,3.6e-05,31920.0,,,,
5769,8000,63866,1.8882,-0.0021,3.7063,3.557,0.012,0.1,4.3,0.94,0.0,1333.0,690,643,0,52,48,0,197.0,0.01,3.6e-05,31968.0,,,,
5770,8000,63883,1.8932,-0.0161,3.744,3.557,0.0092,0.08,6.09,0.93,0.0,1285.0,657,626,2,51,49,0,204.0,0.01,3.6e-05,31934.0,,,,
5771,8000,63899,1.8697,-0.0194,3.7043,3.613,0.0114,0.09,4.55,0.93,0.0,1342.0,654,687,1,49,51,0,195.0,0.01,3.6e-05,31921.0,,,,
5772,8000,63916,1.8767,0.0006,3.6777,3.576,0.0147,0.1,4.46,0.94,0.0,1304.0,662,640,2,51,49,0,201.0,0.01,3.6e-05,31934.0,,,,
5773,8000,63932,1.8978,0.0196,3.6821,3.596,0.0137,0.1,4.2,0.93,0.0,1311.0,643,664,4,49,51,0,200.0,0.01,3.6e-05,31985.0,,,,
5774,8000,63949,1.9103,0.0054,3.7361,3.678,0.0103,0.08,5.73,0.93,0.0,1420.0,703,715,2,50,50,0,185.0,0.01,3.6e-05,31992.0,,,,
5775,8000,63965,1.8973,-0.0124,3.7449,3.586,0.0111,0.09,5.13,0.93,0.0,1297.0,662,631,4,51,49,0,202.0,0.01,3.6e-05,31895.0,,,,
5776,8000,63982,1.9069,0.0197,3.7005,3.638,0.0109,0.09,5.07,0.94,0.0,1317.0,635,680,2,48,52,0,199.0,0.01,3.6e-05,31913.0,,,,
5777,8000,63998,1.9364,0.0477,3.7037,3.703,0.0114,0.09,5.61,0.93,0.0,1349.0,676,672,1,50,50,0,194.0,0.0,3.6e-05,31916.0,,,,
5778,8000,64015,1.8997,0.02,3.6856,3.714,0.0089,0.08,6.81,0.94,0.0,1307.0,661,642,4,51,49,0,201.0,0.01,3.6e-05,31911.0,,,,
5779,8000,64031,1.9091,0.0222,3.7004,3.746,0.0117,0.08,5.0,0.94,0.0,1329.0,649,677,3,49,51,0,197.0,0.01,3.6e-05,31925.0,,,,
5780,8000,64048,1.9183,0.0309,3.7014,3.704,0.0103,0.08,6.0,0.93,0.0,1313.0,657,654,2,50,50,0,200.0,0.01,3.6e-05,31909.0,,,,
5781,8000,64065,2.0064,0.0464,3.8471,3.756,0.0133,0.09,4.88,0.91,0.0,1384.0,720,663,1,52,48,0,189.0,0.01,3.6e-05,30824.0,,,,
5782,8000,64081,1.9722,0.049,3.7729,3.725,0.0157,0.1,5.06,0.91,0.0,1336.0,690,644,2,52,48,0,196.0,0.02,3.6e-05,31985.0,,,,
5783,8000,64098,1.9255,0.0251,3.728,3.825,0.0097,0.08,5.72,0.92,0.0,1316.0,688,625,3,52,47,0,199.0,0.02,3.6e-05,31939.0,,,,
5784,8000,64114,1.8958,0.0192,3.6807,3.857,0.0112,0.08,6.15,0.92,0.0,1274.0,629,639,6,49,50,0,206.0,0.03,3.6e-05,31989.0,,,,
5785,8000,64131,1.8944,0.0109,3.6939,3.804,0.0106,0.08,6.27,0.92,0.0,1312.0,702,608,2,54,46,0,200.0,0.02,3.6e-05,31935.0,,,,
5786,8000,64147,1.8565,-0.0183,3.6766,3.794,0.0108,0.08,8.14,0.92,0.0,1350.0,708,637,5,52,47,0,194.0,0.02,3.6e-05,31940.0,,,,
5787,8000,64164,1.8887,0.0072,3.6893,3.736,0.0094,0.07,7.47,0.93,0.0,1260.0,678,577,5,54,46,0,208.0,0.01,3.6e-05,31958.0,,,,
5788,8000,64180,1.8567,-0.0072,3.6548,3.813,0.0117,0.08,6.22,0.93,0.0,1224.0,663,553,8,54,45,1,214.0,0.01,3.6e-05,31921.0,,,,
5789,8000,64197,1.8466,-0.0177,3.6552,3.844,0.0107,0.08,7.85,0.93,0.0,1183.0,641,526,16,54,44,1,222.0,0.01,3.6e-05,31929.0,,,,
5790,8000,64213,1.8955,-0.0015,3.7214,3.781,0.0081,0.07,10.25,0.93,0.0,1228.0,642,568,18,52,46,1,213.0,0.0,3.6e-05,31969.0,,,,
5791,8000,64229,1.8781,0.0042,3.6745,3.731,0.0092,0.08,6.51,0.93,0.0,1225.0,624,584,17,51,48,1,214.0,0.01,3.6e-05,31997.0,,,,
5792,8000,64246,1.9263,0.0278,3.7234,3.675,0.0106,0.08,8.96,0.93,0.0,1234.0,652,569,13,53,46,1,212.0,0.02,3.6e-05,32006.0,,,,
5793,8000,64262,1.8777,0.0168,3.648,3.731,0.0121,0.09,6.27,0.94,0.0,1208.0,649,548,11,54,45,1,217.0,0.02,3.6e-05,31932.0,,,,
5794,8000,64279,1.8926,0.0062,3.6988,3.706,0.0106,0.08,7.6,0.93,0.0,1215.0,668,540,7,55,44,1,216.0,0.02,3.6e-05,31990.0,,,,
5795,8000,64295,1.8982,0.0201,3.6819,3.663,0.011,0.09,7.24,0.94,0.0,1221.0,642,574,5,53,47,0,215.0,0.02,3.6e-05,31957.0,,,,
5796,8000,64312,1.8977,0.0195,3.6827,3.649,0.0144,0.1,6.4,0.94,0.0,1180.0,604,566,10,51,48,1,222.0,0.01,3.6e-05,31939.0,,,,
5797,8000,64328,1.8729,0.0095,3.6539,3.804,0.0126,0.09,6.94,0.94,0.0,1192.0,657,533,2,55,45,0,220.0,0.01,3.6e-05,31937.0,,,,
5798,8000,64345,1.8882,0.0059,3.6906,3.708,0.0138,0.09,6.14,0.94,0.0,1235.0,645,588,2,52,48,0,212.0,0.01,3.6e-05,31929.0,,,,
5799,8000,64361,1.9056,0.0129,3.7109,3.651,0.0145,0.1,7.16,0.94,0.0,1254.0,667,582,5,53,46,0,209.0,0.01,3.6e-05,31943.0,199,1,312,39
5800,8000,64393,1.891,0.016,3.6757,3.643,0.0133,0.1,5.25,0.93,0.0,1312.0,717,594,1,55,45,0,200.0,0.01,3.6e-05,32148.0,,,,
5801,8000,64410,1.9108,0.008,3.7324,3.736,0.0185,0.11,4.33,0.92,0.0,1294.0,689,605,0,53,47,0,203.0,0.01,3.6e-05,30808.0,,,,
5802,8000,64427,1.8809,0.0067,3.6765,3.927,0.013,0.09,6.49,0.93,0.0,1172.0,621,549,2,53,47,0,224.0,0.02,3.6e-05,31944.0,,,,
5803,8000,64443,1.9052,0.0069,3.7242,3.871,0.0097,0.08,8.08,0.93,0.0,1189.0,651,538,0,55,45,0,220.0,0.01,3.6e-05,31945.0,,,,
5804,8000,64460,1.8862,0.0287,3.6429,3.904,0.0123,0.09,6.1,0.93,0.0,1230.0,662,566,2,54,46,0,213.0,0.01,3.6e-05,32020.0,,,,
5805,8000,64476,1.8803,0.0306,3.6271,3.863,0.0137,0.09,4.75,0.93,0.0,1192.0,650,539,3,55,45,0,220.0,0.01,3.6e-05,31950.0,,,,
5806,8000,64493,1.8788,0.0232,3.6385,3.79,0.0101,0.08,6.46,0.94,0.0,1162.0,625,533,4,54,46,0,226.0,0.02,3.6e-05,31962.0,,,,
5807,8000,64509,1.8621,0.0349,3.5817,3.774,0.0124,0.09,7.14,0.94,0.0,1127.0,591,531,5,52,47,0,233.0,0.04,3.6e-05,31956.0,,,,
5808,8000,64525,1.8312,0.0214,3.5477,3.812,0.0125,0.09,4.43,0.94,0.0,1167.0,618,542,7,53,46,1,225.0,0.05,3.6e-05,31941.0,,,,
5809,8000,64542,1.8119,-0.0026,3.5572,3.862,0.0103,0.08,5.06,0.94,0.0,1097.0,588,504,5,54,46,0,239.0,0.04,3.6e-05,31949.0,,,,
5810,8000,64558,1.853,0.0157,3.6024,3.841,0.0114,0.09,8.46,0.94,0.0,1190.0,661,523,6,56,44,1,220.0,0.02,3.6e-05,31957.0,,,,
5811,8000,64575,1.8706,0.0335,3.6014,3.813,0.0119,0.08,5.91,0.94,0.0,1182.0,635,543,4,54,46,0,222.0,0.01,3.6e-05,31948.0,,,,
5812,8000,64591,1.8869,0.0243,3.6529,3.786,0.0117,0.09,8.21,0.94,0.0,1213.0,662,543,8,55,45,1,216.0,0.01,3.6e-05,31945.0,,,,
5813,8000,64608,1.8589,0.0174,3.6094,3.721,0.011,0.09,6.54,0.94,0.0,1183.0,592,589,2,50,50,0,222.0,0.01,3.6e-05,31997.0,,,,
5814,8000,64624,1.8795,0.0291,3.6287,3.83,0.0144,0.09,5.42,0.94,0.0,1243.0,663,577,3,53,46,0,211.0,0.01,3.6e-05,31987.0,,,,
5815,8000,64641,1.848,0.0087,3.6063,3.837,0.0096,0.08,11.07,0.94,0.0,1208.0,663,542,3,55,45,0,217.0,0.01,3.6e-05,31996.0,,,,
5816,8000,64657,1.8634,0.0207,3.6127,3.778,0.012,0.09,4.46,0.94,0.0,1204.0,639,561,4,53,47,0,218.0,0.02,3.6e-05,31966.0,,,,
5817,8000,64674,1.8944,0.0368,3.6425,3.816,0.0126,0.09,7.78,0.94,0.0,1201.0,641,560,0,53,47,0,218.0,0.01,3.6e-05,31953.0,,,,
5818,8000,64690,1.8639,0.0298,3.5954,3.803,0.0105,0.08,6.8,0.94,0.0,1163.0,589,567,7,51,49,1,225.0,0.01,3.6e-05,31956.0,,,,
5819,8000,64707,1.8651,0.0421,3.5737,3.862,0.0104,0.08,6.63,0.94,0.0,1085.0,541,540,4,50,50,0,242.0,0.01,3.6e-05,32015.0,,,,
5820,8000,64723,1.8504,0.0268,3.576,3.931,0.0116,0.09,9.2,0.94,0.0,1039.0,504,529,6,49,51,1,252.0,0.01,3.6e-05,31940.0,,,,
5821,8000,64740,1.8998,0.0381,3.6529,4.016,0.0118,0.08,6.89,0.92,0.0,1132.0,543,572,17,48,51,2,232.0,0.01,3.6e-05,30788.0,,,,
5822,8000,64757,1.8945,0.0444,3.6289,4.017,0.0114,0.08,7.12,0.93,0.0,1157.0,548,596,13,47,52,1,227.0,0.01,3.6e-05,31882.0,,,,
5823,8000,64773,1.8764,0.0244,3.633,4.007,0.0101,0.07,8.06,0.93,0.0,1157.0,613,530,14,53,46,1,227.0,0.01,3.6e-05,31960.0,,,,
5824,8000,64790,1.8373,0.0091,3.5857,4.09,0.013,0.08,4.9,0.93,0.0,1093.0,548,526,19,50,48,2,240.0,0.01,3.6e-05,31913.0,,,,
5825,8000,64806,1.8032,0.0017,3.5324,4.157,0.0097,0.07,6.21,0.93,0.0,1155.0,575,568,12,50,49,1,227.0,0.0,3.6e-05,31886.0,,,,
5826,8000,64823,1.8477,0.004,3.6167,4.162,0.0089,0.07,7.57,0.93,0.0,1188.0,601,573,14,51,48,1,221.0,0.0,3.6e-05,31911.0,,,,
5827,8000,64839,1.8526,0.011,3.6128,4.184,0.0094,0.07,8.4,0.94,0.0,1227.0,605,602,20,49,49,2,214.0,0.0,3.6e-05,31872.0,,,,
5828,8000,64856,1.865,0.0158,3.628,4.1,0.009,0.07,8.07,0.94,0.0,1227.0,606,598,23,49,49,2,214.0,0.01,3.6e-05,31955.0,,,,
5829,8000,64872,1.8427,0.0098,3.5961,4.196,0.0094,0.07,8.02,0.94,0.0,1236.0,601,628,7,49,51,1,212.0,0.0,3.6e-05,31920.0,,,,
5830,8000,64889,1.8177,-0.0157,3.597,4.17,0.01,0.07,7.07,0.94,0.0,1209.0,600,603,6,50,50,0,217.0,0.01,3.6e-05,31899.0,,,,
5831,8000,64905,1.8755,0.0026,3.6758,4.125,0.0105,0.07,8.46,0.93,0.0,1238.0,634,596,8,51,48,1,212.0,0.01,3.6e-05,31900.0,,,,
5832,8000,64922,1.8341,-0.0033,3.6043,4.034,0.0111,0.08,6.49,0.94,0.0,1187.0,581,601,5,49,51,0,221.0,0.02,3.6e-05,31914.0,,,,
5833,8000,64938,1.8414,0.0054,3.6019,4.104,0.0124,0.09,5.37,0.94,0.0,1161.0,562,595,4,48,51,0,226.0,0.02,3.6e-05,31901.0,,,,
5834,8000,64955,1.8136,-0.005,3.5675,4.185,0.0122,0.09,7.02,0.95,0.0,1116.0,571,540,5,51,48,0,235.0,0.01,3.6e-05,31969.0,,,,
5835,8000,64971,1.8461,-0.0092,3.6405,4.06,0.0123,0.08,6.87,0.94,0.0,1242.0,599,631,12,48,51,1,211.0,0.02,3.6e-05,31911.0,,,,
5836,8000,64988,1.8283,-0.0109,3.6081,4.064,0.0133,0.09,5.51,0.94,0.0,1243.0,610,626,7,49,50,1,211.0,0.02,3.6e-05,31899.0,,,,
5837,8000,65004,1.8213,-0.0105,3.5937,4.113,0.0114,0.08,6.3,0.94,0.0,1271.0,606,652,13,48,51,1,206.0,0.02,3.6e-05,31902.0,,,,
5838,8000,65020,1.8299,-0.0122,3.6149,4.168,0.0101,0.08,6.64,0.94,0.0,1201.0,571,624,6,48,52,0,218.0,0.02,3.6e-05,31964.0,,,,
5839,8000,65037,1.8564,-0.0029,3.6499,4.234,0.013,0.09,5.57,0.94,0.0,1262.0,619,635,8,49,50,1,208.0,0.02,3.6e-05,31898.0,,,,
5840,8000,65053,1.8654,0.0045,3.6527,4.179,0.0115,0.08,4.86,0.94,0.0,1284.0,623,652,9,49,51,1,204.0,0.03,3.6e-05,31952.0,,,,
5841,8000,65071,1.8993,-0.0069,3.7429,4.093,0.0139,0.09,4.36,0.92,0.0,1248.0,619,623,6,50,50,0,210.0,0.02,3.6e-05,30779.0,,,,
5842,8000,65087,1.8564,-0.01,3.6637,4.122,0.0134,0.1,4.65,0.93,0.0,1226.0,599,620,7,49,51,1,214.0,0.02,3.6e-05,31998.0,,,,
5843,8000,65103,1.8695,-0.0153,3.7016,4.197,0.01,0.08,4.85,0.93,0.0,1292.0,623,662,7,48,51,1,203.0,0.01,3.6e-05,31952.0,,,,
5844,8000,65120,1.8449,-0.0213,3.6643,4.193,0.0109,0.09,4.04,0.93,0.0,1282.0,612,667,3,48,52,0,204.0,0.01,3.6e-05,31911.0,,,,
5845,8000,65136,1.9151,0.0075,3.7463,4.162,0.0101,0.08,5.39,0.92,0.0,1342.0,634,701,7,47,52,1,195.0,0.01,3.6e-05,31951.0,,,,
5846,8000,65153,1.9299,0.016,3.7582,4.067,0.01,0.08,4.87,0.92,0.0,1372.0,669,698,5,49,51,0,191.0,0.01,3.6e-05,32004.0,,,,
5847,8000,65169,1.9172,0.0091,3.7467,4.059,0.0126,0.09,3.72,0.92,0.0,1396.0,706,688,2,51,49,0,188.0,0.01,3.6e-05,31937.0,,,,
5848,8000,65186,1.9102,-0.0018,3.753,3.91,0.0112,0.09,3.91,0.92,0.0,1341.0,651,688,2,49,51,0,195.0,0.01,3.6e-05,31916.0,,,,
5849,8000,65202,1.9189,0.0106,3.7456,3.913,0.0111,0.08,4.15,0.92,0.0,1448.0,727,719,2,50,50,0,181.0,0.01,3.6e-05,31921.0,282,0,230,55
5850,8000,65234,1.9325,0.0153,3.7638,3.941,0.0101,0.08,5.04,0.92,0.0,1423.0,675,745,3,47,52,0,184.0,0.01,3.6e-05,32093.0,,,,
5851,8000,65250,1.8713,-0.0283,3.7288,3.952,0.0114,0.09,3.73,0.92,0.0,1457.0,759,693,5,52,48,0,180.0,0.01,3.6e-05,31999.0,,,,
5852,8000,65267,1.9001,0.005,3.7198,3.948,0.0115,0.09,3.54,0.92,0.0,1424.0,703,720,1,49,51,0,184.0,0.01,3.6e-05,31926.0,,,,
5853,8000,65283,1.9163,0.0014,3.76,3.989,0.0123,0.09,4.55,0.92,0.0,1434.0,690,742,2,48,52,0,183.0,0.01,3.6e-05,31931.0,,,,
5854,8000,65300,1.8783,-0.027,3.7403,3.981,0.0118,0.08,4.58,0.93,0.0,1452.0,697,753,2,48,52,0,181.0,0.01,3.6e-05,31915.0,,,,
5855,8000,65316,1.9167,-0.0064,3.7754,3.907,0.0122,0.09,4.38,0.92,0.0,1463.0,714,747,2,49,51,0,179.0,0.01,3.6e-05,31988.0,,,,
5856,8000,65333,1.8771,-0.0153,3.7138,3.889,0.0091,0.08,4.41,0.93,0.0,1419.0,679,739,1,48,52,0,185.0,0.01,3.6e-05,32006.0,,,,
5857,8000,65349,1.9046,0.004,3.7308,3.995,0.0102,0.08,4.58,0.93,0.0,1458.0,713,743,2,49,51,0,180.0,0.01,3.6e-05,31943.0,,,,
5858,8000,65366,1.9388,0.0057,3.7958,3.984,0.0107,0.08,5.78,0.93,0.0,1432.0,689,742,1,48,52,0,183.0,0.01,3.6e-05,32000.0,,,,
5859,8000,65382,1.9008,0.0189,3.693,3.913,0.0105,0.08,5.22,0.93,0.0,1422.0,660,758,4,46,53,0,184.0,0.01,3.6e-05,31997.0,,,,
5860,8000,65399,1.9482,0.0305,3.7643,3.887,0.0119,0.08,4.55,0.93,0.0,1451.0,660,790,1,45,54,0,181.0,0.01,3.6e-05,31979.0,,,,
5861,8000,65416,1.953,-0.0203,3.8759,3.932,0.0131,0.09,4.23,0.9,0.0,1475.0,713,762,0,48,52,0,178.0,0.01,3.6e-05,30802.0,,,,
5862,8000,65432,1.9333,-0.0276,3.8501,3.81,0.0132,0.09,3.62,0.9,0.0,1545.0,742,803,0,48,52,0,170.0,0.02,3.6e-05,31936.0,,,,
5863,8000,65449,1.9329,0.0025,3.7888,3.825,0.0124,0.09,4.26,0.9,0.0,1471.0,723,747,1,49,51,0,178.0,0.02,3.6e-05,31944.0,,,,
5864,8000,65465,1.9676,0.0332,3.797,3.836,0.0118,0.08,4.5,0.9,0.0,1488.0,746,741,1,50,50,0,176.0,0.02,3.6e-05,31925.0,,,,
5865,8000,65482,1.9634,0.0275,3.7998,3.84,0.0119,0.08,4.49,0.91,0.0,1481.0,722,758,1,49,51,0,177.0,0.01,3.6e-05,31937.0,,,,
5866,8000,65498,1.9343,0.0019,3.7923,3.763,0.0111,0.09,4.23,0.92,0.0,1464.0,749,714,1,51,49,0,179.0,0.01,3.6e-05,31892.0,,,,
5867,8000,65514,1.9091,-0.0123,3.7696,3.671,0.0127,0.09,4.83,0.92,0.0,1446.0,727,715,4,50,49,0,181.0,0.01,3.6e-05,31995.0,,,,
5868,8000,65531,1.9454,0.0022,3.8143,3.753,0.0153,0.1,3.8,0.91,0.0,1530.0,790,739,1,52,48,0,171.0,0.01,3.6e-05,31941.0,,,,
5869,8000,65547,1.907,-0.0063,3.754,3.735,0.0107,0.09,4.49,0.92,0.0,1447.0,731,716,0,51,49,0,181.0,0.01,3.6e-05,31988.0,,,,
5870,8000,65564,1.933,0.016,3.7615,3.758,0.013,0.09,3.86,0.92,0.0,1493.0,743,750,0,50,50,0,176.0,0.01,3.6e-05,31907.0,,,,
5871,8000,65580,1.9454,0.0233,3.7722,3.794,0.0125,0.09,3.72,0.91,0.0,1520.0,756,762,2,50,50,0,172.0,0.01,3.6e-05,31904.0,,,,
5872,8000,65597,1.9343,0.0028,3.7908,3.797,0.0141,0.1,4.3,0.92,0.0,1520.0,788,731,1,52,48,0,172.0,0.01,3.6e-05,31903.0,,,,
5873,8000,65613,1.9392,0.0134,3.7794,3.767,0.0127,0.09,3.7,0.92,0.0,1561.0,795,766,0,51,49,0,168.0,0.0,3.6e-05,31925.0,,,,
5874,8000,65630,1.9373,0.0156,3.7711,3.748,0.0126,0.09,3.73,0.92,0.0,1455.0,745,709,1,51,49,0,180.0,0.01,3.6e-05,31912.0,,,,
5875,8000,65646,1.9211,0.0132,3.7433,3.741,0.0128,0.1,4.26,0.93,0.0,1389.0,723,665,1,52,48,0,189.0,0.01,3.6e-05,31972.0,,,,
5876,8000,65663,1.9084,0.0015,3.7408,3.673,0.0131,0.09,4.09,0.93,0.0,1395.0,733,662,0,53,47,0,188.0,0.01,3.6e-05,31907.0,,,,
5877,8000,65679,1.8849,0.0132,3.671,3.756,0.0153,0.1,4.07,0.93,0.0,1377.0,720,655,2,52,48,0,190.0,0.0,3.6e-05,31894.0,,,,
5878,8000,65696,1.9134,0.0237,3.7073,3.77,0.017,0.09,4.92,0.94,0.0,1397.0,722,673,2,52,48,0,188.0,0.01,3.6e-05,31889.0,,,,
5879,8000,65712,1.9416,0.0151,3.7803,3.701,0.0126,0.09,4.74,0.93,0.0,1482.0,773,707,2,52,48,0,177.0,0.01,3.6e-05,31911.0,,,,
5880,8000,65729,1.9286,0.0285,3.727,3.628,0.0119,0.09,4.29,0.93,0.0,1387.0,677,706,4,49,51,0,189.0,0.01,3.6e-05,31970.0,,,,
5881,8000,65746,1.9885,0.0256,3.8535,3.714,0.0122,0.09,4.89,0.9,0.0,1376.0,688,684,4,50,50,0,191.0,0.01,3.6e-05,30730.0,,,,
5882,8000,65762,1.9407,0.0105,3.7876,3.657,0.0118,0.09,4.33,0.91,0.0,1334.0,657,675,2,49,51,0,197.0,0.01,3.6e-05,31920.0,,,,
5883,8000,65779,1.9044,0.0113,3.7137,3.751,0.0117,0.09,4.19,0.92,0.0,1351.0,593,755,3,44,56,0,194.0,0.01,3.6e-05,31954.0,,,,
5884,8000,65795,1.94,0.0166,3.7743,3.723,0.0127,0.09,4.39,0.92,0.0,1370.0,645,721,4,47,53,0,191.0,0.03,3.6e-05,31912.0,,,,
5885,8000,65812,1.9199,0.0139,3.7394,3.71,0.0129,0.09,3.68,0.92,0.0,1333.0,622,708,3,47,53,0,197.0,0.03,3.6e-05,31897.0,,,,
5886,8000,65828,1.9034,0.0039,3.7253,3.617,0.0111,0.08,4.13,0.93,0.0,1348.0,639,708,1,47,53,0,194.0,0.01,3.6e-05,31893.0,,,,
5887,8000,65845,1.9083,0.0104,3.7223,3.588,0.0132,0.1,4.36,0.93,0.0,1312.0,638,673,1,49,51,0,200.0,0.01,3.6e-05,31992.0,,,,
5888,8000,65861,1.9158,0.0202,3.7168,3.506,0.0124,0.09,4.53,0.93,0.0,1331.0,626,704,1,47,53,0,197.0,0.01,3.6e-05,31898.0,,,,
5889,8000,65878,1.9205,0.0305,3.7061,3.51,0.0138,0.09,4.39,0.93,0.0,1341.0,602,736,3,45,55,0,195.0,0.01,3.6e-05,31985.0,,,,
5890,8000,65894,1.9432,0.0284,3.7554,3.484,0.0119,0.09,4.11,0.93,0.0,1388.0,659,726,3,47,52,0,189.0,0.01,3.6e-05,31981.0,,,,
5891,8000,65911,1.9124,0.0141,3.7222,3.469,0.0118,0.09,4.09,0.93,0.0,1392.0,619,771,2,44,55,0,188.0,0.01,3.6e-05,31903.0,,,,
5892,8000,65927,1.9319,0.0146,3.7605,3.501,0.0131,0.09,4.21,0.93,0.0,1442.0,715,721,6,50,50,0,182.0,0.01,3.6e-05,31983.0,,,,
5893,8000,65944,1.9539,0.0289,3.7756,3.481,0.012,0.09,4.08,0.92,0.0,1436.0,671,761,4,47,53,0,183.0,0.01,3.6e-05,31915.0,,,,
5894,8000,65960,1.9589,0.0277,3.7881,3.467,0.0151,0.1,3.98,0.92,0.0,1463.0,720,742,1,49,51,0,179.0,0.01,3.6e-05,31902.0,,,,
5895,8000,65977,1.9822,0.03,3.8308,3.546,0.0109,0.09,6.26,0.92,0.0,1457.0,666,789,2,46,54,0,180.0,0.01,3.6e-05,31925.0,,,,
5896,8000,65993,1.9443,0.0412,3.7336,3.606,0.012,0.09,4.2,0.93,0.0,1376.0,631,741,4,46,54,0,191.0,0.01,3.6e-05,31899.0,,,,
5897,8000,66010,1.9283,0.0349,3.7142,3.651,0.0124,0.1,3.48,0.93,0.0,1318.0,638,677,3,48,51,0,199.0,0.01,3.6e-05,31999.0,,,,
5898,8000,66026,1.9077,0.0132,3.7158,3.614,0.0114,0.09,5.34,0.93,0.0,1374.0,683,689,2,50,50,0,191.0,0.01,3.6e-05,31902.0,,,,
5899,8000,66043,1.9353,0.0255,3.7459,3.566,0.0132,0.09,5.23,0.93,0.0,1399.0,654,744,1,47,53,0,187.0,0.01,3.6e-05,31892.0,217,0,295,42
5900,8000,66074,1.9415,0.0276,3.7547,3.617,0.0123,0.09,4.05,0.93,0.0,1486.0,679,802,5,46,54,0,176.0,0.01,3.6e-05,32091.0,,,,
5901,8000,66091,2.0032,0.0377,3.858,3.602,0.013,0.09,3.69,0.9,0.0,1494.0,722,772,0,48,52,0,175.0,0.01,3.6e-05,30774.0,,,,
5902,8000,66108,1.9813,0.0267,3.836,3.591,0.0145,0.1,3.78,0.89,0.0,1463.0,701,762,0,48,52,0,179.0,0.02,3.6e-05,31950.0,,,,
5903,8000,66124,1.9711,0.0244,3.8208,3.668,0.0129,0.1,3.48,0.9,0.0,1478.0,765,710,3,52,48,0,177.0,0.02,3.6e-05,31926.0,,,,
5904,8000,66141,1.953,0.0227,3.7879,3.629,0.0129,0.09,3.21,0.9,0.0,1501.0,719,778,4,48,52,0,175.0,0.02,3.6e-05,31942.0,,,,
5905,8000,66157,1.9644,0.0208,3.8146,3.65,0.0121,0.09,3.78,0.9,0.0,1471.0,742,723,6,50,49,0,178.0,0.02,3.6e-05,31931.0,,,,
5906,8000,66174,1.9553,0.0154,3.806,3.522,0.0124,0.1,3.37,0.9,0.0,1402.0,676,718,8,48,51,1,187.0,0.02,3.6e-05,31932.0,,,,
5907,8000,66190,1.9493,0.0088,3.8068,3.456,0.0151,0.11,3.77,0.9,0.0,1431.0,708,718,5,49,50,0,183.0,0.02,3.6e-05,31959.0,,,,
5908,8000,66207,1.9619,0.0121,3.8254,3.395,0.0118,0.1,3.94,0.9,0.0,1418.0,712,691,15,50,49,1,185.0,0.01,3.6e-05,31943.0,,,,
5909,8000,66223,1.9805,0.0277,3.832,3.462,0.0132,0.1,3.65,0.9,0.0,1451.0,718,722,11,49,50,1,181.0,0.01,3.6e-05,31935.0,,,,
5910,8000,66240,1.9517,0.0208,3.7881,3.45,0.0112,0.1,3.36,0.91,0.0,1409.0,684,719,6,49,51,0,186.0,0.02,3.5e-05,31934.0,,,,
5911,8000,66256,1.954,0.0144,3.8052,3.457,0.0123,0.09,4.37,0.91,0.0,1418.0,680,733,5,48,52,0,185.0,0.01,3.5e-05,31942.0,,,,
5912,8000,66273,1.924,0.0156,3.7429,3.48,0.0127,0.1,3.37,0.91,0.0,1332.0,660,663,9,50,50,1,197.0,0.02,3.5e-05,31948.0,,,,
5913,8000,66289,1.9273,0.0224,3.7363,3.512,0.0113,0.09,4.07,0.91,0.0,1342.0,628,704,10,47,52,1,195.0,0.01,3.5e-05,31964.0,,,,
5914,8000,66305,1.9437,0.0287,3.7562,3.519,0.0105,0.09,3.86,0.92,0.0,1349.0,651,694,4,48,51,0,194.0,0.02,3.5e-05,31941.0,,,,
5915,8000,66322,1.925,0.036,3.7045,3.551,0.0112,0.09,3.65,0.92,0.0,1279.0,613,653,13,48,51,1,205.0,0.02,3.5e-05,31941.0,,,,
5916,8000,66338,1.9245,0.0388,3.6984,3.572,0.0105,0.09,4.23,0.93,0.0,1295.0,621,660,14,48,51,1,202.0,0.02,3.5e-05,31932.0,,,,
5917,8000,66355,1.9116,0.0274,3.6952,3.577,0.0119,0.1,4.03,0.93,0.0,1293.0,642,647,4,50,50,0,203.0,0.02,3.5e-05,32012.0,,,,
5918,8000,66371,1.9527,0.0396,3.7518,3.429,0.0118,0.1,4.66,0.92,0.0,1249.0,618,621,10,49,50,1,210.0,0.02,3.5e-05,31950.0,,,,
5919,8000,66388,1.9801,0.0564,3.7737,3.496,0.0108,0.09,4.82,0.92,0.0,1222.0,617,600,5,50,49,0,215.0,0.02,3.5e-05,32004.0,,,,
5920,8000,66404,1.9552,0.0268,3.7828,3.474,0.0105,0.09,4.88,0.92,0.0,1234.0,596,634,4,48,51,0,212.0,0.02,3.5e-05,31929.0,,,,
5921,8000,66421,1.95,0.0051,3.8155,3.455,0.0123,0.1,3.48,0.9,0.0,1243.0,602,638,3,48,51,0,211.0,0.02,3.5e-05,30730.0,,,,
5922,8000,66438,1.956,0.0069,3.8238,3.446,0.0109,0.09,4.53,0.91,0.0,1317.0,645,670,2,49,51,0,199.0,0.01,3.5e-05,31884.0,,,,
5923,8000,66454,1.9509,0.0282,3.7719,3.544,0.0111,0.09,5.18,0.91,0.0,1339.0,652,682,5,49,51,0,196.0,0.0,3.5e-05,31953.0,,,,
5924,8000,66471,1.9029,0.007,3.7189,3.617,0.0095,0.08,5.57,0.92,0.0,1263.0,610,643,10,48,51,1,208.0,0.01,3.5e-05,31892.0,,,,
5925,8000,66487,1.8614,0.0099,3.6301,3.674,0.01,0.09,4.21,0.93,0.0,1179.0,569,602,8,48,51,1,222.0,0.01,3.5e-05,31861.0,,,,
5926,8000,66504,1.9001,0.0151,3.6964,3.578,0.0105,0.09,4.77,0.94,0.0,1222.0,573,641,8,47,52,1,215.0,0.0,3.5e-05,31873.0,,,,
5927,8000,66520,1.8517,-0.0095,3.6485,3.561,0.01,0.08,4.87,0.93,0.0,1211.0,594,610,7,49,50,1,216.0,0.0,3.5e-05,31865.0,,,,
5928,8000,66537,1.8645,-0.0162,3.6885,3.662,0.0095,0.09,4.94,0.93,0.0,1260.0,613,638,9,49,51,1,208.0,0.01,3.5e-05,31909.0,,,,
5929,8000,66553,1.8622,-0.0044,3.661,3.673,0.0108,0.09,4.0,0.93,0.0,1244.0,625,608,11,50,49,1,211.0,0.0,3.5e-05,31854.0,,,,
5930,8000,66570,1.8592,-0.0032,3.6528,3.682,0.0114,0.09,4.74,0.93,0.0,1204.0,586,603,15,49,50,1,218.0,0.0,3.5e-05,31930.0,,,,
5931,8000,66586,1.8257,-0.0178,3.6154,3.768,0.0088,0.08,5.32,0.93,0.0,1161.0,558,592,11,48,51,1,226.0,0.01,3.5e-05,31888.0,,,,
5932,8000,66603,1.8454,-0.0097,3.6403,3.757,0.0107,0.08,6.33,0.93,0.0,1173.0,585,568,20,50,48,2,223.0,0.01,3.5e-05,31878.0,,,,
5933,8000,66619,1.8294,0.0007,3.587,3.739,0.0101,0.08,5.21,0.94,0.0,1119.0,567,535,17,51,48,2,234.0,0.01,3.5e-05,31912.0,,,,
5934,8000,66636,1.832,0.0029,3.5874,3.759,0.0101,0.08,4.84,0.94,0.0,1116.0,542,557,17,49,50,2,235.0,0.01,3.5e-05,31859.0,,,,
5935,8000,66652,1.8148,0.0074,3.5455,3.832,0.0105,0.08,5.31,0.94,0.0,1101.0,522,562,17,47,51,2,238.0,0.01,3.5e-05,31885.0,,,,
5936,8000,66669,1.8369,0.0014,3.6002,3.843,0.0093,0.08,7.61,0.94,0.0,1063.0,505,547,11,48,51,1,247.0,0.02,3.5e-05,31872.0,,,,
5937,8000,66685,1.8517,0.0133,3.6081,3.88,0.0102,0.09,6.81,0.94,0.0,1117.0,552,547,18,49,49,2,235.0,0.01,3.5e-05,31865.0,,,,
5938,8000,66702,1.8777,0.0282,3.6308,3.801,0.0118,0.09,5.81,0.93,0.0,1103.0,536,549,18,49,50,2,238.0,0.02,3.5e-05,31874.0,,,,
5939,8000,66718,1.8214,0.0211,3.5317,3.835,0.0103,0.09,6.0,0.94,0.0,1025.0,477,530,18,47,52,2,256.0,0.01,3.5e-05,31859.0,,,,
5940,8000,66735,1.8609,0.023,3.6047,3.85,0.008,0.07,7.99,0.94,0.0,1064.0,515,542,7,48,51,1,246.0,0.02,3.5e-05,31859.0,,,,
5941,8000,66752,1.8752,0.0081,3.6634,3.884,0.0116,0.09,4.91,0.93,0.0,1101.0,569,521,11,52,47,1,238.0,0.02,3.5e-05,30846.0,,,,
5942,8000,66769,1.8871,0.0067,3.6902,3.91,0.0097,0.08,6.1,0.93,0.0,1136.0,593,529,14,52,47,1,231.0,0.02,3.5e-05,31916.0,,,,
5943,8000,66785,1.8609,0.018,3.6163,4.002,0.0115,0.08,5.53,0.94,0.0,1139.0,562,565,12,49,50,1,230.0,0.01,3.5e-05,31936.0,,,,
5944,8000,66801,1.876,0.0095,3.6627,3.947,0.0108,0.09,5.71,0.94,0.0,1154.0,587,559,8,51,48,1,227.0,0.01,3.5e-05,31979.0,,,,
5945,8000,66818,1.8521,0.001,3.6316,3.923,0.0105,0.08,6.17,0.94,0.0,1102.0,529,567,6,48,51,1,238.0,0.02,3.5e-05,31974.0,,,,
5946,8000,66834,1.8848,0.0322,3.6352,3.905,0.0129,0.09,6.05,0.94,0.0,1106.0,544,554,8,49,50,1,237.0,0.02,3.5e-05,31918.0,,,,
5947,8000,66851,1.8677,0.0034,3.6577,3.809,0.0102,0.09,6.47,0.94,0.0,1152.0,552,594,6,48,52,1,228.0,0.02,3.5e-05,31998.0,,,,
5948,8000,66867,1.8777,-0.0163,3.7177,3.773,0.0116,0.09,5.47,0.93,0.0,1246.0,640,596,10,51,48,1,210.0,0.02,3.5e-05,31924.0,,,,
5949,8000,66884,1.855,-0.0252,3.69,3.817,0.0124,0.09,5.14,0.93,0.0,1237.0,610,620,7,49,50,1,212.0,0.01,3.5e-05,31974.0,204,0,308,40
5950,8000,66915,1.8775,0.001,3.6824,3.764,0.0141,0.1,4.88,0.93,0.0,1243.0,646,590,7,52,47,1,211.0,0.01,3.5e-05,32063.0,,,,
5951,8000,66932,1.8302,-0.0016,3.5947,3.886,0.0126,0.09,5.41,0.94,0.0,1189.0,609,566,14,51,48,1,220.0,0.02,3.5e-05,31927.0,,,,
5952,8000,66948,1.8563,0.0039,3.6349,3.905,0.0132,0.1,5.31,0.94,0.0,1212.0,650,553,9,54,46,1,216.0,0.02,3.5e-05,31991.0,,,,
5953,8000,66965,1.9004,0.0066,3.7173,3.849,0.0124,0.09,7.04,0.93,0.0,1232.0,666,552,14,54,45,1,213.0,0.02,3.5e-05,31994.0,,,,
5954,8000,66981,1.8957,0.0186,3.6848,3.842,0.0122,0.09,5.84,0.94,0.0,1268.0,642,611,15,51,48,1,207.0,0.01,3.5e-05,31933.0,,,,
5955,8000,66998,1.8963,0.0212,3.6809,3.91,0.0134,0.09,4.55,0.94,0.0,1348.0,695,643,10,52,48,1,194.0,0.01,3.5e-05,31937.0,,,,
5956,8000,67014,1.8739,0.0062,3.665,3.837,0.0129,0.09,5.53,0.94,0.0,1232.0,635,592,5,52,48,0,213.0,0.01,3.5e-05,31944.0,,,,
5957,8000,67031,1.8525,0.0082,3.6193,3.96,0.0126,0.08,5.25,0.94,0.0,1242.0,646,584,12,52,47,1,211.0,0.02,3.5e-05,31975.0,,,,
5958,8000,67047,1.8316,-0.0022,3.5976,3.959,0.0129,0.09,4.08,0.94,0.0,1316.0,651,659,6,49,50,0,199.0,0.03,3.5e-05,31934.0,,,,
5959,8000,67064,1.8671,0.0118,3.6398,3.85,0.0113,0.09,4.73,0.94,0.0,1303.0,677,617,9,52,47,1,201.0,0.02,3.5e-05,31922.0,,,,
5960,8000,67080,1.8666,0.009,3.6438,3.813,0.0128,0.09,5.66,0.94,0.0,1253.0,642,607,4,51,48,0,209.0,0.01,3.5e-05,31983.0,,,,
5961,8000,67097,1.9604,0.0185,3.8117,3.645,0.0115,0.09,6.99,0.92,0.0,1254.0,638,610,6,51,49,0,209.0,0.01,3.5e-05,30804.0,,,,
5962,8000,67114,1.9248,0.0066,3.764,3.637,0.0146,0.1,4.88,0.91,0.0,1311.0,643,663,5,49,51,0,200.0,0.01,3.5e-05,31940.0,,,,
5963,8000,67130,1.9219,0.0194,3.733,3.728,0.0129,0.09,5.51,0.92,0.0,1362.0,681,674,7,50,49,1,192.0,0.01,3.5e-05,31992.0,,,,
5964,8000,67147,1.9075,0.0075,3.7292,3.76,0.0132,0.1,4.06,0.91,0.0,1344.0,675,657,12,50,49,1,195.0,0.02,3.5e-05,31939.0,,,,
5965,8000,67163,1.8814,0.0009,3.6885,3.655,0.0148,0.1,4.61,0.92,0.0,1288.0,638,644,6,50,50,0,204.0,0.02,3.5e-05,31940.0,,,,
5966,8000,67180,1.8919,0.0191,3.6734,3.637,0.0129,0.1,4.39,0.93,0.0,1298.0,624,662,12,48,51,1,202.0,0.02,3.5e-05,31943.0,,,,
5967,8000,67196,1.9028,0.0357,3.6623,3.699,0.014,0.11,4.62,0.93,0.0,1268.0,641,621,6,51,49,0,207.0,0.02,3.5e-05,31952.0,,,,
5968,8000,67213,1.9015,0.0245,3.6808,3.603,0.0213,0.1,5.82,0.93,0.0,1258.0,642,606,10,51,48,1,208.0,0.02,3.5e-05,31924.0,,,,
5969,8000,67229,1.9099,0.0263,3.6934,3.501,0.0149,0.11,4.64,0.93,0.0,1308.0,673,623,12,51,48,1,200.0,0.02,3.5e-05,31924.0,,,,
5970,8000,67246,1.894,0.0093,3.6953,3.544,0.0124,0.09,4.95,0.93,0.0,1293.0,670,617,6,52,48,0,203.0,0.03,3.5e-05,31956.0,,,,
5971,8000,67262,1.8995,0.0125,3.6999,3.535,0.0133,0.1,3.62,0.93,0.0,1293.0,672,615,6,52,48,0,203.0,0.02,3.5e-05,31939.0,,,,
5972,8000,67279,1.8944,0.0077,3.7,3.586,0.0111,0.09,4.28,0.93,0.0,1315.0,682,625,8,52,48,1,199.0,0.03,3.5e-05,31947.0,,,,
5973,8000,67295,1.9086,0.0234,3.6969,3.573,0.011,0.09,4.8,0.93,0.0,1319.0,676,634,9,51,48,1,199.0,0.03,3.5e-05,31949.0,,,,
5974,8000,67311,1.8994,0.0234,3.6789,3.596,0.0105,0.09,4.11,0.94,0.0,1299.0,696,597,6,54,46,0,202.0,0.01,3.5e-05,31941.0,,,,
5975,8000,67328,1.8937,0.0185,3.677,3.611,0.0142,0.1,4.46,0.94,0.0,1278.0,646,625,7,51,49,1,205.0,0.02,3.5e-05,31960.0,,,,
5976,8000,67344,1.8325,-0.001,3.5946,3.67,0.0112,0.08,4.55,0.94,0.0,1263.0,676,583,4,54,46,0,208.0,0.02,3.5e-05,31959.0,,,,
5977,8000,67361,1.8637,0.0153,3.6238,3.674,0.0119,0.09,5.17,0.95,0.0,1217.0,624,587,6,51,48,0,215.0,0.02,3.5e-05,31987.0,,,,
5978,8000,67377,1.8769,0.0201,3.6412,3.681,0.011,0.09,5.08,0.94,0.0,1230.0,650,575,5,53,47,0,213.0,0.02,3.5e-05,31939.0,,,,
5979,8000,67394,1.8832,0.0222,3.6495,3.58,0.0129,0.09,4.65,0.94,0.0,1222.0,664,551,7,54,45,1,215.0,0.02,3.5e-05,31951.0,,,,
5980,8000,67410,1.8586,-0.0022,3.648,3.554,0.0127,0.09,5.36,0.94,0.0,1208.0,651,554,3,54,46,0,217.0,0.01,3.5e-05,31963.0,,,,
5981,8000,67427,1.91,0.007,3.7322,3.519,0.0123,0.09,4.96,0.93,0.0,1218.0,639,574,5,52,47,0,215.0,0.02,3.5e-05,30829.0,,,,
5982,8000,67444,1.9167,0.021,3.7182,3.607,0.0115,0.08,5.81,0.93,0.0,1218.0,652,555,11,54,46,1,215.0,0.02,3.5e-05,31970.0,,,,
5983,8000,67460,1.8972,0.0331,3.6554,3.646,0.0112,0.08,5.58,0.93,0.0,1144.0,571,563,10,50,49,1,229.0,0.02,3.5e-05,31942.0,,,,
5984,8000,67477,1.9124,0.0284,3.6945,3.59,0.0111,0.09,4.73,0.93,0.0,1184.0,598,580,6,51,49,1,221.0,0.01,3.5e-05,31945.0,,,,
5985,8000,67493,1.8798,0.0243,3.6378,3.613,0.014,0.1,5.18,0.94,0.0,1166.0,588,569,9,50,49,1,225.0,0.01,3.5e-05,31989.0,,,,
5986,8000,67510,1.8721,0.0075,3.6554,3.502,0.0106,0.09,5.59,0.94,0.0,1205.0,626,571,8,52,47,1,218.0,0.01,3.5e-05,31946.0,,,,
5987,8000,67526,1.8774,-0.0,3.6818,3.56,0.0099,0.08,10.2,0.94,0.0,1137.0,601,530,6,53,47,1,231.0,0.01,3.5e-05,32009.0,,,,
5988,8000,67543,1.8794,0.0133,3.6595,3.518,0.0119,0.09,5.76,0.94,0.0,1193.0,615,570,8,52,48,1,220.0,0.01,3.5e-05,31945.0,,,,
5989,8000,67559,1.8789,0.0241,3.6357,3.543,0.0106,0.08,5.85,0.94,0.0,1148.0,646,501,1,56,44,0,228.0,0.0,3.5e-05,31951.0,,,,
5990,8000,67576,1.8931,0.0334,3.646,3.572,0.0111,0.09,5.01,0.94,0.0,1148.0,579,566,3,50,49,0,228.0,0.01,3.5e-05,31967.0,,,,
5991,8000,67592,1.8836,0.0241,3.646,3.533,0.0116,0.1,6.03,0.94,0.0,1153.0,585,562,6,51,49,1,227.0,0.01,3.5e-05,32028.0,,,,
5992,8000,67609,1.8634,0.0087,3.6364,3.517,0.0096,0.08,6.88,0.94,0.0,1164.0,632,526,6,54,45,1,225.0,0.0,3.5e-05,31956.0,,,,
5993,8000,67625,1.8777,0.0304,3.6204,3.403,0.0144,0.11,5.33,0.94,0.0,1140.0,559,575,6,49,50,1,230.0,0.0,3.5e-05,31942.0,,,,
5994,8000,67641,1.8609,0.0276,3.5922,3.492,0.0127,0.1,4.02,0.94,0.0,1143.0,589,552,2,52,48,0,229.0,0.0,3.5e-05,31983.0,,,,
5995,8000,67658,1.8632,0.0193,3.6143,3.493,0.0101,0.09,6.08,0.95,0.0,1132.0,589,534,9,52,47,1,232.0,0.01,3.5e-05,32052.0,,,,
5996,8000,67674,1.8474,0.0109,3.6,3.498,0.011,0.09,5.53,0.95,0.0,1156.0,595,553,8,51,48,1,227.0,0.0,3.5e-05,31978.0,,,,
5997,8000,67691,1.8225,0.001,3.5697,3.512,0.0138,0.1,5.07,0.95,0.0,1165.0,636,523,6,55,45,1,225.0,0.01,3.5e-05,31957.0,,,,
5998,8000,67707,1.8456,0.0121,3.594,3.53,0.0118,0.1,5.11,0.95,0.0,1108.0,623,479,6,56,43,1,237.0,0.01,3.5e-05,32000.0,,,,
5999,8000,67724,1.8368,0.0131,3.5747,3.646,0.0106,0.09,6.64,0.95,0.0,1105.0,595,505,5,54,46,0,237.0,0.01,3.5e-05,32025.0,243,0,269,47
6000,8000,67756,1.835,0.0158,3.5662,3.692,0.0139,0.1,4.77,0.95,0.0,1109.0,553,551,5,50,50,0,236.0,0.01,3.5e-05,32087.0,,,,
6001,8000,67773,1.8913,0.0258,3.6587,3.667,0.0142,0.1,6.1,0.93,0.0,1102.0,525,571,6,48,52,1,238.0,0.0,3.5e-05,30822.0,,,,
6002,8000,67789,1.8601,0.0112,3.6269,3.714,0.0127,0.1,4.61,0.93,0.0,1170.0,539,622,9,46,53,1,224.0,0.01,3.5e-05,31911.0,,,,
6003,8000,67806,1.8685,0.0259,3.6145,3.753,0.0125,0.1,4.49,0.93,0.0,1149.0,539,596,14,47,52,1,228.0,0.02,3.5e-05,31904.0,,,,
6004,8000,67822,1.8703,0.0055,3.6603,3.922,0.0121,0.09,4.19,0.93,0.0,1222.0,593,617,12,49,50,1,215.0,0.02,3.5e-05,31993.0,,,,
6005,8000,67839,1.8818,-0.0186,3.7298,3.869,0.012,0.09,6.79,0.93,0.0,1212.0,581,630,1,48,52,0,216.0,0.01,3.5e-05,31901.0,,,,
6006,8000,67855,1.8713,-0.0168,3.7042,3.705,0.0117,0.09,5.32,0.93,0.0,1232.0,600,627,5,49,51,0,213.0,0.01,3.5e-05,31980.0,,,,
6007,8000,67872,1.8803,0.0181,3.6536,3.807,0.0135,0.09,5.3,0.93,0.0,1204.0,604,596,4,50,50,0,218.0,0.02,3.5e-05,31893.0,,,,
6008,8000,67888,1.8825,0.004,3.6858,3.787,0.0109,0.09,6.09,0.93,0.0,1165.0,593,569,3,51,49,0,225.0,0.02,3.5e-05,32001.0,,,,
6009,8000,67904,1.8401,-0.0044,3.6169,3.669,0.0106,0.09,6.48,0.94,0.0,1182.0,587,592,3,50,50,0,222.0,0.01,3.5e-05,31911.0,,,,
6010,8000,67921,1.8738,0.0144,3.6477,3.686,0.0135,0.1,5.76,0.94,0.0,1213.0,582,625,6,48,52,0,216.0,0.01,3.5e-05,31899.0,,,,
6011,8000,67937,1.8478,0.0045,3.6152,3.697,0.0106,0.09,5.71,0.94,0.0,1154.0,539,610,5,47,53,0,227.0,0.01,3.5e-05,31984.0,,,,
6012,8000,67954,1.8809,0.025,3.6389,3.641,0.0133,0.09,4.75,0.94,0.0,1153.0,595,557,1,52,48,0,227.0,0.01,3.5e-05,31901.0,,,,
6013,8000,67970,1.8817,0.0301,3.6328,3.706,0.0123,0.09,5.48,0.94,0.0,1150.0,566,574,10,49,50,1,228.0,0.01,3.5e-05,31988.0,,,,
6014,8000,67987,1.8925,0.0198,3.6747,3.741,0.0102,0.09,5.61,0.94,0.0,1204.0,598,597,9,50,50,1,218.0,0.01,3.5e-05,31896.0,,,,
6015,8000,68003,1.867,0.0302,3.6029,3.682,0.0117,0.09,5.67,0.94,0.0,1142.0,524,609,9,46,53,1,230.0,0.02,3.5e-05,31999.0,,,,
6016,8000,68020,1.8871,0.0379,3.6273,3.752,0.0122,0.1,4.01,0.93,0.0,1256.0,608,643,5,48,51,0,209.0,0.01,3.5e-05,31895.0,,,,
6017,8000,68036,1.8921,0.0376,3.6373,3.777,0.0123,0.09,5.05,0.94,0.0,1172.0,571,599,2,49,51,0,224.0,0.01,3.5e-05,31902.0,,,,
6018,8000,68053,1.8744,0.0322,3.6137,3.76,0.0144,0.1,3.91,0.94,0.0,1217.0,605,604,8,50,50,1,215.0,0.01,3.5e-05,31976.0,,,,
6019,8000,68069,1.8686,0.034,3.5985,3.861,0.014,0.1,3.62,0.94,0.0,1243.0,625,616,2,50,50,0,211.0,0.01,3.5e-05,31891.0,,,,
6020,8000,68086,1.8971,0.0439,3.6356,3.82,0.0153,0.1,3.93,0.94,0.0,1225.0,607,610,8,50,50,1,214.0,0.01,3.5e-05,31983.0,,,,
6021,8000,68103,1.9505,0.0448,3.7399,3.734,0.0147,0.1,4.21,0.92,0.0,1224.0,628,592,4,51,48,0,214.0,0.01,3.5e-05,30871.0,,,,
6022,8000,68119,1.9397,0.0424,3.7223,3.666,0.0131,0.1,3.61,0.92,0.0,1287.0,626,658,3,49,51,0,204.0,0.01,3.5e-05,31966.0,,,,
6023,8000,68136,1.9569,0.0304,3.7796,3.529,0.0125,0.1,4.13,0.92,0.0,1258.0,604,652,2,48,52,0,208.0,0.01,3.5e-05,31956.0,,,,
6024,8000,68152,1.9015,0.0217,3.6861,3.539,0.0109,0.1,4.51,0.93,0.0,1234.0,633,600,1,51,49,0,212.0,0.02,3.5e-05,31945.0,,,,
6025,8000,68169,1.9178,0.028,3.7067,3.587,0.0124,0.1,5.33,0.93,0.0,1236.0,607,626,3,49,51,0,212.0,0.02,3.5e-05,32022.0,,,,
6026,8000,68185,1.9078,0.0194,3.7027,3.455,0.0117,0.11,4.26,0.93,0.0,1227.0,590,634,3,48,52,0,214.0,0.02,3.5e-05,31980.0,,,,
6027,8000,68202,1.9082,0.0227,3.6974,3.514,0.0141,0.11,4.93,0.93,0.0,1239.0,631,605,3,51,49,0,212.0,0.01,3.5e-05,31999.0,,,,
6028,8000,68218,1.8945,0.0164,3.6828,3.555,0.0122,0.11,3.56,0.93,0.0,1228.0,659,569,0,54,46,0,213.0,0.02,3.5e-05,31948.0,,,,
6029,8000,68235,1.8964,0.003,3.7136,3.529,0.0097,0.09,5.38,0.93,0.0,1225.0,608,611,6,50,50,0,214.0,0.01,3.5e-05,31949.0,,,,
6030,8000,68251,1.8754,0.015,3.6476,3.599,0.0105,0.09,5.28,0.94,0.0,1142.0,596,541,5,52,47,0,230.0,0.01,3.5e-05,31947.0,,,,
6031,8000,68268,1.851,0.0005,3.6286,3.671,0.0106,0.09,4.74,0.94,0.0,1153.0,591,560,2,51,49,0,227.0,0.02,3.5e-05,31988.0,,,,
6032,8000,68284,1.8713,0.0207,3.6291,3.71,0.0105,0.09,4.63,0.94,0.0,1117.0,573,539,5,51,48,0,235.0,0.02,3.5e-05,31955.0,,,,
6033,8000,68300,1.9022,0.0251,3.6831,3.716,0.01,0.08,6.4,0.93,0.0,1176.0,599,565,12,51,48,1,223.0,0.01,3.5e-05,32013.0,,,,
6034,8000,68317,1.8491,-0.0064,3.6388,3.693,0.0092,0.08,6.41,0.94,0.0,1094.0,545,541,8,50,49,1,240.0,0.0,3.5e-05,31956.0,,,,
6035,8000,68333,1.8511,0.0067,3.6157,3.635,0.0109,0.09,5.99,0.94,0.0,1136.0,567,562,7,50,49,1,231.0,0.0,3.5e-05,31988.0,,,,
6036,8000,68350,1.8619,0.015,3.6212,3.64,0.0125,0.1,5.07,0.94,0.0,1134.0,605,522,7,53,46,1,231.0,0.01,3.5e-05,31948.0,,,,
6037,8000,68366,1.8726,0.0083,3.6562,3.675,0.0139,0.11,4.97,0.94,0.0,1182.0,615,560,7,52,47,1,222.0,0.01,3.5e-05,31951.0,,,,
6038,8000,68383,1.8484,-0.001,3.6262,3.639,0.0127,0.1,3.96,0.94,0.0,1235.0,640,584,11,52,47,1,212.0,0.01,3.5e-05,31975.0,,,,
6039,8000,68399,1.8887,0.0109,3.6831,3.684,0.0126,0.1,4.91,0.94,0.0,1206.0,636,565,5,53,47,0,217.0,0.01,3.5e-05,31946.0,,,,
6040,8000,68416,1.8621,0.0077,3.6362,3.664,0.0134,0.1,4.52,0.94,0.0,1164.0,618,538,8,53,46,1,225.0,0.01,3.5e-05,31944.0,,,,
6041,8000,68433,1.9083,0.0173,3.71,3.732,0.0122,0.1,4.4,0.93,0.0,1214.0,589,624,1,49,51,0,216.0,0.02,3.5e-05,30798.0,,,,
6042,8000,68449,1.9259,0.0141,3.7512,3.682,0.012,0.1,5.0,0.92,0.0,1218.0,567,649,2,47,53,0,215.0,0.01,3.5e-05,31962.0,,,,
6043,8000,68466,1.9002,-0.0061,3.7397,3.615,0.0139,0.11,5.19,0.92,0.0,1266.0,577,686,3,46,54,0,207.0,0.01,3.5e-05,31916.0,,,,
6044,8000,68482,1.8927,0.0093,3.6945,3.706,0.0112,0.09,5.78,0.93,0.0,1232.0,623,602,7,51,49,1,213.0,0.01,3.5e-05,31921.0,,,,
6045,8000,68499,1.918,0.0156,3.7321,3.591,0.0118,0.1,4.14,0.92,0.0,1223.0,571,649,3,47,53,0,214.0,0.01,3.5e-05,31925.0,,,,
6046,8000,68515,1.9073,0.016,3.7102,3.632,0.0137,0.1,4.83,0.93,0.0,1278.0,636,641,1,50,50,0,205.0,0.01,3.5e-05,31901.0,,,,
6047,8000,68532,1.8975,0.0165,3.689,3.61,0.0126,0.1,5.38,0.93,0.0,1278.0,627,647,4,49,51,0,205.0,0.01,3.5e-05,31957.0,,,,
6048,8000,68548,1.886,0.0162,3.6666,3.58,0.0125,0.1,3.9,0.93,0.0,1212.0,614,596,2,51,49,0,216.0,0.01,3.5e-05,31903.0,,,,
6049,8000,68565,1.91,0.0234,3.7008,3.636,0.0113,0.1,3.74,0.93,0.0,1239.0,632,606,1,51,49,0,212.0,0.01,3.5e-05,31915.0,202,0,310,39
6050,8000,68596,1.9223,0.0331,3.7063,3.681,0.0122,0.1,3.65,0.93,0.0,1272.0,636,634,2,50,50,0,206.0,0.01,3.5e-05,32068.0,,,,
6051,8000,68613,1.9074,0.0314,3.6795,3.632,0.0106,0.1,3.9,0.93,0.0,1235.0,594,638,3,48,52,0,212.0,0.01,3.5e-05,31918.0,,,,
6052,8000,68629,1.8957,0.0193,3.6802,3.64,0.0114,0.1,4.19,0.93,0.0,1267.0,618,647,2,49,51,0,207.0,0.01,3.5e-05,31911.0,,,,
6053,8000,68646,1.8903,0.0216,3.6646,3.639,0.0128,0.1,4.83,0.93,0.0,1196.0,578,615,3,48,51,0,219.0,0.01,3.5e-05,31914.0,,,,
6054,8000,68662,1.8861,0.0156,3.6684,3.655,0.0112,0.09,6.38,0.93,0.0,1219.0,607,610,2,50,50,0,215.0,0.01,3.5e-05,31913.0,,,,
6055,8000,68679,1.8478,0.0102,3.6026,3.663,0.0116,0.09,3.78,0.94,0.0,1159.0,564,590,5,49,51,0,226.0,0.01,3.5e-05,31935.0,,,,
6056,8000,68695,1.897,0.0125,3.6961,3.638,0.0103,0.09,4.73,0.93,0.0,1192.0,586,601,5,49,50,0,220.0,0.01,3.5e-05,31936.0,,,,
6057,8000,68712,1.8834,0.0134,3.6664,3.597,0.0117,0.1,4.95,0.94,0.0,1175.0,607,563,5,52,48,0,223.0,0.01,3.5e-05,31923.0,,,,
6058,8000,68728,1.915,0.0193,3.7173,3.49,0.0112,0.09,5.97,0.93,0.0,1167.0,613,551,3,53,47,0,225.0,0.01,3.5e-05,31941.0,,,,
6059,8000,68745,1.9035,0.0066,3.7193,3.424,0.0118,0.1,5.5,0.93,0.0,1255.0,635,615,5,51,49,0,209.0,0.01,3.5e-05,31913.0,,,,
6060,8000,68761,1.8785,0.0102,3.6626,3.528,0.0133,0.1,3.91,0.94,0.0,1187.0,631,554,2,53,47,0,221.0,0.02,3.5e-05,31966.0,,,,
6061,8000,68778,1.9331,0.0135,3.7648,3.453,0.015,0.11,3.82,0.91,0.0,1250.0,633,613,4,51,49,0,210.0,0.01,3.5e-05,30760.0,,,,
6062,8000,68795,1.8975,0.0095,3.7017,3.441,0.0121,0.1,4.47,0.92,0.0,1150.0,579,569,2,50,49,0,228.0,0.01,3.5e-05,31860.0,,,,
6063,8000,68811,1.8461,0.0117,3.595,3.538,0.0125,0.1,3.61,0.93,0.0,1081.0,533,544,4,49,50,0,243.0,0.01,3.5e-05,31884.0,,,,
6064,8000,68828,1.8807,0.0368,3.6148,3.675,0.0116,0.1,5.09,0.93,0.0,1078.0,537,536,5,50,50,0,243.0,0.01,3.5e-05,31871.0,,,,
6065,8000,68844,1.8772,0.0421,3.597,3.645,0.0128,0.1,3.85,0.93,0.0,1130.0,565,557,8,50,49,1,232.0,0.01,3.5e-05,31874.0,,,,
6066,8000,68861,1.8524,0.0237,3.5834,3.536,0.012,0.1,4.75,0.93,0.0,1047.0,533,492,22,51,47,2,250.0,0.01,3.4e-05,31854.0,,,,
6067,8000,68877,1.8776,0.0193,3.6431,3.525,0.0102,0.09,4.64,0.93,0.0,1044.0,533,497,14,51,48,1,251.0,0.01,3.4e-05,31888.0,,,,
6068,8000,68894,1.8535,0.0259,3.583,3.559,0.011,0.09,4.77,0.94,0.0,1033.0,502,511,20,49,49,2,254.0,0.01,3.4e-05,31966.0,,,,
6069,8000,68910,1.8824,0.0298,3.6321,3.503,0.0101,0.09,5.54,0.93,0.0,1041.0,514,507,20,49,49,2,252.0,0.01,3.4e-05,31894.0,,,,
6070,8000,68927,1.8676,0.0193,3.6245,3.621,0.0092,0.08,4.7,0.94,0.0,1129.0,577,534,18,51,47,2,232.0,0.0,3.4e-05,31889.0,,,,
6071,8000,68943,1.8882,0.0297,3.6444,3.564,0.0107,0.09,4.8,0.93,0.0,1181.0,619,543,19,52,46,2,222.0,0.01,3.4e-05,31914.0,,,,
6072,8000,68960,1.8642,0.0034,3.6488,3.54,0.0119,0.1,5.25,0.93,0.0,1173.0,644,516,13,55,44,1,223.0,0.01,3.4e-05,31885.0,,,,
6073,8000,68976,1.8292,0.0002,3.5853,3.613,0.0129,0.1,4.67,0.94,0.0,1097.0,594,491,12,54,45,1,239.0,0.01,3.4e-05,31883.0,,,,
6074,8000,68993,1.8335,0.0033,3.5879,3.649,0.0098,0.09,9.17,0.94,0.0,1079.0,551,519,9,51,48,1,243.0,0.0,3.4e-05,31906.0,,,,
6075,8000,69009,1.8388,0.022,3.5615,3.603,0.0117,0.09,4.09,0.95,0.0,1103.0,587,503,13,53,46,1,238.0,0.0,3.4e-05,31878.0,,,,
6076,8000,69026,1.8699,0.0184,3.6304,3.626,0.0111,0.09,5.79,0.94,0.0,1151.0,576,561,14,50,49,1,228.0,0.0,3.4e-05,31873.0,,,,
6077,8000,69042,1.8804,-0.0033,3.6947,3.522,0.0122,0.09,8.03,0.94,0.0,1191.0,593,580,18,50,49,2,220.0,0.01,3.4e-05,31889.0,,,,
6078,8000,69059,1.8527,0.0052,3.6226,3.619,0.012,0.1,4.79,0.94,0.0,1172.0,621,541,10,53,46,1,224.0,0.0,3.4e-05,31900.0,,,,
6079,8000,69075,1.8505,0.0158,3.597,3.708,0.0117,0.09,4.99,0.94,0.0,1132.0,573,552,7,51,49,1,232.0,0.0,3.4e-05,31886.0,,,,
6080,8000,69092,1.8309,0.0046,3.5816,3.818,0.0096,0.08,5.37,0.94,0.0,1141.0,581,548,12,51,48,1,230.0,0.0,3.4e-05,31885.0,,,,
6081,8000,69109,1.8714,0.0009,3.6696,3.778,0.0109,0.09,6.71,0.93,0.0,1039.0,494,537,8,48,52,1,252.0,0.0,3.4e-05,30796.0,,,,
6082,8000,69125,1.892,0.0343,3.6429,3.695,0.0135,0.1,7.82,0.93,0.0,1101.0,576,510,15,52,46,1,238.0,0.01,3.4e-05,31920.0,,,,
6083,8000,69142,1.8481,-0.0021,3.6291,3.876,0.0095,0.08,9.97,0.93,0.0,1022.0,536,480,6,52,47,1,257.0,0.01,3.4e-05,31983.0,,,,
6084,8000,69158,1.8335,-0.013,3.6228,3.898,0.011,0.1,6.58,0.93,0.0,1103.0,559,528,16,51,48,1,238.0,0.01,3.4e-05,31903.0,,,,
6085,8000,69175,1.8531,0.0177,3.6013,3.91,0.0096,0.09,4.82,0.93,0.0,1052.0,566,471,15,54,45,1,249.0,0.01,3.4e-05,31927.0,,,,
6086,8000,69191,1.8159,-0.0077,3.5785,3.98,0.0118,0.1,5.62,0.93,0.0,1083.0,559,509,15,52,47,1,242.0,0.01,3.4e-05,31920.0,,,,
6087,8000,69208,1.8432,0.0045,3.6073,3.917,0.0107,0.09,7.15,0.93,0.0,1067.0,574,488,5,54,46,0,246.0,0.01,3.4e-05,31913.0,,,,
6088,8000,69224,1.813,0.0129,3.5311,4.026,0.0116,0.09,5.89,0.94,0.0,1019.0,501,508,10,49,50,1,257.0,0.01,3.4e-05,31977.0,,,,
6089,8000,69241,1.8376,0.0253,3.5556,4.046,0.0097,0.08,5.84,0.94,0.0,1059.0,533,515,11,50,49,1,248.0,0.01,3.4e-05,31930.0,,,,
6090,8000,69257,1.8326,0.0273,3.5421,4.051,0.0099,0.08,7.67,0.94,0.0,1051.0,510,523,18,49,50,2,249.0,0.01,3.4e-05,31933.0,,,,
6091,8000,69274,1.8271,0.0182,3.5507,4.077,0.0108,0.09,7.84,0.94,0.0,1055.0,512,524,19,49,50,2,248.0,0.01,3.4e-05,31917.0,,,,
6092,8000,69290,1.8537,0.0285,3.5822,4.084,0.0114,0.09,5.07,0.94,0.0,1124.0,595,517,12,53,46,1,233.0,0.02,3.4e-05,31905.0,,,,
6093,8000,69307,1.8515,0.0357,3.5632,4.107,0.0092,0.08,8.45,0.95,0.0,1060.0,527,526,7,50,50,1,247.0,0.02,3.4e-05,31920.0,,,,
6094,8000,69323,1.8131,0.0486,3.4624,4.224,0.0123,0.09,4.8,0.95,0.0,1016.0,515,488,13,51,48,1,258.0,0.02,3.4e-05,31932.0,,,,
6095,8000,69340,1.8135,0.0373,3.485,4.274,0.0105,0.08,7.25,0.95,0.0,1079.0,537,530,12,50,49,1,243.0,0.01,3.4e-05,31991.0,,,,
6096,8000,69356,1.8466,0.0416,3.5424,4.204,0.0106,0.08,6.61,0.94,0.0,1051.0,552,488,11,53,46,1,249.0,0.0,3.4e-05,31939.0,,,,
6097,8000,69373,1.8328,0.0406,3.5167,4.211,0.0117,0.09,5.3,0.95,0.0,1025.0,533,478,14,52,47,1,256.0,0.01,3.4e-05,31916.0,,,,
6098,8000,69389,1.8322,0.0425,3.5108,4.184,0.0099,0.08,8.29,0.95,0.0,1061.0,570,478,13,54,45,1,247.0,0.01,3.4e-05,31922.0,,,,
6099,8000,69406,1.8113,0.0336,3.4883,4.164,0.0115,0.09,4.2,0.95,0.0,1067.0,564,485,18,53,45,2,246.0,0.01,3.4e-05,31975.0,276,0,236,54
6100,8000,69437,1.7877,0.0285,3.4524,4.339,0.0126,0.09,4.33,0.96,0.0,1052.0,527,513,12,50,49,1,249.0,0.01,3.4e-05,32149.0,,,,
6101,8000,69454,1.8762,0.0341,3.6168,4.233,0.0121,0.09,4.53,0.94,0.0,1069.0,541,517,11,51,48,1,245.0,0.01,3.4e-05,30735.0,,,,
6102,8000,69471,1.8944,0.0357,3.6503,4.17,0.0137,0.1,4.63,0.93,0.0,1103.0,533,560,10,48,51,1,238.0,0.01,3.4e-05,31894.0,,,,
6103,8000,69487,1.9003,0.0475,3.6377,4.156,0.0133,0.09,7.43,0.93,0.0,1126.0,565,553,8,50,49,1,233.0,0.02,3.4e-05,31882.0,,,,
6104,8000,69504,1.8894,0.0408,3.6292,4.141,0.0105,0.08,4.37,0.93,0.0,1174.0,575,593,6,49,51,1,223.0,0.01,3.4e-05,31890.0,,,,
6105,8000,69520,1.8583,0.0348,3.5791,4.228,0.0103,0.08,4.22,0.93,0.0,1109.0,548,556,5,49,50,0,236.0,0.01,3.4e-05,31926.0,,,,
6106,8000,69537,1.8131,0.0282,3.5026,4.304,0.0105,0.08,5.11,0.94,0.0,1031.0,497,531,3,48,52,0,254.0,0.01,3.4e-05,31937.0,,,,
6107,8000,69553,1.8616,0.0224,3.6093,4.099,0.0101,0.08,5.09,0.94,0.0,1145.0,563,582,0,49,51,0,229.0,0.01,3.4e-05,31902.0,,,,
6108,8000,69570,1.8759,0.0315,3.6199,4.101,0.0121,0.09,4.24,0.94,0.0,1159.0,581,577,1,50,50,0,226.0,0.01,3.4e-05,31897.0,,,,
6109,8000,69586,1.8766,0.0252,3.6329,3.96,0.011,0.1,4.49,0.94,0.0,1082.0,535,543,4,49,50,0,242.0,0.02,3.4e-05,31967.0,,,,
6110,8000,69603,1.869,0.0323,3.6033,3.958,0.0108,0.09,4.1,0.94,0.0,1153.0,554,595,4,48,52,0,227.0,0.01,3.4e-05,31884.0,,,,
6111,8000,69619,1.8852,0.0225,3.655,3.895,0.0105,0.09,5.38,0.93,0.0,1151.0,543,603,5,47,52,0,228.0,0.01,3.4e-05,31898.0,,,,
6112,8000,69636,1.8741,0.0112,3.6553,3.906,0.0097,0.09,6.35,0.93,0.0,1150.0,550,594,6,48,52,1,228.0,0.01,3.4e-05,31901.0,,,,
6113,8000,69652,1.8501,0.001,3.6277,3.934,0.0112,0.09,4.79,0.94,0.0,1219.0,581,631,7,48,52,1,215.0,0.01,3.4e-05,31912.0,,,,
6114,8000,69669,1.8299,-0.0119,3.6143,4.036,0.0092,0.08,5.72,0.94,0.0,1193.0,579,610,4,49,51,0,220.0,0.01,3.4e-05,31966.0,,,,
6115,8000,69685,1.8272,-0.0022,3.5902,4.117,0.0108,0.09,4.3,0.94,0.0,1204.0,571,626,7,47,52,1,218.0,0.01,3.4e-05,31939.0,,,,
6116,8000,69702,1.8319,0.0095,3.576,4.058,0.0092,0.08,5.82,0.94,0.0,1156.0,546,603,7,47,52,1,227.0,0.01,3.4e-05,31906.0,,,,
6117,8000,69718,1.8551,0.0075,3.6256,3.971,0.0109,0.09,4.69,0.94,0.0,1208.0,624,576,8,52,48,1,217.0,0.01,3.4e-05,31902.0,,,,
6118,8000,69735,1.837,-0.0087,3.6222,3.985,0.0105,0.09,3.9,0.94,0.0,1177.0,548,622,7,47,53,1,223.0,0.01,3.4e-05,31903.0,,,,
6119,8000,69751,1.8445,-0.0031,3.6244,3.855,0.011,0.09,4.05,0.94,0.0,1233.0,606,622,5,49,50,0,213.0,0.01,3.4e-05,31893.0,,,,
6120,8000,69768,1.8493,-0.0071,3.6434,3.939,0.0097,0.08,4.33,0.94,0.0,1225.0,611,604,10,50,49,1,214.0,0.01,3.4e-05,31918.0,,,,
6121,8000,69785,1.8954,-0.0144,3.7495,3.854,0.0102,0.09,5.23,0.93,0.0,1215.0,565,642,8,47,53,1,216.0,0.01,3.4e-05,30819.0,,,,
6122,8000,69801,1.8965,0.0052,3.7121,3.828,0.0128,0.1,3.71,0.92,0.0,1203.0,576,621,6,48,52,0,218.0,0.02,3.4e-05,31971.0,,,,
6123,8000,69818,1.8965,0.0065,3.709,3.815,0.0113,0.1,3.89,0.92,0.0,1259.0,567,682,10,45,54,1,208.0,0.01,3.4e-05,31965.0,,,,
6124,8000,69834,1.9035,0.0309,3.6743,3.807,0.0101,0.09,3.71,0.93,0.0,1224.0,602,613,9,49,50,1,214.0,0.01,3.4e-05,31934.0,,,,
6125,8000,69851,1.8805,0.0239,3.642,3.791,0.0105,0.09,3.58,0.93,0.0,1204.0,570,633,1,47,53,0,218.0,0.01,3.4e-05,31974.0,,,,
6126,8000,69867,1.8872,0.0093,3.6848,3.791,0.0093,0.08,3.78,0.93,0.0,1197.0,592,604,1,49,50,0,219.0,0.01,3.4e-05,31946.0,,,,
6127,8000,69884,1.8718,0.0089,3.6546,3.773,0.0108,0.09,3.7,0.93,0.0,1255.0,578,672,5,46,54,0,209.0,0.01,3.4e-05,31996.0,,,,
6128,8000,69900,1.8782,0.0148,3.6562,3.85,0.0095,0.09,4.61,0.94,0.0,1196.0,592,597,7,49,50,1,219.0,0.01,3.4e-05,31949.0,,,,
6129,8000,69917,1.8593,0.007,3.6338,3.814,0.0096,0.09,3.61,0.94,0.0,1235.0,596,634,5,48,51,0,212.0,0.01,3.4e-05,31913.0,,,,
6130,8000,69933,1.8891,0.0146,3.6774,3.727,0.0087,0.08,4.4,0.94,0.0,1164.0,569,591,4,49,51,0,225.0,0.01,3.4e-05,31957.0,,,,
6131,8000,69950,1.8629,0.0108,3.633,3.753,0.0078,0.08,4.69,0.94,0.0,1179.0,564,611,4,48,52,0,222.0,0.0,3.4e-05,31954.0,,,,
6132,8000,69966,1.8519,0.0048,3.6233,3.823,0.0091,0.09,4.24,0.94,0.0,1158.0,585,564,9,51,49,1,226.0,0.01,3.4e-05,31981.0,,,,
6133,8000,69982,1.872,0.0009,3.6711,3.795,0.0086,0.08,11.4,0.94,0.0,1130.0,526,596,8,47,53,1,232.0,0.01,3.4e-05,31953.0,,,,
6134,8000,69999,1.8313,-0.0069,3.6061,3.924,0.0078,0.07,6.49,0.94,0.0,1180.0,575,595,10,49,50,1,222.0,0.01,3.4e-05,31928.0,,,,
6135,8000,70015,1.8235,0.0035,3.5696,3.871,0.009,0.08,4.38,0.95,0.0,1115.0,556,553,6,50,50,1,235.0,0.01,3.4e-05,31952.0,,,,
6136,8000,70032,1.8664,0.0079,3.6468,3.906,0.0101,0.08,5.34,0.94,0.0,1154.0,571,575,8,49,50,1,227.0,0.01,3.4e-05,31929.0,,,,
6137,8000,70048,1.8381,-0.009,3.624,3.894,0.0097,0.08,5.33,0.95,0.0,1170.0,563,602,5,48,51,0,224.0,0.0,3.4e-05,31951.0,,,,
6138,8000,70065,1.8372,-0.0109,3.6255,3.814,0.0098,0.09,4.8,0.94,0.0,1168.0,551,611,6,47,52,1,224.0,0.01,3.4e-05,31942.0,,,,
6139,8000,70081,1.816,-0.009,3.5798,3.88,0.0104,0.09,4.7,0.95,0.0,1121.0,517,604,0,46,54,0,234.0,0.01,3.4e-05,31931.0,,,,
6140,8000,70098,1.8352,0.004,3.5918,3.845,0.0102,0.09,4.67,0.95,0.0,1134.0,543,587,4,48,52,0,231.0,0.01,3.4e-05,31955.0,,,,
6141,8000,70115,1.8661,0.0002,3.6615,3.87,0.009,0.08,4.99,0.94,0.0,1121.0,576,541,4,51,48,0,234.0,0.01,3.4e-05,30786.0,,,,
6142,8000,70131,1.9073,0.0077,3.7292,3.857,0.0098,0.09,5.72,0.93,0.0,1187.0,609,573,5,51,48,0,221.0,0.01,3.4e-05,31982.0,,,,
6143,8000,70148,1.912,0.0248,3.7042,3.821,0.0107,0.1,3.55,0.92,0.0,1175.0,603,569,3,51,48,0,223.0,0.01,3.4e-05,31907.0,,,,
6144,8000,70164,1.8918,0.0188,3.6759,3.79,0.0109,0.1,3.73,0.93,0.0,1248.0,628,611,9,50,49,1,210.0,0.02,3.4e-05,31935.0,,,,
6145,8000,70181,1.9096,0.0261,3.6966,3.835,0.0107,0.09,4.17,0.93,0.0,1217.0,628,586,3,52,48,0,215.0,0.02,3.4e-05,31924.0,,,,
6146,8000,70197,1.9186,0.0185,3.7294,3.769,0.0097,0.09,4.06,0.93,0.0,1227.0,631,593,3,51,48,0,214.0,0.02,3.4e-05,31932.0,,,,
6147,8000,70214,1.8816,-0.0008,3.694,3.765,0.0104,0.09,4.53,0.93,0.0,1231.0,618,613,0,50,50,0,213.0,0.01,3.4e-05,31940.0,,,,
6148,8000,70230,1.8827,0.009,3.6765,3.802,0.0104,0.09,3.61,0.93,0.0,1249.0,625,623,1,50,50,0,210.0,0.01,3.4e-05,31996.0,,,,
6149,8000,70247,1.8897,0.0157,3.6772,3.798,0.0114,0.09,4.96,0.93,0.0,1203.0,610,591,2,51,49,0,218.0,0.01,3.4e-05,31961.0,321,0,191,63
6150,8000,70278,1.8954,0.0065,3.7061,3.687,0.01,0.09,4.15,0.93,0.0,1237.0,649,587,1,52,47,0,212.0,0.01,3.4e-05,32061.0,,,,
6151,8000,70295,1.8756,0.0172,3.6459,3.775,0.0107,0.09,3.89,0.94,0.0,1168.0,585,582,1,50,50,0,224.0,0.02,3.4e-05,31976.0,,,,
6152,8000,70311,1.896,0.0217,3.6775,3.74,0.0097,0.08,4.61,0.93,0.0,1286.0,649,635,2,50,49,0,204.0,0.02,3.4e-05,31950.0,,,,
6153,8000,70328,1.8865,0.0058,3.6898,3.702,0.0101,0.09,4.03,0.93,0.0,1232.0,586,645,1,48,52,0,213.0,0.02,3.4e-05,31925.0,,,,
6154,8000,70344,1.8452,-0.0112,3.6413,3.711,0.0104,0.09,3.51,0.94,0.0,1216.0,622,594,0,51,49,0,216.0,0.02,3.4e-05,31925.0,,,,
6155,8000,70361,1.8773,0.0036,3.676,3.708,0.0098,0.09,4.85,0.94,0.0,1237.0,646,591,0,52,48,0,212.0,0.01,3.4e-05,31924.0,,,,
6156,8000,70377,1.9182,0.0332,3.6985,3.7,0.0101,0.09,3.89,0.93,0.0,1277.0,659,617,1,52,48,0,205.0,0.01,3.4e-05,31988.0,,,,
6157,8000,70394,1.937,0.0434,3.716,3.724,0.0115,0.1,3.78,0.93,0.0,1319.0,625,692,2,47,52,0,199.0,0.01,3.4e-05,31921.0,,,,
6158,8000,70410,1.9193,0.028,3.7116,3.757,0.0088,0.08,7.1,0.93,0.0,1246.0,623,622,1,50,50,0,210.0,0.01,3.4e-05,31937.0,,,,
6159,8000,70427,1.9027,0.0197,3.6945,3.697,0.0103,0.09,4.62,0.93,0.0,1280.0,633,646,1,49,50,0,205.0,0.01,3.4e-05,31925.0,,,,
6160,8000,70443,1.9079,0.0226,3.6988,3.644,0.0126,0.1,3.94,0.93,0.0,1228.0,612,615,1,50,50,0,213.0,0.01,3.4e-05,31986.0,,,,
6161,8000,70460,1.9511,0.0326,3.7652,3.623,0.0128,0.11,3.62,0.91,0.0,1308.0,654,654,0,50,50,0,200.0,0.02,3.4e-05,30784.0,,,,
6162,8000,70477,1.9576,0.0406,3.7625,3.705,0.0105,0.09,4.15,0.92,0.0,1219.0,575,644,0,47,53,0,215.0,0.01,3.4e-05,31930.0,,,,
6163,8000,70493,1.8947,0.0215,3.6747,3.713,0.0105,0.1,3.97,0.92,0.0,1145.0,545,599,1,48,52,0,229.0,0.01,3.4e-05,31918.0,,,,
6164,8000,70510,1.8938,0.0261,3.6644,3.785,0.0107,0.08,5.13,0.93,0.0,1181.0,593,588,0,50,50,0,222.0,0.02,3.4e-05,31932.0,,,,
6165,8000,70526,1.8895,0.0317,3.6442,3.745,0.0096,0.08,4.22,0.93,0.0,1160.0,558,602,0,48,52,0,226.0,0.01,3.4e-05,31985.0,,,,
6166,8000,70543,1.8608,0.0137,3.6233,3.794,0.0099,0.09,4.05,0.93,0.0,1168.0,586,582,0,50,50,0,224.0,0.01,3.4e-05,31923.0,,,,
6167,8000,70559,1.8585,0.0132,3.6194,3.79,0.0104,0.09,4.01,0.94,0.0,1120.0,551,568,1,49,51,0,234.0,0.01,3.4e-05,31929.0,,,,
6168,8000,70576,1.8267,0.0016,3.579,3.766,0.0113,0.09,3.69,0.94,0.0,1121.0,565,554,2,50,49,0,234.0,0.01,3.4e-05,31990.0,,,,
6169,8000,70592,1.8574,0.0159,3.6118,3.732,0.0094,0.08,4.93,0.94,0.0,1109.0,556,551,2,50,50,0,236.0,0.01,3.4e-05,31927.0,,,,
6170,8000,70609,1.8286,0.0193,3.5473,3.755,0.0107,0.08,4.19,0.94,0.0,1070.0,538,528,4,50,49,0,245.0,0.01,3.4e-05,31917.0,,,,
6171,8000,70625,1.8375,0.0131,3.5783,3.808,0.0084,0.08,7.3,0.94,0.0,1007.0,492,510,5,49,51,0,260.0,0.01,3.4e-05,31975.0,,,,
6172,8000,70641,1.8195,0.0077,3.5534,3.843,0.0083,0.08,7.22,0.94,0.0,1009.0,538,466,5,53,46,0,260.0,0.02,3.4e-05,31939.0,,,,
6173,8000,70658,1.8205,0.0087,3.5546,3.952,0.0097,0.08,13.67,0.95,0.0,993.0,511,474,8,51,48,1,264.0,0.02,3.4e-05,31947.0,,,,
6174,8000,70674,1.8449,0.0321,3.556,3.909,0.0099,0.08,7.42,0.95,0.0,993.0,498,484,11,50,49,1,264.0,0.02,3.4e-05,31977.0,,,,
6175,8000,70691,1.8387,0.0258,3.5555,3.922,0.0094,0.08,6.11,0.95,0.0,1036.0,494,532,10,48,51,1,253.0,0.01,3.4e-05,31909.0,,,,
6176,8000,70707,1.8377,0.011,3.5821,3.797,0.0099,0.08,6.08,0.95,0.0,1028.0,542,477,9,53,46,1,255.0,0.02,3.4e-05,31931.0,,,,
6177,8000,70724,1.8384,0.019,3.5672,3.77,0.0107,0.08,9.55,0.95,0.0,1030.0,490,536,4,48,52,0,255.0,0.01,3.4e-05,31928.0,,,,
6178,8000,70740,1.8327,0.0323,3.5305,3.757,0.0127,0.1,4.08,0.95,0.0,996.0,504,479,13,51,48,1,263.0,0.02,3.4e-05,31947.0,,,,
6179,8000,70757,1.8186,0.0346,3.4976,3.852,0.0145,0.1,5.07,0.95,0.0,1034.0,508,518,8,49,50,1,254.0,0.01,3.4e-05,31987.0,,,,
6180,8000,70773,1.8505,0.0431,3.5449,3.869,0.0123,0.09,8.3,0.95,0.0,1046.0,517,518,11,49,50,1,251.0,0.01,3.4e-05,31906.0,,,,
6181,8000,70790,1.8861,0.0416,3.6186,3.839,0.01,0.08,7.57,0.93,0.0,1066.0,519,532,15,49,50,1,246.0,0.01,3.4e-05,30793.0,,,,
6182,8000,70807,1.8573,0.0263,3.5919,3.92,0.0103,0.08,5.35,0.93,0.0,1024.0,503,510,11,49,50,1,256.0,0.02,3.4e-05,31936.0,,,,
6183,8000,70823,1.8287,0.0224,3.5433,3.974,0.0149,0.1,3.67,0.93,0.0,1011.0,502,496,13,50,49,1,259.0,0.02,3.4e-05,32006.0,,,,
6184,8000,70840,1.8048,0.0253,3.4907,4.132,0.0147,0.1,3.66,0.93,0.0,979.0,480,485,14,49,50,1,268.0,0.01,3.4e-05,31941.0,,,,
6185,8000,70856,1.8325,0.0254,3.5445,4.015,0.0102,0.08,5.37,0.93,0.0,892.0,448,441,3,50,49,0,294.0,0.02,3.4e-05,31932.0,,,,
6186,8000,70873,1.8228,0.0257,3.5252,4.023,0.0092,0.08,4.48,0.93,0.0,987.0,461,519,7,47,53,1,266.0,0.04,3.4e-05,31952.0,,,,
6187,8000,70889,1.8484,0.0169,3.5927,3.937,0.0088,0.08,12.69,0.93,0.0,969.0,471,493,5,49,51,1,271.0,0.03,3.4e-05,31940.0,,,,
6188,8000,70906,1.8094,0.0134,3.5225,3.954,0.0105,0.08,4.77,0.94,0.0,980.0,518,454,8,53,46,1,267.0,0.03,3.4e-05,31924.0,,,,
6189,8000,70922,1.8055,0.0079,3.5252,3.907,0.0122,0.1,3.78,0.93,0.0,985.0,446,535,4,45,54,0,266.0,0.03,3.4e-05,31984.0,,,,
6190,8000,70939,1.832,0.0111,3.5725,3.855,0.0101,0.08,5.22,0.93,0.0,985.0,472,501,12,48,51,1,266.0,0.03,3.4e-05,31936.0,,,,
6191,8000,70955,1.8808,0.0113,3.668,3.799,0.0095,0.08,8.49,0.93,0.0,1080.0,499,574,7,46,53,1,243.0,0.02,3.4e-05,31931.0,,,,
6192,8000,70972,1.817,0.0057,3.5513,3.821,0.0104,0.09,4.98,0.93,0.0,1015.0,462,548,5,46,54,0,258.0,0.02,3.4e-05,31933.0,,,,
6193,8000,70988,1.7741,0.0057,3.4673,3.926,0.011,0.09,4.69,0.94,0.0,937.0,434,492,11,46,53,1,280.0,0.02,3.4e-05,31934.0,,,,
6194,8000,71005,1.8133,0.0046,3.5476,3.901,0.0098,0.08,4.96,0.94,0.0,1062.0,528,527,7,50,50,1,247.0,0.03,3.4e-05,31934.0,,,,
6195,8000,71021,1.8027,0.0233,3.4904,3.962,0.0109,0.09,4.38,0.94,0.0,1026.0,494,518,14,48,50,1,256.0,0.01,3.4e-05,32019.0,,,,
6196,8000,71037,1.8146,0.0227,3.5145,3.955,0.0111,0.09,4.48,0.94,0.0,1008.0,491,513,4,49,51,0,260.0,0.02,3.4e-05,31989.0,,,,
6197,8000,71054,1.8271,0.0176,3.5507,4.013,0.0089,0.08,4.74,0.94,0.0,1044.0,534,500,10,51,48,1,251.0,0.02,3.4e-05,31995.0,,,,
6198,8000,71070,1.8075,0.0152,3.5155,3.908,0.0115,0.09,4.43,0.94,0.0,1021.0,509,504,8,50,49,1,257.0,0.01,3.4e-05,31931.0,,,,
6199,8000,71087,1.8167,0.0094,3.5453,3.947,0.0119,0.09,3.69,0.94,0.0,1061.0,546,503,12,51,47,1,247.0,0.01,3.4e-05,31926.0,290,0,222,57
6200,8000,71119,1.831,0.0027,3.5865,3.896,0.0109,0.09,5.39,0.94,0.0,1078.0,522,551,5,48,51,0,243.0,0.01,3.4e-05,32153.0,,,,
6201,8000,71136,1.8785,0.0214,3.6445,3.92,0.0114,0.09,3.72,0.93,0.0,1087.0,508,572,7,47,53,1,241.0,0.01,3.4e-05,30837.0,,,,
6202,8000,71152,1.8998,0.0255,3.6794,3.951,0.0117,0.09,4.11,0.92,0.0,1183.0,542,638,3,46,54,0,222.0,0.02,3.4e-05,31940.0,,,,
6203,8000,71169,1.869,0.0232,3.6225,3.95,0.0105,0.09,3.86,0.92,0.0,1152.0,528,617,7,46,54,1,228.0,0.01,3.4e-05,31968.0,,,,
6204,8000,71185,1.8748,0.0205,3.6389,3.94,0.0118,0.09,3.25,0.93,0.0,1193.0,548,640,5,46,54,0,220.0,0.01,3.4e-05,31944.0,,,,
6205,8000,71201,1.8687,0.0192,3.6288,3.896,0.0107,0.09,3.87,0.93,0.0,1164.0,561,603,0,48,52,0,225.0,0.01,3.4e-05,31952.0,,,,
6206,8000,71218,1.8708,0.0122,3.6476,3.939,0.0093,0.08,5.78,0.93,0.0,1219.0,613,603,3,50,49,0,215.0,0.0,3.4e-05,31994.0,,,,
6207,8000,71234,1.8389,0.0011,3.605,3.856,0.0094,0.08,6.81,0.94,0.0,1132.0,613,517,2,54,46,0,232.0,0.01,3.4e-05,31924.0,,,,
6208,8000,71251,1.8554,0.012,3.617,3.872,0.0094,0.08,6.62,0.94,0.0,1139.0,568,567,4,50,50,0,230.0,0.01,3.4e-05,31929.0,,,,
6209,8000,71267,1.8403,0.0131,3.5842,3.91,0.0092,0.08,6.3,0.94,0.0,1171.0,604,567,0,52,48,0,224.0,0.02,3.4e-05,32005.0,,,,
6210,8000,71284,1.829,0.014,3.5605,3.978,0.0106,0.08,4.38,0.95,0.0,1127.0,568,553,6,50,49,1,233.0,0.02,3.4e-05,31935.0,,,,
6211,8000,71300,1.8106,0.0074,3.5363,3.936,0.0099,0.08,6.11,0.95,0.0,1041.0,541,497,3,52,48,0,252.0,0.02,3.4e-05,31922.0,,,,
6212,8000,71317,1.775,-0.0003,3.4817,4.121,0.0085,0.07,7.29,0.95,0.0,1021.0,480,540,1,47,53,0,257.0,0.02,3.4e-05,31988.0,,,,
6213,8000,71333,1.7961,0.0145,3.4948,4.084,0.0108,0.08,6.99,0.95,0.0,1016.0,514,494,8,51,49,1,258.0,0.01,3.4e-05,31913.0,,,,
6214,8000,71350,1.8274,0.0091,3.5683,4.086,0.0091,0.07,14.92,0.94,0.0,1043.0,531,506,6,51,49,1,251.0,0.01,3.4e-05,31934.0,,,,
6215,8000,71366,1.8621,-0.022,3.6989,4.065,0.0044,0.04,24.94,0.94,0.0,1063.0,522,534,7,49,50,1,247.0,0.01,3.4e-05,31926.0,,,,
6216,8000,71383,1.8354,-0.0058,3.6131,4.014,0.007,0.06,11.97,0.95,0.0,1097.0,545,548,4,50,50,0,239.0,0.01,3.4e-05,31940.0,,,,
6217,8000,71399,1.8015,-0.0088,3.5522,4.116,0.0102,0.08,7.28,0.95,0.0,1101.0,547,551,3,50,50,0,238.0,0.01,3.4e-05,31942.0,,,,
6218,8000,71416,1.8069,0.0071,3.532,4.211,0.0125,0.09,5.4,0.95,0.0,1078.0,546,528,4,51,49,0,243.0,0.01,3.4e-05,31994.0,,,,
6219,8000,71432,1.8392,0.0212,3.5679,4.124,0.0111,0.08,5.27,0.94,0.0,1111.0,531,579,1,48,52,0,236.0,0.01,3.4e-05,31911.0,,,,
6220,8000,71449,1.83,0.0019,3.5874,4.041,0.0105,0.08,5.35,0.94,0.0,1141.0,538,601,2,47,53,0,230.0,0.01,3.4e-05,31932.0,,,,
6221,8000,71466,1.879,0.0054,3.6785,4.026,0.0111,0.08,6.14,0.93,0.0,1177.0,555,620,2,47,53,0,223.0,0.01,3.4e-05,30757.0,,,,
6222,8000,71482,1.8503,-0.0101,3.6511,3.918,0.0134,0.09,4.2,0.92,0.0,1197.0,554,643,0,46,54,0,219.0,0.01,3.4e-05,31948.0,,,,
6223,8000,71499,1.887,0.0112,3.6826,4.012,0.0144,0.1,4.68,0.92,0.0,1234.0,608,625,1,49,51,0,212.0,0.01,3.4e-05,31958.0,,,,
6224,8000,71515,1.8684,-0.0085,3.6836,3.904,0.0106,0.08,5.87,0.93,0.0,1198.0,577,618,3,48,52,0,219.0,0.01,3.4e-05,31902.0,,,,
6225,8000,71532,1.8645,0.0001,3.6587,3.859,0.0125,0.09,4.29,0.93,0.0,1258.0,627,628,3,50,50,0,208.0,0.0,3.4e-05,31896.0,,,,
6226,8000,71548,1.8617,0.0012,3.6509,3.909,0.0144,0.1,3.61,0.93,0.0,1279.0,618,658,3,48,51,0,205.0,0.01,3.4e-05,31931.0,,,,
6227,8000,71565,1.8582,0.019,3.6083,3.907,0.0112,0.09,4.25,0.94,0.0,1232.0,543,688,1,44,56,0,213.0,0.01,3.4e-05,31903.0,,,,
6228,8000,71581,1.8448,-0.012,3.643,3.805,0.012,0.09,5.28,0.93,0.0,1253.0,580,669,4,46,53,0,209.0,0.0,3.4e-05,31901.0,,,,
6229,8000,71598,1.8486,-0.0197,3.6659,3.805,0.0106,0.08,5.22,0.93,0.0,1274.0,584,689,1,46,54,0,206.0,0.01,3.4e-05,31898.0,,,,
6230,8000,71614,1.8595,0.0016,3.6452,3.791,0.0105,0.08,4.72,0.94,0.0,1256.0,589,665,2,47,53,0,209.0,0.01,3.3e-05,31904.0,,,,
6231,8000,71631,1.8787,0.0208,3.6443,3.712,0.0114,0.09,4.53,0.93,0.0,1280.0,581,697,2,45,54,0,205.0,0.01,3.3e-05,31892.0,,,,
6232,8000,71647,1.8792,0.0214,3.6443,3.726,0.0099,0.08,4.64,0.94,0.0,1260.0,587,670,3,47,53,0,208.0,0.0,3.3e-05,31893.0,,,,
6233,8000,71664,1.8513,0.0073,3.6162,3.696,0.0112,0.09,5.19,0.94,0.0,1219.0,613,603,3,50,49,0,215.0,0.01,3.3e-05,31888.0,,,,
6234,8000,71680,1.8403,0.0015,3.6058,3.735,0.0117,0.09,4.8,0.94,0.0,1227.0,597,629,1,49,51,0,214.0,0.01,3.3e-05,31904.0,,,,
6235,8000,71697,1.8552,0.0116,3.6156,3.774,0.0114,0.08,5.97,0.95,0.0,1200.0,572,626,2,48,52,0,218.0,0.0,3.3e-05,31902.0,,,,
6236,8000,71713,1.8609,0.0102,3.6298,3.739,0.0111,0.09,5.03,0.94,0.0,1220.0,589,630,1,48,52,0,215.0,0.01,3.3e-05,31885.0,,,,
6237,8000,71730,1.8399,0.0059,3.5974,3.838,0.0112,0.08,4.7,0.95,0.0,1209.0,604,600,5,50,50,0,217.0,0.01,3.3e-05,31931.0,,,,
6238,8000,71746,1.8418,0.0071,3.5985,3.858,0.0107,0.07,6.46,0.95,0.0,1194.0,558,632,4,47,53,0,220.0,0.01,3.3e-05,31890.0,,,,
6239,8000,71763,1.85,0.0165,3.5964,3.897,0.0109,0.08,6.38,0.94,0.0,1222.0,609,611,2,50,50,0,215.0,0.01,3.3e-05,31905.0,,,,
6240,8000,71779,1.8346,0.0098,3.5795,3.891,0.0085,0.07,8.28,0.95,0.0,1171.0,584,583,4,50,50,0,224.0,0.0,3.3e-05,31953.0,,,,
6241,8000,71796,1.9067,0.0002,3.7416,3.713,0.0147,0.1,3.94,0.92,0.0,1228.0,640,581,7,52,47,1,213.0,0.01,3.3e-05,30828.0,,,,
6242,8000,71813,1.8862,0.0033,3.6943,3.704,0.016,0.1,4.27,0.92,0.0,1180.0,607,568,5,51,48,0,222.0,0.01,3.3e-05,31916.0,,,,
6243,8000,71829,1.8554,0.0112,3.6173,3.813,0.013,0.09,3.91,0.93,0.0,1176.0,575,600,1,49,51,0,223.0,0.01,3.3e-05,31936.0,,,,
6244,8000,71846,1.8629,0.0291,3.5973,3.832,0.0164,0.1,4.56,0.93,0.0,1130.0,567,555,8,50,49,1,232.0,0.01,3.3e-05,31932.0,,,,
6245,8000,71862,1.8232,0.0056,3.565,3.902,0.0113,0.08,4.12,0.93,0.0,1107.0,553,549,5,50,50,0,237.0,0.01,3.3e-05,31937.0,,,,
6246,8000,71879,1.8298,0.0068,3.5765,3.927,0.013,0.09,3.86,0.93,0.0,1163.0,593,564,6,51,48,1,225.0,0.01,3.3e-05,31940.0,,,,
6247,8000,71895,1.8368,-0.0074,3.6173,3.719,0.0104,0.08,4.63,0.93,0.0,1184.0,571,606,7,48,51,1,221.0,0.01,3.3e-05,31917.0,,,,
6248,8000,71912,1.8809,0.017,3.657,3.798,0.0101,0.08,5.73,0.93,0.0,1139.0,572,564,3,50,50,0,230.0,0.01,3.3e-05,31927.0,,,,
6249,8000,71928,1.8151,-0.0029,3.566,3.89,0.0104,0.08,4.65,0.94,0.0,1172.0,590,578,4,50,49,0,224.0,0.0,3.3e-05,31938.0,260,0,252,51
6250,8000,71960,1.8472,-0.0102,3.6448,3.886,0.0088,0.07,9.92,0.94,0.0,1132.0,561,565,6,50,50,1,232.0,0.01,3.3e-05,32129.0,,,,
6251,8000,71976,1.8217,-0.0082,3.5889,3.845,0.0095,0.07,6.36,0.94,0.0,1180.0,585,591,4,50,50,0,222.0,0.0,3.3e-05,31937.0,,,,
6252,8000,71993,1.8562,0.0017,3.6388,3.898,0.0093,0.07,7.99,0.94,0.0,1183.0,614,564,5,52,48,0,222.0,0.01,3.3e-05,31916.0,,,,
6253,8000,72009,1.8567,0.0059,3.6306,3.799,0.0104,0.08,6.15,0.94,0.0,1180.0,591,582,7,50,49,1,222.0,0.01,3.3e-05,31928.0,,,,
6254,8000,72026,1.8903,0.0257,3.6585,3.793,0.0195,0.09,4.99,0.94,0.0,1218.0,615,593,10,50,49,1,215.0,0.01,3.3e-05,31988.0,,,,
6255,8000,72042,1.8722,0.0253,3.6235,3.871,0.0141,0.09,5.05,0.94,0.0,1242.0,621,617,4,50,50,0,211.0,0.01,3.3e-05,31932.0,,,,
6256,8000,72059,1.8504,0.0211,3.5883,3.877,0.0112,0.08,4.51,0.94,0.0,1185.0,625,549,11,53,46,1,221.0,0.0,3.3e-05,31932.0,,,,
6257,8000,72075,1.8668,0.0225,3.6182,3.865,0.0129,0.09,5.5,0.94,0.0,1254.0,593,656,5,47,52,0,209.0,0.01,3.3e-05,31924.0,,,,
6258,8000,72092,1.883,0.0214,3.6521,3.739,0.0102,0.08,4.91,0.94,0.0,1222.0,654,564,4,54,46,0,215.0,0.0,3.3e-05,31954.0,,,,
6259,8000,72108,1.851,0.0067,3.617,3.691,0.0116,0.09,4.92,0.94,0.0,1240.0,629,606,5,51,49,0,211.0,0.0,3.3e-05,31934.0,,,,
6260,8000,72125,1.8649,0.0275,3.6037,3.776,0.0112,0.08,5.0,0.94,0.0,1239.0,621,615,3,50,50,0,212.0,0.0,3.3e-05,31980.0,,,,
6261,8000,72142,1.9333,0.0328,3.7295,3.702,0.012,0.09,4.77,0.92,0.0,1195.0,581,611,3,49,51,0,219.0,0.01,3.3e-05,30808.0,,,,
6262,8000,72158,1.8966,0.019,3.6841,3.723,0.014,0.1,4.19,0.92,0.0,1222.0,595,618,9,49,51,1,215.0,0.01,3.3e-05,31905.0,,,,
6263,8000,72175,1.8671,0.0084,3.6458,3.746,0.0113,0.08,6.21,0.93,0.0,1154.0,560,586,8,49,51,1,227.0,0.01,3.3e-05,31966.0,,,,
6264,8000,72191,1.8865,0.0266,3.649,3.839,0.0122,0.09,4.34,0.93,0.0,1243.0,613,624,6,49,50,0,211.0,0.0,3.3e-05,31959.0,,,,
6265,8000,72208,1.8956,0.0331,3.6531,3.733,0.0145,0.09,5.86,0.93,0.0,1213.0,634,577,2,52,48,0,216.0,0.0,3.3e-05,32007.0,,,,
6266,8000,72224,1.8946,0.0221,3.6725,3.659,0.0127,0.09,4.04,0.93,0.0,1173.0,582,589,2,50,50,0,223.0,0.01,3.3e-05,31961.0,,,,
6267,8000,72241,1.8608,0.0138,3.6217,3.697,0.0113,0.09,4.84,0.94,0.0,1173.0,572,599,2,49,51,0,223.0,0.01,3.3e-05,32023.0,,,,
6268,8000,72257,1.8371,0.0075,3.5876,3.766,0.0118,0.09,4.76,0.94,0.0,1202.0,621,579,2,52,48,0,218.0,0.0,3.3e-05,31955.0,,,,
6269,8000,72274,1.8484,0.0037,3.6172,3.778,0.0102,0.08,5.86,0.94,0.0,1141.0,580,552,9,51,48,1,230.0,0.0,3.3e-05,31994.0,,,,
6270,8000,72290,1.8306,-0.0031,3.5956,3.758,0.0102,0.07,6.73,0.95,0.0,1132.0,555,573,4,49,51,0,232.0,0.01,3.3e-05,31994.0,,,,
6271,8000,72307,1.8329,0.0023,3.5894,3.784,0.0122,0.08,5.7,0.95,0.0,1140.0,602,533,5,53,47,0,230.0,0.01,3.3e-05,32003.0,,,,
6272,8000,72323,1.8426,0.0043,3.6051,3.759,0.0095,0.07,7.09,0.95,0.0,1156.0,623,524,9,54,45,1,227.0,0.01,3.3e-05,31962.0,,,,
6273,8000,72340,1.8253,-0.0005,3.5803,3.795,0.0124,0.08,5.73,0.95,0.0,1141.0,561,576,4,49,50,0,230.0,0.01,3.3e-05,32001.0,,,,
6274,8000,72356,1.8504,0.0151,3.5992,3.777,0.01,0.08,6.56,0.95,0.0,1171.0,633,534,4,54,46,0,224.0,0.01,3.3e-05,31957.0,,,,
6275,8000,72372,1.8342,0.0059,3.5847,3.745,0.0101,0.07,5.45,0.95,0.0,1106.0,576,527,3,52,48,0,237.0,0.01,3.3e-05,31977.0,,,,
6276,8000,72389,1.8278,-0.0054,3.5944,3.735,0.0124,0.08,6.48,0.95,0.0,1123.0,593,527,3,53,47,0,233.0,0.01,3.3e-05,31961.0,,,,
6277,8000,72405,1.8402,-0.0048,3.618,3.735,0.0132,0.09,5.66,0.95,0.0,1158.0,603,551,4,52,48,0,226.0,0.01,3.3e-05,31972.0,,,,
6278,8000,72422,1.8664,0.02,3.6215,3.777,0.0121,0.09,6.49,0.95,0.0,1210.0,619,588,3,51,49,0,217.0,0.01,3.3e-05,31951.0,,,,
6279,8000,72438,1.8635,0.017,3.6209,3.663,0.0112,0.09,5.45,0.94,0.0,1179.0,590,584,5,50,50,0,222.0,0.01,3.3e-05,31957.0,,,,
6280,8000,72455,1.8175,0.017,3.5308,3.907,0.0136,0.09,5.95,0.95,0.0,1168.0,601,561,6,51,48,1,224.0,0.01,3.3e-05,31958.0,,,,
6281,8000,72472,1.8885,0.0238,3.6585,3.791,0.0117,0.09,4.17,0.93,0.0,1186.0,618,564,4,52,48,0,221.0,0.01,3.3e-05,30805.0,,,,
6282,8000,72488,1.9123,0.0326,3.6883,3.765,0.0113,0.09,5.68,0.93,0.0,1224.0,635,583,6,52,48,0,214.0,0.01,3.3e-05,31930.0,,,,
6283,8000,72505,1.8705,0.0024,3.6661,3.856,0.0109,0.09,4.62,0.93,0.0,1207.0,612,589,6,51,49,0,217.0,0.01,3.3e-05,32000.0,,,,
6284,8000,72521,1.842,-0.0054,3.6247,3.888,0.0123,0.1,3.28,0.93,0.0,1187.0,621,563,3,52,47,0,221.0,0.01,3.3e-05,31930.0,,,,
6285,8000,72538,1.8549,0.0179,3.6034,3.839,0.0116,0.09,3.29,0.93,0.0,1192.0,593,598,1,50,50,0,220.0,0.01,3.3e-05,31954.0,,,,
6286,8000,72554,1.8501,0.0027,3.6238,3.8,0.0108,0.08,4.04,0.94,0.0,1252.0,616,634,2,49,51,0,209.0,0.01,3.3e-05,31945.0,,,,
6287,8000,72571,1.8678,0.0107,3.6432,3.765,0.0104,0.09,4.5,0.93,0.0,1143.0,595,547,1,52,48,0,229.0,0.01,3.3e-05,31946.0,,,,
6288,8000,72587,1.8692,0.0168,3.6341,3.802,0.0105,0.09,4.76,0.94,0.0,1203.0,611,588,4,51,49,0,218.0,0.01,3.3e-05,31991.0,,,,
6289,8000,72604,1.8817,0.0346,3.6229,3.722,0.0127,0.1,3.67,0.94,0.0,1164.0,559,602,3,48,52,0,225.0,0.01,3.3e-05,31949.0,,,,
6290,8000,72620,1.8935,0.0332,3.6489,3.67,0.0128,0.1,4.26,0.93,0.0,1209.0,597,607,5,49,50,0,217.0,0.01,3.3e-05,32000.0,,,,
6291,8000,72637,1.8899,0.019,3.6711,3.717,0.0111,0.09,5.65,0.94,0.0,1165.0,566,588,11,49,50,1,225.0,0.01,3.3e-05,31945.0,,,,
6292,8000,72653,1.8383,0.0077,3.5899,3.694,0.0131,0.1,3.52,0.94,0.0,1149.0,571,571,7,50,50,1,228.0,0.01,3.3e-05,31950.0,,,,
6293,8000,72670,1.8384,-0.0108,3.6273,3.76,0.0113,0.09,4.69,0.94,0.0,1211.0,619,587,5,51,48,0,216.0,0.02,3.3e-05,31962.0,,,,
6294,8000,72686,1.8333,-0.0005,3.5968,3.767,0.0116,0.09,4.83,0.94,0.0,1137.0,559,571,7,49,50,1,231.0,0.02,3.3e-05,31938.0,,,,
6295,8000,72703,1.8554,0.0146,3.6098,3.667,0.0106,0.09,5.73,0.94,0.0,1121.0,560,555,6,50,50,1,234.0,0.02,3.3e-05,31948.0,,,,
6296,8000,72719,1.8479,0.0207,3.5827,3.684,0.0135,0.09,3.85,0.94,0.0,1136.0,542,583,11,48,51,1,231.0,0.02,3.3e-05,31939.0,,,,
6297,8000,72736,1.8494,-0.0014,3.6304,3.731,0.0104,0.08,4.71,0.94,0.0,1229.0,603,617,9,49,50,1,213.0,0.01,3.3e-05,31964.0,,,,
6298,8000,72752,1.8585,-0.0024,3.6498,3.699,0.0112,0.09,4.87,0.94,0.0,1260.0,590,659,11,47,52,1,208.0,0.01,3.3e-05,31996.0,,,,
6299,8000,72769,1.8607,0.0149,3.6206,3.773,0.0117,0.09,7.0,0.94,0.0,1245.0,616,625,4,49,50,0,211.0,0.01,3.3e-05,31946.0,253,0,259,49
6300,8000,72800,1.8654,0.035,3.5899,3.741,0.0129,0.1,3.34,0.94,0.0,1168.0,580,584,4,50,50,0,224.0,0.01,3.3e-05,32166.0,,,,
6301,8000,72817,1.9333,0.0326,3.7306,3.755,0.0119,0.09,4.81,0.92,0.0,1234.0,582,648,4,47,53,0,212.0,0.01,3.3e-05,30826.0,,,,
6302,8000,72834,1.9173,0.0191,3.7254,3.721,0.0133,0.1,4.98,0.92,0.0,1212.0,613,593,6,51,49,0,216.0,0.01,3.3e-05,31888.0,,,,
6303,8000,72850,1.9002,0.0173,3.695,3.763,0.0113,0.09,3.88,0.92,0.0,1208.0,605,598,5,50,50,0,217.0,0.01,3.3e-05,31859.0,,,,
6304,8000,72867,1.8681,0.0151,3.6353,3.789,0.0111,0.09,3.88,0.93,0.0,1188.0,611,571,6,51,48,1,221.0,0.02,3.3e-05,31970.0,,,,
6305,8000,72883,1.8618,0.0077,3.6373,3.789,0.0122,0.09,4.8,0.93,0.0,1185.0,625,555,5,53,47,0,221.0,0.01,3.3e-05,31904.0,,,,
6306,8000,72900,1.8659,0.0018,3.6567,3.716,0.0105,0.08,6.33,0.93,0.0,1186.0,590,591,5,50,50,0,221.0,0.01,3.3e-05,31924.0,,,,
6307,8000,72916,1.882,0.013,3.6674,3.777,0.0113,0.09,5.34,0.94,0.0,1253.0,620,627,6,49,50,0,209.0,0.01,3.3e-05,31942.0,,,,
6308,8000,72933,1.8752,0.0122,3.6544,3.702,0.0108,0.09,4.66,0.94,0.0,1219.0,643,574,2,53,47,0,215.0,0.0,3.3e-05,31946.0,,,,
6309,8000,72949,1.8574,0.001,3.6407,3.643,0.0107,0.09,4.56,0.94,0.0,1204.0,635,569,0,53,47,0,218.0,0.01,3.3e-05,31932.0,,,,
6310,8000,72966,1.8531,-0.0023,3.639,3.657,0.0107,0.09,5.34,0.94,0.0,1206.0,617,583,6,51,48,0,217.0,0.01,3.3e-05,31933.0,,,,
6311,8000,72982,1.8756,0.0187,3.642,3.656,0.013,0.1,4.24,0.94,0.0,1234.0,609,624,1,49,51,0,212.0,0.0,3.3e-05,31943.0,,,,
6312,8000,72999,1.8811,0.029,3.6336,3.788,0.0111,0.09,4.56,0.94,0.0,1131.0,570,556,5,50,49,0,232.0,0.01,3.3e-05,31928.0,,,,
6313,8000,73015,1.8859,0.0336,3.6333,3.757,0.0125,0.09,4.78,0.94,0.0,1204.0,618,582,4,51,48,0,218.0,0.01,3.3e-05,31954.0,,,,
6314,8000,73032,1.8596,0.0149,3.6181,3.759,0.0129,0.09,4.62,0.94,0.0,1174.0,587,581,6,50,49,1,223.0,0.01,3.3e-05,31937.0,,,,
6315,8000,73048,1.8762,0.0333,3.6136,3.713,0.0124,0.09,11.79,0.95,0.0,1089.0,573,514,2,53,47,0,241.0,0.01,3.3e-05,31941.0,,,,
6316,8000,73065,1.9,0.0368,3.6546,3.67,0.0082,0.07,9.97,0.95,0.0,1130.0,570,555,5,50,49,0,232.0,0.01,3.3e-05,31921.0,,,,
6317,8000,73081,1.8866,0.0114,3.6781,3.64,0.0112,0.09,6.91,0.94,0.0,1200.0,652,543,5,54,45,0,218.0,0.01,3.3e-05,31927.0,,,,
6318,8000,73098,1.8729,0.0173,3.6396,3.717,0.01,0.08,6.2,0.94,0.0,1172.0,627,539,6,53,46,1,224.0,0.02,3.3e-05,31936.0,,,,
6319,8000,73114,1.8671,0.0211,3.6202,3.698,0.0138,0.1,7.72,0.94,0.0,1154.0,614,536,4,53,46,0,227.0,0.03,3.3e-05,31984.0,,,,
6320,8000,73131,1.8703,0.0108,3.6482,3.798,0.0098,0.08,8.36,0.94,0.0,1200.0,558,636,6,46,53,0,218.0,0.02,3.3e-05,31931.0,,,,
6321,8000,73148,1.8978,0.013,3.6986,3.758,0.0127,0.09,5.36,0.93,0.0,1217.0,616,594,7,51,49,1,215.0,0.02,3.3e-05,30762.0,,,,
6322,8000,73164,1.9162,0.0257,3.7102,3.73,0.013,0.1,4.33,0.92,0.0,1228.0,615,606,7,50,49,1,213.0,0.01,3.3e-05,31899.0,,,,
6323,8000,73181,1.8862,0.0081,3.685,3.724,0.0155,0.1,3.96,0.93,0.0,1193.0,572,617,4,48,52,0,220.0,0.01,3.3e-05,31892.0,,,,
6324,8000,73197,1.8883,0.0197,3.6661,3.735,0.0133,0.1,3.53,0.93,0.0,1205.0,609,594,2,51,49,0,218.0,0.01,3.3e-05,31907.0,,,,
6325,8000,73214,1.8932,0.027,3.661,3.723,0.0131,0.1,4.55,0.93,0.0,1141.0,573,565,3,50,50,0,230.0,0.01,3.3e-05,31917.0,,,,
6326,8000,73230,1.8622,0.0185,3.6163,3.739,0.0096,0.08,4.96,0.94,0.0,1132.0,562,568,2,50,50,0,232.0,0.01,3.3e-05,31914.0,,,,
6327,8000,73247,1.8801,0.0326,3.6235,3.723,0.0126,0.1,3.5,0.94,0.0,1149.0,596,550,3,52,48,0,228.0,0.01,3.3e-05,31918.0,,,,
6328,8000,73263,1.8763,0.0202,3.6405,3.658,0.0119,0.09,3.81,0.94,0.0,1229.0,648,579,2,53,47,0,213.0,0.01,3.3e-05,31917.0,,,,
6329,8000,73280,1.8552,0.0075,3.624,3.691,0.0103,0.09,3.72,0.93,0.0,1200.0,595,598,7,50,50,1,218.0,0.0,3.3e-05,31994.0,,,,
6330,8000,73296,1.8863,0.0198,3.6613,3.678,0.0105,0.09,4.17,0.93,0.0,1234.0,642,590,2,52,48,0,212.0,0.0,3.3e-05,31910.0,,,,
6331,8000,73313,1.8888,0.0125,3.6797,3.551,0.0099,0.09,4.55,0.94,0.0,1220.0,609,608,3,50,50,0,215.0,0.01,3.3e-05,31928.0,,,,
6332,8000,73329,1.829,0.0009,3.585,3.742,0.0117,0.09,3.28,0.94,0.0,1216.0,575,636,5,47,52,0,216.0,0.0,3.3e-05,31938.0,,,,
6333,8000,73345,1.8599,-0.0005,3.6493,3.723,0.0099,0.08,5.04,0.94,0.0,1198.0,618,575,5,52,48,0,219.0,0.01,3.3e-05,31901.0,,,,
6334,8000,73362,1.8729,0.0131,3.6473,3.618,0.0104,0.08,5.01,0.94,0.0,1254.0,630,618,6,50,49,0,209.0,0.01,3.3e-05,31990.0,,,,
6335,8000,73378,1.8879,0.0207,3.6623,3.597,0.0112,0.09,4.1,0.94,0.0,1251.0,643,605,3,51,48,0,210.0,0.01,3.3e-05,31884.0,,,,
6336,8000,73395,1.8384,-0.0078,3.6198,3.589,0.0089,0.08,5.39,0.95,0.0,1180.0,608,570,2,52,48,0,222.0,0.01,3.3e-05,31965.0,,,,
6337,8000,73412,1.8557,0.0047,3.6299,3.603,0.0108,0.08,5.05,0.94,0.0,1210.0,627,579,4,52,48,0,217.0,0.0,3.3e-05,31896.0,,,,
6338,8000,73428,1.8816,0.004,3.6834,3.642,0.0099,0.08,5.05,0.94,0.0,1272.0,665,604,3,52,47,0,206.0,0.0,3.3e-05,31901.0,,,,
6339,8000,73445,1.8681,0.0187,3.6269,3.687,0.0113,0.09,5.53,0.94,0.0,1164.0,591,565,8,51,49,1,225.0,0.01,3.3e-05,31910.0,,,,
6340,8000,73461,1.8468,0.0209,3.5804,3.71,0.0112,0.08,5.17,0.95,0.0,1155.0,610,534,11,53,46,1,227.0,0.0,3.3e-05,31912.0,,,,
6341,8000,73478,1.8894,0.0203,3.6671,3.761,0.0106,0.08,4.6,0.94,0.0,1131.0,572,553,6,51,49,1,232.0,0.0,3.3e-05,30780.0,,,,
6342,8000,73495,1.8529,-0.0034,3.6414,3.742,0.0129,0.09,4.85,0.94,0.0,1195.0,572,616,7,48,52,1,219.0,0.0,3.3e-05,31938.0,,,,
6343,8000,73511,1.842,0.0009,3.6119,3.859,0.0102,0.08,4.78,0.94,0.0,1199.0,550,641,8,46,53,1,219.0,0.0,3.3e-05,31938.0,,,,
6344,8000,73528,1.8449,0.0071,3.6051,3.874,0.012,0.08,6.13,0.94,0.0,1188.0,546,636,6,46,54,1,221.0,0.0,3.3e-05,31959.0,,,,
6345,8000,73544,1.8431,0.0063,3.6033,3.906,0.0122,0.08,3.86,0.94,0.0,1193.0,575,614,4,48,51,0,220.0,0.01,3.3e-05,31941.0,,,,
6346,8000,73561,1.8456,-0.0007,3.6222,3.858,0.0123,0.09,5.19,0.94,0.0,1240.0,580,652,8,47,53,1,211.0,0.02,3.3e-05,31947.0,,,,
6347,8000,73577,1.8694,-0.0034,3.6749,3.84,0.007,0.06,10.57,0.94,0.0,1172.0,564,604,4,48,52,0,224.0,0.01,3.3e-05,31944.0,,,,
6348,8000,73594,1.8368,-0.0085,3.6195,3.775,0.011,0.08,5.03,0.94,0.0,1231.0,611,613,7,50,50,1,213.0,0.01,3.3e-05,31948.0,,,,
6349,8000,73610,1.8364,-0.0029,3.6078,3.778,0.0113,0.08,4.94,0.94,0.0,1234.0,595,633,6,48,51,0,212.0,0.01,3.3e-05,31961.0,343,0,169,67
6350,8000,73642,1.8613,0.0078,3.6358,3.715,0.0123,0.09,3.84,0.94,0.0,1232.0,614,607,11,50,49,1,213.0,0.0,3.3e-05,32023.0,,,,
6351,8000,73658,1.8829,0.0199,3.6538,3.612,0.016,0.1,3.33,0.94,0.0,1338.0,615,717,6,46,54,0,196.0,0.0,3.3e-05,31891.0,,,,
6352,8000,73675,1.8774,0.0287,3.6257,3.699,0.01,0.08,4.09,0.94,0.0,1272.0,637,630,5,50,50,0,206.0,0.0,3.3e-05,31893.0,,,,
6353,8000,73691,1.8336,-0.008,3.6124,3.791,0.0084,0.07,5.16,0.94,0.0,1199.0,585,612,2,49,51,0,219.0,0.0,3.3e-05,31903.0,,,,
6354,8000,73708,1.7903,-0.0434,3.5966,3.806,0.0102,0.07,5.66,0.94,0.0,1200.0,546,647,7,46,54,1,218.0,0.0,3.3e-05,31884.0,,,,
6355,8000,73724,1.8198,-0.0185,3.6056,3.776,0.0112,0.08,4.65,0.94,0.0,1200.0,553,638,9,46,53,1,218.0,0.0,3.3e-05,31909.0,,,,
6356,8000,73741,1.8491,-0.0107,3.6482,3.725,0.0083,0.07,7.51,0.94,0.0,1225.0,584,628,13,48,51,1,214.0,0.0,3.3e-05,31959.0,,,,
6357,8000,73757,1.8014,-0.0215,3.5751,3.786,0.0105,0.08,4.59,0.94,0.0,1223.0,572,644,7,47,53,1,214.0,0.0,3.3e-05,31936.0,,,,
6358,8000,73774,1.8362,-0.0083,3.6188,3.8,0.01,0.08,4.87,0.94,0.0,1275.0,594,665,16,47,52,1,206.0,0.0,3.3e-05,31879.0,,,,
6359,8000,73790,1.8509,0.0166,3.5987,3.876,0.0116,0.08,6.23,0.94,0.0,1257.0,617,631,9,49,50,1,209.0,0.0,3.3e-05,31891.0,,,,
6360,8000,73807,1.8693,0.004,3.6601,3.828,0.0104,0.08,4.24,0.94,0.0,1307.0,605,688,14,46,53,1,201.0,0.0,3.3e-05,31896.0,,,,
6361,8000,73824,1.8845,-0.0097,3.7175,3.761,0.0141,0.09,3.6,0.92,0.0,1251.0,646,600,5,52,48,0,210.0,0.0,3.3e-05,30796.0,,,,
6362,8000,73840,1.8858,-0.0181,3.7368,3.753,0.0125,0.09,3.16,0.92,0.0,1296.0,713,576,7,55,44,1,202.0,0.01,3.3e-05,31908.0,,,,
6363,8000,73857,1.8671,-0.0154,3.6949,3.834,0.0107,0.09,3.89,0.93,0.0,1253.0,666,583,4,53,47,0,209.0,0.0,3.3e-05,31982.0,,,,
6364,8000,73873,1.8615,-0.0126,3.6781,3.856,0.0105,0.08,3.61,0.93,0.0,1313.0,718,589,6,55,45,0,200.0,0.0,3.3e-05,31925.0,,,,
6365,8000,73890,1.8611,0.0003,3.6515,3.862,0.0105,0.08,3.79,0.93,0.0,1327.0,721,603,3,54,45,0,198.0,0.0,3.3e-05,31944.0,,,,
6366,8000,73906,1.8475,-0.0058,3.6364,3.859,0.0101,0.08,5.28,0.93,0.0,1194.0,636,553,5,53,46,0,220.0,0.01,3.3e-05,31985.0,,,,
6367,8000,73923,1.8264,-0.0041,3.5909,3.862,0.01,0.08,3.93,0.93,0.0,1142.0,571,570,1,50,50,0,230.0,0.01,3.3e-05,31914.0,,,,
6368,8000,73939,1.8372,-0.006,3.6172,3.911,0.0096,0.08,4.64,0.93,0.0,1149.0,547,591,11,48,51,1,228.0,0.01,3.3e-05,31925.0,,,,
6369,8000,73956,1.8235,0.0011,3.5749,3.9,0.011,0.08,4.76,0.94,0.0,1192.0,636,549,7,53,46,1,220.0,0.0,3.3e-05,31928.0,,,,
6370,8000,73972,1.8438,-0.0014,3.6213,3.912,0.0086,0.07,6.33,0.94,0.0,1179.0,598,567,14,51,48,1,222.0,0.0,3.3e-05,31920.0,,,,
6371,8000,73989,1.848,0.0148,3.5977,3.893,0.0101,0.08,6.63,0.94,0.0,1118.0,571,532,15,51,48,1,234.0,0.0,3.3e-05,31977.0,,,,
6372,8000,74005,1.8488,0.0295,3.5695,3.989,0.0101,0.08,5.42,0.94,0.0,1152.0,626,520,6,54,45,1,228.0,0.0,3.3e-05,31935.0,,,,
6373,8000,74022,1.8121,0.0068,3.5415,3.982,0.0117,0.08,7.75,0.95,0.0,1122.0,579,531,12,52,47,1,234.0,0.0,3.3e-05,31899.0,,,,
6374,8000,74038,1.7958,0.0101,3.5028,3.994,0.01,0.08,4.8,0.95,0.0,1092.0,562,518,12,51,47,1,240.0,0.0,3.3e-05,31923.0,,,,
6375,8000,74055,1.8233,0.0188,3.5411,4.003,0.0126,0.09,3.69,0.95,0.0,1137.0,601,521,15,53,46,1,231.0,0.01,3.3e-05,31936.0,,,,
6376,8000,74071,1.85,0.0291,3.5722,3.96,0.012,0.09,6.65,0.94,0.0,1101.0,581,513,7,53,47,1,238.0,0.0,3.3e-05,31981.0,,,,
6377,8000,74087,1.8313,0.0294,3.5352,4.019,0.0103,0.07,6.16,0.95,0.0,1126.0,607,508,11,54,45,1,233.0,0.01,3.3e-05,31908.0,,,,
6378,8000,74104,1.794,0.0238,3.4721,4.058,0.0108,0.08,4.32,0.95,0.0,1129.0,571,552,6,51,49,1,232.0,0.01,3.3e-05,31965.0,,,,
6379,8000,74120,1.8397,0.0231,3.5657,4.073,0.0106,0.08,5.62,0.95,0.0,1123.0,592,521,10,53,46,1,233.0,0.01,3.3e-05,31987.0,,,,
6380,8000,74137,1.8238,0.0164,3.5473,4.079,0.0095,0.07,5.19,0.95,0.0,1142.0,602,526,14,53,46,1,230.0,0.01,3.3e-05,31915.0,,,,
6381,8000,74154,1.8726,0.0086,3.6592,3.976,0.0134,0.08,4.82,0.93,0.0,1201.0,639,553,9,53,46,1,218.0,0.0,3.3e-05,30765.0,,,,
6382,8000,74171,1.871,0.0032,3.6658,3.904,0.0137,0.08,4.31,0.93,0.0,1216.0,602,609,5,50,50,0,216.0,0.01,3.3e-05,31895.0,,,,
6383,8000,74187,1.8321,-0.012,3.6194,3.983,0.0121,0.08,4.0,0.93,0.0,1235.0,616,613,6,50,50,0,212.0,0.01,3.3e-05,31903.0,,,,
6384,8000,74204,1.8253,0.0004,3.5809,4.022,0.012,0.08,3.67,0.94,0.0,1210.0,618,587,5,51,49,0,217.0,0.01,3.3e-05,31905.0,,,,
6385,8000,74220,1.8166,-0.0304,3.6247,3.981,0.0101,0.07,5.61,0.94,0.0,1200.0,560,633,7,47,53,1,218.0,0.01,3.3e-05,31919.0,,,,
6386,8000,74236,1.8031,-0.0278,3.5929,3.987,0.01,0.07,4.4,0.94,0.0,1224.0,609,610,5,50,50,0,214.0,0.01,3.3e-05,31970.0,,,,
6387,8000,74253,1.8142,-0.0194,3.5973,3.872,0.0097,0.07,7.42,0.94,0.0,1232.0,563,657,12,46,53,1,213.0,0.01,3.3e-05,31900.0,,,,
6388,8000,74269,1.817,-0.0205,3.6047,3.83,0.0121,0.08,3.14,0.94,0.0,1327.0,643,683,1,48,51,0,198.0,0.0,3.3e-05,31877.0,,,,
6389,8000,74286,1.8133,-0.0143,3.5855,3.859,0.0111,0.08,4.04,0.94,0.0,1228.0,620,601,7,50,49,1,213.0,0.01,3.3e-05,32021.0,,,,
6390,8000,74302,1.8559,-0.0059,3.6532,3.793,0.0107,0.08,4.01,0.94,0.0,1295.0,650,640,5,50,49,0,202.0,0.0,3.3e-05,31931.0,,,,
6391,8000,74319,1.8056,-0.0156,3.5718,3.81,0.0108,0.08,3.72,0.94,0.0,1263.0,610,650,3,48,51,0,208.0,0.0,3.3e-05,31958.0,,,,
6392,8000,74335,1.8147,-0.0201,3.5991,3.771,0.0106,0.08,4.07,0.94,0.0,1295.0,596,687,12,46,53,1,202.0,0.01,3.3e-05,31950.0,,,,
6393,8000,74352,1.8678,0.0006,3.6632,3.719,0.0099,0.07,4.86,0.94,0.0,1315.0,669,640,6,51,49,0,199.0,0.0,3.3e-05,31946.0,,,,
6394,8000,74368,1.8372,-0.0075,3.6197,3.824,0.011,0.08,3.89,0.93,0.0,1275.0,638,630,7,50,49,1,206.0,0.0,3.3e-05,31937.0,,,,
6395,8000,74385,1.8213,-0.0066,3.5856,3.859,0.0133,0.08,4.63,0.94,0.0,1211.0,581,624,6,48,52,0,216.0,0.0,3.3e-05,32002.0,,,,
6396,8000,74401,1.8226,-0.0032,3.5818,3.908,0.011,0.07,5.28,0.94,0.0,1173.0,576,588,9,49,50,1,223.0,0.0,3.3e-05,31971.0,,,,
6397,8000,74418,1.8319,-0.0018,3.5973,3.874,0.009,0.07,7.5,0.94,0.0,1174.0,554,607,13,47,52,1,223.0,0.0,3.3e-05,31934.0,,,,
6398,8000,74434,1.8652,0.0114,3.6359,3.72,0.0105,0.08,6.06,0.94,0.0,1173.0,578,583,12,49,50,1,223.0,0.01,3.3e-05,31977.0,,,,
6399,8000,74451,1.8163,0.0182,3.5252,3.803,0.0111,0.08,4.53,0.94,0.0,1142.0,554,580,8,49,51,1,230.0,0.01,3.3e-05,31993.0,246,0,266,48
6400,8000,74482,1.8278,0.0009,3.5825,3.783,0.0085,0.06,7.76,0.94,0.0,1115.0,552,558,5,50,50,0,235.0,0.01,3.3e-05,32068.0,,,,
6401,8000,74499,1.8533,-0.0052,3.6451,3.71,0.0109,0.08,5.0,0.93,0.0,1083.0,571,501,11,53,46,1,242.0,0.01,3.3e-05,30775.0,,,,
6402,8000,74516,1.8848,-0.0037,3.7062,3.788,0.0107,0.08,10.99,0.93,0.0,1056.0,526,517,13,50,49,1,248.0,0.01,3.3e-05,31926.0,,,,
6403,8000,74532,1.8579,-0.0125,3.6691,3.716,0.0107,0.08,5.54,0.93,0.0,1163.0,616,538,9,53,46,1,225.0,0.01,3.3e-05,31906.0,,,,
6404,8000,74549,1.8456,-0.0121,3.6442,3.749,0.0113,0.08,8.33,0.94,0.0,1169.0,584,575,10,50,49,1,224.0,0.01,3.2e-05,31994.0,,,,
6405,8000,74565,1.8375,-0.0048,3.6138,3.783,0.0106,0.08,4.6,0.94,0.0,1151.0,584,564,3,51,49,0,228.0,0.01,3.2e-05,31913.0,,,,
6406,8000,74582,1.8633,0.0241,3.6074,3.781,0.0114,0.09,5.26,0.94,0.0,1147.0,566,579,2,49,50,0,229.0,0.01,3.2e-05,31973.0,,,,
6407,8000,74598,1.8413,0.0099,3.5914,3.72,0.0119,0.09,4.16,0.94,0.0,1142.0,563,571,8,49,50,1,230.0,0.01,3.2e-05,31932.0,,,,
6408,8000,74615,1.8646,0.011,3.6366,3.788,0.0093,0.08,6.4,0.94,0.0,1130.0,568,555,7,50,49,1,232.0,0.01,3.2e-05,31942.0,,,,
6409,8000,74631,1.8361,0.0049,3.593,3.843,0.0113,0.09,4.21,0.94,0.0,1130.0,553,569,8,49,50,1,232.0,0.01,3.2e-05,31911.0,,,,
6410,8000,74648,1.8428,0.0017,3.611,3.685,0.0122,0.09,4.58,0.94,0.0,1158.0,606,544,8,52,47,1,226.0,0.01,3.2e-05,31934.0,,,,
6411,8000,74664,1.9108,0.0173,3.7143,3.561,0.0091,0.08,9.79,0.94,0.0,1174.0,600,570,4,51,49,0,223.0,0.01,3.2e-05,31960.0,,,,
6412,8000,74681,1.8684,0.029,3.6062,3.536,0.0113,0.09,4.38,0.95,0.0,1149.0,571,573,5,50,50,0,228.0,0.01,3.2e-05,31915.0,,,,
6413,8000,74697,1.8569,0.0194,3.6019,3.515,0.0127,0.09,4.16,0.95,0.0,1171.0,597,570,4,51,49,0,224.0,0.0,3.2e-05,31983.0,,,,
6414,8000,74713,1.8758,0.0212,3.6362,3.536,0.012,0.09,3.77,0.94,0.0,1180.0,613,563,4,52,48,0,222.0,0.01,3.2e-05,31969.0,,,,
6415,8000,74730,1.8939,0.0156,3.6837,3.523,0.012,0.09,4.69,0.94,0.0,1210.0,624,583,3,52,48,0,217.0,0.01,3.2e-05,31934.0,,,,
6416,8000,74746,1.8855,0.0134,3.6708,3.435,0.0139,0.1,4.71,0.94,0.0,1274.0,663,604,7,52,47,1,206.0,0.0,3.2e-05,31925.0,,,,
6417,8000,74763,1.8942,0.0113,3.6926,3.453,0.0094,0.08,4.43,0.94,0.0,1193.0,621,567,5,52,48,0,220.0,0.0,3.2e-05,31992.0,,,,
6418,8000,74779,1.8625,0.0083,3.6346,3.466,0.0114,0.09,4.14,0.94,0.0,1239.0,655,581,3,53,47,0,212.0,0.0,3.2e-05,31926.0,,,,
6419,8000,74796,1.8654,0.0062,3.6446,3.442,0.0102,0.08,4.59,0.94,0.0,1220.0,616,601,3,50,49,0,215.0,0.0,3.2e-05,31917.0,,,,
6420,8000,74812,1.8281,-0.0077,3.5986,3.596,0.0097,0.08,4.36,0.95,0.0,1218.0,638,580,0,52,48,0,215.0,0.0,3.2e-05,31929.0,,,,
6421,8000,74829,1.8813,-0.0185,3.7273,3.6,0.0119,0.09,3.64,0.92,0.0,1247.0,653,592,2,52,47,0,210.0,0.0,3.2e-05,30830.0,,,,
6422,8000,74846,1.8702,-0.0155,3.7005,3.753,0.0108,0.08,4.33,0.93,0.0,1205.0,594,609,2,49,51,0,218.0,0.0,3.2e-05,31941.0,,,,
6423,8000,74862,1.8303,-0.0204,3.6317,3.811,0.0108,0.08,4.63,0.93,0.0,1253.0,658,589,6,53,47,0,209.0,0.0,3.2e-05,31942.0,,,,
6424,8000,74879,1.8339,-0.0123,3.6219,3.775,0.0104,0.08,4.03,0.93,0.0,1208.0,559,639,10,46,53,1,217.0,0.0,3.2e-05,31947.0,,,,
6425,8000,74895,1.7988,-0.0185,3.5659,3.903,0.0097,0.08,4.55,0.94,0.0,1187.0,606,570,11,51,48,1,221.0,0.01,3.2e-05,31933.0,,,,
6426,8000,74912,1.8543,0.0215,3.597,3.87,0.0114,0.08,6.16,0.94,0.0,1169.0,585,575,9,50,49,1,224.0,0.01,3.2e-05,31963.0,,,,
6427,8000,74928,1.818,-0.0065,3.5807,3.896,0.0113,0.09,4.09,0.94,0.0,1188.0,597,575,16,50,48,1,221.0,0.0,3.2e-05,31955.0,,,,
6428,8000,74945,1.8397,0.0068,3.5962,3.819,0.0111,0.09,3.46,0.94,0.0,1170.0,550,609,11,47,52,1,224.0,0.01,3.2e-05,31992.0,,,,
6429,8000,74961,1.825,-0.0066,3.5944,3.857,0.0111,0.08,3.83,0.94,0.0,1203.0,598,589,16,50,49,1,218.0,0.01,3.2e-05,31942.0,,,,
6430,8000,74978,1.8246,-0.0124,3.6048,3.858,0.0097,0.08,3.91,0.94,0.0,1240.0,615,612,13,50,49,1,211.0,0.0,3.2e-05,32020.0,,,,
6431,8000,74994,1.8197,-0.0011,3.5723,3.786,0.0105,0.09,3.75,0.95,0.0,1195.0,582,602,11,49,50,1,219.0,0.0,3.2e-05,31947.0,,,,
6432,8000,75011,1.8455,-0.0008,3.6226,3.795,0.0112,0.09,4.15,0.94,0.0,1245.0,611,626,8,49,50,1,211.0,0.0,3.2e-05,31945.0,,,,
6433,8000,75027,1.8205,0.0028,3.5663,3.84,0.0095,0.08,4.39,0.94,0.0,1195.0,565,625,5,47,52,0,219.0,0.0,3.2e-05,31935.0,,,,
6434,8000,75043,1.8691,0.0133,3.6423,3.86,0.0088,0.07,8.39,0.94,0.0,1201.0,616,576,9,51,48,1,218.0,0.0,3.2e-05,31947.0,,,,
6435,8000,75060,1.8311,0.0078,3.5777,3.866,0.0094,0.07,4.28,0.95,0.0,1183.0,587,587,9,50,50,1,222.0,0.0,3.2e-05,31986.0,,,,
6436,8000,75076,1.8593,0.0236,3.6022,3.824,0.0118,0.08,5.93,0.94,0.0,1154.0,553,589,12,48,51,1,227.0,0.0,3.2e-05,31937.0,,,,
6437,8000,75093,1.8503,0.0165,3.5985,3.788,0.0088,0.07,6.74,0.95,0.0,1201.0,584,600,17,49,50,1,218.0,0.0,3.2e-05,31947.0,,,,
6438,8000,75109,1.8394,0.0256,3.5579,3.773,0.011,0.08,5.68,0.95,0.0,1176.0,578,589,9,49,50,1,223.0,0.0,3.2e-05,31948.0,,,,
6439,8000,75126,1.8185,0.0265,3.5141,3.831,0.0105,0.08,4.31,0.95,0.0,1137.0,557,576,4,49,51,0,231.0,0.0,3.2e-05,31990.0,,,,
6440,8000,75142,1.831,0.0148,3.5624,3.758,0.0095,0.07,5.41,0.95,0.0,1082.0,511,562,9,47,52,1,242.0,0.0,3.2e-05,31953.0,,,,
6441,8000,75159,1.8762,0.0215,3.6379,3.642,0.0118,0.08,14.15,0.94,0.0,1069.0,552,506,11,52,47,1,245.0,0.0,3.2e-05,30775.0,,,,
6442,8000,75176,1.8836,0.0176,3.6614,3.669,0.0076,0.07,9.19,0.94,0.0,1146.0,560,573,13,49,50,1,229.0,0.01,3.2e-05,31991.0,,,,
6443,8000,75192,1.8578,0.0174,3.612,3.786,0.012,0.09,4.48,0.93,0.0,1145.0,591,526,28,52,46,2,229.0,0.01,3.2e-05,31935.0,,,,
6444,8000,75209,1.8527,0.0148,3.6061,3.753,0.0137,0.09,3.6,0.93,0.0,1227.0,661,547,19,54,45,2,214.0,0.01,3.2e-05,31934.0,,,,
6445,8000,75225,1.8745,0.0194,3.6394,3.715,0.0097,0.08,5.98,0.94,0.0,1205.0,609,584,12,51,48,1,218.0,0.0,3.2e-05,31938.0,,,,
6446,8000,75242,1.8591,0.0271,3.5934,3.758,0.013,0.09,3.9,0.94,0.0,1245.0,668,571,6,54,46,0,211.0,0.0,3.2e-05,31949.0,,,,
6447,8000,75258,1.9039,0.0265,3.683,3.634,0.0098,0.08,11.77,0.94,0.0,1167.0,639,523,5,55,45,0,225.0,0.01,3.2e-05,31999.0,,,,
6448,8000,75275,1.8317,-0.0012,3.5951,3.723,0.0102,0.08,5.46,0.94,0.0,1198.0,650,536,12,54,45,1,219.0,0.01,3.2e-05,31932.0,,,,
6449,8000,75291,1.8485,0.0135,3.5989,3.714,0.0106,0.08,4.93,0.94,0.0,1181.0,652,520,9,55,44,1,222.0,0.01,3.2e-05,31998.0,307,0,205,60
6450,8000,75323,1.8429,0.0064,3.6018,3.704,0.014,0.1,4.61,0.93,0.0,1182.0,630,537,15,53,45,1,222.0,0.01,3.2e-05,32081.0,,,,
6451,8000,75339,1.8535,0.0087,3.6195,3.721,0.0127,0.09,4.96,0.93,0.0,1196.0,641,542,13,54,45,1,219.0,0.0,3.2e-05,31929.0,,,,
6452,8000,75356,1.8184,-0.0007,3.567,3.719,0.0122,0.08,4.21,0.94,0.0,1155.0,612,531,12,53,46,1,227.0,0.0,3.2e-05,31939.0,,,,
6453,8000,75372,1.8787,0.0085,3.6693,3.683,0.0084,0.07,10.15,0.94,0.0,1133.0,564,559,10,50,49,1,231.0,0.0,3.2e-05,32008.0,,,,
6454,8000,75388,1.86,0.0117,3.628,3.737,0.0092,0.07,6.98,0.94,0.0,1164.0,613,536,15,53,46,1,225.0,0.01,3.2e-05,32013.0,,,,
6455,8000,75405,1.8338,0.0117,3.5742,3.695,0.0133,0.08,4.05,0.95,0.0,1223.0,632,579,12,52,47,1,214.0,0.0,3.2e-05,31928.0,,,,
6456,8000,75421,1.8396,0.0156,3.5778,3.671,0.0125,0.09,4.19,0.95,0.0,1205.0,625,565,15,52,47,1,218.0,0.0,3.2e-05,31966.0,,,,
6457,8000,75438,1.836,0.0168,3.5679,3.689,0.0132,0.09,3.85,0.95,0.0,1220.0,653,559,8,54,46,1,215.0,0.0,3.2e-05,31925.0,,,,
6458,8000,75454,1.8783,0.017,3.65,3.523,0.0092,0.08,7.61,0.95,0.0,1222.0,640,579,3,52,47,0,215.0,0.0,3.2e-05,31928.0,,,,
6459,8000,75471,1.8663,0.0132,3.6348,3.563,0.0115,0.09,13.67,0.95,0.0,1197.0,617,574,6,52,48,1,219.0,0.01,3.2e-05,31940.0,,,,
6460,8000,75487,1.8429,0.027,3.5599,3.589,0.0121,0.09,6.53,0.95,0.0,1222.0,644,574,4,53,47,0,215.0,0.0,3.2e-05,32006.0,,,,
6461,8000,75504,1.9958,0.0313,3.8561,3.582,0.0045,0.04,21.5,0.93,0.0,1141.0,594,542,5,52,48,0,230.0,0.0,3.2e-05,30756.0,,,,
6462,8000,75521,1.9035,0.03,3.6754,3.69,0.0081,0.06,9.34,0.93,0.0,1102.0,517,574,11,47,52,1,238.0,0.01,3.2e-05,31866.0,,,,
6463,8000,75537,1.8538,0.0044,3.6279,3.827,0.0095,0.07,8.87,0.93,0.0,1103.0,542,554,7,49,50,1,238.0,0.02,3.2e-05,31894.0,,,,
6464,8000,75554,1.8315,0.0176,3.5578,3.882,0.0123,0.09,5.79,0.94,0.0,1012.0,510,491,11,50,49,1,259.0,0.01,3.2e-05,31955.0,,,,
6465,8000,75570,1.8242,0.0108,3.5567,3.872,0.0126,0.09,5.5,0.93,0.0,1060.0,534,509,17,50,48,2,247.0,0.01,3.2e-05,31870.0,,,,
6466,8000,75587,1.8238,0.0084,3.5596,3.783,0.0128,0.08,5.05,0.93,0.0,1081.0,580,485,16,54,45,1,243.0,0.01,3.2e-05,31903.0,,,,
6467,8000,75603,1.8111,0.0135,3.5252,3.898,0.0126,0.09,4.59,0.94,0.0,1072.0,560,505,7,52,47,1,245.0,0.01,3.2e-05,31888.0,,,,
6468,8000,75620,1.8112,0.0119,3.5285,3.88,0.0118,0.08,4.36,0.94,0.0,1087.0,555,522,10,51,48,1,241.0,0.01,3.2e-05,31880.0,,,,
6469,8000,75636,1.8228,0.0296,3.5177,3.902,0.0128,0.09,4.63,0.94,0.0,1042.0,513,514,15,49,49,1,252.0,0.01,3.2e-05,31890.0,,,,
6470,8000,75653,1.7895,0.027,3.4567,4.003,0.012,0.08,4.61,0.95,0.0,974.0,487,474,13,50,49,1,269.0,0.02,3.2e-05,31884.0,,,,
6471,8000,75669,1.7764,0.0195,3.4452,4.072,0.0117,0.08,5.7,0.95,0.0,916.0,484,426,6,53,47,1,286.0,0.01,3.2e-05,31887.0,,,,
6472,8000,75686,1.8118,0.0284,3.4999,4.055,0.0117,0.08,4.56,0.94,0.0,1010.0,529,468,13,52,46,1,260.0,0.01,3.2e-05,31879.0,,,,
6473,8000,75702,1.8377,0.0271,3.5535,4.052,0.0126,0.09,4.65,0.93,0.0,1044.0,570,462,12,55,44,1,251.0,0.02,3.2e-05,31916.0,,,,
6474,8000,75719,1.8312,0.0345,3.5252,3.995,0.0135,0.09,4.87,0.94,0.0,1010.0,540,458,12,53,45,1,260.0,0.02,3.2e-05,31876.0,,,,
6475,8000,75735,1.8005,0.0217,3.49,4.071,0.0118,0.08,4.28,0.94,0.0,1042.0,548,484,10,53,46,1,252.0,0.02,3.2e-05,31876.0,,,,
6476,8000,75752,1.7734,0.034,3.411,4.154,0.012,0.08,4.33,0.95,0.0,1002.0,539,455,8,54,45,1,262.0,0.02,3.2e-05,31896.0,,,,
6477,8000,75768,1.7896,0.0303,3.4509,4.145,0.0102,0.08,4.22,0.94,0.0,1018.0,549,463,6,54,45,1,258.0,0.01,3.2e-05,31899.0,,,,
6478,8000,75785,1.7988,0.0256,3.4783,4.095,0.0109,0.08,4.81,0.94,0.0,1044.0,564,467,13,54,45,1,251.0,0.01,3.2e-05,31902.0,,,,
6479,8000,75801,1.8288,0.0227,3.5436,4.049,0.0111,0.08,7.3,0.94,0.0,1101.0,586,507,8,53,46,1,238.0,0.01,3.2e-05,31884.0,,,,
6480,8000,75818,1.8279,0.0326,3.5226,4.082,0.0135,0.08,4.49,0.94,0.0,1088.0,590,492,6,54,45,1,241.0,0.01,3.2e-05,31898.0,,,,
6481,8000,75835,1.9141,0.0444,3.6708,3.993,0.0134,0.09,3.96,0.92,0.0,1213.0,625,584,4,52,48,0,216.0,0.01,3.2e-05,30793.0,,,,
6482,8000,75851,1.8771,0.0319,3.6221,4.068,0.0114,0.08,3.64,0.92,0.0,1122.0,552,568,2,49,51,0,234.0,0.01,3.2e-05,31965.0,,,,
6483,8000,75868,1.8685,0.011,3.6466,4.016,0.0103,0.08,3.7,0.92,0.0,1126.0,586,535,5,52,48,0,233.0,0.01,3.2e-05,31921.0,,,,
6484,8000,75884,1.8399,0.0037,3.604,4.042,0.0119,0.09,3.57,0.93,0.0,1121.0,559,557,5,50,50,0,234.0,0.01,3.2e-05,31944.0,,,,
6485,8000,75901,1.7994,-0.0142,3.56,4.075,0.011,0.08,3.75,0.93,0.0,1125.0,560,553,12,50,49,1,233.0,0.01,3.2e-05,31934.0,,,,
6486,8000,75917,1.8192,0.0066,3.5581,4.112,0.0084,0.07,4.06,0.94,0.0,1094.0,552,536,6,50,49,1,240.0,0.01,3.2e-05,31934.0,,,,
6487,8000,75934,1.8226,0.0171,3.5441,4.131,0.0093,0.07,4.55,0.94,0.0,1079.0,511,561,7,47,52,1,243.0,0.01,3.2e-05,31991.0,,,,
6488,8000,75950,1.8439,0.0136,3.594,4.094,0.0087,0.07,7.57,0.94,0.0,1086.0,529,542,15,49,50,1,241.0,0.01,3.2e-05,31927.0,,,,
6489,8000,75967,1.8388,0.0114,3.5867,3.95,0.0097,0.08,4.95,0.94,0.0,1110.0,533,566,11,48,51,1,236.0,0.01,3.2e-05,31930.0,,,,
6490,8000,75983,1.8267,0.0076,3.5705,4.055,0.0096,0.07,5.94,0.94,0.0,1091.0,526,556,9,48,51,1,240.0,0.0,3.2e-05,31960.0,,,,
6491,8000,76000,1.8613,0.0198,3.6144,4.001,0.0078,0.07,8.24,0.94,0.0,1065.0,525,531,9,49,50,1,246.0,0.01,3.2e-05,31917.0,,,,
6492,8000,76016,1.8424,0.02,3.5765,4.06,0.008,0.07,9.32,0.94,0.0,1053.0,497,550,6,47,52,1,249.0,0.0,3.2e-05,31929.0,,,,
6493,8000,76033,1.8165,0.0103,3.5445,4.117,0.0093,0.07,8.23,0.94,0.0,1052.0,531,509,12,50,48,1,249.0,0.0,3.2e-05,31994.0,,,,
6494,8000,76049,1.8339,0.0166,3.5669,4.066,0.0096,0.07,5.17,0.94,0.0,1155.0,546,601,8,47,52,1,227.0,0.01,3.2e-05,32007.0,,,,
6495,8000,76066,1.8458,-0.0024,3.6283,4.022,0.0114,0.08,4.9,0.94,0.0,1225.0,598,621,6,49,51,0,214.0,0.0,3.2e-05,31932.0,,,,
6496,8000,76082,1.8729,0.0185,3.6405,4.02,0.009,0.07,6.97,0.94,0.0,1156.0,557,591,8,48,51,1,227.0,0.02,3.2e-05,31946.0,,,,
6497,8000,76099,1.8575,0.028,3.5902,3.979,0.0141,0.09,4.8,0.94,0.0,1127.0,548,576,3,49,51,0,233.0,0.01,3.2e-05,31930.0,,,,
6498,8000,76115,1.8422,0.0122,3.5912,3.944,0.0099,0.08,3.9,0.94,0.0,1149.0,532,615,2,46,54,0,228.0,0.01,3.2e-05,32000.0,,,,
6499,8000,76132,1.8395,0.0138,3.5832,3.966,0.0126,0.09,4.11,0.94,0.0,1226.0,582,634,10,47,52,1,214.0,0.01,3.2e-05,31937.0,297,0,215,58
6500,8000,76163,1.8515,0.0145,3.6046,3.858,0.0136,0.09,4.41,0.93,0.0,1147.0,556,586,5,48,51,0,229.0,0.01,3.2e-05,32054.0,,,,
6501,8000,76180,1.9127,0.0215,3.713,3.867,0.012,0.09,4.81,0.92,0.0,1179.0,570,603,6,48,51,1,222.0,0.01,3.2e-05,30759.0,,,,
6502,8000,76197,1.8844,0.0046,3.69,3.855,0.0091,0.08,4.57,0.92,0.0,1195.0,595,596,4,50,50,0,219.0,0.01,3.2e-05,31931.0,,,,
6503,8000,76213,1.8708,0.0036,3.665,3.871,0.0118,0.09,3.8,0.92,0.0,1216.0,625,588,3,51,48,0,216.0,0.01,3.2e-05,31938.0,,,,
6504,8000,76230,1.9035,0.0292,3.6793,3.906,0.0117,0.09,3.27,0.92,0.0,1236.0,613,617,6,50,50,0,212.0,0.01,3.2e-05,31878.0,,,,
6505,8000,76246,1.8795,0.0146,3.6605,3.921,0.0116,0.08,3.54,0.93,0.0,1224.0,640,583,1,52,48,0,214.0,0.01,3.2e-05,31829.0,,,,
6506,8000,76263,1.8501,0.0003,3.629,3.768,0.012,0.09,3.38,0.93,0.0,1139.0,592,545,2,52,48,0,230.0,0.01,3.2e-05,31942.0,,,,
6507,8000,76279,1.8617,-0.0006,3.6535,3.69,0.0106,0.09,4.07,0.94,0.0,1170.0,581,589,0,50,50,0,224.0,0.01,3.2e-05,31987.0,,,,
6508,8000,76296,1.903,0.0403,3.6546,3.751,0.0121,0.09,4.57,0.94,0.0,1217.0,639,575,3,53,47,0,215.0,0.01,3.2e-05,31930.0,,,,
6509,8000,76312,1.8892,0.0331,3.6417,3.771,0.0103,0.08,4.58,0.94,0.0,1202.0,618,584,0,51,49,0,218.0,0.02,3.2e-05,31920.0,,,,
6510,8000,76329,1.8397,0.0151,3.579,3.84,0.01,0.08,5.12,0.94,0.0,1086.0,533,550,3,49,51,0,241.0,0.01,3.2e-05,31957.0,,,,
6511,8000,76345,1.8435,-0.0006,3.6179,3.766,0.0084,0.07,4.89,0.94,0.0,1137.0,566,569,2,50,50,0,231.0,0.02,3.2e-05,31921.0,,,,
6512,8000,76362,1.8428,-0.0035,3.6235,3.871,0.0085,0.07,6.48,0.94,0.0,1125.0,547,569,9,49,51,1,233.0,0.01,3.2e-05,31923.0,,,,
6513,8000,76378,1.8092,-0.004,3.5573,3.891,0.0086,0.07,6.21,0.95,0.0,1121.0,575,539,7,51,48,1,234.0,0.0,3.2e-05,32003.0,,,,
6514,8000,76395,1.8396,-0.001,3.6119,3.883,0.0093,0.08,5.16,0.94,0.0,1112.0,549,557,6,49,50,1,236.0,0.01,3.2e-05,31988.0,,,,
6515,8000,76411,1.8547,-0.0064,3.6525,3.848,0.0085,0.07,5.83,0.94,0.0,1171.0,583,582,6,50,50,1,224.0,0.01,3.2e-05,31928.0,,,,
6516,8000,76428,1.8556,0.0001,3.6409,3.778,0.0132,0.09,4.85,0.94,0.0,1199.0,617,579,3,51,48,0,219.0,0.0,3.2e-05,31940.0,,,,
6517,8000,76444,1.8488,-0.0056,3.6377,3.716,0.0122,0.09,4.8,0.94,0.0,1205.0,587,613,5,49,51,0,218.0,0.01,3.2e-05,31947.0,,,,
6518,8000,76461,1.8714,-0.0014,3.6754,3.832,0.0101,0.08,5.25,0.94,0.0,1191.0,624,565,2,52,47,0,220.0,0.01,3.2e-05,31933.0,,,,
6519,8000,76477,1.8297,-0.0055,3.6003,3.814,0.01,0.08,6.69,0.95,0.0,1089.0,562,523,4,52,48,0,241.0,0.01,3.2e-05,31936.0,,,,
6520,8000,76494,1.8287,0.0121,3.563,3.83,0.0113,0.09,4.32,0.95,0.0,1096.0,590,503,3,54,46,0,239.0,0.0,3.2e-05,31928.0,,,,
6521,8000,76511,1.882,-0.0089,3.7116,3.779,0.0098,0.08,5.28,0.93,0.0,1154.0,573,579,2,50,50,0,227.0,0.01,3.2e-05,30768.0,,,,
6522,8000,76527,1.8423,-0.0107,3.6352,3.707,0.0116,0.09,4.01,0.93,0.0,1114.0,552,559,3,50,50,0,235.0,0.01,3.2e-05,31955.0,,,,
6523,8000,76544,1.8348,-0.0102,3.6192,3.7,0.0134,0.1,4.66,0.93,0.0,1055.0,512,534,9,49,51,1,248.0,0.01,3.2e-05,31996.0,,,,
6524,8000,76560,1.8406,0.013,3.5849,3.777,0.0106,0.08,5.34,0.94,0.0,1075.0,500,566,9,47,53,1,244.0,0.02,3.2e-05,31994.0,,,,
6525,8000,76577,1.8281,0.0093,3.5687,3.805,0.0117,0.09,5.59,0.94,0.0,1029.0,501,517,11,49,50,1,255.0,0.01,3.2e-05,31936.0,,,,
6526,8000,76593,1.809,0.0014,3.5469,3.828,0.0103,0.09,4.62,0.94,0.0,1003.0,474,518,11,47,52,1,261.0,0.02,3.2e-05,31931.0,,,,
6527,8000,76610,1.8161,0.0044,3.5549,3.8,0.0098,0.09,5.95,0.95,0.0,1011.0,501,494,16,50,49,2,259.0,0.02,3.2e-05,31922.0,,,,
6528,8000,76626,1.837,0.0094,3.5858,3.72,0.0109,0.09,4.13,0.94,0.0,1103.0,505,582,16,46,53,1,238.0,0.02,3.2e-05,31929.0,,,,
6529,8000,76643,1.8568,0.0017,3.6396,3.712,0.0108,0.08,5.38,0.94,0.0,1105.0,522,570,13,47,52,1,237.0,0.01,3.2e-05,31922.0,,,,
6530,8000,76659,1.8551,0.0059,3.6277,3.719,0.0117,0.09,5.44,0.94,0.0,1069.0,547,512,10,51,48,1,245.0,0.01,3.2e-05,31991.0,,,,
6531,8000,76676,1.8459,0.0165,3.5891,3.83,0.0099,0.08,5.69,0.94,0.0,1071.0,484,583,4,45,54,0,245.0,0.01,3.2e-05,31922.0,,,,
6532,8000,76692,1.8572,0.0273,3.5903,3.788,0.011,0.09,4.69,0.94,0.0,1115.0,520,593,2,47,53,0,235.0,0.01,3.2e-05,31946.0,,,,
6533,8000,76709,1.8661,0.0146,3.6342,3.823,0.0099,0.08,4.84,0.94,0.0,1165.0,556,601,8,48,52,1,225.0,0.01,3.2e-05,31948.0,,,,
6534,8000,76725,1.8771,0.0245,3.6367,3.794,0.0108,0.09,4.45,0.94,0.0,1272.0,620,648,4,49,51,0,206.0,0.01,3.2e-05,31952.0,,,,
6535,8000,76742,1.8713,0.0256,3.6222,3.858,0.0116,0.09,5.06,0.94,0.0,1178.0,549,626,3,47,53,0,223.0,0.0,3.2e-05,31959.0,,,,
6536,8000,76758,1.8411,0.0076,3.5979,3.865,0.0101,0.09,5.8,0.95,0.0,1154.0,549,604,1,48,52,0,227.0,0.01,3.2e-05,31967.0,,,,
6537,8000,76775,1.8531,0.003,3.6304,3.807,0.0105,0.09,5.45,0.94,0.0,1176.0,568,606,2,48,52,0,223.0,0.01,3.2e-05,31929.0,,,,
6538,8000,76791,1.8391,-0.0015,3.6123,3.922,0.0105,0.09,5.14,0.94,0.0,1105.0,542,562,1,49,51,0,237.0,0.02,3.2e-05,31943.0,,,,
6539,8000,76808,1.8626,0.0061,3.6446,3.946,0.0097,0.08,6.19,0.94,0.0,1188.0,580,601,7,49,51,1,221.0,0.02,3.2e-05,31938.0,,,,
6540,8000,76824,1.8646,0.0139,3.6324,3.894,0.0092,0.08,6.81,0.95,0.0,1129.0,530,595,4,47,53,0,232.0,0.01,3.2e-05,31922.0,,,,
6541,8000,76841,1.8787,-0.0075,3.7036,3.882,0.0101,0.08,8.9,0.94,0.0,1159.0,555,599,5,48,52,0,226.0,0.0,3.2e-05,30812.0,,,,
6542,8000,76858,1.8824,-0.0071,3.7102,3.811,0.008,0.07,10.27,0.94,0.0,1112.0,501,602,9,45,54,1,236.0,0.01,3.2e-05,31942.0,,,,
6543,8000,76874,1.8989,0.0128,3.703,3.885,0.0083,0.07,14.92,0.94,0.0,1096.0,530,561,5,48,51,0,239.0,0.01,3.2e-05,31932.0,,,,
6544,8000,76891,1.8865,0.0241,3.6563,3.902,0.0091,0.08,8.05,0.94,0.0,1173.0,603,560,10,51,48,1,223.0,0.0,3.2e-05,31983.0,,,,
6545,8000,76907,1.892,0.0244,3.6655,3.786,0.0089,0.08,9.83,0.95,0.0,1190.0,607,580,3,51,49,0,220.0,0.0,3.2e-05,31919.0,,,,
6546,8000,76924,1.9038,0.0203,3.6964,3.693,0.008,0.07,10.35,0.94,0.0,1136.0,559,572,5,49,50,0,231.0,0.01,3.2e-05,31898.0,,,,
6547,8000,76940,1.9015,0.0305,3.6719,3.748,0.0131,0.1,7.46,0.94,0.0,1173.0,577,593,3,49,51,0,223.0,0.01,3.2e-05,31920.0,,,,
6548,8000,76957,1.8906,0.0368,3.6384,3.843,0.0113,0.09,8.61,0.95,0.0,1135.0,534,596,5,47,53,0,231.0,0.01,3.2e-05,31896.0,,,,
6549,8000,76973,1.8916,0.0371,3.639,3.768,0.0107,0.09,9.38,0.94,0.0,1147.0,574,569,4,50,50,0,229.0,0.02,3.2e-05,31928.0,315,0,197,62
6550,8000,77005,1.8964,0.032,3.6592,3.832,0.0098,0.09,11.94,0.95,0.0,1123.0,548,568,7,49,51,1,233.0,0.02,3.2e-05,32070.0,,,,
6551,8000,77021,1.895,0.0257,3.6698,3.886,0.0074,0.07,8.95,0.94,0.0,1140.0,527,607,6,46,53,1,230.0,0.01,3.2e-05,31929.0,,,,
6552,8000,77038,1.9094,0.0442,3.6618,3.854,0.0128,0.1,8.97,0.94,0.0,1159.0,580,573,6,50,49,1,226.0,0.0,3.2e-05,31931.0,,,,
6553,8000,77054,1.8939,0.0433,3.633,3.884,0.0104,0.09,8.67,0.95,0.0,1097.0,514,577,6,47,53,1,239.0,0.02,3.2e-05,31980.0,,,,
6554,8000,77071,1.8963,0.0374,3.649,3.842,0.0116,0.09,10.06,0.94,0.0,1155.0,538,612,5,47,53,0,227.0,0.01,3.2e-05,31930.0,,,,
6555,8000,77087,1.8724,0.0254,3.6242,3.754,0.0109,0.09,12.62,0.95,0.0,1142.0,581,555,6,51,49,1,230.0,0.01,3.2e-05,31917.0,,,,
6556,8000,77104,1.9061,0.0247,3.6926,3.754,0.0084,0.08,13.03,0.94,0.0,1196.0,581,612,3,49,51,0,219.0,0.01,3.2e-05,31957.0,,,,
6557,8000,77120,1.879,0.0287,3.6308,3.791,0.0125,0.1,8.82,0.95,0.0,1124.0,531,589,4,47,52,0,233.0,0.01,3.2e-05,31910.0,,,,
6558,8000,77137,1.8764,0.0417,3.6,3.809,0.0118,0.1,9.11,0.95,0.0,1121.0,548,569,4,49,51,0,234.0,0.0,3.2e-05,31950.0,,,,
6559,8000,77153,1.8794,0.0157,3.6581,3.819,0.0111,0.09,9.07,0.94,0.0,1133.0,535,595,3,47,53,0,231.0,0.01,3.2e-05,31931.0,,,,
6560,8000,77170,1.8618,0.0309,3.5936,3.866,0.0144,0.1,11.01,0.95,0.0,1107.0,505,594,8,46,54,1,237.0,0.01,3.2e-05,31916.0,,,,
6561,8000,77187,1.8903,0.0119,3.6877,3.872,0.0108,0.09,9.72,0.94,0.0,1210.0,580,628,2,48,52,0,217.0,0.0,3.2e-05,30788.0,,,,
6562,8000,77203,1.9033,0.0402,3.6594,3.832,0.014,0.1,6.11,0.94,0.0,1229.0,587,630,12,48,51,1,213.0,0.01,3.2e-05,31946.0,,,,
6563,8000,77220,1.9,0.0294,3.6737,3.894,0.0116,0.09,8.07,0.93,0.0,1182.0,591,585,6,50,49,1,222.0,0.01,3.2e-05,31938.0,,,,
6564,8000,77236,1.9137,0.0261,3.7074,3.965,0.0105,0.09,7.84,0.93,0.0,1166.0,591,569,6,51,49,1,225.0,0.01,3.2e-05,31999.0,,,,
6565,8000,77253,1.8517,0.0052,3.6257,3.957,0.0099,0.09,7.02,0.94,0.0,1185.0,583,591,11,49,50,1,221.0,0.01,3.2e-05,31929.0,,,,
6566,8000,77269,1.8343,-0.0035,3.6083,3.99,0.0112,0.09,7.58,0.94,0.0,1194.0,602,583,9,50,49,1,220.0,0.0,3.2e-05,31988.0,,,,
6567,8000,77286,1.8475,0.0052,3.6174,4.012,0.0104,0.09,7.48,0.94,0.0,1154.0,570,575,9,49,50,1,227.0,0.01,3.2e-05,31941.0,,,,
6568,8000,77302,1.8533,0.0042,3.6315,4.099,0.0097,0.08,8.39,0.94,0.0,1135.0,545,583,7,48,51,1,231.0,0.0,3.2e-05,31949.0,,,,
6569,8000,77319,1.805,-0.0108,3.5642,4.039,0.0116,0.09,6.22,0.95,0.0,1106.0,550,550,6,50,50,1,237.0,0.0,3.2e-05,32008.0,,,,
6570,8000,77335,1.8244,-0.004,3.5894,4.093,0.0108,0.09,7.28,0.94,0.0,1124.0,540,572,12,48,51,1,233.0,0.0,3.2e-05,31915.0,,,,
6571,8000,77352,1.8532,0.0158,3.6075,4.038,0.0097,0.08,9.8,0.94,0.0,1077.0,503,565,9,47,52,1,243.0,0.01,3.2e-05,31952.0,,,,
6572,8000,77368,1.8319,0.0033,3.5912,4.092,0.01,0.08,9.69,0.95,0.0,1022.0,504,504,14,49,49,1,257.0,0.01,3.2e-05,31931.0,,,,
6573,8000,77384,1.787,-0.0017,3.5113,4.247,0.013,0.09,6.46,0.95,0.0,1051.0,541,503,7,51,48,1,249.0,0.01,3.2e-05,32003.0,,,,
6574,8000,77401,1.8599,0.0303,3.5938,4.081,0.0111,0.09,13.02,0.94,0.0,1020.0,475,533,12,47,52,1,257.0,0.01,3.2e-05,31931.0,,,,
6575,8000,77417,1.8375,0.0241,3.5622,4.076,0.0091,0.08,9.34,0.95,0.0,1021.0,528,478,15,52,47,1,257.0,0.0,3.2e-05,31936.0,,,,
6576,8000,77434,1.8451,0.0137,3.5979,4.121,0.0102,0.09,11.71,0.94,0.0,1086.0,537,535,14,49,49,1,241.0,0.01,3.2e-05,31974.0,,,,
6577,8000,77450,1.8255,0.0146,3.5572,4.165,0.0107,0.09,10.4,0.95,0.0,1034.0,488,535,11,47,52,1,254.0,0.01,3.2e-05,31918.0,,,,
6578,8000,77467,1.8331,0.023,3.5587,4.219,0.0131,0.1,6.84,0.94,0.0,1033.0,508,505,20,49,49,2,254.0,0.01,3.2e-05,31912.0,,,,
6579,8000,77483,1.8599,0.0195,3.617,4.101,0.0116,0.09,7.73,0.94,0.0,1137.0,522,597,18,46,53,2,231.0,0.01,3.2e-05,31941.0,,,,
6580,8000,77500,1.8857,0.034,3.6371,4.059,0.011,0.09,7.29,0.94,0.0,1207.0,621,577,9,51,48,1,217.0,0.01,3.2e-05,31938.0,,,,
6581,8000,77517,1.9319,0.0174,3.7627,4.1,0.0101,0.08,8.52,0.92,0.0,1183.0,555,612,16,47,52,1,222.0,0.02,3.2e-05,30814.0,,,,
6582,8000,77533,1.8765,0.0239,3.6373,4.0,0.0122,0.1,5.73,0.93,0.0,1116.0,537,573,6,48,51,1,235.0,0.01,3.2e-05,31888.0,,,,
6583,8000,77550,1.8755,0.0214,3.6414,4.081,0.0106,0.09,7.41,0.93,0.0,1088.0,518,560,10,48,51,1,241.0,0.01,3.2e-05,31882.0,,,,
6584,8000,77566,1.8982,0.0263,3.6781,4.084,0.0096,0.08,8.64,0.94,0.0,1077.0,538,528,11,50,49,1,243.0,0.0,3.2e-05,31959.0,,,,
6585,8000,77583,1.8191,0.0132,3.5457,4.087,0.0088,0.08,7.4,0.94,0.0,1043.0,515,521,7,49,50,1,251.0,0.01,3.2e-05,31895.0,,,,
6586,8000,77600,1.8495,0.0322,3.5688,4.119,0.0109,0.09,6.41,0.94,0.0,1055.0,501,540,14,47,51,1,248.0,0.01,3.2e-05,31903.0,,,,
6587,8000,77616,1.8606,0.0447,3.5659,4.039,0.0103,0.08,8.25,0.95,0.0,974.0,498,462,14,51,47,1,269.0,0.01,3.2e-05,31890.0,,,,
6588,8000,77633,1.8581,0.0507,3.549,4.046,0.0117,0.1,9.61,0.94,0.0,980.0,489,477,14,50,49,1,267.0,0.01,3.2e-05,31905.0,,,,
6589,8000,77649,1.85,0.0441,3.5465,4.011,0.0105,0.09,8.72,0.95,0.0,998.0,486,494,18,49,49,2,263.0,0.01,3.1e-05,31885.0,,,,
6590,8000,77666,1.8751,0.0188,3.6442,3.898,0.0084,0.07,15.51,0.95,0.0,1046.0,505,533,8,48,51,1,251.0,0.02,3.1e-05,31932.0,,,,
6591,8000,77682,1.8604,0.0335,3.5858,3.955,0.0093,0.08,9.12,0.95,0.0,1051.0,521,521,9,50,50,1,249.0,0.01,3.1e-05,31896.0,,,,
6592,8000,77699,1.8986,0.0465,3.6365,3.908,0.0124,0.1,6.7,0.94,0.0,1101.0,566,522,13,51,47,1,238.0,0.01,3.1e-05,31882.0,,,,
6593,8000,77715,1.8808,0.041,3.6113,3.938,0.0112,0.09,7.55,0.95,0.0,1096.0,558,530,8,51,48,1,239.0,0.01,3.1e-05,31864.0,,,,
6594,8000,77732,1.8406,0.0256,3.5615,3.998,0.0126,0.09,7.96,0.95,0.0,1047.0,543,502,2,52,48,0,250.0,0.01,3.1e-05,31881.0,,,,
6595,8000,77748,1.8401,0.0245,3.5635,3.956,0.0124,0.1,6.72,0.95,0.0,1021.0,513,499,9,50,49,1,257.0,0.01,3.1e-05,31926.0,,,,
6596,8000,77765,1.8237,0.0302,3.5199,4.056,0.0109,0.09,10.65,0.95,0.0,1004.0,519,471,14,52,47,1,261.0,0.01,3.1e-05,31893.0,,,,
6597,8000,77781,1.8357,0.0238,3.5568,4.093,0.0112,0.09,9.41,0.95,0.0,1014.0,509,494,11,50,49,1,259.0,0.01,3.1e-05,31937.0,,,,
6598,8000,77798,1.8265,0.0136,3.5591,4.022,0.0104,0.09,13.92,0.95,0.0,976.0,502,461,13,51,47,1,269.0,0.01,3.1e-05,31879.0,,,,
6599,8000,77814,1.7961,0.0229,3.4798,4.091,0.0152,0.1,6.84,0.95,0.0,968.0,502,455,11,52,47,1,271.0,0.01,3.1e-05,31881.0,242,0,270,47
6600,8000,77846,1.8295,0.0277,3.5379,4.169,0.011,0.09,9.54,0.95,0.0,967.0,472,482,13,49,50,1,271.0,0.01,3.1e-05,32049.0,,,,
6601,8000,77863,1.8495,0.0279,3.5765,4.097,0.013,0.09,8.28,0.93,0.0,1018.0,497,510,11,49,50,1,258.0,0.01,3.1e-05,30775.0,,,,
6602,8000,77879,1.8111,0.0049,3.5455,4.074,0.0123,0.1,8.0,0.94,0.0,952.0,470,468,14,49,49,1,275.0,0.01,3.1e-05,31948.0,,,,
6603,8000,77896,1.8144,0.0151,3.531,4.024,0.0117,0.1,6.82,0.94,0.0,911.0,460,442,9,50,49,1,288.0,0.01,3.1e-05,31939.0,,,,
6604,8000,77912,1.8013,0.0187,3.499,4.085,0.0146,0.1,6.4,0.94,0.0,910.0,439,459,12,48,50,1,288.0,0.01,3.1e-05,31927.0,,,,
6605,8000,77929,1.8481,0.0395,3.5503,3.966,0.0114,0.1,7.98,0.94,0.0,907.0,451,444,12,50,49,1,289.0,0.01,3.1e-05,31951.0,,,,
6606,8000,77945,1.839,0.0327,3.5451,3.964,0.0104,0.09,7.87,0.93,0.0,905.0,444,449,12,49,50,1,290.0,0.01,3.1e-05,31956.0,,,,
6607,8000,77962,1.8227,0.0297,3.5193,4.023,0.0102,0.08,8.68,0.94,0.0,887.0,420,451,16,47,51,2,296.0,0.01,3.1e-05,32000.0,,,,
6608,8000,77978,1.7808,0.0301,3.4339,4.098,0.0084,0.07,8.99,0.94,0.0,842.0,400,433,9,48,51,1,311.0,0.01,3.1e-05,31944.0,,,,
6609,8000,77995,1.806,0.034,3.4767,4.111,0.0072,0.06,11.65,0.94,0.0,822.0,412,401,9,50,49,1,319.0,0.01,3.1e-05,31927.0,,,,
6610,8000,78011,1.7895,0.0308,3.4525,4.164,0.0083,0.07,9.16,0.95,0.0,841.0,416,405,20,49,48,2,312.0,0.01,3.1e-05,31930.0,,,,
6611,8000,78028,1.8024,0.0284,3.484,4.244,0.0095,0.08,8.21,0.94,0.0,901.0,423,454,24,47,50,3,291.0,0.01,3.1e-05,31961.0,,,,
6612,8000,78044,1.7902,0.0431,3.4292,4.25,0.0124,0.09,6.11,0.95,0.0,887.0,440,429,18,50,48,2,296.0,0.01,3.1e-05,31952.0,,,,
6613,8000,78061,1.8315,0.0421,3.5135,4.124,0.0133,0.1,5.77,0.94,0.0,960.0,431,512,17,45,53,2,273.0,0.01,3.1e-05,31958.0,,,,
6614,8000,78077,1.8082,0.0362,3.478,4.168,0.0112,0.08,7.38,0.95,0.0,992.0,465,518,9,47,52,1,264.0,0.01,3.1e-05,31981.0,,,,
6615,8000,78093,1.82,0.0327,3.5077,4.11,0.0131,0.1,6.87,0.95,0.0,933.0,447,476,10,48,51,1,281.0,0.01,3.1e-05,32012.0,,,,
6616,8000,78110,1.8023,0.0205,3.4965,4.082,0.0116,0.09,4.83,0.94,0.0,982.0,449,526,7,46,54,1,267.0,0.01,3.1e-05,31948.0,,,,
6617,8000,78126,1.8191,0.0226,3.526,4.088,0.0112,0.09,5.92,0.94,0.0,969.0,464,498,7,48,51,1,271.0,0.01,3.1e-05,31936.0,,,,
6618,8000,78143,1.861,0.0308,3.5927,4.008,0.0118,0.09,5.22,0.94,0.0,1067.0,494,565,8,46,53,1,246.0,0.01,3.1e-05,32005.0,,,,
6619,8000,78159,1.8664,0.0309,3.603,4.0,0.0116,0.09,6.2,0.94,0.0,1119.0,577,536,6,52,48,1,234.0,0.01,3.1e-05,31940.0,,,,
6620,8000,78176,1.8621,0.0189,3.6177,3.935,0.0138,0.1,4.65,0.94,0.0,1182.0,580,599,3,49,51,0,222.0,0.01,3.1e-05,31906.0,,,,
6621,8000,78193,1.8907,0.0184,3.6761,3.954,0.0128,0.1,5.94,0.93,0.0,1161.0,559,598,4,48,52,0,226.0,0.01,3.1e-05,30769.0,,,,
6622,8000,78209,1.8711,0.0126,3.6479,3.893,0.0114,0.09,4.45,0.93,0.0,1125.0,524,600,1,47,53,0,233.0,0.01,3.1e-05,31919.0,,,,
6623,8000,78226,1.8812,0.0246,3.6442,3.907,0.0107,0.09,5.16,0.93,0.0,1163.0,573,587,3,49,50,0,225.0,0.01,3.1e-05,31878.0,,,,
6624,8000,78242,1.8771,0.0156,3.6546,3.964,0.0119,0.1,5.82,0.92,0.0,1142.0,579,559,4,51,49,0,230.0,0.01,3.1e-05,31894.0,,,,
6625,8000,78259,1.8585,0.0223,3.6049,4.049,0.0103,0.09,5.74,0.93,0.0,1086.0,526,557,3,48,51,0,241.0,0.01,3.1e-05,31883.0,,,,
6626,8000,78275,1.8594,0.0167,3.6178,4.081,0.0079,0.07,6.01,0.93,0.0,1115.0,524,587,4,47,53,0,235.0,0.01,3.1e-05,31952.0,,,,
6627,8000,78292,1.8703,0.0139,3.6454,4.117,0.0087,0.08,6.52,0.93,0.0,1105.0,529,574,2,48,52,0,237.0,0.01,3.1e-05,31904.0,,,,
6628,8000,78308,1.859,0.0204,3.61,4.138,0.0092,0.08,6.04,0.93,0.0,1170.0,614,552,4,52,47,0,224.0,0.01,3.1e-05,31885.0,,,,
6629,8000,78325,1.8558,0.0151,3.6136,4.073,0.0096,0.08,6.23,0.94,0.0,1180.0,563,613,4,48,52,0,222.0,0.01,3.1e-05,31966.0,,,,
6630,8000,78341,1.8212,0.0113,3.5531,4.205,0.0078,0.07,6.13,0.94,0.0,1102.0,521,575,6,47,52,1,238.0,0.0,3.1e-05,31969.0,,,,
6631,8000,78358,1.8146,-0.0073,3.5776,4.265,0.0091,0.08,5.52,0.93,0.0,1129.0,590,536,3,52,47,0,232.0,0.01,3.1e-05,31919.0,,,,
6632,8000,78374,1.8278,0.0082,3.5721,4.21,0.01,0.08,5.54,0.93,0.0,1094.0,508,577,9,46,53,1,240.0,0.01,3.1e-05,31967.0,,,,
6633,8000,78391,1.821,-0.0006,3.5767,4.247,0.0103,0.08,5.82,0.93,0.0,1070.0,522,543,5,49,51,0,245.0,0.01,3.1e-05,31901.0,,,,
6634,8000,78407,1.7965,-0.008,3.5425,4.265,0.0098,0.08,5.37,0.93,0.0,1069.0,546,520,3,51,49,0,245.0,0.01,3.1e-05,31914.0,,,,
6635,8000,78424,1.8252,-0.0037,3.5911,4.28,0.0087,0.07,7.91,0.93,0.0,1036.0,489,545,2,47,53,0,253.0,0.01,3.1e-05,31967.0,,,,
6636,8000,78440,1.8226,0.015,3.5481,4.193,0.0105,0.08,6.58,0.94,0.0,1090.0,538,545,7,49,50,1,240.0,0.01,3.1e-05,31893.0,,,,
6637,8000,78457,1.8491,0.016,3.5994,4.183,0.0078,0.07,11.13,0.94,0.0,1097.0,538,553,6,49,50,1,239.0,0.01,3.1e-05,31886.0,,,,
6638,8000,78473,1.8386,0.0228,3.5647,4.202,0.0116,0.09,4.79,0.93,0.0,1127.0,554,570,3,49,51,0,233.0,0.0,3.1e-05,31932.0,,,,
6639,8000,78490,1.8424,0.0235,3.5708,4.186,0.0092,0.07,6.62,0.94,0.0,1074.0,523,543,8,49,51,1,244.0,0.01,3.1e-05,31908.0,,,,
6640,8000,78506,1.8518,0.0225,3.5914,4.174,0.0093,0.07,8.56,0.93,0.0,1077.0,513,558,6,48,52,1,243.0,0.0,3.1e-05,31951.0,,,,
6641,8000,78523,1.8337,0.0223,3.556,4.236,0.0096,0.08,7.33,0.93,0.0,990.0,469,514,7,47,52,1,265.0,0.01,3.1e-05,30807.0,,,,
6642,8000,78540,1.8585,0.0207,3.6076,4.132,0.0087,0.07,7.51,0.92,0.0,1053.0,525,519,9,50,49,1,249.0,0.01,3.1e-05,31936.0,,,,
6643,8000,78556,1.8658,0.0291,3.6062,4.163,0.0128,0.09,5.06,0.92,0.0,1103.0,567,528,8,51,48,1,238.0,0.01,3.1e-05,31989.0,,,,
6644,8000,78573,1.8593,0.022,3.608,4.209,0.0103,0.08,6.83,0.93,0.0,1092.0,523,564,5,48,52,0,240.0,0.01,3.1e-05,31991.0,,,,
6645,8000,78589,1.8588,0.0188,3.6127,4.135,0.0102,0.09,5.21,0.92,0.0,1103.0,553,541,9,50,49,1,238.0,0.01,3.1e-05,31934.0,,,,
6646,8000,78606,1.8665,0.0051,3.6551,4.105,0.0102,0.08,5.9,0.93,0.0,1126.0,564,550,12,50,49,1,233.0,0.01,3.1e-05,31928.0,,,,
6647,8000,78622,1.8298,-0.0073,3.6059,4.066,0.0095,0.08,6.17,0.93,0.0,1112.0,550,551,11,49,50,1,236.0,0.01,3.1e-05,31961.0,,,,
6648,8000,78639,1.8028,-0.0032,3.5449,4.187,0.0093,0.08,5.93,0.94,0.0,1053.0,518,530,5,49,50,0,249.0,0.01,3.1e-05,31928.0,,,,
6649,8000,78655,1.8393,0.0074,3.5966,4.15,0.01,0.08,6.72,0.93,0.0,1071.0,513,552,6,48,52,1,245.0,0.0,3.1e-05,31926.0,233,0,279,46
6650,8000,78687,1.7796,-0.0036,3.4996,4.181,0.0104,0.08,6.29,0.94,0.0,971.0,490,473,8,50,49,1,270.0,0.0,3.1e-05,32147.0,,,,
6651,8000,78703,1.8041,-0.0137,3.5686,4.13,0.011,0.08,6.52,0.93,0.0,1012.0,486,514,12,48,51,1,259.0,0.01,3.1e-05,31931.0,,,,
6652,8000,78720,1.7812,-0.0097,3.516,4.27,0.0097,0.08,5.82,0.94,0.0,1006.0,469,526,11,47,52,1,261.0,0.01,3.1e-05,31929.0,,,,
6653,8000,78736,1.8111,-0.007,3.57,4.236,0.0098,0.08,6.94,0.94,0.0,1068.0,519,537,12,49,50,1,245.0,0.01,3.1e-05,31922.0,,,,
6654,8000,78753,1.8285,-0.0073,3.6054,4.205,0.0096,0.08,6.29,0.94,0.0,1114.0,565,534,15,51,48,1,235.0,0.01,3.1e-05,31933.0,,,,
6655,8000,78769,1.8296,-0.0185,3.6296,4.157,0.0105,0.08,5.67,0.93,0.0,1126.0,572,544,10,51,48,1,233.0,0.01,3.1e-05,31946.0,,,,
6656,8000,78786,1.8219,-0.0094,3.5955,4.08,0.0098,0.08,7.31,0.93,0.0,1124.0,541,573,10,48,51,1,233.0,0.01,3.1e-05,31970.0,,,,
6657,8000,78802,1.8301,-0.0024,3.5988,4.144,0.0101,0.08,5.45,0.93,0.0,1151.0,577,563,11,50,49,1,228.0,0.0,3.1e-05,31943.0,,,,
6658,8000,78819,1.839,0.0036,3.6041,4.195,0.0093,0.08,8.97,0.94,0.0,1073.0,529,539,5,49,50,0,244.0,0.01,3.1e-05,31910.0,,,,
6659,8000,78835,1.8554,0.0001,3.6433,4.123,0.0104,0.08,10.0,0.93,0.0,1081.0,530,543,8,49,50,1,243.0,0.01,3.1e-05,31935.0,,,,
6660,8000,78851,1.7881,0.0025,3.5051,4.251,0.0126,0.09,4.39,0.94,0.0,1006.0,514,486,6,51,48,1,261.0,0.01,3.1e-05,31931.0,,,,
6661,8000,78869,1.8555,0.0184,3.6087,4.346,0.0111,0.08,6.21,0.93,0.0,1040.0,521,511,8,50,49,1,252.0,0.0,3.1e-05,30793.0,,,,
6662,8000,78885,1.8145,0.0015,3.5605,4.37,0.0119,0.09,5.24,0.93,0.0,990.0,460,524,6,46,53,1,265.0,0.01,3.1e-05,31921.0,,,,
6663,8000,78902,1.782,0.0065,3.4861,4.439,0.0148,0.1,3.82,0.94,0.0,976.0,460,513,3,47,53,0,269.0,0.02,3.1e-05,31943.0,,,,
6664,8000,78918,1.8094,0.0087,3.5362,4.423,0.0115,0.09,3.81,0.93,0.0,1029.0,512,515,2,50,50,0,255.0,0.01,3.1e-05,31927.0,,,,
6665,8000,78935,1.8216,0.0129,3.5519,4.362,0.0099,0.08,4.33,0.93,0.0,1095.0,527,568,0,48,52,0,239.0,0.01,3.1e-05,31927.0,,,,
6666,8000,78951,1.8476,0.02,3.5894,4.281,0.0096,0.08,6.97,0.93,0.0,1089.0,551,533,5,51,49,0,241.0,0.02,3.1e-05,31922.0,,,,
6667,8000,78967,1.8546,0.0377,3.568,4.268,0.0117,0.09,4.39,0.93,0.0,1150.0,599,543,8,52,47,1,228.0,0.02,3.1e-05,31947.0,,,,
6668,8000,78984,1.8697,0.0152,3.6431,4.245,0.0098,0.08,3.73,0.92,0.0,1226.0,606,618,2,49,50,0,214.0,0.02,3.1e-05,31922.0,,,,
6669,8000,79000,1.8692,0.0275,3.617,4.187,0.0101,0.08,3.67,0.93,0.0,1203.0,597,604,2,50,50,0,218.0,0.01,3.1e-05,31945.0,,,,
6670,8000,79017,1.8532,0.0147,3.6101,4.151,0.0097,0.08,4.75,0.93,0.0,1181.0,581,596,4,49,50,0,222.0,0.01,3.1e-05,31922.0,,,,
6671,8000,79033,1.8261,0.01,3.5656,4.204,0.0085,0.07,5.17,0.94,0.0,1177.0,594,579,4,50,49,0,223.0,0.01,3.1e-05,31924.0,,,,
6672,8000,79050,1.8607,0.0185,3.6176,4.167,0.0081,0.07,5.79,0.93,0.0,1129.0,568,557,4,50,49,0,232.0,0.01,3.1e-05,31973.0,,,,
6673,8000,79066,1.8566,0.0254,3.5957,4.113,0.0109,0.09,3.97,0.93,0.0,1206.0,619,582,5,51,48,0,217.0,0.02,3.1e-05,31991.0,,,,
6674,8000,79083,1.8385,0.0169,3.5764,4.097,0.0098,0.08,5.41,0.94,0.0,1141.0,597,539,5,52,47,0,230.0,0.01,3.1e-05,31931.0,,,,
6675,8000,79099,1.8287,0.0085,3.5739,4.065,0.0099,0.08,4.77,0.94,0.0,1147.0,562,573,12,49,50,1,229.0,0.01,3.1e-05,31912.0,,,,
6676,8000,79116,1.8584,0.018,3.614,4.158,0.01,0.08,6.68,0.94,0.0,1233.0,632,598,3,51,48,0,213.0,0.01,3.1e-05,31924.0,,,,
6677,8000,79132,1.8637,0.0186,3.6231,4.064,0.0105,0.08,6.63,0.94,0.0,1160.0,590,562,8,51,48,1,226.0,0.01,3.1e-05,31933.0,,,,
6678,8000,79149,1.8457,0.0187,3.5867,4.035,0.0096,0.08,4.95,0.94,0.0,1124.0,544,576,4,48,51,0,233.0,0.01,3.1e-05,31913.0,,,,
6679,8000,79165,1.8374,0.0094,3.5892,4.098,0.009,0.07,6.17,0.94,0.0,1165.0,578,581,6,50,50,1,225.0,0.01,3.1e-05,31920.0,,,,
6680,8000,79182,1.8161,-0.0137,3.5929,4.053,0.0091,0.08,5.75,0.94,0.0,1167.0,578,581,8,50,50,1,225.0,0.01,3.1e-05,31925.0,,,,
6681,8000,79199,1.8754,0.0092,3.667,4.107,0.0122,0.09,4.71,0.93,0.0,1147.0,588,549,10,51,48,1,229.0,0.0,3.1e-05,30775.0,,,,
6682,8000,79215,1.8552,0.0039,3.6356,4.096,0.0097,0.08,5.24,0.93,0.0,1096.0,552,540,4,50,49,0,239.0,0.01,3.1e-05,32003.0,,,,
6683,8000,79232,1.8164,0.0088,3.5492,4.181,0.0093,0.08,5.73,0.94,0.0,1031.0,521,503,7,51,49,1,254.0,0.02,3.1e-05,31923.0,,,,
6684,8000,79248,1.7982,0.0081,3.5157,4.231,0.009,0.07,4.92,0.94,0.0,1047.0,501,534,12,48,51,1,250.0,0.02,3.1e-05,31925.0,,,,
6685,8000,79265,1.8132,0.0196,3.5221,4.26,0.0095,0.07,5.76,0.94,0.0,1031.0,498,524,9,48,51,1,254.0,0.01,3.1e-05,31949.0,,,,
6686,8000,79281,1.8172,0.0117,3.545,4.187,0.01,0.08,5.47,0.94,0.0,1063.0,501,553,9,47,52,1,247.0,0.01,3.1e-05,31921.0,,,,
6687,8000,79298,1.7928,0.0022,3.5155,4.185,0.0128,0.09,4.01,0.94,0.0,1105.0,543,553,9,49,50,1,237.0,0.01,3.1e-05,31958.0,,,,
6688,8000,79314,1.7932,0.0027,3.5154,4.203,0.0113,0.08,5.26,0.95,0.0,1028.0,515,503,10,50,49,1,255.0,0.03,3.1e-05,31973.0,,,,
6689,8000,79331,1.8052,0.0021,3.5408,4.166,0.0084,0.07,7.22,0.95,0.0,1027.0,483,531,13,47,52,1,255.0,0.03,3.1e-05,31936.0,,,,
6690,8000,79347,1.7994,0.0144,3.5047,4.148,0.009,0.08,6.83,0.95,0.0,1013.0,489,506,18,48,50,2,259.0,0.03,3.1e-05,31985.0,,,,
6691,8000,79364,1.7833,0.0065,3.4876,4.199,0.0093,0.08,7.07,0.95,0.0,1017.0,516,490,11,51,48,1,258.0,0.01,3.1e-05,31985.0,,,,
6692,8000,79380,1.797,0.0046,3.518,4.108,0.0103,0.08,7.02,0.95,0.0,1003.0,477,510,16,48,51,2,261.0,0.03,3.1e-05,31984.0,,,,
6693,8000,79396,1.7887,0.0019,3.5078,4.154,0.0111,0.08,5.26,0.95,0.0,1057.0,540,501,16,51,47,2,248.0,0.04,3.1e-05,31985.0,,,,
6694,8000,79413,1.8326,0.0115,3.575,4.057,0.0098,0.08,7.6,0.94,0.0,1026.0,486,525,15,47,51,1,256.0,0.02,3.1e-05,31930.0,,,,
6695,8000,79429,1.8033,0.0011,3.5367,4.031,0.0108,0.09,4.35,0.95,0.0,1067.0,532,526,9,50,49,1,246.0,0.02,3.1e-05,31919.0,,,,
6696,8000,79446,1.8434,0.015,3.5896,4.08,0.0098,0.08,7.66,0.94,0.0,1089.0,532,547,10,49,50,1,241.0,0.01,3.1e-05,31922.0,,,,
6697,8000,79462,1.8323,0.0229,3.5514,4.075,0.008,0.07,9.66,0.95,0.0,1029.0,509,510,10,49,50,1,255.0,0.01,3.1e-05,31924.0,,,,
6698,8000,79479,1.8375,0.032,3.5427,3.94,0.0124,0.09,4.82,0.95,0.0,1104.0,556,538,10,50,49,1,237.0,0.01,3.1e-05,31931.0,,,,
6699,8000,79495,1.8477,0.0265,3.5745,3.986,0.0116,0.09,9.88,0.95,0.0,1059.0,535,516,8,51,49,1,248.0,0.01,3.1e-05,31959.0,287,0,225,56
6700,8000,79527,1.8275,0.0163,3.5547,4.026,0.0105,0.08,6.09,0.95,0.0,1068.0,527,532,9,49,50,1,245.0,0.0,3.1e-05,32070.0,,,,
6701,8000,79544,1.8111,0.0171,3.5215,4.193,0.0111,0.08,4.45,0.95,0.0,1000.0,476,516,8,48,52,1,262.0,0.01,3.1e-05,30776.0,,,,
6702,8000,79561,1.8345,0.0269,3.549,4.217,0.012,0.09,4.74,0.94,0.0,1006.0,489,512,5,49,51,0,261.0,0.01,3.1e-05,31894.0,,,,
6703,8000,79577,1.8553,0.0246,3.5939,4.024,0.014,0.1,4.88,0.94,0.0,1082.0,516,557,9,48,51,1,242.0,0.01,3.1e-05,31905.0,,,,
6704,8000,79594,1.8547,0.0082,3.6252,4.002,0.0119,0.09,4.45,0.94,0.0,1149.0,543,593,13,47,52,1,228.0,0.01,3.1e-05,31943.0,,,,
6705,8000,79610,1.8545,0.0214,3.5984,4.029,0.0094,0.08,5.81,0.94,0.0,1108.0,562,542,4,51,49,0,237.0,0.01,3.1e-05,31968.0,,,,
6706,8000,79627,1.8804,0.03,3.6316,3.874,0.0111,0.09,5.58,0.94,0.0,1183.0,561,616,6,47,52,1,222.0,0.01,3.1e-05,31897.0,,,,
6707,8000,79643,1.8687,0.0201,3.6286,3.937,0.0095,0.08,6.14,0.94,0.0,1150.0,593,556,1,52,48,0,228.0,0.01,3.1e-05,31886.0,,,,
6708,8000,79660,1.8289,-0.0094,3.6082,3.948,0.0096,0.08,6.04,0.94,0.0,1091.0,509,576,6,47,53,1,240.0,0.01,3.1e-05,31962.0,,,,
6709,8000,79676,1.806,0.0022,3.5392,3.948,0.0107,0.08,4.34,0.95,0.0,1110.0,535,568,7,48,51,1,236.0,0.01,3.1e-05,31906.0,,,,
6710,8000,79693,1.8047,0.0041,3.5327,3.991,0.0115,0.09,5.39,0.95,0.0,1071.0,519,550,2,48,51,0,245.0,0.0,3.1e-05,31898.0,,,,
6711,8000,79709,1.8255,0.0243,3.5337,3.966,0.0116,0.09,6.01,0.95,0.0,1085.0,566,515,4,52,47,0,242.0,0.01,3.1e-05,31966.0,,,,
6712,8000,79725,1.8286,0.0101,3.5687,3.892,0.0098,0.08,4.72,0.94,0.0,1088.0,511,570,7,47,52,1,241.0,0.01,3.1e-05,31955.0,,,,
6713,8000,79742,1.8056,-0.0115,3.5659,3.844,0.011,0.09,5.26,0.94,0.0,1110.0,538,561,11,48,51,1,236.0,0.01,3.1e-05,31970.0,,,,
6714,8000,79758,1.8452,-0.0014,3.6237,3.829,0.0089,0.08,6.82,0.94,0.0,1136.0,550,581,5,48,51,0,231.0,0.01,3.1e-05,31901.0,,,,
6715,8000,79775,1.8313,0.0067,3.5799,3.848,0.0096,0.08,6.29,0.94,0.0,1131.0,554,569,8,49,50,1,232.0,0.01,3.1e-05,31960.0,,,,
6716,8000,79791,1.8298,0.0166,3.5569,3.778,0.0128,0.09,4.47,0.94,0.0,1120.0,510,599,11,46,53,1,234.0,0.0,3.1e-05,31920.0,,,,
6717,8000,79808,1.8113,0.0139,3.5255,3.854,0.011,0.09,5.46,0.95,0.0,1061.0,500,556,5,47,52,0,247.0,0.01,3.1e-05,31880.0,,,,
6718,8000,79824,1.8308,0.014,3.5645,3.873,0.009,0.08,7.02,0.94,0.0,1091.0,524,557,10,48,51,1,240.0,0.0,3.1e-05,31901.0,,,,
6719,8000,79841,1.8096,0.0121,3.5254,3.85,0.0106,0.09,5.24,0.95,0.0,1069.0,551,510,8,52,48,1,245.0,0.01,3.1e-05,31898.0,,,,
6720,8000,79857,1.8194,0.0021,3.5656,3.898,0.0106,0.09,6.59,0.95,0.0,1016.0,475,529,12,47,52,1,258.0,0.0,3.1e-05,31895.0,,,,
6721,8000,79874,1.8905,0.0358,3.6409,3.858,0.0115,0.09,4.86,0.94,0.0,1090.0,511,567,12,47,52,1,240.0,0.01,3.1e-05,30806.0,,,,
6722,8000,79891,1.8925,0.0243,3.6673,3.818,0.0115,0.09,5.72,0.93,0.0,1115.0,538,567,10,48,51,1,235.0,0.01,3.1e-05,31938.0,,,,
6723,8000,79907,1.8939,0.0285,3.6617,3.814,0.0117,0.09,5.05,0.93,0.0,1182.0,591,582,9,50,49,1,222.0,0.01,3.1e-05,31929.0,,,,
6724,8000,79924,1.9266,0.0166,3.7531,3.842,0.0071,0.06,11.28,0.93,0.0,1217.0,575,627,15,47,52,1,215.0,0.01,3.1e-05,31936.0,,,,
6725,8000,79940,1.9002,0.0239,3.6848,3.824,0.01,0.09,6.62,0.94,0.0,1181.0,542,630,9,46,53,1,222.0,0.01,3.1e-05,31939.0,,,,
6726,8000,79957,1.8781,0.0246,3.6388,3.776,0.0151,0.11,3.85,0.94,0.0,1132.0,557,565,10,49,50,1,232.0,0.01,3.1e-05,31935.0,,,,
6727,8000,79973,1.8926,0.047,3.6235,3.946,0.0142,0.09,5.93,0.94,0.0,1182.0,573,604,5,48,51,0,222.0,0.0,3.1e-05,31960.0,,,,
6728,8000,79990,1.893,0.0501,3.6169,3.813,0.0123,0.09,3.67,0.93,0.0,1157.0,528,625,4,46,54,0,227.0,0.0,3.1e-05,32000.0,,,,
6729,8000,80006,1.8676,0.0317,3.6031,3.9,0.0102,0.09,4.45,0.94,0.0,1094.0,510,580,4,47,53,0,240.0,0.01,3.1e-05,31965.0,,,,
6730,8000,80023,1.8539,0.0249,3.5903,3.915,0.0119,0.09,4.01,0.94,0.0,1094.0,518,572,4,47,52,0,240.0,0.01,3.1e-05,32002.0,,,,
6731,8000,80039,1.8496,0.029,3.5736,3.801,0.0111,0.09,4.17,0.94,0.0,1116.0,498,607,11,45,54,1,235.0,0.01,3.1e-05,32007.0,,,,
6732,8000,80056,1.901,0.0391,3.6552,3.763,0.0104,0.09,5.34,0.94,0.0,1200.0,587,600,13,49,50,1,218.0,0.0,3.1e-05,31955.0,,,,
6733,8000,80072,1.8566,0.033,3.5784,3.888,0.01,0.08,4.26,0.94,0.0,1109.0,551,552,6,50,50,1,236.0,0.0,3.1e-05,31981.0,,,,
6734,8000,80089,1.8917,0.0368,3.6419,3.806,0.0093,0.08,5.45,0.94,0.0,1103.0,524,565,14,48,51,1,238.0,0.0,3.1e-05,31953.0,,,,
6735,8000,80105,1.8712,0.0482,3.5777,3.857,0.011,0.09,4.02,0.94,0.0,1089.0,511,570,8,47,52,1,241.0,0.01,3.1e-05,31943.0,,,,
6736,8000,80121,1.8651,0.0395,3.5842,3.836,0.0135,0.11,4.06,0.94,0.0,1120.0,558,550,12,50,49,1,234.0,0.01,3.1e-05,32002.0,,,,
6737,8000,80138,1.8819,0.0247,3.6474,3.941,0.0099,0.09,4.37,0.94,0.0,1207.0,600,596,11,50,49,1,217.0,0.01,3.1e-05,32003.0,,,,
6738,8000,80154,1.8898,0.0213,3.6689,3.851,0.0104,0.09,5.01,0.94,0.0,1191.0,563,619,9,47,52,1,220.0,0.01,3.1e-05,32009.0,,,,
6739,8000,80171,1.892,0.0204,3.676,3.861,0.0093,0.08,5.59,0.94,0.0,1154.0,540,601,13,47,52,1,227.0,0.01,3.1e-05,32012.0,,,,
6740,8000,80187,1.8844,0.034,3.6332,3.889,0.0105,0.09,5.13,0.94,0.0,1151.0,552,590,9,48,51,1,228.0,0.0,3.1e-05,31999.0,,,,
6741,8000,80204,1.8845,0.0076,3.6849,3.805,0.0104,0.09,4.19,0.93,0.0,1129.0,569,548,12,50,49,1,232.0,0.0,3.1e-05,30758.0,,,,
6742,8000,80221,1.8706,-0.0009,3.6736,3.807,0.0112,0.09,4.63,0.93,0.0,1122.0,571,545,6,51,49,1,234.0,0.01,3.1e-05,31861.0,,,,
6743,8000,80237,1.9013,0.0082,3.7172,3.835,0.0088,0.08,5.0,0.93,0.0,1173.0,579,582,12,49,50,1,223.0,0.01,3.1e-05,31922.0,,,,
6744,8000,80254,1.9068,0.0292,3.6864,3.796,0.01,0.09,4.93,0.93,0.0,1142.0,587,546,9,51,48,1,230.0,0.01,3.1e-05,31921.0,,,,
6745,8000,80270,1.8776,0.0226,3.6406,3.802,0.0093,0.08,4.08,0.93,0.0,1108.0,584,515,9,53,46,1,237.0,0.01,3.1e-05,31959.0,,,,
6746,8000,80287,1.8361,0.0173,3.5687,3.9,0.0102,0.09,4.13,0.94,0.0,1025.0,531,492,2,52,48,0,256.0,0.02,3.1e-05,31940.0,,,,
6747,8000,80303,1.8371,0.0233,3.5593,3.929,0.0101,0.08,5.35,0.94,0.0,1033.0,549,478,6,53,46,1,254.0,0.01,3.1e-05,31913.0,,,,
6748,8000,80320,1.857,0.0084,3.6311,3.894,0.0097,0.08,14.98,0.94,0.0,1055.0,571,467,17,54,44,2,248.0,0.01,3.1e-05,31881.0,,,,
6749,8000,80336,1.8299,-0.0149,3.6221,3.823,0.0085,0.07,5.83,0.94,0.0,1115.0,593,505,17,53,45,2,235.0,0.01,3.1e-05,31922.0,299,0,213,58
6750,8000,80368,1.833,-0.0133,3.6253,3.814,0.0104,0.09,5.71,0.94,0.0,1056.0,505,535,16,48,51,2,248.0,0.01,3.1e-05,32017.0,,,,
6751,8000,80384,1.8054,-0.0078,3.5593,3.85,0.0121,0.09,4.14,0.94,0.0,1085.0,546,529,10,50,49,1,242.0,0.02,3.1e-05,31961.0,,,,
6752,8000,80401,1.8213,-0.0037,3.5817,3.826,0.0117,0.09,5.62,0.94,0.0,1000.0,524,466,10,52,47,1,262.0,0.02,3.1e-05,31863.0,,,,
6753,8000,80417,1.8583,0.0211,3.6048,3.811,0.0103,0.08,5.19,0.94,0.0,1028.0,534,492,2,52,48,0,255.0,0.01,3.1e-05,31880.0,,,,
6754,8000,80434,1.8091,0.0012,3.5463,3.814,0.0094,0.08,5.26,0.94,0.0,1014.0,519,487,8,51,48,1,259.0,0.01,3.1e-05,31891.0,,,,
6755,8000,80451,1.8108,0.012,3.5295,3.86,0.0097,0.08,5.08,0.94,0.0,980.0,484,476,20,49,49,2,267.0,0.0,3.1e-05,31889.0,,,,
6756,8000,80467,1.8041,0.0154,3.5109,3.884,0.0112,0.09,4.99,0.95,0.0,965.0,490,462,13,51,48,1,272.0,0.01,3.1e-05,31866.0,,,,
6757,8000,80484,1.8632,0.02,3.6184,3.879,0.01,0.08,5.83,0.94,0.0,1073.0,504,559,10,47,52,1,244.0,0.01,3.1e-05,31947.0,,,,
6758,8000,80500,1.8623,0.025,3.6068,3.864,0.0093,0.08,5.45,0.94,0.0,1005.0,498,490,17,50,49,2,261.0,0.01,3.1e-05,31872.0,,,,
6759,8000,80517,1.8495,0.02,3.5916,3.962,0.0114,0.09,5.56,0.94,0.0,1033.0,514,508,11,50,49,1,254.0,0.01,3.1e-05,31951.0,,,,
6760,8000,80533,1.8796,0.0341,3.6222,3.835,0.0118,0.1,4.64,0.94,0.0,1065.0,551,506,8,52,48,1,246.0,0.0,3.1e-05,31867.0,,,,
6761,8000,80550,1.9002,0.0328,3.6662,3.858,0.0113,0.09,4.45,0.93,0.0,1073.0,535,527,11,50,49,1,244.0,0.01,3.1e-05,30847.0,,,,
6762,8000,80567,1.9056,0.0482,3.6459,3.808,0.012,0.1,3.67,0.93,0.0,1080.0,534,539,7,49,50,1,243.0,0.01,3.1e-05,31919.0,,,,
6763,8000,80583,1.8777,0.0544,3.5773,3.847,0.0108,0.09,3.58,0.94,0.0,1028.0,517,504,7,50,49,1,255.0,0.0,3.1e-05,31894.0,,,,
6764,8000,80600,1.8828,0.047,3.6023,3.901,0.0085,0.07,6.06,0.94,0.0,1002.0,500,496,6,50,50,1,262.0,0.0,3.1e-05,31968.0,,,,
6765,8000,80616,1.8607,0.0314,3.589,3.844,0.013,0.09,5.53,0.94,0.0,1031.0,489,536,6,47,52,1,254.0,0.01,3.1e-05,31889.0,,,,
6766,8000,80632,1.8331,0.0111,3.5737,3.782,0.0091,0.08,7.34,0.94,0.0,1022.0,506,514,2,50,50,0,257.0,0.01,3.1e-05,31960.0,,,,
6767,8000,80649,1.8182,0.0231,3.5212,3.885,0.0098,0.08,5.34,0.94,0.0,968.0,458,503,7,47,52,1,271.0,0.0,3.1e-05,31956.0,,,,
6768,8000,80665,1.8441,0.0351,3.5481,3.799,0.0105,0.09,5.01,0.94,0.0,958.0,449,505,4,47,53,0,274.0,0.01,3.1e-05,31900.0,,,,
6769,8000,80682,1.8652,0.0459,3.569,3.785,0.0071,0.07,8.23,0.94,0.0,965.0,474,479,12,49,50,1,272.0,0.01,3.1e-05,31960.0,,,,
6770,8000,80698,1.8297,0.0348,3.5202,3.719,0.0093,0.08,6.25,0.94,0.0,954.0,482,456,16,51,48,2,275.0,0.01,3.1e-05,31870.0,,,,
6771,8000,80715,1.8214,0.0296,3.5144,3.874,0.0082,0.07,7.48,0.95,0.0,923.0,454,459,10,49,50,1,284.0,0.01,3.1e-05,31894.0,,,,
6772,8000,80731,1.797,0.0188,3.4872,3.867,0.0084,0.07,8.35,0.95,0.0,867.0,421,435,11,49,50,1,302.0,0.01,3.1e-05,31886.0,,,,
6773,8000,80748,1.7848,0.022,3.4569,3.878,0.0106,0.09,4.66,0.95,0.0,946.0,458,479,9,48,51,1,277.0,0.01,3.1e-05,31895.0,,,,
6774,8000,80764,1.824,0.0215,3.5364,3.894,0.0109,0.09,5.81,0.94,0.0,970.0,515,443,12,53,46,1,270.0,0.01,3.1e-05,31930.0,,,,
6775,8000,80781,1.8292,0.0214,3.5471,3.892,0.0099,0.08,8.18,0.95,0.0,937.0,453,472,12,48,50,1,280.0,0.01,3.1e-05,31910.0,,,,
6776,8000,80797,1.8331,0.0342,3.5305,3.998,0.009,0.08,6.05,0.94,0.0,949.0,463,473,13,49,50,1,276.0,0.01,3.1e-05,31871.0,,,,
6777,8000,80814,1.8004,0.0356,3.4617,4.014,0.0091,0.08,9.94,0.95,0.0,837.0,394,433,10,47,52,1,313.0,0.01,3.1e-05,31965.0,,,,
6778,8000,80830,1.7837,0.0395,3.4204,4.044,0.0108,0.08,4.98,0.95,0.0,884.0,419,458,7,47,52,1,297.0,0.01,3.1e-05,31940.0,,,,
6779,8000,80847,1.7611,0.0357,3.3839,4.203,0.0096,0.08,7.53,0.95,0.0,813.0,371,423,19,46,52,2,322.0,0.0,3.1e-05,31894.0,,,,
6780,8000,80863,1.7942,0.0296,3.4632,4.205,0.0092,0.08,14.36,0.95,0.0,798.0,387,397,14,48,50,2,329.0,0.01,3.1e-05,31973.0,,,,
6781,8000,80880,1.8267,0.0185,3.5495,4.098,0.0082,0.07,11.04,0.94,0.0,856.0,416,417,23,49,49,3,306.0,0.01,3.1e-05,30769.0,,,,
6782,8000,80897,1.8168,0.0167,3.5331,4.13,0.0093,0.08,7.05,0.94,0.0,904.0,419,462,23,46,51,3,290.0,0.01,3.1e-05,31924.0,,,,
6783,8000,80913,1.79,0.0005,3.5128,4.228,0.0064,0.06,11.14,0.94,0.0,864.0,407,435,22,47,50,3,303.0,0.01,3.1e-05,31971.0,,,,
6784,8000,80930,1.7892,0.0069,3.4974,4.064,0.0095,0.08,5.55,0.94,0.0,921.0,458,443,20,50,48,2,285.0,0.01,3.1e-05,31945.0,,,,
6785,8000,80946,1.8529,0.009,3.621,4.1,0.0095,0.08,19.75,0.94,0.0,936.0,475,446,15,51,48,2,280.0,0.01,3e-05,31946.0,,,,
6786,8000,80963,1.7753,-0.0239,3.5317,4.102,0.0086,0.07,6.71,0.94,0.0,974.0,471,487,16,48,50,2,269.0,0.01,3e-05,31952.0,,,,
6787,8000,80979,1.776,-0.0362,3.5572,4.085,0.012,0.09,5.25,0.94,0.0,1017.0,472,536,9,46,53,1,258.0,0.01,3e-05,31918.0,,,,
6788,8000,80996,1.7766,-0.0234,3.5327,4.108,0.0115,0.09,5.24,0.94,0.0,1003.0,486,506,11,48,50,1,261.0,0.01,3e-05,32002.0,,,,
6789,8000,81012,1.7779,-0.0223,3.5345,4.223,0.0098,0.08,6.98,0.94,0.0,978.0,473,482,23,48,49,2,268.0,0.01,3e-05,31962.0,,,,
6790,8000,81029,1.7818,-0.0192,3.5354,4.22,0.0091,0.08,9.31,0.94,0.0,954.0,471,476,7,49,50,1,275.0,0.01,3e-05,31938.0,,,,
6791,8000,81045,1.7632,-0.016,3.4941,4.419,0.0097,0.08,5.96,0.94,0.0,944.0,468,465,11,50,49,1,278.0,0.01,3e-05,31924.0,,,,
6792,8000,81062,1.7335,-0.0181,3.4394,4.514,0.0109,0.08,4.1,0.95,0.0,903.0,448,445,10,50,49,1,290.0,0.01,3e-05,31933.0,,,,
6793,8000,81078,1.7672,-0.002,3.4743,4.462,0.0108,0.08,4.62,0.95,0.0,938.0,473,454,11,50,48,1,279.0,0.01,3e-05,31988.0,,,,
6794,8000,81095,1.7712,-0.0099,3.4977,4.408,0.008,0.07,5.86,0.95,0.0,982.0,493,473,16,50,48,2,267.0,0.01,3e-05,32002.0,,,,
6795,8000,81111,1.7805,-0.0032,3.5036,4.414,0.0116,0.09,3.94,0.94,0.0,1000.0,515,474,11,52,47,1,262.0,0.01,3e-05,31990.0,,,,
6796,8000,81128,1.7854,0.0071,3.4916,4.384,0.009,0.08,5.03,0.94,0.0,934.0,459,471,4,49,50,0,281.0,0.01,3e-05,31944.0,,,,
6797,8000,81144,1.8082,0.0144,3.5233,4.472,0.0115,0.08,4.2,0.94,0.0,1018.0,489,520,9,48,51,1,258.0,0.01,3e-05,31988.0,,,,
6798,8000,81161,1.843,0.006,3.6089,4.326,0.0061,0.05,14.81,0.95,0.0,996.0,504,480,12,51,48,1,263.0,0.01,3e-05,31943.0,,,,
6799,8000,81177,1.7901,-0.0,3.5163,4.444,0.0083,0.07,5.72,0.95,0.0,983.0,486,483,14,49,49,1,267.0,0.0,3e-05,31991.0,231,1,280,45
6800,8000,81209,1.7633,-0.0058,3.473,4.342,0.0091,0.08,4.55,0.95,0.0,926.0,468,448,10,51,48,1,283.0,0.01,3e-05,32101.0,,,,
6801,8000,81226,1.8067,0.0099,3.5284,4.352,0.0086,0.07,5.71,0.94,0.0,947.0,472,462,13,50,49,1,277.0,0.01,3e-05,30786.0,,,,
6802,8000,81242,1.7965,0.0117,3.5058,4.444,0.0096,0.07,4.81,0.94,0.0,932.0,467,450,15,50,48,2,281.0,0.01,3e-05,31938.0,,,,
6803,8000,81259,1.8261,0.0094,3.5688,4.438,0.0087,0.07,9.51,0.94,0.0,989.0,532,446,11,54,45,1,265.0,0.02,3e-05,31927.0,,,,
6804,8000,81275,1.8111,0.0159,3.5258,4.46,0.0099,0.08,5.16,0.94,0.0,1011.0,535,459,17,53,45,2,259.0,0.02,3e-05,31929.0,,,,
6805,8000,81292,1.8135,0.0043,3.5529,4.324,0.0083,0.07,5.2,0.94,0.0,1021.0,514,501,6,50,49,1,257.0,0.02,3e-05,31944.0,,,,
6806,8000,81308,1.7965,0.0012,3.5261,4.474,0.0097,0.08,3.89,0.94,0.0,1063.0,539,521,3,51,49,0,247.0,0.02,3e-05,31933.0,,,,
6807,8000,81325,1.7999,0.0001,3.5345,4.38,0.0087,0.07,5.29,0.94,0.0,1041.0,526,512,3,51,49,0,252.0,0.02,3e-05,31945.0,,,,
6808,8000,81341,1.8105,-0.0053,3.567,4.435,0.0087,0.07,7.43,0.94,0.0,995.0,528,464,3,53,47,0,263.0,0.02,3e-05,31991.0,,,,
6809,8000,81358,1.7979,-0.0064,3.5444,4.456,0.0084,0.07,5.29,0.94,0.0,1026.0,536,484,6,52,47,1,256.0,0.02,3e-05,31926.0,,,,
6810,8000,81374,1.8017,0.0022,3.5346,4.475,0.0083,0.07,5.88,0.94,0.0,1040.0,523,510,7,50,49,1,252.0,0.02,3e-05,31925.0,,,,
6811,8000,81390,1.7961,0.0051,3.5186,4.556,0.0075,0.06,5.34,0.94,0.0,1057.0,557,494,6,53,47,1,248.0,0.02,3e-05,31943.0,,,,
6812,8000,81407,1.7941,-0.001,3.526,4.451,0.01,0.08,5.56,0.94,0.0,1051.0,519,529,3,49,50,0,249.0,0.03,3e-05,31945.0,,,,
6813,8000,81423,1.7926,0.0038,3.5135,4.483,0.0092,0.07,5.4,0.95,0.0,1063.0,555,504,4,52,47,0,247.0,0.03,3e-05,31945.0,,,,
6814,8000,81440,1.8101,-0.0082,3.5717,4.448,0.0076,0.06,7.16,0.94,0.0,1082.0,552,529,1,51,49,0,242.0,0.02,3e-05,31950.0,,,,
6815,8000,81456,1.8461,0.012,3.6031,4.383,0.0084,0.06,12.5,0.94,0.0,1049.0,524,518,7,50,49,1,250.0,0.02,3e-05,31938.0,,,,
6816,8000,81473,1.8149,0.0179,3.5289,4.388,0.009,0.07,5.56,0.95,0.0,1059.0,592,464,3,56,44,0,248.0,0.02,3e-05,31926.0,,,,
6817,8000,81489,1.8282,0.0156,3.5603,4.323,0.0112,0.08,4.5,0.94,0.0,1142.0,579,555,8,51,49,1,230.0,0.02,3e-05,31990.0,,,,
6818,8000,81506,1.8335,0.0219,3.5581,4.366,0.0108,0.08,4.2,0.94,0.0,1177.0,582,588,7,49,50,1,223.0,0.01,3e-05,31924.0,,,,
6819,8000,81522,1.8391,0.024,3.5649,4.344,0.0105,0.08,3.81,0.94,0.0,1192.0,658,532,2,55,45,0,220.0,0.02,3e-05,31931.0,,,,
6820,8000,81539,1.8284,0.0108,3.5703,4.39,0.0104,0.08,4.06,0.94,0.0,1166.0,638,524,4,55,45,0,225.0,0.02,3e-05,31932.0,,,,
6821,8000,81556,1.8588,0.006,3.6401,4.355,0.0092,0.07,5.08,0.93,0.0,1172.0,616,555,1,53,47,0,224.0,0.01,3e-05,30772.0,,,,
6822,8000,81572,1.8681,0.0033,3.6633,4.243,0.01,0.08,4.31,0.93,0.0,1223.0,657,564,2,54,46,0,214.0,0.01,3e-05,31927.0,,,,
6823,8000,81589,1.8372,0.0125,3.5842,4.333,0.0087,0.07,4.27,0.93,0.0,1175.0,581,591,3,49,50,0,223.0,0.01,3e-05,31948.0,,,,
6824,8000,81605,1.8305,0.0217,3.5532,4.421,0.0084,0.07,5.67,0.94,0.0,1103.0,549,546,8,50,50,1,238.0,0.01,3e-05,31916.0,,,,
6825,8000,81622,1.843,0.0135,3.5946,4.424,0.0084,0.07,6.95,0.94,0.0,1081.0,570,502,9,53,46,1,243.0,0.01,3e-05,31915.0,,,,
6826,8000,81638,1.839,0.0321,3.5493,4.369,0.0094,0.07,5.9,0.94,0.0,1053.0,541,495,17,51,47,2,249.0,0.01,3e-05,31947.0,,,,
6827,8000,81655,1.8083,0.0153,3.5218,4.43,0.0082,0.07,5.09,0.94,0.0,1041.0,494,535,12,47,51,1,252.0,0.01,3e-05,31946.0,,,,
6828,8000,81671,1.8607,0.0133,3.6302,4.333,0.0097,0.08,5.82,0.93,0.0,1199.0,595,591,13,50,49,1,219.0,0.01,3e-05,31919.0,,,,
6829,8000,81688,1.8242,0.0112,3.561,4.384,0.0104,0.08,6.26,0.94,0.0,1107.0,527,573,7,48,52,1,237.0,0.0,3e-05,31936.0,,,,
6830,8000,81704,1.8221,0.0204,3.5388,4.389,0.0118,0.08,6.6,0.94,0.0,1085.0,529,551,5,49,51,0,242.0,0.01,3e-05,31951.0,,,,
6831,8000,81721,1.8276,0.0161,3.5594,4.423,0.0098,0.08,5.73,0.94,0.0,1128.0,539,576,13,48,51,1,232.0,0.01,3e-05,31932.0,,,,
6832,8000,81737,1.8456,0.0201,3.5861,4.367,0.0104,0.08,4.47,0.94,0.0,1153.0,558,585,10,48,51,1,227.0,0.01,3e-05,31934.0,,,,
6833,8000,81754,1.8555,0.0258,3.594,4.314,0.0102,0.08,4.84,0.94,0.0,1140.0,551,580,9,48,51,1,230.0,0.01,3e-05,31990.0,,,,
6834,8000,81770,1.8825,0.043,3.6143,4.344,0.0101,0.07,5.62,0.94,0.0,1154.0,606,534,14,53,46,1,227.0,0.0,3e-05,31937.0,,,,
6835,8000,81787,1.8692,0.0374,3.5977,4.275,0.0107,0.07,5.24,0.94,0.0,1132.0,605,520,7,53,46,1,232.0,0.0,3e-05,31921.0,,,,
6836,8000,81803,1.8483,0.0224,3.5855,4.26,0.0096,0.07,5.88,0.94,0.0,1127.0,570,549,8,51,49,1,233.0,0.0,3e-05,31996.0,,,,
6837,8000,81820,1.8196,0.0169,3.5392,4.248,0.0102,0.08,5.76,0.94,0.0,1094.0,571,511,12,52,47,1,240.0,0.0,3e-05,31934.0,,,,
6838,8000,81836,1.8508,0.0346,3.5659,4.225,0.0095,0.07,8.06,0.94,0.0,1054.0,502,544,8,48,52,1,249.0,0.0,3e-05,31970.0,,,,
6839,8000,81853,1.8258,0.0376,3.5105,4.267,0.0087,0.07,5.67,0.95,0.0,1013.0,464,531,18,46,52,2,259.0,0.0,3e-05,31923.0,,,,
6840,8000,81869,1.8313,0.0292,3.5389,4.234,0.0089,0.07,5.61,0.94,0.0,1085.0,516,544,25,48,50,2,242.0,0.0,3e-05,31920.0,,,,
6841,8000,81886,1.8812,0.0516,3.5924,4.176,0.0112,0.08,6.27,0.93,0.0,1079.0,531,537,11,49,50,1,243.0,0.0,3e-05,30776.0,,,,
6842,8000,81903,1.9075,0.0545,3.64,4.25,0.0098,0.07,5.98,0.93,0.0,1179.0,627,531,21,53,45,2,222.0,0.01,3e-05,31918.0,,,,
6843,8000,81919,1.8943,0.0596,3.6028,4.227,0.0121,0.08,5.95,0.94,0.0,1182.0,602,562,18,51,48,2,222.0,0.01,3e-05,31935.0,,,,
6844,8000,81936,1.9371,0.0539,3.7009,4.296,0.0097,0.08,11.44,0.94,0.0,1260.0,660,590,10,52,47,1,208.0,0.01,3e-05,31938.0,,,,
6845,8000,81952,1.8814,0.0317,3.634,4.33,0.0093,0.07,7.24,0.94,0.0,1234.0,645,581,8,52,47,1,212.0,0.01,3e-05,31932.0,,,,
6846,8000,81969,1.8711,0.0235,3.6296,4.301,0.0096,0.07,4.99,0.94,0.0,1226.0,638,583,5,52,48,0,214.0,0.01,3e-05,31940.0,,,,
6847,8000,81985,1.8336,0.0024,3.5969,4.257,0.0096,0.08,4.22,0.94,0.0,1231.0,639,583,9,52,47,1,213.0,0.01,3e-05,31948.0,,,,
6848,8000,82001,1.9006,0.0293,3.6762,4.177,0.0114,0.08,4.71,0.93,0.0,1248.0,638,604,6,51,48,0,210.0,0.01,3e-05,31925.0,,,,
6849,8000,82018,1.8486,0.0107,3.6101,4.191,0.0108,0.08,4.06,0.94,0.0,1203.0,605,591,7,50,49,1,218.0,0.01,3e-05,31936.0,215,0,297,42
6850,8000,82050,1.8197,0.0008,3.5723,4.255,0.0095,0.07,4.33,0.94,0.0,1205.0,614,586,5,51,49,0,218.0,0.01,3e-05,32073.0,,,,
6851,8000,82066,1.853,0.0231,3.5947,4.32,0.0101,0.08,4.55,0.94,0.0,1200.0,596,596,8,50,50,1,218.0,0.01,3e-05,31989.0,,,,
6852,8000,82083,1.874,0.0291,3.6245,4.274,0.0109,0.08,4.8,0.94,0.0,1216.0,676,535,5,56,44,0,216.0,0.01,3e-05,31937.0,,,,
6853,8000,82099,1.8564,0.018,3.6115,4.236,0.0106,0.08,7.73,0.94,0.0,1187.0,627,553,7,53,47,1,221.0,0.01,3e-05,31969.0,,,,
6854,8000,82116,1.8821,0.0253,3.6482,4.205,0.0088,0.07,6.17,0.94,0.0,1196.0,593,598,5,50,50,0,219.0,0.01,3e-05,31926.0,,,,
6855,8000,82132,1.8523,0.0259,3.5888,4.208,0.0102,0.08,5.12,0.94,0.0,1189.0,595,585,9,50,49,1,220.0,0.01,3e-05,31934.0,,,,
6856,8000,82149,1.8635,0.037,3.5884,4.265,0.0116,0.08,4.21,0.94,0.0,1201.0,612,582,7,51,48,1,218.0,0.01,3e-05,31996.0,,,,
6857,8000,82165,1.8313,0.0301,3.5382,4.315,0.0103,0.08,4.14,0.95,0.0,1139.0,577,553,9,51,49,1,230.0,0.01,3e-05,31930.0,,,,
6858,8000,82181,1.8282,0.0317,3.5288,4.319,0.0104,0.08,4.77,0.95,0.0,1076.0,540,525,11,50,49,1,244.0,0.01,3e-05,31928.0,,,,
6859,8000,82198,1.8482,0.0394,3.5533,4.26,0.01,0.08,4.74,0.95,0.0,1155.0,615,529,11,53,46,1,227.0,0.01,3e-05,31938.0,,,,
6860,8000,82214,1.8203,0.0269,3.5238,4.254,0.0115,0.08,4.77,0.95,0.0,1167.0,643,508,16,55,44,1,225.0,0.01,3e-05,31948.0,,,,
6861,8000,82232,1.8675,0.0164,3.6384,4.347,0.0098,0.07,4.7,0.93,0.0,1138.0,549,575,14,48,51,1,230.0,0.0,3e-05,30794.0,,,,
6862,8000,82248,1.8743,0.012,3.6593,4.294,0.0101,0.08,4.83,0.92,0.0,1142.0,520,615,7,46,54,1,230.0,0.01,3e-05,31959.0,,,,
6863,8000,82264,1.8688,0.0249,3.6251,4.412,0.0118,0.08,4.82,0.93,0.0,1134.0,544,570,20,48,50,2,231.0,0.01,3e-05,31947.0,,,,
6864,8000,82281,1.8248,-0.0036,3.5934,4.452,0.0104,0.08,4.2,0.93,0.0,1125.0,546,563,16,49,50,1,233.0,0.01,3e-05,32019.0,,,,
6865,8000,82297,1.8517,0.0086,3.6227,4.477,0.0081,0.07,5.18,0.93,0.0,1110.0,552,553,5,50,50,0,236.0,0.01,3e-05,31977.0,,,,
6866,8000,82314,1.835,0.0083,3.5884,4.363,0.0094,0.07,4.57,0.93,0.0,1052.0,513,536,3,49,51,0,249.0,0.01,3e-05,31960.0,,,,
6867,8000,82330,1.8198,0.0118,3.5513,4.331,0.0085,0.07,5.1,0.94,0.0,1030.0,499,525,6,48,51,1,255.0,0.01,3e-05,31947.0,,,,
6868,8000,82347,1.863,0.0152,3.6318,4.294,0.0085,0.07,7.63,0.94,0.0,1064.0,528,525,11,50,49,1,246.0,0.01,3e-05,31974.0,,,,
6869,8000,82363,1.8661,0.0272,3.6116,4.25,0.0083,0.07,6.99,0.94,0.0,1083.0,535,548,0,49,51,0,242.0,0.0,3e-05,32007.0,,,,
6870,8000,82380,1.8518,0.0285,3.582,4.246,0.0083,0.07,10.8,0.94,0.0,1100.0,510,581,9,46,53,1,238.0,0.0,3e-05,31954.0,,,,
6871,8000,82396,1.872,0.0341,3.6108,4.162,0.0105,0.08,5.16,0.94,0.0,1104.0,552,544,8,50,49,1,237.0,0.01,3e-05,31946.0,,,,
6872,8000,82413,1.8582,0.0204,3.6088,4.094,0.0108,0.08,6.55,0.94,0.0,1091.0,528,560,3,48,51,0,240.0,0.01,3e-05,31946.0,,,,
6873,8000,82429,1.8452,0.0227,3.58,4.132,0.0109,0.08,4.94,0.94,0.0,1116.0,519,587,10,47,53,1,235.0,0.01,3e-05,31948.0,,,,
6874,8000,82446,1.865,0.0125,3.6391,4.123,0.0105,0.08,7.16,0.94,0.0,1148.0,556,585,7,48,51,1,228.0,0.01,3e-05,31975.0,,,,
6875,8000,82462,1.8659,0.0205,3.6257,4.155,0.0114,0.09,5.39,0.94,0.0,1189.0,580,598,11,49,50,1,220.0,0.0,3e-05,32023.0,,,,
6876,8000,82479,1.8806,0.0169,3.6611,4.104,0.0096,0.07,5.8,0.94,0.0,1214.0,598,610,6,49,50,0,216.0,0.0,3e-05,31962.0,,,,
6877,8000,82495,1.8706,0.0247,3.6249,4.078,0.0107,0.08,4.25,0.94,0.0,1168.0,576,589,3,49,50,0,224.0,0.0,3e-05,31971.0,,,,
6878,8000,82511,1.882,0.0199,3.6571,4.088,0.0106,0.08,8.85,0.94,0.0,1200.0,562,634,4,47,53,0,218.0,0.0,3e-05,31958.0,,,,
6879,8000,82528,1.8484,0.0193,3.5915,4.051,0.0117,0.08,4.04,0.94,0.0,1187.0,561,617,9,47,52,1,221.0,0.0,3e-05,31967.0,,,,
6880,8000,82544,1.8625,0.0047,3.6494,4.139,0.0093,0.07,5.2,0.94,0.0,1191.0,592,591,8,50,50,1,220.0,0.0,3e-05,31985.0,,,,
6881,8000,82561,1.8725,-0.0082,3.6956,4.193,0.0107,0.08,5.6,0.93,0.0,1242.0,609,629,4,49,51,0,211.0,0.0,3e-05,30736.0,,,,
6882,8000,82578,1.8585,-0.0152,3.6822,4.276,0.0095,0.07,5.64,0.93,0.0,1219.0,581,635,3,48,52,0,215.0,0.01,3e-05,31883.0,,,,
6883,8000,82594,1.8549,0.0104,3.6233,4.252,0.0108,0.08,4.01,0.93,0.0,1168.0,582,583,3,50,50,0,224.0,0.01,3e-05,31945.0,,,,
6884,8000,82611,1.8756,0.0323,3.6212,4.274,0.0127,0.08,3.65,0.93,0.0,1223.0,625,594,4,51,49,0,214.0,0.01,3e-05,31903.0,,,,
6885,8000,82627,1.8619,0.016,3.6256,4.16,0.0093,0.08,4.12,0.93,0.0,1142.0,560,578,4,49,51,0,230.0,0.01,3e-05,31960.0,,,,
6886,8000,82644,1.8587,0.0138,3.6235,4.206,0.0093,0.07,6.45,0.93,0.0,1170.0,588,576,6,50,49,1,224.0,0.01,3e-05,31904.0,,,,
6887,8000,82660,1.8191,0.0058,3.5611,4.32,0.0096,0.07,4.47,0.94,0.0,1146.0,560,580,6,49,51,1,229.0,0.01,3e-05,31906.0,,,,
6888,8000,82677,1.8532,0.0195,3.6022,4.314,0.0138,0.09,4.21,0.94,0.0,1202.0,566,627,9,47,52,1,218.0,0.0,3e-05,31949.0,,,,
6889,8000,82693,1.8527,0.0105,3.6194,4.366,0.0103,0.07,4.96,0.94,0.0,1170.0,588,572,10,50,49,1,224.0,0.0,3e-05,31897.0,,,,
6890,8000,82710,1.8017,0.0057,3.5278,4.382,0.0085,0.07,5.12,0.95,0.0,1089.0,538,538,13,49,49,1,241.0,0.0,3e-05,31903.0,,,,
6891,8000,82726,1.8035,0.0065,3.5291,4.415,0.0105,0.08,3.89,0.95,0.0,1119.0,543,569,7,49,51,1,234.0,0.01,3e-05,31902.0,,,,
6892,8000,82743,1.8283,0.0182,3.5544,4.318,0.0097,0.07,5.94,0.95,0.0,1087.0,539,547,1,50,50,0,241.0,0.01,3e-05,31901.0,,,,
6893,8000,82759,1.8276,0.0222,3.5459,4.374,0.0088,0.07,4.83,0.95,0.0,1152.0,572,575,5,50,50,0,228.0,0.01,3e-05,31909.0,,,,
6894,8000,82776,1.817,0.0071,3.5557,4.408,0.0103,0.07,4.47,0.95,0.0,1133.0,555,572,6,49,50,1,231.0,0.01,3e-05,31901.0,,,,
6895,8000,82792,1.8557,0.0192,3.6079,4.358,0.011,0.07,5.43,0.94,0.0,1159.0,591,560,8,51,48,1,226.0,0.01,3e-05,31893.0,,,,
6896,8000,82809,1.8275,0.0132,3.5635,4.354,0.009,0.07,4.63,0.95,0.0,1186.0,591,589,6,50,50,1,221.0,0.0,3e-05,31954.0,,,,
6897,8000,82825,1.83,-0.0023,3.5992,4.327,0.0097,0.07,7.11,0.94,0.0,1210.0,562,646,2,46,53,0,217.0,0.0,3e-05,31906.0,,,,
6898,8000,82842,1.8231,0.0075,3.5658,4.313,0.0111,0.08,4.31,0.95,0.0,1147.0,596,545,6,52,48,1,229.0,0.01,3e-05,31906.0,,,,
6899,8000,82858,1.8096,0.015,3.5239,4.359,0.0123,0.08,5.09,0.95,0.0,1153.0,592,555,6,51,48,1,227.0,0.01,3e-05,31906.0,258,0,254,50
6900,8000,82890,1.8156,0.0115,3.5438,4.452,0.0127,0.07,5.0,0.95,0.0,1174.0,589,577,8,50,49,1,223.0,0.0,3e-05,32117.0,,,,
6901,8000,82907,1.819,-0.0068,3.5867,4.4,0.0106,0.07,4.27,0.93,0.0,1083.0,549,530,4,51,49,0,242.0,0.01,3e-05,30793.0,,,,
6902,8000,82924,1.8267,-0.0056,3.5997,4.408,0.0093,0.07,15.85,0.94,0.0,1026.0,503,519,4,49,51,0,256.0,0.01,3e-05,31944.0,,,,
6903,8000,82940,1.8891,-0.0184,3.7489,4.35,0.005,0.04,28.53,0.94,0.0,1101.0,543,549,9,49,50,1,238.0,0.01,3e-05,31987.0,,,,
6904,8000,82956,1.8074,-0.0204,3.5905,4.404,0.0071,0.06,8.75,0.94,0.0,1112.0,547,555,10,49,50,1,236.0,0.01,3e-05,31951.0,,,,
6905,8000,82973,1.8141,-0.0241,3.6114,4.322,0.011,0.07,6.36,0.94,0.0,1124.0,575,542,7,51,48,1,233.0,0.02,3e-05,31961.0,,,,
6906,8000,82989,1.7995,-0.0275,3.5898,4.41,0.01,0.07,4.73,0.93,0.0,1071.0,534,526,11,50,49,1,245.0,0.02,3e-05,31965.0,,,,
6907,8000,83006,1.8298,-0.0266,3.648,4.338,0.0131,0.08,4.74,0.93,0.0,1208.0,613,585,10,51,48,1,217.0,0.01,3e-05,31974.0,,,,
6908,8000,83022,1.8239,-0.0238,3.6299,4.278,0.0113,0.08,4.45,0.93,0.0,1179.0,577,596,6,49,51,1,222.0,0.01,3e-05,31968.0,,,,
6909,8000,83039,1.8494,-0.0155,3.6646,4.26,0.0107,0.08,4.48,0.93,0.0,1223.0,619,596,8,51,49,1,214.0,0.01,3e-05,32004.0,,,,
6910,8000,83055,1.8348,-0.0256,3.6548,4.259,0.0106,0.08,4.93,0.93,0.0,1186.0,559,625,2,47,53,0,221.0,0.0,3e-05,31972.0,,,,
6911,8000,83072,1.8126,-0.0325,3.625,4.343,0.009,0.07,6.36,0.94,0.0,1172.0,582,586,4,50,50,0,224.0,0.0,3e-05,31952.0,,,,
6912,8000,83088,1.8093,-0.0192,3.5909,4.241,0.0094,0.07,8.72,0.94,0.0,1178.0,569,600,9,48,51,1,223.0,0.0,3e-05,32008.0,,,,
6913,8000,83105,1.828,-0.0107,3.6116,4.255,0.0124,0.09,3.94,0.94,0.0,1194.0,598,593,3,50,50,0,220.0,0.01,3e-05,31957.0,,,,
6914,8000,83121,1.8311,0.0027,3.5917,4.277,0.0103,0.08,4.69,0.94,0.0,1191.0,565,615,11,47,52,1,220.0,0.0,3e-05,31941.0,,,,
6915,8000,83138,1.8154,-0.0032,3.5731,4.361,0.0111,0.08,4.64,0.94,0.0,1203.0,582,610,11,48,51,1,218.0,0.0,3e-05,31950.0,,,,
6916,8000,83154,1.8259,-0.0128,3.6124,4.343,0.0111,0.08,4.11,0.94,0.0,1258.0,608,643,7,48,51,1,208.0,0.01,3e-05,32004.0,,,,
6917,8000,83170,1.8362,-0.0053,3.6178,4.314,0.0106,0.08,4.56,0.94,0.0,1263.0,640,621,2,51,49,0,208.0,0.01,3e-05,31961.0,,,,
6918,8000,83187,1.8676,-0.0022,3.6742,4.281,0.0093,0.07,5.02,0.93,0.0,1258.0,656,598,4,52,48,0,208.0,0.01,3e-05,32004.0,,,,
6919,8000,83203,1.8685,0.0095,3.6532,4.282,0.0107,0.08,3.67,0.93,0.0,1290.0,636,649,5,49,50,0,203.0,0.0,3e-05,31958.0,,,,
6920,8000,83220,1.8305,-0.0112,3.6194,4.388,0.0101,0.07,5.38,0.94,0.0,1263.0,646,611,6,51,48,0,208.0,0.0,3e-05,31941.0,,,,
6921,8000,83237,1.8597,-0.0084,3.671,4.273,0.0125,0.08,4.18,0.92,0.0,1234.0,571,656,7,46,53,1,212.0,0.01,3e-05,30845.0,,,,
6922,8000,83253,1.876,0.0154,3.6554,4.202,0.0116,0.08,4.41,0.92,0.0,1217.0,596,617,4,49,51,0,215.0,0.01,3e-05,31939.0,,,,
6923,8000,83270,1.8795,0.0255,3.6421,4.219,0.0116,0.09,4.35,0.93,0.0,1250.0,606,637,7,48,51,1,210.0,0.01,3e-05,31947.0,,,,
6924,8000,83286,1.8805,0.0144,3.6664,4.23,0.0107,0.08,3.68,0.93,0.0,1255.0,604,645,6,48,51,0,209.0,0.01,3e-05,31943.0,,,,
6925,8000,83303,1.8625,-0.0113,3.682,4.244,0.0101,0.08,4.47,0.93,0.0,1275.0,620,653,2,49,51,0,206.0,0.01,3e-05,31942.0,,,,
6926,8000,83319,1.8396,-0.0127,3.6389,4.219,0.0113,0.09,3.55,0.93,0.0,1246.0,617,628,1,50,50,0,210.0,0.0,3e-05,31977.0,,,,
6927,8000,83336,1.8553,-0.0029,3.6507,4.214,0.0101,0.08,4.57,0.93,0.0,1296.0,616,674,6,48,52,0,202.0,0.01,3e-05,31936.0,,,,
6928,8000,83352,1.8754,0.006,3.673,4.154,0.0094,0.08,4.25,0.93,0.0,1309.0,631,676,2,48,52,0,200.0,0.01,3e-05,31942.0,,,,
6929,8000,83369,1.9131,0.0536,3.6533,4.177,0.0095,0.08,4.86,0.93,0.0,1243.0,629,609,5,51,49,0,211.0,0.01,3e-05,31982.0,,,,
6930,8000,83385,1.8679,0.0224,3.6263,4.245,0.0075,0.06,5.85,0.94,0.0,1224.0,585,632,7,48,52,1,214.0,0.01,3e-05,31986.0,,,,
6931,8000,83402,1.8808,0.024,3.6477,4.236,0.0093,0.07,6.78,0.94,0.0,1185.0,612,571,2,52,48,0,221.0,0.01,3e-05,31921.0,,,,
6932,8000,83418,1.8538,0.0206,3.6022,4.292,0.009,0.07,4.82,0.94,0.0,1164.0,552,604,8,47,52,1,225.0,0.01,3e-05,31944.0,,,,
6933,8000,83435,1.8411,0.0091,3.5987,4.304,0.0101,0.08,4.52,0.94,0.0,1169.0,632,534,3,54,46,0,224.0,0.01,3e-05,31918.0,,,,
6934,8000,83451,1.8606,0.0257,3.6052,4.34,0.0105,0.08,4.24,0.94,0.0,1153.0,574,575,4,50,50,0,227.0,0.01,3e-05,31954.0,,,,
6935,8000,83468,1.8398,0.0224,3.5698,4.328,0.0099,0.08,4.32,0.94,0.0,1086.0,523,560,3,48,52,0,241.0,0.01,3e-05,31942.0,,,,
6936,8000,83484,1.8229,0.0002,3.5805,4.344,0.0091,0.07,3.95,0.94,0.0,1162.0,583,574,5,50,49,0,226.0,0.02,3e-05,31955.0,,,,
6937,8000,83500,1.8248,0.0135,3.5577,4.383,0.0091,0.07,6.06,0.94,0.0,1027.0,508,517,2,49,50,0,255.0,0.02,3e-05,31931.0,,,,
6938,8000,83517,1.8247,0.0169,3.5498,4.265,0.0101,0.08,4.57,0.94,0.0,1070.0,501,565,4,47,53,0,245.0,0.01,3e-05,31925.0,,,,
6939,8000,83533,1.8807,0.0243,3.6471,4.218,0.0098,0.08,6.01,0.94,0.0,1207.0,593,607,7,49,50,1,217.0,0.01,3e-05,31950.0,,,,
6940,8000,83550,1.8776,0.023,3.6426,4.168,0.0099,0.07,6.23,0.94,0.0,1173.0,582,591,0,50,50,0,223.0,0.01,3e-05,31923.0,,,,
6941,8000,83567,1.9327,0.03,3.7384,4.101,0.0116,0.08,4.5,0.93,0.0,1264.0,625,636,3,49,50,0,207.0,0.01,3e-05,30821.0,,,,
6942,8000,83583,1.8998,0.0165,3.7,4.122,0.0123,0.09,3.92,0.92,0.0,1274.0,624,646,4,49,51,0,206.0,0.01,3e-05,31931.0,,,,
6943,8000,83600,1.8827,0.0201,3.6584,4.146,0.0103,0.08,4.77,0.93,0.0,1207.0,581,624,2,48,52,0,217.0,0.01,3e-05,31926.0,,,,
6944,8000,83616,1.8638,0.0104,3.6411,4.237,0.0091,0.07,4.65,0.93,0.0,1209.0,572,636,1,47,53,0,217.0,0.01,3e-05,31945.0,,,,
6945,8000,83633,1.8737,0.0111,3.6592,4.206,0.009,0.07,3.88,0.92,0.0,1240.0,629,607,4,51,49,0,211.0,0.01,3e-05,31946.0,,,,
6946,8000,83649,1.873,0.005,3.6695,4.116,0.0096,0.07,4.99,0.93,0.0,1245.0,616,627,2,49,50,0,211.0,0.02,3e-05,31948.0,,,,
6947,8000,83666,1.8797,0.0226,3.6479,4.12,0.0087,0.07,4.93,0.93,0.0,1202.0,584,614,4,49,51,0,218.0,0.01,3e-05,31962.0,,,,
6948,8000,83682,1.8906,0.0196,3.6755,4.129,0.0117,0.08,4.87,0.93,0.0,1219.0,611,604,4,50,50,0,215.0,0.01,3e-05,31945.0,,,,
6949,8000,83699,1.8456,0.0007,3.6228,4.076,0.0103,0.08,3.72,0.94,0.0,1157.0,577,577,3,50,50,0,227.0,0.01,3e-05,31999.0,305,0,207,60
6950,8000,83731,1.8434,0.011,3.5979,4.09,0.0105,0.08,3.87,0.94,0.0,1215.0,558,655,2,46,54,0,216.0,0.01,3e-05,32141.0,,,,
6951,8000,83747,1.8808,0.0321,3.6304,4.073,0.0097,0.08,4.48,0.94,0.0,1179.0,585,592,2,50,50,0,222.0,0.01,3e-05,31992.0,,,,
6952,8000,83764,1.8799,0.0375,3.6176,4.044,0.0105,0.08,4.28,0.94,0.0,1157.0,584,569,4,50,49,0,227.0,0.01,3e-05,31927.0,,,,
6953,8000,83780,1.8782,0.0207,3.6472,3.973,0.0103,0.08,4.67,0.93,0.0,1175.0,617,557,1,53,47,0,223.0,0.01,3e-05,32000.0,,,,
6954,8000,83796,1.8621,0.025,3.6078,4.152,0.011,0.08,4.59,0.94,0.0,1223.0,611,610,2,50,50,0,214.0,0.01,3e-05,31994.0,,,,
6955,8000,83813,1.886,0.0372,3.6311,4.121,0.0113,0.08,3.78,0.94,0.0,1273.0,640,629,4,50,49,0,206.0,0.01,3e-05,31930.0,,,,
6956,8000,83829,1.8709,0.0223,3.6305,4.065,0.0107,0.08,4.2,0.94,0.0,1229.0,618,606,5,50,49,0,213.0,0.0,3e-05,31948.0,,,,
6957,8000,83846,1.8456,0.0139,3.5969,4.105,0.0096,0.07,4.76,0.94,0.0,1233.0,622,609,2,50,49,0,213.0,0.01,3e-05,31937.0,,,,
6958,8000,83862,1.8857,0.0312,3.642,4.048,0.0132,0.09,4.22,0.93,0.0,1223.0,617,603,3,50,49,0,214.0,0.01,3e-05,31954.0,,,,
6959,8000,83879,1.9009,0.0428,3.6493,4.04,0.0111,0.08,5.06,0.93,0.0,1343.0,675,664,4,50,49,0,195.0,0.0,3e-05,31946.0,,,,
6960,8000,83895,1.8718,0.027,3.6223,4.031,0.0121,0.08,4.04,0.94,0.0,1301.0,643,652,6,49,50,0,201.0,0.0,3e-05,31950.0,,,,
6961,8000,83912,1.9311,0.017,3.7599,3.893,0.0115,0.08,3.79,0.91,0.0,1359.0,674,680,5,50,50,0,193.0,0.0,3e-05,30806.0,,,,
6962,8000,83929,1.9049,0.0142,3.7133,3.911,0.0105,0.08,3.5,0.91,0.0,1339.0,677,660,2,51,49,0,196.0,0.01,3e-05,31896.0,,,,
6963,8000,83945,1.895,0.0157,3.6915,4.061,0.0122,0.08,3.8,0.92,0.0,1339.0,663,672,4,50,50,0,196.0,0.01,3e-05,31887.0,,,,
6964,8000,83962,1.8788,0.0154,3.6601,4.111,0.0099,0.07,3.57,0.92,0.0,1350.0,671,672,7,50,50,1,194.0,0.01,3e-05,31960.0,,,,
6965,8000,83978,1.8699,0.0135,3.6458,4.057,0.0104,0.08,3.74,0.93,0.0,1323.0,649,665,9,49,50,1,198.0,0.02,3e-05,31969.0,,,,
6966,8000,83995,1.8472,-0.0035,3.6347,4.095,0.0097,0.07,3.44,0.93,0.0,1355.0,678,669,8,50,49,1,193.0,0.02,3e-05,31898.0,,,,
6967,8000,84011,1.91,0.0205,3.7119,4.013,0.0105,0.08,3.65,0.93,0.0,1414.0,707,698,9,50,49,1,185.0,0.02,3e-05,31961.0,,,,
6968,8000,84028,1.93,0.0173,3.7583,4.014,0.0102,0.08,4.48,0.92,0.0,1437.0,760,673,4,53,47,0,182.0,0.01,3e-05,31897.0,,,,
6969,8000,84044,1.9086,0.0157,3.7179,3.926,0.0106,0.08,3.3,0.93,0.0,1456.0,727,728,1,50,50,0,180.0,0.01,3e-05,31898.0,,,,
6970,8000,84061,1.9045,-0.0051,3.7524,4.017,0.0103,0.07,3.71,0.92,0.0,1504.0,761,739,4,51,49,0,174.0,0.01,3e-05,31900.0,,,,
6971,8000,84077,1.9029,0.0024,3.7335,3.965,0.0093,0.07,4.22,0.92,0.0,1461.0,733,727,1,50,50,0,179.0,0.01,3e-05,31939.0,,,,
6972,8000,84094,1.8786,-0.0146,3.7197,4.068,0.0096,0.07,3.74,0.92,0.0,1429.0,740,689,0,52,48,0,183.0,0.01,3e-05,31912.0,,,,
6973,8000,84110,1.8594,-0.0103,3.6725,4.037,0.0093,0.07,3.77,0.93,0.0,1354.0,669,684,1,49,51,0,194.0,0.01,3e-05,31906.0,,,,
6974,8000,84127,1.8758,-0.0039,3.6929,4.089,0.0087,0.06,4.65,0.93,0.0,1376.0,680,696,0,49,51,0,191.0,0.01,3e-05,31913.0,,,,
6975,8000,84143,1.8852,0.0238,3.656,4.073,0.0101,0.07,4.19,0.94,0.0,1348.0,653,693,2,48,51,0,194.0,0.01,3e-05,31899.0,,,,
6976,8000,84160,1.8744,-0.009,3.7,4.074,0.0082,0.07,4.51,0.93,0.0,1355.0,655,697,3,48,51,0,193.0,0.01,3e-05,31905.0,,,,
6977,8000,84176,1.8784,0.0158,3.6586,4.101,0.0101,0.07,3.69,0.93,0.0,1320.0,686,632,2,52,48,0,199.0,0.02,3e-05,31908.0,,,,
6978,8000,84193,1.8968,0.0203,3.6867,4.129,0.0106,0.08,3.72,0.93,0.0,1341.0,671,665,5,50,50,0,195.0,0.01,3e-05,31908.0,,,,
6979,8000,84209,1.8974,0.0216,3.6847,4.076,0.0096,0.07,4.9,0.93,0.0,1334.0,671,661,2,50,50,0,197.0,0.01,3e-05,31909.0,,,,
6980,8000,84226,1.8415,0.008,3.6005,4.121,0.0099,0.08,4.14,0.94,0.0,1300.0,668,628,4,51,48,0,202.0,0.0,3e-05,31902.0,,,,
6981,8000,84243,1.8899,0.001,3.711,4.093,0.0102,0.08,5.34,0.92,0.0,1291.0,662,624,5,51,48,0,203.0,0.01,3e-05,30889.0,,,,
6982,8000,84259,1.8806,0.013,3.6689,4.173,0.0097,0.07,4.63,0.92,0.0,1211.0,580,631,0,48,52,0,216.0,0.01,3e-05,31966.0,,,,
6983,8000,84276,1.8776,0.0184,3.6522,4.203,0.0105,0.08,4.16,0.92,0.0,1187.0,561,622,4,47,52,0,221.0,0.02,3e-05,31954.0,,,,
6984,8000,84292,1.86,0.0301,3.5944,4.287,0.0113,0.08,3.44,0.92,0.0,1135.0,551,582,2,49,51,0,231.0,0.01,3e-05,31974.0,,,,
6985,8000,84309,1.8768,0.0237,3.6408,4.186,0.011,0.08,4.84,0.92,0.0,1291.0,626,651,14,48,50,1,203.0,0.03,3e-05,31967.0,,,,
6986,8000,84325,1.8679,0.0049,3.6601,4.205,0.0095,0.07,4.54,0.93,0.0,1340.0,643,692,5,48,52,0,196.0,0.01,3e-05,31965.0,,,,
6987,8000,84342,1.8562,0.0208,3.6057,4.254,0.0097,0.07,4.73,0.93,0.0,1305.0,642,654,9,49,50,1,201.0,0.01,3e-05,31955.0,,,,
6988,8000,84358,1.8758,0.0236,3.6381,4.161,0.0109,0.08,3.54,0.93,0.0,1323.0,643,677,3,49,51,0,198.0,0.0,3e-05,31960.0,,,,
6989,8000,84375,1.8828,0.0236,3.6517,4.086,0.0096,0.08,3.68,0.93,0.0,1277.0,604,666,7,47,52,1,205.0,0.0,3e-05,31987.0,,,,
6990,8000,84391,1.8922,0.0327,3.6527,4.071,0.0125,0.08,3.46,0.93,0.0,1255.0,606,642,7,48,51,1,209.0,0.01,3e-05,31954.0,,,,
6991,8000,84408,1.8753,0.0369,3.6109,4.104,0.0097,0.07,4.27,0.93,0.0,1243.0,603,636,4,49,51,0,211.0,0.01,3e-05,31970.0,,,,
6992,8000,84424,1.876,0.0289,3.6283,4.12,0.0102,0.08,3.79,0.93,0.0,1256.0,591,660,5,47,53,0,209.0,0.01,3e-05,31948.0,,,,
6993,8000,84441,1.855,0.0172,3.6098,4.107,0.0099,0.08,3.58,0.93,0.0,1236.0,599,626,11,48,51,1,212.0,0.01,3e-05,31949.0,,,,
6994,8000,84457,1.8671,0.0227,3.6225,4.121,0.0101,0.08,5.13,0.94,0.0,1170.0,580,585,5,50,50,0,224.0,0.01,2.9e-05,31976.0,,,,
6995,8000,84473,1.8616,0.0152,3.6264,4.105,0.0087,0.07,5.05,0.94,0.0,1226.0,594,627,5,48,51,0,214.0,0.02,2.9e-05,31967.0,,,,
6996,8000,84490,1.8581,0.0004,3.6485,4.064,0.0119,0.08,3.97,0.93,0.0,1295.0,658,631,6,51,49,0,202.0,0.01,2.9e-05,31969.0,,,,
6997,8000,84506,1.8653,-0.0069,3.6767,3.915,0.0101,0.08,4.13,0.93,0.0,1325.0,659,658,8,50,50,1,198.0,0.01,2.9e-05,31993.0,,,,
6998,8000,84523,1.8653,-0.0006,3.664,3.953,0.0113,0.08,3.49,0.93,0.0,1349.0,646,698,5,48,52,0,194.0,0.01,2.9e-05,31961.0,,,,
6999,8000,84539,1.854,-0.0044,3.6496,4.004,0.0113,0.08,3.93,0.93,0.0,1309.0,620,683,6,47,52,0,200.0,0.01,2.9e-05,31969.0,359,0,153,70
7000,8000,84571,1.84,-0.0063,3.6257,4.028,0.0104,0.08,4.08,0.93,0.0,1352.0,679,667,6,50,49,0,194.0,0.01,2.9e-05,32093.0,,,,
7001,8000,84588,1.9127,-0.0019,3.7622,4.011,0.0121,0.08,3.55,0.91,0.0,1387.0,675,708,4,49,51,0,189.0,0.0,2.9e-05,30746.0,,,,
7002,8000,84605,1.9242,0.0179,3.7447,3.932,0.0113,0.08,3.75,0.91,0.0,1483.0,727,755,1,49,51,0,177.0,0.0,2.9e-05,31892.0,,,,
7003,8000,84621,1.915,-0.0107,3.784,4.003,0.0088,0.07,4.09,0.91,0.0,1405.0,692,710,3,49,51,0,187.0,0.01,2.9e-05,31909.0,,,,
7004,8000,84637,1.8645,-0.0088,3.6796,4.042,0.0103,0.08,3.99,0.92,0.0,1364.0,682,680,2,50,50,0,192.0,0.0,2.9e-05,31963.0,,,,
7005,8000,84654,1.8627,-0.012,3.6831,4.129,0.0091,0.07,3.78,0.92,0.0,1309.0,606,700,3,46,53,0,200.0,0.0,2.9e-05,31905.0,,,,
7006,8000,84670,1.8542,-0.0187,3.6792,4.118,0.0111,0.08,3.63,0.92,0.0,1372.0,680,688,4,50,50,0,191.0,0.0,2.9e-05,31925.0,,,,
7007,8000,84687,1.8855,0.0027,3.6987,4.051,0.0099,0.08,3.92,0.92,0.0,1403.0,713,687,3,51,49,0,187.0,0.0,2.9e-05,31910.0,,,,
7008,8000,84703,1.884,-0.0028,3.7073,4.113,0.0096,0.07,4.42,0.92,0.0,1460.0,720,734,6,49,50,0,180.0,0.0,2.9e-05,31893.0,,,,
7009,8000,84720,1.8669,-0.0065,3.681,4.177,0.0099,0.07,3.57,0.93,0.0,1434.0,676,752,6,47,52,0,183.0,0.0,2.9e-05,31965.0,,,,
7010,8000,84736,1.8548,-0.0128,3.6693,4.188,0.01,0.07,4.65,0.93,0.0,1376.0,658,717,1,48,52,0,191.0,0.0,2.9e-05,31899.0,,,,
7011,8000,84753,1.8312,-0.0227,3.6421,4.171,0.0104,0.08,4.16,0.94,0.0,1335.0,669,661,5,50,50,0,196.0,0.0,2.9e-05,31960.0,,,,
7012,8000,84769,1.825,-0.0285,3.6411,4.214,0.0122,0.07,5.74,0.93,0.0,1328.0,658,667,3,50,50,0,197.0,0.0,2.9e-05,31904.0,,,,
7013,8000,84786,1.8367,-0.0253,3.6582,4.129,0.0102,0.08,4.48,0.93,0.0,1338.0,625,709,4,47,53,0,196.0,0.0,2.9e-05,31894.0,,,,
7014,8000,84802,1.8358,-0.0211,3.6471,4.062,0.0104,0.08,4.3,0.94,0.0,1279.0,611,662,6,48,52,0,205.0,0.01,2.9e-05,31908.0,,,,
7015,8000,84819,1.824,-0.025,3.6313,4.056,0.0107,0.08,4.05,0.93,0.0,1366.0,683,676,7,50,49,1,192.0,0.0,2.9e-05,31902.0,,,,
7016,8000,84835,1.8453,-0.0193,3.6622,4.048,0.0099,0.07,4.55,0.93,0.0,1308.0,635,667,6,49,51,0,200.0,0.0,2.9e-05,31886.0,,,,
7017,8000,84852,1.8355,-0.0079,3.6205,4.109,0.0116,0.08,4.26,0.94,0.0,1278.0,603,671,4,47,53,0,205.0,0.0,2.9e-05,31905.0,,,,
7018,8000,84868,1.8191,0.0045,3.5641,4.181,0.009,0.07,4.41,0.94,0.0,1274.0,621,647,6,49,51,0,206.0,0.0,2.9e-05,31902.0,,,,
7019,8000,84885,1.8334,0.0064,3.5881,4.161,0.0094,0.07,4.7,0.94,0.0,1253.0,627,623,3,50,50,0,209.0,0.0,2.9e-05,31963.0,,,,
7020,8000,84901,1.8618,0.0145,3.6283,4.143,0.0108,0.08,4.52,0.94,0.0,1238.0,616,619,3,50,50,0,212.0,0.0,2.9e-05,31898.0,,,,
7021,8000,84918,1.8634,0.0018,3.6564,4.042,0.0101,0.08,4.28,0.93,0.0,1223.0,618,599,6,51,49,0,214.0,0.0,2.9e-05,30764.0,,,,
7022,8000,84935,1.8792,-0.0018,3.6953,3.996,0.0106,0.08,5.77,0.93,0.0,1204.0,593,602,9,49,50,1,218.0,0.0,2.9e-05,31884.0,,,,
7023,8000,84951,1.8722,0.0091,3.6591,3.981,0.0117,0.09,4.32,0.93,0.0,1244.0,604,633,7,49,51,1,211.0,0.0,2.9e-05,31873.0,,,,
7024,8000,84968,1.8466,0.0166,3.5932,4.076,0.0115,0.09,3.96,0.94,0.0,1213.0,604,604,5,50,50,0,216.0,0.0,2.9e-05,31888.0,,,,
7025,8000,84984,1.8451,0.0196,3.5838,4.041,0.01,0.08,4.18,0.94,0.0,1194.0,593,595,6,50,50,1,220.0,0.0,2.9e-05,31877.0,,,,
7026,8000,85001,1.8543,0.0044,3.6317,3.898,0.0098,0.08,4.6,0.93,0.0,1251.0,609,634,8,49,51,1,210.0,0.0,2.9e-05,31935.0,,,,
7027,8000,85017,1.8227,-0.0217,3.6216,3.998,0.0104,0.08,4.25,0.93,0.0,1218.0,576,637,5,47,52,0,215.0,0.0,2.9e-05,31876.0,,,,
7028,8000,85034,1.8694,-0.0036,3.6784,3.943,0.0088,0.08,6.53,0.93,0.0,1318.0,653,655,10,50,50,1,199.0,0.0,2.9e-05,31876.0,,,,
7029,8000,85050,1.832,-0.0175,3.632,3.994,0.0104,0.08,4.56,0.94,0.0,1265.0,624,633,8,49,50,1,207.0,0.0,2.9e-05,31945.0,,,,
7030,8000,85067,1.8592,-0.0115,3.674,3.935,0.0106,0.08,4.39,0.94,0.0,1250.0,625,618,7,50,49,1,210.0,0.0,2.9e-05,31867.0,,,,
7031,8000,85083,1.8662,0.0061,3.652,3.9,0.0126,0.09,4.06,0.94,0.0,1297.0,641,652,4,49,50,0,202.0,0.0,2.9e-05,31880.0,,,,
7032,8000,85100,1.8341,-0.0039,3.6086,4.032,0.0109,0.08,4.28,0.94,0.0,1296.0,626,668,2,48,52,0,202.0,0.0,2.9e-05,31861.0,,,,
7033,8000,85116,1.8471,-0.0047,3.6361,3.996,0.0104,0.08,4.95,0.94,0.0,1263.0,630,632,1,50,50,0,208.0,0.0,2.9e-05,31888.0,,,,
7034,8000,85133,1.8622,-0.0036,3.6648,4.022,0.0094,0.08,4.03,0.94,0.0,1295.0,618,671,6,48,52,0,202.0,0.0,2.9e-05,31869.0,,,,
7035,8000,85149,1.8588,0.0098,3.63,3.929,0.0123,0.09,3.81,0.94,0.0,1273.0,655,616,2,51,48,0,206.0,0.0,2.9e-05,31864.0,,,,
7036,8000,85166,1.8641,0.0284,3.6039,4.02,0.0105,0.08,3.77,0.94,0.0,1194.0,585,609,0,49,51,0,220.0,0.0,2.9e-05,31946.0,,,,
7037,8000,85182,1.8546,0.0178,3.6068,4.071,0.0105,0.08,5.33,0.94,0.0,1258.0,614,641,3,49,51,0,208.0,0.0,2.9e-05,31934.0,,,,
7038,8000,85199,1.8431,0.016,3.5873,4.062,0.0094,0.07,5.69,0.94,0.0,1163.0,588,572,3,51,49,0,225.0,0.0,2.9e-05,31888.0,,,,
7039,8000,85215,1.8237,0.0082,3.5642,4.04,0.0102,0.08,5.39,0.95,0.0,1143.0,553,584,6,48,51,1,229.0,0.0,2.9e-05,31936.0,,,,
7040,8000,85232,1.8317,0.0374,3.5225,4.146,0.0107,0.08,4.08,0.95,0.0,1151.0,575,570,6,50,50,1,228.0,0.0,2.9e-05,31875.0,,,,
7041,8000,85249,1.9271,0.0467,3.6944,4.145,0.0113,0.08,4.42,0.93,0.0,1192.0,616,566,10,52,47,1,220.0,0.0,2.9e-05,30778.0,,,,
7042,8000,85266,1.9075,0.0412,3.6661,4.114,0.0114,0.08,5.32,0.93,0.0,1155.0,557,589,9,48,51,1,227.0,0.01,2.9e-05,31949.0,,,,
7043,8000,85282,1.8985,0.0371,3.6556,4.028,0.0103,0.08,5.41,0.93,0.0,1208.0,617,583,8,51,48,1,217.0,0.01,2.9e-05,31995.0,,,,
7044,8000,85298,1.8678,0.045,3.5794,4.181,0.0121,0.09,3.63,0.93,0.0,1174.0,584,585,5,50,50,0,223.0,0.01,2.9e-05,31999.0,,,,
7045,8000,85315,1.8534,0.0343,3.5715,4.102,0.0106,0.08,4.96,0.93,0.0,1162.0,582,575,5,50,49,0,226.0,0.02,2.9e-05,31977.0,,,,
7046,8000,85331,1.8887,0.0457,3.6198,4.14,0.0093,0.08,4.13,0.93,0.0,1164.0,569,589,6,49,51,1,225.0,0.02,2.9e-05,31950.0,,,,
7047,8000,85348,1.8775,0.044,3.6012,4.171,0.0102,0.08,5.15,0.93,0.0,1144.0,577,561,6,50,49,1,229.0,0.01,2.9e-05,31960.0,,,,
7048,8000,85364,1.8907,0.0338,3.6477,4.135,0.0094,0.07,5.48,0.93,0.0,1181.0,599,573,9,51,49,1,222.0,0.02,2.9e-05,31967.0,,,,
7049,8000,85381,1.8354,0.0189,3.5673,4.199,0.0093,0.07,5.15,0.94,0.0,1178.0,619,546,13,53,46,1,223.0,0.01,2.9e-05,31931.0,334,0,178,65
7050,8000,85412,1.8376,0.0229,3.5638,4.269,0.0116,0.08,5.11,0.94,0.0,1157.0,609,542,6,53,47,1,227.0,0.01,2.9e-05,32086.0,,,,
7051,8000,85429,1.8473,0.0249,3.5788,4.187,0.0109,0.08,3.74,0.94,0.0,1172.0,623,546,3,53,47,0,224.0,0.01,2.9e-05,32014.0,,,,
7052,8000,85445,1.8349,0.0168,3.5702,4.239,0.0118,0.08,3.87,0.94,0.0,1182.0,624,554,4,53,47,0,222.0,0.01,2.9e-05,31999.0,,,,
7053,8000,85462,1.8226,0.0228,3.5342,4.261,0.0123,0.08,4.0,0.94,0.0,1175.0,632,537,6,54,46,1,223.0,0.01,2.9e-05,31945.0,,,,
7054,8000,85478,1.8275,0.0194,3.5503,4.197,0.0123,0.08,4.39,0.94,0.0,1134.0,587,543,4,52,48,0,231.0,0.01,2.9e-05,31941.0,,,,
7055,8000,85495,1.8122,0.0054,3.5474,4.204,0.0128,0.08,3.98,0.94,0.0,1165.0,591,569,5,51,49,0,225.0,0.01,2.9e-05,32007.0,,,,
7056,8000,85511,1.8026,-0.0009,3.541,4.166,0.0123,0.08,4.63,0.95,0.0,1087.0,554,523,10,51,48,1,241.0,0.01,2.9e-05,31961.0,,,,
7057,8000,85528,1.8372,0.0089,3.5906,4.108,0.0112,0.08,3.96,0.94,0.0,1132.0,557,568,7,49,50,1,232.0,0.01,2.9e-05,31982.0,,,,
7058,8000,85544,1.8454,0.0061,3.612,4.104,0.011,0.08,4.52,0.94,0.0,1137.0,567,563,7,50,50,1,231.0,0.01,2.9e-05,31999.0,,,,
7059,8000,85560,1.8248,0.0039,3.5742,4.024,0.0152,0.1,3.55,0.94,0.0,1131.0,579,550,2,51,49,0,232.0,0.01,2.9e-05,31952.0,,,,
7060,8000,85577,1.8366,0.0095,3.5861,3.981,0.0142,0.09,3.74,0.94,0.0,1155.0,574,579,2,50,50,0,227.0,0.01,2.9e-05,32007.0,,,,
7061,8000,85594,1.9082,0.038,3.6725,3.942,0.0122,0.09,4.14,0.93,0.0,1194.0,614,575,5,51,48,0,220.0,0.01,2.9e-05,30753.0,,,,
7062,8000,85610,1.8919,0.0181,3.6799,3.948,0.0123,0.09,4.83,0.93,0.0,1259.0,591,658,10,47,52,1,208.0,0.01,2.9e-05,31942.0,,,,
7063,8000,85627,1.8741,0.0111,3.6585,4.061,0.0113,0.09,4.85,0.93,0.0,1202.0,604,596,2,50,50,0,218.0,0.0,2.9e-05,31921.0,,,,
7064,8000,85643,1.8424,0.0077,3.6019,4.049,0.0095,0.08,4.57,0.94,0.0,1160.0,565,593,2,49,51,0,226.0,0.01,2.9e-05,31881.0,,,,
7065,8000,85660,1.8468,0.018,3.59,4.019,0.0116,0.09,4.12,0.94,0.0,1160.0,557,593,10,48,51,1,226.0,0.01,2.9e-05,31881.0,,,,
7066,8000,85676,1.8804,0.0263,3.6409,4.012,0.0112,0.09,5.24,0.94,0.0,1182.0,573,603,6,48,51,1,222.0,0.01,2.9e-05,31942.0,,,,
7067,8000,85693,1.8642,0.0268,3.6069,3.982,0.0109,0.08,4.56,0.94,0.0,1141.0,584,552,5,51,48,0,230.0,0.01,2.9e-05,31885.0,,,,
7068,8000,85709,1.8339,0.0059,3.5877,3.952,0.0114,0.08,4.39,0.94,0.0,1146.0,531,602,13,46,53,1,229.0,0.01,2.9e-05,31871.0,,,,
7069,8000,85726,1.8178,-0.0068,3.5816,4.016,0.0109,0.08,3.91,0.94,0.0,1185.0,558,619,8,47,52,1,221.0,0.01,2.9e-05,31888.0,,,,
7070,8000,85742,1.8258,0.0007,3.5823,3.996,0.0097,0.07,5.15,0.94,0.0,1136.0,558,571,7,49,50,1,231.0,0.01,2.9e-05,31869.0,,,,
7071,8000,85759,1.8269,0.007,3.5731,4.084,0.0093,0.08,6.0,0.94,0.0,1112.0,548,555,9,49,50,1,236.0,0.02,2.9e-05,31939.0,,,,
7072,8000,85775,1.8143,0.0053,3.5512,4.097,0.0111,0.08,4.23,0.94,0.0,1172.0,574,590,8,49,50,1,224.0,0.01,2.9e-05,31958.0,,,,
7073,8000,85792,1.8436,0.0203,3.5797,4.123,0.0111,0.08,4.08,0.94,0.0,1174.0,594,573,7,51,49,1,223.0,0.01,2.9e-05,31875.0,,,,
7074,8000,85808,1.8531,0.0273,3.5856,4.097,0.0116,0.08,4.11,0.94,0.0,1197.0,611,576,10,51,48,1,219.0,0.01,2.9e-05,31909.0,,,,
7075,8000,85825,1.8413,0.0148,3.5866,4.151,0.0122,0.08,4.43,0.94,0.0,1183.0,582,585,16,49,49,1,222.0,0.02,2.9e-05,31885.0,,,,
7076,8000,85841,1.8371,0.0134,3.5813,4.126,0.0113,0.08,4.55,0.94,0.0,1141.0,566,569,6,50,50,1,230.0,0.02,2.9e-05,31864.0,,,,
7077,8000,85858,1.8225,0.0288,3.5209,4.051,0.0116,0.09,5.9,0.95,0.0,1067.0,509,548,10,48,51,1,246.0,0.01,2.9e-05,31925.0,,,,
7078,8000,85874,1.8326,0.0262,3.5463,4.184,0.0117,0.08,4.81,0.94,0.0,1110.0,513,592,5,46,53,0,236.0,0.01,2.9e-05,31878.0,,,,
7079,8000,85891,1.8654,0.0194,3.6253,4.13,0.0103,0.07,7.31,0.94,0.0,1145.0,527,605,13,46,53,1,229.0,0.01,2.9e-05,31877.0,,,,
7080,8000,85907,1.8246,0.0024,3.5779,4.104,0.0106,0.08,4.62,0.94,0.0,1133.0,526,589,18,46,52,2,231.0,0.01,2.9e-05,31870.0,,,,
7081,8000,85924,1.8956,0.0165,3.6912,4.103,0.0101,0.08,5.96,0.92,0.0,1162.0,625,528,9,54,45,1,226.0,0.01,2.9e-05,30812.0,,,,
7082,8000,85941,1.8735,-0.01,3.6991,3.999,0.0112,0.08,5.59,0.92,0.0,1176.0,591,577,8,50,49,1,223.0,0.01,2.9e-05,31973.0,,,,
7083,8000,85957,1.8554,-0.0045,3.6523,4.022,0.0132,0.09,4.02,0.93,0.0,1235.0,672,547,16,54,44,1,212.0,0.01,2.9e-05,31911.0,,,,
7084,8000,85974,1.8289,-0.0031,3.5975,4.175,0.0138,0.09,3.88,0.93,0.0,1204.0,620,578,6,51,48,0,218.0,0.01,2.9e-05,31911.0,,,,
7085,8000,85990,1.8551,0.0049,3.6328,4.029,0.0134,0.09,4.28,0.93,0.0,1226.0,652,572,2,53,47,0,214.0,0.01,2.9e-05,31915.0,,,,
7086,8000,86007,1.8584,0.0068,3.636,4.075,0.0102,0.08,4.17,0.93,0.0,1247.0,658,587,2,53,47,0,210.0,0.01,2.9e-05,31938.0,,,,
7087,8000,86023,1.8239,-0.0056,3.5919,4.118,0.0124,0.09,4.01,0.94,0.0,1209.0,609,594,6,50,49,0,217.0,0.01,2.9e-05,31917.0,,,,
7088,8000,86040,1.8384,0.0005,3.6092,4.148,0.0093,0.08,5.03,0.94,0.0,1194.0,641,551,2,54,46,0,220.0,0.01,2.9e-05,31933.0,,,,
7089,8000,86056,1.8376,0.0074,3.5935,4.129,0.0104,0.08,4.07,0.93,0.0,1232.0,647,584,1,53,47,0,213.0,0.01,2.9e-05,31955.0,,,,
7090,8000,86073,1.8295,0.0044,3.5832,4.067,0.0113,0.09,3.66,0.94,0.0,1229.0,647,579,3,53,47,0,213.0,0.01,2.9e-05,31927.0,,,,
7091,8000,86089,1.8895,0.0156,3.6806,4.067,0.0094,0.08,8.84,0.93,0.0,1183.0,602,579,2,51,49,0,222.0,0.0,2.9e-05,31993.0,,,,
7092,8000,86106,1.854,0.0154,3.6102,4.06,0.0113,0.09,5.35,0.94,0.0,1229.0,637,585,7,52,48,1,213.0,0.0,2.9e-05,31924.0,,,,
7093,8000,86122,1.8648,0.0237,3.6151,4.06,0.0099,0.08,6.07,0.94,0.0,1147.0,615,530,2,54,46,0,229.0,0.01,2.9e-05,31917.0,,,,
7094,8000,86139,1.8726,0.037,3.605,4.189,0.0121,0.09,4.42,0.94,0.0,1154.0,558,588,8,48,51,1,227.0,0.0,2.9e-05,31928.0,,,,
7095,8000,86155,1.8487,0.0314,3.5683,4.208,0.01,0.08,4.53,0.94,0.0,1119.0,585,529,5,52,47,0,234.0,0.0,2.9e-05,31923.0,,,,
7096,8000,86172,1.8603,0.0255,3.6036,4.191,0.01,0.08,5.43,0.94,0.0,1143.0,607,527,9,53,46,1,229.0,0.0,2.9e-05,31929.0,,,,
7097,8000,86188,1.8565,0.0372,3.5721,4.148,0.0125,0.09,3.99,0.94,0.0,1142.0,593,546,3,52,48,0,230.0,0.01,2.9e-05,31992.0,,,,
7098,8000,86205,1.8687,0.0141,3.6421,4.053,0.009,0.07,7.63,0.94,0.0,1176.0,616,554,6,52,47,1,223.0,0.01,2.9e-05,31986.0,,,,
7099,8000,86221,1.8713,0.0114,3.6534,4.149,0.0097,0.08,7.68,0.93,0.0,1167.0,586,581,0,50,50,0,225.0,0.01,2.9e-05,31933.0,303,1,208,59
7100,8000,86253,1.8256,0.0106,3.5632,4.097,0.0112,0.09,4.03,0.94,0.0,1151.0,626,522,3,54,45,0,228.0,0.01,2.9e-05,32067.0,,,,
7101,8000,86270,1.8921,0.0139,3.6894,4.082,0.0113,0.08,4.92,0.92,0.0,1209.0,629,571,9,52,47,1,217.0,0.0,2.9e-05,30769.0,,,,
7102,8000,86286,1.8755,0.0164,3.6508,4.022,0.012,0.09,3.74,0.92,0.0,1219.0,618,595,6,51,49,0,215.0,0.0,2.9e-05,31928.0,,,,
7103,8000,86303,1.8649,0.0017,3.6589,4.037,0.0096,0.08,5.06,0.93,0.0,1219.0,605,605,9,50,50,1,215.0,0.0,2.9e-05,31912.0,,,,
7104,8000,86319,1.8891,0.0215,3.668,4.024,0.0122,0.09,3.4,0.93,0.0,1260.0,633,622,5,50,49,0,208.0,0.01,2.9e-05,31959.0,,,,
7105,8000,86336,1.8812,0.0354,3.6248,4.079,0.0126,0.09,3.93,0.93,0.0,1234.0,612,618,4,50,50,0,212.0,0.01,2.9e-05,31980.0,,,,
7106,8000,86352,1.8537,0.0179,3.6048,4.067,0.0108,0.09,3.37,0.93,0.0,1213.0,616,597,0,51,49,0,216.0,0.01,2.9e-05,31910.0,,,,
7107,8000,86369,1.871,0.0085,3.6576,4.005,0.0113,0.09,3.91,0.93,0.0,1309.0,678,630,1,52,48,0,200.0,0.01,2.9e-05,31988.0,,,,
7108,8000,86385,1.8638,0.002,3.6557,3.916,0.0099,0.09,3.54,0.93,0.0,1246.0,627,616,3,50,49,0,210.0,0.01,2.9e-05,31901.0,,,,
7109,8000,86402,1.8562,0.015,3.6152,4.002,0.0109,0.09,3.62,0.93,0.0,1280.0,662,615,3,52,48,0,205.0,0.0,2.9e-05,31930.0,,,,
7110,8000,86418,1.8896,0.0237,3.6639,3.954,0.0108,0.08,4.77,0.94,0.0,1236.0,645,591,0,52,48,0,212.0,0.01,2.9e-05,31911.0,,,,
7111,8000,86435,1.8655,0.0107,3.6415,3.923,0.0102,0.09,4.29,0.93,0.0,1224.0,596,625,3,49,51,0,214.0,0.0,2.9e-05,31922.0,,,,
7112,8000,86451,1.8356,0.0007,3.6024,3.993,0.0095,0.08,4.09,0.94,0.0,1226.0,642,577,7,52,47,1,214.0,0.01,2.9e-05,31922.0,,,,
7113,8000,86468,1.8431,-0.0002,3.6199,4.1,0.0096,0.08,4.56,0.93,0.0,1177.0,592,579,6,50,49,1,223.0,0.01,2.9e-05,31986.0,,,,
7114,8000,86484,1.8434,0.0178,3.5848,4.106,0.0106,0.08,4.43,0.94,0.0,1112.0,557,551,4,50,50,0,236.0,0.01,2.9e-05,31925.0,,,,
7115,8000,86501,1.8276,0.0012,3.5865,4.098,0.0111,0.09,4.14,0.94,0.0,1138.0,584,548,6,51,48,1,230.0,0.01,2.9e-05,31919.0,,,,
7116,8000,86517,1.8608,0.0163,3.6231,4.139,0.0104,0.08,4.4,0.94,0.0,1190.0,588,595,7,49,50,1,220.0,0.01,2.9e-05,31927.0,,,,
7117,8000,86533,1.8369,0.0246,3.5594,4.196,0.0097,0.08,4.88,0.94,0.0,1107.0,589,509,9,53,46,1,237.0,0.01,2.9e-05,31926.0,,,,
7118,8000,86550,1.8229,0.0183,3.5435,4.193,0.0105,0.08,3.97,0.94,0.0,1097.0,536,553,8,49,50,1,239.0,0.01,2.9e-05,31977.0,,,,
7119,8000,86566,1.797,0.0111,3.5063,4.273,0.0112,0.08,4.3,0.94,0.0,1061.0,557,501,3,52,47,0,247.0,0.01,2.9e-05,31936.0,,,,
7120,8000,86583,1.8004,0.0137,3.5091,4.319,0.0108,0.08,4.77,0.94,0.0,1032.0,549,474,9,53,46,1,254.0,0.01,2.9e-05,31917.0,,,,
7121,8000,86600,1.8549,0.0108,3.6221,4.14,0.0111,0.08,4.51,0.93,0.0,1165.0,572,584,9,49,50,1,225.0,0.01,2.9e-05,30749.0,,,,
7122,8000,86616,1.8892,0.0111,3.6896,4.111,0.0087,0.07,5.68,0.93,0.0,1197.0,574,617,6,48,52,1,219.0,0.01,2.9e-05,31922.0,,,,
7123,8000,86633,1.8734,0.0128,3.6547,4.116,0.0107,0.08,4.28,0.93,0.0,1145.0,577,561,7,50,49,1,229.0,0.02,2.9e-05,31924.0,,,,
7124,8000,86649,1.8498,0.0175,3.5979,4.134,0.012,0.09,3.58,0.93,0.0,1149.0,589,556,4,51,48,0,228.0,0.02,2.9e-05,31930.0,,,,
7125,8000,86666,1.8543,-0.0052,3.6513,4.012,0.0097,0.08,4.0,0.93,0.0,1169.0,573,587,9,49,50,1,224.0,0.03,2.9e-05,31921.0,,,,
7126,8000,86682,1.8301,0.0049,3.5827,4.015,0.0106,0.09,3.75,0.93,0.0,1083.0,524,551,8,48,51,1,242.0,0.02,2.9e-05,31945.0,,,,
7127,8000,86699,1.8572,0.0275,3.592,4.054,0.0116,0.09,4.93,0.93,0.0,1087.0,536,546,5,49,50,0,241.0,0.02,2.9e-05,31928.0,,,,
7128,8000,86715,1.8644,0.0346,3.5919,4.022,0.0104,0.08,4.51,0.93,0.0,1071.0,508,554,9,47,52,1,245.0,0.01,2.9e-05,31938.0,,,,
7129,8000,86732,1.8749,0.0378,3.6066,3.994,0.01,0.08,5.91,0.93,0.0,1065.0,511,542,12,48,51,1,246.0,0.01,2.9e-05,31926.0,,,,
7130,8000,86748,1.8691,0.0277,3.6152,4.005,0.0106,0.09,4.57,0.93,0.0,1134.0,537,583,14,47,51,1,231.0,0.01,2.9e-05,31948.0,,,,
7131,8000,86765,1.8731,0.0276,3.623,3.942,0.0112,0.09,6.48,0.93,0.0,1109.0,554,543,12,50,49,1,236.0,0.01,2.9e-05,31949.0,,,,
7132,8000,86781,1.8912,0.0382,3.6373,3.873,0.0093,0.08,4.61,0.93,0.0,1137.0,553,578,6,49,51,1,231.0,0.01,2.9e-05,31954.0,,,,
7133,8000,86798,1.8749,0.0165,3.6491,3.918,0.0103,0.08,5.92,0.93,0.0,1180.0,579,592,9,49,50,1,222.0,0.01,2.9e-05,31926.0,,,,
7134,8000,86814,1.8764,0.0079,3.6689,3.88,0.0105,0.09,5.39,0.93,0.0,1246.0,608,631,7,49,51,1,210.0,0.01,2.9e-05,31935.0,,,,
7135,8000,86831,1.8984,0.0261,3.6775,3.939,0.0109,0.09,3.85,0.93,0.0,1292.0,623,661,8,48,51,1,203.0,0.0,2.9e-05,31943.0,,,,
7136,8000,86847,1.8802,0.0212,3.6503,3.95,0.0112,0.09,4.66,0.93,0.0,1228.0,609,612,7,50,50,1,213.0,0.0,2.9e-05,31930.0,,,,
7137,8000,86864,1.8899,0.0296,3.6527,3.894,0.0109,0.09,3.95,0.93,0.0,1206.0,591,610,5,49,51,0,217.0,0.0,2.9e-05,31988.0,,,,
7138,8000,86880,1.8735,0.0165,3.6464,3.973,0.0111,0.09,4.27,0.94,0.0,1234.0,605,624,5,49,51,0,212.0,0.01,2.9e-05,31956.0,,,,
7139,8000,86897,1.8644,-0.0022,3.6655,3.98,0.0116,0.09,5.06,0.94,0.0,1270.0,590,671,9,46,53,1,206.0,0.01,2.9e-05,31941.0,,,,
7140,8000,86913,1.8696,0.0173,3.6368,3.994,0.0107,0.09,3.86,0.94,0.0,1253.0,634,618,1,51,49,0,209.0,0.0,2.9e-05,31929.0,,,,
7141,8000,86930,1.8901,0.0167,3.6793,4.045,0.012,0.09,4.22,0.93,0.0,1214.0,601,612,1,50,50,0,216.0,0.01,2.9e-05,30793.0,,,,
7142,8000,86947,1.8718,0.0154,3.6449,4.006,0.0109,0.09,3.99,0.93,0.0,1098.0,575,521,2,52,47,0,239.0,0.02,2.9e-05,31902.0,,,,
7143,8000,86963,1.8597,0.0253,3.6014,4.082,0.0107,0.09,4.8,0.94,0.0,1097.0,567,530,0,52,48,0,239.0,0.02,2.9e-05,31972.0,,,,
7144,8000,86980,1.8561,0.023,3.5994,4.111,0.014,0.08,5.47,0.94,0.0,1071.0,541,525,5,51,49,0,245.0,0.03,2.9e-05,31975.0,,,,
7145,8000,86996,1.8541,0.0317,3.5782,4.174,0.0115,0.09,4.12,0.94,0.0,1077.0,513,560,4,48,52,0,243.0,0.02,2.9e-05,31954.0,,,,
7146,8000,87013,1.8409,0.0152,3.5843,4.083,0.0096,0.08,8.26,0.94,0.0,1071.0,509,554,8,48,52,1,245.0,0.03,2.9e-05,31945.0,,,,
7147,8000,87029,1.8353,0.0097,3.5843,4.047,0.0098,0.08,5.55,0.94,0.0,1050.0,512,529,9,49,50,1,250.0,0.02,2.9e-05,31956.0,,,,
7148,8000,87045,1.8621,0.0232,3.6104,4.013,0.0107,0.09,8.19,0.94,0.0,1109.0,537,568,4,48,51,0,236.0,0.01,2.9e-05,31971.0,,,,
7149,8000,87062,1.8469,0.0202,3.5851,3.955,0.01,0.09,4.94,0.94,0.0,1074.0,548,523,3,51,49,0,244.0,0.01,2.9e-05,31933.0,268,0,244,52
7150,8000,87094,1.8382,0.0147,3.579,3.976,0.0119,0.09,4.53,0.94,0.0,1090.0,596,487,7,55,45,1,240.0,0.02,2.9e-05,32135.0,,,,
7151,8000,87110,1.8134,0.0096,3.5398,3.974,0.0134,0.09,4.53,0.95,0.0,1039.0,535,497,7,51,48,1,252.0,0.02,2.9e-05,31943.0,,,,
7152,8000,87127,1.8352,0.0432,3.5166,4.031,0.0111,0.09,4.71,0.95,0.0,1031.0,514,512,5,50,50,0,254.0,0.02,2.9e-05,31916.0,,,,
7153,8000,87143,1.865,0.0522,3.5581,4.053,0.0124,0.09,6.12,0.95,0.0,1029.0,510,514,5,50,50,0,255.0,0.02,2.9e-05,31938.0,,,,
7154,8000,87160,1.8519,0.0199,3.5958,3.98,0.0117,0.09,5.29,0.94,0.0,1100.0,527,565,8,48,51,1,238.0,0.02,2.9e-05,31943.0,,,,
7155,8000,87176,1.8587,0.0329,3.5837,4.01,0.0117,0.09,5.47,0.94,0.0,1065.0,505,557,3,47,52,0,246.0,0.01,2.9e-05,31967.0,,,,
7156,8000,87192,1.8501,0.0283,3.576,4.013,0.0114,0.09,4.6,0.94,0.0,1050.0,502,543,5,48,52,0,250.0,0.01,2.9e-05,31942.0,,,,
7157,8000,87209,1.839,0.0208,3.5692,4.084,0.0115,0.09,6.73,0.94,0.0,1077.0,520,547,10,48,51,1,243.0,0.01,2.9e-05,31930.0,,,,
7158,8000,87225,1.8329,0.0188,3.5615,4.149,0.0109,0.08,4.09,0.94,0.0,1055.0,495,553,7,47,52,1,248.0,0.02,2.9e-05,31999.0,,,,
7159,8000,87242,1.8102,0.0116,3.5315,4.196,0.0107,0.08,4.81,0.95,0.0,1099.0,537,554,8,49,50,1,239.0,0.01,2.9e-05,31961.0,,,,
7160,8000,87258,1.8297,0.0232,3.5468,4.245,0.0111,0.08,5.51,0.95,0.0,1059.0,525,531,3,50,50,0,248.0,0.01,2.9e-05,31998.0,,,,
7161,8000,87275,1.857,0.0144,3.6191,4.222,0.0111,0.09,4.87,0.93,0.0,1088.0,520,565,3,48,52,0,241.0,0.01,2.9e-05,30885.0,,,,
7162,8000,87292,1.8491,0.0149,3.6016,4.097,0.0113,0.09,4.56,0.93,0.0,1100.0,534,560,6,49,51,1,238.0,0.01,2.9e-05,31952.0,,,,
7163,8000,87308,1.848,0.0107,3.6088,4.209,0.0099,0.09,4.24,0.93,0.0,1158.0,547,603,8,47,52,1,226.0,0.01,2.9e-05,31940.0,,,,
7164,8000,87325,1.8775,0.0133,3.662,4.131,0.0119,0.09,5.96,0.93,0.0,1146.0,572,567,7,50,49,1,229.0,0.01,2.9e-05,31951.0,,,,
7165,8000,87341,1.8772,0.0216,3.6449,4.137,0.0106,0.08,4.83,0.93,0.0,1199.0,588,604,7,49,50,1,219.0,0.0,2.9e-05,31981.0,,,,
7166,8000,87358,1.8484,0.0131,3.604,4.164,0.0106,0.09,4.81,0.94,0.0,1157.0,545,607,5,47,52,0,227.0,0.01,2.9e-05,31965.0,,,,
7167,8000,87374,1.8409,0.0129,3.5893,4.185,0.0105,0.08,4.97,0.94,0.0,1105.0,555,543,7,50,49,1,237.0,0.0,2.9e-05,32002.0,,,,
7168,8000,87391,1.8402,0.0005,3.6126,4.132,0.0099,0.08,5.19,0.94,0.0,1171.0,559,605,7,48,52,1,224.0,0.0,2.9e-05,31988.0,,,,
7169,8000,87407,1.8327,0.0013,3.597,4.176,0.0108,0.09,3.94,0.94,0.0,1145.0,559,575,11,49,50,1,229.0,0.01,2.9e-05,31960.0,,,,
7170,8000,87423,1.8465,0.0025,3.6216,4.135,0.0132,0.09,9.59,0.94,0.0,1167.0,565,591,11,48,51,1,225.0,0.0,2.9e-05,31945.0,,,,
7171,8000,87440,1.8272,0.0013,3.5846,4.042,0.0113,0.09,7.09,0.95,0.0,1063.0,530,528,5,50,50,0,247.0,0.01,2.9e-05,31935.0,,,,
7172,8000,87456,1.8111,-0.0072,3.5696,4.101,0.0095,0.08,9.09,0.94,0.0,1048.0,524,518,6,50,49,1,250.0,0.0,2.9e-05,31956.0,,,,
7173,8000,87473,1.8033,0.0047,3.5307,4.174,0.0107,0.08,3.8,0.94,0.0,1111.0,569,535,7,51,48,1,236.0,0.0,2.9e-05,32020.0,,,,
7174,8000,87489,1.8348,0.0141,3.5752,4.115,0.0109,0.08,4.74,0.94,0.0,1113.0,541,557,15,49,50,1,236.0,0.0,2.9e-05,31976.0,,,,
7175,8000,87506,1.8417,0.0269,3.5645,4.125,0.0106,0.08,5.19,0.94,0.0,1056.0,503,535,18,48,51,2,248.0,0.0,2.9e-05,31957.0,,,,
7176,8000,87522,1.8159,-0.0001,3.5654,4.041,0.0107,0.09,4.21,0.94,0.0,1101.0,512,571,18,47,52,2,238.0,0.0,2.9e-05,31962.0,,,,
7177,8000,87539,1.8314,-0.0024,3.6,4.035,0.0096,0.08,4.79,0.94,0.0,1068.0,479,583,6,45,55,1,245.0,0.0,2.9e-05,31952.0,,,,
7178,8000,87555,1.8368,0.002,3.6023,4.005,0.01,0.08,6.56,0.94,0.0,1143.0,549,585,9,48,51,1,229.0,0.0,2.9e-05,31944.0,,,,
7179,8000,87572,1.8474,0.0165,3.5954,4.022,0.0093,0.08,4.84,0.94,0.0,1142.0,571,561,10,50,49,1,230.0,0.0,2.9e-05,31945.0,,,,
7180,8000,87588,1.84,0.0106,3.5917,4.023,0.0099,0.08,4.77,0.94,0.0,1105.0,544,553,8,49,50,1,237.0,0.0,2.9e-05,31933.0,,,,
7181,8000,87605,1.8661,-0.008,3.6809,3.997,0.0122,0.09,3.99,0.93,0.0,1205.0,616,577,12,51,48,1,218.0,0.0,2.9e-05,30820.0,,,,
7182,8000,87622,1.8622,-0.0031,3.6634,4.035,0.0113,0.09,4.91,0.93,0.0,1120.0,542,572,6,48,51,1,234.0,0.0,2.9e-05,31956.0,,,,
7183,8000,87638,1.8551,0.0047,3.6336,4.035,0.0105,0.08,5.01,0.93,0.0,1112.0,540,570,2,49,51,0,236.0,0.0,2.9e-05,32004.0,,,,
7184,8000,87655,1.8548,0.0209,3.6017,4.185,0.0111,0.09,4.64,0.94,0.0,1108.0,555,548,5,50,49,0,237.0,0.0,2.9e-05,31933.0,,,,
7185,8000,87671,1.8528,0.0124,3.6144,4.112,0.0104,0.09,3.37,0.93,0.0,1130.0,556,566,8,49,50,1,232.0,0.0,2.9e-05,31922.0,,,,
7186,8000,87688,1.8368,0.0239,3.561,4.217,0.0101,0.08,4.18,0.94,0.0,1104.0,557,538,9,50,49,1,237.0,0.01,2.9e-05,31991.0,,,,
7187,8000,87704,1.8304,0.0195,3.5562,4.25,0.01,0.08,3.56,0.94,0.0,1135.0,533,600,2,47,53,0,231.0,0.0,2.9e-05,32007.0,,,,
7188,8000,87721,1.8572,0.0176,3.6137,4.238,0.0103,0.08,3.98,0.93,0.0,1151.0,586,560,5,51,49,0,228.0,0.01,2.9e-05,31922.0,,,,
7189,8000,87737,1.8539,0.0278,3.5871,4.16,0.0102,0.08,3.99,0.94,0.0,1156.0,579,569,8,50,49,1,227.0,0.01,2.9e-05,31914.0,,,,
7190,8000,87754,1.8402,0.0169,3.581,4.212,0.0103,0.08,3.86,0.94,0.0,1136.0,593,538,5,52,47,0,231.0,0.01,2.9e-05,31942.0,,,,
7191,8000,87770,1.8502,0.016,3.603,4.172,0.0119,0.09,3.82,0.94,0.0,1137.0,543,586,8,48,52,1,231.0,0.0,2.9e-05,31932.0,,,,
7192,8000,87786,1.8718,0.0343,3.6099,4.205,0.0105,0.08,5.09,0.94,0.0,1136.0,556,570,10,49,50,1,231.0,0.01,2.9e-05,31997.0,,,,
7193,8000,87803,1.8871,0.0462,3.6154,4.113,0.0095,0.08,4.51,0.94,0.0,1149.0,574,568,7,50,49,1,228.0,0.01,2.9e-05,31928.0,,,,
7194,8000,87819,1.8668,0.0262,3.6151,4.118,0.01,0.08,5.21,0.94,0.0,1125.0,549,570,6,49,51,1,233.0,0.01,2.9e-05,31998.0,,,,
7195,8000,87836,1.8211,0.0037,3.5699,4.179,0.0097,0.08,4.52,0.94,0.0,1159.0,566,585,8,49,50,1,226.0,0.0,2.9e-05,31911.0,,,,
7196,8000,87852,1.8349,0.0117,3.5816,4.189,0.0102,0.08,3.78,0.94,0.0,1104.0,533,562,9,48,51,1,237.0,0.0,2.9e-05,31991.0,,,,
7197,8000,87869,1.8595,0.0291,3.5962,4.206,0.01,0.08,5.52,0.94,0.0,1147.0,585,553,9,51,48,1,229.0,0.01,2.9e-05,31984.0,,,,
7198,8000,87885,1.8443,0.0163,3.5925,4.177,0.0088,0.08,4.61,0.94,0.0,1127.0,540,569,18,48,50,2,233.0,0.0,2.9e-05,31939.0,,,,
7199,8000,87902,1.8355,-0.0058,3.6181,4.159,0.01,0.08,4.53,0.94,0.0,1194.0,612,566,16,51,47,1,220.0,0.0,2.9e-05,31941.0,338,0,174,66
7200,8000,87933,1.8431,-0.0197,3.6593,4.063,0.0093,0.08,4.32,0.94,0.0,1220.0,614,599,7,50,49,1,215.0,0.0,2.9e-05,32153.0,,,,
7201,8000,87950,1.8736,-0.0103,3.7027,4.132,0.0099,0.08,3.86,0.92,0.0,1224.0,594,619,11,49,51,1,214.0,0.0,2.9e-05,30750.0,,,,
7202,8000,87967,1.8692,0.0155,3.6417,4.181,0.0095,0.08,3.87,0.92,0.0,1210.0,599,603,8,50,50,1,217.0,0.0,2.9e-05,31954.0,,,,
7203,8000,87983,1.8752,0.016,3.6533,4.229,0.0093,0.08,3.83,0.93,0.0,1173.0,581,581,11,50,50,1,223.0,0.01,2.9e-05,31900.0,,,,
7204,8000,88000,1.8604,0.015,3.6261,4.289,0.0087,0.08,3.82,0.93,0.0,1219.0,600,607,12,49,50,1,215.0,0.01,2.9e-05,31898.0,,,,
7205,8000,88016,1.8567,0.0157,3.6176,4.358,0.0099,0.08,3.62,0.93,0.0,1134.0,573,557,4,51,49,0,231.0,0.01,2.9e-05,31904.0,,,,
7206,8000,88033,1.8397,0.0085,3.5979,4.358,0.0084,0.07,3.68,0.93,0.0,1153.0,577,569,7,50,49,1,227.0,0.01,2.9e-05,31908.0,,,,
7207,8000,88049,1.8306,0.0055,3.5855,4.339,0.0091,0.08,4.36,0.93,0.0,1091.0,542,544,5,50,50,0,240.0,0.01,2.9e-05,31979.0,,,,
7208,8000,88066,1.8213,0.0063,3.566,4.389,0.0083,0.07,4.2,0.93,0.0,1095.0,532,555,8,49,51,1,239.0,0.01,2.9e-05,31899.0,,,,
7209,8000,88082,1.8527,0.0226,3.5959,4.339,0.0081,0.06,5.22,0.93,0.0,1118.0,537,569,12,48,51,1,234.0,0.01,2.9e-05,31906.0,,,,
7210,8000,88099,1.8503,0.0401,3.5565,4.479,0.0088,0.07,4.68,0.94,0.0,1054.0,521,527,6,49,50,1,249.0,0.01,2.9e-05,31909.0,,,,
7211,8000,88115,1.8478,0.0333,3.5667,4.47,0.0105,0.08,4.0,0.93,0.0,1089.0,541,532,16,50,49,1,241.0,0.01,2.9e-05,31904.0,,,,
7212,8000,88132,1.8399,0.0237,3.5683,4.369,0.0087,0.07,5.05,0.94,0.0,1078.0,511,557,10,47,52,1,243.0,0.01,2.9e-05,31907.0,,,,
7213,8000,88148,1.8102,0.0197,3.5174,4.455,0.0101,0.08,4.0,0.94,0.0,1045.0,508,529,8,49,51,1,251.0,0.01,2.9e-05,31891.0,,,,
7214,8000,88165,1.8152,0.0184,3.5303,4.494,0.0082,0.07,5.2,0.94,0.0,1100.0,525,565,10,48,51,1,238.0,0.01,2.9e-05,31903.0,,,,
7215,8000,88181,1.8235,0.0236,3.5363,4.427,0.0083,0.07,4.91,0.94,0.0,1078.0,498,562,18,46,52,2,243.0,0.01,2.9e-05,31890.0,,,,
7216,8000,88198,1.8405,0.0269,3.5627,4.365,0.0089,0.07,6.27,0.94,0.0,1067.0,535,522,10,50,49,1,246.0,0.01,2.8e-05,31906.0,,,,
7217,8000,88214,1.8268,0.0124,3.5637,4.318,0.009,0.07,5.45,0.94,0.0,1107.0,559,545,3,50,49,0,237.0,0.01,2.8e-05,31973.0,,,,
7218,8000,88231,1.8253,0.0183,3.5493,4.359,0.007,0.06,8.69,0.94,0.0,1123.0,571,544,8,51,48,1,233.0,0.0,2.8e-05,31897.0,,,,
7219,8000,88247,1.893,0.0539,3.614,4.411,0.0102,0.07,6.44,0.93,0.0,1096.0,547,542,7,50,49,1,239.0,0.01,2.8e-05,31894.0,,,,
7220,8000,88264,1.8779,0.0382,3.6142,4.284,0.0095,0.08,4.43,0.93,0.0,1183.0,559,616,8,47,52,1,222.0,0.02,2.8e-05,31901.0,,,,
7221,8000,88281,1.899,0.0553,3.6226,4.298,0.0102,0.08,4.28,0.92,0.0,1184.0,606,570,8,51,48,1,221.0,0.01,2.8e-05,30810.0,,,,
7222,8000,88297,1.8669,0.0278,3.6133,4.366,0.0094,0.07,5.15,0.93,0.0,1181.0,595,579,7,50,49,1,222.0,0.0,2.8e-05,31967.0,,,,
7223,8000,88314,1.8764,0.0306,3.6268,4.34,0.0098,0.08,4.54,0.93,0.0,1151.0,581,564,6,50,49,1,228.0,0.01,2.8e-05,31948.0,,,,
7224,8000,88330,1.899,0.0463,3.6404,4.339,0.0106,0.08,5.71,0.93,0.0,1106.0,568,528,10,51,48,1,237.0,0.01,2.8e-05,32018.0,,,,
7225,8000,88347,1.8656,0.0374,3.591,4.286,0.0086,0.07,4.51,0.93,0.0,1138.0,559,573,6,49,50,1,230.0,0.01,2.8e-05,31942.0,,,,
7226,8000,88363,1.8557,0.0326,3.5821,4.376,0.0093,0.08,4.86,0.93,0.0,1113.0,571,536,6,51,48,1,236.0,0.01,2.8e-05,31964.0,,,,
7227,8000,88380,1.8555,0.0398,3.5669,4.341,0.0097,0.08,4.67,0.93,0.0,1121.0,555,558,8,50,50,1,234.0,0.01,2.8e-05,32014.0,,,,
7228,8000,88396,1.8419,0.0381,3.543,4.359,0.0102,0.08,4.25,0.94,0.0,1139.0,551,579,9,48,51,1,230.0,0.01,2.8e-05,31944.0,,,,
7229,8000,88413,1.8804,0.0419,3.6136,4.441,0.0108,0.08,4.22,0.93,0.0,1187.0,607,570,10,51,48,1,221.0,0.01,2.8e-05,31999.0,,,,
7230,8000,88429,1.8311,0.0215,3.5571,4.489,0.0103,0.08,3.97,0.94,0.0,1123.0,573,533,17,51,47,2,233.0,0.01,2.8e-05,31984.0,,,,
7231,8000,88445,1.8529,0.0245,3.5938,4.51,0.0106,0.08,4.46,0.94,0.0,1184.0,565,607,12,48,51,1,221.0,0.01,2.8e-05,31970.0,,,,
7232,8000,88462,1.8792,0.0336,3.6271,4.396,0.0103,0.08,4.27,0.93,0.0,1151.0,607,539,5,53,47,0,228.0,0.01,2.8e-05,31964.0,,,,
7233,8000,88478,1.8719,0.0403,3.5998,4.467,0.0117,0.09,3.75,0.93,0.0,1214.0,559,644,11,46,53,1,216.0,0.01,2.8e-05,31953.0,,,,
7234,8000,88495,1.8657,0.0322,3.6034,4.411,0.0108,0.08,3.62,0.93,0.0,1247.0,647,590,10,52,47,1,210.0,0.02,2.8e-05,31977.0,,,,
7235,8000,88511,1.8807,0.029,3.6397,4.296,0.0107,0.08,3.98,0.93,0.0,1248.0,614,627,7,49,50,1,210.0,0.02,2.8e-05,31954.0,,,,
7236,8000,88528,1.8758,0.0198,3.6473,4.272,0.0099,0.08,3.68,0.93,0.0,1239.0,632,600,7,51,48,1,212.0,0.02,2.8e-05,31961.0,,,,
7237,8000,88544,1.8777,0.0236,3.644,4.364,0.01,0.08,4.47,0.93,0.0,1256.0,618,632,6,49,50,0,209.0,0.0,2.8e-05,31937.0,,,,
7238,8000,88561,1.8716,0.0318,3.6153,4.38,0.011,0.08,3.71,0.94,0.0,1198.0,617,575,6,52,48,1,219.0,0.01,2.8e-05,31961.0,,,,
7239,8000,88577,1.8536,0.0173,3.6085,4.403,0.0102,0.08,4.11,0.93,0.0,1197.0,578,616,3,48,51,0,219.0,0.01,2.8e-05,31983.0,,,,
7240,8000,88594,1.8686,0.0154,3.6424,4.418,0.0094,0.07,4.45,0.93,0.0,1242.0,621,618,3,50,50,0,211.0,0.01,2.8e-05,31970.0,,,,
7241,8000,88611,1.8915,0.0194,3.6793,4.335,0.0101,0.08,4.61,0.92,0.0,1176.0,584,585,7,50,50,1,223.0,0.01,2.8e-05,30771.0,,,,
7242,8000,88627,1.8777,0.0123,3.6652,4.29,0.0112,0.08,4.43,0.92,0.0,1141.0,514,619,8,45,54,1,230.0,0.0,2.8e-05,31926.0,,,,
7243,8000,88644,1.8749,0.0253,3.6336,4.269,0.0102,0.08,4.14,0.93,0.0,1167.0,543,621,3,47,53,0,225.0,0.01,2.8e-05,31933.0,,,,
7244,8000,88660,1.8712,0.027,3.6235,4.335,0.0103,0.08,4.33,0.93,0.0,1167.0,582,579,6,50,50,1,225.0,0.0,2.8e-05,31904.0,,,,
7245,8000,88677,1.8472,0.0041,3.6214,4.356,0.0089,0.07,4.98,0.93,0.0,1113.0,561,545,7,50,49,1,236.0,0.0,2.8e-05,31957.0,,,,
7246,8000,88693,1.8402,-0.0066,3.6281,4.313,0.0123,0.08,4.31,0.93,0.0,1163.0,571,587,5,49,50,0,225.0,0.01,2.8e-05,31996.0,,,,
7247,8000,88710,1.8453,-0.0015,3.6285,4.324,0.0106,0.08,5.01,0.93,0.0,1149.0,550,595,4,48,52,0,228.0,0.01,2.8e-05,31923.0,,,,
7248,8000,88726,1.8504,0.0111,3.6138,4.353,0.011,0.08,7.28,0.93,0.0,1118.0,521,589,8,47,53,1,234.0,0.01,2.8e-05,31967.0,,,,
7249,8000,88743,1.8592,0.0136,3.6257,4.26,0.0111,0.08,5.22,0.93,0.0,1114.0,552,557,5,50,50,0,235.0,0.01,2.8e-05,31914.0,308,0,204,60
7250,8000,88774,1.8764,0.0206,3.6462,4.286,0.0114,0.08,4.9,0.93,0.0,1162.0,564,596,2,49,51,0,226.0,0.0,2.8e-05,32064.0,,,,
7251,8000,88791,1.846,0.0017,3.6231,4.247,0.0106,0.08,4.18,0.93,0.0,1173.0,564,604,5,48,51,0,223.0,0.01,2.8e-05,31925.0,,,,
7252,8000,88807,1.8828,0.0131,3.6732,4.17,0.0119,0.08,4.79,0.93,0.0,1181.0,565,614,2,48,52,0,222.0,0.01,2.8e-05,31913.0,,,,
7253,8000,88824,1.8669,0.0144,3.6391,4.198,0.0115,0.09,4.48,0.93,0.0,1161.0,550,606,5,47,52,0,226.0,0.01,2.8e-05,31961.0,,,,
7254,8000,88840,1.8714,0.0088,3.66,4.315,0.0099,0.07,4.97,0.93,0.0,1191.0,595,595,1,50,50,0,220.0,0.01,2.8e-05,31922.0,,,,
7255,8000,88857,1.851,0.0007,3.635,4.284,0.0111,0.08,5.43,0.93,0.0,1193.0,578,611,4,48,51,0,220.0,0.0,2.8e-05,31917.0,,,,
7256,8000,88873,1.8332,-0.021,3.6426,4.224,0.011,0.08,3.83,0.93,0.0,1249.0,634,613,2,51,49,0,210.0,0.01,2.8e-05,31985.0,,,,
7257,8000,88890,1.8176,-0.0333,3.6365,4.322,0.0108,0.07,5.17,0.93,0.0,1285.0,615,668,2,48,52,0,204.0,0.01,2.8e-05,31936.0,,,,
7258,8000,88906,1.8283,-0.0235,3.6378,4.26,0.0124,0.08,3.81,0.93,0.0,1215.0,613,599,3,50,49,0,216.0,0.01,2.8e-05,31921.0,,,,
7259,8000,88923,1.8247,-0.0219,3.6281,4.295,0.0112,0.08,4.26,0.93,0.0,1290.0,637,649,4,49,50,0,203.0,0.01,2.8e-05,31920.0,,,,
7260,8000,88939,1.9208,-0.004,3.7844,4.299,0.0095,0.07,14.71,0.93,0.0,1322.0,597,721,4,45,55,0,198.0,0.01,2.8e-05,31917.0,,,,
7261,8000,88956,1.8526,-0.0087,3.6574,4.314,0.0121,0.09,4.37,0.93,0.0,1258.0,633,623,2,50,50,0,208.0,0.01,2.8e-05,30749.0,,,,
7262,8000,88973,1.8454,-0.0124,3.6504,4.293,0.0116,0.09,4.05,0.93,0.0,1265.0,621,642,2,49,51,0,207.0,0.01,2.8e-05,31898.0,,,,
7263,8000,88989,1.8526,0.0093,3.6219,4.364,0.0109,0.08,3.81,0.93,0.0,1265.0,627,636,2,50,50,0,207.0,0.01,2.8e-05,31899.0,,,,
7264,8000,89006,1.885,0.0394,3.6262,4.345,0.0136,0.09,3.29,0.93,0.0,1294.0,659,634,1,51,49,0,203.0,0.01,2.8e-05,31878.0,,,,
7265,8000,89022,1.8648,0.0196,3.6252,4.33,0.0095,0.08,3.83,0.93,0.0,1300.0,650,649,1,50,50,0,202.0,0.0,2.8e-05,31902.0,,,,
7266,8000,89039,1.8678,0.0147,3.6411,4.351,0.0106,0.08,3.72,0.93,0.0,1308.0,650,656,2,50,50,0,200.0,0.01,2.8e-05,31887.0,,,,
7267,8000,89055,1.8784,0.0273,3.6375,4.37,0.0104,0.08,3.26,0.93,0.0,1276.0,636,639,1,50,50,0,205.0,0.01,2.8e-05,31954.0,,,,
7268,8000,89072,1.8747,0.0261,3.6318,4.295,0.0106,0.08,3.55,0.93,0.0,1208.0,603,602,3,50,50,0,217.0,0.01,2.8e-05,31943.0,,,,
7269,8000,89088,1.8643,0.0169,3.629,4.243,0.0104,0.08,3.62,0.93,0.0,1257.0,623,632,2,50,50,0,209.0,0.01,2.8e-05,31881.0,,,,
7270,8000,89105,1.8919,0.0428,3.6327,4.296,0.0107,0.08,4.24,0.93,0.0,1265.0,638,624,3,50,49,0,207.0,0.01,2.8e-05,31906.0,,,,
7271,8000,89121,1.9052,0.0213,3.7022,4.229,0.0098,0.08,4.35,0.93,0.0,1334.0,646,685,3,48,51,0,197.0,0.01,2.8e-05,31958.0,,,,
7272,8000,89138,1.8893,0.0094,3.694,4.201,0.0107,0.08,3.3,0.93,0.0,1333.0,630,697,6,47,52,0,197.0,0.01,2.8e-05,31965.0,,,,
7273,8000,89154,1.8585,0.0,3.651,4.18,0.0107,0.08,3.19,0.93,0.0,1318.0,653,659,6,50,50,0,199.0,0.01,2.8e-05,31886.0,,,,
7274,8000,89171,1.8853,0.0076,3.6892,4.204,0.0114,0.08,3.44,0.93,0.0,1389.0,695,693,1,50,50,0,189.0,0.01,2.8e-05,31904.0,,,,
7275,8000,89187,1.8569,0.0112,3.6255,4.235,0.0107,0.08,3.61,0.93,0.0,1273.0,624,647,2,49,51,0,206.0,0.01,2.8e-05,31901.0,,,,
7276,8000,89204,1.9074,0.0284,3.6921,4.23,0.0083,0.06,8.34,0.93,0.0,1243.0,616,625,2,50,50,0,211.0,0.0,2.8e-05,31913.0,,,,
7277,8000,89220,1.8604,0.0213,3.6123,4.245,0.0087,0.07,5.18,0.94,0.0,1224.0,594,625,5,49,51,0,214.0,0.01,2.8e-05,31906.0,,,,
7278,8000,89237,1.8517,0.0035,3.6307,4.246,0.011,0.08,5.51,0.94,0.0,1253.0,638,610,5,51,49,0,209.0,0.01,2.8e-05,31924.0,,,,
7279,8000,89253,1.8765,0.0095,3.6678,4.238,0.0083,0.07,6.2,0.94,0.0,1275.0,646,626,3,51,49,0,206.0,0.01,2.8e-05,31897.0,,,,
7280,8000,89270,1.863,0.0035,3.6527,4.221,0.0097,0.07,4.24,0.94,0.0,1284.0,629,648,7,49,50,1,204.0,0.0,2.8e-05,31918.0,,,,
7281,8000,89287,1.929,0.0171,3.7571,4.135,0.0128,0.09,5.28,0.92,0.0,1298.0,661,632,5,51,49,0,202.0,0.0,2.8e-05,30804.0,,,,
7282,8000,89303,1.8741,-0.0007,3.6831,4.187,0.0118,0.08,4.52,0.92,0.0,1245.0,628,615,2,50,49,0,211.0,0.01,2.8e-05,31870.0,,,,
7283,8000,89320,1.894,0.0131,3.6957,4.19,0.0115,0.08,4.34,0.92,0.0,1321.0,685,629,7,52,48,1,198.0,0.01,2.8e-05,31935.0,,,,
7284,8000,89336,1.8896,0.0128,3.688,4.257,0.0113,0.08,4.0,0.92,0.0,1248.0,653,587,8,52,47,1,210.0,0.01,2.8e-05,31904.0,,,,
7285,8000,89353,1.893,0.0077,3.7042,4.155,0.0112,0.09,5.07,0.92,0.0,1241.0,660,576,5,53,46,0,211.0,0.02,2.8e-05,31875.0,,,,
7286,8000,89369,1.9052,0.013,3.7183,4.153,0.0108,0.08,3.63,0.92,0.0,1298.0,661,631,6,51,49,0,202.0,0.02,2.8e-05,31901.0,,,,
7287,8000,89386,1.9131,0.0302,3.7002,4.233,0.0127,0.08,4.89,0.92,0.0,1335.0,678,656,1,51,49,0,196.0,0.01,2.8e-05,31889.0,,,,
7288,8000,89402,1.9145,0.0437,3.6759,4.258,0.0097,0.08,4.38,0.93,0.0,1240.0,626,614,0,50,50,0,211.0,0.02,2.8e-05,31912.0,,,,
7289,8000,89419,1.9111,0.0354,3.686,4.241,0.0104,0.08,3.68,0.92,0.0,1316.0,655,657,4,50,50,0,199.0,0.02,2.8e-05,31901.0,,,,
7290,8000,89435,1.9185,0.0288,3.7133,4.15,0.0099,0.08,4.25,0.93,0.0,1259.0,631,627,1,50,50,0,208.0,0.02,2.8e-05,31915.0,,,,
7291,8000,89452,1.9173,0.026,3.7166,4.201,0.009,0.08,5.14,0.93,0.0,1284.0,622,659,3,48,51,0,204.0,0.03,2.8e-05,31906.0,,,,
7292,8000,89468,1.9101,0.0344,3.6855,4.206,0.0115,0.08,3.7,0.93,0.0,1309.0,625,683,1,48,52,0,200.0,0.01,2.8e-05,31910.0,,,,
7293,8000,89485,1.914,0.0254,3.7114,4.211,0.01,0.08,4.56,0.92,0.0,1298.0,670,624,4,52,48,0,202.0,0.01,2.8e-05,31936.0,,,,
7294,8000,89501,1.8888,0.0094,3.6924,4.139,0.0098,0.08,4.28,0.93,0.0,1289.0,641,647,1,50,50,0,203.0,0.01,2.8e-05,31932.0,,,,
7295,8000,89518,1.8574,0.0031,3.6424,4.16,0.011,0.09,3.91,0.93,0.0,1284.0,655,628,1,51,49,0,204.0,0.01,2.8e-05,31929.0,,,,
7296,8000,89534,1.8976,0.0159,3.6972,4.214,0.0101,0.08,5.55,0.93,0.0,1224.0,622,600,2,51,49,0,214.0,0.01,2.8e-05,31933.0,,,,
7297,8000,89550,1.8766,0.0069,3.6731,4.173,0.0097,0.08,4.95,0.93,0.0,1280.0,630,648,2,49,51,0,205.0,0.01,2.8e-05,31926.0,,,,
7298,8000,89567,1.8758,-0.0048,3.6943,4.098,0.0101,0.08,5.12,0.93,0.0,1277.0,648,627,2,51,49,0,205.0,0.01,2.8e-05,31913.0,,,,
7299,8000,89583,1.8654,-0.0004,3.6653,4.167,0.0111,0.08,4.95,0.93,0.0,1246.0,617,625,4,50,50,0,210.0,0.01,2.8e-05,31918.0,251,0,261,49
7300,8000,89615,1.8514,0.0072,3.6223,4.211,0.0138,0.09,4.54,0.93,0.0,1203.0,570,630,3,47,52,0,218.0,0.01,2.8e-05,32051.0,,,,
7301,8000,89632,1.8765,0.0138,3.6594,4.195,0.0119,0.08,5.38,0.93,0.0,1224.0,611,612,1,50,50,0,214.0,0.01,2.8e-05,30771.0,,,,
7302,8000,89649,1.869,-0.0084,3.6884,4.177,0.0103,0.08,7.26,0.93,0.0,1232.0,607,623,2,49,51,0,213.0,0.01,2.8e-05,31924.0,,,,
7303,8000,89665,1.8931,-0.0102,3.7399,4.078,0.0101,0.08,10.43,0.92,0.0,1229.0,622,604,3,51,49,0,213.0,0.01,2.8e-05,31936.0,,,,
7304,8000,89682,1.858,-0.0018,3.6534,4.192,0.0118,0.08,4.09,0.93,0.0,1238.0,624,609,5,50,49,0,212.0,0.01,2.8e-05,31926.0,,,,
7305,8000,89698,1.8819,0.0003,3.6969,4.149,0.0104,0.08,5.93,0.93,0.0,1189.0,587,593,9,49,50,1,220.0,0.02,2.8e-05,31883.0,,,,
7306,8000,89715,1.8821,0.0083,3.6811,4.14,0.0095,0.08,6.26,0.93,0.0,1184.0,563,617,4,48,52,0,221.0,0.02,2.8e-05,31887.0,,,,
7307,8000,89731,1.8845,0.0278,3.6475,4.171,0.0135,0.09,3.99,0.93,0.0,1222.0,619,597,6,51,49,0,215.0,0.02,2.8e-05,31880.0,,,,
7308,8000,89748,1.8883,0.0203,3.67,4.117,0.0114,0.09,4.22,0.93,0.0,1248.0,625,617,6,50,49,0,210.0,0.01,2.8e-05,31896.0,,,,
7309,8000,89764,1.8862,0.0166,3.673,4.109,0.0117,0.09,3.48,0.93,0.0,1253.0,599,651,3,48,52,0,209.0,0.01,2.8e-05,31884.0,,,,
7310,8000,89781,1.888,0.0276,3.6548,4.208,0.0125,0.09,4.1,0.93,0.0,1219.0,594,624,1,49,51,0,215.0,0.01,2.8e-05,31892.0,,,,
7311,8000,89797,1.8872,0.0232,3.6622,4.195,0.0128,0.09,3.98,0.93,0.0,1233.0,631,597,5,51,48,0,213.0,0.01,2.8e-05,31884.0,,,,
7312,8000,89814,1.8772,0.022,3.6443,4.18,0.0113,0.08,4.42,0.93,0.0,1190.0,604,583,3,51,49,0,220.0,0.02,2.8e-05,31932.0,,,,
7313,8000,89830,1.862,0.0188,3.6203,4.172,0.0118,0.08,6.35,0.93,0.0,1205.0,566,636,3,47,53,0,218.0,0.02,2.8e-05,31880.0,,,,
7314,8000,89847,1.8349,-0.0002,3.6047,4.203,0.0111,0.08,3.94,0.93,0.0,1214.0,609,597,8,50,49,1,216.0,0.01,2.8e-05,31872.0,,,,
7315,8000,89863,1.8621,0.0191,3.6204,4.19,0.0108,0.08,4.78,0.93,0.0,1173.0,597,568,8,51,48,1,223.0,0.0,2.8e-05,31887.0,,,,
7316,8000,89880,1.8632,0.0192,3.6222,4.208,0.0098,0.08,5.22,0.94,0.0,1214.0,594,615,5,49,51,0,216.0,0.0,2.8e-05,31873.0,,,,
7317,8000,89896,1.8769,0.0123,3.6634,4.175,0.0106,0.08,5.99,0.93,0.0,1210.0,605,599,6,50,50,0,217.0,0.01,2.8e-05,31871.0,,,,
7318,8000,89913,1.8484,-0.0161,3.6641,4.143,0.0116,0.08,5.3,0.93,0.0,1222.0,576,631,15,47,52,1,215.0,0.0,2.8e-05,31887.0,,,,
7319,8000,89929,1.8686,-0.0032,3.677,4.056,0.0116,0.08,12.31,0.93,0.0,1217.0,571,641,5,47,53,0,215.0,0.0,2.8e-05,31877.0,,,,
7320,8000,89946,1.8647,-0.0201,3.7032,4.072,0.0111,0.08,6.14,0.93,0.0,1266.0,645,613,8,51,48,1,207.0,0.0,2.8e-05,31881.0,,,,
7321,8000,89963,1.8734,-0.0091,3.699,4.172,0.0111,0.08,5.31,0.92,0.0,1168.0,572,594,2,49,51,0,224.0,0.0,2.8e-05,30784.0,,,,
7322,8000,89979,1.9009,0.0061,3.7235,4.162,0.0109,0.08,6.12,0.92,0.0,1207.0,611,592,4,51,49,0,217.0,0.0,2.8e-05,31926.0,,,,
7323,8000,89996,1.8445,-0.0104,3.6439,4.176,0.0109,0.08,7.19,0.93,0.0,1083.0,519,553,11,48,51,1,242.0,0.0,2.8e-05,31944.0,,,,
7324,8000,90012,1.8345,-0.0121,3.6274,4.237,0.013,0.09,4.88,0.93,0.0,1142.0,573,558,11,50,49,1,230.0,0.01,2.8e-05,31951.0,,,,
7325,8000,90029,1.8392,-0.0032,3.6188,4.252,0.0128,0.09,5.1,0.93,0.0,1162.0,541,617,4,47,53,0,226.0,0.02,2.8e-05,32009.0,,,,
7326,8000,90045,1.801,-0.0127,3.5621,4.319,0.0109,0.08,5.09,0.94,0.0,1110.0,565,541,4,51,49,0,236.0,0.02,2.8e-05,31939.0,,,,
7327,8000,90062,1.8101,-0.0103,3.5755,4.391,0.0108,0.08,5.82,0.94,0.0,1108.0,525,577,6,47,52,1,237.0,0.01,2.8e-05,31944.0,,,,
7328,8000,90078,1.8481,-0.0135,3.657,4.212,0.0111,0.09,4.61,0.92,0.0,1162.0,541,615,6,47,53,1,226.0,0.01,2.8e-05,31940.0,,,,
7329,8000,90095,1.8458,0.0,3.6251,4.203,0.012,0.08,8.22,0.93,0.0,1177.0,569,605,3,48,51,0,223.0,0.0,2.8e-05,31936.0,,,,
7330,8000,90111,1.8288,0.0029,3.5858,4.293,0.0122,0.08,5.91,0.93,0.0,1159.0,548,606,5,47,52,0,226.0,0.01,2.8e-05,32010.0,,,,
7331,8000,90128,1.8425,0.0081,3.6037,4.386,0.0114,0.08,6.65,0.93,0.0,1138.0,546,587,5,48,52,0,230.0,0.01,2.8e-05,31950.0,,,,
7332,8000,90144,1.8141,0.0012,3.5603,4.349,0.0113,0.08,5.48,0.94,0.0,1133.0,534,593,6,47,52,1,231.0,0.01,2.8e-05,31941.0,,,,
7333,8000,90161,1.8334,-0.0006,3.6025,4.307,0.0112,0.08,5.36,0.93,0.0,1166.0,543,620,3,47,53,0,225.0,0.01,2.8e-05,31936.0,,,,
7334,8000,90177,1.8272,0.0043,3.5803,4.332,0.013,0.09,4.6,0.93,0.0,1200.0,549,646,5,46,54,0,218.0,0.02,2.8e-05,31938.0,,,,
7335,8000,90194,1.853,0.0204,3.5993,4.265,0.0131,0.08,6.66,0.93,0.0,1113.0,490,614,9,44,55,1,236.0,0.01,2.8e-05,32009.0,,,,
7336,8000,90210,1.8443,0.0039,3.6147,4.226,0.0114,0.08,13.38,0.94,0.0,1167.0,552,607,8,47,52,1,225.0,0.0,2.8e-05,31930.0,,,,
7337,8000,90227,1.7828,-0.0616,3.6219,4.174,0.0094,0.07,6.06,0.92,0.0,1120.0,531,581,8,47,52,1,234.0,0.0,2.8e-05,31949.0,,,,
7338,8000,90243,1.7699,-0.0385,3.55,4.181,0.0128,0.08,5.47,0.93,0.0,1126.0,539,577,10,48,51,1,233.0,0.01,2.8e-05,32007.0,,,,
7339,8000,90259,1.8083,-0.0158,3.5815,4.228,0.0123,0.08,14.83,0.93,0.0,1127.0,539,574,14,48,51,1,233.0,0.01,2.8e-05,31935.0,,,,
7340,8000,90276,1.7753,-0.0219,3.528,4.227,0.014,0.09,4.5,0.93,0.0,1134.0,556,569,9,49,50,1,231.0,0.01,2.8e-05,31922.0,,,,
7341,8000,90293,1.8352,-0.0304,3.665,4.25,0.0133,0.08,4.7,0.91,0.0,1247.0,614,621,12,49,50,1,210.0,0.01,2.8e-05,30746.0,,,,
7342,8000,90310,1.8049,-0.0436,3.6306,4.221,0.0141,0.09,5.66,0.92,0.0,1211.0,584,611,16,48,50,1,216.0,0.0,2.8e-05,31915.0,,,,
7343,8000,90326,1.7917,-0.0314,3.5797,4.238,0.0134,0.09,4.42,0.93,0.0,1210.0,572,628,10,47,52,1,217.0,0.0,2.8e-05,31972.0,,,,
7344,8000,90342,1.8018,-0.0154,3.5682,4.276,0.0104,0.07,4.9,0.93,0.0,1183.0,550,624,9,46,53,1,222.0,0.0,2.8e-05,31862.0,,,,
7345,8000,90359,1.82,-0.017,3.6082,4.329,0.0114,0.08,4.33,0.93,0.0,1209.0,563,638,8,47,53,1,217.0,0.01,2.8e-05,31893.0,,,,
7346,8000,90375,1.792,-0.0244,3.5661,4.234,0.0109,0.08,4.48,0.94,0.0,1218.0,603,612,3,50,50,0,215.0,0.0,2.8e-05,31947.0,,,,
7347,8000,90392,1.844,-0.0125,3.6469,4.255,0.0099,0.07,4.81,0.93,0.0,1284.0,637,639,8,50,50,1,204.0,0.0,2.8e-05,31918.0,,,,
7348,8000,90408,1.8257,0.0085,3.5679,4.198,0.0124,0.09,3.63,0.93,0.0,1243.0,619,620,4,50,50,0,211.0,0.0,2.8e-05,31867.0,,,,
