iteration,total_iterations,elapsed_seconds,loss,pg_loss,vf_loss,entropy,approx_kl,clip_frac,grad_norm,explained_variance,reward,episodes,wins,losses,draws,win_pct,loss_pct,draw_pct,episode_length,cities,lr,sps,eval_wins,eval_losses,eval_draws,eval_win_pct
1,2000,140,1.5269,0.1366,2.4914,6.223,0.0901,0.5,1.42,0.57,0.0,20.0,10,10,0,50,50,0,13107.0,0.03,0.0001,5287.0,,,,
2,2000,165,1.409,0.0173,2.5466,6.216,0.0479,0.43,1.28,0.06,0.0,83.0,49,34,0,59,41,0,3158.0,0.17,0.0001,21957.0,,,,
3,2000,181,1.3798,0.0165,2.5171,6.262,0.0349,0.39,1.24,0.06,0.0,69.0,34,35,0,49,51,0,3799.0,0.33,0.0001,32171.0,,,,
4,2000,197,1.38,0.0146,2.5426,6.323,0.0323,0.41,1.28,0.05,0.0,413.0,40,40,333,10,10,81,635.0,0.5,0.0001,32140.0,,,,
5,2000,214,1.4287,0.0346,2.5933,6.048,0.0258,0.33,1.26,0.08,0.0,123.0,69,45,9,56,37,7,2131.0,0.17,0.0001,32161.0,,,,
6,2000,230,1.3617,0.0126,2.5243,6.199,0.0261,0.37,1.24,0.03,0.0,113.0,37,38,38,33,34,34,2320.0,0.33,0.0001,32116.0,,,,
7,2000,246,1.3348,0.0111,2.4829,6.271,0.0292,0.4,1.22,0.03,0.0,84.0,19,33,32,23,39,38,3121.0,0.55,0.0001,32164.0,,,,
8,2000,263,1.332,0.0078,2.4887,6.254,0.0222,0.35,1.19,0.03,0.0,240.0,26,35,179,11,15,75,1092.0,0.78,0.0001,32156.0,,,,
9,2000,279,1.3563,0.0208,2.5099,6.004,0.0261,0.38,1.22,0.04,0.0,166.0,23,43,100,14,26,60,1579.0,0.65,0.0001,32121.0,,,,
10,2000,296,1.387,0.0088,2.5989,6.022,0.0203,0.31,1.25,0.02,0.0,201.0,49,65,87,24,32,43,1304.0,0.65,0.0001,32111.0,,,,
11,2000,312,1.3986,0.0038,2.6355,6.021,0.0186,0.29,1.28,0.01,0.0,197.0,53,84,60,27,43,30,1331.0,0.96,0.0001,32138.0,,,,
12,2000,328,1.3887,0.0008,2.6266,6.111,0.0187,0.29,1.25,0.01,0.0,304.0,29,104,171,10,34,56,862.0,1.16,0.0001,32125.0,,,,
13,2000,345,1.419,0.0028,2.6794,5.856,0.0169,0.26,1.26,0.01,0.0,219.0,49,128,42,22,58,19,1197.0,0.71,0.0001,32103.0,,,,
14,2000,361,1.3654,0.0028,2.5779,6.005,0.0182,0.31,1.27,0.01,0.0,190.0,37,86,67,19,45,35,1380.0,0.78,0.0001,32123.0,,,,
15,2000,378,1.3437,0.0029,2.538,6.071,0.0198,0.32,1.23,0.02,0.0,178.0,36,56,86,20,31,48,1473.0,0.9,0.0001,32134.0,,,,
16,2000,394,1.339,0.0029,2.5299,6.06,0.0208,0.34,1.21,0.02,0.0,175.0,42,39,94,24,22,54,1498.0,0.98,0.0001,32128.0,,,,
17,2000,410,1.3676,0.0032,2.5839,5.914,0.0193,0.3,1.25,0.02,0.0,219.0,52,53,114,24,24,52,1197.0,0.8,0.0001,32176.0,,,,
18,2000,427,1.3545,0.0013,2.5645,6.01,0.0201,0.31,1.21,0.02,0.0,208.0,63,32,113,30,15,54,1260.0,0.81,0.0001,32182.0,,,,
19,2000,443,1.3816,0.0016,2.6188,5.95,0.017,0.26,1.24,0.01,0.0,223.0,88,41,94,39,18,42,1176.0,0.8,0.0001,32091.0,,,,
20,2000,459,1.3611,0.0013,2.581,5.995,0.016,0.26,1.25,0.02,0.0,183.0,71,33,79,39,18,43,1432.0,0.78,0.0001,32095.0,,,,
21,2000,476,1.3663,0.0025,2.5903,5.902,0.0195,0.29,1.24,0.02,0.0,218.0,62,49,107,28,22,49,1202.0,0.82,0.0001,30914.0,,,,
22,2000,493,1.3562,0.0004,2.5794,5.992,0.0187,0.3,1.24,0.03,0.0,203.0,61,45,97,30,22,48,1291.0,0.8,0.0001,32181.0,,,,
23,2000,509,1.3349,0.0003,2.5393,6.04,0.0182,0.3,1.22,0.04,0.0,183.0,53,31,99,29,17,54,1432.0,0.88,0.0001,32133.0,,,,
24,2000,525,1.3431,-0.0045,2.5665,6.007,0.0167,0.28,1.21,0.06,0.0,181.0,74,23,84,41,13,46,1448.0,0.96,0.0001,32127.0,,,,
25,2000,542,1.3774,-0.0012,2.6278,5.975,0.0137,0.23,1.24,0.09,0.0,218.0,83,47,88,38,22,40,1202.0,1.05,0.0001,32195.0,,,,
26,2000,558,1.3643,0.0015,2.5954,5.855,0.0145,0.25,1.24,0.17,0.0,198.0,72,40,86,36,20,43,1324.0,1.12,0.0001,32175.0,,,,
27,2000,575,1.3529,0.0033,2.5734,5.914,0.0137,0.23,1.24,0.31,0.0,176.0,64,31,81,36,18,46,1489.0,1.14,0.0001,32137.0,,,,
28,2000,591,1.3287,0.0025,2.5288,6.019,0.0144,0.25,1.25,0.39,0.0,157.0,40,35,82,25,22,52,1670.0,1.18,0.0001,32192.0,,,,
29,2000,607,1.3494,-0.0012,2.5797,5.951,0.0129,0.22,1.29,0.39,0.0,203.0,46,54,103,23,27,51,1291.0,1.22,0.0001,32204.0,,,,
30,2000,624,1.3699,-0.0022,2.6219,5.918,0.0128,0.21,1.27,0.38,0.0,236.0,63,63,110,27,27,47,1111.0,1.13,0.0001,32193.0,,,,
31,2000,640,1.3761,-0.0033,2.6382,5.914,0.0114,0.19,1.33,0.44,0.0,237.0,65,75,97,27,32,41,1106.0,1.01,0.0001,32120.0,,,,
32,2000,656,1.3895,-0.0047,2.6688,5.934,0.0117,0.19,1.38,0.49,0.0,233.0,79,80,74,34,34,32,1125.0,0.99,0.0001,32125.0,,,,
33,2000,673,1.3869,-0.0068,2.6705,5.961,0.0103,0.17,1.55,0.58,0.0,223.0,95,54,74,43,24,33,1176.0,0.97,0.0001,32141.0,,,,
34,2000,689,1.3914,-0.0099,2.6878,5.951,0.01,0.16,1.52,0.6,0.0,263.0,98,76,89,37,29,34,997.0,0.88,0.0001,32127.0,,,,
35,2000,705,1.3805,-0.0072,2.6613,5.923,0.01,0.15,1.57,0.64,0.0,253.0,98,60,95,39,24,38,1036.0,0.85,0.0001,32124.0,,,,
36,2000,722,1.3696,-0.0021,2.631,5.978,0.0107,0.16,1.58,0.72,0.0,231.0,67,63,101,29,27,44,1135.0,0.84,0.0001,32115.0,,,,
37,2000,738,1.3591,-0.0003,2.6075,6.002,0.0089,0.13,1.65,0.77,0.0,214.0,60,60,94,28,28,44,1225.0,0.97,0.0001,32127.0,,,,
38,2000,755,1.3587,-0.0037,2.6128,5.95,0.0104,0.16,1.75,0.77,0.0,247.0,57,68,122,23,28,49,1061.0,1.04,0.0001,32101.0,,,,
39,2000,771,1.3547,-0.0006,2.5982,5.942,0.0105,0.16,1.74,0.83,0.0,212.0,54,54,104,25,25,49,1237.0,1.16,0.0001,32176.0,,,,
40,2000,787,1.3406,-0.0033,2.5789,5.999,0.0103,0.16,2.11,0.87,0.0,197.0,52,42,103,26,21,52,1331.0,1.23,0.0001,32116.0,,,,
41,2000,804,1.3266,0.002,2.5457,6.059,0.0101,0.16,2.36,0.91,0.0,162.0,49,23,90,30,14,56,1618.0,1.19,0.0001,30989.0,,,,
42,2000,821,1.3268,-0.0025,2.5578,6.068,0.0116,0.18,2.69,0.91,0.0,182.0,43,27,112,24,15,62,1440.0,1.05,0.0001,32110.0,,,,
43,2000,837,1.3332,-0.0029,2.5735,6.122,0.0107,0.17,2.33,0.89,0.0,184.0,51,31,102,28,17,55,1425.0,1.0,0.0001,32099.0,,,,
44,2000,853,1.3652,-0.0056,2.6411,6.059,0.0113,0.18,2.42,0.82,0.0,226.0,75,43,108,33,19,48,1160.0,0.98,0.0001,32100.0,,,,
45,2000,870,1.4314,-0.0068,2.7699,6.02,0.0092,0.13,2.65,0.75,0.0,282.0,131,71,80,46,25,28,930.0,1.01,0.0001,32112.0,,,,
46,2000,886,1.4322,-0.0091,2.7763,6.028,0.0093,0.14,3.11,0.81,0.0,294.0,131,78,85,45,27,29,892.0,0.97,0.0001,32106.0,,,,
47,2000,903,1.4318,-0.0083,2.7745,5.974,0.0095,0.14,3.0,0.82,0.0,287.0,98,102,87,34,36,30,913.0,0.88,0.0001,32173.0,,,,
48,2000,919,1.5054,-0.0095,2.9222,5.919,0.007,0.09,4.63,0.78,0.0,372.0,132,150,90,35,40,24,705.0,0.79,0.0001,32131.0,,,,
49,2000,935,1.5321,-0.0079,2.9704,5.811,0.0105,0.16,2.41,0.76,0.0,412.0,145,178,89,35,43,22,636.0,0.64,0.0001,32094.0,42,259,211,8
50,2000,967,1.5308,-0.008,2.967,5.774,0.0119,0.18,2.33,0.77,0.0,412.0,161,183,68,39,44,17,636.0,0.6,0.0001,32298.0,,,,
51,2000,983,1.5813,-0.0145,3.0835,5.774,0.0088,0.12,3.77,0.8,0.0,461.0,173,220,68,38,48,15,569.0,0.56,0.0001,32104.0,,,,
52,2000,1000,1.6035,-0.0177,3.1314,5.692,0.0084,0.11,4.83,0.83,0.0,461.0,186,216,59,40,47,13,569.0,0.46,0.0001,32090.0,,,,
53,2000,1016,1.5973,-0.0193,3.1229,5.702,0.0089,0.12,4.04,0.84,0.0,465.0,195,216,54,42,46,12,564.0,0.38,0.0001,32101.0,,,,
54,2000,1032,1.5738,-0.0169,3.0702,5.689,0.0096,0.13,3.13,0.85,0.0,420.0,183,188,49,44,45,12,624.0,0.3,0.0001,32105.0,,,,
55,2000,1049,1.5314,-0.0152,2.9837,5.782,0.0096,0.14,4.47,0.87,0.0,349.0,123,174,52,35,50,15,751.0,0.3,0.0001,32097.0,,,,
56,2000,1065,1.526,-0.0168,2.9757,5.748,0.0075,0.09,6.33,0.85,0.0,351.0,124,167,60,35,48,17,747.0,0.3,0.0001,32101.0,,,,
57,2000,1081,1.4886,-0.0108,2.8882,5.748,0.009,0.12,4.92,0.86,0.0,315.0,110,125,80,35,40,25,832.0,0.32,0.0001,32085.0,,,,
58,2000,1098,1.514,-0.0045,2.9272,5.757,0.0089,0.11,4.14,0.86,0.0,358.0,121,140,97,34,39,27,732.0,0.3,0.0001,32089.0,,,,
59,2000,1114,1.5335,-0.0039,2.9639,5.732,0.0094,0.13,4.49,0.84,0.0,394.0,159,136,99,40,35,25,665.0,0.27,0.0001,32089.0,,,,
60,2000,1131,1.522,-0.0055,2.9439,5.69,0.0086,0.12,4.26,0.85,0.0,376.0,157,135,84,42,36,22,697.0,0.29,0.0001,32108.0,,,,
61,2000,1148,1.5185,0.0048,2.9177,5.637,0.0101,0.14,3.67,0.88,0.0,306.0,123,115,68,40,38,22,857.0,0.34,0.0001,30961.0,,,,
62,2000,1164,1.4483,0.0065,2.7782,5.793,0.0089,0.12,5.45,0.93,0.0,234.0,79,82,73,34,35,31,1120.0,0.44,0.0001,32096.0,,,,
63,2000,1180,1.4792,0.0001,2.8542,5.818,0.0064,0.07,10.24,0.92,0.0,269.0,93,105,71,35,39,26,975.0,0.54,0.0001,32104.0,,,,
64,2000,1197,1.5068,0.0039,2.9019,5.739,0.0097,0.14,6.74,0.91,0.0,332.0,97,138,97,29,42,29,790.0,0.57,0.0001,32091.0,,,,
65,2000,1213,1.5409,-0.0069,2.9922,5.637,0.0076,0.09,7.58,0.91,0.0,373.0,96,163,114,26,44,31,703.0,0.5,0.0001,32091.0,,,,
66,2000,1230,1.581,-0.0087,3.0723,5.613,0.0112,0.16,3.98,0.89,0.0,445.0,135,242,68,30,54,15,589.0,0.47,0.0001,32090.0,,,,
67,2000,1246,1.5535,-0.0163,3.0326,5.613,0.011,0.16,4.27,0.9,0.0,397.0,139,188,70,35,47,18,660.0,0.57,0.0001,32086.0,,,,
68,2000,1262,1.5767,-0.0236,3.0936,5.562,0.01,0.14,4.85,0.89,0.0,445.0,133,238,74,30,53,17,589.0,0.58,0.0001,32110.0,,,,
69,2000,1279,1.5868,-0.0263,3.1175,5.508,0.0106,0.15,4.79,0.89,0.0,460.0,148,234,78,32,51,17,570.0,0.56,0.0001,32147.0,,,,
70,2000,1295,1.5548,-0.025,3.0521,5.511,0.0092,0.13,5.51,0.89,0.0,430.0,123,228,79,29,53,18,610.0,0.54,0.0001,32056.0,,,,
71,2000,1312,1.5179,-0.016,2.9593,5.5,0.0107,0.15,4.92,0.89,0.0,341.0,104,181,56,30,53,16,769.0,0.64,0.0001,32083.0,,,,
72,2000,1328,1.5101,-0.0113,2.9362,5.524,0.0121,0.17,3.58,0.89,0.0,372.0,139,159,74,37,43,20,705.0,0.66,0.0001,32115.0,,,,
73,2000,1344,1.5234,-0.0075,2.9555,5.566,0.0103,0.14,5.82,0.92,0.0,332.0,155,122,55,47,37,17,790.0,0.68,0.0001,32156.0,,,,
74,2000,1361,1.5048,-0.0052,2.9144,5.545,0.0108,0.14,4.17,0.93,0.0,346.0,179,100,67,52,29,19,758.0,0.69,0.0001,32081.0,,,,
75,2000,1377,1.5292,-0.0069,2.9643,5.508,0.0094,0.12,6.79,0.95,0.0,327.0,202,82,43,62,25,13,802.0,0.67,0.0001,32178.0,,,,
76,2000,1394,1.5404,-0.006,2.9823,5.448,0.0098,0.13,5.06,0.95,0.0,365.0,252,45,68,69,12,19,718.0,0.61,0.0001,32121.0,,,,
77,2000,1410,1.579,-0.0009,3.0482,5.421,0.0091,0.12,5.47,0.95,0.0,411.0,299,60,52,73,15,13,638.0,0.56,0.0001,32074.0,,,,
78,2000,1426,1.5744,-0.0153,3.0667,5.386,0.008,0.1,7.09,0.96,0.0,397.0,289,58,50,73,15,13,660.0,0.55,0.0001,32151.0,,,,
79,2000,1443,1.6092,-0.0303,3.1653,5.321,0.007,0.09,8.36,0.95,0.0,461.0,327,88,46,71,19,10,569.0,0.52,0.0001,32131.0,,,,
80,2000,1459,1.608,-0.0452,3.192,5.281,0.0088,0.11,8.95,0.96,0.0,467.0,297,129,41,64,28,9,561.0,0.56,0.0001,32175.0,,,,
81,2000,1476,1.6509,-0.0222,3.2325,5.188,0.0092,0.13,6.88,0.95,0.0,387.0,238,110,39,61,28,10,677.0,0.61,0.0001,30926.0,,,,
82,2000,1493,1.5832,-0.0321,3.1211,5.371,0.006,0.06,12.92,0.97,0.0,243.0,132,81,30,54,33,12,1079.0,0.6,0.0001,32072.0,,,,
83,2000,1509,1.5999,-0.0173,3.1287,5.537,0.006,0.06,16.29,0.97,0.0,228.0,114,63,51,50,28,22,1150.0,0.85,0.0001,32134.0,,,,
84,2000,1525,1.5312,-0.0142,2.9879,5.57,0.0068,0.08,15.64,0.97,0.0,198.0,83,62,53,42,31,27,1324.0,1.1,0.0001,32085.0,,,,
85,2000,1542,1.5508,-0.0078,3.0157,5.505,0.0059,0.06,18.43,0.97,0.0,271.0,103,44,124,38,16,46,967.0,1.07,0.0001,32145.0,,,,
86,2000,1558,1.5359,-0.0042,2.9764,5.423,0.0099,0.14,7.58,0.95,0.0,284.0,120,77,87,42,27,31,923.0,0.87,0.0001,32075.0,,,,
87,2000,1575,1.5713,0.0179,2.9994,5.39,0.01,0.14,7.85,0.94,0.0,300.0,123,97,80,41,32,27,874.0,0.75,0.0001,32070.0,,,,
88,2000,1591,1.5547,0.0188,2.9655,5.424,0.0101,0.13,8.16,0.95,0.0,273.0,122,83,68,45,30,25,960.0,0.77,0.0001,32075.0,,,,
89,2000,1607,1.576,0.0253,2.9943,5.401,0.0101,0.14,8.45,0.94,0.0,318.0,128,121,69,40,38,22,824.0,0.79,0.0001,32079.0,,,,
90,2000,1624,1.5952,0.0257,3.0292,5.319,0.011,0.15,6.41,0.93,0.0,386.0,149,155,82,39,40,21,679.0,0.82,0.0001,32062.0,,,,
91,2000,1640,1.6441,0.0216,3.1321,5.218,0.0125,0.17,7.14,0.93,0.0,436.0,164,186,86,38,43,20,601.0,0.89,0.0001,32129.0,,,,
92,2000,1657,1.6721,0.0229,3.1826,5.061,0.0107,0.15,5.84,0.92,0.0,447.0,190,188,69,43,42,15,586.0,0.92,0.0001,32083.0,,,,
93,2000,1673,1.6487,0.0222,3.1382,5.077,0.0098,0.13,6.35,0.93,0.0,442.0,175,210,57,40,48,13,593.0,1.04,0.0001,32086.0,,,,
94,2000,1689,1.669,0.023,3.1785,5.064,0.0107,0.15,5.49,0.92,0.0,503.0,202,242,59,40,48,12,521.0,1.11,0.0001,32129.0,,,,
95,2000,1706,1.7297,0.0182,3.3103,5.122,0.0099,0.14,5.37,0.9,0.0,573.0,247,277,49,43,48,9,457.0,0.95,0.0001,32071.0,,,,
96,2000,1722,1.7566,0.011,3.3802,5.128,0.0105,0.15,4.21,0.89,0.0,646.0,280,311,55,43,48,9,406.0,0.74,0.0001,32075.0,,,,
97,2000,1739,1.7646,0.0112,3.3965,5.085,0.0112,0.16,3.87,0.89,0.0,632.0,285,313,34,45,50,5,415.0,0.58,0.0001,32143.0,,,,
98,2000,1755,1.7833,0.0038,3.4487,5.103,0.0091,0.13,5.13,0.91,0.0,647.0,314,308,25,49,48,4,405.0,0.6,0.0001,32085.0,,,,
99,2000,1771,1.763,0.0084,3.3989,5.105,0.011,0.15,3.97,0.91,0.0,620.0,285,299,36,46,48,6,423.0,0.56,0.0001,32150.0,154,119,239,30
100,2000,1803,1.7346,-0.0062,3.3709,5.046,0.0105,0.15,5.68,0.92,0.0,588.0,277,271,40,47,46,7,446.0,0.54,0.0001,32203.0,,,,
101,2000,1820,1.7088,-0.0084,3.3253,5.078,0.0091,0.12,6.95,0.91,0.0,411.0,172,194,45,42,47,11,638.0,0.56,0.0001,31027.0,,,,
102,2000,1836,1.6003,-0.0093,3.1121,5.219,0.0091,0.12,8.7,0.93,0.0,299.0,95,151,53,32,51,18,877.0,0.6,0.0001,32126.0,,,,
103,2000,1852,1.5828,0.0014,3.0571,5.303,0.0098,0.13,8.34,0.93,0.0,328.0,98,176,54,30,54,16,799.0,0.66,0.0001,32201.0,,,,
104,2000,1869,1.5352,0.0106,2.9436,5.317,0.0102,0.14,7.8,0.94,0.0,265.0,73,139,53,28,52,20,989.0,0.82,0.0001,32113.0,,,,
105,2000,1885,1.5221,0.0306,2.8861,5.312,0.0094,0.13,5.91,0.95,0.0,341.0,66,158,117,19,46,34,769.0,0.88,0.0001,32122.0,,,,
106,2000,1902,1.5548,0.0368,2.9318,5.263,0.0092,0.12,9.79,0.95,0.0,266.0,81,108,77,30,41,29,986.0,0.94,0.0001,32107.0,,,,
107,2000,1918,1.5462,0.0385,2.915,5.26,0.008,0.1,8.47,0.94,0.0,299.0,102,107,90,34,36,30,877.0,1.01,0.0001,32121.0,,,,
108,2000,1934,1.5702,0.0266,2.984,5.211,0.011,0.16,6.57,0.93,0.0,343.0,165,87,91,48,25,27,764.0,1.0,0.0001,32122.0,,,,
109,2000,1951,1.5804,0.0331,2.9924,5.239,0.0107,0.15,7.62,0.93,0.0,322.0,160,80,82,50,25,25,814.0,0.9,0.0001,32140.0,,,,
110,2000,1967,1.5644,0.0257,2.9727,5.248,0.0121,0.16,5.66,0.93,0.0,321.0,171,92,58,53,29,18,817.0,0.89,0.0001,32131.0,,,,
111,2000,1984,1.5872,0.0407,2.9861,5.15,0.012,0.17,5.1,0.93,0.0,321.0,164,105,52,51,33,16,817.0,0.74,0.0001,32123.0,,,,
112,2000,2000,1.5908,0.0382,3.0001,5.257,0.0092,0.12,8.99,0.93,0.0,326.0,182,84,60,56,26,18,804.0,0.68,0.0001,32122.0,,,,
113,2000,2016,1.6497,0.0571,3.0776,5.176,0.0094,0.13,6.14,0.91,0.0,401.0,191,133,77,48,33,19,654.0,0.57,0.0001,32115.0,,,,
114,2000,2033,1.6327,0.0521,3.0566,5.212,0.011,0.16,5.14,0.93,0.0,397.0,184,139,74,46,35,19,660.0,0.52,0.0001,32170.0,,,,
115,2000,2049,1.7046,0.0431,3.22,5.175,0.0108,0.15,6.09,0.92,0.0,551.0,245,217,89,44,39,16,476.0,0.43,0.0001,32120.0,,,,
116,2000,2065,1.6969,0.0379,3.2135,5.175,0.0108,0.14,3.95,0.91,0.0,545.0,237,247,61,43,45,11,481.0,0.35,0.0001,32117.0,,,,
117,2000,2082,1.7196,0.0288,3.2785,5.197,0.0108,0.15,4.81,0.91,0.0,603.0,244,288,71,40,48,12,435.0,0.31,0.0001,32125.0,,,,
118,2000,2098,1.7593,0.0309,3.3535,5.134,0.0107,0.15,4.64,0.91,0.0,638.0,276,302,60,43,47,9,411.0,0.31,0.0001,32101.0,,,,
119,2000,2115,1.6908,0.0114,3.2561,5.124,0.0097,0.13,4.41,0.93,0.0,566.0,206,294,66,36,52,12,463.0,0.33,0.0001,32117.0,,,,
120,2000,2131,1.6992,0.0124,3.2677,5.051,0.01,0.14,4.53,0.91,0.0,570.0,229,283,58,40,50,10,460.0,0.34,0.0001,32110.0,,,,
121,2000,2148,1.7244,0.0218,3.3014,5.189,0.0092,0.12,5.3,0.88,0.0,482.0,191,224,67,40,46,14,544.0,0.38,0.0001,30982.0,,,,
122,2000,2164,1.5855,0.0123,3.0421,5.28,0.0074,0.09,7.52,0.92,0.0,284.0,102,107,75,36,38,26,923.0,0.51,0.0001,32150.0,,,,
123,2000,2181,1.6116,0.0107,3.0967,5.251,0.0071,0.09,6.87,0.91,0.0,358.0,153,129,76,43,36,21,732.0,0.64,0.0001,32126.0,,,,
124,2000,2197,1.5832,0.005,3.0517,5.255,0.008,0.1,6.54,0.92,0.0,341.0,136,139,66,40,41,19,769.0,0.79,0.0001,32105.0,,,,
125,2000,2214,1.6421,0.0068,3.1665,5.188,0.0085,0.11,7.63,0.9,0.0,526.0,205,198,123,39,38,23,498.0,0.7,0.0001,32119.0,,,,
126,2000,2230,1.7009,0.0142,3.2672,5.006,0.0095,0.13,8.18,0.9,0.0,570.0,265,236,69,46,41,12,460.0,0.63,0.0001,32113.0,,,,
127,2000,2246,1.6974,0.0168,3.2536,4.93,0.0072,0.09,11.4,0.92,0.0,482.0,234,188,60,49,39,12,544.0,0.66,0.0001,32099.0,,,,
128,2000,2263,1.6349,0.0069,3.1509,4.891,0.0092,0.12,9.37,0.94,0.0,451.0,198,170,83,44,38,18,581.0,0.62,0.0001,32181.0,,,,
129,2000,2279,1.6348,-0.0042,3.1682,4.87,0.008,0.1,10.32,0.94,0.0,430.0,198,171,61,46,40,14,610.0,0.66,0.0001,32166.0,,,,
130,2000,2295,1.6439,-0.0121,3.2035,4.788,0.0097,0.13,10.71,0.94,0.0,450.0,198,167,85,44,37,19,583.0,0.65,0.0001,32103.0,,,,
131,2000,2312,1.6328,-0.0347,3.2259,4.766,0.0094,0.12,10.11,0.94,0.0,466.0,204,172,90,44,37,19,563.0,0.67,0.0001,32102.0,,,,
132,2000,2328,1.7077,-0.0304,3.3614,4.614,0.0096,0.12,12.94,0.95,0.0,509.0,246,185,78,48,36,15,515.0,0.63,0.0001,32095.0,,,,
133,2000,2345,1.7177,-0.0353,3.3862,4.471,0.0112,0.14,9.79,0.93,0.0,575.0,269,238,68,47,41,12,456.0,0.6,0.0001,32093.0,,,,
134,2000,2361,1.7199,-0.0318,3.386,4.563,0.0102,0.13,13.16,0.95,0.0,517.0,265,200,52,51,39,10,507.0,0.61,0.0001,32089.0,,,,
135,2000,2377,1.7227,-0.0302,3.3868,4.559,0.01,0.13,12.43,0.94,0.0,572.0,288,222,62,50,39,11,458.0,0.58,0.0001,32095.0,,,,
136,2000,2394,1.7351,-0.0234,3.3999,4.547,0.0119,0.15,9.67,0.94,0.0,610.0,319,245,46,52,40,8,430.0,0.43,0.0001,32110.0,,,,
137,2000,2410,1.7401,-0.0125,3.3918,4.62,0.0117,0.15,8.1,0.94,0.0,586.0,301,246,39,51,42,7,447.0,0.35,0.0001,32166.0,,,,
138,2000,2426,1.7521,-0.0115,3.4153,4.676,0.0105,0.13,10.96,0.94,0.0,580.0,300,242,38,52,42,7,452.0,0.35,0.0001,32117.0,,,,
139,2000,2443,1.7212,-0.0045,3.3406,4.717,0.0121,0.16,7.93,0.94,0.0,577.0,311,220,46,54,38,8,454.0,0.34,0.0001,32129.0,,,,
140,2000,2459,1.7452,0.0013,3.3767,4.677,0.0126,0.17,9.55,0.94,0.0,568.0,305,227,36,54,40,6,462.0,0.33,0.0001,32089.0,,,,
141,2000,2476,1.7172,-0.0037,3.3378,4.855,0.0138,0.18,7.76,0.93,0.0,432.0,229,157,46,53,36,11,607.0,0.3,0.0001,31029.0,,,,
142,2000,2493,1.6326,-0.0157,3.194,5.041,0.0108,0.14,10.06,0.93,0.0,289.0,161,87,41,56,30,14,907.0,0.37,0.0001,32094.0,,,,
143,2000,2509,1.6076,0.0039,3.1059,5.02,0.0135,0.19,7.7,0.92,0.0,301.0,146,108,47,49,36,16,871.0,0.56,0.0001,32118.0,,,,
144,2000,2525,1.6326,-0.0044,3.1707,4.941,0.0137,0.19,7.52,0.91,0.0,361.0,182,130,49,50,36,14,726.0,0.69,0.0001,32086.0,,,,
145,2000,2542,1.6394,-0.0048,3.1842,4.822,0.0158,0.21,5.38,0.89,0.0,423.0,196,155,72,46,37,17,620.0,0.58,0.0001,32063.0,,,,
146,2000,2558,1.6292,-0.0153,3.1855,4.848,0.0128,0.18,6.7,0.9,0.0,409.0,183,172,54,45,42,13,641.0,0.48,0.0001,32116.0,,,,
147,2000,2575,1.6594,-0.0123,3.241,4.895,0.0143,0.2,5.88,0.91,0.0,453.0,205,203,45,45,45,10,579.0,0.47,0.0001,32050.0,,,,
148,2000,2591,1.6861,-0.0063,3.2821,4.787,0.0128,0.17,7.06,0.91,0.0,447.0,219,181,47,49,40,11,586.0,0.49,0.0001,32061.0,,,,
149,2000,2607,1.6705,-0.013,3.2594,4.711,0.0101,0.13,8.16,0.92,0.0,456.0,220,193,43,48,42,9,575.0,0.54,0.0001,32125.0,292,64,156,57
150,2000,2639,1.7238,-0.0058,3.3474,4.617,0.0095,0.12,12.92,0.92,0.0,495.0,240,206,49,48,42,10,530.0,0.57,0.0001,32201.0,,,,
151,2000,2655,1.7263,-0.0194,3.3746,4.321,0.0096,0.13,12.59,0.93,0.0,546.0,293,204,49,54,37,9,480.0,0.56,0.0001,32110.0,,,,
152,2000,2672,1.7711,-0.0023,3.4314,4.399,0.0095,0.12,17.24,0.94,0.0,582.0,325,209,48,56,36,8,450.0,0.52,0.0001,32160.0,,,,
153,2000,2688,1.839,-0.003,3.5669,4.293,0.0088,0.11,16.94,0.94,0.0,679.0,393,249,37,58,37,5,386.0,0.46,0.0001,32082.0,,,,
154,2000,2704,1.8041,-0.0007,3.4931,4.301,0.0095,0.13,17.11,0.95,0.0,658.0,386,238,34,59,36,5,398.0,0.43,0.0001,32110.0,,,,
155,2000,2721,1.7841,-0.0159,3.4819,4.277,0.0106,0.14,13.82,0.95,0.0,676.0,403,239,34,60,35,5,388.0,0.4,0.0001,32105.0,,,,
156,2000,2737,1.8272,0.0039,3.5284,4.22,0.0112,0.15,15.97,0.94,0.0,687.0,422,228,37,61,33,5,382.0,0.35,0.0001,32054.0,,,,
157,2000,2754,1.8225,0.0028,3.5184,4.187,0.0077,0.1,25.59,0.95,0.0,615.0,362,222,31,59,36,5,426.0,0.39,0.0001,32115.0,,,,
158,2000,2770,1.8261,-0.0023,3.5344,4.137,0.0097,0.13,18.82,0.95,0.0,582.0,359,193,30,62,33,5,450.0,0.4,0.0001,32155.0,,,,
159,2000,2786,1.8332,0.0189,3.5047,4.154,0.0094,0.12,23.38,0.96,0.0,551.0,314,209,28,57,38,5,476.0,0.47,0.0001,32068.0,,,,
160,2000,2803,1.8159,0.0016,3.5073,4.16,0.0095,0.12,24.04,0.96,0.0,584.0,324,213,47,55,36,8,449.0,0.51,0.0001,32105.0,,,,
161,2000,2820,1.8288,0.0115,3.5202,4.354,0.016,0.2,11.39,0.94,0.0,487.0,242,212,33,50,44,7,538.0,0.47,0.0001,30947.0,,,,
162,2000,2836,1.7222,0.0167,3.2991,4.391,0.0151,0.19,8.29,0.95,0.0,427.0,203,177,47,48,41,11,614.0,0.52,0.0001,32124.0,,,,
163,2000,2852,1.703,0.0117,3.2746,4.617,0.0142,0.19,8.26,0.95,0.0,390.0,219,138,33,56,35,8,672.0,0.55,0.0001,32090.0,,,,
164,2000,2869,1.7066,0.0097,3.2871,4.508,0.0139,0.18,8.78,0.95,0.0,481.0,266,165,50,55,34,10,545.0,0.41,0.0001,32083.0,,,,
165,2000,2885,1.6965,-0.0061,3.2944,4.505,0.0108,0.15,10.12,0.95,0.0,454.0,256,153,45,56,34,10,577.0,0.37,0.0001,32078.0,,,,
166,2000,2902,1.6789,-0.0188,3.2837,4.526,0.0106,0.15,12.25,0.95,0.0,450.0,229,189,32,51,42,7,583.0,0.36,0.0001,32119.0,,,,
167,2000,2918,1.7407,-0.0215,3.4089,4.394,0.012,0.16,14.03,0.94,0.0,497.0,236,228,33,47,46,7,527.0,0.36,0.0001,32113.0,,,,
168,2000,2934,1.7743,-0.022,3.4728,4.164,0.0113,0.15,15.92,0.94,0.0,554.0,264,250,40,48,45,7,473.0,0.34,0.0001,32103.0,,,,
169,2000,2951,1.7917,-0.0259,3.5141,4.057,0.0111,0.15,16.13,0.93,0.0,611.0,258,306,47,42,50,8,429.0,0.32,0.0001,32075.0,,,,
170,2000,2967,1.8421,-0.0029,3.5682,4.038,0.0142,0.19,15.69,0.94,0.0,675.0,301,338,36,45,50,5,388.0,0.31,0.0001,32117.0,,,,
171,2000,2984,1.8811,0.0155,3.6094,4.047,0.0116,0.16,17.82,0.95,0.0,734.0,339,353,42,46,48,6,357.0,0.29,0.0001,32146.0,,,,
172,2000,3000,1.8848,0.0087,3.6308,4.067,0.0124,0.16,14.92,0.94,0.0,760.0,360,347,53,47,46,7,345.0,0.25,0.0001,32124.0,,,,
173,2000,3016,1.8725,-0.018,3.6564,3.938,0.0097,0.13,17.37,0.94,0.0,766.0,382,352,32,50,46,4,342.0,0.23,0.0001,32088.0,,,,
174,2000,3033,1.8892,-0.0023,3.6561,3.835,0.0134,0.17,14.75,0.94,0.0,776.0,411,344,21,53,44,3,338.0,0.19,0.0001,32099.0,,,,
175,2000,3049,1.8607,-0.0211,3.6389,3.891,0.0087,0.11,17.03,0.95,0.0,795.0,409,357,29,51,45,4,330.0,0.18,0.0001,32075.0,,,,
176,2000,3066,1.8487,-0.0381,3.649,3.881,0.0137,0.18,14.97,0.94,0.0,751.0,408,318,25,54,42,3,349.0,0.19,0.0001,32095.0,,,,
177,2000,3082,1.8698,-0.041,3.6963,3.821,0.0145,0.18,18.41,0.95,0.0,774.0,418,322,34,54,42,4,339.0,0.15,0.0001,32063.0,,,,
178,2000,3098,1.8999,-0.0416,3.756,3.809,0.0089,0.11,25.44,0.95,0.0,817.0,426,372,19,52,46,2,321.0,0.12,0.0001,32152.0,,,,
179,2000,3115,1.9263,-0.0103,3.7472,3.874,0.0121,0.15,22.75,0.94,0.0,827.0,434,370,23,52,45,3,317.0,0.11,0.0001,32140.0,,,,
180,2000,3131,1.8932,0.006,3.6514,4.023,0.0136,0.18,15.47,0.95,0.0,744.0,382,347,15,51,47,2,352.0,0.09,0.0001,32125.0,,,,
181,2000,3148,1.9767,0.0146,3.8093,4.187,0.0219,0.26,10.25,0.91,0.0,679.0,340,307,32,50,45,5,386.0,0.11,0.0001,30908.0,,,,
182,2000,3165,1.8324,-0.0176,3.5827,4.187,0.0174,0.22,7.65,0.9,0.0,606.0,299,280,27,49,46,4,433.0,0.12,0.0001,32054.0,,,,
183,2000,3181,1.8332,-0.0161,3.5778,4.072,0.015,0.19,12.92,0.91,0.0,637.0,334,282,21,52,44,3,412.0,0.13,0.0001,32049.0,,,,
184,2000,3197,1.7878,-0.0386,3.5332,4.074,0.0139,0.18,12.43,0.92,0.0,665.0,352,286,27,53,43,4,394.0,0.18,0.0001,32050.0,,,,
185,2000,3214,1.8339,-0.0109,3.5737,4.109,0.0143,0.19,12.85,0.92,0.0,712.0,357,307,48,50,43,7,368.0,0.19,0.0001,32063.0,,,,
186,2000,3230,1.7683,-0.0142,3.4514,4.307,0.0147,0.19,12.64,0.94,0.0,574.0,277,268,29,48,47,5,457.0,0.18,0.0001,32046.0,,,,
187,2000,3247,1.7759,-0.0159,3.4692,4.276,0.011,0.14,15.65,0.94,0.0,616.0,292,296,28,47,48,5,426.0,0.2,0.0001,32040.0,,,,
188,2000,3263,1.778,-0.0247,3.4908,4.243,0.0116,0.15,11.89,0.94,0.0,654.0,340,276,38,52,42,6,401.0,0.2,0.0001,32066.0,,,,
189,2000,3280,1.7285,-0.0335,3.4068,4.149,0.0104,0.14,15.66,0.95,0.0,626.0,289,292,45,46,47,7,419.0,0.18,0.0001,32127.0,,,,
190,2000,3296,1.7516,-0.025,3.435,4.16,0.0123,0.16,14.01,0.95,0.0,624.0,280,305,39,45,49,6,420.0,0.19,0.0001,32067.0,,,,
191,2000,3312,1.7329,-0.0102,3.3678,4.122,0.0111,0.14,15.39,0.96,0.0,613.0,256,321,36,42,52,6,428.0,0.27,0.0001,32051.0,,,,
192,2000,3329,1.7517,-0.0141,3.4112,4.065,0.0112,0.15,17.38,0.96,0.0,660.0,292,326,42,44,49,6,397.0,0.27,0.0001,32054.0,,,,
193,2000,3345,1.7679,0.0089,3.3979,4.198,0.0097,0.12,21.65,0.96,0.0,690.0,303,337,50,44,49,7,380.0,0.26,0.0001,32069.0,,,,
194,2000,3362,1.7723,0.0054,3.414,4.208,0.0135,0.17,18.11,0.96,0.0,650.0,277,329,44,43,51,7,403.0,0.25,0.0001,32057.0,,,,
195,2000,3378,1.7947,0.0037,3.4616,4.19,0.0128,0.17,20.16,0.96,0.0,686.0,311,330,45,45,48,7,382.0,0.22,0.0001,32063.0,,,,
196,2000,3395,1.8107,-0.0022,3.5058,4.258,0.0084,0.11,25.58,0.95,0.0,718.0,367,318,33,51,44,5,365.0,0.21,0.0001,32067.0,,,,
197,2000,3411,1.8727,0.0141,3.5958,4.21,0.009,0.11,27.35,0.95,0.0,798.0,408,350,40,51,44,5,329.0,0.17,0.0001,32059.0,,,,
198,2000,3427,1.9137,0.0082,3.6873,4.108,0.0144,0.18,21.81,0.95,0.0,856.0,424,388,44,50,45,5,306.0,0.15,0.0001,32057.0,,,,
199,2000,3444,1.9141,0.0163,3.6745,4.225,0.0149,0.18,20.69,0.95,0.0,848.0,452,376,20,53,44,2,309.0,0.13,0.0001,32065.0,391,44,77,76
200,2000,3568,2.0681,0.0323,3.9463,3.878,0.0203,0.23,14.65,0.9,0.0,736.0,461,275,0,63,37,0,356.0,0.02,0.0001,4818.0,,,,
201,2000,3585,1.9853,0.0698,3.7066,4.065,0.0183,0.2,19.93,0.94,0.0,744.0,447,297,0,60,40,0,352.0,0.04,0.0001,30942.0,,,,
202,2000,3601,1.7216,-0.0333,3.3954,4.461,0.0202,0.24,8.92,0.95,0.0,453.0,255,198,0,56,44,0,579.0,0.1,0.0001,32121.0,,,,
203,2000,3618,1.6936,-0.0327,3.3423,4.707,0.0184,0.23,7.0,0.94,0.0,428.0,201,201,26,47,47,6,612.0,0.29,0.0001,32107.0,,,,
204,2000,3634,1.7194,-0.0154,3.3574,4.613,0.0172,0.21,8.46,0.95,0.0,469.0,170,288,11,36,61,2,559.0,0.43,0.0001,32132.0,,,,
205,2000,3650,1.7576,-0.02,3.4324,4.253,0.0163,0.2,7.22,0.96,0.0,674.0,267,331,76,40,49,11,389.0,0.5,0.0001,32169.0,,,,
206,2000,3667,1.7895,-0.0316,3.5259,4.361,0.0141,0.18,8.91,0.95,0.0,722.0,311,353,58,43,49,8,363.0,0.37,0.0001,32121.0,,,,
207,2000,3683,1.8003,-0.0238,3.5331,4.42,0.0165,0.2,6.28,0.95,0.0,743.0,296,424,23,40,57,3,353.0,0.26,0.0001,32087.0,,,,
208,2000,3700,1.8317,-0.0132,3.5765,4.45,0.0144,0.18,7.95,0.95,0.0,781.0,338,412,31,43,53,4,336.0,0.21,0.0001,32115.0,,,,
209,2000,3716,1.7892,-0.023,3.5109,4.476,0.0143,0.18,7.1,0.95,0.0,792.0,347,434,11,44,55,1,331.0,0.2,0.0001,32113.0,,,,
210,2000,3732,1.8085,-0.0147,3.5328,4.508,0.0148,0.18,6.46,0.94,0.0,856.0,428,411,17,50,48,2,306.0,0.21,0.0001,32114.0,,,,
211,2000,3749,1.8228,-0.0137,3.5581,4.465,0.0169,0.2,6.89,0.94,0.0,951.0,508,414,29,53,44,3,276.0,0.17,0.0001,32102.0,,,,
212,2000,3765,1.8622,-0.0097,3.6265,4.384,0.0118,0.14,10.94,0.95,0.0,1015.0,523,476,16,52,47,2,258.0,0.13,0.0001,32110.0,,,,
213,2000,3782,1.9121,-0.0052,3.7115,3.994,0.0121,0.15,11.63,0.94,0.0,1066.0,549,505,12,52,47,1,246.0,0.11,0.0001,32094.0,,,,
214,2000,3798,1.8961,-0.0083,3.6817,3.823,0.0139,0.17,12.6,0.94,0.0,1075.0,522,544,9,49,51,1,244.0,0.07,0.0001,32123.0,,,,
215,2000,3814,1.8993,-0.0049,3.6818,3.81,0.0119,0.16,16.3,0.94,0.0,1016.0,513,496,7,50,49,1,258.0,0.05,0.0001,32122.0,,,,
216,2000,3831,1.9067,-0.0139,3.7162,3.886,0.0103,0.13,15.96,0.94,0.0,924.0,413,507,4,45,55,0,284.0,0.05,0.0001,32117.0,,,,
217,2000,3847,1.9109,0.0083,3.682,4.001,0.0134,0.17,15.57,0.94,0.0,915.0,396,518,1,43,57,0,286.0,0.04,0.0001,32116.0,,,,
218,2000,3863,1.8387,-0.0492,3.6525,3.987,0.011,0.14,17.21,0.94,0.0,842.0,366,472,4,43,56,0,311.0,0.05,0.0001,32102.0,,,,
219,2000,3880,1.8593,-0.0252,3.6482,4.103,0.0119,0.16,17.59,0.93,0.0,752.0,386,360,6,51,48,1,349.0,0.11,0.0001,32123.0,,,,
220,2000,3896,1.91,-0.0161,3.7301,4.073,0.0112,0.14,27.31,0.93,0.0,774.0,365,385,24,47,50,3,339.0,0.23,0.0001,32108.0,,,,
221,2000,3913,1.8412,0.0144,3.5402,4.332,0.0177,0.21,10.55,0.93,0.0,715.0,302,371,42,42,52,6,367.0,0.34,0.0001,30894.0,,,,
222,2000,3930,1.8473,-0.0222,3.6197,4.107,0.0155,0.19,14.24,0.92,0.0,785.0,371,380,34,47,48,4,334.0,0.37,0.0001,32075.0,,,,
223,2000,3946,1.7968,-0.0613,3.5934,3.937,0.0099,0.13,23.02,0.92,0.0,861.0,359,470,32,42,55,4,304.0,0.34,0.0001,32096.0,,,,
224,2000,3963,1.7954,-0.0687,3.6043,3.764,0.0121,0.15,15.95,0.93,0.0,958.0,443,474,41,46,49,4,274.0,0.18,0.0001,32076.0,,,,
225,2000,3979,1.7916,-0.0784,3.6111,3.513,0.012,0.15,17.94,0.93,0.0,992.0,521,439,32,53,44,3,264.0,0.04,0.0001,32090.0,,,,
226,2000,3995,1.8694,-0.0226,3.6506,3.38,0.0097,0.12,26.94,0.93,0.0,961.0,476,475,10,50,49,1,273.0,0.03,0.0001,32097.0,,,,
227,2000,4012,1.7742,-0.0334,3.4814,3.378,0.0087,0.1,27.86,0.94,0.0,762.0,328,422,12,43,55,2,344.0,0.03,0.0001,32163.0,,,,
228,2000,4028,1.8429,-0.0221,3.5992,3.515,0.0097,0.12,25.51,0.93,0.0,781.0,354,415,12,45,53,2,336.0,0.05,0.0001,32089.0,,,,
229,2000,4045,1.9058,0.0163,3.6517,3.728,0.014,0.16,25.55,0.93,0.0,792.0,336,448,8,42,57,1,331.0,0.1,0.0001,32108.0,,,,
230,2000,4061,1.9114,0.008,3.6811,3.646,0.0063,0.08,36.0,0.93,0.0,828.0,313,472,43,38,57,5,317.0,0.19,0.0001,32095.0,,,,
231,2000,4078,1.9145,0.0151,3.6752,3.75,0.0162,0.19,24.27,0.94,0.0,849.0,325,492,32,38,58,4,309.0,0.3,0.0001,32109.0,,,,
232,2000,4094,1.8909,0.0276,3.6058,3.784,0.0156,0.19,32.37,0.95,0.0,709.0,310,346,53,44,49,7,370.0,0.42,0.0001,32084.0,,,,
233,2000,4110,1.8201,0.008,3.5081,4.037,0.0095,0.12,34.68,0.96,0.0,659.0,268,333,58,41,51,9,398.0,0.49,0.0001,32101.0,,,,
234,2000,4127,1.852,0.0068,3.5729,4.155,0.0145,0.17,27.38,0.96,0.0,657.0,268,348,41,41,53,6,399.0,0.54,0.0001,32108.0,,,,
235,2000,4143,1.8439,0.0178,3.5356,4.113,0.0165,0.18,25.69,0.97,0.0,649.0,264,328,57,41,51,9,404.0,0.6,0.0001,32134.0,,,,
236,2000,4160,1.8122,0.0408,3.4242,4.08,0.0066,0.08,42.32,0.97,0.0,611.0,250,310,51,41,51,8,429.0,0.5,0.0001,32149.0,,,,
237,2000,4176,1.8588,0.0625,3.4714,4.013,0.005,0.05,44.99,0.97,0.0,697.0,274,366,57,39,53,8,376.0,0.47,0.0001,32103.0,,,,
238,2000,4192,1.9232,0.0735,3.5744,3.906,0.0045,0.05,47.47,0.97,0.0,783.0,333,400,50,43,51,6,335.0,0.36,0.0001,32084.0,,,,
239,2000,4209,2.0019,0.1156,3.6419,3.687,0.0073,0.09,49.17,0.96,0.0,875.0,379,442,54,43,51,6,300.0,0.29,0.0001,32082.0,,,,
240,2000,4225,2.059,0.1131,3.7578,3.555,0.0104,0.12,45.02,0.96,0.0,902.0,401,472,29,44,52,3,291.0,0.14,0.0001,32092.0,,,,
241,2000,4242,2.0517,0.0876,3.8021,3.893,0.0171,0.19,28.99,0.92,0.0,1012.0,528,464,20,52,46,2,259.0,0.06,0.0001,31010.0,,,,
242,2000,4259,2.0691,0.0794,3.8562,3.957,0.0184,0.18,25.12,0.88,0.0,1026.0,535,477,14,52,46,1,256.0,0.05,0.0001,32083.0,,,,
243,2000,4275,2.085,0.1186,3.8059,3.84,0.0234,0.23,21.5,0.9,0.0,1060.0,550,495,15,52,47,1,247.0,0.07,0.0001,32110.0,,,,
244,2000,4291,2.0954,0.1277,3.8061,3.744,0.0138,0.17,28.67,0.92,0.0,1097.0,518,556,23,47,51,2,239.0,0.13,0.0001,32124.0,,,,
245,2000,4308,1.9861,0.0801,3.6847,3.875,0.0059,0.07,34.29,0.93,0.0,965.0,484,465,16,50,48,2,272.0,0.15,0.0001,32132.0,,,,
246,2000,4324,1.9618,0.1007,3.5934,3.877,0.0044,0.05,44.59,0.95,0.0,882.0,455,404,23,52,46,3,297.0,0.17,0.0001,32069.0,,,,
247,2000,4341,1.9941,0.0881,3.6808,3.806,0.0095,0.11,51.69,0.95,0.0,787.0,408,358,21,52,45,3,333.0,0.16,0.0001,32096.0,,,,
248,2000,4357,1.9697,0.0815,3.6478,3.924,0.0157,0.17,53.06,0.96,0.0,717.0,374,315,28,52,44,4,366.0,0.14,0.0001,32020.0,,,,
249,2000,4373,1.9057,0.0856,3.5129,3.993,0.0145,0.17,37.99,0.96,0.0,635.0,328,272,35,52,43,6,413.0,0.15,0.0001,32022.0,281,59,172,55
250,2000,4415,1.8315,0.0714,3.3958,4.088,0.0077,0.09,43.61,0.96,0.0,590.0,304,239,47,52,41,8,444.0,0.15,0.0001,32150.0,,,,
251,2000,4432,1.8512,0.0686,3.443,4.119,0.0179,0.2,26.06,0.96,0.0,583.0,302,235,46,52,40,8,450.0,0.17,0.0001,32030.0,,,,
252,2000,4448,1.8685,0.0581,3.5024,4.283,0.0195,0.22,22.89,0.95,0.0,569.0,228,298,43,40,52,8,461.0,0.2,0.0001,32046.0,,,,
253,2000,4465,1.8583,0.061,3.4769,4.277,0.0169,0.2,27.16,0.95,0.0,603.0,238,328,37,39,54,6,435.0,0.21,0.0001,32047.0,,,,
254,2000,4481,1.9061,0.0799,3.5343,4.305,0.0225,0.24,17.72,0.94,0.0,666.0,271,362,33,41,54,5,394.0,0.21,0.0001,32114.0,,,,
255,2000,4497,1.901,0.0563,3.5732,4.47,0.0108,0.13,24.82,0.93,0.0,731.0,291,408,32,40,56,4,359.0,0.17,0.0001,32053.0,,,,
256,2000,4514,1.9285,0.0233,3.6949,4.386,0.013,0.16,20.47,0.93,0.0,745.0,318,402,25,43,54,3,352.0,0.18,0.0001,32033.0,,,,
257,2000,4530,1.9412,0.0327,3.7025,4.441,0.0212,0.23,16.07,0.93,0.0,773.0,313,438,22,40,57,3,339.0,0.13,0.0001,32046.0,,,,
258,2000,4547,1.938,0.0502,3.6616,4.45,0.0264,0.26,13.41,0.93,0.0,693.0,277,406,10,40,59,1,378.0,0.15,0.0001,32045.0,,,,
259,2000,4563,1.9017,0.0291,3.6329,4.554,0.0163,0.19,21.47,0.92,0.0,674.0,274,387,13,41,57,2,389.0,0.14,0.0001,32052.0,,,,
260,2000,4580,1.8466,0.0013,3.581,4.653,0.0193,0.22,14.68,0.92,0.0,642.0,287,344,11,45,54,2,408.0,0.13,0.0001,32039.0,,,,
261,2000,4597,1.9292,0.0064,3.7338,4.491,0.024,0.25,9.76,0.9,0.0,749.0,361,370,18,48,49,2,350.0,0.15,0.0001,30873.0,,,,
262,2000,4613,1.9466,-0.0139,3.8075,4.397,0.0178,0.2,11.77,0.89,0.0,846.0,434,398,14,51,47,2,310.0,0.14,0.0001,32122.0,,,,
263,2000,4629,1.9293,-0.0246,3.7919,4.26,0.015,0.17,12.65,0.9,0.0,848.0,431,398,19,51,47,2,309.0,0.14,0.0001,32052.0,,,,
264,2000,4646,1.9206,-0.0277,3.7801,4.239,0.0155,0.18,13.4,0.9,0.0,953.0,483,450,20,51,47,2,275.0,0.13,0.0001,32057.0,,,,
265,2000,4662,1.8765,-0.0552,3.7455,4.204,0.0101,0.12,23.88,0.9,0.0,934.0,421,498,15,45,53,2,281.0,0.13,0.0001,32082.0,,,,
266,2000,4679,1.9273,-0.0227,3.7815,4.173,0.0085,0.1,24.56,0.91,0.0,994.0,444,521,29,45,52,3,264.0,0.13,0.0001,32048.0,,,,
267,2000,4695,1.9499,-0.0198,3.8185,4.083,0.0139,0.15,24.0,0.92,0.0,1067.0,468,561,38,44,53,4,246.0,0.1,0.0001,32045.0,,,,
268,2000,4711,1.9562,-0.01,3.8116,4.093,0.0165,0.18,19.94,0.91,0.0,1142.0,473,643,26,41,56,2,230.0,0.07,0.0001,32082.0,,,,
269,2000,4728,1.9545,0.0071,3.7765,4.232,0.0132,0.15,19.88,0.92,0.0,1027.0,393,617,17,38,60,2,255.0,0.05,0.0001,32120.0,,,,
270,2000,4744,1.9598,0.0045,3.7884,4.034,0.0109,0.13,24.75,0.92,0.0,1129.0,446,674,9,40,60,1,232.0,0.05,0.0001,32114.0,,,,
271,2000,4761,1.9977,0.0134,3.8438,3.962,0.0149,0.17,23.78,0.93,0.0,1175.0,448,724,3,38,62,0,223.0,0.08,0.0001,32125.0,,,,
272,2000,4777,1.9574,0.0064,3.781,4.144,0.0072,0.08,26.04,0.92,0.0,1132.0,434,693,5,38,61,0,232.0,0.08,0.0001,32059.0,,,,
273,2000,4794,1.9921,0.0356,3.7917,4.169,0.0156,0.17,24.82,0.92,0.0,1063.0,430,628,5,40,59,0,247.0,0.06,0.0001,32059.0,,,,
274,2000,4810,1.9296,0.0153,3.7055,4.074,0.0167,0.18,22.74,0.93,0.0,996.0,393,600,3,39,60,0,263.0,0.06,0.0001,32091.0,,,,
275,2000,4826,1.9574,0.0309,3.7303,4.124,0.0091,0.11,39.7,0.93,0.0,907.0,389,513,5,43,57,1,289.0,0.07,0.0001,32035.0,,,,
276,2000,4843,1.841,0.0204,3.5194,4.227,0.0123,0.14,25.66,0.94,0.0,810.0,314,496,0,39,61,0,324.0,0.08,0.0001,32131.0,,,,
277,2000,4859,1.834,0.0049,3.536,4.19,0.0135,0.14,36.88,0.95,0.0,772.0,301,463,8,39,60,1,340.0,0.09,0.0001,32049.0,,,,
278,2000,4876,1.842,0.0105,3.5427,4.29,0.0126,0.13,35.64,0.95,0.0,755.0,312,429,14,41,57,2,347.0,0.08,0.0001,32100.0,,,,
279,2000,4892,1.8481,0.0079,3.5588,4.183,0.0104,0.11,42.02,0.94,0.0,810.0,352,446,12,43,55,1,324.0,0.07,0.0001,32045.0,,,,
280,2000,4908,1.8162,-0.0096,3.5313,4.245,0.0078,0.08,43.67,0.95,0.0,781.0,387,384,10,50,49,1,336.0,0.06,0.0001,32087.0,,,,
281,2000,4925,1.9476,-0.0049,3.7875,4.426,0.0133,0.14,26.08,0.92,0.0,802.0,392,407,3,49,51,0,327.0,0.04,0.0001,30990.0,,,,
282,2000,4942,1.9018,-0.0054,3.6941,4.357,0.016,0.16,29.13,0.92,0.0,835.0,437,394,4,52,47,0,314.0,0.04,0.0001,32039.0,,,,
283,2000,4958,1.814,0.002,3.5047,4.42,0.0114,0.12,29.55,0.91,0.0,754.0,363,386,5,48,51,1,348.0,0.03,0.0001,32050.0,,,,
284,2000,4975,1.813,-0.0081,3.5248,4.557,0.0166,0.16,24.06,0.91,0.0,788.0,419,368,1,53,47,0,333.0,0.04,0.0001,32062.0,,,,
285,2000,4991,1.798,-0.0119,3.5056,4.723,0.0162,0.16,21.07,0.91,0.0,716.0,389,327,0,54,46,0,366.0,0.05,0.0001,32049.0,,,,
286,2000,5007,1.8378,0.0048,3.5524,4.723,0.0158,0.15,21.32,0.91,0.0,685.0,395,289,1,58,42,0,383.0,0.07,0.0001,32051.0,,,,
287,2000,5024,1.8564,0.009,3.5787,4.534,0.0222,0.2,23.54,0.92,0.0,727.0,393,331,3,54,46,0,361.0,0.06,0.0001,32054.0,,,,
288,2000,5040,1.8651,0.0114,3.5922,4.59,0.0195,0.18,18.77,0.91,0.0,862.0,499,362,1,58,42,0,304.0,0.04,0.0001,32096.0,,,,
289,2000,5057,1.8664,0.0161,3.5858,4.627,0.0165,0.15,28.89,0.92,0.0,851.0,488,362,1,57,43,0,308.0,0.04,0.0001,32049.0,,,,
290,2000,5073,1.837,0.0018,3.5561,4.658,0.014,0.15,21.43,0.92,0.0,771.0,485,286,0,63,37,0,340.0,0.05,0.0001,32056.0,,,,
291,2000,5089,1.8643,0.0086,3.5987,4.687,0.0134,0.13,25.25,0.92,0.0,834.0,508,326,0,61,39,0,314.0,0.06,0.0001,32130.0,,,,
292,2000,5106,1.8664,0.0167,3.5866,4.659,0.0147,0.16,13.95,0.92,0.0,838.0,520,317,1,62,38,0,313.0,0.07,0.0001,32051.0,,,,
293,2000,5122,1.8535,-0.0106,3.6138,4.59,0.0154,0.16,22.08,0.91,0.0,807.0,486,319,2,60,40,0,325.0,0.05,0.0001,32100.0,,,,
294,2000,5139,1.8445,-0.0133,3.5996,4.529,0.0137,0.14,25.7,0.92,0.0,763.0,413,346,4,54,45,1,344.0,0.05,0.0001,32117.0,,,,
295,2000,5155,1.8111,-0.0214,3.5525,4.725,0.0163,0.17,17.74,0.92,0.0,757.0,417,338,2,55,45,0,346.0,0.04,0.0001,32108.0,,,,
296,2000,5171,1.8521,-0.0003,3.5917,4.714,0.0134,0.14,19.55,0.91,0.0,779.0,422,357,0,54,46,0,337.0,0.03,0.0001,32128.0,,,,
297,2000,5188,1.8724,-0.0103,3.6521,4.711,0.0122,0.13,22.36,0.91,0.0,767.0,380,387,0,50,50,0,342.0,0.02,0.0001,32125.0,,,,
298,2000,5204,1.8239,0.0072,3.5213,4.789,0.0162,0.16,16.81,0.91,0.0,701.0,335,363,3,48,52,0,374.0,0.02,0.0001,32128.0,,,,
299,2000,5220,1.8404,0.0032,3.5635,4.817,0.0114,0.12,24.01,0.91,0.0,704.0,327,374,3,46,53,0,372.0,0.04,0.0001,32119.0,263,16,233,51
300,2000,5252,1.8953,0.0121,3.6539,4.683,0.0105,0.11,21.39,0.91,0.0,861.0,430,428,3,50,50,0,304.0,0.04,0.0001,32259.0,,,,
301,2000,5269,1.8447,0.0135,3.5565,5.139,0.015,0.15,19.01,0.92,0.0,588.0,251,335,2,43,57,0,446.0,0.03,0.0001,30949.0,,,,
302,2000,5285,1.7441,0.011,3.3637,5.357,0.015,0.16,7.3,0.88,0.0,491.0,235,251,5,48,51,1,534.0,0.04,0.0001,32099.0,,,,
303,2000,5302,1.6967,-0.0025,3.297,5.401,0.014,0.15,7.84,0.89,0.0,408.0,195,211,2,48,52,0,643.0,0.05,0.0001,32074.0,,,,
304,2000,5318,1.6566,-0.0092,3.2304,5.424,0.0114,0.12,9.93,0.92,0.0,362.0,195,165,2,54,46,1,724.0,0.08,0.0001,32100.0,,,,
305,2000,5334,1.6742,0.0007,3.2461,5.318,0.0122,0.13,8.19,0.91,0.0,433.0,219,190,24,51,44,6,605.0,0.08,0.0001,32087.0,,,,
306,2000,5351,1.6606,-0.0094,3.2376,5.247,0.0133,0.15,8.63,0.9,0.0,454.0,260,176,18,57,39,4,577.0,0.07,0.0001,32111.0,,,,
307,2000,5367,1.6656,-0.0025,3.2331,5.204,0.0112,0.12,10.39,0.9,0.0,422.0,212,198,12,50,47,3,621.0,0.05,0.0001,32082.0,,,,
308,2000,5384,1.6838,0.0074,3.2502,5.181,0.0091,0.1,12.73,0.91,0.0,430.0,217,201,12,50,47,3,610.0,0.09,0.0001,32081.0,,,,
309,2000,5400,1.7271,0.0107,3.3285,5.043,0.012,0.14,11.36,0.9,0.0,475.0,229,235,11,48,49,2,552.0,0.1,0.0001,32072.0,,,,
310,2000,5416,1.7565,0.0246,3.3584,4.958,0.0119,0.13,15.69,0.9,0.0,492.0,250,232,10,51,47,2,533.0,0.09,0.0001,32082.0,,,,
311,2000,5433,1.7336,0.0233,3.317,5.051,0.0109,0.12,12.51,0.91,0.0,483.0,214,260,9,44,54,2,543.0,0.08,0.0001,32065.0,,,,
312,2000,5449,1.7289,0.008,3.3391,5.014,0.0123,0.14,12.28,0.91,0.0,484.0,232,241,11,48,50,2,542.0,0.1,0.0001,32068.0,,,,
313,2000,5466,1.7384,0.0173,3.3387,5.056,0.0126,0.14,16.96,0.9,0.0,499.0,264,226,9,53,45,2,525.0,0.1,0.0001,32066.0,,,,
314,2000,5482,1.7411,0.0083,3.3604,4.924,0.0121,0.13,16.9,0.9,0.0,500.0,253,241,6,51,48,1,524.0,0.12,0.0001,32111.0,,,,
315,2000,5498,1.756,0.0199,3.3665,4.823,0.0143,0.15,23.2,0.92,0.0,520.0,250,252,18,48,48,3,504.0,0.11,0.0001,32068.0,,,,
316,2000,5515,1.7741,0.018,3.4051,4.794,0.0129,0.13,18.25,0.91,0.0,584.0,296,282,6,51,48,1,449.0,0.14,0.0001,32058.0,,,,
317,2000,5531,1.7805,0.0119,3.4285,4.658,0.0128,0.14,21.93,0.91,0.0,556.0,286,257,13,51,46,2,471.0,0.13,0.0001,32079.0,,,,
318,2000,5548,1.7943,0.021,3.4367,4.597,0.011,0.13,23.77,0.92,0.0,541.0,260,273,8,48,50,1,485.0,0.09,0.0001,32076.0,,,,
319,2000,5564,1.8313,0.0232,3.5058,4.548,0.0135,0.14,21.12,0.91,0.0,652.0,320,324,8,49,50,1,402.0,0.09,0.0001,32080.0,,,,
320,2000,5581,1.7877,0.0196,3.4273,4.764,0.0113,0.12,37.18,0.93,0.0,577.0,286,287,4,50,50,1,454.0,0.09,0.0001,32037.0,,,,
321,2000,5598,1.694,0.0136,3.258,5.158,0.0143,0.15,13.22,0.91,0.0,454.0,220,229,5,48,50,1,577.0,0.08,0.0001,31016.0,,,,
322,2000,5614,1.6147,0.0025,3.1239,5.407,0.0156,0.15,8.9,0.91,0.0,339.0,180,155,4,53,46,1,773.0,0.09,0.0001,32123.0,,,,
323,2000,5630,1.6394,0.0083,3.1612,5.327,0.0132,0.14,10.66,0.9,0.0,396.0,194,197,5,49,50,1,662.0,0.07,0.0001,32117.0,,,,
324,2000,5647,1.6078,0.008,3.0981,5.315,0.0118,0.12,11.53,0.91,0.0,370.0,166,200,4,45,54,1,708.0,0.06,0.0001,32109.0,,,,
325,2000,5663,1.6173,0.0189,3.0943,5.229,0.0113,0.12,11.95,0.92,0.0,363.0,178,179,6,49,49,2,722.0,0.07,0.0001,32138.0,,,,
326,2000,5679,1.6007,0.0235,3.0518,5.316,0.0164,0.15,19.33,0.93,0.0,337.0,160,172,5,47,51,1,778.0,0.07,0.0001,32119.0,,,,
327,2000,5696,1.6074,0.0069,3.0976,5.213,0.0074,0.08,20.47,0.93,0.0,300.0,151,138,11,50,46,4,874.0,0.1,0.0001,32108.0,,,,
328,2000,5712,1.6386,0.0139,3.1447,5.043,0.0131,0.14,12.89,0.91,0.0,389.0,180,197,12,46,51,3,674.0,0.09,0.0001,32127.0,,,,
329,2000,5728,1.6546,0.0119,3.1799,4.944,0.012,0.13,15.59,0.92,0.0,443.0,225,204,14,51,46,3,592.0,0.08,0.0001,32169.0,,,,
330,2000,5745,1.7214,0.0097,3.3157,4.809,0.0111,0.12,24.24,0.91,0.0,483.0,233,238,12,48,49,2,543.0,0.07,0.0001,32113.0,,,,
331,2000,5761,1.6921,0.0094,3.2589,4.859,0.0129,0.14,12.86,0.92,0.0,509.0,243,255,11,48,50,2,515.0,0.07,0.0001,32106.0,,,,
332,2000,5778,1.6662,0.014,3.1988,4.986,0.0115,0.12,13.33,0.93,0.0,470.0,225,234,11,48,50,2,558.0,0.06,0.0001,32120.0,,,,
333,2000,5794,1.6831,0.0015,3.2588,5.055,0.0098,0.11,18.46,0.93,0.0,459.0,217,235,7,47,51,2,571.0,0.08,0.0001,32126.0,,,,
334,2000,5810,1.6561,-0.0011,3.2103,5.038,0.0109,0.12,12.75,0.93,0.0,497.0,262,225,10,53,45,2,527.0,0.09,0.0001,32127.0,,,,
335,2000,5827,1.7345,-0.0167,3.3961,4.899,0.0124,0.14,17.5,0.92,0.0,588.0,297,288,3,51,49,1,446.0,0.07,0.0001,32109.0,,,,
336,2000,5843,1.7907,-0.0116,3.4982,4.873,0.0103,0.11,17.63,0.91,0.0,671.0,310,355,6,46,53,1,391.0,0.04,0.0001,32118.0,,,,
337,2000,5860,1.7724,-0.0177,3.4717,4.79,0.0118,0.12,17.92,0.92,0.0,646.0,327,317,2,51,49,0,406.0,0.04,0.0001,32108.0,,,,
338,2000,5876,1.7637,-0.0142,3.4477,4.846,0.0125,0.13,18.47,0.93,0.0,646.0,334,311,1,52,48,0,406.0,0.04,0.0001,32129.0,,,,
339,2000,5892,1.7736,0.0165,3.4048,4.814,0.0092,0.09,21.59,0.94,0.0,627.0,320,305,2,51,49,0,418.0,0.05,0.0001,32123.0,,,,
340,2000,5909,1.7875,0.0147,3.438,4.879,0.0092,0.09,20.59,0.93,0.0,644.0,322,316,6,50,49,1,407.0,0.07,0.0001,32133.0,,,,
341,2000,5926,1.873,0.0398,3.5614,5.049,0.0125,0.12,25.12,0.91,0.0,673.0,330,341,2,49,51,0,390.0,0.06,0.0001,30917.0,,,,
342,2000,5942,1.8237,0.0245,3.4955,5.141,0.0127,0.13,15.43,0.91,0.0,607.0,276,325,6,45,54,1,432.0,0.05,0.0001,32141.0,,,,
343,2000,5958,1.7778,0.0263,3.4002,5.115,0.0148,0.16,7.98,0.91,0.0,598.0,281,312,5,47,52,1,438.0,0.07,0.0001,32097.0,,,,
344,2000,5975,1.7327,0.0246,3.3147,5.154,0.0141,0.15,14.74,0.92,0.0,534.0,235,290,9,44,54,2,491.0,0.06,0.0001,32142.0,,,,
345,2000,5991,1.823,0.0394,3.4618,4.785,0.0144,0.16,12.13,0.9,0.0,627.0,272,345,10,43,55,2,418.0,0.04,0.0001,32095.0,,,,
346,2000,6008,1.8189,0.0335,3.4656,4.85,0.0149,0.16,16.31,0.91,0.0,621.0,276,341,4,44,55,1,422.0,0.05,0.0001,32082.0,,,,
347,2000,6024,1.8887,0.0444,3.5816,4.686,0.0152,0.17,14.81,0.89,0.0,802.0,358,439,5,45,55,1,327.0,0.04,0.0001,32081.0,,,,
348,2000,6040,1.9111,0.0397,3.6352,4.648,0.0157,0.17,16.68,0.88,0.0,859.0,406,451,2,47,53,0,305.0,0.03,0.0001,32051.0,,,,
349,2000,6057,1.9248,0.0402,3.661,4.594,0.0152,0.16,12.46,0.88,0.0,973.0,490,480,3,50,49,0,269.0,0.02,0.0001,32114.0,351,9,152,69
350,2000,6174,2.0196,0.048,3.8331,4.591,0.0173,0.16,14.95,0.86,0.0,1011.0,435,576,0,43,57,0,259.0,0.01,0.0001,5122.0,,,,
351,2000,6191,1.8859,0.0322,3.5975,4.456,0.0136,0.15,14.84,0.9,0.0,782.0,331,451,0,42,58,0,335.0,0.02,0.0001,32080.0,,,,
352,2000,6207,1.9368,0.0521,3.6575,4.321,0.0182,0.18,12.46,0.88,0.0,994.0,368,626,0,37,63,0,264.0,0.02,0.0001,32068.0,,,,
353,2000,6224,1.9086,0.0124,3.6765,4.113,0.0134,0.14,23.2,0.89,0.0,1067.0,374,692,1,35,65,0,246.0,0.02,0.0001,32065.0,,,,
354,2000,6240,1.8576,0.027,3.5458,4.271,0.0064,0.07,40.82,0.91,0.0,854.0,337,517,0,39,61,0,307.0,0.01,0.0001,32103.0,,,,
355,2000,6256,1.921,0.0647,3.5986,4.368,0.0093,0.1,41.51,0.88,0.0,792.0,410,382,0,52,48,0,331.0,0.01,0.0001,32064.0,,,,
356,2000,6273,1.9802,0.0514,3.7489,4.556,0.0145,0.16,12.73,0.85,0.0,1031.0,625,405,1,61,39,0,254.0,0.01,0.0001,32092.0,,,,
357,2000,6289,1.9712,0.0206,3.7896,4.286,0.0139,0.16,18.7,0.85,0.0,1132.0,682,450,0,60,40,0,232.0,0.01,0.0001,32098.0,,,,
358,2000,6306,1.9699,0.0172,3.7942,4.333,0.0116,0.14,20.37,0.87,0.0,1156.0,716,440,0,62,38,0,227.0,0.01,0.0001,32144.0,,,,
359,2000,6322,1.9032,0.0279,3.641,4.43,0.0176,0.18,12.48,0.88,0.0,1000.0,611,389,0,61,39,0,262.0,0.01,0.0001,32108.0,,,,
360,2000,6338,1.8806,0.0409,3.5707,4.512,0.0132,0.15,11.12,0.9,0.0,885.0,541,342,2,61,39,0,296.0,0.03,0.0001,32112.0,,,,
361,2000,6355,1.9324,0.0336,3.6906,4.682,0.0176,0.18,7.79,0.88,0.0,903.0,469,433,1,52,48,0,290.0,0.05,0.0001,30876.0,,,,
362,2000,6372,1.8161,0.0122,3.5015,4.738,0.0186,0.18,4.75,0.89,0.0,910.0,479,428,3,53,47,0,288.0,0.11,0.0001,32057.0,,,,
363,2000,6388,1.7746,-0.0078,3.4587,4.67,0.0166,0.18,4.73,0.89,0.0,692.0,431,260,1,62,38,0,379.0,0.19,0.0001,32119.0,,,,
364,2000,6405,1.841,-0.0066,3.5864,4.461,0.0175,0.19,4.67,0.85,0.0,919.0,570,349,0,62,38,0,285.0,0.27,0.0001,32112.0,,,,
365,2000,6421,1.8388,-0.0032,3.5743,4.365,0.0143,0.16,5.78,0.85,0.0,1000.0,669,319,12,67,32,1,262.0,0.21,0.0001,32191.0,,,,
366,2000,6437,1.7839,-0.0016,3.4634,4.568,0.0114,0.13,6.66,0.87,0.0,847.0,552,284,11,65,34,1,309.0,0.11,0.0001,32037.0,,,,
367,2000,6454,1.6738,-0.0215,3.2858,4.864,0.0107,0.13,7.15,0.91,0.0,590.0,286,300,4,48,51,1,444.0,0.06,0.0001,32021.0,,,,
368,2000,6470,1.6677,-0.0401,3.3083,4.754,0.009,0.1,15.53,0.92,0.0,589.0,269,318,2,46,54,0,445.0,0.04,0.0001,32124.0,,,,
369,2000,6487,1.7157,-0.0198,3.3609,4.65,0.0071,0.08,16.59,0.92,0.0,608.0,284,323,1,47,53,0,431.0,0.04,0.0001,32024.0,,,,
370,2000,6503,1.7619,0.0107,3.391,4.576,0.0078,0.09,27.3,0.93,0.0,604.0,273,330,1,45,55,0,434.0,0.05,0.0001,32028.0,,,,
371,2000,6519,1.7523,0.0131,3.3657,4.565,0.0074,0.08,33.97,0.94,0.0,594.0,262,330,2,44,56,0,441.0,0.07,0.0001,32038.0,,,,
372,2000,6536,1.8047,0.0101,3.4772,4.547,0.0073,0.08,30.11,0.92,0.0,661.0,269,387,5,41,59,1,397.0,0.08,0.0001,32132.0,,,,
373,2000,6552,1.8766,0.0167,3.606,4.425,0.013,0.13,19.99,0.91,0.0,885.0,375,508,2,42,57,0,296.0,0.08,0.0001,32059.0,,,,
374,2000,6569,1.9123,0.0278,3.6557,4.412,0.0108,0.12,15.28,0.91,0.0,1087.0,436,648,3,40,60,0,241.0,0.05,0.0001,32065.0,,,,
375,2000,6585,1.907,0.0309,3.6397,4.518,0.0114,0.12,25.75,0.91,0.0,1024.0,440,584,0,43,57,0,256.0,0.04,0.0001,32066.0,,,,
376,2000,6601,1.911,0.0453,3.6192,4.526,0.01,0.1,19.89,0.89,0.0,908.0,407,500,1,45,55,0,289.0,0.03,0.0001,32064.0,,,,
377,2000,6618,1.8394,0.0111,3.547,4.649,0.0136,0.13,24.5,0.89,0.0,792.0,346,446,0,44,56,0,331.0,0.03,0.0001,32059.0,,,,
378,2000,6634,1.7987,0.0103,3.4691,4.72,0.0112,0.12,25.04,0.9,0.0,685.0,291,394,0,42,58,0,383.0,0.05,0.0001,32037.0,,,,
379,2000,6651,1.7722,0.0215,3.394,4.663,0.0136,0.14,16.41,0.92,0.0,682.0,247,435,0,36,64,0,384.0,0.09,0.0001,32049.0,,,,
380,2000,6667,1.7789,0.0304,3.39,4.661,0.0172,0.17,9.24,0.92,0.0,663.0,270,393,0,41,59,0,395.0,0.13,0.0001,32115.0,,,,
381,2000,6684,1.8352,0.0212,3.5205,4.567,0.0158,0.17,10.37,0.88,0.0,809.0,431,377,1,53,47,0,324.0,0.11,0.0001,30974.0,,,,
382,2000,6701,1.8704,0.0541,3.5263,4.727,0.0143,0.15,12.39,0.86,0.0,764.0,396,368,0,52,48,0,343.0,0.05,0.0001,32044.0,,,,
383,2000,6717,1.8659,0.026,3.5738,4.699,0.0148,0.16,9.18,0.84,0.0,818.0,399,416,3,49,51,0,320.0,0.04,0.0001,32048.0,,,,
384,2000,6733,1.8598,0.0151,3.5838,4.691,0.0159,0.17,7.79,0.84,0.0,857.0,442,413,2,52,48,0,306.0,0.05,0.0001,32074.0,,,,
385,2000,6750,1.8317,0.0078,3.5429,4.752,0.0126,0.14,6.91,0.86,0.0,839.0,453,384,2,54,46,0,312.0,0.06,0.0001,32062.0,,,,
386,2000,6766,1.8889,0.0186,3.6346,4.664,0.0139,0.15,7.09,0.84,0.0,901.0,503,397,1,56,44,0,291.0,0.06,0.0001,32061.0,,,,
387,2000,6783,1.8813,0.0095,3.6373,4.619,0.0141,0.15,7.32,0.85,0.0,941.0,502,438,1,53,47,0,279.0,0.05,0.0001,32107.0,,,,
388,2000,6799,1.8748,0.0207,3.6022,4.656,0.013,0.14,9.27,0.86,0.0,941.0,476,459,6,51,49,1,279.0,0.06,0.0001,32142.0,,,,
389,2000,6815,1.8051,0.0066,3.4918,4.75,0.0115,0.12,10.31,0.88,0.0,776.0,426,344,6,55,44,1,338.0,0.05,0.0001,32088.0,,,,
390,2000,6832,1.7879,0.0223,3.4276,4.859,0.0104,0.11,12.48,0.89,0.0,730.0,401,320,9,55,44,1,359.0,0.04,0.0001,32093.0,,,,
391,2000,6848,1.7818,0.0272,3.4048,4.86,0.0093,0.1,12.35,0.9,0.0,661.0,383,272,6,58,41,1,397.0,0.04,0.0001,32118.0,,,,
392,2000,6864,1.7686,0.0242,3.3853,4.963,0.0111,0.12,9.78,0.91,0.0,734.0,386,346,2,53,47,0,357.0,0.05,0.0001,32172.0,,,,
393,2000,6881,1.7758,0.0139,3.4188,4.82,0.0114,0.12,8.84,0.92,0.0,745.0,407,333,5,55,45,1,352.0,0.06,0.0001,32145.0,,,,
394,2000,6897,1.8122,0.027,3.4644,4.743,0.0107,0.12,16.59,0.93,0.0,795.0,466,326,3,59,41,0,330.0,0.04,0.0001,32107.0,,,,
395,2000,6914,1.8656,0.0438,3.5345,4.507,0.0099,0.11,22.12,0.93,0.0,879.0,516,361,2,59,41,0,298.0,0.03,0.0001,32118.0,,,,
396,2000,6930,1.8604,0.0246,3.561,4.429,0.0136,0.13,13.28,0.92,0.0,928.0,531,397,0,57,43,0,282.0,0.02,0.0001,32087.0,,,,
397,2000,6946,1.9268,0.0533,3.635,4.308,0.0115,0.12,23.31,0.92,0.0,1006.0,564,441,1,56,44,0,261.0,0.02,0.0001,32107.0,,,,
398,2000,6963,1.8466,0.0095,3.5627,4.315,0.0116,0.12,18.52,0.93,0.0,886.0,466,419,1,53,47,0,296.0,0.04,0.0001,32106.0,,,,
399,2000,6979,1.8769,0.0191,3.6027,4.225,0.0105,0.12,30.06,0.92,0.0,900.0,455,441,4,51,49,0,291.0,0.04,0.0001,32114.0,194,26,292,38
400,2000,7020,1.8698,0.0205,3.5888,4.427,0.0129,0.14,29.53,0.91,0.0,857.0,418,434,5,49,51,1,306.0,0.04,0.0001,32251.0,,,,
401,2000,7037,1.8035,-0.0006,3.4978,4.511,0.0112,0.12,23.45,0.91,0.0,732.0,342,383,7,47,52,1,358.0,0.03,0.0001,30922.0,,,,
402,2000,7053,1.7314,0.0009,3.3528,4.802,0.0095,0.09,55.83,0.91,0.0,511.0,242,267,2,47,52,0,513.0,0.02,0.0001,32080.0,,,,
403,2000,7070,1.6227,-0.0091,3.1585,5.038,0.0081,0.08,25.4,0.9,0.0,412.0,200,206,6,49,50,1,636.0,0.04,0.0001,32130.0,,,,
404,2000,7086,1.6982,-0.0121,3.3147,4.866,0.0141,0.14,21.77,0.9,0.0,538.0,288,247,3,54,46,1,487.0,0.03,0.0001,32074.0,,,,
405,2000,7103,1.7016,-0.0053,3.3075,4.839,0.014,0.13,25.12,0.91,0.0,498.0,225,262,11,45,53,2,526.0,0.03,0.0001,32142.0,,,,
406,2000,7119,1.7119,-0.0124,3.3429,4.846,0.0139,0.13,21.2,0.89,0.0,574.0,299,263,12,52,46,2,457.0,0.03,0.0001,32096.0,,,,
407,2000,7135,1.7781,-0.0016,3.4542,4.855,0.0142,0.14,27.62,0.9,0.0,618.0,274,331,13,44,54,2,424.0,0.04,0.0001,32060.0,,,,
408,2000,7152,1.7267,0.0213,3.3058,4.874,0.0196,0.18,10.07,0.91,0.0,593.0,274,306,13,46,52,2,442.0,0.03,0.0001,32102.0,,,,
409,2000,7168,1.7283,0.0091,3.3331,4.811,0.0117,0.12,19.58,0.9,0.0,589.0,295,281,13,50,48,2,445.0,0.02,0.0001,32103.0,,,,
410,2000,7185,1.7278,0.0206,3.3096,4.872,0.0168,0.16,10.91,0.89,0.0,606.0,297,295,14,49,49,2,433.0,0.04,0.0001,32117.0,,,,
411,2000,7201,1.7445,0.0218,3.3407,4.857,0.0126,0.13,25.68,0.9,0.0,562.0,257,291,14,46,52,2,466.0,0.05,0.0001,32074.0,,,,
412,2000,7217,1.6585,0.0253,3.1665,5.225,0.0106,0.1,15.67,0.9,0.0,459.0,221,225,13,48,49,3,571.0,0.04,0.0001,32077.0,,,,
413,2000,7234,1.6052,0.0284,3.0545,5.239,0.0141,0.13,10.54,0.9,0.0,363.0,161,186,16,44,51,4,722.0,0.03,0.0001,32068.0,,,,
414,2000,7250,1.6417,0.0176,3.1489,5.166,0.0115,0.11,18.7,0.9,0.0,456.0,220,199,37,48,44,8,575.0,0.04,0.0001,32109.0,,,,
415,2000,7267,1.6617,0.0245,3.1755,5.126,0.0133,0.13,11.36,0.89,0.0,500.0,230,238,32,46,48,6,524.0,0.04,0.0001,32068.0,,,,
416,2000,7283,1.582,0.015,3.0359,5.237,0.0096,0.09,16.44,0.92,0.0,380.0,196,153,31,52,40,8,690.0,0.03,0.0001,32097.0,,,,
417,2000,7299,1.5298,0.0146,2.9348,5.538,0.0107,0.1,16.71,0.93,0.0,296.0,157,117,22,53,40,7,886.0,0.03,0.0001,32079.0,,,,
418,2000,7316,1.5093,0.0092,2.9071,5.814,0.009,0.07,22.3,0.93,0.0,225.0,98,95,32,44,42,14,1165.0,0.03,0.0001,32071.0,,,,
419,2000,7332,1.4821,0.0074,2.8577,5.824,0.0121,0.09,12.02,0.92,0.0,270.0,117,110,43,43,41,16,971.0,0.03,0.0001,32075.0,,,,
420,2000,7349,1.4564,0.0077,2.8071,5.757,0.0114,0.09,5.98,0.92,0.0,276.0,109,104,63,39,38,23,950.0,0.03,0.0001,32076.0,,,,
421,2000,7366,1.4556,0.0126,2.7951,5.898,0.0138,0.1,5.94,0.89,0.0,252.0,91,124,37,36,49,15,1040.0,0.03,0.0001,31023.0,,,,
422,2000,7382,1.4572,0.0115,2.8011,5.953,0.0097,0.08,5.28,0.91,0.0,235.0,94,110,31,40,47,13,1116.0,0.03,0.0001,32111.0,,,,
423,2000,7398,1.4566,0.004,2.8147,5.947,0.0096,0.07,5.66,0.9,0.0,278.0,112,136,30,40,49,11,943.0,0.03,0.0001,32050.0,,,,
424,2000,7415,1.4542,0.0138,2.7903,5.936,0.0098,0.08,4.42,0.87,0.0,222.0,88,105,29,40,47,13,1181.0,0.05,0.0001,32062.0,,,,
425,2000,7431,1.4928,-0.0007,2.8934,5.741,0.0062,0.05,13.73,0.88,0.0,233.0,112,97,24,48,42,10,1125.0,0.04,0.0001,32047.0,,,,
426,2000,7448,1.5158,-0.0006,2.9391,5.624,0.0094,0.08,8.2,0.88,0.0,310.0,161,129,20,52,42,6,846.0,0.03,0.0001,32057.0,,,,
427,2000,7464,1.6094,-0.0039,3.1317,5.385,0.0094,0.09,10.73,0.86,0.0,423.0,201,201,21,48,48,5,620.0,0.04,0.0001,32073.0,,,,
428,2000,7480,1.7449,0.0069,3.3779,5.063,0.0115,0.12,9.07,0.84,0.0,614.0,284,318,12,46,52,2,427.0,0.04,0.0001,32042.0,,,,
429,2000,7497,1.7202,0.0091,3.3255,5.207,0.0073,0.07,16.21,0.85,0.0,583.0,285,294,4,49,50,1,450.0,0.04,0.0001,32104.0,,,,
430,2000,7513,1.7239,0.0078,3.3352,5.192,0.0088,0.09,22.82,0.86,0.0,540.0,250,282,8,46,52,1,485.0,0.04,0.0001,32092.0,,,,
431,2000,7530,1.7251,0.0129,3.3283,5.221,0.0088,0.09,11.29,0.85,0.0,632.0,271,355,6,43,56,1,415.0,0.04,0.0001,32110.0,,,,
432,2000,7546,1.7429,0.0115,3.3681,5.333,0.0121,0.12,12.32,0.86,0.0,609.0,253,348,8,42,57,1,430.0,0.04,0.0001,32108.0,,,,
433,2000,7562,1.6406,0.0057,3.1772,5.465,0.012,0.13,5.57,0.85,0.0,489.0,207,271,11,42,55,2,536.0,0.05,0.0001,32177.0,,,,
434,2000,7579,1.5916,0.0121,3.0683,5.631,0.0114,0.11,4.61,0.87,0.0,383.0,190,183,10,50,48,3,684.0,0.06,0.0001,32104.0,,,,
435,2000,7595,1.6119,0.0139,3.106,5.584,0.0115,0.11,4.91,0.87,0.0,452.0,230,206,16,51,46,4,580.0,0.09,0.0001,32059.0,,,,
436,2000,7612,1.7062,0.0036,3.3116,5.335,0.0109,0.12,5.06,0.84,0.0,612.0,326,277,9,53,45,1,428.0,0.11,0.0001,32073.0,,,,
437,2000,7628,1.7583,0.0004,3.4215,5.237,0.0101,0.11,6.55,0.82,0.0,679.0,404,267,8,59,39,1,386.0,0.14,0.0001,32041.0,,,,
438,2000,7644,1.777,-0.0037,3.4659,5.092,0.0126,0.14,5.12,0.82,0.0,730.0,420,305,5,58,42,1,359.0,0.22,0.0001,32103.0,,,,
439,2000,7661,1.8014,-0.0111,3.5271,5.019,0.0103,0.11,6.55,0.84,0.0,811.0,495,314,2,61,39,0,323.0,0.25,0.0001,32113.0,,,,
440,2000,7677,1.8131,-0.0122,3.5536,5.041,0.0105,0.11,7.44,0.85,0.0,858.0,548,304,6,64,35,1,306.0,0.23,0.0001,32044.0,,,,
441,2000,7694,1.9215,-0.0068,3.7582,4.92,0.0117,0.13,7.93,0.81,0.0,1060.0,586,464,10,55,44,1,247.0,0.13,0.0001,30937.0,,,,
442,2000,7711,1.8646,0.0041,3.6237,5.013,0.0112,0.12,5.53,0.81,0.0,836.0,410,412,14,49,49,2,314.0,0.05,0.0001,32107.0,,,,
443,2000,7727,1.7578,0.0036,3.4119,5.215,0.0092,0.1,7.04,0.83,0.0,678.0,332,337,9,49,50,1,387.0,0.04,0.0001,32106.0,,,,
444,2000,7743,1.7156,-0.0026,3.3393,5.22,0.0089,0.09,7.95,0.84,0.0,586.0,324,258,4,55,44,1,447.0,0.03,0.0001,32106.0,,,,
445,2000,7760,1.6586,-0.0039,3.2287,5.26,0.0087,0.09,11.29,0.88,0.0,471.0,265,201,5,56,43,1,557.0,0.03,0.0001,32111.0,,,,
446,2000,7776,1.615,-0.0115,3.1577,5.233,0.01,0.11,6.78,0.87,0.0,431.0,240,178,13,56,41,3,608.0,0.03,0.0001,32090.0,,,,
447,2000,7793,1.5711,-0.0001,3.0484,5.334,0.0091,0.1,7.07,0.9,0.0,369.0,177,175,17,48,47,5,710.0,0.04,0.0001,32115.0,,,,
448,2000,7809,1.5205,-0.0166,2.9814,5.412,0.0068,0.07,12.17,0.9,0.0,335.0,142,165,28,42,49,8,783.0,0.04,0.0001,32103.0,,,,
449,2000,7825,1.5003,-0.0092,2.9276,5.446,0.009,0.09,8.05,0.91,0.0,316.0,115,168,33,36,53,10,830.0,0.03,0.0001,32097.0,188,44,280,37
450,2000,7857,1.5074,-0.008,2.9413,5.437,0.0094,0.09,7.49,0.9,0.0,372.0,127,190,55,34,51,15,705.0,0.04,0.0001,32245.0,,,,
451,2000,7873,1.5173,-0.0111,2.9652,5.367,0.0092,0.09,9.29,0.9,0.0,362.0,137,182,43,38,50,12,724.0,0.04,0.0001,32097.0,,,,
452,2000,7889,1.5402,-0.0026,2.9933,5.318,0.009,0.09,8.8,0.91,0.0,386.0,140,208,38,36,54,10,679.0,0.04,0.0001,32086.0,,,,
453,2000,7906,1.588,-0.0106,3.1024,5.148,0.0102,0.1,9.09,0.9,0.0,433.0,183,217,33,42,50,8,605.0,0.04,0.0001,32071.0,,,,
454,2000,7922,1.5796,-0.012,3.0886,5.158,0.0097,0.1,7.59,0.9,0.0,453.0,220,193,40,49,43,9,579.0,0.04,0.0001,32079.0,,,,
455,2000,7939,1.5719,-0.0193,3.0868,5.128,0.0094,0.1,9.41,0.89,0.0,425.0,192,205,28,45,48,7,617.0,0.04,0.0001,32103.0,,,,
456,2000,7955,1.6334,-0.0162,3.2015,4.97,0.0115,0.12,6.26,0.87,0.0,535.0,275,231,29,51,43,5,490.0,0.06,0.0001,32073.0,,,,
457,2000,7972,1.625,-0.0283,3.21,5.13,0.0107,0.11,11.26,0.86,0.0,519.0,262,233,24,50,45,5,505.0,0.04,0.0001,32087.0,,,,
458,2000,7988,1.5858,-0.0262,3.1281,5.315,0.0108,0.11,8.56,0.85,0.0,460.0,233,216,11,51,47,2,570.0,0.06,0.0001,32137.0,,,,
459,2000,8004,1.6667,-0.0223,3.2807,5.26,0.009,0.09,17.6,0.87,0.0,498.0,266,223,9,53,45,2,526.0,0.04,0.0001,32078.0,,,,
460,2000,8021,1.6601,-0.0244,3.2708,5.213,0.0083,0.08,17.7,0.86,0.0,522.0,270,242,10,52,46,2,502.0,0.03,0.0001,32081.0,,,,
461,2000,8038,1.7066,-0.0388,3.3913,5.125,0.0108,0.1,17.35,0.83,0.0,626.0,352,266,8,56,42,1,419.0,0.03,0.0001,30890.0,,,,
462,2000,8054,1.7763,-0.0279,3.5078,5.055,0.0084,0.08,30.4,0.83,0.0,655.0,346,303,6,53,46,1,400.0,0.03,0.0001,32120.0,,,,
463,2000,8071,1.6735,-0.0325,3.3109,5.087,0.0068,0.06,29.57,0.9,0.0,541.0,235,301,5,43,56,1,485.0,0.04,0.0001,32063.0,,,,
464,2000,8087,1.6772,-0.0231,3.3017,5.186,0.0099,0.09,19.62,0.91,0.0,605.0,229,370,6,38,61,1,433.0,0.04,0.0001,32056.0,,,,
465,2000,8104,1.7158,-0.0051,3.3437,5.232,0.0104,0.09,14.06,0.91,0.0,730.0,264,435,31,36,60,4,359.0,0.03,0.0001,32065.0,,,,
466,2000,8120,1.7902,-0.0126,3.5078,5.214,0.0099,0.09,19.41,0.88,0.0,907.0,357,533,17,39,59,2,289.0,0.04,0.0001,32040.0,,,,
467,2000,8136,1.7734,-0.0055,3.4584,5.084,0.0102,0.1,13.31,0.89,0.0,838.0,355,477,6,42,57,1,313.0,0.05,0.0001,32053.0,,,,
468,2000,8153,1.7382,-0.0072,3.3901,5.036,0.0101,0.09,16.84,0.91,0.0,707.0,293,411,3,41,58,0,371.0,0.07,0.0001,32053.0,,,,
469,2000,8169,1.6777,-0.0055,3.2662,5.085,0.0102,0.1,13.46,0.92,0.0,591.0,241,348,2,41,59,0,444.0,0.07,0.0001,32050.0,,,,
470,2000,8186,1.6593,-0.0082,3.2349,5.118,0.0089,0.08,24.09,0.93,0.0,556.0,230,324,2,41,58,0,471.0,0.07,0.0001,32060.0,,,,
471,2000,8202,1.6867,-0.0018,3.2749,4.937,0.0088,0.08,28.06,0.94,0.0,557.0,234,313,10,42,56,2,471.0,0.06,0.0001,32047.0,,,,
472,2000,8218,1.6716,-0.0063,3.2545,4.993,0.0086,0.07,21.74,0.94,0.0,562.0,222,329,11,40,59,2,466.0,0.06,0.0001,32073.0,,,,
473,2000,8235,1.6801,-0.0063,3.2724,4.999,0.0102,0.09,20.07,0.93,0.0,558.0,235,320,3,42,57,1,470.0,0.06,0.0001,32067.0,,,,
474,2000,8251,1.6796,-0.0006,3.2595,4.879,0.0136,0.12,13.47,0.91,0.0,569.0,242,321,6,43,56,1,461.0,0.06,0.0001,32075.0,,,,
475,2000,8268,1.7163,-0.0033,3.337,4.778,0.0117,0.1,22.19,0.9,0.0,579.0,245,328,6,42,57,1,453.0,0.07,0.0001,32068.0,,,,
476,2000,8284,1.7289,0.0024,3.3511,4.835,0.0151,0.11,22.12,0.91,0.0,587.0,258,326,3,44,56,1,447.0,0.07,0.0001,32048.0,,,,
477,2000,8300,1.7001,-0.013,3.3242,4.833,0.0096,0.09,22.06,0.92,0.0,574.0,276,297,1,48,52,0,457.0,0.07,0.0001,32061.0,,,,
478,2000,8317,1.6869,-0.0186,3.3103,4.894,0.0122,0.11,17.79,0.91,0.0,545.0,242,299,4,44,55,1,481.0,0.05,0.0001,32057.0,,,,
479,2000,8333,1.7083,-0.0078,3.332,4.921,0.0135,0.12,22.77,0.92,0.0,566.0,238,326,2,42,58,0,463.0,0.05,0.0001,32051.0,,,,
480,2000,8350,1.7674,-0.0283,3.4896,4.719,0.0127,0.13,18.88,0.9,0.0,723.0,333,388,2,46,54,0,363.0,0.04,0.0001,32050.0,,,,
481,2000,8367,1.8822,-0.0334,3.7259,4.524,0.0102,0.1,24.13,0.87,0.0,808.0,386,417,5,48,52,1,324.0,0.05,0.0001,30937.0,,,,
482,2000,8383,1.8468,0.0117,3.5681,4.759,0.0155,0.14,17.16,0.86,0.0,781.0,385,389,7,49,50,1,336.0,0.05,0.0001,32186.0,,,,
483,2000,8399,1.7522,-0.0119,3.4273,4.938,0.0132,0.12,15.71,0.86,0.0,686.0,343,335,8,50,49,1,382.0,0.04,0.0001,32201.0,,,,
484,2000,8416,1.6852,-0.0157,3.3041,5.185,0.0152,0.13,14.72,0.87,0.0,565.0,302,256,7,53,45,1,464.0,0.03,0.0001,32179.0,,,,
485,2000,8432,1.606,-0.0001,3.115,5.389,0.013,0.1,11.05,0.89,0.0,410.0,232,175,3,57,43,1,639.0,0.04,0.0001,32150.0,,,,
486,2000,8448,1.568,-0.0123,3.0652,5.491,0.0137,0.12,14.08,0.87,0.0,397.0,215,171,11,54,43,3,660.0,0.03,0.0001,32099.0,,,,
487,2000,8465,1.5408,-0.0154,3.0188,5.632,0.0132,0.1,10.19,0.88,0.0,380.0,211,161,8,56,42,2,690.0,0.03,0.0001,32065.0,,,,
488,2000,8481,1.5978,-0.031,3.1619,5.363,0.0124,0.11,13.92,0.86,0.0,464.0,237,216,11,51,47,2,565.0,0.05,0.0001,32152.0,,,,
489,2000,8498,1.6258,-0.0246,3.2052,5.322,0.0143,0.12,6.0,0.87,0.0,589.0,316,262,11,54,44,2,445.0,0.04,0.0001,32184.0,,,,
490,2000,8514,1.6363,-0.0168,3.2097,5.291,0.0117,0.11,13.0,0.88,0.0,493.0,234,253,6,47,51,1,532.0,0.04,0.0001,32118.0,,,,
491,2000,8530,1.6157,-0.0174,3.171,5.424,0.0114,0.1,10.47,0.88,0.0,458.0,240,213,5,52,47,1,572.0,0.03,0.0001,32099.0,,,,
492,2000,8547,1.585,-0.0082,3.0917,5.521,0.0106,0.09,11.49,0.9,0.0,428.0,213,210,5,50,49,1,612.0,0.05,0.0001,32060.0,,,,
493,2000,8563,1.5317,-0.0076,2.9869,5.712,0.0091,0.08,8.53,0.89,0.0,351.0,163,176,12,46,50,3,747.0,0.04,0.0001,32142.0,,,,
494,2000,8580,1.592,-0.0144,3.1182,5.491,0.0091,0.08,8.83,0.89,0.0,432.0,205,221,6,47,51,1,607.0,0.02,0.0001,32086.0,,,,
495,2000,8596,1.6421,-0.0168,3.2221,5.357,0.0085,0.08,12.23,0.91,0.0,547.0,241,299,7,44,55,1,479.0,0.04,0.0001,32078.0,,,,
496,2000,8612,1.6823,-0.0149,3.2966,5.215,0.0099,0.09,18.96,0.91,0.0,569.0,266,300,3,47,53,1,461.0,0.02,0.0001,32075.0,,,,
497,2000,8629,1.7099,-0.0121,3.346,5.178,0.0103,0.09,18.31,0.9,0.0,667.0,274,391,2,41,59,0,393.0,0.01,0.0001,32040.0,,,,
498,2000,8645,1.6669,-0.0062,3.2485,5.19,0.0113,0.1,9.51,0.91,0.0,600.0,244,355,1,41,59,0,437.0,0.01,0.0001,32071.0,,,,
499,2000,8662,1.6658,-0.0101,3.2569,5.409,0.0103,0.09,16.15,0.91,0.0,606.0,238,367,1,39,61,0,433.0,0.02,0.0001,32057.0,182,40,290,36
500,2000,8693,1.64,-0.0064,3.1981,5.476,0.009,0.08,8.61,0.91,0.0,547.0,222,325,0,41,59,0,479.0,0.01,0.0001,32188.0,,,,
501,2000,8710,1.7037,0.019,3.2739,5.299,0.01,0.09,16.29,0.88,0.0,540.0,246,292,2,46,54,0,485.0,0.03,0.0001,30935.0,,,,
502,2000,8727,1.648,0.0068,3.1874,5.37,0.0124,0.11,6.47,0.88,0.0,492.0,264,228,0,54,46,0,533.0,0.04,0.0001,32013.0,,,,
503,2000,8743,1.6532,-0.006,3.2227,5.317,0.0097,0.09,10.42,0.86,0.0,480.0,244,235,1,51,49,0,546.0,0.05,0.0001,32004.0,,,,
504,2000,8759,1.6485,-0.0019,3.2059,5.361,0.0118,0.1,9.58,0.89,0.0,427.0,211,214,2,49,50,0,614.0,0.05,0.0001,32009.0,,,,
505,2000,8776,1.647,-0.0068,3.2143,5.374,0.0107,0.1,14.9,0.87,0.0,486.0,243,226,17,50,47,3,539.0,0.05,0.0001,32024.0,,,,
506,2000,8792,1.6527,0.0189,3.1732,5.22,0.01,0.09,7.84,0.89,0.0,456.0,221,221,14,48,48,3,575.0,0.04,0.0001,32014.0,,,,
507,2000,8809,1.5984,0.0125,3.0784,5.37,0.0109,0.1,6.57,0.89,0.0,428.0,205,214,9,48,50,2,612.0,0.04,0.0001,32014.0,,,,
508,2000,8825,1.5831,0.0151,3.0423,5.403,0.0118,0.1,7.25,0.9,0.0,441.0,213,221,7,48,50,2,594.0,0.03,0.0001,32021.0,,,,
509,2000,8842,1.6192,0.015,3.114,5.313,0.01,0.09,8.29,0.88,0.0,425.0,204,208,13,48,49,3,617.0,0.03,0.0001,32034.0,,,,
510,2000,8858,1.6775,0.0109,3.2372,5.077,0.0111,0.11,9.47,0.89,0.0,539.0,257,268,14,48,50,3,486.0,0.05,0.0001,32039.0,,,,
511,2000,8874,1.7119,0.01,3.3066,4.96,0.0114,0.11,7.79,0.89,0.0,606.0,267,325,14,44,54,2,433.0,0.06,0.0001,32036.0,,,,
512,2000,8891,1.7642,0.0146,3.4001,4.87,0.012,0.11,10.2,0.88,0.0,710.0,316,387,7,45,55,1,369.0,0.06,0.0001,32040.0,,,,
513,2000,8907,1.7131,0.0163,3.297,5.059,0.0096,0.09,16.0,0.9,0.0,564.0,282,268,14,50,48,2,465.0,0.05,0.0001,32109.0,,,,
514,2000,8924,1.5856,0.0104,3.0538,5.289,0.0054,0.05,17.08,0.92,0.0,375.0,160,209,6,43,56,2,699.0,0.04,0.0001,32135.0,,,,
515,2000,8940,1.5609,0.0108,3.0056,5.399,0.0068,0.06,12.73,0.92,0.0,329.0,148,169,12,45,51,4,797.0,0.05,0.0001,32082.0,,,,
516,2000,8956,1.591,0.0189,3.0493,5.36,0.0085,0.07,15.16,0.93,0.0,379.0,162,198,19,43,52,5,692.0,0.04,0.0001,32117.0,,,,
517,2000,8973,1.6117,0.0257,3.0777,5.275,0.007,0.06,18.05,0.92,0.0,406.0,179,197,30,44,49,7,646.0,0.03,0.0001,32099.0,,,,
518,2000,8989,1.6613,0.0303,3.1652,5.129,0.0079,0.08,23.5,0.92,0.0,436.0,216,195,25,50,45,6,601.0,0.04,0.0001,32057.0,,,,
519,2000,9006,1.65,0.0239,3.1556,5.127,0.0063,0.06,22.11,0.92,0.0,452.0,222,205,25,49,45,6,580.0,0.04,0.0001,32085.0,,,,
520,2000,9022,1.6849,0.039,3.1942,5.089,0.0088,0.08,16.86,0.91,0.0,520.0,223,279,18,43,54,3,504.0,0.02,0.0001,32083.0,,,,
521,2000,9039,1.7757,0.0352,3.3848,5.211,0.0087,0.08,20.92,0.88,0.0,575.0,251,309,15,44,54,3,456.0,0.03,0.0001,30997.0,,,,
522,2000,9055,1.732,0.0397,3.2885,5.181,0.0131,0.11,9.69,0.88,0.0,520.0,252,254,14,48,49,3,504.0,0.06,0.0001,32064.0,,,,
523,2000,9072,1.7535,0.0548,3.3007,5.173,0.0156,0.13,7.37,0.87,0.0,600.0,294,296,10,49,49,2,437.0,0.06,0.0001,32114.0,,,,
524,2000,9088,1.7076,0.042,3.2349,5.157,0.0137,0.12,7.47,0.88,0.0,555.0,255,280,20,46,50,4,472.0,0.08,0.0001,32123.0,,,,
525,2000,9104,1.6861,0.045,3.1882,5.24,0.0138,0.12,8.65,0.89,0.0,503.0,216,255,32,43,51,6,521.0,0.08,0.0001,32159.0,,,,
526,2000,9121,1.7642,0.038,3.3557,5.013,0.0139,0.13,11.76,0.87,0.0,590.0,257,306,27,44,52,5,444.0,0.07,0.0001,32096.0,,,,
527,2000,9137,1.7344,0.0347,3.302,4.983,0.014,0.12,5.58,0.87,0.0,619.0,272,320,27,44,52,4,423.0,0.07,0.0001,32176.0,,,,
528,2000,9154,1.7457,0.0343,3.3249,4.971,0.0112,0.1,11.53,0.87,0.0,579.0,278,279,22,48,48,4,453.0,0.06,0.0001,32096.0,,,,
529,2000,9170,1.7009,0.0321,3.2399,4.952,0.0108,0.1,12.04,0.9,0.0,564.0,249,290,25,44,51,4,465.0,0.05,0.0001,32139.0,,,,
530,2000,9186,1.7367,0.0336,3.3081,4.968,0.0105,0.1,10.28,0.89,0.0,587.0,259,308,20,44,52,3,447.0,0.05,0.0001,32109.0,,,,
531,2000,9203,1.6829,0.0305,3.207,5.012,0.0089,0.08,13.47,0.9,0.0,488.0,234,232,22,48,48,5,537.0,0.05,0.0001,32118.0,,,,
532,2000,9219,1.6316,0.0219,3.1236,5.223,0.0086,0.08,12.77,0.9,0.0,436.0,193,219,24,44,50,6,601.0,0.04,0.0001,32116.0,,,,
533,2000,9236,1.6298,0.0214,3.1198,5.195,0.0092,0.08,11.31,0.9,0.0,440.0,210,216,14,48,49,3,596.0,0.04,0.0001,32149.0,,,,
534,2000,9252,1.6994,0.0222,3.2554,4.88,0.0091,0.09,11.64,0.91,0.0,524.0,271,233,20,52,44,4,500.0,0.05,0.0001,32161.0,,,,
535,2000,9268,1.7043,0.0257,3.2577,4.936,0.0097,0.08,16.91,0.91,0.0,517.0,255,249,13,49,48,3,507.0,0.03,0.0001,32116.0,,,,
536,2000,9285,1.6846,0.0374,3.1954,5.029,0.0114,0.1,12.88,0.9,0.0,485.0,241,233,11,50,48,2,541.0,0.02,0.0001,32099.0,,,,
537,2000,9301,1.6457,0.0142,3.1653,5.127,0.0096,0.08,13.9,0.91,0.0,453.0,215,234,4,47,52,1,579.0,0.02,0.0001,32123.0,,,,
538,2000,9318,1.6854,0.0248,3.2214,4.968,0.01,0.08,17.89,0.9,0.0,494.0,257,222,15,52,45,3,531.0,0.02,0.0001,32103.0,,,,
539,2000,9334,1.6666,0.0246,3.1849,4.976,0.0107,0.09,15.28,0.91,0.0,472.0,246,213,13,52,45,3,555.0,0.01,0.0001,32121.0,,,,
540,2000,9350,1.5987,0.0101,3.0816,5.282,0.0098,0.08,15.74,0.93,0.0,420.0,200,206,14,48,49,3,624.0,0.02,0.0001,32116.0,,,,
541,2000,9367,1.622,0.0121,3.1241,5.3,0.0103,0.07,18.72,0.91,0.0,360.0,180,154,26,50,43,7,728.0,0.02,0.0001,30966.0,,,,
542,2000,9384,1.5929,0.0135,3.0611,5.287,0.0063,0.05,27.63,0.91,0.0,316.0,139,154,23,44,49,7,830.0,0.02,0.0001,32179.0,,,,
543,2000,9400,1.5655,0.013,3.0078,5.339,0.0077,0.06,26.7,0.91,0.0,288.0,112,150,26,39,52,9,910.0,0.03,0.0001,32111.0,,,,
544,2000,9417,1.5098,0.0173,2.8896,5.422,0.0107,0.07,16.4,0.93,0.0,246.0,87,129,30,35,52,12,1066.0,0.04,0.0001,32164.0,,,,
545,2000,9433,1.5264,0.0108,2.9371,5.402,0.0085,0.06,17.01,0.92,0.0,285.0,90,133,62,32,47,22,920.0,0.07,0.0001,32117.0,,,,
546,2000,9449,1.5301,0.0214,2.9237,5.505,0.0144,0.09,11.6,0.92,0.0,314.0,106,138,70,34,44,22,835.0,0.08,0.0001,32128.0,,,,
547,2000,9466,1.586,0.0241,3.0271,5.314,0.0126,0.08,20.82,0.9,0.0,386.0,133,192,61,34,50,16,679.0,0.07,0.0001,32171.0,,,,
548,2000,9482,1.5493,0.0118,2.9778,5.333,0.0086,0.06,24.98,0.91,0.0,356.0,136,178,42,38,50,12,736.0,0.06,0.0001,32112.0,,,,
549,2000,9498,1.5039,0.0084,2.8951,5.415,0.0073,0.06,22.58,0.92,0.0,283.0,109,137,37,39,48,13,926.0,0.05,0.0001,32113.0,219,10,283,43
550,2000,9530,1.5323,0.0153,2.9393,5.403,0.0124,0.09,13.37,0.91,0.0,332.0,132,155,45,40,47,14,790.0,0.05,0.0001,32272.0,,,,
551,2000,9546,1.5533,0.0056,2.9997,5.356,0.0098,0.08,15.25,0.9,0.0,358.0,133,179,46,37,50,13,732.0,0.06,0.0001,32118.0,,,,
552,2000,9563,1.5716,0.0197,3.0077,5.292,0.0123,0.1,11.51,0.9,0.0,354.0,138,178,38,39,50,11,741.0,0.06,0.0001,32137.0,,,,
553,2000,9579,1.5556,0.0143,2.9843,5.197,0.0103,0.09,14.36,0.91,0.0,323.0,119,172,32,37,53,10,812.0,0.05,0.0001,32145.0,,,,
554,2000,9595,1.525,0.016,2.9184,5.117,0.011,0.08,15.14,0.91,0.0,318.0,122,155,41,38,49,13,824.0,0.05,0.0001,32135.0,,,,
555,2000,9612,1.513,0.0148,2.9001,5.357,0.0095,0.07,13.52,0.92,0.0,307.0,116,140,51,38,46,17,854.0,0.05,0.0001,32110.0,,,,
556,2000,9628,1.5365,0.0132,2.9466,5.073,0.0075,0.06,16.9,0.91,0.0,339.0,131,144,64,39,42,19,773.0,0.04,0.0001,32110.0,,,,
557,2000,9645,1.5478,0.0108,2.976,5.167,0.0073,0.06,22.91,0.92,0.0,361.0,159,137,65,44,38,18,726.0,0.03,0.0001,32134.0,,,,
558,2000,9661,1.5331,0.0158,2.9364,5.15,0.0096,0.07,20.38,0.92,0.0,335.0,138,141,56,41,42,17,783.0,0.03,0.0001,32115.0,,,,
559,2000,9677,1.5294,0.0099,2.9422,5.218,0.0077,0.06,28.61,0.91,0.0,310.0,134,124,52,43,40,17,846.0,0.03,0.0001,32119.0,,,,
560,2000,9694,1.5027,0.0059,2.9,5.37,0.0074,0.06,22.54,0.92,0.0,292.0,128,111,53,44,38,18,898.0,0.03,0.0001,32184.0,,,,
561,2000,9711,1.5213,0.0148,2.9204,5.463,0.0128,0.1,9.88,0.89,0.0,325.0,137,132,56,42,41,17,807.0,0.03,0.0001,30931.0,,,,
562,2000,9727,1.5135,0.009,2.9194,5.659,0.0098,0.08,14.74,0.88,0.0,277.0,112,107,58,40,39,21,946.0,0.05,0.0001,32145.0,,,,
563,2000,9743,1.6158,0.0116,3.1166,5.436,0.0122,0.11,10.65,0.86,0.0,399.0,158,181,60,40,45,15,657.0,0.06,0.0001,32039.0,,,,
564,2000,9760,1.5847,0.0159,3.047,5.488,0.0137,0.12,7.22,0.85,0.0,413.0,184,180,49,45,44,12,635.0,0.06,0.0001,32115.0,,,,
565,2000,9776,1.6187,0.024,3.0981,5.448,0.0182,0.14,7.11,0.84,0.0,430.0,173,218,39,40,51,9,610.0,0.05,0.0001,32118.0,,,,
566,2000,9793,1.6463,0.0173,3.1668,5.392,0.0105,0.1,7.59,0.82,0.0,476.0,225,220,31,47,46,7,551.0,0.04,0.0001,32109.0,,,,
567,2000,9809,1.647,0.0301,3.1421,5.357,0.0146,0.13,4.94,0.82,0.0,500.0,231,234,35,46,47,7,524.0,0.06,0.0001,32060.0,,,,
568,2000,9825,1.6306,0.0214,3.1286,5.481,0.0116,0.11,5.74,0.82,0.0,483.0,239,221,23,49,46,5,543.0,0.09,0.0001,32086.0,,,,
569,2000,9842,1.7285,0.0266,3.3116,5.278,0.0118,0.11,6.06,0.8,0.0,635.0,320,295,20,50,46,3,413.0,0.12,0.0001,32065.0,,,,
570,2000,9858,1.7985,0.0218,3.4598,5.14,0.0094,0.09,11.15,0.82,0.0,727.0,355,353,19,49,49,3,361.0,0.12,0.0001,32102.0,,,,
571,2000,9875,1.7633,0.023,3.3865,5.126,0.0111,0.1,7.09,0.84,0.0,704.0,346,335,23,49,48,3,372.0,0.11,0.0001,32041.0,,,,
572,2000,9891,1.7795,0.025,3.4145,5.111,0.0105,0.1,6.37,0.83,0.0,739.0,369,356,14,50,48,2,355.0,0.07,0.0001,32043.0,,,,
573,2000,9908,1.8213,0.0376,3.472,5.032,0.0118,0.11,7.91,0.82,0.0,751.0,380,367,4,51,49,1,349.0,0.04,0.0001,32047.0,,,,
574,2000,9924,1.8217,0.0292,3.489,4.941,0.0092,0.09,8.52,0.84,0.0,796.0,387,398,11,49,50,1,329.0,0.05,0.0001,32128.0,,,,
575,2000,9940,1.8257,0.0424,3.4702,4.952,0.0109,0.11,8.22,0.86,0.0,826.0,418,402,6,51,49,1,317.0,0.04,0.0001,32154.0,,,,
576,2000,9957,1.807,0.0313,3.4535,4.852,0.0099,0.1,7.43,0.87,0.0,805.0,396,399,10,49,50,1,326.0,0.04,0.0001,32097.0,,,,
577,2000,9973,1.8119,0.0367,3.4539,4.953,0.0082,0.09,16.38,0.87,0.0,787.0,397,381,9,50,48,1,333.0,0.04,0.0001,32113.0,,,,
578,2000,9989,1.7659,0.0311,3.3743,5.142,0.0076,0.07,13.65,0.87,0.0,667.0,310,332,25,46,50,4,393.0,0.05,0.0001,32085.0,,,,
579,2000,10006,1.6849,0.0415,3.1928,5.291,0.0097,0.09,9.24,0.87,0.0,571.0,289,273,9,51,48,2,459.0,0.02,0.0001,32073.0,,,,
580,2000,10022,1.6813,0.0305,3.2078,5.298,0.008,0.08,10.94,0.88,0.0,499.0,252,233,14,51,47,3,525.0,0.01,0.0001,32073.0,,,,
581,2000,10039,1.6415,0.0346,3.1222,5.412,0.0087,0.08,8.91,0.86,0.0,447.0,191,224,32,43,50,7,586.0,0.04,0.0001,30944.0,,,,
582,2000,10056,1.5606,0.0263,2.9786,5.623,0.0101,0.08,8.23,0.87,0.0,345.0,152,153,40,44,44,12,760.0,0.08,0.0001,32121.0,,,,
583,2000,10072,1.5311,0.0264,2.921,5.686,0.009,0.07,9.93,0.88,0.0,307.0,147,127,33,48,41,11,854.0,0.09,0.0001,32089.0,,,,
584,2000,10088,1.4489,0.0224,2.7651,5.818,0.0124,0.09,4.76,0.89,0.0,240.0,108,110,22,45,46,9,1092.0,0.09,0.0001,32077.0,,,,
585,2000,10105,1.4328,0.0175,2.7478,5.894,0.0093,0.07,6.05,0.88,0.0,269.0,85,93,91,32,35,34,975.0,0.08,0.0001,32087.0,,,,
586,2000,10121,1.4126,0.0075,2.7285,5.911,0.0112,0.07,6.1,0.87,0.0,251.0,89,82,80,35,33,32,1044.0,0.05,0.0001,32142.0,,,,
587,2000,10138,1.4063,0.0075,2.714,5.953,0.011,0.08,6.13,0.85,0.0,242.0,89,81,72,37,33,30,1083.0,0.05,0.0001,32078.0,,,,
588,2000,10154,1.4671,0.0064,2.8351,5.689,0.0115,0.08,5.13,0.85,0.0,299.0,115,116,68,38,39,23,877.0,0.06,0.0001,32123.0,,,,
589,2000,10170,1.4179,0.0098,2.7312,5.788,0.0114,0.09,5.81,0.88,0.0,256.0,119,73,64,46,29,25,1024.0,0.04,0.0001,32073.0,,,,
590,2000,10187,1.4292,0.0003,2.7726,5.786,0.009,0.06,5.92,0.87,0.0,288.0,106,110,72,37,38,25,910.0,0.04,0.0001,32074.0,,,,
591,2000,10203,1.4151,0.0053,2.7316,5.771,0.0086,0.06,10.19,0.9,0.0,234.0,95,82,57,41,35,24,1120.0,0.04,0.0001,32085.0,,,,
592,2000,10220,1.3889,-0.0043,2.7022,5.843,0.0089,0.06,9.13,0.91,0.0,246.0,75,77,94,30,31,38,1066.0,0.04,0.0001,32101.0,,,,
593,2000,10236,1.3823,0.0051,2.67,5.9,0.0072,0.05,7.59,0.88,0.0,222.0,77,62,83,35,28,37,1181.0,0.03,0.0001,32094.0,,,,
594,2000,10252,1.3911,0.0053,2.685,5.84,0.0102,0.06,9.13,0.89,0.0,232.0,74,83,75,32,36,32,1130.0,0.04,0.0001,32088.0,,,,
595,2000,10269,1.3745,0.0059,2.653,5.947,0.0101,0.07,4.99,0.89,0.0,216.0,70,68,78,32,31,36,1214.0,0.05,0.0001,32080.0,,,,
596,2000,10285,1.4122,0.0058,2.7275,5.856,0.0095,0.07,5.67,0.88,0.0,255.0,77,99,79,30,39,31,1028.0,0.08,0.0001,32092.0,,,,
597,2000,10302,1.3944,0.0094,2.6866,5.905,0.0118,0.08,4.19,0.87,0.0,240.0,87,78,75,36,32,31,1092.0,0.08,0.0001,32093.0,,,,
598,2000,10318,1.4371,0.0065,2.7747,5.742,0.0102,0.09,5.57,0.86,0.0,272.0,116,93,63,43,34,23,964.0,0.09,0.0001,32077.0,,,,
599,2000,10335,1.4374,0.0103,2.7701,5.747,0.0096,0.08,5.85,0.89,0.0,274.0,110,91,73,40,33,27,957.0,0.08,0.0001,32124.0,128,8,376,25
600,2000,10366,1.4605,0.0179,2.8007,5.768,0.0086,0.07,4.8,0.89,0.0,318.0,120,106,92,38,33,29,824.0,0.07,0.0001,32222.0,,,,
601,2000,10383,1.5212,0.0205,2.915,5.601,0.0081,0.07,6.47,0.9,0.0,343.0,128,139,76,37,41,22,764.0,0.08,0.0001,30867.0,,,,
602,2000,10399,1.4835,0.0172,2.8473,5.561,0.0092,0.08,6.32,0.92,0.0,297.0,107,121,69,36,41,23,883.0,0.08,0.0001,32109.0,,,,
603,2000,10416,1.5201,0.0226,2.9101,5.707,0.0081,0.07,11.31,0.92,0.0,326.0,127,141,58,39,43,18,804.0,0.08,0.0001,32035.0,,,,
604,2000,10432,1.5337,0.019,2.9433,5.596,0.0067,0.06,10.64,0.91,0.0,323.0,120,151,52,37,47,16,812.0,0.09,0.0001,32027.0,,,,
605,2000,10449,1.569,0.0278,2.9964,5.575,0.0086,0.08,12.47,0.91,0.0,384.0,145,175,64,38,46,17,683.0,0.08,0.0001,32055.0,,,,
606,2000,10465,1.5924,0.0278,3.0414,5.543,0.0055,0.05,13.99,0.92,0.0,386.0,159,181,46,41,47,12,679.0,0.09,0.0001,32079.0,,,,
607,2000,10482,1.5884,0.0295,3.0301,5.49,0.0091,0.08,8.0,0.92,0.0,380.0,145,191,44,38,50,12,690.0,0.09,0.0001,32065.0,,,,
608,2000,10498,1.5847,0.0286,3.0241,5.474,0.0096,0.08,8.67,0.93,0.0,368.0,188,139,41,51,38,11,712.0,0.09,0.0001,32053.0,,,,
609,2000,10514,1.5898,0.0319,3.0285,5.469,0.01,0.09,6.0,0.93,0.0,413.0,172,184,57,42,45,14,635.0,0.08,0.0001,32056.0,,,,
610,2000,10531,1.5909,0.0274,3.0396,5.459,0.0087,0.08,9.18,0.93,0.0,419.0,198,167,54,47,40,13,626.0,0.08,0.0001,32043.0,,,,
611,2000,10547,1.4847,0.0258,2.8342,5.816,0.0086,0.07,6.41,0.94,0.0,282.0,124,106,52,44,38,18,930.0,0.08,0.0001,32133.0,,,,
612,2000,10564,1.4614,0.02,2.8005,5.889,0.0074,0.07,6.51,0.94,0.0,263.0,80,123,60,30,47,23,997.0,0.07,0.0001,32054.0,,,,
613,2000,10580,1.463,0.0192,2.8061,5.86,0.0097,0.08,6.02,0.94,0.0,244.0,93,92,59,38,38,24,1074.0,0.07,0.0001,32059.0,,,,
614,2000,10597,1.4324,0.0149,2.7565,5.92,0.0083,0.06,7.21,0.95,0.0,246.0,88,76,82,36,31,33,1066.0,0.06,0.0001,32066.0,,,,
615,2000,10613,1.4302,0.0097,2.7615,5.922,0.0066,0.06,7.46,0.94,0.0,250.0,79,98,73,32,39,29,1049.0,0.05,0.0001,32059.0,,,,
616,2000,10629,1.4435,0.0083,2.7899,5.908,0.0069,0.06,7.57,0.95,0.0,248.0,91,85,72,37,34,29,1057.0,0.06,0.0001,32069.0,,,,
617,2000,10646,1.439,0.0112,2.7761,5.892,0.0071,0.07,6.75,0.94,0.0,258.0,90,97,71,35,38,28,1016.0,0.05,0.0001,32069.0,,,,
618,2000,10662,1.4099,0.013,2.7138,5.933,0.01,0.08,3.96,0.95,0.0,224.0,67,87,70,30,39,31,1170.0,0.05,0.0001,32053.0,,,,
619,2000,10679,1.5369,0.0178,2.9579,5.647,0.0103,0.09,12.45,0.92,0.0,370.0,126,144,100,34,39,27,708.0,0.05,0.0001,32055.0,,,,
620,2000,10695,1.584,0.0137,3.0531,5.23,0.0069,0.08,13.13,0.92,0.0,405.0,170,176,59,42,43,15,647.0,0.06,0.0001,32040.0,,,,
621,2000,10712,1.6808,0.0354,3.2017,5.179,0.0098,0.1,7.45,0.9,0.0,531.0,203,261,67,38,49,13,494.0,0.07,0.0001,30894.0,,,,
622,2000,10728,1.6539,0.0318,3.1585,5.483,0.0082,0.08,16.84,0.91,0.0,467.0,162,262,43,35,56,9,561.0,0.11,0.0001,32114.0,,,,
623,2000,10745,1.6605,0.0216,3.1912,5.41,0.0074,0.07,10.44,0.91,0.0,468.0,186,226,56,40,48,12,560.0,0.13,0.0001,32078.0,,,,
624,2000,10761,1.6399,0.028,3.1383,5.535,0.0102,0.1,6.68,0.92,0.0,444.0,177,232,35,40,52,8,590.0,0.14,0.0001,32129.0,,,,
625,2000,10778,1.674,0.0256,3.2115,5.538,0.0083,0.08,9.94,0.92,0.0,524.0,210,260,54,40,50,10,500.0,0.16,0.0001,32064.0,,,,
626,2000,10794,1.7159,0.0208,3.3027,5.479,0.0086,0.08,15.78,0.92,0.0,582.0,214,330,38,37,57,7,450.0,0.15,0.0001,32063.0,,,,
627,2000,10810,1.6536,0.0191,3.1816,5.516,0.0069,0.06,14.24,0.94,0.0,485.0,206,244,35,42,50,7,541.0,0.13,0.0001,32065.0,,,,
628,2000,10827,1.702,0.0157,3.2843,5.442,0.0043,0.05,22.86,0.93,0.0,517.0,213,276,28,41,53,5,507.0,0.1,0.0001,32124.0,,,,
629,2000,10843,1.6767,0.0119,3.2405,5.443,0.0086,0.08,16.95,0.94,0.0,486.0,216,253,17,44,52,3,539.0,0.1,0.0001,32075.0,,,,
630,2000,10860,1.6634,0.0097,3.2195,5.443,0.0076,0.07,17.13,0.95,0.0,509.0,213,266,30,42,52,6,515.0,0.09,0.0001,32069.0,,,,
631,2000,10876,1.6583,0.0095,3.2096,5.494,0.0077,0.07,12.14,0.95,0.0,514.0,233,251,30,45,49,6,510.0,0.09,0.0001,32057.0,,,,
632,2000,10892,1.6358,0.0116,3.1602,5.483,0.0073,0.07,18.42,0.95,0.0,453.0,209,218,26,46,48,6,579.0,0.12,0.0001,32079.0,,,,
633,2000,10909,1.6486,0.0126,3.1831,5.451,0.0086,0.08,16.72,0.94,0.0,494.0,248,218,28,50,44,6,531.0,0.12,0.0001,32064.0,,,,
634,2000,10925,1.6498,0.017,3.177,5.433,0.0108,0.09,10.6,0.94,0.0,508.0,242,240,26,48,47,5,516.0,0.12,0.0001,32068.0,,,,
635,2000,10942,1.6761,0.0207,3.2234,5.419,0.0114,0.1,8.98,0.93,0.0,536.0,263,238,35,49,44,7,489.0,0.11,0.0001,32049.0,,,,
636,2000,10958,1.6833,0.0199,3.2374,5.388,0.0107,0.09,11.27,0.93,0.0,563.0,286,245,32,51,44,6,466.0,0.11,0.0001,32046.0,,,,
637,2000,10975,1.7148,0.0229,3.2941,5.345,0.0092,0.08,12.53,0.93,0.0,570.0,291,253,26,51,44,5,460.0,0.12,0.0001,32049.0,,,,
638,2000,10991,1.7,0.0204,3.2691,5.315,0.01,0.09,11.04,0.92,0.0,585.0,315,242,28,54,41,5,448.0,0.11,0.0001,32063.0,,,,
639,2000,11007,1.7242,0.0155,3.327,5.272,0.0114,0.1,8.57,0.92,0.0,648.0,344,282,22,53,44,3,405.0,0.1,0.0001,32056.0,,,,
640,2000,11024,1.7146,0.0082,3.3225,5.336,0.0081,0.07,12.78,0.92,0.0,633.0,329,286,18,52,45,3,414.0,0.07,0.0001,32126.0,,,,
641,2000,11041,1.7945,0.0341,3.4322,5.444,0.0139,0.11,9.34,0.89,0.0,665.0,354,299,12,53,45,2,394.0,0.05,0.0001,30888.0,,,,
642,2000,11057,1.8357,0.0364,3.5095,5.348,0.0116,0.11,7.2,0.86,0.0,724.0,385,332,7,53,46,1,362.0,0.03,0.0001,32058.0,,,,
643,2000,11074,1.8134,0.0204,3.4972,5.409,0.0117,0.1,6.75,0.85,0.0,736.0,410,320,6,56,43,1,356.0,0.03,0.0001,32121.0,,,,
644,2000,11090,1.7781,0.0138,3.4396,5.432,0.011,0.09,7.83,0.85,0.0,712.0,373,331,8,52,46,1,368.0,0.04,0.0001,32044.0,,,,
645,2000,11106,1.7878,0.0089,3.4679,5.376,0.009,0.08,17.92,0.84,0.0,748.0,435,296,17,58,40,2,350.0,0.03,0.0001,32066.0,,,,
646,2000,11123,1.762,0.0101,3.414,5.415,0.0095,0.08,17.21,0.85,0.0,634.0,328,299,7,52,47,1,413.0,0.02,0.0001,32045.0,,,,
647,2000,11139,1.7828,0.0205,3.4351,5.404,0.0104,0.09,8.06,0.83,0.0,711.0,359,341,11,50,48,2,369.0,0.02,0.0001,32050.0,,,,
648,2000,11156,1.806,0.0144,3.4935,5.422,0.0104,0.09,7.13,0.85,0.0,815.0,390,415,10,48,51,1,322.0,0.04,0.0001,32048.0,,,,
649,2000,11172,1.7612,0.009,3.4159,5.553,0.0093,0.08,8.48,0.86,0.0,761.0,341,415,5,45,55,1,344.0,0.03,0.0001,32120.0,215,13,284,42
650,2000,11203,1.7815,0.001,3.4721,5.49,0.0086,0.08,11.85,0.87,0.0,759.0,324,434,1,43,57,0,345.0,0.04,0.0001,32273.0,,,,
651,2000,11220,1.7634,0.024,3.3892,5.449,0.0096,0.09,10.6,0.87,0.0,743.0,310,428,5,42,58,1,353.0,0.03,0.0001,32066.0,,,,
652,2000,11236,1.763,0.0183,3.4002,5.433,0.0094,0.08,8.95,0.86,0.0,737.0,317,417,3,43,57,0,356.0,0.03,0.0001,32055.0,,,,
653,2000,11253,1.6938,0.0157,3.268,5.531,0.0092,0.08,7.12,0.88,0.0,616.0,259,354,3,42,57,0,426.0,0.03,0.0001,32061.0,,,,
654,2000,11269,1.6705,0.0182,3.2156,5.53,0.0102,0.09,8.42,0.9,0.0,561.0,225,335,1,40,60,0,467.0,0.02,0.0001,32066.0,,,,
655,2000,11285,1.6816,0.0018,3.2705,5.517,0.0093,0.07,17.15,0.89,0.0,543.0,224,318,1,41,59,0,483.0,0.03,0.0001,32053.0,,,,
656,2000,11302,1.631,0.0034,3.1657,5.469,0.0098,0.08,7.93,0.9,0.0,557.0,210,344,3,38,62,1,471.0,0.03,0.0001,32062.0,,,,
657,2000,11318,1.6585,0.0003,3.2269,5.356,0.0143,0.11,8.29,0.9,0.0,578.0,224,340,14,39,59,2,454.0,0.03,0.0001,32036.0,,,,
658,2000,11335,1.6856,-0.0066,3.2955,5.255,0.0108,0.1,9.19,0.89,0.0,636.0,255,357,24,40,56,4,412.0,0.04,0.0001,32057.0,,,,
659,2000,11351,1.7438,-0.0083,3.4132,5.161,0.0123,0.11,9.63,0.88,0.0,744.0,343,388,13,46,52,2,352.0,0.06,0.0001,32048.0,,,,
660,2000,11368,1.7838,-0.0086,3.4936,5.077,0.0104,0.1,7.8,0.88,0.0,874.0,362,496,16,41,57,2,300.0,0.04,0.0001,32054.0,,,,
661,2000,11385,1.8266,0.0016,3.559,5.155,0.0122,0.11,7.27,0.84,0.0,806.0,352,451,3,44,56,0,325.0,0.03,0.0001,30916.0,,,,
662,2000,11401,1.7701,0.0059,3.4378,5.178,0.0115,0.11,5.64,0.85,0.0,722.0,324,394,4,45,55,1,363.0,0.05,0.0001,32060.0,,,,
663,2000,11417,1.7473,0.0042,3.3965,5.275,0.0099,0.09,12.94,0.85,0.0,642.0,320,317,5,50,49,1,408.0,0.06,0.0001,32102.0,,,,
664,2000,11434,1.7099,0.0136,3.3031,5.298,0.0126,0.11,9.98,0.86,0.0,613.0,279,329,5,46,54,1,428.0,0.05,0.0001,32068.0,,,,
665,2000,11450,1.7129,0.0039,3.3288,5.341,0.0097,0.09,8.88,0.85,0.0,611.0,314,289,8,51,47,1,429.0,0.03,0.0001,32049.0,,,,
666,2000,11467,1.6175,0.0004,3.1474,5.58,0.0098,0.08,8.01,0.87,0.0,497.0,262,226,9,53,45,2,527.0,0.04,0.0001,32107.0,,,,
667,2000,11483,1.5891,0.0016,3.0896,5.753,0.0079,0.06,8.1,0.87,0.0,426.0,205,210,11,48,49,3,615.0,0.04,0.0001,32052.0,,,,
668,2000,11499,1.5601,-0.0003,3.0348,5.772,0.0078,0.06,7.73,0.86,0.0,371.0,168,191,12,45,51,3,707.0,0.04,0.0001,32061.0,,,,
669,2000,11516,1.4972,-0.007,2.9232,5.843,0.0094,0.07,8.17,0.89,0.0,321.0,151,148,22,47,46,7,817.0,0.02,0.0001,32080.0,,,,
670,2000,11532,1.4686,0.0032,2.848,5.951,0.0084,0.06,6.37,0.89,0.0,317.0,143,130,44,45,41,14,827.0,0.02,0.0001,32144.0,,,,
671,2000,11549,1.4981,0.0001,2.912,5.886,0.008,0.06,8.89,0.88,0.0,320.0,142,151,27,44,47,8,819.0,0.01,0.0001,32073.0,,,,
672,2000,11565,1.5129,-0.0063,2.9531,5.775,0.0079,0.06,10.66,0.87,0.0,358.0,155,163,40,43,46,11,732.0,0.01,0.0001,32060.0,,,,
673,2000,11581,1.5011,-0.0078,2.9333,5.838,0.0093,0.07,8.66,0.86,0.0,357.0,166,156,35,46,44,10,734.0,0.01,0.0001,32061.0,,,,
674,2000,11598,1.4994,-0.0092,2.9324,5.757,0.0091,0.07,8.04,0.88,0.0,377.0,165,178,34,44,47,9,695.0,0.01,0.0001,32063.0,,,,
675,2000,11614,1.487,-0.0118,2.9141,5.799,0.0099,0.07,8.83,0.87,0.0,364.0,161,161,42,44,44,12,720.0,0.01,0.0001,32078.0,,,,
676,2000,11631,1.5398,-0.01,3.0149,5.718,0.008,0.06,10.77,0.86,0.0,421.0,187,185,49,44,44,12,623.0,0.01,0.0001,32113.0,,,,
677,2000,11647,1.5512,-0.0041,3.0261,5.664,0.0114,0.08,12.62,0.88,0.0,423.0,165,200,58,39,47,14,620.0,0.01,0.0001,32082.0,,,,
678,2000,11663,1.4994,-0.0059,2.9268,5.763,0.0111,0.08,5.6,0.89,0.0,382.0,173,155,54,45,41,14,686.0,0.01,0.0001,32101.0,,,,
679,2000,11680,1.4946,-0.009,2.9236,5.766,0.01,0.07,8.61,0.89,0.0,390.0,172,161,57,44,41,15,672.0,0.01,0.0001,32075.0,,,,
680,2000,11696,1.5562,-0.0096,3.047,5.61,0.0132,0.09,8.69,0.88,0.0,463.0,202,197,64,44,43,14,566.0,0.01,0.0001,32086.0,,,,
681,2000,11713,1.54,-0.0003,2.996,5.733,0.0128,0.08,8.21,0.88,0.0,381.0,165,165,51,43,43,13,688.0,0.01,0.0001,30911.0,,,,
682,2000,11730,1.5641,-0.0052,3.0553,5.77,0.01,0.07,16.32,0.88,0.0,333.0,134,152,47,40,46,14,787.0,0.02,0.0001,32056.0,,,,
683,2000,11746,1.5737,-0.0023,3.0685,5.665,0.0121,0.09,8.3,0.86,0.0,394.0,168,179,47,43,45,12,665.0,0.03,0.0001,32064.0,,,,
684,2000,11763,1.5206,0.0067,2.9444,5.762,0.0123,0.1,4.68,0.87,0.0,339.0,163,144,32,48,42,9,773.0,0.05,0.0001,32062.0,,,,
685,2000,11779,1.5785,-0.0005,3.0735,5.638,0.012,0.09,9.79,0.88,0.0,424.0,158,216,50,37,51,12,618.0,0.06,0.0001,32073.0,,,,
686,2000,11795,1.6765,0.0093,3.2473,5.475,0.0085,0.07,12.59,0.86,0.0,533.0,240,261,32,45,49,6,492.0,0.05,0.0001,32063.0,,,,
687,2000,11812,1.6111,0.0165,3.1031,5.589,0.0092,0.08,10.99,0.89,0.0,451.0,198,220,33,44,49,7,581.0,0.04,0.0001,32059.0,,,,
688,2000,11828,1.5618,0.0247,2.9889,5.711,0.007,0.06,15.91,0.9,0.0,349.0,163,155,31,47,44,9,751.0,0.03,0.0001,32068.0,,,,
689,2000,11845,1.5876,0.0203,3.0487,5.629,0.0083,0.07,15.11,0.89,0.0,389.0,161,193,35,41,50,9,674.0,0.03,0.0001,32087.0,,,,
690,2000,11861,1.6003,0.0232,3.0679,5.601,0.0094,0.08,10.91,0.89,0.0,404.0,204,177,23,50,44,6,649.0,0.03,0.0001,32138.0,,,,
691,2000,11878,1.5773,0.0326,3.0041,5.632,0.0073,0.06,12.2,0.9,0.0,407.0,176,192,39,43,47,10,644.0,0.04,0.0001,32073.0,,,,
692,2000,11894,1.6247,0.033,3.0982,5.536,0.0119,0.09,10.8,0.89,0.0,455.0,196,210,49,43,46,11,576.0,0.04,0.0001,32074.0,,,,
693,2000,11910,1.6658,0.0336,3.1778,5.451,0.0071,0.07,11.65,0.89,0.0,503.0,214,257,32,43,51,6,521.0,0.05,0.0001,32113.0,,,,
694,2000,11927,1.6894,0.0421,3.2071,5.431,0.0118,0.1,9.98,0.89,0.0,539.0,226,295,18,42,55,3,486.0,0.04,0.0001,32096.0,,,,
695,2000,11943,1.6778,0.0433,3.1813,5.451,0.0095,0.08,11.6,0.9,0.0,471.0,214,246,11,45,52,2,557.0,0.04,0.0001,32079.0,,,,
696,2000,11960,1.6649,0.037,3.1681,5.476,0.0067,0.06,16.79,0.91,0.0,444.0,192,232,20,43,52,5,590.0,0.05,0.0001,32061.0,,,,
697,2000,11976,1.6225,0.0386,3.0802,5.494,0.0069,0.06,17.57,0.92,0.0,426.0,180,230,16,42,54,4,615.0,0.03,0.0001,32082.0,,,,
698,2000,11992,1.5883,0.0395,3.0113,5.585,0.0093,0.07,13.26,0.92,0.0,392.0,177,192,23,45,49,6,669.0,0.02,0.0001,32153.0,,,,
699,2000,12009,1.5686,0.0443,2.9625,5.666,0.0105,0.08,16.68,0.92,0.0,330.0,126,186,18,38,56,5,794.0,0.03,0.0001,32067.0,199,10,303,39
700,2000,12040,1.5466,0.0435,2.9238,5.742,0.0088,0.07,14.66,0.93,0.0,335.0,151,129,55,45,39,16,783.0,0.02,0.0001,32243.0,,,,
701,2000,12057,1.5943,0.0469,3.01,5.662,0.0103,0.07,14.39,0.92,0.0,366.0,171,152,43,47,42,12,716.0,0.03,0.0001,30909.0,,,,
702,2000,12074,1.5975,0.0489,3.0146,5.663,0.0112,0.07,16.33,0.93,0.0,369.0,161,143,65,44,39,18,710.0,0.03,0.0001,32088.0,,,,
703,2000,12090,1.521,0.0481,2.8647,5.806,0.0146,0.08,9.24,0.94,0.0,319.0,143,123,53,45,39,17,822.0,0.03,0.0001,32099.0,,,,
704,2000,12106,1.4717,0.0353,2.7906,5.898,0.0118,0.06,11.22,0.96,0.0,256.0,123,92,41,48,36,16,1024.0,0.03,0.0001,32079.0,,,,
705,2000,12123,1.4869,0.0313,2.8317,5.841,0.008,0.06,11.18,0.95,0.0,276.0,101,104,71,37,38,26,950.0,0.02,0.0001,32115.0,,,,
706,2000,12139,1.5462,0.0226,2.9661,5.735,0.0091,0.07,10.06,0.93,0.0,390.0,146,171,73,37,44,19,672.0,0.03,0.0001,32059.0,,,,
707,2000,12156,1.6013,0.0261,3.0697,5.638,0.0112,0.08,9.74,0.92,0.0,457.0,175,210,72,38,46,16,574.0,0.04,0.0001,32062.0,,,,
708,2000,12172,1.6347,0.0204,3.1466,5.514,0.0116,0.09,8.0,0.93,0.0,494.0,207,219,68,42,44,14,531.0,0.05,0.0001,32066.0,,,,
709,2000,12189,1.727,0.0168,3.3333,5.309,0.0102,0.09,9.69,0.92,0.0,642.0,312,295,35,49,46,5,408.0,0.04,0.0001,32084.0,,,,
710,2000,12205,1.7692,0.0254,3.3988,5.255,0.0116,0.1,11.8,0.91,0.0,720.0,345,334,41,48,46,6,364.0,0.05,0.0001,32137.0,,,,
711,2000,12221,1.7799,0.0217,3.4268,5.171,0.0087,0.08,12.4,0.92,0.0,706.0,382,300,24,54,42,3,371.0,0.06,0.0001,32052.0,,,,
712,2000,12238,1.7521,0.0223,3.3707,5.219,0.0117,0.11,7.32,0.93,0.0,709.0,375,312,22,53,44,3,370.0,0.06,0.0001,32058.0,,,,
713,2000,12254,1.7748,0.0232,3.4139,5.191,0.0136,0.12,8.06,0.93,0.0,749.0,366,364,19,49,49,3,350.0,0.04,0.0001,32050.0,,,,
714,2000,12271,1.7385,-0.0062,3.399,5.176,0.0098,0.08,10.47,0.93,0.0,770.0,331,423,16,43,55,2,340.0,0.04,0.0001,32051.0,,,,
715,2000,12287,1.7358,0.0089,3.3641,5.156,0.0105,0.09,10.51,0.93,0.0,710.0,328,362,20,46,51,3,369.0,0.05,0.0001,32113.0,,,,
716,2000,12303,1.7312,0.0056,3.3608,5.156,0.0073,0.07,15.93,0.93,0.0,704.0,332,352,20,47,50,3,372.0,0.05,0.0001,32052.0,,,,
717,2000,12320,1.7209,-0.0091,3.3675,5.052,0.0068,0.07,15.2,0.93,0.0,770.0,377,373,20,49,48,3,340.0,0.04,0.0001,32096.0,,,,
718,2000,12336,1.7564,0.0024,3.4166,5.02,0.0115,0.1,12.29,0.94,0.0,784.0,408,350,26,52,45,3,334.0,0.05,0.0001,32098.0,,,,
719,2000,12353,1.7643,-0.0077,3.4513,4.936,0.0121,0.11,8.54,0.93,0.0,826.0,423,380,23,51,46,3,317.0,0.05,0.0001,32038.0,,,,
720,2000,12369,1.7223,-0.0246,3.4019,5.029,0.0115,0.1,8.43,0.93,0.0,842.0,441,385,16,52,46,2,311.0,0.03,0.0001,32044.0,,,,
721,2000,12386,1.7546,-0.0151,3.4492,5.133,0.0103,0.09,9.34,0.91,0.0,742.0,385,340,17,52,46,2,353.0,0.03,0.0001,30948.0,,,,
722,2000,12402,1.8283,-0.0022,3.572,5.188,0.0097,0.09,16.43,0.89,0.0,718.0,356,336,26,50,47,4,365.0,0.05,0.0001,32084.0,,,,
723,2000,12419,1.6785,0.0053,3.2592,5.364,0.0132,0.11,6.52,0.92,0.0,591.0,282,292,17,48,49,3,444.0,0.05,0.0001,32122.0,,,,
724,2000,12435,1.6246,0.0013,3.1594,5.414,0.0102,0.09,7.28,0.92,0.0,491.0,262,212,17,53,43,3,534.0,0.03,0.0001,32160.0,,,,
725,2000,12452,1.6385,0.0028,3.1842,5.348,0.0108,0.09,8.92,0.91,0.0,529.0,238,247,44,45,47,8,496.0,0.03,0.0001,32162.0,,,,
726,2000,12468,1.6484,0.0001,3.2092,5.343,0.0099,0.08,9.53,0.91,0.0,578.0,280,252,46,48,44,8,454.0,0.05,0.0001,32106.0,,,,
727,2000,12484,1.6494,0.0126,3.188,5.358,0.0109,0.09,8.02,0.92,0.0,590.0,277,267,46,47,45,8,444.0,0.04,0.0001,32095.0,,,,
728,2000,12501,1.6778,0.0168,3.2355,5.287,0.0102,0.09,13.76,0.92,0.0,559.0,254,264,41,45,47,7,469.0,0.03,0.0001,32096.0,,,,
729,2000,12517,1.7142,0.0173,3.3046,5.081,0.0091,0.09,9.39,0.91,0.0,696.0,335,315,46,48,45,7,377.0,0.03,0.0001,32119.0,,,,
730,2000,12534,1.7312,0.0229,3.3272,5.023,0.0122,0.1,8.18,0.91,0.0,754.0,341,364,49,45,48,6,348.0,0.03,0.0001,32121.0,,,,
731,2000,12550,1.7708,0.0251,3.4013,5.034,0.0096,0.09,9.13,0.89,0.0,815.0,378,377,60,46,46,7,322.0,0.05,0.0001,32124.0,,,,
732,2000,12566,1.7837,0.0286,3.4198,4.96,0.0106,0.09,10.07,0.9,0.0,833.0,350,434,49,42,52,6,315.0,0.05,0.0001,32098.0,,,,
733,2000,12583,1.767,0.0347,3.3742,5.033,0.0089,0.08,9.78,0.9,0.0,765.0,341,390,34,45,51,4,343.0,0.05,0.0001,32163.0,,,,
734,2000,12599,1.7767,0.0396,3.3844,5.082,0.0115,0.1,9.35,0.9,0.0,759.0,352,377,30,46,50,4,345.0,0.05,0.0001,32166.0,,,,
735,2000,12615,1.7898,0.0416,3.4063,4.983,0.0112,0.1,9.37,0.89,0.0,757.0,332,387,38,44,51,5,346.0,0.05,0.0001,32109.0,,,,
736,2000,12632,1.7845,0.0374,3.4028,4.968,0.0104,0.09,10.39,0.9,0.0,789.0,326,428,35,41,54,4,332.0,0.04,0.0001,32101.0,,,,
737,2000,12648,1.7885,0.0395,3.4068,5.025,0.01,0.09,10.36,0.9,0.0,768.0,338,399,31,44,52,4,341.0,0.05,0.0001,32118.0,,,,
738,2000,12665,1.8198,0.0432,3.461,4.953,0.0093,0.08,12.55,0.89,0.0,790.0,369,393,28,47,50,4,332.0,0.04,0.0001,32106.0,,,,
739,2000,12681,1.8063,0.0457,3.4283,4.907,0.0113,0.09,12.0,0.9,0.0,791.0,375,391,25,47,49,3,331.0,0.03,0.0001,32119.0,,,,
740,2000,12697,1.8292,0.0451,3.4747,4.885,0.0098,0.09,17.57,0.89,0.0,742.0,326,398,18,44,54,2,353.0,0.03,0.0001,32120.0,,,,
741,2000,12714,1.7502,0.0334,3.3419,5.109,0.012,0.09,11.59,0.89,0.0,650.0,290,340,20,45,52,3,403.0,0.04,0.0001,30908.0,,,,
742,2000,12731,1.6481,0.0294,3.1493,5.473,0.0071,0.06,20.73,0.94,0.0,356.0,167,171,18,47,48,5,736.0,0.04,0.0001,32122.0,,,,
743,2000,12747,1.6126,0.0348,3.0666,5.422,0.0111,0.08,8.34,0.92,0.0,374.0,169,190,15,45,51,4,701.0,0.04,0.0001,32048.0,,,,
744,2000,12763,1.5737,0.0199,3.0184,5.43,0.0118,0.09,11.28,0.93,0.0,346.0,148,187,11,43,54,3,758.0,0.08,0.0001,32130.0,,,,
745,2000,12780,1.5932,0.0109,3.0768,5.463,0.007,0.06,13.71,0.92,0.0,414.0,174,191,49,42,46,12,633.0,0.09,0.0001,32117.0,,,,
746,2000,12796,1.5423,0.0185,2.9607,5.517,0.0089,0.07,11.65,0.94,0.0,360.0,147,169,44,41,47,12,728.0,0.08,0.0001,32055.0,,,,
747,2000,12813,1.5037,0.01,2.9016,5.619,0.0103,0.07,9.09,0.94,0.0,304.0,146,123,35,48,40,12,862.0,0.06,0.0001,32109.0,,,,
748,2000,12829,1.4873,0.0161,2.8573,5.661,0.0095,0.06,11.57,0.94,0.0,297.0,120,135,42,40,45,14,883.0,0.06,0.0001,32050.0,,,,
749,2000,12845,1.53,0.0159,2.9428,5.6,0.0101,0.07,9.55,0.93,0.0,325.0,143,135,47,44,42,14,807.0,0.09,0.0001,32050.0,183,11,318,36
750,2000,12877,1.5192,0.0165,2.9215,5.633,0.0096,0.07,10.37,0.94,0.0,354.0,125,156,73,35,44,21,741.0,0.08,0.0001,32193.0,,,,
751,2000,12893,1.4705,0.0075,2.8435,5.719,0.009,0.06,10.62,0.95,0.0,298.0,117,121,60,39,41,20,880.0,0.08,0.0001,32114.0,,,,
752,2000,12910,1.4753,0.0123,2.844,5.802,0.0079,0.06,9.87,0.95,0.0,261.0,105,110,46,40,42,18,1004.0,0.08,0.0001,32124.0,,,,
753,2000,12926,1.5043,0.0177,2.8923,5.748,0.0104,0.07,9.79,0.95,0.0,318.0,114,132,72,36,42,23,824.0,0.09,0.0001,32030.0,,,,
754,2000,12942,1.4868,0.0068,2.88,5.791,0.0096,0.07,9.62,0.95,0.0,315.0,126,118,71,40,37,23,832.0,0.09,0.0001,32082.0,,,,
755,2000,12959,1.4986,0.0129,2.8892,5.763,0.0101,0.07,14.98,0.95,0.0,310.0,123,133,54,40,43,17,846.0,0.1,0.0001,32101.0,,,,
756,2000,12975,1.4842,0.0123,2.8613,5.744,0.0108,0.08,8.3,0.95,0.0,308.0,133,121,54,43,39,18,851.0,0.11,0.0001,32099.0,,,,
757,2000,12992,1.534,0.0207,2.9441,5.725,0.0106,0.08,10.46,0.94,0.0,363.0,151,158,54,42,44,15,722.0,0.1,0.0001,32062.0,,,,
758,2000,13008,1.5385,0.0179,2.961,5.833,0.0078,0.06,14.65,0.95,0.0,337.0,157,122,58,47,36,17,778.0,0.14,0.0001,32055.0,,,,
759,2000,13025,1.5155,0.0233,2.9033,5.831,0.0091,0.07,9.1,0.96,0.0,320.0,145,122,53,45,38,17,819.0,0.14,0.0001,32049.0,,,,
760,2000,13041,1.5539,0.0245,2.9778,5.902,0.0082,0.06,22.94,0.96,0.0,269.0,109,113,47,41,42,17,975.0,0.12,0.0001,32043.0,,,,
761,2000,13058,1.5189,0.0303,2.8964,5.842,0.0109,0.07,11.04,0.95,0.0,301.0,110,124,67,37,41,22,871.0,0.11,0.0001,31004.0,,,,
762,2000,13074,1.5237,0.0309,2.9056,5.926,0.0122,0.09,8.31,0.95,0.0,319.0,117,140,62,37,44,19,822.0,0.1,0.0001,32106.0,,,,
763,2000,13091,1.5501,0.0418,2.9395,5.894,0.0095,0.07,10.11,0.94,0.0,337.0,112,133,92,33,39,27,778.0,0.11,0.0001,32089.0,,,,
764,2000,13107,1.641,0.0342,3.1329,5.868,0.0104,0.07,18.86,0.92,0.0,424.0,161,184,79,38,43,19,618.0,0.1,0.0001,32152.0,,,,
765,2000,13123,1.5888,0.0252,3.0462,5.882,0.009,0.07,10.33,0.93,0.0,338.0,161,130,47,48,38,14,776.0,0.1,0.0001,32137.0,,,,
766,2000,13140,1.5508,0.0265,2.9684,5.928,0.0105,0.07,7.71,0.94,0.0,370.0,159,162,49,43,44,13,708.0,0.12,0.0001,32099.0,,,,
767,2000,13156,1.5263,0.0255,2.922,5.902,0.0105,0.07,6.51,0.95,0.0,333.0,139,142,52,42,43,16,787.0,0.11,0.0001,32151.0,,,,
768,2000,13173,1.5215,0.0153,2.9358,5.897,0.0083,0.06,9.3,0.95,0.0,340.0,132,139,69,39,41,20,771.0,0.08,0.0001,32148.0,,,,
769,2000,13189,1.5376,0.0208,2.9549,5.895,0.0102,0.07,8.61,0.94,0.0,381.0,136,181,64,36,48,17,688.0,0.07,0.0001,32099.0,,,,
770,2000,13205,1.5258,0.003,2.9683,5.878,0.0077,0.06,8.12,0.94,0.0,382.0,158,160,64,41,42,17,686.0,0.09,0.0001,32141.0,,,,
771,2000,13222,1.5295,0.0107,2.9604,5.897,0.0106,0.08,5.25,0.94,0.0,362.0,140,166,56,39,46,15,724.0,0.11,0.0001,32085.0,,,,
772,2000,13238,1.5446,0.0034,3.0072,5.861,0.0089,0.08,5.36,0.93,0.0,385.0,131,195,59,34,51,15,681.0,0.12,0.0001,32115.0,,,,
773,2000,13254,1.522,-0.0019,2.9711,5.868,0.0081,0.07,7.05,0.95,0.0,336.0,129,160,47,38,48,14,780.0,0.13,0.0001,32133.0,,,,
774,2000,13271,1.5702,-0.0043,3.0718,5.771,0.0075,0.07,10.81,0.94,0.0,402.0,158,196,48,39,49,12,652.0,0.13,0.0001,32128.0,,,,
775,2000,13287,1.5358,-0.0039,3.0014,5.853,0.0077,0.06,7.35,0.94,0.0,381.0,173,171,37,45,45,10,688.0,0.13,0.0001,32133.0,,,,
776,2000,13304,1.5247,-0.0003,2.973,5.858,0.0103,0.08,6.15,0.94,0.0,369.0,150,160,59,41,43,16,710.0,0.13,0.0001,32113.0,,,,
777,2000,13320,1.531,-0.0001,2.983,5.813,0.0075,0.06,9.01,0.95,0.0,332.0,136,159,37,41,48,11,790.0,0.15,0.0001,32111.0,,,,
778,2000,13336,1.5214,0.003,2.9579,5.804,0.0091,0.08,6.69,0.95,0.0,327.0,115,159,53,35,49,16,802.0,0.16,0.0001,32098.0,,,,
779,2000,13353,1.5061,0.0083,2.9159,5.813,0.0094,0.07,8.87,0.95,0.0,337.0,122,161,54,36,48,16,778.0,0.15,0.0001,32091.0,,,,
780,2000,13369,1.5183,-0.0027,2.9635,5.838,0.0087,0.07,7.07,0.94,0.0,351.0,125,167,59,36,48,17,747.0,0.15,0.0001,32096.0,,,,
781,2000,13386,1.5765,-0.0124,3.0983,5.78,0.0057,0.05,19.49,0.93,0.0,382.0,147,177,58,38,46,15,686.0,0.16,0.0001,30948.0,,,,
782,2000,13403,1.5791,-0.0082,3.0951,5.749,0.0089,0.07,10.57,0.94,0.0,423.0,198,173,52,47,41,12,620.0,0.14,0.0001,32098.0,,,,
783,2000,13419,1.5837,-0.0062,3.1007,5.8,0.0081,0.06,11.87,0.92,0.0,421.0,191,176,54,45,42,13,623.0,0.1,0.0001,32120.0,,,,
784,2000,13435,1.5701,-0.0016,3.0623,5.752,0.0098,0.07,9.03,0.92,0.0,425.0,192,187,46,45,44,11,617.0,0.06,0.0001,32096.0,,,,
785,2000,13452,1.6167,0.0151,3.1209,5.685,0.0128,0.1,9.1,0.91,0.0,460.0,198,214,48,43,47,10,570.0,0.06,0.0001,32084.0,,,,
786,2000,13468,1.6075,0.013,3.107,5.689,0.0099,0.09,8.18,0.91,0.0,476.0,192,232,52,40,49,11,551.0,0.06,0.0001,32100.0,,,,
787,2000,13484,1.6696,0.014,3.2289,5.643,0.0095,0.08,12.43,0.9,0.0,503.0,242,203,58,48,40,12,521.0,0.05,0.0001,32127.0,,,,
788,2000,13501,1.6328,0.0134,3.1565,5.629,0.0082,0.08,9.63,0.91,0.0,469.0,216,215,38,46,46,8,559.0,0.04,0.0001,32099.0,,,,
789,2000,13517,1.7076,0.0168,3.2983,5.534,0.0101,0.09,11.44,0.9,0.0,566.0,247,281,38,44,50,7,463.0,0.04,0.0001,32082.0,,,,
790,2000,13534,1.6866,0.0142,3.2611,5.578,0.0076,0.07,13.87,0.92,0.0,539.0,259,257,23,48,48,4,486.0,0.04,0.0001,32108.0,,,,
791,2000,13550,1.6473,0.0106,3.1902,5.634,0.01,0.09,11.86,0.92,0.0,494.0,214,246,34,43,50,7,531.0,0.05,0.0001,32136.0,,,,
792,2000,13566,1.5612,-0.0004,3.0412,5.724,0.0096,0.08,8.27,0.93,0.0,408.0,160,219,29,39,54,7,643.0,0.04,0.0001,32129.0,,,,
793,2000,13583,1.596,-0.0017,3.1115,5.621,0.0091,0.08,10.42,0.92,0.0,391.0,174,195,22,45,50,6,670.0,0.04,0.0001,32096.0,,,,
794,2000,13599,1.6157,0.0028,3.1413,5.583,0.0104,0.08,12.28,0.92,0.0,497.0,227,238,32,46,48,6,527.0,0.05,0.0001,32089.0,,,,
795,2000,13616,1.594,0.0034,3.0964,5.632,0.0083,0.07,21.71,0.93,0.0,417.0,191,186,40,46,45,10,629.0,0.05,0.0001,32150.0,,,,
796,2000,13632,1.5441,0.0043,2.9957,5.642,0.0088,0.07,11.61,0.94,0.0,389.0,166,178,45,43,46,12,674.0,0.03,0.0001,32139.0,,,,
797,2000,13648,1.5883,0.0096,3.0735,5.591,0.0091,0.07,20.87,0.94,0.0,433.0,195,196,42,45,45,10,605.0,0.04,0.0001,32082.0,,,,
798,2000,13665,1.5988,0.0088,3.0957,5.577,0.0119,0.08,15.83,0.94,0.0,469.0,204,207,58,43,44,12,559.0,0.05,0.0001,32081.0,,,,
799,2000,13681,1.5951,0.0099,3.0848,5.606,0.0079,0.06,16.37,0.94,0.0,473.0,214,226,33,45,48,7,554.0,0.04,0.0001,32085.0,177,29,306,35
800,2000,13713,1.5704,0.001,3.0542,5.674,0.0093,0.06,14.32,0.93,0.0,425.0,179,214,32,42,50,8,617.0,0.05,0.0001,32217.0,,,,
801,2000,13730,1.5962,-0.0064,3.1215,5.706,0.0099,0.08,19.36,0.93,0.0,340.0,136,170,34,40,50,10,771.0,0.06,0.0001,30923.0,,,,
802,2000,13746,1.5196,0.006,2.946,5.815,0.011,0.08,8.85,0.92,0.0,312.0,121,143,48,39,46,15,840.0,0.06,0.0001,32067.0,,,,
803,2000,13762,1.5032,-0.0007,2.9273,5.815,0.0109,0.08,7.63,0.92,0.0,308.0,124,135,49,40,44,16,851.0,0.08,0.0001,32068.0,,,,
804,2000,13779,1.4903,-0.0013,2.9024,5.761,0.0145,0.11,4.43,0.91,0.0,322.0,127,142,53,39,44,16,814.0,0.07,0.0001,32062.0,,,,
805,2000,13795,1.4939,-0.0112,2.9301,5.691,0.0114,0.09,6.43,0.91,0.0,365.0,165,136,64,45,37,18,718.0,0.1,0.0001,32096.0,,,,
806,2000,13812,1.4781,-0.016,2.9091,5.787,0.0106,0.08,15.37,0.92,0.0,281.0,105,127,49,37,45,17,933.0,0.08,0.0001,32070.0,,,,
807,2000,13828,1.503,-0.0145,2.9541,5.696,0.0087,0.07,9.32,0.89,0.0,364.0,146,151,67,40,41,18,720.0,0.07,0.0001,32078.0,,,,
808,2000,13844,1.511,-0.0158,2.9718,5.714,0.0097,0.07,9.09,0.88,0.0,370.0,187,129,54,51,35,15,708.0,0.05,0.0001,32101.0,,,,
809,2000,13861,1.4992,-0.0032,2.9242,5.788,0.0105,0.08,5.99,0.88,0.0,378.0,166,151,61,44,40,16,694.0,0.05,0.0001,32132.0,,,,
810,2000,13877,1.5157,-0.021,2.9918,5.73,0.0074,0.06,13.46,0.9,0.0,364.0,152,157,55,42,43,15,720.0,0.06,0.0001,32093.0,,,,
811,2000,13893,1.4962,-0.0157,2.9416,5.72,0.0081,0.07,11.06,0.9,0.0,371.0,157,172,42,42,46,11,707.0,0.07,0.0001,32089.0,,,,
812,2000,13910,1.5297,-0.0072,2.9917,5.619,0.0101,0.08,8.64,0.89,0.0,381.0,162,164,55,43,43,14,688.0,0.07,0.0001,32073.0,,,,
813,2000,13926,1.5686,-0.008,3.0699,5.506,0.0089,0.08,11.59,0.89,0.0,439.0,193,197,49,44,45,11,597.0,0.08,0.0001,32148.0,,,,
814,2000,13943,1.546,0.0065,2.9953,5.587,0.0128,0.09,8.86,0.9,0.0,412.0,203,176,33,49,43,8,636.0,0.11,0.0001,32066.0,,,,
815,2000,13959,1.5971,-0.0016,3.1127,5.487,0.0093,0.08,17.05,0.9,0.0,405.0,204,175,26,50,43,6,647.0,0.11,0.0001,32201.0,,,,
816,2000,13975,1.6083,0.0002,3.1306,5.395,0.0089,0.08,18.64,0.92,0.0,400.0,202,171,27,50,43,7,655.0,0.13,0.0001,32179.0,,,,
817,2000,13992,1.5469,-0.0006,3.0117,5.525,0.0082,0.08,17.32,0.92,0.0,338.0,168,139,31,50,41,9,776.0,0.14,0.0001,32124.0,,,,
818,2000,14008,1.5372,-0.0,2.992,5.551,0.0106,0.09,9.71,0.92,0.0,395.0,188,160,47,48,41,12,664.0,0.14,0.0001,32077.0,,,,
819,2000,14024,1.6124,0.0004,3.1409,5.436,0.0115,0.1,11.45,0.9,0.0,435.0,216,179,40,50,41,9,603.0,0.15,0.0001,32065.0,,,,
820,2000,14041,1.6345,-0.0071,3.2005,5.452,0.0099,0.09,15.63,0.91,0.0,500.0,249,202,49,50,40,10,524.0,0.16,0.0001,32167.0,,,,
821,2000,14058,1.5964,0.0031,3.1038,5.602,0.014,0.1,7.6,0.89,0.0,426.0,220,181,25,52,42,6,615.0,0.14,0.0001,30920.0,,,,
822,2000,14074,1.537,0.0092,2.9744,5.678,0.0149,0.11,8.95,0.89,0.0,334.0,155,140,39,46,42,12,785.0,0.12,0.0001,32066.0,,,,
823,2000,14091,1.5163,0.0115,2.9292,5.689,0.0171,0.12,4.63,0.86,0.0,364.0,169,159,36,46,44,10,720.0,0.11,0.0001,32063.0,,,,
824,2000,14107,1.5274,0.0128,2.9494,5.721,0.0118,0.09,5.63,0.83,0.0,359.0,158,147,54,44,41,15,730.0,0.09,0.0001,32073.0,,,,
825,2000,14124,1.5147,0.0169,2.9161,5.762,0.0111,0.08,5.99,0.87,0.0,352.0,122,155,75,35,44,21,745.0,0.07,0.0001,32069.0,,,,
826,2000,14140,1.5008,0.0169,2.8871,5.758,0.0075,0.06,8.83,0.89,0.0,325.0,158,122,45,49,38,14,807.0,0.06,0.0001,32134.0,,,,
827,2000,14156,1.4297,0.012,2.7564,5.934,0.0102,0.08,5.62,0.88,0.0,264.0,108,93,63,41,35,24,993.0,0.05,0.0001,32078.0,,,,
828,2000,14173,1.4489,0.0174,2.7827,5.906,0.008,0.06,7.49,0.87,0.0,269.0,101,106,62,38,39,23,975.0,0.06,0.0001,32088.0,,,,
829,2000,14189,1.4432,0.0164,2.7741,5.908,0.0101,0.07,7.68,0.89,0.0,272.0,99,88,85,36,32,31,964.0,0.05,0.0001,32072.0,,,,
830,2000,14205,1.4934,0.0185,2.8697,5.776,0.0113,0.08,5.42,0.87,0.0,382.0,154,133,95,40,35,25,686.0,0.05,0.0001,32080.0,,,,
831,2000,14222,1.5084,0.0174,2.9002,5.661,0.0088,0.07,6.32,0.89,0.0,390.0,163,149,78,42,38,20,672.0,0.04,0.0001,32079.0,,,,
832,2000,14238,1.5399,0.0243,2.9489,5.597,0.011,0.08,5.47,0.89,0.0,432.0,188,170,74,44,39,17,607.0,0.03,0.0001,32067.0,,,,
833,2000,14255,1.5474,0.0126,2.9876,5.645,0.0062,0.05,15.42,0.89,0.0,397.0,195,144,58,49,36,15,660.0,0.01,0.0001,32075.0,,,,
834,2000,14271,1.4924,0.0179,2.8679,5.677,0.0082,0.06,7.6,0.89,0.0,376.0,156,147,73,41,39,19,697.0,0.02,0.0001,32086.0,,,,
835,2000,14287,1.5153,0.0117,2.925,5.582,0.0072,0.06,9.59,0.9,0.0,386.0,163,151,72,42,39,19,679.0,0.03,0.0001,32064.0,,,,
836,2000,14304,1.4934,0.0182,2.8693,5.635,0.0093,0.08,7.2,0.91,0.0,376.0,149,157,70,40,42,19,697.0,0.01,0.0001,32066.0,,,,
837,2000,14320,1.4705,0.0099,2.8419,5.761,0.0078,0.06,12.18,0.91,0.0,343.0,134,134,75,39,39,22,764.0,0.02,0.0001,32143.0,,,,
838,2000,14337,1.5164,0.0179,2.9169,5.705,0.0098,0.07,6.82,0.88,0.0,401.0,154,181,66,38,45,16,654.0,0.03,0.0001,32115.0,,,,
839,2000,14353,1.5013,0.0115,2.8995,5.779,0.0082,0.06,12.15,0.91,0.0,300.0,106,139,55,35,46,18,874.0,0.04,0.0001,32083.0,,,,
840,2000,14369,1.484,0.0079,2.8724,5.776,0.0106,0.07,10.55,0.91,0.0,330.0,127,140,63,38,42,19,794.0,0.03,0.0001,32068.0,,,,
841,2000,14387,1.5312,0.0065,2.9673,5.66,0.0109,0.09,5.97,0.88,0.0,333.0,162,140,31,49,42,9,787.0,0.03,0.0001,30897.0,,,,
842,2000,14403,1.5641,0.0124,3.0235,5.668,0.0113,0.09,6.4,0.88,0.0,388.0,170,179,39,44,46,10,676.0,0.03,0.0001,32117.0,,,,
843,2000,14419,1.6954,0.0184,3.2708,5.428,0.0114,0.1,8.39,0.87,0.0,560.0,296,233,31,53,42,6,468.0,0.04,0.0001,32050.0,,,,
844,2000,14436,1.695,0.0243,3.2584,5.537,0.0082,0.07,9.57,0.88,0.0,548.0,269,267,12,49,49,2,478.0,0.04,0.0001,32059.0,,,,
845,2000,14452,1.7911,0.0303,3.4367,5.436,0.0086,0.07,10.98,0.87,0.0,675.0,350,322,3,52,48,0,388.0,0.04,0.0001,32110.0,,,,
846,2000,14469,1.722,0.0265,3.3058,5.431,0.0102,0.09,6.67,0.89,0.0,624.0,354,270,0,57,43,0,420.0,0.04,0.0001,32066.0,,,,
847,2000,14485,1.6971,0.026,3.2574,5.489,0.0099,0.08,7.44,0.88,0.0,582.0,306,275,1,53,47,0,450.0,0.03,0.0001,32116.0,,,,
848,2000,14501,1.7075,0.0231,3.2851,5.582,0.0067,0.06,14.79,0.9,0.0,518.0,277,240,1,53,46,0,506.0,0.05,0.0001,32047.0,,,,
849,2000,14518,1.6452,0.0284,3.1505,5.662,0.0118,0.09,4.22,0.9,0.0,506.0,290,215,1,57,42,0,518.0,0.04,0.0001,32073.0,239,4,269,47
850,2000,14549,1.6547,0.021,3.1841,5.652,0.0092,0.07,6.8,0.91,0.0,462.0,253,208,1,55,45,0,567.0,0.05,0.0001,32218.0,,,,
851,2000,14566,1.638,0.0188,3.1555,5.608,0.0092,0.08,5.54,0.91,0.0,506.0,252,245,9,50,48,2,518.0,0.07,0.0001,32137.0,,,,
852,2000,14582,1.6493,0.0146,3.1866,5.694,0.0094,0.08,5.95,0.91,0.0,473.0,266,200,7,56,42,1,554.0,0.07,0.0001,32135.0,,,,
853,2000,14598,1.6579,0.0067,3.2189,5.632,0.0085,0.07,7.42,0.92,0.0,552.0,310,237,5,56,43,1,475.0,0.07,0.0001,32073.0,,,,
854,2000,14615,1.6728,0.0151,3.2326,5.693,0.0082,0.06,8.22,0.91,0.0,500.0,265,231,4,53,46,1,524.0,0.07,0.0001,32063.0,,,,
855,2000,14631,1.666,0.0047,3.2397,5.681,0.0074,0.06,9.76,0.92,0.0,476.0,257,215,4,54,45,1,551.0,0.07,0.0001,32062.0,,,,
856,2000,14648,1.6256,-0.0005,3.1696,5.68,0.0085,0.07,5.48,0.92,0.0,468.0,259,203,6,55,43,1,560.0,0.07,0.0001,32066.0,,,,
857,2000,14664,1.6212,-0.0048,3.1703,5.749,0.009,0.07,6.28,0.91,0.0,486.0,286,192,8,59,40,2,539.0,0.05,0.0001,32121.0,,,,
858,2000,14680,1.6194,-0.0115,3.1799,5.726,0.0065,0.05,9.95,0.92,0.0,481.0,264,209,8,55,43,2,545.0,0.04,0.0001,32077.0,,,,
859,2000,14697,1.6067,0.002,3.127,5.702,0.0069,0.05,8.42,0.92,0.0,441.0,235,197,9,53,45,2,594.0,0.05,0.0001,32060.0,,,,
860,2000,14713,1.6034,-0.0067,3.1382,5.718,0.008,0.06,7.82,0.92,0.0,471.0,252,213,6,54,45,1,557.0,0.05,0.0001,32115.0,,,,
861,2000,14730,1.6015,0.0001,3.1223,5.792,0.0063,0.05,11.59,0.92,0.0,384.0,193,170,21,50,44,5,683.0,0.04,0.0001,30928.0,,,,
862,2000,14747,1.6451,-0.0052,3.2201,5.851,0.0059,0.05,27.01,0.91,0.0,358.0,172,171,15,48,48,4,732.0,0.05,0.0001,32064.0,,,,
863,2000,14763,1.6203,-0.0002,3.1598,5.797,0.0058,0.04,13.54,0.9,0.0,372.0,170,184,18,46,49,5,705.0,0.06,0.0001,32049.0,,,,
864,2000,14779,1.605,-0.0046,3.1377,5.758,0.0078,0.06,9.67,0.91,0.0,419.0,196,202,21,47,48,5,626.0,0.06,0.0001,32056.0,,,,
865,2000,14796,1.6362,0.0002,3.1901,5.664,0.0083,0.07,7.16,0.9,0.0,466.0,226,230,10,48,49,2,563.0,0.05,0.0001,32129.0,,,,
866,2000,14812,1.6401,-0.0008,3.1998,5.685,0.0103,0.07,8.17,0.9,0.0,493.0,230,258,5,47,52,1,532.0,0.06,0.0001,32043.0,,,,
867,2000,14829,1.7003,-0.0017,3.3203,5.52,0.0086,0.07,14.69,0.89,0.0,543.0,252,286,5,46,53,1,483.0,0.04,0.0001,32077.0,,,,
868,2000,14845,1.687,-0.0049,3.3002,5.509,0.0094,0.08,9.8,0.91,0.0,551.0,257,292,2,47,53,0,476.0,0.05,0.0001,32037.0,,,,
869,2000,14862,1.7101,-0.0146,3.3663,5.527,0.0072,0.07,16.31,0.91,0.0,615.0,303,305,7,49,50,1,426.0,0.05,0.0001,32058.0,,,,
870,2000,14878,1.7147,0.0084,3.3295,5.562,0.0086,0.07,8.54,0.91,0.0,613.0,318,291,4,52,47,1,428.0,0.04,0.0001,32066.0,,,,
871,2000,14894,1.7476,0.0042,3.4029,5.51,0.0098,0.07,13.46,0.91,0.0,611.0,299,310,2,49,51,0,429.0,0.02,0.0001,32068.0,,,,
872,2000,14911,1.7113,0.0129,3.3128,5.507,0.0113,0.09,6.91,0.92,0.0,625.0,327,297,1,52,48,0,419.0,0.03,0.0001,32071.0,,,,
873,2000,14927,1.6997,-0.0009,3.3176,5.616,0.0073,0.06,10.97,0.92,0.0,585.0,300,285,0,51,49,0,448.0,0.03,0.0001,32060.0,,,,
874,2000,14944,1.6565,0.0043,3.2213,5.673,0.0074,0.06,7.81,0.92,0.0,517.0,233,283,1,45,55,0,507.0,0.03,0.0001,32063.0,,,,
875,2000,14960,1.6109,0.0055,3.1288,5.772,0.0084,0.06,7.05,0.93,0.0,415.0,210,201,4,51,48,1,632.0,0.04,0.0001,32060.0,,,,
876,2000,14976,1.6685,0.0234,3.2071,5.666,0.0105,0.07,16.54,0.92,0.0,463.0,228,232,3,49,50,1,566.0,0.06,0.0001,32085.0,,,,
877,2000,14993,1.6098,0.0176,3.1022,5.732,0.0081,0.06,7.54,0.93,0.0,447.0,199,246,2,45,55,0,586.0,0.08,0.0001,32100.0,,,,
878,2000,15009,1.5802,0.0114,3.0556,5.816,0.0071,0.06,9.65,0.94,0.0,396.0,196,197,3,49,50,1,662.0,0.06,0.0001,32073.0,,,,
879,2000,15026,1.5677,0.0168,3.0192,5.799,0.0086,0.06,9.76,0.94,0.0,342.0,167,174,1,49,51,0,767.0,0.05,0.0001,32071.0,,,,
880,2000,15042,1.521,0.006,2.9492,5.929,0.0065,0.04,11.69,0.94,0.0,284.0,140,136,8,49,48,3,923.0,0.04,0.0001,32080.0,,,,
881,2000,15059,1.5646,0.0162,3.0146,5.756,0.0075,0.05,8.98,0.93,0.0,313.0,156,144,13,50,46,4,838.0,0.03,0.0001,30858.0,,,,
882,2000,15076,1.583,0.0184,3.0486,5.794,0.01,0.07,15.54,0.92,0.0,310.0,150,138,22,48,45,7,846.0,0.04,0.0001,32061.0,,,,
883,2000,15092,1.5761,0.018,3.036,5.833,0.0123,0.07,6.69,0.9,0.0,362.0,181,149,32,50,41,9,724.0,0.02,0.0001,32043.0,,,,
884,2000,15108,1.5614,0.011,3.0198,5.812,0.0102,0.07,7.68,0.91,0.0,361.0,177,166,18,49,46,5,726.0,0.03,0.0001,32044.0,,,,
885,2000,15125,1.5835,0.0062,3.076,5.801,0.0081,0.06,13.51,0.92,0.0,396.0,179,174,43,45,44,11,662.0,0.04,0.0001,32113.0,,,,
886,2000,15141,1.5708,0.0197,3.0238,5.88,0.0103,0.07,7.21,0.92,0.0,385.0,171,180,34,44,47,9,681.0,0.03,0.0001,32093.0,,,,
887,2000,15158,1.5745,0.0036,3.0623,5.784,0.0078,0.06,16.53,0.93,0.0,410.0,194,179,37,47,44,9,639.0,0.03,0.0001,32099.0,,,,
888,2000,15174,1.5345,-0.0024,2.9949,5.856,0.0069,0.05,12.58,0.93,0.0,327.0,144,153,30,44,47,9,802.0,0.02,0.0001,32053.0,,,,
889,2000,15190,1.5432,0.0072,2.993,5.841,0.0092,0.06,10.71,0.92,0.0,355.0,171,153,31,48,43,9,738.0,0.03,0.0001,32069.0,,,,
890,2000,15207,1.5544,-0.0044,3.0386,5.831,0.0092,0.06,10.09,0.92,0.0,349.0,166,159,24,48,46,7,751.0,0.04,0.0001,32157.0,,,,
891,2000,15223,1.4951,0.0088,2.8953,5.863,0.0092,0.06,8.27,0.94,0.0,300.0,123,130,47,41,43,16,874.0,0.03,0.0001,32068.0,,,,
892,2000,15240,1.5309,0.001,2.9828,5.821,0.0076,0.06,10.31,0.92,0.0,358.0,155,145,58,43,41,16,732.0,0.03,0.0001,32089.0,,,,
893,2000,15256,1.5547,0.0067,3.0182,5.78,0.0096,0.07,24.36,0.93,0.0,375.0,172,149,54,46,40,14,699.0,0.02,0.0001,32059.0,,,,
894,2000,15272,1.5393,0.0063,2.9896,5.782,0.0094,0.07,10.3,0.92,0.0,383.0,175,143,65,46,37,17,684.0,0.02,0.0001,32126.0,,,,
895,2000,15289,1.5061,0.0051,2.9236,5.869,0.0089,0.06,9.11,0.92,0.0,332.0,139,154,39,42,46,12,790.0,0.03,0.0001,32032.0,,,,
896,2000,15305,1.5083,0.0122,2.9151,5.802,0.01,0.07,6.63,0.9,0.0,358.0,150,148,60,42,41,17,732.0,0.04,0.0001,32121.0,,,,
897,2000,15322,1.5715,0.0058,3.053,5.7,0.0096,0.08,21.85,0.91,0.0,390.0,175,157,58,45,40,15,672.0,0.05,0.0001,32097.0,,,,
898,2000,15338,1.6041,0.011,3.1076,5.633,0.0074,0.06,15.64,0.89,0.0,411.0,186,168,57,45,41,14,638.0,0.04,0.0001,32133.0,,,,
899,2000,15354,1.5595,0.0125,3.0126,5.513,0.0103,0.08,7.32,0.91,0.0,413.0,203,175,35,49,42,8,635.0,0.05,0.0001,32043.0,230,4,278,45
900,2000,15386,1.5756,0.0112,3.0463,5.51,0.0091,0.07,10.48,0.9,0.0,377.0,166,179,32,44,47,8,695.0,0.04,0.0001,32290.0,,,,
901,2000,15403,1.6032,0.0305,3.0624,5.469,0.0142,0.1,8.99,0.88,0.0,380.0,163,187,30,43,49,8,690.0,0.07,0.0001,30957.0,,,,
902,2000,15419,1.5507,0.0187,2.9833,5.597,0.0108,0.08,9.51,0.89,0.0,327.0,120,163,44,37,50,13,802.0,0.05,0.0001,32108.0,,,,
903,2000,15436,1.5098,0.0161,2.9071,5.656,0.0126,0.09,5.15,0.9,0.0,307.0,137,141,29,45,46,9,854.0,0.03,0.0001,32136.0,,,,
904,2000,15452,1.5419,0.0143,2.9738,5.69,0.0097,0.07,9.14,0.9,0.0,326.0,135,163,28,41,50,9,804.0,0.02,0.0001,32071.0,,,,
905,2000,15468,1.5222,0.0115,2.9405,5.68,0.0115,0.08,7.31,0.9,0.0,321.0,134,156,31,42,49,10,817.0,0.03,0.0001,32058.0,,,,
906,2000,15485,1.4766,0.0079,2.8582,5.782,0.0109,0.08,4.86,0.92,0.0,286.0,125,134,27,44,47,9,917.0,0.03,0.0001,32063.0,,,,
907,2000,15501,1.4529,0.001,2.8272,5.86,0.0097,0.07,5.71,0.91,0.0,278.0,112,114,52,40,41,19,943.0,0.03,0.0001,32064.0,,,,
908,2000,15518,1.5081,-0.0006,2.9381,5.653,0.0114,0.09,5.7,0.9,0.0,363.0,131,183,49,36,50,13,722.0,0.04,0.0001,32061.0,,,,
909,2000,15534,1.4706,-0.009,2.8837,5.697,0.0108,0.08,4.08,0.91,0.0,363.0,114,186,63,31,51,17,722.0,0.04,0.0001,32059.0,,,,
910,2000,15551,1.4683,-0.012,2.8829,5.701,0.0075,0.07,6.12,0.92,0.0,312.0,133,140,39,43,45,12,840.0,0.05,0.0001,32057.0,,,,
911,2000,15567,1.4526,-0.014,2.8544,5.753,0.0074,0.06,5.78,0.93,0.0,272.0,119,128,25,44,47,9,964.0,0.06,0.0001,32119.0,,,,
912,2000,15583,1.482,-0.0099,2.9061,5.694,0.0087,0.07,6.91,0.92,0.0,318.0,116,164,38,36,52,12,824.0,0.04,0.0001,32115.0,,,,
913,2000,15600,1.5124,-0.0037,2.9534,5.644,0.0085,0.07,8.44,0.91,0.0,322.0,120,158,44,37,49,14,814.0,0.04,0.0001,32048.0,,,,
914,2000,15616,1.4534,0.0003,2.829,5.773,0.0089,0.06,9.88,0.92,0.0,258.0,94,119,45,36,46,17,1016.0,0.02,0.0001,32072.0,,,,
915,2000,15632,1.4819,0.0016,2.8819,5.738,0.0074,0.06,7.8,0.91,0.0,299.0,117,141,41,39,47,14,877.0,0.02,0.0001,32109.0,,,,
916,2000,15649,1.4966,0.0055,2.9036,5.754,0.0082,0.06,9.01,0.92,0.0,318.0,109,168,41,34,53,13,824.0,0.01,0.0001,32099.0,,,,
917,2000,15665,1.5203,0.0043,2.9554,5.728,0.0071,0.06,16.19,0.91,0.0,364.0,105,193,66,29,53,18,720.0,0.02,0.0001,32052.0,,,,
918,2000,15682,1.5303,0.0077,2.9672,5.689,0.0081,0.07,10.59,0.9,0.0,358.0,138,162,58,39,45,16,732.0,0.03,0.0001,32064.0,,,,
919,2000,15698,1.5272,0.0117,2.9523,5.736,0.0072,0.06,8.97,0.91,0.0,349.0,129,174,46,37,50,13,751.0,0.02,0.0001,32128.0,,,,
920,2000,15715,1.5042,0.0069,2.9147,5.709,0.0083,0.07,7.06,0.91,0.0,328.0,121,165,42,37,50,13,799.0,0.03,0.0001,32074.0,,,,
921,2000,15732,1.5801,0.0175,3.0451,5.665,0.0117,0.08,5.99,0.89,0.0,377.0,172,168,37,46,45,10,695.0,0.04,0.0001,30946.0,,,,
922,2000,15748,1.5831,0.0176,3.054,5.8,0.008,0.06,7.25,0.9,0.0,410.0,162,183,65,40,45,16,639.0,0.04,0.0001,32060.0,,,,
923,2000,15764,1.5481,0.0232,2.9727,5.878,0.0089,0.07,4.76,0.92,0.0,390.0,178,161,51,46,41,13,672.0,0.06,0.0001,32055.0,,,,
924,2000,15781,1.5655,0.0275,2.9987,5.889,0.0114,0.08,4.02,0.89,0.0,392.0,191,153,48,49,39,12,669.0,0.07,0.0001,32053.0,,,,
925,2000,15797,1.5067,0.0106,2.9149,5.898,0.0074,0.06,5.62,0.91,0.0,326.0,141,152,33,43,47,10,804.0,0.06,0.0001,32104.0,,,,
926,2000,15814,1.461,0.0081,2.8297,6.015,0.0075,0.06,4.59,0.91,0.0,271.0,129,106,36,48,39,13,967.0,0.05,0.0001,32137.0,,,,
927,2000,15830,1.4989,0.0157,2.8919,5.954,0.0077,0.06,6.28,0.92,0.0,302.0,135,119,48,45,39,16,868.0,0.06,0.0001,32136.0,,,,
928,2000,15846,1.4688,0.0097,2.843,5.924,0.0089,0.07,7.11,0.92,0.0,291.0,137,100,54,47,34,19,901.0,0.08,0.0001,32057.0,,,,
929,2000,15863,1.5187,0.0104,2.9402,5.869,0.0077,0.06,6.09,0.9,0.0,334.0,163,125,46,49,37,14,785.0,0.07,0.0001,32049.0,,,,
930,2000,15879,1.4955,0.0129,2.8888,5.883,0.007,0.05,6.3,0.92,0.0,316.0,137,128,51,43,41,16,830.0,0.07,0.0001,32037.0,,,,
931,2000,15896,1.4692,0.0094,2.8433,5.925,0.0081,0.06,5.98,0.91,0.0,296.0,126,116,54,43,39,18,886.0,0.05,0.0001,32062.0,,,,
932,2000,15912,1.4708,0.01,2.8458,5.904,0.0061,0.05,5.99,0.9,0.0,288.0,121,110,57,42,38,20,910.0,0.05,0.0001,32087.0,,,,
933,2000,15928,1.5116,0.0029,2.9421,5.778,0.0076,0.06,9.46,0.9,0.0,340.0,148,131,61,44,39,18,771.0,0.05,0.0001,32102.0,,,,
934,2000,15945,1.503,0.011,2.9066,5.754,0.0095,0.07,4.54,0.91,0.0,347.0,157,144,46,45,41,13,755.0,0.05,0.0001,32116.0,,,,
935,2000,15961,1.5318,0.0044,2.9775,5.785,0.0076,0.06,7.57,0.89,0.0,354.0,181,130,43,51,37,12,741.0,0.05,0.0001,32105.0,,,,
936,2000,15977,1.4968,0.004,2.9082,5.809,0.0088,0.06,6.32,0.91,0.0,309.0,117,140,52,38,45,17,848.0,0.04,0.0001,32065.0,,,,
937,2000,15994,1.4656,0.009,2.8368,5.839,0.0076,0.06,5.48,0.92,0.0,300.0,118,119,63,39,40,21,874.0,0.05,0.0001,32054.0,,,,
938,2000,16010,1.4764,0.0043,2.8678,5.793,0.0077,0.06,5.46,0.92,0.0,322.0,124,134,64,39,42,20,814.0,0.05,0.0001,32129.0,,,,
939,2000,16027,1.5103,0.0007,2.9425,5.846,0.0084,0.06,8.46,0.9,0.0,351.0,145,130,76,41,37,22,747.0,0.05,0.0001,32088.0,,,,
940,2000,16043,1.5347,0.0033,2.9858,5.745,0.0085,0.07,5.2,0.89,0.0,418.0,171,168,79,41,40,19,627.0,0.07,0.0001,32069.0,,,,
941,2000,16060,1.5561,0.0056,3.0229,5.662,0.0091,0.08,6.26,0.9,0.0,420.0,181,177,62,43,42,15,624.0,0.06,0.0001,30908.0,,,,
942,2000,16077,1.5342,-0.0011,2.9923,5.676,0.0089,0.08,3.94,0.91,0.0,351.0,158,141,52,45,40,15,747.0,0.06,0.0001,32100.0,,,,
943,2000,16093,1.567,0.0036,3.0473,5.583,0.0078,0.07,6.54,0.91,0.0,384.0,145,177,62,38,46,16,683.0,0.07,0.0001,32021.0,,,,
944,2000,16109,1.5433,0.0046,2.9988,5.638,0.0067,0.06,5.8,0.93,0.0,348.0,133,161,54,38,46,16,753.0,0.07,0.0001,32059.0,,,,
945,2000,16126,1.4949,0.0043,2.9041,5.704,0.0077,0.07,5.34,0.94,0.0,341.0,119,147,75,35,43,22,769.0,0.08,0.0001,32038.0,,,,
946,2000,16142,1.5453,0.0063,2.9993,5.574,0.0076,0.07,5.18,0.92,0.0,381.0,174,147,60,46,39,16,688.0,0.08,0.0001,32036.0,,,,
947,2000,16159,1.613,0.0076,3.1315,5.47,0.008,0.08,5.23,0.9,0.0,482.0,219,214,49,45,44,10,544.0,0.08,0.0001,32046.0,,,,
948,2000,16175,1.6627,0.013,3.2178,5.385,0.0085,0.08,7.49,0.9,0.0,506.0,226,248,32,45,49,6,518.0,0.09,0.0001,32110.0,,,,
949,2000,16191,1.6476,0.0109,3.1924,5.415,0.0072,0.07,7.38,0.91,0.0,493.0,217,248,28,44,50,6,532.0,0.08,0.0001,32096.0,198,4,310,39
950,2000,16223,1.6594,0.014,3.2103,5.387,0.0085,0.09,6.16,0.9,0.0,491.0,191,267,33,39,54,7,534.0,0.09,0.0001,32231.0,,,,
951,2000,16239,1.6574,0.0106,3.2119,5.44,0.0075,0.07,8.61,0.91,0.0,508.0,231,254,23,45,50,5,516.0,0.09,0.0001,32093.0,,,,
952,2000,16256,1.5992,0.0094,3.0983,5.525,0.0086,0.07,11.33,0.92,0.0,413.0,202,188,23,49,46,6,635.0,0.07,0.0001,32141.0,,,,
953,2000,16272,1.5271,0.0096,2.9555,5.653,0.0091,0.08,7.87,0.94,0.0,335.0,133,164,38,40,49,11,783.0,0.07,0.0001,32112.0,,,,
954,2000,16288,1.5272,0.0153,2.9442,5.71,0.0072,0.06,9.24,0.94,0.0,298.0,127,146,25,43,49,8,880.0,0.06,0.0001,32098.0,,,,
955,2000,16305,1.5836,0.009,3.0686,5.6,0.0072,0.07,11.11,0.92,0.0,400.0,178,168,54,44,42,14,655.0,0.05,0.0001,32101.0,,,,
956,2000,16321,1.6227,0.011,3.1417,5.45,0.0084,0.08,10.65,0.92,0.0,488.0,217,230,41,44,47,8,537.0,0.05,0.0001,32101.0,,,,
957,2000,16338,1.666,0.0133,3.2236,5.386,0.0081,0.08,10.67,0.91,0.0,492.0,226,234,32,46,48,7,533.0,0.06,0.0001,32092.0,,,,
958,2000,16354,1.6837,0.013,3.2589,5.388,0.0078,0.07,11.29,0.91,0.0,490.0,245,226,19,50,46,4,535.0,0.07,0.0001,32102.0,,,,
959,2000,16370,1.6499,0.0138,3.1911,5.543,0.0074,0.07,14.54,0.92,0.0,415.0,207,183,25,50,44,6,632.0,0.07,0.0001,32089.0,,,,
960,2000,16387,1.6142,0.0057,3.1367,5.57,0.0069,0.06,11.17,0.93,0.0,372.0,175,164,33,47,44,9,705.0,0.07,0.0001,32130.0,,,,
961,2000,16404,1.6368,0.017,3.158,5.465,0.0107,0.09,5.55,0.88,0.0,451.0,224,196,31,50,43,7,581.0,0.06,0.0001,30908.0,,,,
962,2000,16420,1.653,0.0197,3.1855,5.477,0.0106,0.09,6.0,0.87,0.0,484.0,251,202,31,52,42,6,542.0,0.05,0.0001,32084.0,,,,
963,2000,16437,1.6624,0.0152,3.2133,5.409,0.0109,0.09,7.77,0.84,0.0,537.0,262,239,36,49,45,7,488.0,0.04,0.0001,32063.0,,,,
964,2000,16453,1.6452,0.0109,3.1873,5.39,0.0102,0.09,5.69,0.85,0.0,570.0,269,252,49,47,44,9,460.0,0.03,0.0001,32076.0,,,,
965,2000,16469,1.5778,-0.0002,3.0762,5.508,0.0104,0.09,5.44,0.86,0.0,448.0,210,191,47,47,43,10,585.0,0.03,0.0001,32057.0,,,,
966,2000,16486,1.5971,0.0015,3.1096,5.356,0.0121,0.1,6.22,0.85,0.0,472.0,208,215,49,44,46,10,555.0,0.04,0.0001,32066.0,,,,
967,2000,16502,1.6042,-0.0124,3.1516,5.262,0.0091,0.08,7.88,0.87,0.0,490.0,212,227,51,43,46,10,535.0,0.04,0.0001,32048.0,,,,
968,2000,16519,1.5545,-0.0066,3.0438,5.393,0.0114,0.09,6.48,0.9,0.0,481.0,210,200,71,44,42,15,545.0,0.03,0.0001,32067.0,,,,
969,2000,16535,1.5454,-0.0068,3.0258,5.498,0.0079,0.07,10.75,0.89,0.0,433.0,185,188,60,43,43,14,605.0,0.03,0.0001,32063.0,,,,
970,2000,16552,1.5238,-0.014,2.9984,5.491,0.0074,0.06,9.04,0.9,0.0,430.0,179,192,59,42,45,14,610.0,0.01,0.0001,32073.0,,,,
971,2000,16568,1.4937,-0.0115,2.9334,5.64,0.0085,0.07,10.75,0.92,0.0,376.0,158,150,68,42,40,18,697.0,0.01,0.0001,32083.0,,,,
972,2000,16584,1.5207,-0.0113,2.9881,5.622,0.008,0.06,11.89,0.91,0.0,416.0,166,167,83,40,40,20,630.0,0.0,0.0001,32049.0,,,,
973,2000,16601,1.5206,-0.016,2.9964,5.628,0.0078,0.06,14.63,0.9,0.0,401.0,154,180,67,38,45,17,654.0,0.0,0.0001,32086.0,,,,
974,2000,16617,1.534,-0.0172,3.0264,5.618,0.0071,0.05,14.33,0.92,0.0,421.0,177,158,86,42,38,20,623.0,0.0,0.0001,32068.0,,,,
975,2000,16634,1.562,-0.0093,3.0639,5.498,0.0095,0.07,8.15,0.91,0.0,452.0,195,187,70,43,41,15,580.0,0.0,0.0001,32061.0,,,,
976,2000,16650,1.6106,-0.0055,3.1503,5.355,0.0077,0.07,9.92,0.91,0.0,520.0,233,234,53,45,45,10,504.0,0.01,0.0001,32055.0,,,,
977,2000,16666,1.564,-0.0022,3.053,5.54,0.0088,0.07,8.0,0.9,0.0,423.0,192,176,55,45,42,13,620.0,0.01,0.0001,32117.0,,,,
978,2000,16683,1.5441,0.0019,3.0052,5.597,0.0116,0.08,6.08,0.91,0.0,415.0,179,182,54,43,44,13,632.0,0.01,0.0001,32056.0,,,,
979,2000,16699,1.5638,0.0097,3.0276,5.57,0.011,0.08,8.07,0.9,0.0,416.0,196,190,30,47,46,7,630.0,0.02,0.0001,32063.0,,,,
980,2000,16716,1.4816,0.0117,2.8616,5.73,0.0089,0.06,6.7,0.91,0.0,324.0,125,154,45,39,48,14,809.0,0.02,0.0001,32054.0,,,,
981,2000,16733,1.4595,0.0042,2.8349,5.818,0.0085,0.06,8.35,0.91,0.0,264.0,99,108,57,38,41,22,993.0,0.01,0.0001,30909.0,,,,
982,2000,16749,1.4185,0.0102,2.7425,5.91,0.0091,0.06,4.95,0.91,0.0,243.0,72,92,79,30,38,33,1079.0,0.01,0.0001,32066.0,,,,
983,2000,16766,1.4124,0.0091,2.7307,5.882,0.0091,0.06,4.89,0.91,0.0,217.0,71,79,67,33,36,31,1208.0,0.01,0.0001,32100.0,,,,
984,2000,16782,1.4567,0.0165,2.8026,5.762,0.0133,0.08,5.18,0.88,0.0,310.0,127,98,85,41,32,27,846.0,0.03,0.0001,32065.0,,,,
985,2000,16798,1.4599,0.011,2.8198,5.626,0.0126,0.09,3.53,0.88,0.0,303.0,119,119,65,39,39,21,865.0,0.02,0.0001,32060.0,,,,
986,2000,16815,1.4264,0.0093,2.757,5.696,0.0105,0.07,3.48,0.91,0.0,280.0,108,98,74,39,35,26,936.0,0.02,0.0001,32132.0,,,,
987,2000,16831,1.4227,0.0129,2.7421,5.676,0.01,0.07,5.49,0.91,0.0,261.0,93,97,71,36,37,27,1004.0,0.02,0.0001,32072.0,,,,
988,2000,16848,1.4254,0.0149,2.7429,5.755,0.0106,0.07,4.43,0.89,0.0,281.0,100,106,75,36,38,27,933.0,0.01,0.0001,32109.0,,,,
989,2000,16864,1.369,0.017,2.6278,5.977,0.0098,0.06,3.49,0.9,0.0,215.0,85,65,65,40,30,30,1219.0,0.02,0.0001,32071.0,,,,
990,2000,16880,1.377,0.011,2.6576,5.919,0.0074,0.05,5.83,0.91,0.0,214.0,61,68,85,29,32,40,1225.0,0.01,0.0001,32060.0,,,,
991,2000,16897,1.3684,0.0112,2.6403,5.895,0.0074,0.05,6.59,0.92,0.0,228.0,63,69,96,28,30,42,1150.0,0.02,0.0001,32114.0,,,,
992,2000,16913,1.3501,0.0119,2.6048,6.0,0.0064,0.04,5.3,0.93,0.0,233.0,67,62,104,29,27,45,1125.0,0.01,0.0001,32044.0,,,,
993,2000,16930,1.3854,0.016,2.6653,5.978,0.0086,0.05,16.3,0.92,0.0,231.0,70,65,96,30,28,42,1135.0,0.0,0.0001,32060.0,,,,
994,2000,16946,1.3502,0.0118,2.6026,5.979,0.0084,0.05,7.76,0.93,0.0,210.0,50,56,104,24,27,50,1248.0,0.0,0.0001,32125.0,,,,
995,2000,16962,1.3844,0.0218,2.6507,5.931,0.0116,0.06,4.43,0.91,0.0,278.0,67,89,122,24,32,44,943.0,0.0,0.0001,32159.0,,,,
996,2000,16979,1.4007,0.0255,2.6748,5.874,0.0102,0.06,5.36,0.91,0.0,288.0,74,114,100,26,40,35,910.0,0.01,0.0001,32157.0,,,,
997,2000,16995,1.3696,0.015,2.6349,5.916,0.0085,0.06,5.15,0.92,0.0,229.0,66,59,104,29,26,45,1145.0,0.01,0.0001,32117.0,,,,
998,2000,17012,1.4266,0.0239,2.7298,5.809,0.0079,0.06,6.21,0.92,0.0,262.0,77,99,86,29,38,33,1001.0,0.01,0.0001,32132.0,,,,
999,2000,17028,1.4498,0.0215,2.7822,5.673,0.0077,0.06,6.05,0.91,0.0,329.0,95,123,111,29,37,34,797.0,0.02,0.0001,32119.0,242,12,258,47
1000,2000,17059,1.4875,0.0295,2.841,5.563,0.0099,0.08,5.57,0.93,0.0,391.0,124,157,110,32,40,28,670.0,0.02,0.0001,32306.0,,,,
1001,2000,17077,1.5009,0.0241,2.8756,5.67,0.0081,0.06,8.92,0.91,0.0,340.0,108,149,83,32,44,24,771.0,0.01,0.0001,30944.0,,,,
1002,2000,17093,1.4381,0.0231,2.7537,5.798,0.0092,0.07,4.12,0.91,0.0,263.0,100,92,71,38,35,27,997.0,0.01,0.0001,32117.0,,,,
1003,2000,17110,1.4131,0.022,2.7063,5.775,0.0093,0.07,3.75,0.9,0.0,244.0,78,89,77,32,36,32,1074.0,0.01,0.0001,32053.0,,,,
1004,2000,17126,1.4154,0.0222,2.7108,5.782,0.0085,0.07,4.53,0.92,0.0,234.0,77,81,76,33,35,32,1120.0,0.01,0.0001,32051.0,,,,
1005,2000,17142,1.4162,0.0277,2.705,5.805,0.009,0.07,4.4,0.9,0.0,283.0,85,100,98,30,35,35,926.0,0.01,0.0001,32047.0,,,,
1006,2000,17159,1.4228,0.0268,2.7176,5.793,0.0084,0.07,5.1,0.9,0.0,254.0,75,96,83,30,38,33,1032.0,0.01,0.0001,32036.0,,,,
1007,2000,17175,1.4358,0.0269,2.7438,5.758,0.0062,0.05,6.4,0.9,0.0,265.0,82,106,77,31,40,29,989.0,0.02,0.0001,32054.0,,,,
1008,2000,17192,1.4685,0.031,2.8007,5.679,0.0079,0.07,4.6,0.88,0.0,308.0,101,125,82,33,41,27,851.0,0.02,0.0001,32037.0,,,,
1009,2000,17208,1.4215,0.0302,2.7092,5.789,0.0071,0.06,4.88,0.92,0.0,255.0,75,104,76,29,41,30,1028.0,0.03,0.0001,32048.0,,,,
1010,2000,17225,1.4097,0.0258,2.6941,5.847,0.0083,0.06,3.91,0.93,0.0,225.0,68,80,77,30,36,34,1165.0,0.03,0.0001,32059.0,,,,
1011,2000,17241,1.4389,0.0295,2.7453,5.857,0.0057,0.05,8.56,0.92,0.0,234.0,79,87,68,34,37,29,1120.0,0.03,0.0001,32048.0,,,,
1012,2000,17257,1.375,0.0251,2.6294,5.967,0.0076,0.06,5.36,0.95,0.0,211.0,60,73,78,28,35,37,1242.0,0.02,0.0001,32018.0,,,,
1013,2000,17274,1.3809,0.0301,2.6319,5.961,0.0077,0.05,4.95,0.94,0.0,207.0,53,70,84,26,34,41,1266.0,0.02,0.0001,32038.0,,,,
1014,2000,17290,1.384,0.026,2.6455,5.978,0.0072,0.06,3.8,0.93,0.0,213.0,61,68,84,29,32,39,1231.0,0.02,0.0001,32105.0,,,,
1015,2000,17307,1.4295,0.0268,2.7329,5.863,0.008,0.06,3.96,0.92,0.0,237.0,76,93,68,32,39,29,1106.0,0.04,0.0001,32052.0,,,,
1016,2000,17323,1.4112,0.0274,2.6967,5.872,0.0083,0.06,2.98,0.93,0.0,247.0,92,88,67,37,36,27,1061.0,0.05,0.0001,32048.0,,,,
1017,2000,17339,1.4433,0.0296,2.7567,5.937,0.0068,0.05,4.81,0.92,0.0,266.0,97,98,71,36,37,27,986.0,0.05,0.0001,32044.0,,,,
1018,2000,17356,1.3901,0.0203,2.6671,5.961,0.0066,0.05,3.93,0.94,0.0,196.0,69,61,66,35,31,34,1337.0,0.04,0.0001,32094.0,,,,
1019,2000,17372,1.4188,0.0227,2.7186,5.84,0.0062,0.05,4.76,0.93,0.0,234.0,87,78,69,37,33,29,1120.0,0.06,0.0001,32047.0,,,,
1020,2000,17389,1.4294,0.0242,2.7395,5.909,0.0072,0.05,3.85,0.94,0.0,251.0,74,90,87,29,36,35,1044.0,0.06,0.0001,32050.0,,,,
1021,2000,17406,1.4444,0.0276,2.7623,5.936,0.0076,0.05,4.18,0.94,0.0,251.0,94,88,69,37,35,27,1044.0,0.05,0.0001,30939.0,,,,
1022,2000,17422,1.4251,0.0184,2.7414,5.956,0.0058,0.04,4.46,0.95,0.0,235.0,79,94,62,34,40,26,1116.0,0.04,0.0001,32095.0,,,,
1023,2000,17439,1.4654,0.0185,2.8211,5.844,0.005,0.04,5.39,0.94,0.0,266.0,92,99,75,35,37,28,986.0,0.04,0.0001,32106.0,,,,
1024,2000,17455,1.4513,0.0244,2.783,5.87,0.0057,0.05,6.21,0.95,0.0,281.0,77,112,92,27,40,33,933.0,0.05,0.0001,32098.0,,,,
1025,2000,17471,1.4342,0.0265,2.7413,5.811,0.007,0.06,3.92,0.95,0.0,247.0,82,97,68,33,39,28,1061.0,0.07,0.0001,32103.0,,,,
1026,2000,17488,1.416,0.0241,2.7131,5.918,0.0066,0.05,3.54,0.95,0.0,234.0,69,82,83,29,35,35,1120.0,0.06,0.0001,32098.0,,,,
1027,2000,17504,1.46,0.0259,2.7968,5.808,0.0067,0.06,5.02,0.94,0.0,293.0,110,98,85,38,33,29,895.0,0.04,0.0001,32097.0,,,,
1028,2000,17520,1.4528,0.0317,2.7697,5.819,0.0066,0.05,4.35,0.93,0.0,281.0,102,104,75,36,37,27,933.0,0.03,0.0001,32125.0,,,,
1029,2000,17537,1.4262,0.0204,2.7402,5.919,0.0061,0.05,6.95,0.95,0.0,229.0,64,92,73,28,40,32,1145.0,0.04,0.0001,32119.0,,,,
1030,2000,17553,1.4715,0.0285,2.8143,5.86,0.0056,0.05,8.49,0.94,0.0,281.0,91,111,79,32,40,28,933.0,0.04,0.0001,32094.0,,,,
1031,2000,17570,1.4545,0.0337,2.7702,5.918,0.0057,0.04,5.11,0.94,0.0,271.0,85,106,80,31,39,30,967.0,0.04,0.0001,32101.0,,,,
1032,2000,17586,1.4766,0.0287,2.826,5.876,0.0062,0.05,5.49,0.93,0.0,276.0,104,103,69,38,37,25,950.0,0.04,0.0001,32156.0,,,,
1033,2000,17602,1.4943,0.0271,2.8642,5.825,0.0058,0.05,6.15,0.93,0.0,303.0,120,109,74,40,36,24,865.0,0.03,0.0001,32095.0,,,,
1034,2000,17619,1.522,0.0214,2.9304,5.744,0.0042,0.04,11.98,0.92,0.0,350.0,106,152,92,30,43,26,749.0,0.03,0.0001,32082.0,,,,
1035,2000,17635,1.4935,0.0183,2.8797,5.806,0.0068,0.06,6.13,0.92,0.0,345.0,105,163,77,30,47,22,760.0,0.03,0.0001,32089.0,,,,
1036,2000,17652,1.4651,0.0181,2.8238,5.85,0.0066,0.05,5.47,0.93,0.0,307.0,100,134,73,33,44,24,854.0,0.02,0.0001,32142.0,,,,
1037,2000,17668,1.4604,0.0181,2.8137,5.882,0.0058,0.05,7.27,0.93,0.0,271.0,95,118,58,35,44,21,967.0,0.02,0.0001,32083.0,,,,
1038,2000,17684,1.4162,0.01,2.746,5.927,0.007,0.05,5.66,0.94,0.0,273.0,86,107,80,32,39,29,960.0,0.02,0.0001,32099.0,,,,
1039,2000,17701,1.3859,0.0139,2.6764,5.982,0.008,0.05,4.06,0.95,0.0,228.0,81,75,72,36,33,32,1150.0,0.02,0.0001,32109.0,,,,
1040,2000,17717,1.3709,0.0153,2.649,6.041,0.0077,0.05,3.12,0.95,0.0,239.0,53,86,100,22,36,42,1097.0,0.02,0.0001,32094.0,,,,
1041,2000,17734,1.4057,0.0023,2.7443,6.024,0.0068,0.05,4.9,0.93,0.0,265.0,90,78,97,34,29,37,989.0,0.02,0.0001,30937.0,,,,
1042,2000,17751,1.4589,0.0092,2.8335,5.954,0.008,0.06,4.01,0.9,0.0,279.0,82,113,84,29,41,30,940.0,0.03,0.0001,32092.0,,,,
1043,2000,17767,1.4825,0.008,2.8822,5.853,0.0061,0.05,6.22,0.91,0.0,302.0,93,125,84,31,41,28,868.0,0.02,0.0001,32074.0,,,,
1044,2000,17783,1.4749,0.0035,2.8791,5.874,0.0062,0.05,5.94,0.92,0.0,318.0,118,122,78,37,38,25,824.0,0.02,0.0001,32091.0,,,,
1045,2000,17800,1.5011,0.0071,2.9208,5.822,0.0068,0.06,4.82,0.91,0.0,357.0,122,154,81,34,43,23,734.0,0.03,0.0001,32095.0,,,,
1046,2000,17816,1.5057,0.0079,2.9254,5.797,0.0081,0.07,3.83,0.92,0.0,343.0,128,157,58,37,46,17,764.0,0.03,0.0001,32080.0,,,,
1047,2000,17833,1.4768,0.0099,2.8687,5.835,0.0079,0.06,5.29,0.93,0.0,332.0,116,140,76,35,42,23,790.0,0.01,0.0001,32071.0,,,,
1048,2000,17849,1.4442,0.0003,2.8207,5.886,0.0057,0.05,4.73,0.93,0.0,291.0,116,107,68,40,37,23,901.0,0.02,0.0001,32089.0,,,,
1049,2000,17865,1.418,0.0081,2.7553,5.949,0.0065,0.05,3.95,0.94,0.0,258.0,86,95,77,33,37,30,1016.0,0.03,0.0001,32159.0,198,21,293,39
1050,2000,17897,1.4585,0.0033,2.849,5.935,0.0051,0.05,6.44,0.92,0.0,317.0,104,118,95,33,37,30,827.0,0.02,0.0001,32233.0,,,,
1051,2000,17913,1.4535,0.001,2.843,5.96,0.0046,0.04,6.57,0.93,0.0,324.0,119,119,86,37,37,27,809.0,0.01,0.0001,32075.0,,,,
1052,2000,17930,1.4832,0.009,2.8871,5.951,0.0059,0.05,6.85,0.93,0.0,313.0,106,120,87,34,38,28,838.0,0.02,0.0001,32098.0,,,,
1053,2000,17946,1.5146,0.0134,2.9379,5.933,0.0047,0.04,7.0,0.93,0.0,353.0,133,153,67,38,43,19,743.0,0.02,0.0001,32096.0,,,,
1054,2000,17962,1.5389,0.0142,2.9873,5.876,0.0067,0.05,6.28,0.93,0.0,393.0,133,180,80,34,46,20,667.0,0.02,0.0001,32098.0,,,,
1055,2000,17979,1.5984,0.0145,3.1033,5.788,0.0058,0.05,10.77,0.93,0.0,447.0,163,211,73,36,47,16,586.0,0.02,0.0001,32131.0,,,,
1056,2000,17995,1.6071,0.0133,3.1197,5.81,0.0065,0.06,8.6,0.93,0.0,442.0,175,214,53,40,48,12,593.0,0.02,0.0001,32094.0,,,,
1057,2000,18012,1.6152,0.0194,3.1236,5.733,0.0078,0.06,6.45,0.93,0.0,501.0,184,253,64,37,50,13,523.0,0.03,0.0001,32143.0,,,,
1058,2000,18028,1.6366,0.0112,3.1798,5.654,0.0061,0.05,9.17,0.93,0.0,486.0,198,233,55,41,48,11,539.0,0.04,0.0001,32157.0,,,,
1059,2000,18044,1.6855,0.0134,3.2709,5.632,0.0065,0.06,9.32,0.91,0.0,584.0,261,276,47,45,47,8,449.0,0.02,0.0001,32088.0,,,,
1060,2000,18061,1.7072,0.0063,3.3287,5.559,0.0053,0.05,15.09,0.92,0.0,565.0,239,277,49,42,49,9,464.0,0.02,0.0001,32081.0,,,,
1061,2000,18078,1.7384,0.0222,3.3617,5.525,0.0083,0.08,8.06,0.91,0.0,620.0,285,275,60,46,44,10,423.0,0.04,0.0001,30951.0,,,,
1062,2000,18094,1.7172,0.0144,3.3331,5.543,0.008,0.08,6.88,0.9,0.0,572.0,263,264,45,46,46,8,458.0,0.05,0.0001,32112.0,,,,
1063,2000,18110,1.7176,0.0223,3.3172,5.474,0.0085,0.09,5.5,0.91,0.0,578.0,245,281,52,42,49,9,454.0,0.08,0.0001,32096.0,,,,
1064,2000,18127,1.675,0.0241,3.2278,5.476,0.0077,0.08,5.99,0.92,0.0,506.0,233,230,43,46,45,8,518.0,0.11,0.0001,32099.0,,,,
1065,2000,18143,1.6963,0.0234,3.2731,5.419,0.0104,0.09,5.64,0.91,0.0,609.0,281,265,63,46,44,10,430.0,0.14,0.0001,32101.0,,,,
1066,2000,18160,1.6878,0.0133,3.2761,5.504,0.0069,0.06,12.27,0.92,0.0,571.0,252,263,56,44,46,10,459.0,0.14,0.0001,32099.0,,,,
1067,2000,18176,1.6798,0.0128,3.2601,5.523,0.0063,0.06,9.37,0.92,0.0,589.0,265,272,52,45,46,9,445.0,0.11,0.0001,32153.0,,,,
1068,2000,18193,1.6077,0.0092,3.1234,5.644,0.0063,0.06,12.86,0.94,0.0,437.0,203,198,36,46,45,8,600.0,0.11,0.0001,32091.0,,,,
1069,2000,18209,1.6041,0.0205,3.0977,5.659,0.0058,0.05,10.65,0.94,0.0,466.0,194,209,63,42,45,14,563.0,0.09,0.0001,32089.0,,,,
1070,2000,18225,1.5872,0.0124,3.0804,5.791,0.0044,0.04,17.21,0.94,0.0,398.0,153,185,60,38,46,15,659.0,0.08,0.0001,32110.0,,,,
1071,2000,18242,1.5411,0.0183,2.979,5.722,0.0062,0.05,9.45,0.95,0.0,419.0,179,153,87,43,37,21,626.0,0.06,0.0001,32105.0,,,,
1072,2000,18258,1.5472,0.0209,2.9821,5.784,0.0075,0.05,10.43,0.95,0.0,433.0,172,197,64,40,45,15,605.0,0.05,0.0001,32115.0,,,,
1073,2000,18275,1.5177,0.0233,2.9206,5.848,0.006,0.04,13.49,0.96,0.0,335.0,140,128,67,42,38,20,783.0,0.04,0.0001,32111.0,,,,
1074,2000,18291,1.5147,0.0362,2.889,5.861,0.0096,0.06,10.34,0.96,0.0,368.0,164,138,66,45,38,18,712.0,0.05,0.0001,32107.0,,,,
1075,2000,18307,1.5099,0.0233,2.9056,5.868,0.0066,0.05,13.46,0.95,0.0,349.0,128,151,70,37,43,20,751.0,0.06,0.0001,32103.0,,,,
1076,2000,18324,1.5298,0.0325,2.9277,5.814,0.0048,0.04,13.69,0.95,0.0,363.0,133,140,90,37,39,25,722.0,0.06,0.0001,32097.0,,,,
1077,2000,18340,1.5509,0.0336,2.9627,5.726,0.0079,0.06,15.5,0.95,0.0,394.0,172,156,66,44,40,17,665.0,0.03,0.0001,32089.0,,,,
1078,2000,18357,1.571,0.0327,3.0066,5.69,0.007,0.06,15.98,0.94,0.0,417.0,177,163,77,42,39,18,629.0,0.03,0.0001,32094.0,,,,
1079,2000,18373,1.5918,0.0354,3.0412,5.638,0.0088,0.07,20.43,0.95,0.0,413.0,167,173,73,40,42,18,635.0,0.04,0.0001,32145.0,,,,
1080,2000,18389,1.6093,0.0373,3.0728,5.611,0.0083,0.07,12.19,0.93,0.0,452.0,186,192,74,41,42,16,580.0,0.04,0.0001,32127.0,,,,
1081,2000,18406,1.6442,0.0416,3.1315,5.599,0.0085,0.07,12.56,0.92,0.0,440.0,194,183,63,44,42,14,596.0,0.05,0.0001,30900.0,,,,
1082,2000,18423,1.6457,0.0461,3.1245,5.542,0.0114,0.09,10.76,0.92,0.0,483.0,198,219,66,41,45,14,543.0,0.04,0.0001,32047.0,,,,
1083,2000,18439,1.6378,0.047,3.1052,5.403,0.0111,0.09,7.04,0.91,0.0,505.0,230,217,58,46,43,11,519.0,0.06,0.0001,32041.0,,,,
1084,2000,18456,1.6415,0.0517,3.1035,5.482,0.0109,0.08,8.36,0.92,0.0,495.0,227,213,55,46,43,11,530.0,0.07,0.0001,32125.0,,,,
1085,2000,18472,1.6047,0.048,3.0382,5.564,0.0102,0.08,6.53,0.93,0.0,404.0,179,169,56,44,42,14,649.0,0.07,0.0001,32030.0,,,,
1086,2000,18488,1.6234,0.0408,3.0917,5.586,0.0082,0.07,8.9,0.92,0.0,461.0,202,197,62,44,43,13,569.0,0.06,0.0001,32101.0,,,,
1087,2000,18505,1.619,0.0433,3.0799,5.603,0.01,0.08,9.07,0.92,0.0,462.0,188,191,83,41,41,18,567.0,0.05,0.0001,32045.0,,,,
1088,2000,18521,1.6102,0.0413,3.0649,5.572,0.0066,0.06,12.8,0.92,0.0,399.0,167,170,62,42,43,16,657.0,0.05,0.0001,32031.0,,,,
1089,2000,18538,1.5803,0.0431,3.0002,5.621,0.0105,0.08,7.8,0.92,0.0,397.0,167,178,52,42,45,13,660.0,0.06,0.0001,32112.0,,,,
1090,2000,18554,1.5508,0.0406,2.9472,5.768,0.0085,0.07,11.01,0.93,0.0,370.0,157,160,53,42,43,14,708.0,0.06,0.0001,32029.0,,,,
1091,2000,18571,1.5197,0.0298,2.9092,5.736,0.0064,0.05,8.58,0.93,0.0,366.0,146,144,76,40,39,21,716.0,0.04,0.0001,32037.0,,,,
1092,2000,18587,1.5913,0.0321,3.0464,5.634,0.0071,0.06,21.48,0.93,0.0,419.0,141,198,80,34,47,19,626.0,0.04,0.0001,32066.0,,,,
1093,2000,18604,1.551,0.0376,2.9549,5.624,0.0112,0.08,6.59,0.93,0.0,431.0,166,193,72,39,45,17,608.0,0.02,0.0001,32097.0,,,,
1094,2000,18620,1.5726,0.0297,3.0123,5.491,0.0093,0.07,8.98,0.92,0.0,456.0,190,196,70,42,43,15,575.0,0.02,0.0001,32042.0,,,,
1095,2000,18636,1.6294,0.031,3.1205,5.289,0.0101,0.09,10.89,0.91,0.0,467.0,189,213,65,40,46,14,561.0,0.04,0.0001,32031.0,,,,
1096,2000,18653,1.6218,0.0289,3.1078,5.261,0.0096,0.08,7.86,0.91,0.0,500.0,211,232,57,42,46,11,524.0,0.04,0.0001,32042.0,,,,
1097,2000,18669,1.6388,0.0277,3.1462,5.256,0.0104,0.08,9.0,0.9,0.0,553.0,224,243,86,41,44,16,474.0,0.04,0.0001,32033.0,,,,
1098,2000,18686,1.6193,0.0221,3.1188,5.331,0.0082,0.07,10.53,0.91,0.0,499.0,204,223,72,41,45,14,525.0,0.03,0.0001,32041.0,,,,
1099,2000,18702,1.6063,0.025,3.087,5.392,0.0106,0.08,6.05,0.91,0.0,502.0,232,208,62,46,41,12,522.0,0.04,0.0001,32051.0,165,12,335,32
1100,2000,18733,1.6121,0.034,3.0815,5.394,0.0101,0.08,6.55,0.91,0.0,498.0,193,241,64,39,48,13,526.0,0.04,0.0001,32173.0,,,,
1101,2000,18750,1.5602,0.0266,2.9951,5.62,0.0095,0.07,5.83,0.92,0.0,404.0,177,159,68,44,39,17,649.0,0.04,0.0001,30918.0,,,,
1102,2000,18767,1.5005,0.0328,2.8661,5.879,0.0067,0.05,6.46,0.93,0.0,262.0,104,92,66,40,35,25,1001.0,0.04,0.0001,32100.0,,,,
1103,2000,18783,1.4375,0.0218,2.7629,5.911,0.0083,0.06,5.06,0.95,0.0,249.0,111,67,71,45,27,29,1053.0,0.05,0.0001,32084.0,,,,
1104,2000,18800,1.3968,0.0109,2.7055,5.999,0.0072,0.05,5.32,0.96,0.0,200.0,69,64,67,34,32,34,1311.0,0.06,0.0001,32099.0,,,,
1105,2000,18816,1.4214,0.0164,2.7593,5.906,0.0084,0.06,5.22,0.96,0.0,304.0,82,85,137,27,28,45,862.0,0.07,0.0001,32102.0,,,,
1106,2000,18832,1.4499,0.0102,2.8188,5.813,0.0091,0.06,4.63,0.95,0.0,314.0,105,118,91,33,38,29,835.0,0.1,0.0001,32094.0,,,,
1107,2000,18849,1.4125,0.0089,2.7454,5.867,0.0085,0.05,5.14,0.96,0.0,267.0,85,98,84,32,37,31,982.0,0.11,0.0001,32154.0,,,,
1108,2000,18865,1.4097,0.0088,2.7399,5.879,0.0073,0.05,6.59,0.96,0.0,243.0,84,82,77,35,34,32,1079.0,0.12,0.0001,32110.0,,,,
1109,2000,18882,1.4253,0.0074,2.7715,5.902,0.006,0.04,7.3,0.96,0.0,281.0,91,103,87,32,37,31,933.0,0.09,0.0001,32096.0,,,,
1110,2000,18898,1.4375,0.0152,2.7786,5.889,0.0081,0.05,5.25,0.96,0.0,287.0,99,100,88,34,35,31,913.0,0.08,0.0001,32101.0,,,,
1111,2000,18914,1.4846,0.013,2.876,5.808,0.0075,0.05,6.93,0.95,0.0,339.0,123,145,71,36,43,21,773.0,0.06,0.0001,32107.0,,,,
1112,2000,18931,1.5303,0.0105,2.9667,5.738,0.0083,0.06,6.05,0.94,0.0,383.0,178,159,46,46,42,12,684.0,0.08,0.0001,32080.0,,,,
1113,2000,18947,1.541,0.0186,2.9729,5.679,0.0135,0.09,5.06,0.94,0.0,386.0,183,152,51,47,39,13,679.0,0.09,0.0001,32082.0,,,,
1114,2000,18964,1.5288,0.0122,2.9563,5.698,0.0077,0.06,7.13,0.94,0.0,302.0,148,127,27,49,42,9,868.0,0.11,0.0001,32105.0,,,,
1115,2000,18980,1.5182,0.0173,2.9285,5.655,0.0074,0.06,5.83,0.94,0.0,332.0,154,131,47,46,39,14,790.0,0.11,0.0001,32077.0,,,,
1116,2000,18996,1.5357,0.0113,2.9746,5.648,0.0088,0.07,5.91,0.94,0.0,352.0,149,154,49,42,44,14,745.0,0.09,0.0001,32102.0,,,,
1117,2000,19013,1.5686,0.0109,3.0374,5.497,0.0091,0.07,6.31,0.93,0.0,378.0,182,160,36,48,42,10,694.0,0.11,0.0001,32116.0,,,,
1118,2000,19029,1.5592,0.0044,3.0307,5.454,0.0073,0.06,8.14,0.93,0.0,377.0,180,170,27,48,45,7,695.0,0.12,0.0001,32100.0,,,,
1119,2000,19046,1.5794,0.0093,3.0609,5.48,0.0068,0.06,8.9,0.92,0.0,391.0,187,180,24,48,46,6,670.0,0.12,0.0001,32103.0,,,,
1120,2000,19062,1.5962,0.0158,3.0847,5.452,0.0071,0.06,8.79,0.92,0.0,441.0,200,197,44,45,45,10,594.0,0.12,0.0001,32128.0,,,,
1121,2000,19079,1.6553,0.0173,3.1959,5.362,0.0089,0.08,6.18,0.9,0.0,493.0,251,222,20,51,45,4,532.0,0.12,0.0001,30960.0,,,,
1122,2000,19095,1.6452,0.0223,3.1656,5.302,0.0107,0.09,4.3,0.9,0.0,454.0,224,205,25,49,45,6,577.0,0.11,0.0001,32104.0,,,,
1123,2000,19112,1.6266,0.0239,3.1247,5.354,0.0091,0.08,4.55,0.9,0.0,434.0,197,224,13,45,52,3,604.0,0.09,0.0001,32079.0,,,,
1124,2000,19128,1.6067,0.024,3.0856,5.399,0.0088,0.08,5.18,0.91,0.0,378.0,172,183,23,46,48,6,694.0,0.08,0.0001,32079.0,,,,
1125,2000,19145,1.601,0.0138,3.0952,5.401,0.0067,0.06,5.48,0.91,0.0,394.0,199,162,33,51,41,8,665.0,0.11,0.0001,32078.0,,,,
1126,2000,19161,1.5973,0.0089,3.097,5.373,0.0074,0.07,7.19,0.91,0.0,407.0,204,177,26,50,43,6,644.0,0.11,0.0001,32048.0,,,,
1127,2000,19177,1.6119,0.0034,3.1366,5.309,0.0075,0.07,7.57,0.92,0.0,456.0,233,193,30,51,42,7,575.0,0.1,0.0001,32077.0,,,,
1128,2000,19194,1.579,0.0001,3.0773,5.447,0.0083,0.07,7.59,0.92,0.0,428.0,226,191,11,53,45,3,612.0,0.07,0.0001,32061.0,,,,
1129,2000,19210,1.5968,-0.0027,3.1196,5.509,0.0074,0.07,8.18,0.91,0.0,414.0,225,175,14,54,42,3,633.0,0.08,0.0001,32073.0,,,,
1130,2000,19227,1.6032,-0.0028,3.1314,5.407,0.0071,0.06,8.61,0.91,0.0,454.0,223,214,17,49,47,4,577.0,0.07,0.0001,32126.0,,,,
1131,2000,19243,1.5503,-0.0011,3.022,5.489,0.0092,0.07,6.25,0.91,0.0,392.0,204,176,12,52,45,3,669.0,0.06,0.0001,32064.0,,,,
1132,2000,19259,1.5962,0.005,3.1,5.346,0.0069,0.06,10.2,0.91,0.0,429.0,209,207,13,49,48,3,611.0,0.07,0.0001,32141.0,,,,
1133,2000,19276,1.6321,0.0092,3.1625,5.185,0.0084,0.07,8.14,0.89,0.0,474.0,239,224,11,50,47,2,553.0,0.06,0.0001,32088.0,,,,
1134,2000,19292,1.5691,0.0161,3.0239,5.446,0.0106,0.08,5.35,0.91,0.0,414.0,224,186,4,54,45,1,633.0,0.05,0.0001,32065.0,,,,
1135,2000,19309,1.5404,0.0109,2.978,5.494,0.0093,0.07,6.17,0.91,0.0,348.0,178,157,13,51,45,4,753.0,0.04,0.0001,32081.0,,,,
1136,2000,19325,1.5359,0.0191,2.9539,5.516,0.008,0.06,6.42,0.92,0.0,333.0,151,160,22,45,48,7,787.0,0.05,0.0001,32059.0,,,,
1137,2000,19341,1.5208,0.0132,2.9373,5.655,0.0056,0.04,12.6,0.92,0.0,301.0,131,137,33,44,46,11,871.0,0.05,0.0001,32079.0,,,,
1138,2000,19358,1.47,0.012,2.84,5.765,0.0078,0.06,7.91,0.93,0.0,292.0,125,119,48,43,41,16,898.0,0.05,0.0001,32097.0,,,,
1139,2000,19374,1.4783,0.0106,2.8588,5.675,0.0083,0.06,10.3,0.93,0.0,309.0,112,155,42,36,50,14,848.0,0.04,0.0001,32131.0,,,,
1140,2000,19391,1.4792,0.0157,2.8514,5.675,0.0085,0.06,6.9,0.93,0.0,300.0,132,119,49,44,40,16,874.0,0.04,0.0001,32082.0,,,,
1141,2000,19407,1.5005,0.0144,2.8962,5.603,0.0085,0.07,6.36,0.92,0.0,324.0,123,130,71,38,40,22,809.0,0.05,0.0001,30958.0,,,,
1142,2000,19424,1.4838,0.015,2.8604,5.691,0.0111,0.08,5.21,0.92,0.0,257.0,125,92,40,49,36,16,1020.0,0.06,0.0001,32111.0,,,,
1143,2000,19440,1.4117,0.019,2.7122,5.909,0.0078,0.05,6.85,0.93,0.0,188.0,68,70,50,36,37,27,1394.0,0.05,0.0001,32107.0,,,,
1144,2000,19457,1.3816,0.0103,2.669,5.948,0.0093,0.06,4.78,0.94,0.0,170.0,60,64,46,35,38,27,1542.0,0.05,0.0001,32091.0,,,,
1145,2000,19473,1.447,0.0103,2.7997,5.724,0.0081,0.06,5.4,0.93,0.0,259.0,87,88,84,34,34,32,1012.0,0.05,0.0001,32096.0,,,,
1146,2000,19489,1.4373,0.0159,2.7708,5.768,0.0098,0.06,5.34,0.92,0.0,274.0,86,103,85,31,38,31,957.0,0.05,0.0001,32100.0,,,,
1147,2000,19506,1.4927,0.0146,2.8814,5.675,0.0101,0.07,5.15,0.9,0.0,300.0,108,131,61,36,44,20,874.0,0.05,0.0001,32123.0,,,,
1148,2000,19522,1.4971,0.0086,2.9017,5.625,0.0089,0.07,5.41,0.92,0.0,310.0,137,120,53,44,39,17,846.0,0.09,0.0001,32105.0,,,,
1149,2000,19539,1.5888,0.0087,3.084,5.463,0.0078,0.06,14.74,0.89,0.0,380.0,157,158,65,41,42,17,690.0,0.1,0.0001,32105.0,257,5,250,50
1150,2000,19570,1.4833,0.006,2.8804,5.656,0.0094,0.07,6.74,0.92,0.0,313.0,138,126,49,44,40,16,838.0,0.1,0.0001,32262.0,,,,
1151,2000,19586,1.5461,0.0104,2.9953,5.556,0.0105,0.08,4.87,0.9,0.0,398.0,199,155,44,50,39,11,659.0,0.09,0.0001,32104.0,,,,
1152,2000,19603,1.5468,-0.0031,3.0229,5.535,0.0081,0.07,6.47,0.9,0.0,403.0,175,173,55,43,43,14,650.0,0.1,0.0001,32107.0,,,,
1153,2000,19619,1.5999,0.0095,3.101,5.409,0.0106,0.09,4.58,0.89,0.0,439.0,223,192,24,51,44,5,597.0,0.13,0.0001,32106.0,,,,
1154,2000,19636,1.6046,0.0053,3.1185,5.379,0.0082,0.07,6.84,0.9,0.0,436.0,205,198,33,47,45,8,601.0,0.12,0.0001,32098.0,,,,
1155,2000,19652,1.5763,0.0076,3.0592,5.563,0.0088,0.06,9.16,0.91,0.0,416.0,176,201,39,42,48,9,630.0,0.1,0.0001,32160.0,,,,
1156,2000,19668,1.5325,0.0071,2.9733,5.59,0.009,0.07,4.3,0.92,0.0,354.0,173,143,38,49,40,11,741.0,0.09,0.0001,32103.0,,,,
1157,2000,19685,1.5469,0.0124,2.9889,5.469,0.0093,0.08,4.43,0.91,0.0,389.0,189,157,43,49,40,11,674.0,0.11,0.0001,32080.0,,,,
1158,2000,19701,1.5681,0.0111,3.0343,5.375,0.0087,0.07,5.55,0.91,0.0,412.0,177,193,42,43,47,10,636.0,0.14,0.0001,32148.0,,,,
1159,2000,19717,1.5823,0.0027,3.0777,5.314,0.0087,0.08,6.16,0.89,0.0,434.0,210,195,29,48,45,7,604.0,0.13,0.0001,32096.0,,,,
1160,2000,19734,1.6304,0.0006,3.1766,5.15,0.0122,0.1,6.28,0.89,0.0,524.0,247,248,29,47,47,6,500.0,0.11,0.0001,32095.0,,,,
1161,2000,19751,1.6533,0.0094,3.2053,5.207,0.0086,0.08,5.03,0.9,0.0,506.0,246,238,22,49,47,4,518.0,0.13,0.0001,30945.0,,,,
1162,2000,19767,1.6955,0.0129,3.2822,5.105,0.0091,0.08,4.69,0.89,0.0,556.0,271,267,18,49,48,3,471.0,0.12,0.0001,32094.0,,,,
1163,2000,19784,1.7288,0.003,3.3675,5.081,0.0072,0.07,11.41,0.89,0.0,620.0,311,294,15,50,47,2,423.0,0.13,0.0001,32047.0,,,,
1164,2000,19800,1.6618,-0.0052,3.2515,5.233,0.0068,0.06,6.79,0.89,0.0,574.0,291,265,18,51,46,3,457.0,0.14,0.0001,32040.0,,,,
1165,2000,19816,1.6521,-0.0034,3.2282,5.226,0.0063,0.06,9.21,0.91,0.0,521.0,255,250,16,49,48,3,503.0,0.13,0.0001,32051.0,,,,
1166,2000,19833,1.6991,-0.0039,3.3216,5.065,0.0083,0.07,8.84,0.89,0.0,582.0,289,282,11,50,48,2,450.0,0.16,0.0001,32046.0,,,,
1167,2000,19849,1.6607,-0.0185,3.2745,5.142,0.0075,0.07,6.67,0.9,0.0,590.0,279,301,10,47,51,2,444.0,0.14,0.0001,32039.0,,,,
1168,2000,19866,1.6499,-0.0045,3.2254,5.212,0.0073,0.07,8.58,0.91,0.0,506.0,281,221,4,56,44,1,518.0,0.12,0.0001,32054.0,,,,
1169,2000,19882,1.6413,-0.0213,3.2413,5.172,0.0079,0.07,6.72,0.9,0.0,512.0,229,278,5,45,54,1,512.0,0.1,0.0001,32046.0,,,,
1170,2000,19899,1.6502,-0.0211,3.2581,5.109,0.0091,0.08,6.35,0.89,0.0,551.0,298,242,11,54,44,2,476.0,0.12,0.0001,32096.0,,,,
1171,2000,19915,1.6158,-0.0132,3.174,5.179,0.0072,0.06,6.31,0.91,0.0,500.0,265,223,12,53,45,2,524.0,0.11,0.0001,32041.0,,,,
1172,2000,19931,1.6188,-0.0211,3.1958,5.178,0.0091,0.08,5.06,0.9,0.0,500.0,277,221,2,55,44,0,524.0,0.1,0.0001,32034.0,,,,
1173,2000,19948,1.6209,-0.0216,3.201,5.186,0.0083,0.07,6.91,0.89,0.0,487.0,271,212,4,56,44,1,538.0,0.09,0.0001,32089.0,,,,
1174,2000,19964,1.6012,-0.0192,3.1575,5.178,0.01,0.08,6.54,0.9,0.0,477.0,252,221,4,53,46,1,550.0,0.08,0.0001,32029.0,,,,
1175,2000,19981,1.6208,-0.0051,3.1678,5.144,0.0079,0.07,7.98,0.91,0.0,468.0,244,222,2,52,47,0,560.0,0.09,0.0001,32027.0,,,,
1176,2000,19997,1.5747,-0.0201,3.1065,5.238,0.009,0.08,6.95,0.91,0.0,415.0,218,192,5,53,46,1,632.0,0.1,0.0001,32037.0,,,,
1177,2000,20013,1.6185,-0.0095,3.1722,5.177,0.0071,0.06,10.06,0.91,0.0,469.0,250,215,4,53,46,1,559.0,0.07,0.0001,32031.0,,,,
1178,2000,20030,1.5771,-0.01,3.0917,5.308,0.007,0.06,12.95,0.92,0.0,407.0,201,199,7,49,49,2,644.0,0.06,0.0001,32032.0,,,,
1179,2000,20046,1.5751,-0.0091,3.0853,5.245,0.0076,0.06,10.87,0.91,0.0,398.0,193,193,12,48,48,3,659.0,0.07,0.0001,32094.0,,,,
1180,2000,20063,1.598,-0.0083,3.1297,5.246,0.0093,0.07,12.03,0.91,0.0,446.0,253,185,8,57,41,2,588.0,0.06,0.0001,32048.0,,,,
1181,2000,20080,1.5984,-0.0004,3.116,5.345,0.0093,0.07,7.71,0.88,0.0,450.0,221,221,8,49,49,2,583.0,0.07,0.0001,30936.0,,,,
1182,2000,20096,1.5465,-0.0041,3.02,5.391,0.0096,0.08,4.46,0.88,0.0,353.0,166,178,9,47,50,3,743.0,0.1,0.0001,32096.0,,,,
1183,2000,20113,1.6546,0.0003,3.2237,5.039,0.0089,0.08,7.63,0.87,0.0,499.0,242,254,3,48,51,1,525.0,0.1,0.0001,32093.0,,,,
1184,2000,20129,1.5658,0.0013,3.0456,5.202,0.0085,0.08,5.48,0.87,0.0,378.0,156,217,5,41,57,1,694.0,0.09,0.0001,32095.0,,,,
1185,2000,20145,1.6135,0.0056,3.1317,5.024,0.0102,0.09,4.81,0.88,0.0,458.0,212,233,13,46,51,3,572.0,0.09,0.0001,32151.0,,,,
1186,2000,20162,1.6047,0.0141,3.0976,5.091,0.0099,0.08,5.4,0.89,0.0,442.0,192,239,11,43,54,2,593.0,0.08,0.0001,32103.0,,,,
1187,2000,20178,1.6232,0.0133,3.136,5.085,0.0102,0.09,4.68,0.89,0.0,493.0,241,242,10,49,49,2,532.0,0.09,0.0001,32106.0,,,,
1188,2000,20195,1.6131,0.0074,3.1276,5.082,0.0093,0.08,4.65,0.9,0.0,486.0,195,276,15,40,57,3,539.0,0.09,0.0001,32101.0,,,,
1189,2000,20211,1.6518,0.0143,3.19,5.0,0.0096,0.09,4.04,0.88,0.0,522.0,230,280,12,44,54,2,502.0,0.1,0.0001,32084.0,,,,
1190,2000,20227,1.6182,0.0151,3.123,5.157,0.0086,0.08,6.32,0.89,0.0,469.0,207,256,6,44,55,1,559.0,0.09,0.0001,32147.0,,,,
1191,2000,20244,1.6555,0.0235,3.181,5.141,0.0075,0.06,7.91,0.89,0.0,458.0,204,235,19,45,51,4,572.0,0.09,0.0001,32069.0,,,,
1192,2000,20260,1.6258,0.0218,3.1246,5.147,0.0082,0.07,5.38,0.9,0.0,465.0,187,264,14,40,57,3,564.0,0.09,0.0001,32143.0,,,,
1193,2000,20277,1.6466,0.0195,3.1703,5.136,0.0086,0.08,5.42,0.9,0.0,521.0,250,268,3,48,51,1,503.0,0.1,0.0001,32084.0,,,,
1194,2000,20293,1.6423,0.0129,3.1748,5.106,0.0081,0.07,5.49,0.91,0.0,525.0,230,292,3,44,56,1,499.0,0.09,0.0001,32102.0,,,,
1195,2000,20309,1.6096,0.0235,3.09,5.242,0.0085,0.07,4.8,0.9,0.0,482.0,238,238,6,49,49,1,544.0,0.08,0.0001,32090.0,,,,
1196,2000,20326,1.6228,0.0153,3.1319,5.175,0.0081,0.07,5.18,0.9,0.0,496.0,228,263,5,46,53,1,529.0,0.07,0.0001,32151.0,,,,
1197,2000,20342,1.6127,0.0185,3.1051,5.142,0.0075,0.07,5.44,0.9,0.0,462.0,207,249,6,45,54,1,567.0,0.09,0.0001,32143.0,,,,
1198,2000,20359,1.6312,0.0178,3.1435,5.154,0.0092,0.08,6.03,0.89,0.0,481.0,220,257,4,46,53,1,545.0,0.06,0.0001,32079.0,,,,
1199,2000,20375,1.6093,0.016,3.1031,5.13,0.0073,0.07,5.25,0.9,0.0,451.0,227,221,3,50,49,1,581.0,0.07,0.0001,32095.0,275,4,233,54
1200,2000,20406,1.5884,0.017,3.0599,5.201,0.0075,0.07,5.22,0.89,0.0,407.0,197,204,6,48,50,1,644.0,0.07,0.0001,32251.0,,,,
1201,2000,20423,1.6189,0.0138,3.1281,5.21,0.0079,0.07,4.15,0.88,0.0,480.0,219,250,11,46,52,2,546.0,0.06,0.0001,30892.0,,,,
1202,2000,20440,1.6342,0.0103,3.1639,5.134,0.0068,0.06,6.62,0.87,0.0,439.0,222,210,7,51,48,2,597.0,0.06,0.0001,32109.0,,,,
1203,2000,20456,1.6471,0.0163,3.1778,5.122,0.0082,0.07,5.04,0.87,0.0,492.0,241,244,7,49,50,1,533.0,0.09,0.0001,32022.0,,,,
1204,2000,20473,1.6103,0.0096,3.1201,5.269,0.0089,0.07,5.05,0.89,0.0,453.0,186,257,10,41,57,2,579.0,0.06,0.0001,32038.0,,,,
1205,2000,20489,1.5938,0.0022,3.1008,5.289,0.0082,0.07,4.57,0.9,0.0,468.0,221,242,5,47,52,1,560.0,0.05,0.0001,32076.0,,,,
1206,2000,20505,1.6363,0.0045,3.182,5.263,0.0071,0.06,6.44,0.9,0.0,534.0,214,309,11,40,58,2,491.0,0.04,0.0001,32112.0,,,,
1207,2000,20522,1.5966,-0.0003,3.1122,5.361,0.0061,0.06,7.62,0.9,0.0,446.0,199,241,6,45,54,1,588.0,0.04,0.0001,32086.0,,,,
1208,2000,20538,1.5858,-0.0014,3.092,5.274,0.0063,0.06,5.69,0.9,0.0,421.0,196,221,4,47,52,1,623.0,0.03,0.0001,32020.0,,,,
1209,2000,20555,1.5194,-0.0036,2.9652,5.418,0.0068,0.06,4.59,0.9,0.0,349.0,154,189,6,44,54,2,751.0,0.02,0.0001,32029.0,,,,
1210,2000,20571,1.5324,-0.0009,2.9855,5.389,0.0064,0.06,5.36,0.89,0.0,361.0,169,184,8,47,51,2,726.0,0.02,0.0001,32058.0,,,,
1211,2000,20588,1.5326,0.0038,2.9769,5.39,0.0076,0.06,5.22,0.89,0.0,366.0,164,188,14,45,51,4,716.0,0.02,0.0001,32123.0,,,,
1212,2000,20604,1.4885,-0.0002,2.8982,5.521,0.0075,0.06,4.55,0.89,0.0,291.0,132,144,15,45,49,5,901.0,0.03,0.0001,32041.0,,,,
1213,2000,20620,1.4438,0.0003,2.8083,5.656,0.0055,0.05,5.37,0.9,0.0,273.0,117,141,15,43,52,5,960.0,0.03,0.0001,32038.0,,,,
1214,2000,20637,1.4416,-0.0001,2.8076,5.666,0.0066,0.05,5.27,0.91,0.0,273.0,124,117,32,45,43,12,960.0,0.03,0.0001,32046.0,,,,
1215,2000,20653,1.4035,-0.0036,2.7416,5.825,0.0056,0.04,5.67,0.92,0.0,255.0,102,104,49,40,41,19,1028.0,0.02,0.0001,32083.0,,,,
1216,2000,20670,1.4289,-0.0001,2.7846,5.72,0.0086,0.06,5.46,0.91,0.0,273.0,116,107,50,42,39,18,960.0,0.02,0.0001,32046.0,,,,
1217,2000,20686,1.422,-0.0008,2.7742,5.842,0.0076,0.05,4.06,0.9,0.0,321.0,159,111,51,50,35,16,817.0,0.03,0.0001,32035.0,,,,
1218,2000,20703,1.4724,-0.0034,2.8772,5.613,0.0073,0.06,5.47,0.9,0.0,328.0,143,140,45,44,43,14,799.0,0.03,0.0001,32090.0,,,,
1219,2000,20719,1.4655,0.0018,2.853,5.666,0.0084,0.06,4.4,0.89,0.0,315.0,149,125,41,47,40,13,832.0,0.04,0.0001,32041.0,,,,
1220,2000,20735,1.4829,-0.0001,2.8917,5.708,0.008,0.06,5.84,0.91,0.0,337.0,151,146,40,45,43,12,778.0,0.03,0.0001,32035.0,,,,
1221,2000,20752,1.4746,0.0123,2.8507,5.77,0.0083,0.07,4.1,0.89,0.0,306.0,136,134,36,44,44,12,857.0,0.04,0.0001,30972.0,,,,
1222,2000,20769,1.5177,0.009,2.9414,5.635,0.0077,0.06,5.8,0.87,0.0,333.0,171,131,31,51,39,9,787.0,0.06,0.0001,32122.0,,,,
1223,2000,20785,1.5419,0.0129,2.9819,5.628,0.0075,0.06,4.65,0.87,0.0,371.0,184,163,24,50,44,6,707.0,0.05,0.0001,32088.0,,,,
1224,2000,20802,1.5519,0.0142,2.9977,5.582,0.0072,0.06,6.6,0.87,0.0,381.0,180,181,20,47,48,5,688.0,0.04,0.0001,32149.0,,,,
1225,2000,20818,1.512,0.0163,2.9144,5.673,0.007,0.06,5.67,0.89,0.0,337.0,160,169,8,47,50,2,778.0,0.05,0.0001,32106.0,,,,
1226,2000,20834,1.5013,0.0139,2.8985,5.709,0.0086,0.06,7.7,0.9,0.0,298.0,144,134,20,48,45,7,880.0,0.06,0.0001,32111.0,,,,
1227,2000,20851,1.4658,0.0208,2.8165,5.807,0.0089,0.07,3.99,0.9,0.0,286.0,120,129,37,42,45,13,917.0,0.06,0.0001,32107.0,,,,
1228,2000,20867,1.528,0.0245,2.9298,5.597,0.0075,0.07,4.88,0.88,0.0,364.0,176,152,36,48,42,10,720.0,0.05,0.0001,32107.0,,,,
1229,2000,20884,1.495,0.0154,2.8853,5.819,0.0072,0.06,3.97,0.89,0.0,325.0,160,130,35,49,40,11,807.0,0.06,0.0001,32172.0,,,,
1230,2000,20900,1.5522,0.0241,2.9804,5.654,0.0074,0.06,7.44,0.89,0.0,378.0,169,175,34,45,46,9,694.0,0.07,0.0001,32091.0,,,,
1231,2000,20917,1.5239,0.0189,2.9341,5.64,0.0073,0.06,7.2,0.91,0.0,344.0,161,159,24,47,46,7,762.0,0.08,0.0001,32084.0,,,,
1232,2000,20933,1.5174,0.0191,2.9207,5.737,0.0086,0.06,5.15,0.9,0.0,353.0,163,169,21,46,48,6,743.0,0.06,0.0001,32174.0,,,,
1233,2000,20949,1.5331,0.0199,2.9514,5.652,0.0088,0.07,4.56,0.9,0.0,397.0,175,179,43,44,45,11,660.0,0.06,0.0001,32060.0,,,,
1234,2000,20966,1.6096,0.0111,3.1177,5.401,0.0089,0.07,5.95,0.88,0.0,501.0,247,228,26,49,46,5,523.0,0.05,0.0001,32065.0,,,,
1235,2000,20982,1.5767,0.013,3.0479,5.406,0.0072,0.06,5.25,0.9,0.0,435.0,190,224,21,44,51,5,603.0,0.06,0.0001,32071.0,,,,
1236,2000,20999,1.6082,0.0114,3.1135,5.268,0.0076,0.07,4.97,0.89,0.0,480.0,225,235,20,47,49,4,546.0,0.05,0.0001,32142.0,,,,
1237,2000,21015,1.594,0.0029,3.1044,5.411,0.008,0.07,5.33,0.9,0.0,484.0,229,234,21,47,48,4,542.0,0.04,0.0001,32071.0,,,,
1238,2000,21031,1.6359,-0.0026,3.1955,5.263,0.0081,0.07,6.18,0.88,0.0,536.0,247,273,16,46,51,3,489.0,0.04,0.0001,32059.0,,,,
1239,2000,21048,1.7062,-0.0045,3.3389,5.161,0.0076,0.07,10.61,0.88,0.0,612.0,304,301,7,50,49,1,428.0,0.03,0.0001,32071.0,,,,
1240,2000,21064,1.7293,0.0034,3.3691,5.063,0.0079,0.07,8.83,0.89,0.0,669.0,337,311,21,50,46,3,392.0,0.04,0.0001,32096.0,,,,
1241,2000,21081,1.7595,0.0206,3.3956,5.112,0.0095,0.09,7.09,0.86,0.0,672.0,323,333,16,48,50,2,390.0,0.04,0.0001,30982.0,,,,
1242,2000,21098,1.6727,0.0217,3.2202,5.203,0.009,0.08,6.07,0.87,0.0,481.0,232,237,12,48,49,2,545.0,0.06,0.0001,32075.0,,,,
1243,2000,21114,1.6963,0.024,3.2603,5.05,0.0086,0.08,9.16,0.87,0.0,513.0,241,266,6,47,52,1,511.0,0.07,0.0001,32084.0,,,,
1244,2000,21130,1.6011,0.0292,3.0611,5.245,0.0093,0.08,5.67,0.89,0.0,394.0,209,182,3,53,46,1,665.0,0.07,0.0001,32081.0,,,,
1245,2000,21147,1.6213,0.0245,3.1112,5.212,0.0089,0.08,4.45,0.87,0.0,429.0,205,211,13,48,49,3,611.0,0.09,0.0001,32075.0,,,,
1246,2000,21163,1.6464,0.0234,3.1618,5.07,0.0092,0.08,5.07,0.88,0.0,488.0,240,237,11,49,49,2,537.0,0.09,0.0001,32119.0,,,,
1247,2000,21180,1.5712,0.0173,3.0258,5.314,0.008,0.07,5.99,0.89,0.0,375.0,195,169,11,52,45,3,699.0,0.06,0.0001,32098.0,,,,
1248,2000,21196,1.5886,0.0222,3.0508,5.329,0.0075,0.07,6.14,0.88,0.0,376.0,183,188,5,49,50,1,697.0,0.05,0.0001,32112.0,,,,
1249,2000,21212,1.5896,0.0195,3.0578,5.255,0.0097,0.08,5.65,0.89,0.0,420.0,222,190,8,53,45,2,624.0,0.07,0.0001,32080.0,245,2,265,48
1250,2000,21244,1.564,0.0143,3.0182,5.371,0.0094,0.07,4.21,0.88,0.0,409.0,214,187,8,52,46,2,641.0,0.07,0.0001,32231.0,,,,
1251,2000,21260,1.5557,0.0156,2.9999,5.449,0.0099,0.08,4.19,0.89,0.0,386.0,184,192,10,48,50,3,679.0,0.05,0.0001,32086.0,,,,
1252,2000,21277,1.4872,0.0098,2.876,5.643,0.0068,0.05,5.49,0.92,0.0,256.0,119,130,7,46,51,3,1024.0,0.05,0.0001,32075.0,,,,
1253,2000,21293,1.5043,0.0109,2.909,5.663,0.0087,0.06,4.36,0.9,0.0,324.0,156,149,19,48,46,6,809.0,0.05,0.0001,32130.0,,,,
1254,2000,21309,1.4872,0.008,2.883,5.731,0.0069,0.05,4.61,0.91,0.0,309.0,147,125,37,48,40,12,848.0,0.05,0.0001,32081.0,,,,
1255,2000,21326,1.5009,0.0199,2.8879,5.701,0.0079,0.05,4.95,0.91,0.0,321.0,155,124,42,48,39,13,817.0,0.06,0.0001,32146.0,,,,
1256,2000,21342,1.4618,0.016,2.8158,5.783,0.0075,0.05,4.21,0.91,0.0,261.0,113,123,25,43,47,10,1004.0,0.05,0.0001,32100.0,,,,
1257,2000,21359,1.4295,0.0069,2.7708,5.802,0.0065,0.05,5.38,0.93,0.0,219.0,99,86,34,45,39,16,1197.0,0.04,0.0001,32106.0,,,,
1258,2000,21375,1.435,0.0154,2.7659,5.902,0.0055,0.04,5.58,0.93,0.0,247.0,97,108,42,39,44,17,1061.0,0.04,0.0001,32095.0,,,,
1259,2000,21391,1.474,0.0106,2.8521,5.686,0.0073,0.05,5.44,0.92,0.0,290.0,126,117,47,43,40,16,904.0,0.04,0.0001,32121.0,,,,
1260,2000,21408,1.4673,0.0115,2.8365,5.573,0.0079,0.06,5.07,0.92,0.0,286.0,130,106,50,45,37,17,917.0,0.05,0.0001,32097.0,,,,
1261,2000,21425,1.4516,0.0173,2.7939,5.686,0.0073,0.05,5.57,0.92,0.0,237.0,86,110,41,36,46,17,1106.0,0.07,0.0001,30977.0,,,,
1262,2000,21441,1.4648,0.0182,2.818,5.608,0.0104,0.06,5.74,0.91,0.0,276.0,102,129,45,37,47,16,950.0,0.05,0.0001,32169.0,,,,
1263,2000,21458,1.4587,0.0035,2.8354,5.621,0.0068,0.05,7.28,0.91,0.0,287.0,103,134,50,36,47,17,913.0,0.04,0.0001,32119.0,,,,
1264,2000,21474,1.4944,0.0173,2.8801,5.644,0.0066,0.06,5.41,0.9,0.0,328.0,124,147,57,38,45,17,799.0,0.02,0.0001,32080.0,,,,
1265,2000,21490,1.4845,0.0161,2.8602,5.695,0.0059,0.05,6.08,0.91,0.0,285.0,114,144,27,40,51,9,920.0,0.01,0.0001,32112.0,,,,
1266,2000,21507,1.5033,0.0215,2.8867,5.651,0.0086,0.07,4.22,0.91,0.0,314.0,127,161,26,40,51,8,835.0,0.02,0.0001,32076.0,,,,
1267,2000,21523,1.4688,0.0136,2.8359,5.731,0.0077,0.06,4.61,0.92,0.0,317.0,113,156,48,36,49,15,827.0,0.02,0.0001,32148.0,,,,
1268,2000,21540,1.521,0.0201,2.926,5.616,0.0078,0.06,8.1,0.92,0.0,339.0,131,157,51,39,46,15,773.0,0.02,0.0001,32094.0,,,,
1269,2000,21556,1.528,0.0208,2.9387,5.635,0.0076,0.06,6.01,0.91,0.0,367.0,139,199,29,38,54,8,714.0,0.02,0.0001,32092.0,,,,
1270,2000,21572,1.5137,0.0143,2.9233,5.657,0.0073,0.06,5.74,0.93,0.0,326.0,129,167,30,40,51,9,804.0,0.01,0.0001,32104.0,,,,
1271,2000,21589,1.4659,0.0115,2.8361,5.767,0.0062,0.05,6.27,0.93,0.0,310.0,116,149,45,37,48,15,846.0,0.03,0.0001,32104.0,,,,
1272,2000,21605,1.5265,0.0172,2.9443,5.625,0.008,0.06,10.04,0.92,0.0,348.0,130,167,51,37,48,15,753.0,0.04,0.0001,32089.0,,,,
1273,2000,21621,1.5513,0.0164,2.9955,5.575,0.0077,0.07,8.27,0.93,0.0,402.0,156,193,53,39,48,13,652.0,0.04,0.0001,32103.0,,,,
1274,2000,21638,1.5228,0.019,2.9339,5.629,0.0109,0.08,6.58,0.93,0.0,355.0,149,163,43,42,46,12,738.0,0.04,0.0001,32094.0,,,,
1275,2000,21654,1.563,0.0164,3.0177,5.462,0.0104,0.08,7.44,0.92,0.0,385.0,158,184,43,41,48,11,681.0,0.05,0.0001,32091.0,,,,
1276,2000,21671,1.5494,0.0125,2.9983,5.561,0.0071,0.06,10.19,0.92,0.0,332.0,124,180,28,37,54,8,790.0,0.06,0.0001,32102.0,,,,
1277,2000,21687,1.5198,0.0119,2.9429,5.697,0.0082,0.06,4.91,0.92,0.0,350.0,135,175,40,39,50,11,749.0,0.05,0.0001,32091.0,,,,
1278,2000,21703,1.5499,0.0198,2.9856,5.688,0.0082,0.06,5.0,0.92,0.0,388.0,145,212,31,37,55,8,676.0,0.04,0.0001,32090.0,,,,
1279,2000,21720,1.5659,0.0125,3.0323,5.629,0.0066,0.06,5.91,0.93,0.0,418.0,166,222,30,40,53,7,627.0,0.06,0.0001,32118.0,,,,
1280,2000,21736,1.5955,0.0171,3.082,5.591,0.0086,0.07,8.91,0.92,0.0,430.0,184,212,34,43,49,8,610.0,0.07,0.0001,32151.0,,,,
1281,2000,21753,1.6406,0.0185,3.1672,5.482,0.0078,0.07,5.54,0.89,0.0,508.0,239,241,28,47,47,6,516.0,0.07,0.0001,30943.0,,,,
1282,2000,21770,1.6946,0.0109,3.2879,5.201,0.0091,0.08,5.68,0.88,0.0,571.0,283,268,20,50,47,4,459.0,0.08,0.0001,32097.0,,,,
1283,2000,21786,1.7078,0.0299,3.2765,5.22,0.0095,0.09,5.23,0.88,0.0,568.0,277,273,18,49,48,3,462.0,0.06,0.0001,32070.0,,,,
1284,2000,21802,1.737,0.0236,3.3457,5.064,0.0093,0.09,4.71,0.88,0.0,638.0,308,321,9,48,50,1,411.0,0.07,0.0001,32094.0,,,,
1285,2000,21819,1.7191,0.0236,3.3108,5.058,0.0106,0.09,3.78,0.89,0.0,647.0,300,335,12,46,52,2,405.0,0.09,0.0001,32080.0,,,,
1286,2000,21835,1.7212,0.0254,3.3108,5.087,0.0089,0.08,5.14,0.88,0.0,628.0,301,318,9,48,51,1,417.0,0.08,0.0001,32129.0,,,,
1287,2000,21852,1.7764,0.0182,3.4344,5.002,0.0073,0.07,7.21,0.87,0.0,698.0,339,353,6,49,51,1,376.0,0.08,0.0001,32088.0,,,,
1288,2000,21868,1.7488,0.0199,3.3768,5.066,0.0071,0.07,7.25,0.89,0.0,675.0,339,324,12,50,48,2,388.0,0.05,0.0001,32124.0,,,,
1289,2000,21884,1.793,0.0234,3.457,5.005,0.009,0.09,5.32,0.87,0.0,777.0,395,378,4,51,49,1,337.0,0.06,0.0001,32081.0,,,,
1290,2000,21901,1.7621,0.0199,3.4024,5.006,0.0095,0.08,5.24,0.88,0.0,748.0,373,369,6,50,49,1,350.0,0.06,0.0001,32082.0,,,,
1291,2000,21917,1.7326,0.0179,3.348,5.136,0.0071,0.07,5.87,0.89,0.0,686.0,328,356,2,48,52,0,382.0,0.05,0.0001,32089.0,,,,
1292,2000,21934,1.7181,0.0161,3.3222,5.155,0.0084,0.08,4.48,0.9,0.0,683.0,332,350,1,49,51,0,384.0,0.06,0.0001,32091.0,,,,
1293,2000,21950,1.7046,0.0311,3.2653,5.132,0.0085,0.08,5.4,0.9,0.0,619.0,313,303,3,51,49,0,423.0,0.05,0.0001,32140.0,,,,
1294,2000,21966,1.6364,0.0276,3.1379,5.349,0.0071,0.06,6.38,0.91,0.0,505.0,240,260,5,48,51,1,519.0,0.03,0.0001,32120.0,,,,
1295,2000,21983,1.6209,0.0153,3.1313,5.338,0.0062,0.06,9.16,0.91,0.0,460.0,239,216,5,52,47,1,570.0,0.03,0.0001,32089.0,,,,
1296,2000,21999,1.5958,0.0217,3.0688,5.337,0.0061,0.06,6.38,0.91,0.0,452.0,222,225,5,49,50,1,580.0,0.04,0.0001,32084.0,,,,
1297,2000,22015,1.6117,0.0183,3.1072,5.372,0.0075,0.06,5.69,0.9,0.0,469.0,245,215,9,52,46,2,559.0,0.05,0.0001,32127.0,,,,
1298,2000,22032,1.6247,0.0191,3.1301,5.224,0.0068,0.06,8.78,0.9,0.0,449.0,222,216,11,49,48,2,584.0,0.04,0.0001,32097.0,,,,
1299,2000,22048,1.6065,0.0189,3.0944,5.281,0.0075,0.06,9.4,0.92,0.0,477.0,227,234,16,48,49,3,550.0,0.03,0.0001,32080.0,300,8,204,59
1300,2000,22080,1.6308,0.0108,3.159,5.19,0.0071,0.07,8.63,0.91,0.0,493.0,241,235,17,49,48,3,532.0,0.04,0.0001,32233.0,,,,
1301,2000,22097,1.5972,0.0152,3.0847,5.406,0.0064,0.06,7.66,0.92,0.0,447.0,215,206,26,48,46,6,586.0,0.03,0.0001,30923.0,,,,
1302,2000,22113,1.5773,0.0154,3.0468,5.529,0.0093,0.07,4.88,0.92,0.0,431.0,193,209,29,45,48,7,608.0,0.03,0.0001,32096.0,,,,
1303,2000,22130,1.5465,0.0127,2.9928,5.706,0.0065,0.05,12.81,0.93,0.0,354.0,161,157,36,45,44,10,741.0,0.03,0.0001,32135.0,,,,
1304,2000,22146,1.5913,0.0065,3.0918,5.538,0.0057,0.05,12.29,0.93,0.0,402.0,178,196,28,44,49,7,652.0,0.04,0.0001,32077.0,,,,
1305,2000,22162,1.5677,0.0203,3.018,5.552,0.0075,0.06,5.74,0.93,0.0,391.0,167,196,28,43,50,7,670.0,0.03,0.0001,32070.0,,,,
1306,2000,22179,1.6338,0.0216,3.1459,5.39,0.0083,0.07,5.29,0.92,0.0,509.0,238,248,23,47,49,5,515.0,0.05,0.0001,32114.0,,,,
1307,2000,22195,1.6511,0.0178,3.188,5.401,0.0082,0.07,7.95,0.92,0.0,490.0,248,220,22,51,45,4,535.0,0.05,0.0001,32138.0,,,,
1308,2000,22211,1.642,0.0136,3.1785,5.391,0.0069,0.06,11.75,0.93,0.0,480.0,216,239,25,45,50,5,546.0,0.03,0.0001,32107.0,,,,
1309,2000,22228,1.6264,0.0123,3.1496,5.427,0.0075,0.06,8.98,0.92,0.0,461.0,202,239,20,44,52,4,569.0,0.02,0.0001,32087.0,,,,
1310,2000,22244,1.5572,0.0113,3.014,5.502,0.0075,0.06,7.09,0.93,0.0,384.0,167,189,28,43,49,7,683.0,0.03,0.0001,32087.0,,,,
1311,2000,22261,1.5261,0.0218,2.9328,5.604,0.0089,0.06,5.85,0.93,0.0,341.0,165,130,46,48,38,13,769.0,0.02,0.0001,32111.0,,,,
1312,2000,22277,1.5663,0.0136,3.0282,5.422,0.0086,0.07,5.62,0.92,0.0,405.0,199,158,48,49,39,12,647.0,0.03,0.0001,32130.0,,,,
1313,2000,22293,1.6079,0.008,3.1212,5.451,0.0075,0.06,8.32,0.91,0.0,458.0,239,174,45,52,38,10,572.0,0.02,0.0001,32078.0,,,,
1314,2000,22310,1.6409,0.0246,3.1541,5.413,0.0101,0.07,7.25,0.91,0.0,509.0,269,194,46,53,38,9,515.0,0.01,0.0001,32073.0,,,,
1315,2000,22326,1.5984,0.013,3.0926,5.435,0.0085,0.07,6.34,0.91,0.0,435.0,257,146,32,59,34,7,603.0,0.02,0.0001,32086.0,,,,
1316,2000,22343,1.6058,0.0185,3.0957,5.431,0.009,0.07,6.24,0.89,0.0,461.0,248,184,29,54,40,6,569.0,0.03,0.0001,32103.0,,,,
1317,2000,22359,1.6209,0.0162,3.1298,5.287,0.0094,0.07,5.72,0.9,0.0,481.0,239,210,32,50,44,7,545.0,0.03,0.0001,32102.0,,,,
1318,2000,22375,1.6124,0.0187,3.1083,5.345,0.0108,0.08,4.94,0.91,0.0,501.0,257,197,47,51,39,9,523.0,0.04,0.0001,32079.0,,,,
1319,2000,22392,1.6313,0.0247,3.1345,5.326,0.0112,0.09,4.41,0.9,0.0,511.0,255,218,38,50,43,7,513.0,0.04,0.0001,32081.0,,,,
1320,2000,22408,1.6633,0.0278,3.1925,5.207,0.0112,0.09,6.83,0.91,0.0,583.0,298,238,47,51,41,8,450.0,0.03,0.0001,32134.0,,,,
1321,2000,22425,1.6954,0.0301,3.2516,5.203,0.0094,0.08,4.44,0.89,0.0,595.0,293,267,35,49,45,6,441.0,0.04,0.0001,30882.0,,,,
1322,2000,22442,1.6211,0.0247,3.1146,5.294,0.0091,0.08,4.59,0.91,0.0,443.0,200,212,31,45,48,7,592.0,0.05,0.0001,32037.0,,,,
1323,2000,22458,1.6051,0.0234,3.0844,5.248,0.0107,0.08,5.32,0.9,0.0,471.0,221,211,39,47,45,8,557.0,0.05,0.0001,32055.0,,,,
1324,2000,22475,1.5799,0.0261,3.0315,5.394,0.0088,0.07,6.07,0.92,0.0,415.0,174,192,49,42,46,12,632.0,0.05,0.0001,32058.0,,,,
1325,2000,22491,1.608,0.0324,3.0742,5.297,0.0098,0.08,5.02,0.91,0.0,481.0,201,222,58,42,46,12,545.0,0.06,0.0001,32085.0,,,,
1326,2000,22507,1.606,0.0301,3.0751,5.293,0.0086,0.07,7.21,0.92,0.0,474.0,204,212,58,43,45,12,553.0,0.05,0.0001,32044.0,,,,
1327,2000,22524,1.6498,0.0398,3.1429,5.258,0.0113,0.09,4.73,0.92,0.0,606.0,273,280,53,45,46,9,433.0,0.05,0.0001,32043.0,,,,
1328,2000,22540,1.6213,0.0288,3.1072,5.326,0.0068,0.06,6.79,0.92,0.0,508.0,221,247,40,44,49,8,516.0,0.03,0.0001,32052.0,,,,
1329,2000,22557,1.6426,0.0291,3.1511,5.249,0.0103,0.08,4.87,0.92,0.0,576.0,252,268,56,44,47,10,455.0,0.04,0.0001,32046.0,,,,
1330,2000,22573,1.6381,0.0254,3.1472,5.312,0.0086,0.07,6.8,0.92,0.0,537.0,239,268,30,45,50,6,488.0,0.05,0.0001,32108.0,,,,
1331,2000,22590,1.6316,0.0262,3.1341,5.368,0.0077,0.06,7.1,0.93,0.0,555.0,250,269,36,45,48,6,472.0,0.05,0.0001,32075.0,,,,
1332,2000,22606,1.5977,0.0297,3.0583,5.45,0.0071,0.06,5.38,0.94,0.0,497.0,243,239,15,49,48,3,527.0,0.04,0.0001,32068.0,,,,
1333,2000,22622,1.6248,0.0248,3.1225,5.469,0.0079,0.06,5.79,0.93,0.0,553.0,257,277,19,46,50,3,474.0,0.03,0.0001,32039.0,,,,
1334,2000,22639,1.6268,0.0195,3.1368,5.439,0.0089,0.06,6.29,0.93,0.0,596.0,284,289,23,48,48,4,440.0,0.02,0.0001,32048.0,,,,
1335,2000,22655,1.6094,0.0192,3.1022,5.424,0.007,0.05,8.7,0.95,0.0,498.0,228,252,18,46,51,4,526.0,0.02,0.0001,32124.0,,,,
1336,2000,22672,1.6054,0.0168,3.099,5.411,0.0081,0.06,8.11,0.94,0.0,510.0,214,274,22,42,54,4,514.0,0.04,0.0001,32061.0,,,,
1337,2000,22688,1.6182,0.0128,3.1326,5.426,0.0076,0.06,7.37,0.94,0.0,513.0,251,244,18,49,48,4,511.0,0.04,0.0001,32109.0,,,,
1338,2000,22704,1.6522,0.0049,3.2158,5.398,0.008,0.06,11.72,0.94,0.0,584.0,272,283,29,47,48,5,449.0,0.03,0.0001,32053.0,,,,
1339,2000,22721,1.6011,0.0083,3.108,5.515,0.007,0.05,7.76,0.95,0.0,499.0,226,250,23,45,50,5,525.0,0.03,0.0001,32065.0,,,,
1340,2000,22737,1.645,0.0059,3.2005,5.383,0.0068,0.05,10.44,0.94,0.0,519.0,260,227,32,50,44,6,505.0,0.03,0.0001,32063.0,,,,
1341,2000,22754,1.6247,0.0085,3.1547,5.474,0.0083,0.06,5.72,0.93,0.0,521.0,254,240,27,49,46,5,503.0,0.02,0.0001,30925.0,,,,
1342,2000,22771,1.6361,0.0165,3.1617,5.484,0.008,0.07,6.13,0.91,0.0,483.0,240,223,20,50,46,4,543.0,0.03,0.0001,32084.0,,,,
1343,2000,22787,1.7512,0.0142,3.3936,5.237,0.0051,0.05,16.16,0.91,0.0,545.0,258,281,6,47,52,1,481.0,0.04,0.0001,32071.0,,,,
1344,2000,22803,1.6703,0.0212,3.2181,5.282,0.009,0.07,7.8,0.92,0.0,537.0,292,243,2,54,45,0,488.0,0.06,0.0001,32090.0,,,,
1345,2000,22820,1.6734,0.0208,3.2249,5.221,0.0098,0.08,4.92,0.91,0.0,592.0,328,254,10,55,43,2,443.0,0.11,0.0001,32064.0,,,,
1346,2000,22836,1.7085,0.02,3.2966,5.233,0.0081,0.07,7.21,0.91,0.0,588.0,344,239,5,59,41,1,446.0,0.1,0.0001,32134.0,,,,
1347,2000,22853,1.6469,0.0136,3.1879,5.345,0.0068,0.06,7.74,0.92,0.0,476.0,241,224,11,51,47,2,551.0,0.1,0.0001,32087.0,,,,
1348,2000,22869,1.6304,0.0213,3.1406,5.454,0.0087,0.07,4.79,0.91,0.0,470.0,235,213,22,50,45,5,558.0,0.09,0.0001,32083.0,,,,
1349,2000,22885,1.6464,0.0243,3.1653,5.296,0.01,0.08,5.78,0.91,0.0,504.0,247,242,15,49,48,3,520.0,0.09,0.0001,32096.0,330,5,177,64
1350,2000,23004,1.8548,0.042,3.5435,5.126,0.0148,0.09,16.66,0.86,0.0,637.0,276,361,0,43,57,0,412.0,0.01,0.0001,5088.0,,,,
1351,2000,23020,1.5962,0.0269,3.0574,5.241,0.008,0.07,14.84,0.87,0.0,309.0,144,165,0,47,53,0,848.0,0.02,0.0001,32107.0,,,,
1352,2000,23036,1.5635,0.0057,3.0345,5.223,0.0076,0.07,13.14,0.86,0.0,297.0,181,116,0,61,39,0,883.0,0.02,0.0001,32124.0,,,,
1353,2000,23053,1.5462,0.0018,3.0088,5.3,0.0077,0.07,10.87,0.88,0.0,369.0,222,111,36,60,30,10,710.0,0.03,0.0001,32123.0,,,,
1354,2000,23069,1.5624,0.0024,3.0402,5.334,0.0115,0.08,6.41,0.88,0.0,403.0,245,147,11,61,36,3,650.0,0.0,0.0001,32124.0,,,,
1355,2000,23086,1.6207,-0.0055,3.171,5.175,0.0115,0.09,6.35,0.89,0.0,539.0,334,201,4,62,37,1,486.0,0.01,0.0001,32100.0,,,,
1356,2000,23102,1.5652,-0.0008,3.0539,5.527,0.0093,0.07,5.6,0.89,0.0,409.0,215,190,4,53,46,1,641.0,0.01,0.0001,32116.0,,,,
1357,2000,23118,1.6079,0.0094,3.1174,5.408,0.008,0.06,6.74,0.9,0.0,386.0,190,191,5,49,49,1,679.0,0.02,0.0001,32106.0,,,,
1358,2000,23135,1.5988,0.0059,3.1052,5.31,0.0094,0.08,5.45,0.91,0.0,405.0,178,223,4,44,55,1,647.0,0.03,0.0001,32118.0,,,,
1359,2000,23151,1.5225,0.0017,2.9623,5.458,0.0079,0.06,5.52,0.93,0.0,369.0,143,214,12,39,58,3,710.0,0.05,0.0001,32115.0,,,,
1360,2000,23168,1.5113,0.0097,2.9238,5.479,0.0071,0.06,7.52,0.92,0.0,283.0,100,175,8,35,62,3,926.0,0.11,0.0001,32171.0,,,,
1361,2000,23185,1.4858,-0.0044,2.9019,5.534,0.0073,0.06,7.46,0.93,0.0,241.0,67,158,16,28,66,7,1088.0,0.18,0.0001,30953.0,,,,
1362,2000,23201,1.4278,-0.0096,2.8001,5.751,0.0096,0.06,4.05,0.92,0.0,267.0,65,164,38,24,61,14,982.0,0.16,0.0001,32071.0,,,,
1363,2000,23217,1.4472,-0.0162,2.8524,5.64,0.012,0.07,4.83,0.93,0.0,326.0,83,185,58,25,57,18,804.0,0.09,0.0001,32086.0,,,,
1364,2000,23234,1.6285,-0.0042,3.1858,5.24,0.0126,0.09,5.01,0.9,0.0,542.0,150,349,43,28,64,8,484.0,0.03,0.0001,32129.0,,,,
1365,2000,23250,1.6866,-0.026,3.3458,5.189,0.0107,0.08,6.42,0.91,0.0,733.0,231,463,39,32,63,5,358.0,0.02,0.0001,32152.0,,,,
1366,2000,23266,1.7304,-0.0258,3.4316,5.144,0.0117,0.09,6.31,0.9,0.0,873.0,317,524,32,36,60,4,300.0,0.01,0.0001,32130.0,,,,
1367,2000,23283,1.7921,-0.027,3.556,4.998,0.0117,0.09,6.44,0.87,0.0,982.0,370,603,9,38,61,1,267.0,0.01,0.0001,32074.0,,,,
1368,2000,23299,1.8506,0.0093,3.5993,4.867,0.0119,0.1,5.93,0.85,0.0,974.0,443,522,9,45,54,1,269.0,0.02,0.0001,32055.0,,,,
1369,2000,23316,1.852,0.019,3.5814,4.729,0.0098,0.09,4.77,0.85,0.0,973.0,422,539,12,43,55,1,269.0,0.04,0.0001,32080.0,,,,
1370,2000,23332,1.795,-0.0088,3.5214,4.601,0.0106,0.1,6.44,0.87,0.0,870.0,369,496,5,42,57,1,301.0,0.08,0.0001,32079.0,,,,
1371,2000,23349,1.816,-0.0017,3.5483,4.569,0.0107,0.1,5.53,0.88,0.0,889.0,350,535,4,39,60,0,295.0,0.11,0.0001,32080.0,,,,
1372,2000,23365,1.8034,0.0183,3.4854,4.774,0.0119,0.1,5.19,0.89,0.0,866.0,321,544,1,37,63,0,303.0,0.15,0.0001,32095.0,,,,
1373,2000,23381,1.8045,0.0395,3.4465,4.896,0.0124,0.11,4.3,0.89,0.0,896.0,362,534,0,40,60,0,293.0,0.21,0.0001,32090.0,,,,
1374,2000,23398,1.8057,0.0321,3.4634,4.826,0.0113,0.1,3.95,0.89,0.0,974.0,394,579,1,40,59,0,269.0,0.16,0.0001,32092.0,,,,
1375,2000,23414,1.729,0.0022,3.3708,4.922,0.0112,0.1,4.58,0.89,0.0,758.0,309,449,0,41,59,0,346.0,0.13,0.0001,32089.0,,,,
1376,2000,23431,1.6816,0.0021,3.2768,5.002,0.0105,0.09,4.54,0.89,0.0,618.0,262,353,3,42,57,0,424.0,0.14,0.0001,32091.0,,,,
1377,2000,23447,1.6797,0.0027,3.2704,4.873,0.0107,0.09,4.3,0.9,0.0,667.0,268,395,4,40,59,1,393.0,0.14,0.0001,32088.0,,,,
1378,2000,23463,1.6813,0.0139,3.2528,5.068,0.0091,0.08,6.48,0.9,0.0,689.0,251,435,3,36,63,0,380.0,0.1,0.0001,32083.0,,,,
1379,2000,23480,1.6835,0.0213,3.2427,5.086,0.0097,0.08,5.19,0.9,0.0,680.0,269,404,7,40,59,1,386.0,0.08,0.0001,32087.0,,,,
1380,2000,23496,1.6955,0.0053,3.2985,5.044,0.0094,0.08,8.18,0.9,0.0,691.0,264,421,6,38,61,1,379.0,0.06,0.0001,32114.0,,,,
1381,2000,23513,1.7391,0.029,3.3396,5.28,0.0061,0.06,13.48,0.9,0.0,586.0,284,289,13,48,49,2,447.0,0.06,0.0001,30974.0,,,,
1382,2000,23530,1.7201,0.0338,3.2925,5.336,0.0087,0.06,6.25,0.9,0.0,602.0,308,282,12,51,47,2,435.0,0.09,0.0001,32065.0,,,,
1383,2000,23546,1.663,0.0223,3.2025,5.365,0.0072,0.06,6.14,0.9,0.0,523.0,260,248,15,50,47,3,501.0,0.08,0.0001,32054.0,,,,
1384,2000,23562,1.6598,0.0074,3.2253,5.369,0.0071,0.06,7.79,0.91,0.0,533.0,277,248,8,52,47,2,492.0,0.09,0.0001,32057.0,,,,
1385,2000,23579,1.6285,0.0,3.1792,5.441,0.0075,0.06,11.79,0.92,0.0,553.0,290,230,33,52,42,6,474.0,0.08,0.0001,32100.0,,,,
1386,2000,23595,1.5919,-0.0032,3.1138,5.541,0.0069,0.05,9.92,0.93,0.0,474.0,225,214,35,47,45,7,553.0,0.04,0.0001,32056.0,,,,
1387,2000,23612,1.5816,0.0119,3.0649,5.603,0.0078,0.05,17.48,0.93,0.0,461.0,200,216,45,43,47,10,569.0,0.03,0.0001,32085.0,,,,
1388,2000,23628,1.5278,-0.0014,2.9852,5.642,0.0069,0.04,15.51,0.95,0.0,407.0,164,191,52,40,47,13,644.0,0.02,0.0001,32116.0,,,,
1389,2000,23645,1.5134,-0.0024,2.9624,5.692,0.0069,0.05,17.86,0.95,0.0,425.0,173,169,83,41,40,20,617.0,0.02,0.0001,32029.0,,,,
1390,2000,23661,1.4839,-0.0053,2.908,5.614,0.0113,0.06,8.41,0.95,0.0,425.0,167,181,77,39,43,18,617.0,0.02,0.0001,32066.0,,,,
1391,2000,23677,1.4737,-0.0062,2.8881,5.713,0.0123,0.06,9.94,0.95,0.0,399.0,183,156,60,46,39,15,657.0,0.02,0.0001,32030.0,,,,
1392,2000,23694,1.4402,-0.0081,2.8265,5.792,0.0083,0.05,7.75,0.95,0.0,321.0,144,118,59,45,37,18,817.0,0.02,0.0001,32028.0,,,,
1393,2000,23710,1.4743,-0.0015,2.8805,5.765,0.009,0.05,16.81,0.94,0.0,340.0,153,123,64,45,36,19,771.0,0.03,0.0001,32101.0,,,,
1394,2000,23727,1.4533,-0.001,2.8366,5.674,0.0121,0.07,4.58,0.94,0.0,344.0,153,141,50,44,41,15,762.0,0.04,0.0001,32037.0,,,,
1395,2000,23743,1.4599,0.0017,2.8493,5.753,0.0118,0.07,5.74,0.94,0.0,342.0,148,125,69,43,37,20,767.0,0.04,0.0001,32025.0,,,,
1396,2000,23760,1.4267,-0.0069,2.7975,5.78,0.0087,0.06,7.43,0.93,0.0,256.0,122,94,40,48,37,16,1024.0,0.07,0.0001,32040.0,,,,
1397,2000,23776,1.3979,-0.0044,2.7411,5.852,0.0114,0.06,4.19,0.95,0.0,284.0,117,109,58,41,38,20,923.0,0.08,0.0001,32020.0,,,,
1398,2000,23792,1.3983,-0.0055,2.7411,5.854,0.0093,0.05,5.86,0.94,0.0,271.0,106,111,54,39,41,20,967.0,0.06,0.0001,32030.0,,,,
1399,2000,23809,1.4742,-0.0082,2.8959,5.632,0.0092,0.07,5.67,0.93,0.0,363.0,161,132,70,44,36,19,722.0,0.06,0.0001,32038.0,46,28,438,9
1400,2000,23851,1.4818,-0.0055,2.9036,5.576,0.0095,0.07,5.52,0.93,0.0,348.0,166,126,56,48,36,16,753.0,0.05,0.0001,32214.0,,,,
1401,2000,23868,1.5412,-0.0196,3.0482,5.562,0.0088,0.07,10.01,0.9,0.0,403.0,189,177,37,47,44,9,650.0,0.05,0.0001,30940.0,,,,
1402,2000,23885,1.4977,-0.0121,2.9475,5.826,0.0084,0.06,4.49,0.91,0.0,250.0,84,144,22,34,58,9,1049.0,0.12,0.0001,32083.0,,,,
1403,2000,23901,1.4851,-0.0025,2.9043,5.794,0.0099,0.07,4.11,0.9,0.0,277.0,103,126,48,37,45,17,946.0,0.14,0.0001,32090.0,,,,
1404,2000,23917,1.4766,-0.001,2.8834,5.724,0.0094,0.06,4.59,0.91,0.0,302.0,114,137,51,38,45,17,868.0,0.11,0.0001,32091.0,,,,
1405,2000,23934,1.4838,0.0002,2.9052,5.73,0.0097,0.06,5.03,0.9,0.0,375.0,110,168,97,29,45,26,699.0,0.07,0.0001,32082.0,,,,
1406,2000,23950,1.4741,-0.01,2.9013,5.75,0.0081,0.06,5.44,0.91,0.0,343.0,141,149,53,41,43,15,764.0,0.06,0.0001,32097.0,,,,
1407,2000,23967,1.4227,-0.0077,2.7986,5.874,0.0072,0.05,5.87,0.94,0.0,260.0,107,87,66,41,33,25,1008.0,0.08,0.0001,32127.0,,,,
1408,2000,23983,1.396,-0.009,2.7488,5.879,0.0085,0.05,5.89,0.96,0.0,261.0,107,79,75,41,30,29,1004.0,0.12,0.0001,32071.0,,,,
1409,2000,23999,1.4097,-0.0002,2.7586,5.95,0.0081,0.05,6.26,0.96,0.0,259.0,100,88,71,39,34,27,1012.0,0.13,0.0001,32074.0,,,,
1410,2000,24016,1.4329,0.0007,2.8052,5.916,0.0093,0.05,5.59,0.94,0.0,287.0,117,85,85,41,30,30,913.0,0.13,0.0001,32135.0,,,,
1411,2000,24032,1.4274,-0.0023,2.7963,5.923,0.0075,0.05,6.51,0.95,0.0,301.0,123,107,71,41,36,24,871.0,0.16,0.0001,32149.0,,,,
1412,2000,24048,1.5022,0.0019,2.9341,5.767,0.0085,0.05,6.93,0.93,0.0,354.0,123,163,68,35,46,19,741.0,0.2,0.0001,32103.0,,,,
1413,2000,24065,1.5384,-0.0094,3.0279,5.61,0.0065,0.05,8.77,0.93,0.0,425.0,148,210,67,35,49,16,617.0,0.21,0.0001,32086.0,,,,
1414,2000,24081,1.6201,-0.0019,3.1723,5.501,0.0066,0.06,13.33,0.93,0.0,514.0,230,229,55,45,45,11,510.0,0.18,0.0001,32072.0,,,,
1415,2000,24098,1.5733,-0.0037,3.0838,5.42,0.0094,0.07,10.05,0.93,0.0,493.0,228,208,57,46,42,12,532.0,0.1,0.0001,32075.0,,,,
1416,2000,24114,1.4964,-0.0037,2.9306,5.464,0.0083,0.06,11.68,0.95,0.0,375.0,167,156,52,45,42,14,699.0,0.05,0.0001,32073.0,,,,
1417,2000,24131,1.4369,-0.0046,2.816,5.61,0.0072,0.06,8.84,0.95,0.0,324.0,127,142,55,39,44,17,809.0,0.02,0.0001,32075.0,,,,
1418,2000,24147,1.3893,0.0041,2.7098,5.768,0.0077,0.06,5.76,0.94,0.0,259.0,84,103,72,32,40,28,1012.0,0.01,0.0001,32075.0,,,,
1419,2000,24163,1.3653,0.0027,2.6733,5.932,0.0077,0.05,6.36,0.94,0.0,245.0,70,78,97,29,32,40,1070.0,0.02,0.0001,32140.0,,,,
1420,2000,24180,1.3747,0.0081,2.6806,5.886,0.0113,0.06,7.53,0.94,0.0,265.0,74,90,101,28,34,38,989.0,0.01,0.0001,32139.0,,,,
1421,2000,24197,1.4565,0.001,2.8541,5.771,0.0083,0.06,6.86,0.91,0.0,350.0,115,137,98,33,39,28,749.0,0.01,0.0001,30892.0,,,,
1422,2000,24213,1.4608,0.0046,2.8563,5.75,0.0097,0.07,6.39,0.9,0.0,350.0,122,125,103,35,36,29,749.0,0.03,0.0001,32016.0,,,,
1423,2000,24230,1.567,0.0071,3.0628,5.525,0.0086,0.07,10.5,0.89,0.0,495.0,170,207,118,34,42,24,530.0,0.05,0.0001,32021.0,,,,
1424,2000,24246,1.6504,0.0055,3.224,5.329,0.0095,0.08,9.34,0.9,0.0,598.0,259,249,90,43,42,15,438.0,0.07,0.0001,32024.0,,,,
1425,2000,24262,1.7246,0.0127,3.3494,5.292,0.0073,0.07,17.59,0.92,0.0,590.0,236,299,55,40,51,9,444.0,0.1,0.0001,32031.0,,,,
1426,2000,24279,1.6773,0.0184,3.2436,5.273,0.0076,0.07,10.57,0.95,0.0,549.0,239,261,49,44,48,9,477.0,0.15,0.0001,32010.0,,,,
1427,2000,24295,1.6993,0.0076,3.3068,5.155,0.0083,0.07,14.23,0.94,0.0,612.0,281,294,37,46,48,6,428.0,0.2,0.0001,32093.0,,,,
1428,2000,24312,1.6943,0.0158,3.2791,5.115,0.0096,0.08,10.57,0.95,0.0,666.0,341,287,38,51,43,6,394.0,0.19,0.0001,32021.0,,,,
1429,2000,24328,1.6934,0.0289,3.2522,5.152,0.0082,0.07,17.64,0.95,0.0,636.0,292,305,39,46,48,6,412.0,0.14,0.0001,32021.0,,,,
1430,2000,24345,1.6136,0.012,3.1263,5.311,0.0091,0.07,13.67,0.96,0.0,550.0,277,244,29,50,44,5,477.0,0.1,0.0001,32032.0,,,,
1431,2000,24361,1.5506,0.0182,2.9894,5.49,0.0074,0.06,15.3,0.96,0.0,450.0,226,198,26,50,44,6,583.0,0.09,0.0001,32021.0,,,,
1432,2000,24377,1.5516,0.0236,2.9829,5.512,0.0082,0.06,9.65,0.95,0.0,455.0,212,191,52,47,42,11,576.0,0.09,0.0001,32033.0,,,,
1433,2000,24394,1.5531,0.0287,2.9812,5.661,0.0086,0.07,14.54,0.95,0.0,448.0,186,194,68,42,43,15,585.0,0.09,0.0001,32017.0,,,,
1434,2000,24410,1.5695,0.0335,3.0045,5.653,0.0155,0.1,11.36,0.94,0.0,429.0,176,191,62,41,45,14,611.0,0.09,0.0001,32034.0,,,,
1435,2000,24427,1.5075,0.0182,2.9101,5.664,0.0123,0.09,5.5,0.94,0.0,420.0,180,193,47,43,46,11,624.0,0.07,0.0001,32018.0,,,,
1436,2000,24443,1.4781,0.0174,2.8551,5.803,0.0099,0.07,12.38,0.94,0.0,333.0,138,140,55,41,42,17,787.0,0.08,0.0001,32101.0,,,,
1437,2000,24460,1.4444,0.0066,2.8142,5.833,0.0068,0.05,8.34,0.95,0.0,331.0,142,112,77,43,34,23,792.0,0.08,0.0001,32028.0,,,,
1438,2000,24476,1.4798,0.0061,2.8867,5.814,0.0068,0.05,10.25,0.94,0.0,359.0,140,138,81,39,38,23,730.0,0.08,0.0001,32030.0,,,,
1439,2000,24492,1.4835,0.0063,2.896,5.757,0.0081,0.06,11.18,0.94,0.0,380.0,174,106,100,46,28,26,690.0,0.09,0.0001,32024.0,,,,
1440,2000,24509,1.4979,-0.0084,2.9466,5.623,0.0063,0.06,10.63,0.95,0.0,444.0,230,143,71,52,32,16,590.0,0.08,0.0001,32031.0,,,,
1441,2000,24526,1.5772,-0.0124,3.1089,5.471,0.0086,0.08,10.87,0.9,0.0,502.0,241,198,63,48,39,13,522.0,0.06,0.0001,30953.0,,,,
1442,2000,24542,1.5225,-0.0109,2.9969,5.575,0.0072,0.06,8.18,0.91,0.0,400.0,182,153,65,46,38,16,655.0,0.05,0.0001,32154.0,,,,
1443,2000,24559,1.438,-0.0025,2.8111,5.783,0.0109,0.08,5.46,0.94,0.0,287.0,133,99,55,46,34,19,913.0,0.04,0.0001,32081.0,,,,
1444,2000,24575,1.4638,0.0045,2.8477,5.747,0.0128,0.09,3.2,0.93,0.0,297.0,134,117,46,45,39,15,883.0,0.03,0.0001,32151.0,,,,
1445,2000,24591,1.5062,-0.0005,2.9512,5.665,0.0101,0.08,6.26,0.92,0.0,428.0,157,168,103,37,39,24,612.0,0.02,0.0001,32099.0,,,,
1446,2000,24608,1.5734,-0.0065,3.0932,5.493,0.0068,0.06,8.74,0.92,0.0,492.0,217,184,91,44,37,18,533.0,0.01,0.0001,32086.0,,,,
1447,2000,24624,1.6336,-0.0007,3.1961,5.358,0.0097,0.08,5.68,0.92,0.0,598.0,312,223,63,52,37,11,438.0,0.02,0.0001,32083.0,,,,
1448,2000,24641,1.652,-0.0036,3.2367,5.312,0.0096,0.07,9.25,0.93,0.0,558.0,290,222,46,52,40,8,470.0,0.02,0.0001,32081.0,,,,
1449,2000,24657,1.7001,0.0078,3.3105,5.218,0.0085,0.07,6.58,0.93,0.0,648.0,315,268,65,49,41,10,405.0,0.02,0.0001,32071.0,65,15,432,13
1450,2000,24689,1.7558,0.016,3.4021,5.134,0.0077,0.07,8.76,0.93,0.0,700.0,358,308,34,51,44,5,374.0,0.02,0.0001,32211.0,,,,
1451,2000,24705,1.7077,0.0196,3.2986,5.201,0.01,0.08,7.23,0.94,0.0,689.0,334,327,28,48,47,4,380.0,0.01,0.0001,32146.0,,,,
1452,2000,24721,1.7036,0.0209,3.2887,5.237,0.0074,0.06,11.55,0.94,0.0,631.0,310,287,34,49,45,5,415.0,0.01,0.0001,32102.0,,,,
1453,2000,24738,1.6483,0.0131,3.1963,5.344,0.0069,0.06,8.78,0.95,0.0,579.0,311,231,37,54,40,6,453.0,0.02,0.0001,32115.0,,,,
1454,2000,24754,1.6866,0.0111,3.2751,5.303,0.0089,0.07,7.6,0.94,0.0,630.0,328,278,24,52,44,4,416.0,0.01,0.0001,32088.0,,,,
1455,2000,24770,1.6721,0.0014,3.2697,5.319,0.0086,0.07,8.08,0.94,0.0,595.0,300,239,56,50,40,9,441.0,0.03,0.0001,32069.0,,,,
1456,2000,24787,1.6619,0.0097,3.2322,5.293,0.0119,0.08,7.04,0.94,0.0,643.0,317,261,65,49,41,10,408.0,0.04,0.0001,32074.0,,,,
1457,2000,24803,1.6831,0.0011,3.2888,5.253,0.0086,0.07,11.22,0.93,0.0,665.0,339,284,42,51,43,6,394.0,0.05,0.0001,32060.0,,,,
1458,2000,24820,1.6641,0.0192,3.2162,5.244,0.011,0.08,8.36,0.94,0.0,622.0,283,298,41,45,48,7,421.0,0.07,0.0001,32073.0,,,,
1459,2000,24836,1.598,0.0189,3.0878,5.351,0.0102,0.08,8.18,0.94,0.0,554.0,238,267,49,43,48,9,473.0,0.07,0.0001,32066.0,,,,
1460,2000,24853,1.5734,0.024,3.0281,5.409,0.0099,0.08,6.53,0.94,0.0,455.0,196,215,44,43,47,10,576.0,0.07,0.0001,32098.0,,,,
1461,2000,24870,1.5976,0.0046,3.1146,5.493,0.0105,0.08,8.01,0.9,0.0,484.0,210,234,40,43,48,8,542.0,0.07,0.0001,30951.0,,,,
1462,2000,24886,1.6245,-0.0046,3.1878,5.365,0.0118,0.09,5.29,0.87,0.0,602.0,260,272,70,43,45,12,435.0,0.05,0.0001,32078.0,,,,
1463,2000,24902,1.6614,-0.0064,3.2645,5.311,0.0099,0.08,5.82,0.88,0.0,683.0,322,293,68,47,43,10,384.0,0.04,0.0001,32069.0,,,,
1464,2000,24919,1.6536,0.0024,3.2294,5.312,0.0117,0.09,6.9,0.89,0.0,639.0,321,259,59,50,41,9,410.0,0.04,0.0001,32084.0,,,,
1465,2000,24935,1.6742,0.0155,3.2469,5.297,0.0098,0.08,6.08,0.89,0.0,644.0,326,266,52,51,41,8,407.0,0.03,0.0001,32096.0,,,,
1466,2000,24952,1.6703,0.017,3.2348,5.244,0.0109,0.09,5.1,0.91,0.0,705.0,395,264,46,56,37,7,372.0,0.03,0.0001,32106.0,,,,
1467,2000,24968,1.7107,0.0197,3.3084,5.135,0.0099,0.08,5.71,0.9,0.0,767.0,416,305,46,54,40,6,342.0,0.02,0.0001,32082.0,,,,
1468,2000,24984,1.7634,0.0276,3.3951,5.036,0.0092,0.08,5.89,0.89,0.0,793.0,410,345,38,52,44,5,331.0,0.02,0.0001,32131.0,,,,
1469,2000,25001,1.7387,0.0149,3.3714,5.119,0.009,0.08,5.05,0.86,0.0,819.0,463,327,29,57,40,4,320.0,0.01,0.0001,32116.0,,,,
1470,2000,25017,1.7511,0.0061,3.4127,5.099,0.0099,0.09,5.28,0.85,0.0,718.0,417,272,29,58,38,4,365.0,0.02,0.0001,32092.0,,,,
1471,2000,25034,1.6845,-0.0001,3.293,5.165,0.0104,0.09,4.27,0.88,0.0,586.0,341,225,20,58,38,3,447.0,0.06,0.0001,32064.0,,,,
1472,2000,25050,1.6242,0.0109,3.1577,5.358,0.0088,0.08,4.89,0.91,0.0,481.0,233,201,47,48,42,10,545.0,0.08,0.0001,32083.0,,,,
1473,2000,25066,1.6449,0.0084,3.2034,5.303,0.009,0.08,5.23,0.9,0.0,488.0,236,200,52,48,41,11,537.0,0.06,0.0001,32107.0,,,,
1474,2000,25083,1.6562,0.0118,3.2191,5.235,0.009,0.08,6.87,0.92,0.0,554.0,263,226,65,47,41,12,473.0,0.05,0.0001,32137.0,,,,
1475,2000,25099,1.6668,0.02,3.2223,5.201,0.0099,0.08,8.44,0.91,0.0,604.0,253,274,77,42,45,13,434.0,0.03,0.0001,32050.0,,,,
1476,2000,25116,1.6796,0.0216,3.2398,5.136,0.0082,0.08,4.93,0.91,0.0,612.0,269,294,49,44,48,8,428.0,0.02,0.0001,32125.0,,,,
1477,2000,25132,1.7005,0.0149,3.2919,5.023,0.0113,0.09,4.63,0.91,0.0,686.0,331,319,36,48,47,5,382.0,0.02,0.0001,32079.0,,,,
1478,2000,25148,1.757,0.024,3.3851,4.943,0.0089,0.07,7.09,0.92,0.0,787.0,440,327,20,56,42,3,333.0,0.02,0.0001,32101.0,,,,
1479,2000,25165,1.7048,0.0201,3.2879,4.978,0.0088,0.08,6.77,0.93,0.0,682.0,360,312,10,53,46,1,384.0,0.01,0.0001,32136.0,,,,
1480,2000,25181,1.6836,0.0302,3.2264,5.093,0.0091,0.07,8.62,0.93,0.0,627.0,340,272,15,54,43,2,418.0,0.01,0.0001,32101.0,,,,
1481,2000,25198,1.6848,0.0174,3.2566,5.259,0.0086,0.07,7.01,0.92,0.0,570.0,252,306,12,44,54,2,460.0,0.04,0.0001,30956.0,,,,
1482,2000,25215,1.5302,0.0096,2.9668,5.687,0.0085,0.06,4.77,0.96,0.0,329.0,135,173,21,41,53,6,797.0,0.1,0.0001,32085.0,,,,
1483,2000,25231,1.5116,0.0082,2.9353,5.733,0.0076,0.06,5.3,0.96,0.0,281.0,106,144,31,38,51,11,933.0,0.15,0.0001,32077.0,,,,
1484,2000,25247,1.4768,0.0093,2.8702,5.755,0.0094,0.07,4.46,0.96,0.0,267.0,92,114,61,34,43,23,982.0,0.17,0.0001,32129.0,,,,
1485,2000,25264,1.5434,0.0134,2.9946,5.596,0.0096,0.07,4.66,0.94,0.0,427.0,157,173,97,37,41,23,614.0,0.14,0.0001,32070.0,,,,
1486,2000,25280,1.5047,0.0138,2.9145,5.641,0.0075,0.06,5.14,0.96,0.0,379.0,148,156,75,39,41,20,692.0,0.12,0.0001,32097.0,,,,
1487,2000,25297,1.4828,0.0123,2.8726,5.726,0.0063,0.05,4.85,0.96,0.0,335.0,123,146,66,37,44,20,783.0,0.11,0.0001,32068.0,,,,
1488,2000,25313,1.4888,0.0092,2.8905,5.77,0.0046,0.04,12.29,0.96,0.0,277.0,85,137,55,31,49,20,946.0,0.08,0.0001,32149.0,,,,
1489,2000,25329,1.4638,0.0189,2.8229,5.777,0.0072,0.05,5.44,0.95,0.0,296.0,96,128,72,32,43,24,886.0,0.05,0.0001,32153.0,,,,
1490,2000,25346,1.4955,0.0223,2.8811,5.662,0.0063,0.05,6.94,0.94,0.0,336.0,95,154,87,28,46,26,780.0,0.05,0.0001,32088.0,,,,
1491,2000,25362,1.5087,0.0239,2.9033,5.605,0.0098,0.07,4.53,0.93,0.0,375.0,103,183,89,27,49,24,699.0,0.04,0.0001,32079.0,,,,
1492,2000,25379,1.4827,0.019,2.8589,5.664,0.0059,0.05,6.82,0.94,0.0,332.0,101,164,67,30,49,20,790.0,0.03,0.0001,32096.0,,,,
1493,2000,25395,1.5081,0.0169,2.9177,5.636,0.0061,0.05,9.78,0.94,0.0,358.0,91,179,88,25,50,25,732.0,0.03,0.0001,32079.0,,,,
1494,2000,25411,1.5168,0.0245,2.9167,5.532,0.0094,0.07,5.0,0.93,0.0,370.0,105,186,79,28,50,21,708.0,0.03,0.0001,32083.0,,,,
1495,2000,25428,1.507,0.0274,2.8962,5.538,0.0086,0.06,5.87,0.93,0.0,387.0,78,210,99,20,54,26,677.0,0.02,0.0001,32078.0,,,,
1496,2000,25444,1.5373,0.0268,2.9565,5.483,0.0088,0.07,4.85,0.93,0.0,404.0,101,218,85,25,54,21,649.0,0.01,0.0001,32072.0,,,,
1497,2000,25461,1.5537,0.0248,2.9927,5.425,0.0075,0.06,8.02,0.93,0.0,435.0,121,225,89,28,52,20,603.0,0.02,0.0001,32123.0,,,,
1498,2000,25477,1.5674,0.0355,2.9978,5.374,0.0082,0.06,9.22,0.94,0.0,437.0,110,238,89,25,54,20,600.0,0.02,0.0001,32129.0,,,,
1499,2000,25493,1.5746,0.0348,3.0104,5.376,0.01,0.07,7.75,0.93,0.0,440.0,147,222,71,33,50,16,596.0,0.02,0.0001,32083.0,126,12,374,25
1500,2000,25525,1.6142,0.0381,3.0822,5.381,0.0083,0.06,9.45,0.94,0.0,488.0,169,254,65,35,52,13,537.0,0.02,0.0001,32231.0,,,,
1501,2000,25542,1.6101,0.044,3.063,5.362,0.009,0.07,7.66,0.93,0.0,458.0,172,220,66,38,48,14,572.0,0.02,0.0001,30946.0,,,,
1502,2000,25558,1.5661,0.037,2.9885,5.449,0.0096,0.08,7.27,0.92,0.0,373.0,169,151,53,45,40,14,703.0,0.02,0.0001,32078.0,,,,
1503,2000,25575,1.4948,0.0321,2.8572,5.651,0.0071,0.06,6.89,0.92,0.0,311.0,156,112,43,50,36,14,843.0,0.01,0.0001,32112.0,,,,
1504,2000,25591,1.4114,0.0134,2.7303,5.806,0.0084,0.05,5.22,0.93,0.0,245.0,111,73,61,45,30,25,1070.0,0.0,0.0001,32101.0,,,,
1505,2000,25607,1.4238,0.0163,2.7524,5.919,0.0082,0.05,9.0,0.93,0.0,272.0,94,79,99,35,29,36,964.0,0.01,0.0001,32148.0,,,,
1506,2000,25624,1.4503,0.0203,2.7967,5.812,0.0087,0.05,7.3,0.93,0.0,341.0,121,114,106,35,33,31,769.0,0.01,0.0001,32142.0,,,,
1507,2000,25640,1.4408,0.0234,2.7677,5.828,0.0113,0.07,4.16,0.93,0.0,297.0,108,104,85,36,35,29,883.0,0.0,0.0001,32149.0,,,,
1508,2000,25656,1.4501,0.0157,2.8017,5.775,0.0068,0.05,7.14,0.93,0.0,292.0,130,93,69,45,32,24,898.0,0.0,0.0001,32088.0,,,,
1509,2000,25673,1.4474,0.0121,2.8069,5.793,0.0082,0.06,5.22,0.92,0.0,312.0,128,100,84,41,32,27,840.0,0.0,0.0001,32091.0,,,,
1510,2000,25689,1.4386,0.0101,2.7938,5.778,0.0089,0.05,8.51,0.94,0.0,294.0,101,92,101,34,31,34,892.0,0.0,0.0001,32148.0,,,,
1511,2000,25706,1.4518,0.004,2.83,5.723,0.0059,0.04,10.99,0.94,0.0,311.0,110,109,92,35,35,30,843.0,0.01,0.0001,32080.0,,,,
1512,2000,25722,1.405,0.0145,2.7167,5.795,0.0091,0.06,5.92,0.94,0.0,302.0,100,101,101,33,33,33,868.0,0.01,0.0001,32082.0,,,,
1513,2000,25738,1.3994,0.0116,2.712,5.811,0.0078,0.05,5.17,0.95,0.0,268.0,91,92,85,34,34,32,978.0,0.0,0.0001,32074.0,,,,
1514,2000,25755,1.4526,0.0135,2.8138,5.707,0.0088,0.06,6.39,0.94,0.0,361.0,114,151,96,32,42,27,726.0,0.0,0.0001,32068.0,,,,
1515,2000,25771,1.4975,0.0127,2.9032,5.555,0.0099,0.06,9.3,0.94,0.0,420.0,135,189,96,32,45,23,624.0,0.0,0.0001,32127.0,,,,
1516,2000,25788,1.5417,0.0082,2.9977,5.439,0.0056,0.05,12.07,0.94,0.0,488.0,196,186,106,40,38,22,537.0,0.01,0.0001,32077.0,,,,
1517,2000,25804,1.5497,0.0201,2.9854,5.315,0.0091,0.07,10.97,0.93,0.0,426.0,205,156,65,48,37,15,615.0,0.01,0.0001,32118.0,,,,
1518,2000,25820,1.5115,0.0222,2.9067,5.48,0.008,0.06,8.2,0.94,0.0,370.0,173,128,69,47,35,19,708.0,0.01,0.0001,32066.0,,,,
1519,2000,25837,1.4892,0.015,2.8755,5.444,0.0092,0.07,9.7,0.95,0.0,323.0,164,101,58,51,31,18,812.0,0.02,0.0001,32066.0,,,,
1520,2000,25853,1.4879,0.0181,2.8681,5.536,0.0066,0.06,9.21,0.94,0.0,311.0,113,123,75,36,40,24,843.0,0.01,0.0001,32114.0,,,,
1521,2000,25870,1.531,0.0171,2.9536,5.544,0.0085,0.06,8.2,0.93,0.0,340.0,150,131,59,44,39,17,771.0,0.02,0.0001,30877.0,,,,
1522,2000,25887,1.5514,0.0225,2.9844,5.572,0.009,0.07,6.9,0.92,0.0,404.0,159,174,71,39,43,18,649.0,0.01,0.0001,32082.0,,,,
1523,2000,25903,1.5517,0.0275,2.974,5.494,0.0126,0.08,4.36,0.92,0.0,391.0,160,175,56,41,45,14,670.0,0.02,0.0001,32090.0,,,,
1524,2000,25920,1.5654,0.0197,3.0161,5.343,0.009,0.08,4.59,0.92,0.0,422.0,191,181,50,45,43,12,621.0,0.02,0.0001,32025.0,,,,
1525,2000,25936,1.5737,0.0155,3.0415,5.338,0.0088,0.07,5.43,0.92,0.0,434.0,179,200,55,41,46,13,604.0,0.02,0.0001,32022.0,,,,
1526,2000,25952,1.6593,0.007,3.226,5.008,0.0103,0.09,7.1,0.89,0.0,574.0,264,273,37,46,48,6,457.0,0.02,0.0001,32076.0,,,,
1527,2000,25969,1.6678,0.0176,3.2226,5.065,0.0082,0.08,10.28,0.9,0.0,507.0,223,253,31,44,50,6,517.0,0.02,0.0001,32029.0,,,,
1528,2000,25985,1.5979,0.0136,3.092,5.191,0.0093,0.08,6.25,0.91,0.0,424.0,208,186,30,49,44,7,618.0,0.02,0.0001,32035.0,,,,
1529,2000,26002,1.6617,0.021,3.2026,5.04,0.0113,0.09,5.26,0.9,0.0,533.0,268,237,28,50,44,5,492.0,0.02,0.0001,32024.0,,,,
1530,2000,26018,1.7371,0.0128,3.3664,4.733,0.0137,0.11,4.67,0.89,0.0,684.0,363,300,21,53,44,3,383.0,0.02,0.0001,32092.0,,,,
1531,2000,26034,1.7808,0.0208,3.4379,4.695,0.0125,0.1,5.08,0.89,0.0,778.0,407,350,21,52,45,3,337.0,0.02,0.0001,32016.0,,,,
1532,2000,26051,1.7801,0.0281,3.42,4.642,0.0126,0.1,5.3,0.9,0.0,786.0,458,317,11,58,40,1,334.0,0.01,0.0001,32026.0,,,,
1533,2000,26067,1.7415,0.0119,3.3768,4.738,0.0112,0.09,5.14,0.91,0.0,742.0,439,292,11,59,39,1,353.0,0.02,0.0001,32010.0,,,,
1534,2000,26084,1.7058,0.0122,3.3061,4.828,0.0085,0.08,6.04,0.92,0.0,700.0,374,304,22,53,43,3,374.0,0.02,0.0001,32017.0,,,,
1535,2000,26100,1.6582,0.0178,3.2015,4.987,0.0092,0.08,5.87,0.91,0.0,592.0,353,214,25,60,36,4,443.0,0.02,0.0001,32010.0,,,,
1536,2000,26117,1.6364,0.0184,3.1556,4.969,0.01,0.07,6.61,0.91,0.0,564.0,347,193,24,62,34,4,465.0,0.02,0.0001,32017.0,,,,
1537,2000,26133,1.6458,0.016,3.179,4.907,0.0106,0.08,5.92,0.91,0.0,613.0,370,207,36,60,34,6,428.0,0.03,0.0001,32046.0,,,,
1538,2000,26150,1.6311,0.0122,3.1578,4.856,0.0099,0.08,6.86,0.93,0.0,632.0,369,216,47,58,34,7,415.0,0.03,0.0001,32029.0,,,,
1539,2000,26166,1.5783,0.0036,3.0737,4.999,0.0095,0.07,5.6,0.93,0.0,572.0,344,162,66,60,28,12,458.0,0.02,0.0001,32089.0,,,,
1540,2000,26182,1.5574,-0.0018,3.044,5.091,0.0087,0.07,8.14,0.93,0.0,502.0,290,162,50,58,32,10,522.0,0.01,0.0001,32038.0,,,,
1541,2000,26199,1.5923,0.0123,3.0804,5.159,0.0105,0.07,7.13,0.9,0.0,462.0,211,195,56,46,42,12,567.0,0.01,0.0001,30893.0,,,,
1542,2000,26216,1.57,0.0048,3.0514,5.105,0.0079,0.06,10.82,0.92,0.0,464.0,197,188,79,42,41,17,565.0,0.02,0.0001,32039.0,,,,
1543,2000,26232,1.6056,0.0032,3.126,5.011,0.01,0.07,6.56,0.9,0.0,600.0,260,238,102,43,40,17,437.0,0.01,0.0001,32038.0,,,,
1544,2000,26249,1.6571,0.0015,3.2306,4.977,0.0076,0.06,8.81,0.9,0.0,588.0,270,252,66,46,43,11,446.0,0.01,0.0001,32106.0,,,,
1545,2000,26265,1.5865,-0.0049,3.1034,5.173,0.0078,0.06,7.15,0.9,0.0,459.0,230,199,30,50,43,7,571.0,0.02,0.0001,32038.0,,,,
1546,2000,26281,1.5198,0.0022,2.9583,5.343,0.0072,0.05,6.27,0.92,0.0,356.0,173,137,46,49,38,13,736.0,0.03,0.0001,32028.0,,,,
1547,2000,26298,1.5451,0.0068,2.9994,5.217,0.0079,0.06,6.48,0.91,0.0,413.0,188,168,57,46,41,14,635.0,0.03,0.0001,32097.0,,,,
1548,2000,26314,1.552,-0.0007,3.0283,5.195,0.0099,0.07,5.95,0.9,0.0,447.0,198,179,70,44,40,16,586.0,0.03,0.0001,32091.0,,,,
1549,2000,26331,1.5709,-0.0039,3.0723,5.177,0.0084,0.06,6.37,0.91,0.0,490.0,221,215,54,45,44,11,535.0,0.03,0.0001,32032.0,84,10,418,16
1550,2000,26362,1.5775,-0.0004,3.0777,5.211,0.0097,0.07,5.28,0.91,0.0,449.0,210,210,29,47,47,6,584.0,0.02,0.0001,32177.0,,,,
1551,2000,26379,1.5254,-0.0059,2.9864,5.401,0.0103,0.07,7.49,0.92,0.0,401.0,175,202,24,44,50,6,654.0,0.02,0.0001,32022.0,,,,
1552,2000,26395,1.5371,-0.0036,3.0049,5.492,0.0071,0.05,11.77,0.92,0.0,386.0,178,198,10,46,51,3,679.0,0.01,0.0001,32065.0,,,,
1553,2000,26411,1.4577,-0.0079,2.8572,5.671,0.0071,0.05,6.38,0.94,0.0,278.0,129,136,13,46,49,5,943.0,0.01,0.0001,32049.0,,,,
1554,2000,26428,1.4016,-0.0002,2.7345,5.871,0.0075,0.05,3.78,0.96,0.0,228.0,102,94,32,45,41,14,1150.0,0.02,0.0001,32063.0,,,,
1555,2000,26444,1.4509,-0.0019,2.8367,5.815,0.0069,0.05,5.48,0.92,0.0,272.0,106,117,49,39,43,18,964.0,0.02,0.0001,32058.0,,,,
1556,2000,26461,1.4561,0.0033,2.8325,5.717,0.0076,0.06,3.64,0.91,0.0,269.0,114,139,16,42,52,6,975.0,0.03,0.0001,32038.0,,,,
1557,2000,26477,1.4154,0.0095,2.739,5.901,0.0071,0.05,3.79,0.93,0.0,184.0,66,103,15,36,56,8,1425.0,0.02,0.0001,32041.0,,,,
1558,2000,26494,1.3977,0.0082,2.7103,5.998,0.0052,0.03,4.42,0.94,0.0,165.0,46,88,31,28,53,19,1589.0,0.02,0.0001,32051.0,,,,
1559,2000,26510,1.4805,0.0158,2.8588,5.803,0.0069,0.05,3.55,0.92,0.0,254.0,72,160,22,28,63,9,1032.0,0.04,0.0001,32041.0,,,,
1560,2000,26526,1.45,0.0198,2.7897,5.878,0.0081,0.06,3.0,0.93,0.0,253.0,85,154,14,34,61,6,1036.0,0.03,0.0001,32042.0,,,,
1561,2000,26543,1.5397,0.0349,2.9372,5.756,0.0082,0.06,3.46,0.93,0.0,315.0,110,196,9,35,62,3,832.0,0.02,0.0001,30893.0,,,,
1562,2000,26560,1.655,0.0343,3.1661,5.427,0.0071,0.06,4.68,0.92,0.0,480.0,194,272,14,40,57,3,546.0,0.01,0.0001,32046.0,,,,
1563,2000,26576,1.7118,0.0406,3.266,5.245,0.0076,0.07,6.41,0.91,0.0,557.0,234,302,21,42,54,4,471.0,0.01,0.0001,32103.0,,,,
1564,2000,26593,1.713,0.0381,3.2711,4.978,0.0082,0.07,5.03,0.88,0.0,563.0,241,297,25,43,53,4,466.0,0.01,0.0001,32082.0,,,,
1565,2000,26609,1.7561,0.0265,3.3782,4.93,0.0086,0.08,6.26,0.88,0.0,655.0,311,337,7,47,51,1,400.0,0.02,0.0001,32067.0,,,,
1566,2000,26626,1.7132,0.0142,3.3189,5.097,0.0084,0.07,4.37,0.9,0.0,637.0,275,358,4,43,56,1,412.0,0.02,0.0001,32075.0,,,,
1567,2000,26642,1.7074,0.0264,3.2834,5.207,0.0077,0.06,6.25,0.91,0.0,594.0,250,341,3,42,57,1,441.0,0.02,0.0001,32092.0,,,,
1568,2000,26658,1.6559,0.0118,3.2109,5.35,0.0062,0.06,9.23,0.93,0.0,573.0,217,353,3,38,62,1,457.0,0.03,0.0001,32074.0,,,,
1569,2000,26675,1.5681,0.0012,3.0587,5.501,0.0071,0.06,5.63,0.94,0.0,453.0,184,262,7,41,58,2,579.0,0.03,0.0001,32132.0,,,,
1570,2000,26691,1.6054,0.0098,3.1145,5.433,0.0061,0.05,9.66,0.94,0.0,450.0,181,253,16,40,56,4,583.0,0.03,0.0001,32080.0,,,,
1571,2000,26708,1.6167,0.0196,3.1177,5.433,0.0081,0.06,5.61,0.94,0.0,479.0,225,244,10,47,51,2,547.0,0.02,0.0001,32083.0,,,,
1572,2000,26724,1.6553,0.0281,3.1768,5.343,0.0066,0.05,10.18,0.94,0.0,532.0,241,278,13,45,52,2,493.0,0.02,0.0001,32080.0,,,,
1573,2000,26741,1.7016,0.0273,3.2706,5.342,0.0095,0.07,9.27,0.93,0.0,621.0,311,307,3,50,49,0,422.0,0.01,0.0001,32073.0,,,,
1574,2000,26757,1.6719,0.0129,3.2412,5.457,0.0083,0.06,10.34,0.94,0.0,533.0,293,239,1,55,45,0,492.0,0.02,0.0001,32074.0,,,,
1575,2000,26773,1.5935,0.0264,3.0581,5.552,0.0084,0.06,5.51,0.96,0.0,460.0,238,222,0,52,48,0,570.0,0.01,0.0001,32055.0,,,,
1576,2000,26790,1.4978,0.0178,2.8865,5.817,0.0063,0.05,7.99,0.96,0.0,284.0,156,126,2,55,44,1,923.0,0.02,0.0001,32069.0,,,,
1577,2000,26806,1.4714,0.0176,2.8371,5.881,0.0091,0.06,3.86,0.96,0.0,219.0,99,99,21,45,45,10,1197.0,0.02,0.0001,32130.0,,,,
1578,2000,26823,1.5015,0.0217,2.8906,5.795,0.0085,0.06,3.42,0.94,0.0,288.0,125,121,42,43,42,15,910.0,0.02,0.0001,32088.0,,,,
1579,2000,26839,1.5371,0.0109,2.9832,5.619,0.0096,0.07,5.03,0.94,0.0,363.0,171,141,51,47,39,14,722.0,0.04,0.0001,32119.0,,,,
1580,2000,26855,1.5196,0.0112,2.9493,5.673,0.0097,0.07,3.57,0.95,0.0,348.0,157,146,45,45,42,13,753.0,0.06,0.0001,32096.0,,,,
1581,2000,26872,1.5593,0.0181,3.013,5.57,0.0079,0.06,4.47,0.93,0.0,397.0,144,207,46,36,52,12,660.0,0.06,0.0001,30959.0,,,,
1582,2000,26889,1.4927,0.0057,2.905,5.711,0.0095,0.06,3.68,0.94,0.0,366.0,124,199,43,34,54,12,716.0,0.07,0.0001,32084.0,,,,
1583,2000,26905,1.5028,0.0127,2.9127,5.727,0.0094,0.06,3.67,0.93,0.0,357.0,136,177,44,38,50,12,734.0,0.05,0.0001,32071.0,,,,
1584,2000,26921,1.5476,0.0114,3.0017,5.664,0.0097,0.07,3.7,0.91,0.0,409.0,136,247,26,33,60,6,641.0,0.04,0.0001,32123.0,,,,
1585,2000,26938,1.6593,0.0212,3.2004,5.343,0.0121,0.08,4.19,0.88,0.0,550.0,255,276,19,46,50,3,477.0,0.04,0.0001,32077.0,,,,
1586,2000,26954,1.6831,0.0297,3.2307,5.267,0.0084,0.07,5.75,0.9,0.0,622.0,252,343,27,41,55,4,421.0,0.03,0.0001,32078.0,,,,
1587,2000,26971,1.7323,0.0288,3.3289,5.186,0.0101,0.08,5.24,0.91,0.0,702.0,328,359,15,47,51,2,373.0,0.02,0.0001,32066.0,,,,
1588,2000,26987,1.7403,0.0297,3.3425,5.081,0.0101,0.08,5.93,0.9,0.0,701.0,366,327,8,52,47,1,374.0,0.03,0.0001,32065.0,,,,
1589,2000,27003,1.6313,0.0271,3.1311,5.243,0.0118,0.09,4.23,0.92,0.0,521.0,273,241,7,52,46,1,503.0,0.03,0.0001,32084.0,,,,
1590,2000,27020,1.6629,0.0223,3.2041,5.183,0.0132,0.1,3.5,0.91,0.0,556.0,269,282,5,48,51,1,471.0,0.03,0.0001,32073.0,,,,
1591,2000,27036,1.7178,0.0153,3.3277,5.161,0.0107,0.09,3.74,0.91,0.0,622.0,279,340,3,45,55,0,421.0,0.05,0.0001,32142.0,,,,
1592,2000,27053,1.7823,0.017,3.451,4.939,0.0112,0.1,4.05,0.9,0.0,695.0,346,347,2,50,50,0,377.0,0.04,0.0001,32060.0,,,,
1593,2000,27069,1.7937,0.0047,3.4977,4.894,0.0085,0.08,5.68,0.92,0.0,800.0,404,395,1,50,49,0,328.0,0.03,0.0001,32077.0,,,,
1594,2000,27086,1.8233,0.0063,3.552,4.723,0.0098,0.09,4.56,0.9,0.0,920.0,508,412,0,55,45,0,285.0,0.03,0.0001,32088.0,,,,
1595,2000,27102,1.808,0.0021,3.5312,4.891,0.009,0.08,5.08,0.9,0.0,948.0,518,429,1,55,45,0,277.0,0.03,0.0001,32065.0,,,,
1596,2000,27118,1.8342,0.0055,3.5754,4.768,0.0106,0.09,4.04,0.9,0.0,1044.0,566,478,0,54,46,0,251.0,0.02,0.0001,32083.0,,,,
1597,2000,27135,1.8303,0.0187,3.5403,4.708,0.0099,0.08,5.13,0.91,0.0,1045.0,578,467,0,55,45,0,251.0,0.01,0.0001,32062.0,,,,
1598,2000,27151,1.8166,0.0031,3.5434,4.617,0.011,0.09,4.0,0.91,0.0,1077.0,601,476,0,56,44,0,243.0,0.02,0.0001,32080.0,,,,
1599,2000,27168,1.7919,-0.001,3.5037,4.795,0.012,0.09,5.5,0.92,0.0,977.0,565,412,0,58,42,0,268.0,0.03,0.0001,32055.0,107,15,390,21
1600,2000,27199,1.7933,0.0182,3.4694,4.922,0.0091,0.07,5.55,0.93,0.0,879.0,495,383,1,56,44,0,298.0,0.05,0.0001,32206.0,,,,
1601,2000,27216,1.794,0.0133,3.4809,4.929,0.0074,0.07,7.06,0.92,0.0,721.0,430,290,1,60,40,0,364.0,0.07,0.0001,30943.0,,,,
1602,2000,27232,1.6779,0.0119,3.2536,5.186,0.0097,0.08,5.16,0.93,0.0,538.0,310,227,1,58,42,0,487.0,0.05,0.0001,32138.0,,,,
1603,2000,27249,1.6786,0.0003,3.2786,5.22,0.0082,0.07,5.27,0.92,0.0,599.0,281,317,1,47,53,0,438.0,0.04,0.0001,32089.0,,,,
1604,2000,27265,1.6668,0.0002,3.256,5.287,0.0087,0.07,6.0,0.92,0.0,594.0,299,294,1,50,49,0,441.0,0.04,0.0001,32132.0,,,,
1605,2000,27282,1.6728,0.0027,3.2624,5.214,0.0093,0.08,4.78,0.91,0.0,631.0,370,259,2,59,41,0,415.0,0.03,0.0001,32077.0,,,,
1606,2000,27298,1.7369,0.005,3.3838,4.998,0.0109,0.09,5.54,0.9,0.0,736.0,443,293,0,60,40,0,356.0,0.02,0.0001,32060.0,,,,
1607,2000,27314,1.7147,-0.0075,3.3646,4.983,0.0105,0.08,5.7,0.9,0.0,778.0,511,265,2,66,34,0,337.0,0.02,0.0001,32079.0,,,,
1608,2000,27331,1.749,-0.0134,3.4448,4.952,0.01,0.08,4.73,0.89,0.0,804.0,486,316,2,60,39,0,326.0,0.02,0.0001,32077.0,,,,
1609,2000,27347,1.7062,0.0081,3.3183,5.157,0.0102,0.08,6.03,0.9,0.0,672.0,360,311,1,54,46,0,390.0,0.01,0.0001,32095.0,,,,
1610,2000,27364,1.7389,0.0061,3.3874,5.128,0.0101,0.08,5.01,0.89,0.0,690.0,354,336,0,51,49,0,380.0,0.02,0.0001,32139.0,,,,
1611,2000,27380,1.7294,0.0209,3.3393,5.186,0.01,0.07,5.77,0.9,0.0,694.0,346,348,0,50,50,0,378.0,0.02,0.0001,32080.0,,,,
1612,2000,27397,1.7961,0.0326,3.4477,5.014,0.0078,0.07,10.74,0.89,0.0,713.0,355,358,0,50,50,0,368.0,0.02,0.0001,32066.0,,,,
1613,2000,27413,1.7543,0.0188,3.3917,5.034,0.0082,0.07,11.05,0.91,0.0,685.0,355,330,0,52,48,0,383.0,0.02,0.0001,32073.0,,,,
1614,2000,27429,1.7331,0.0252,3.336,5.019,0.007,0.06,11.49,0.91,0.0,661.0,312,349,0,47,53,0,397.0,0.03,0.0001,32082.0,,,,
1615,2000,27446,1.7101,0.0172,3.3064,5.06,0.0083,0.07,9.2,0.91,0.0,609.0,268,339,2,44,56,0,430.0,0.05,0.0001,32072.0,,,,
1616,2000,27462,1.6381,0.0197,3.1588,5.25,0.0095,0.08,6.59,0.92,0.0,499.0,218,281,0,44,56,0,525.0,0.04,0.0001,32109.0,,,,
1617,2000,27479,1.6715,0.0132,3.238,5.186,0.008,0.07,8.14,0.91,0.0,531.0,253,278,0,48,52,0,494.0,0.05,0.0001,32073.0,,,,
1618,2000,27495,1.6618,0.0109,3.2227,5.133,0.0095,0.08,9.53,0.92,0.0,507.0,250,256,1,49,50,0,517.0,0.05,0.0001,32135.0,,,,
1619,2000,27511,1.6355,0.0254,3.142,5.234,0.009,0.07,5.11,0.93,0.0,492.0,232,260,0,47,53,0,533.0,0.05,0.0001,32057.0,,,,
1620,2000,27528,1.6603,0.0221,3.1985,5.297,0.0082,0.07,11.76,0.94,0.0,390.0,160,230,0,41,59,0,672.0,0.09,0.0001,32086.0,,,,
1621,2000,27545,1.6836,0.041,3.2061,5.092,0.0135,0.1,3.68,0.93,0.0,523.0,261,257,5,50,49,1,501.0,0.17,0.0001,30922.0,,,,
1622,2000,27561,1.7244,0.04,3.2899,5.127,0.0106,0.09,7.68,0.91,0.0,565.0,273,291,1,48,52,0,464.0,0.1,0.0001,32089.0,,,,
1623,2000,27578,1.7247,0.0326,3.3051,5.078,0.0097,0.09,7.13,0.87,0.0,575.0,295,278,2,51,48,0,456.0,0.03,0.0001,32135.0,,,,
1624,2000,27594,1.7175,0.0255,3.3039,5.018,0.0099,0.08,6.06,0.86,0.0,566.0,239,326,1,42,58,0,463.0,0.03,0.0001,32074.0,,,,
1625,2000,27610,1.737,0.0248,3.3431,4.888,0.0092,0.08,11.38,0.86,0.0,540.0,239,299,2,44,55,0,485.0,0.03,0.0001,32082.0,,,,
1626,2000,27627,1.7276,0.0219,3.3307,4.943,0.009,0.07,10.11,0.89,0.0,562.0,214,348,0,38,62,0,466.0,0.03,0.0001,32099.0,,,,
1627,2000,27643,1.7688,0.029,3.3977,4.843,0.0093,0.08,12.1,0.9,0.0,577.0,229,346,2,40,60,0,454.0,0.04,0.0001,32077.0,,,,
1628,2000,27660,1.7528,0.0421,3.3404,4.902,0.0099,0.08,11.74,0.92,0.0,574.0,232,340,2,40,59,0,457.0,0.04,0.0001,32111.0,,,,
1629,2000,27676,1.8205,0.0637,3.4322,4.905,0.0114,0.08,13.34,0.91,0.0,718.0,308,409,1,43,57,0,365.0,0.02,0.0001,32146.0,,,,
1630,2000,27692,1.871,0.058,3.5442,4.806,0.0123,0.09,9.71,0.9,0.0,924.0,427,495,2,46,54,0,284.0,0.01,0.0001,32099.0,,,,
1631,2000,27709,1.8581,0.046,3.5412,4.705,0.0124,0.09,7.54,0.9,0.0,946.0,436,510,0,46,54,0,277.0,0.01,0.0001,32143.0,,,,
1632,2000,27725,1.7733,0.0334,3.3982,4.836,0.0148,0.1,9.97,0.92,0.0,731.0,334,395,2,46,54,0,359.0,0.01,0.0001,32110.0,,,,
1633,2000,27742,1.6287,0.0243,3.1296,5.139,0.0081,0.07,8.12,0.94,0.0,454.0,225,226,3,50,50,1,577.0,0.01,0.0001,32086.0,,,,
1634,2000,27758,1.5878,0.0385,3.02,5.221,0.0122,0.08,6.02,0.95,0.0,376.0,170,205,1,45,55,0,697.0,0.01,0.0001,32091.0,,,,
1635,2000,27774,1.6036,0.0197,3.0881,5.111,0.0083,0.07,8.5,0.94,0.0,419.0,182,232,5,43,55,1,626.0,0.03,0.0001,32138.0,,,,
1636,2000,27791,1.6382,0.0182,3.1599,4.995,0.0114,0.09,7.33,0.94,0.0,477.0,196,273,8,41,57,2,550.0,0.06,0.0001,32135.0,,,,
1637,2000,27807,1.5966,0.0085,3.0964,5.094,0.0085,0.07,7.44,0.95,0.0,429.0,182,240,7,42,56,2,611.0,0.08,0.0001,32103.0,,,,
1638,2000,27824,1.5993,0.0153,3.0871,4.98,0.012,0.09,5.9,0.95,0.0,420.0,177,235,8,42,56,2,624.0,0.08,0.0001,32085.0,,,,
1639,2000,27840,1.6136,0.0117,3.1221,4.92,0.0065,0.06,10.5,0.95,0.0,421.0,167,251,3,40,60,1,623.0,0.09,0.0001,32133.0,,,,
1640,2000,27856,1.6132,0.0197,3.1057,4.972,0.0078,0.07,15.75,0.95,0.0,411.0,177,226,8,43,55,2,638.0,0.12,0.0001,32140.0,,,,
1641,2000,27873,1.6897,0.0245,3.2494,4.964,0.0092,0.07,9.72,0.92,0.0,502.0,233,263,6,46,52,1,522.0,0.1,0.0001,30895.0,,,,
1642,2000,27890,1.6741,0.035,3.1984,5.057,0.0106,0.08,9.45,0.92,0.0,439.0,221,215,3,50,49,1,597.0,0.05,0.0001,32047.0,,,,
1643,2000,27906,1.6742,0.0298,3.2083,5.013,0.0112,0.09,6.3,0.9,0.0,482.0,217,256,9,45,53,2,544.0,0.03,0.0001,32042.0,,,,
1644,2000,27923,1.6702,0.0247,3.2099,4.996,0.0082,0.07,7.35,0.92,0.0,461.0,227,228,6,49,49,1,569.0,0.02,0.0001,32062.0,,,,
1645,2000,27939,1.7083,0.027,3.2806,4.885,0.0091,0.08,12.91,0.9,0.0,544.0,266,260,18,49,48,3,482.0,0.02,0.0001,32099.0,,,,
1646,2000,27955,1.7005,0.0165,3.2847,4.77,0.0126,0.09,8.18,0.89,0.0,593.0,272,307,14,46,52,2,442.0,0.02,0.0001,32059.0,,,,
1647,2000,27972,1.6868,0.0059,3.2794,4.795,0.011,0.08,11.1,0.91,0.0,561.0,276,274,11,49,49,2,467.0,0.04,0.0001,32044.0,,,,
1648,2000,27988,1.6987,0.0152,3.2846,4.676,0.0115,0.09,7.84,0.91,0.0,561.0,249,292,20,44,52,4,467.0,0.08,0.0001,32040.0,,,,
1649,2000,28005,1.7275,0.0191,3.3376,4.642,0.0106,0.09,11.76,0.92,0.0,647.0,310,286,51,48,44,8,405.0,0.07,0.0001,32030.0,81,23,408,16
1650,2000,28036,1.736,0.0243,3.343,4.714,0.0103,0.08,14.57,0.92,0.0,687.0,320,331,36,47,48,5,382.0,0.07,0.0001,32284.0,,,,
1651,2000,28053,1.7647,0.0192,3.4103,4.761,0.0097,0.08,21.57,0.92,0.0,612.0,312,271,29,51,44,5,428.0,0.02,0.0001,32060.0,,,,
1652,2000,28069,1.7023,0.0139,3.2961,4.866,0.0131,0.09,19.09,0.93,0.0,560.0,255,288,17,46,51,3,468.0,0.01,0.0001,32087.0,,,,
1653,2000,28085,1.6242,0.02,3.1296,5.047,0.0126,0.08,9.78,0.93,0.0,507.0,250,244,13,49,48,3,517.0,0.01,0.0001,32063.0,,,,
1654,2000,28102,1.5892,0.0062,3.0861,5.107,0.0073,0.06,10.86,0.94,0.0,445.0,217,219,9,49,49,2,589.0,0.01,0.0001,32056.0,,,,
1655,2000,28118,1.5711,0.0052,3.0532,5.164,0.0093,0.07,7.95,0.93,0.0,433.0,220,205,8,51,47,2,605.0,0.01,0.0001,32115.0,,,,
1656,2000,28135,1.5882,0.0054,3.0872,5.207,0.0102,0.07,8.0,0.92,0.0,445.0,221,217,7,50,49,2,589.0,0.01,0.0001,32048.0,,,,
1657,2000,28151,1.5821,0.0107,3.0628,5.042,0.0111,0.08,5.99,0.94,0.0,377.0,190,170,17,50,45,5,695.0,0.03,0.0001,32049.0,,,,
1658,2000,28167,1.5845,0.0076,3.0741,5.082,0.0132,0.09,4.54,0.94,0.0,427.0,224,197,6,52,46,1,614.0,0.02,0.0001,32048.0,,,,
1659,2000,28184,1.554,0.0027,3.0244,5.16,0.0107,0.08,5.94,0.94,0.0,394.0,211,174,9,54,44,2,665.0,0.02,0.0001,32052.0,,,,
1660,2000,28200,1.5021,-0.0058,2.939,5.385,0.0075,0.06,8.64,0.96,0.0,289.0,160,125,4,55,43,1,907.0,0.01,0.0001,32059.0,,,,
1661,2000,28217,1.5932,0.0087,3.0915,5.182,0.012,0.08,5.45,0.94,0.0,394.0,201,183,10,51,46,3,665.0,0.01,0.0001,30914.0,,,,
1662,2000,28234,1.5858,0.0031,3.0891,5.236,0.0095,0.07,6.18,0.94,0.0,391.0,192,182,17,49,47,4,670.0,0.03,0.0001,32065.0,,,,
1663,2000,28250,1.6924,0.004,3.2997,4.999,0.0098,0.07,7.72,0.93,0.0,581.0,305,245,31,52,42,5,451.0,0.04,0.0001,32033.0,,,,
1664,2000,28266,1.7402,0.0142,3.376,4.959,0.0107,0.08,6.7,0.92,0.0,689.0,394,265,30,57,38,4,380.0,0.1,0.0001,32110.0,,,,
1665,2000,28283,1.6462,0.0061,3.2044,5.152,0.0082,0.06,8.81,0.94,0.0,520.0,287,207,26,55,40,5,504.0,0.09,0.0001,32099.0,,,,
1666,2000,28299,1.6807,0.0101,3.2656,5.131,0.008,0.06,11.97,0.94,0.0,501.0,287,191,23,57,38,5,523.0,0.06,0.0001,32061.0,,,,
1667,2000,28316,1.65,0.0117,3.2024,5.066,0.0081,0.07,9.11,0.94,0.0,521.0,282,205,34,54,39,7,503.0,0.06,0.0001,32132.0,,,,
1668,2000,28332,1.6698,0.021,3.2258,5.069,0.01,0.07,8.15,0.95,0.0,527.0,306,181,40,58,34,8,497.0,0.06,0.0001,32051.0,,,,
1669,2000,28348,1.698,0.0221,3.2784,5.011,0.0072,0.06,14.63,0.94,0.0,558.0,325,195,38,58,35,7,470.0,0.04,0.0001,32054.0,,,,
1670,2000,28365,1.6494,0.0323,3.1595,5.097,0.0095,0.07,8.08,0.95,0.0,519.0,307,191,21,59,37,4,505.0,0.04,0.0001,32043.0,,,,
1671,2000,28381,1.6808,0.0274,3.2327,4.998,0.0102,0.08,9.5,0.95,0.0,544.0,313,200,31,58,37,6,482.0,0.02,0.0001,32042.0,,,,
1672,2000,28398,1.6071,0.0121,3.1188,5.07,0.0095,0.08,6.27,0.96,0.0,488.0,242,194,52,50,40,11,537.0,0.01,0.0001,32056.0,,,,
1673,2000,28414,1.579,0.0023,3.0813,5.096,0.0095,0.08,5.55,0.96,0.0,507.0,241,222,44,48,44,9,517.0,0.01,0.0001,32050.0,,,,
1674,2000,28431,1.6123,0.0026,3.1496,4.973,0.0084,0.08,7.18,0.94,0.0,559.0,258,240,61,46,43,11,469.0,0.01,0.0001,32032.0,,,,
1675,2000,28447,1.5523,-0.0048,3.0449,5.123,0.0108,0.09,5.41,0.94,0.0,492.0,245,190,57,50,39,12,533.0,0.01,0.0001,32045.0,,,,
1676,2000,28463,1.5631,-0.0053,3.0658,5.069,0.0093,0.08,7.13,0.94,0.0,464.0,226,188,50,49,41,11,565.0,0.01,0.0001,32059.0,,,,
1677,2000,28480,1.5397,-0.0038,3.0166,5.125,0.0103,0.08,5.92,0.94,0.0,444.0,223,166,55,50,37,12,590.0,0.02,0.0001,32035.0,,,,
1678,2000,28496,1.5422,-0.0085,3.0324,5.034,0.0092,0.08,6.14,0.94,0.0,462.0,224,165,73,48,36,16,567.0,0.01,0.0001,32047.0,,,,
1679,2000,28513,1.5475,-0.0072,3.0378,5.074,0.0098,0.08,5.73,0.94,0.0,480.0,236,187,57,49,39,12,546.0,0.02,0.0001,32093.0,,,,
1680,2000,28529,1.5879,0.0053,3.0912,4.999,0.0123,0.09,5.68,0.93,0.0,489.0,253,190,46,52,39,9,536.0,0.02,0.0001,32064.0,,,,
1681,2000,28546,1.6933,0.0262,3.2561,5.003,0.0135,0.1,6.31,0.91,0.0,562.0,270,251,41,48,45,7,466.0,0.03,0.0001,30910.0,,,,
1682,2000,28562,1.7482,0.046,3.3236,4.729,0.0108,0.09,6.63,0.92,0.0,587.0,280,284,23,48,48,4,447.0,0.03,0.0001,32073.0,,,,
1683,2000,28579,1.7423,0.0222,3.3606,4.853,0.0102,0.08,6.19,0.92,0.0,620.0,297,285,38,48,46,6,423.0,0.03,0.0001,32061.0,,,,
1684,2000,28595,1.7357,0.0236,3.3444,4.816,0.0103,0.09,4.91,0.9,0.0,647.0,326,283,38,50,44,6,405.0,0.03,0.0001,32036.0,,,,
1685,2000,28612,1.7017,0.0321,3.2598,4.849,0.0108,0.09,3.95,0.92,0.0,541.0,298,224,19,55,41,4,485.0,0.04,0.0001,32062.0,,,,
1686,2000,28628,1.6773,0.0239,3.2278,4.899,0.0089,0.08,5.82,0.93,0.0,492.0,245,220,27,50,45,5,533.0,0.07,0.0001,32060.0,,,,
1687,2000,28645,1.6447,0.015,3.181,4.872,0.0088,0.08,5.53,0.93,0.0,470.0,225,215,30,48,46,6,558.0,0.08,0.0001,32102.0,,,,
1688,2000,28661,1.6364,0.0201,3.1549,4.866,0.0081,0.08,6.75,0.94,0.0,479.0,230,215,34,48,45,7,547.0,0.07,0.0001,32063.0,,,,
1689,2000,28677,1.6274,0.018,3.1445,4.9,0.0121,0.1,4.91,0.94,0.0,524.0,249,230,45,48,44,9,500.0,0.09,0.0001,32079.0,,,,
1690,2000,28694,1.6319,0.0102,3.1685,4.816,0.0087,0.09,4.95,0.93,0.0,538.0,267,231,40,50,43,7,487.0,0.09,0.0001,32075.0,,,,
1691,2000,28710,1.6339,0.0126,3.1717,4.913,0.0104,0.1,4.65,0.93,0.0,558.0,286,217,55,51,39,10,470.0,0.08,0.0001,32130.0,,,,
1692,2000,28726,1.586,0.008,3.0865,5.101,0.0105,0.09,4.57,0.93,0.0,524.0,290,184,50,55,35,10,500.0,0.07,0.0001,32118.0,,,,
1693,2000,28743,1.5574,0.0011,3.0445,5.064,0.0098,0.09,5.25,0.93,0.0,480.0,249,174,57,52,36,12,546.0,0.05,0.0001,32085.0,,,,
1694,2000,28759,1.5798,0.0023,3.0851,5.105,0.0112,0.1,4.34,0.92,0.0,542.0,326,168,48,60,31,9,484.0,0.07,0.0001,32118.0,,,,
1695,2000,28776,1.5854,0.0021,3.0944,5.006,0.0099,0.09,3.92,0.93,0.0,561.0,359,153,49,64,27,9,467.0,0.08,0.0001,32078.0,,,,
1696,2000,28792,1.6299,0.0073,3.1699,4.998,0.0122,0.1,4.21,0.92,0.0,589.0,385,165,39,65,28,7,445.0,0.06,0.0001,32065.0,,,,
1697,2000,28808,1.6258,0.0196,3.1373,5.056,0.0113,0.09,4.4,0.92,0.0,513.0,316,166,31,62,32,6,511.0,0.06,0.0001,32083.0,,,,
1698,2000,28825,1.6797,0.0178,3.2475,5.003,0.0107,0.09,4.05,0.9,0.0,635.0,388,218,29,61,34,5,413.0,0.06,0.0001,32073.0,,,,
1699,2000,28841,1.6749,0.0222,3.2289,5.016,0.009,0.08,5.23,0.9,0.0,582.0,330,230,22,57,40,4,450.0,0.05,0.0001,32084.0,90,10,412,18
1700,2000,28873,1.6803,0.0182,3.2463,5.054,0.0084,0.07,4.49,0.89,0.0,588.0,314,259,15,53,44,3,446.0,0.04,0.0001,32235.0,,,,
1701,2000,28890,1.7333,0.0186,3.3523,5.079,0.01,0.09,3.9,0.87,0.0,644.0,356,269,19,55,42,3,407.0,0.06,0.0001,30913.0,,,,
1702,2000,28906,1.7234,0.014,3.341,5.066,0.008,0.07,4.64,0.9,0.0,633.0,340,274,19,54,43,3,414.0,0.09,0.0001,32060.0,,,,
1703,2000,28923,1.7081,0.0146,3.308,5.006,0.0096,0.08,5.04,0.93,0.0,677.0,377,285,15,56,42,2,387.0,0.16,0.0001,32049.0,,,,
1704,2000,28939,1.705,0.0233,3.2855,4.934,0.0091,0.07,5.09,0.93,0.0,645.0,358,270,17,56,42,3,406.0,0.2,0.0001,32109.0,,,,
1705,2000,28955,1.6461,0.0224,3.1719,5.131,0.0074,0.06,5.98,0.94,0.0,536.0,262,240,34,49,45,6,489.0,0.21,0.0001,32050.0,,,,
1706,2000,28972,1.6346,0.0296,3.1337,5.202,0.0095,0.07,4.53,0.94,0.0,525.0,285,230,10,54,44,2,499.0,0.18,0.0001,32058.0,,,,
1707,2000,28988,1.5723,0.0257,3.0174,5.352,0.0061,0.05,8.84,0.94,0.0,417.0,225,183,9,54,44,2,629.0,0.15,0.0001,32073.0,,,,
1708,2000,29005,1.5639,0.0263,2.9992,5.305,0.0088,0.07,3.65,0.93,0.0,391.0,212,168,11,54,43,3,670.0,0.12,0.0001,32086.0,,,,
1709,2000,29021,1.5637,0.0129,3.0253,5.225,0.0074,0.07,5.28,0.92,0.0,402.0,214,170,18,53,42,4,652.0,0.1,0.0001,32066.0,,,,
1710,2000,29038,1.513,0.0163,2.9176,5.301,0.0084,0.06,4.33,0.91,0.0,339.0,174,150,15,51,44,4,773.0,0.08,0.0001,32057.0,,,,
1711,2000,29054,1.4926,0.0133,2.8841,5.414,0.0083,0.07,3.71,0.9,0.0,312.0,155,140,17,50,45,5,840.0,0.07,0.0001,32040.0,,,,
1712,2000,29070,1.4875,0.0071,2.8838,5.246,0.0094,0.07,3.31,0.9,0.0,296.0,142,134,20,48,45,7,886.0,0.08,0.0001,32068.0,,,,
1713,2000,29087,1.4939,0.0039,2.9046,5.241,0.0079,0.07,3.69,0.9,0.0,297.0,140,135,22,47,45,7,883.0,0.1,0.0001,32057.0,,,,
1714,2000,29103,1.4459,-0.0,2.8202,5.504,0.0074,0.06,3.65,0.93,0.0,245.0,124,99,22,51,40,9,1070.0,0.13,0.0001,32057.0,,,,
1715,2000,29120,1.4744,-0.0084,2.8914,5.397,0.0081,0.06,3.45,0.93,0.0,282.0,138,127,17,49,45,6,930.0,0.21,0.0001,32082.0,,,,
1716,2000,29136,1.545,0.0001,3.0154,5.172,0.0095,0.08,3.12,0.92,0.0,384.0,192,167,25,50,43,7,683.0,0.24,0.0001,32077.0,,,,
1717,2000,29152,1.5626,0.0084,3.0343,5.302,0.0076,0.06,5.21,0.94,0.0,383.0,186,174,23,49,45,6,684.0,0.2,0.0001,32053.0,,,,
1718,2000,29169,1.5824,0.0114,3.0683,5.216,0.006,0.05,8.28,0.94,0.0,401.0,200,174,27,50,43,7,654.0,0.16,0.0001,32065.0,,,,
1719,2000,29185,1.6239,0.0148,3.143,5.18,0.0068,0.06,6.72,0.94,0.0,479.0,238,224,17,50,47,4,547.0,0.15,0.0001,32080.0,,,,
1720,2000,29202,1.6512,0.0146,3.1989,5.209,0.0076,0.06,7.01,0.94,0.0,560.0,258,283,19,46,51,3,468.0,0.15,0.0001,32045.0,,,,
1721,2000,29219,1.649,0.0157,3.1916,5.334,0.0101,0.08,4.9,0.93,0.0,547.0,292,249,6,53,46,1,479.0,0.11,0.0001,30897.0,,,,
1722,2000,29235,1.6547,0.0084,3.2169,5.307,0.0091,0.07,5.18,0.9,0.0,474.0,246,226,2,52,48,0,553.0,0.06,0.0001,32062.0,,,,
1723,2000,29251,1.6639,-0.0023,3.255,5.133,0.0091,0.07,4.26,0.89,0.0,554.0,259,291,4,47,53,1,473.0,0.04,0.0001,32080.0,,,,
1724,2000,29268,1.7079,-0.0114,3.3607,5.05,0.0074,0.06,6.58,0.89,0.0,576.0,276,296,4,48,51,1,455.0,0.04,0.0001,32077.0,,,,
1725,2000,29284,1.6865,-0.0103,3.3184,5.059,0.0103,0.08,4.6,0.88,0.0,632.0,300,291,41,47,46,6,415.0,0.04,0.0001,32082.0,,,,
1726,2000,29301,1.7222,-0.0005,3.3678,5.05,0.0131,0.08,7.33,0.88,0.0,674.0,297,364,13,44,54,2,389.0,0.03,0.0001,32070.0,,,,
1727,2000,29317,1.7097,0.0067,3.3282,5.012,0.0106,0.08,5.56,0.88,0.0,665.0,347,300,18,52,45,3,394.0,0.02,0.0001,32125.0,,,,
1728,2000,29333,1.6853,0.014,3.2649,5.048,0.0099,0.07,4.29,0.89,0.0,583.0,330,240,13,57,41,2,450.0,0.01,0.0001,32121.0,,,,
1729,2000,29350,1.6091,0.0296,3.084,5.259,0.0113,0.07,5.23,0.91,0.0,465.0,209,235,21,45,51,5,564.0,0.03,0.0001,32072.0,,,,
1730,2000,29366,1.6055,0.0105,3.117,5.25,0.0118,0.08,3.82,0.89,0.0,504.0,209,261,34,41,52,7,520.0,0.05,0.0001,32089.0,,,,
1731,2000,29383,1.5829,0.013,3.067,5.359,0.0106,0.08,3.85,0.9,0.0,440.0,195,219,26,44,50,6,596.0,0.04,0.0001,32134.0,,,,
1732,2000,29399,1.5875,0.0046,3.0933,5.306,0.0077,0.07,4.21,0.91,0.0,441.0,179,232,30,41,53,7,594.0,0.05,0.0001,32130.0,,,,
1733,2000,29415,1.6074,0.0159,3.1097,5.327,0.0099,0.07,4.58,0.91,0.0,460.0,214,223,23,47,48,5,570.0,0.05,0.0001,32082.0,,,,
1734,2000,29432,1.6041,0.0197,3.096,5.372,0.0091,0.07,3.88,0.91,0.0,460.0,217,214,29,47,47,6,570.0,0.05,0.0001,32067.0,,,,
1735,2000,29448,1.613,0.0283,3.095,5.386,0.0101,0.08,4.06,0.92,0.0,456.0,223,222,11,49,49,2,575.0,0.04,0.0001,32104.0,,,,
1736,2000,29465,1.6052,0.0229,3.09,5.431,0.0097,0.07,4.18,0.92,0.0,450.0,212,231,7,47,51,2,583.0,0.03,0.0001,32087.0,,,,
1737,2000,29481,1.7013,0.0232,3.2813,5.305,0.0104,0.07,5.08,0.9,0.0,658.0,309,325,24,47,49,4,398.0,0.03,0.0001,32123.0,,,,
1738,2000,29497,1.6761,0.0108,3.2532,5.113,0.0094,0.07,5.89,0.91,0.0,647.0,316,316,15,49,49,2,405.0,0.03,0.0001,32081.0,,,,
1739,2000,29514,1.6692,0.0213,3.2183,5.106,0.0089,0.07,10.64,0.92,0.0,559.0,268,276,15,48,49,3,469.0,0.02,0.0001,32110.0,,,,
1740,2000,29530,1.6663,0.0234,3.2086,5.196,0.0079,0.06,8.66,0.93,0.0,555.0,281,271,3,51,49,1,472.0,0.01,0.0001,32123.0,,,,
1741,2000,29547,1.686,0.0167,3.2613,5.198,0.0068,0.06,13.11,0.93,0.0,578.0,268,302,8,46,52,1,454.0,0.02,0.0001,30907.0,,,,
1742,2000,29564,1.6293,0.0264,3.1306,5.373,0.0087,0.06,5.31,0.93,0.0,496.0,248,213,35,50,43,7,529.0,0.03,0.0001,32141.0,,,,
1743,2000,29580,1.6378,0.0162,3.1678,5.333,0.0075,0.06,6.11,0.92,0.0,479.0,272,183,24,57,38,5,547.0,0.05,0.0001,32084.0,,,,
1744,2000,29596,1.6782,0.0102,3.2597,5.192,0.0095,0.07,4.53,0.91,0.0,635.0,353,265,17,56,42,3,413.0,0.06,0.0001,32096.0,,,,
1745,2000,29613,1.6954,0.0101,3.2943,5.271,0.0099,0.07,6.97,0.9,0.0,642.0,366,262,14,57,41,2,408.0,0.03,0.0001,32132.0,,,,
1746,2000,29629,1.7002,-0.0004,3.3236,5.118,0.0097,0.08,6.45,0.9,0.0,638.0,360,259,19,56,41,3,411.0,0.02,0.0001,32073.0,,,,
1747,2000,29646,1.6743,-0.0067,3.285,5.188,0.0112,0.08,4.82,0.9,0.0,660.0,358,297,5,54,45,1,397.0,0.02,0.0001,32053.0,,,,
1748,2000,29662,1.651,-0.0168,3.2587,5.226,0.0112,0.08,4.21,0.89,0.0,592.0,296,293,3,50,49,1,443.0,0.02,0.0001,32109.0,,,,
1749,2000,29678,1.6633,-0.0098,3.2688,5.186,0.0112,0.08,3.66,0.89,0.0,597.0,327,269,1,55,45,0,439.0,0.02,0.0001,32067.0,164,9,339,32
1750,2000,29710,1.7709,0.0053,3.4523,5.002,0.01,0.08,4.99,0.88,0.0,757.0,409,346,2,54,46,0,346.0,0.02,0.0001,32209.0,,,,
1751,2000,29726,1.7725,0.0146,3.4378,5.083,0.0103,0.07,5.2,0.89,0.0,784.0,380,402,2,48,51,0,334.0,0.03,0.0001,32071.0,,,,
1752,2000,29743,1.7332,0.0169,3.3546,5.129,0.0117,0.08,5.18,0.91,0.0,754.0,400,352,2,53,47,0,348.0,0.02,0.0001,32154.0,,,,
1753,2000,29759,1.7925,0.0183,3.469,4.977,0.0083,0.06,8.87,0.91,0.0,820.0,398,421,1,49,51,0,320.0,0.01,0.0001,32062.0,,,,
1754,2000,29776,1.7803,0.0125,3.4556,4.873,0.0092,0.07,10.08,0.9,0.0,834.0,424,410,0,51,49,0,314.0,0.01,0.0001,32051.0,,,,
1755,2000,29792,1.7129,-0.0081,3.3628,4.966,0.0089,0.07,7.02,0.9,0.0,788.0,353,429,6,45,54,1,333.0,0.02,0.0001,32087.0,,,,
1756,2000,29808,1.6794,0.0064,3.2676,5.119,0.0115,0.08,5.53,0.91,0.0,702.0,363,332,7,52,47,1,373.0,0.02,0.0001,32070.0,,,,
1757,2000,29825,1.718,0.0166,3.3248,5.127,0.0096,0.07,7.3,0.9,0.0,683.0,371,302,10,54,44,1,384.0,0.02,0.0001,32067.0,,,,
1758,2000,29841,1.679,0.0078,3.2633,5.025,0.0087,0.07,7.36,0.92,0.0,611.0,334,274,3,55,45,0,429.0,0.03,0.0001,32070.0,,,,
1759,2000,29858,1.6578,0.0076,3.2217,5.072,0.0092,0.07,5.95,0.92,0.0,572.0,312,257,3,55,45,1,458.0,0.02,0.0001,32062.0,,,,
1760,2000,29874,1.6024,0.0055,3.1158,5.193,0.0083,0.06,7.91,0.92,0.0,534.0,303,223,8,57,42,1,491.0,0.02,0.0001,32103.0,,,,
1761,2000,29891,1.6082,0.0043,3.1326,5.381,0.0099,0.06,5.77,0.91,0.0,522.0,246,249,27,47,48,5,502.0,0.02,0.0001,30960.0,,,,
1762,2000,29907,1.5891,0.0002,3.1027,5.336,0.0094,0.06,4.75,0.91,0.0,534.0,228,273,33,43,51,6,491.0,0.02,0.0001,32055.0,,,,
1763,2000,29924,1.5546,-0.0014,3.0394,5.448,0.0084,0.06,5.75,0.92,0.0,479.0,221,213,45,46,44,9,547.0,0.01,0.0001,32054.0,,,,
1764,2000,29940,1.5808,0.0039,3.0817,5.33,0.0098,0.06,5.91,0.92,0.0,522.0,248,220,54,48,42,10,502.0,0.02,0.0001,32063.0,,,,
1765,2000,29957,1.547,-0.0012,3.0219,5.358,0.0113,0.07,4.28,0.92,0.0,468.0,221,215,32,47,46,7,560.0,0.01,0.0001,32097.0,,,,
1766,2000,29973,1.5994,0.0029,3.1193,5.311,0.0087,0.06,5.2,0.91,0.0,554.0,267,241,46,48,44,8,473.0,0.01,0.0001,32063.0,,,,
1767,2000,29989,1.5772,0.0131,3.0525,5.323,0.0082,0.06,8.18,0.94,0.0,484.0,206,251,27,43,52,6,542.0,0.02,0.0001,32040.0,,,,
1768,2000,30006,1.5995,0.0215,3.0794,5.319,0.0082,0.06,8.23,0.93,0.0,480.0,227,238,15,47,50,3,546.0,0.01,0.0001,32047.0,,,,
1769,2000,30022,1.6465,0.0218,3.1721,5.186,0.008,0.06,8.59,0.92,0.0,511.0,222,275,14,43,54,3,513.0,0.01,0.0001,32033.0,,,,
1770,2000,30039,1.5623,0.0177,3.0141,5.415,0.0106,0.06,8.66,0.94,0.0,392.0,166,208,18,42,53,5,669.0,0.01,0.0001,32105.0,,,,
1771,2000,30055,1.5759,0.0208,3.0363,5.386,0.0066,0.05,9.78,0.93,0.0,412.0,155,218,39,38,53,9,636.0,0.01,0.0001,32039.0,,,,
1772,2000,30072,1.6037,0.019,3.0944,5.27,0.0075,0.05,16.74,0.94,0.0,421.0,139,245,37,33,58,9,623.0,0.01,0.0001,32037.0,,,,
1773,2000,30088,1.6406,0.0226,3.1607,5.179,0.0059,0.05,16.33,0.93,0.0,485.0,211,223,51,44,46,11,541.0,0.0,0.0001,32039.0,,,,
1774,2000,30104,1.6255,0.0181,3.1385,5.138,0.0067,0.05,9.85,0.93,0.0,482.0,212,219,51,44,45,11,544.0,0.0,0.0001,32037.0,,,,
1775,2000,30121,1.6252,0.0323,3.1087,5.083,0.0095,0.07,11.79,0.93,0.0,433.0,195,204,34,45,47,8,605.0,0.01,0.0001,32107.0,,,,
1776,2000,30137,1.5956,0.0282,3.06,5.08,0.0091,0.07,9.31,0.94,0.0,400.0,176,177,47,44,44,12,655.0,0.02,0.0001,32052.0,,,,
1777,2000,30154,1.5726,0.0338,3.0054,5.245,0.0084,0.06,10.94,0.95,0.0,365.0,155,152,58,42,42,16,718.0,0.02,0.0001,32046.0,,,,
1778,2000,30170,1.5556,0.0394,2.9621,5.317,0.013,0.07,6.84,0.94,0.0,381.0,178,144,59,47,38,15,688.0,0.02,0.0001,32052.0,,,,
1779,2000,30186,1.5138,0.0405,2.876,5.483,0.0098,0.06,7.04,0.95,0.0,316.0,132,130,54,42,41,17,830.0,0.02,0.0001,32038.0,,,,
1780,2000,30203,1.4979,0.032,2.8629,5.516,0.0099,0.06,6.03,0.95,0.0,342.0,115,150,77,34,44,23,767.0,0.02,0.0001,32050.0,,,,
1781,2000,30220,1.4777,0.0257,2.8376,5.645,0.0116,0.06,6.69,0.93,0.0,331.0,137,120,74,41,36,22,792.0,0.01,0.0001,30908.0,,,,
1782,2000,30236,1.4673,0.0293,2.8112,5.749,0.0109,0.07,4.38,0.93,0.0,294.0,112,106,76,38,36,26,892.0,0.02,0.0001,32068.0,,,,
1783,2000,30253,1.4547,0.0293,2.7851,5.795,0.0129,0.07,2.99,0.94,0.0,275.0,119,102,54,43,37,20,953.0,0.02,0.0001,32107.0,,,,
1784,2000,30269,1.4686,0.0258,2.8155,5.672,0.0091,0.06,4.13,0.92,0.0,276.0,134,104,38,49,38,14,950.0,0.02,0.0001,32119.0,,,,
1785,2000,30286,1.4039,0.0116,2.722,5.756,0.0083,0.05,4.74,0.94,0.0,256.0,89,83,84,35,32,33,1024.0,0.03,0.0001,32057.0,,,,
1786,2000,30302,1.4307,0.0185,2.7618,5.784,0.009,0.05,4.11,0.93,0.0,261.0,109,76,76,42,29,29,1004.0,0.04,0.0001,32059.0,,,,
1787,2000,30318,1.427,0.0189,2.7539,5.789,0.0086,0.06,5.21,0.94,0.0,272.0,125,72,75,46,26,28,964.0,0.03,0.0001,32055.0,,,,
1788,2000,30335,1.4505,0.0176,2.8074,5.769,0.008,0.06,4.4,0.92,0.0,304.0,133,73,98,44,24,32,862.0,0.05,0.0001,32095.0,,,,
1789,2000,30351,1.4799,0.0186,2.8591,5.684,0.0088,0.06,4.12,0.93,0.0,306.0,136,97,73,44,32,24,857.0,0.09,0.0001,32056.0,,,,
1790,2000,30368,1.4697,0.0151,2.8453,5.691,0.0096,0.07,2.8,0.93,0.0,306.0,138,101,67,45,33,22,857.0,0.15,0.0001,32071.0,,,,
1791,2000,30384,1.4703,0.0175,2.8422,5.781,0.0084,0.06,3.15,0.94,0.0,291.0,118,113,60,41,39,21,901.0,0.17,0.0001,32045.0,,,,
1792,2000,30400,1.5093,0.0187,2.9198,5.709,0.0097,0.06,4.39,0.93,0.0,358.0,151,127,80,42,35,22,732.0,0.14,0.0001,32083.0,,,,
1793,2000,30417,1.5644,0.0223,3.0178,5.569,0.0072,0.05,5.22,0.92,0.0,418.0,178,191,49,43,46,12,627.0,0.12,0.0001,32046.0,,,,
1794,2000,30433,1.6223,0.0119,3.1488,5.389,0.0056,0.05,8.49,0.92,0.0,446.0,231,181,34,52,41,8,588.0,0.11,0.0001,32052.0,,,,
1795,2000,30450,1.6344,0.0152,3.1683,5.427,0.0077,0.06,6.46,0.91,0.0,492.0,227,217,48,46,44,10,533.0,0.08,0.0001,32054.0,,,,
1796,2000,30466,1.6334,0.0176,3.1626,5.356,0.0081,0.06,5.16,0.91,0.0,554.0,258,246,50,47,44,9,473.0,0.06,0.0001,32055.0,,,,
1797,2000,30483,1.6344,0.0173,3.1633,5.421,0.0078,0.05,5.33,0.91,0.0,533.0,260,237,36,49,44,7,492.0,0.06,0.0001,32065.0,,,,
1798,2000,30499,1.5593,0.0137,3.0208,5.65,0.0064,0.05,5.37,0.92,0.0,402.0,216,165,21,54,41,5,652.0,0.06,0.0001,32054.0,,,,
1799,2000,30515,1.5642,0.0139,3.0307,5.635,0.0068,0.05,3.79,0.9,0.0,418.0,211,180,27,50,43,6,627.0,0.04,0.0001,32058.0,141,6,365,28
1800,2000,30547,1.5292,0.0168,2.9567,5.716,0.0092,0.06,4.58,0.92,0.0,353.0,177,142,34,50,40,10,743.0,0.06,0.0001,32198.0,,,,
1801,2000,30564,1.5693,0.0258,3.0173,5.611,0.0084,0.05,3.54,0.92,0.0,388.0,192,171,25,49,44,6,676.0,0.08,0.0001,30907.0,,,,
1802,2000,30580,1.584,0.0201,3.0575,5.543,0.0055,0.05,6.41,0.91,0.0,405.0,208,168,29,51,41,7,647.0,0.09,0.0001,32060.0,,,,
1803,2000,30597,1.6702,0.0265,3.2173,5.31,0.0082,0.07,5.29,0.89,0.0,506.0,277,189,40,55,37,8,518.0,0.08,0.0001,32079.0,,,,
1804,2000,30613,1.6752,0.0203,3.2359,5.28,0.0076,0.06,9.39,0.91,0.0,515.0,265,226,24,51,44,5,509.0,0.05,0.0001,32118.0,,,,
1805,2000,30629,1.6034,0.014,3.1054,5.382,0.0083,0.06,5.06,0.91,0.0,441.0,223,207,11,51,47,2,594.0,0.05,0.0001,32113.0,,,,
1806,2000,30646,1.551,0.0238,2.9813,5.507,0.0079,0.06,4.7,0.93,0.0,354.0,158,184,12,45,52,3,741.0,0.04,0.0001,32057.0,,,,
1807,2000,30662,1.5085,0.0171,2.9114,5.565,0.0082,0.06,4.87,0.94,0.0,333.0,149,160,24,45,48,7,787.0,0.04,0.0001,32097.0,,,,
1808,2000,30679,1.5306,0.0114,2.9729,5.524,0.0074,0.05,5.97,0.94,0.0,419.0,165,177,77,39,42,18,626.0,0.05,0.0001,32117.0,,,,
1809,2000,30695,1.5301,0.018,2.9593,5.561,0.01,0.06,6.27,0.93,0.0,398.0,153,168,77,38,42,19,659.0,0.04,0.0001,32061.0,,,,
1810,2000,30711,1.4797,0.0095,2.8771,5.732,0.007,0.04,5.94,0.93,0.0,366.0,156,146,64,43,40,17,716.0,0.03,0.0001,32096.0,,,,
1811,2000,30728,1.425,0.0157,2.7539,5.764,0.0081,0.05,4.23,0.95,0.0,268.0,106,112,50,40,42,19,978.0,0.03,0.0001,32059.0,,,,
1812,2000,30744,1.3964,0.0072,2.7209,5.875,0.0081,0.05,4.19,0.95,0.0,275.0,104,93,78,38,34,28,953.0,0.03,0.0001,32121.0,,,,
1813,2000,30761,1.3934,0.0101,2.716,5.879,0.0058,0.04,4.81,0.96,0.0,281.0,106,76,99,38,27,35,933.0,0.03,0.0001,32070.0,,,,
1814,2000,30777,1.4119,0.015,2.7403,5.819,0.0071,0.04,4.64,0.96,0.0,282.0,103,82,97,37,29,34,930.0,0.04,0.0001,32082.0,,,,
1815,2000,30793,1.5507,0.0159,3.0062,5.403,0.009,0.06,5.55,0.95,0.0,404.0,176,140,88,44,35,22,649.0,0.05,0.0001,32128.0,,,,
1816,2000,30810,1.6193,0.0156,3.1398,5.267,0.0083,0.07,7.42,0.95,0.0,496.0,233,189,74,47,38,15,529.0,0.05,0.0001,32065.0,,,,
1817,2000,30826,1.6447,0.0285,3.1631,5.323,0.009,0.07,7.67,0.94,0.0,502.0,239,209,54,48,42,11,522.0,0.05,0.0001,32058.0,,,,
1818,2000,30843,1.6295,0.024,3.1408,5.389,0.0069,0.06,6.7,0.93,0.0,464.0,214,210,40,46,45,9,565.0,0.06,0.0001,32114.0,,,,
1819,2000,30859,1.5313,0.0274,2.9395,5.561,0.0084,0.06,5.11,0.94,0.0,379.0,192,148,39,51,39,10,692.0,0.07,0.0001,32074.0,,,,
1820,2000,30875,1.5371,0.0248,2.9593,5.619,0.0093,0.06,5.96,0.94,0.0,388.0,184,151,53,47,39,14,676.0,0.11,0.0001,32099.0,,,,
1821,2000,30892,1.539,0.0512,2.9109,5.666,0.0122,0.07,3.91,0.94,0.0,389.0,171,146,72,44,38,19,674.0,0.1,0.0001,30897.0,,,,
1822,2000,30909,1.5484,0.0502,2.9322,5.717,0.0094,0.06,4.59,0.93,0.0,381.0,168,134,79,44,35,21,688.0,0.07,0.0001,32108.0,,,,
1823,2000,30925,1.4814,0.0491,2.8018,5.892,0.0069,0.04,3.72,0.94,0.0,288.0,118,120,50,41,42,17,910.0,0.03,0.0001,32061.0,,,,
1824,2000,30942,1.436,0.0336,2.7424,5.951,0.0063,0.04,4.8,0.95,0.0,227.0,80,92,55,35,41,24,1155.0,0.02,0.0001,32113.0,,,,
1825,2000,30958,1.4729,0.0406,2.8068,5.803,0.0062,0.04,4.59,0.95,0.0,338.0,119,90,129,35,27,38,776.0,0.02,0.0001,32123.0,,,,
1826,2000,30974,1.4314,0.0336,2.7379,5.831,0.0065,0.04,4.15,0.96,0.0,250.0,92,73,85,37,29,34,1049.0,0.03,0.0001,32055.0,,,,
1827,2000,30991,1.4484,0.0271,2.7881,5.699,0.0056,0.04,4.9,0.96,0.0,284.0,82,98,104,29,35,37,923.0,0.03,0.0001,32068.0,,,,
1828,2000,31007,1.4525,0.04,2.7647,5.784,0.0073,0.05,3.21,0.97,0.0,270.0,77,107,86,29,40,32,971.0,0.04,0.0001,32077.0,,,,
1829,2000,31024,1.4443,0.0335,2.7635,5.754,0.0075,0.05,3.88,0.97,0.0,288.0,97,90,101,34,31,35,910.0,0.06,0.0001,32075.0,,,,
1830,2000,31040,1.4385,0.0246,2.7671,5.822,0.007,0.05,4.51,0.98,0.0,263.0,83,98,82,32,37,31,997.0,0.05,0.0001,32066.0,,,,
1831,2000,31057,1.4545,0.0207,2.8053,5.722,0.0069,0.05,3.32,0.97,0.0,292.0,104,111,77,36,38,26,898.0,0.04,0.0001,32140.0,,,,
1832,2000,31073,1.482,0.0296,2.8457,5.678,0.0069,0.06,3.61,0.96,0.0,305.0,108,110,87,35,36,29,859.0,0.05,0.0001,32060.0,,,,
1833,2000,31089,1.5115,0.0257,2.9067,5.642,0.0072,0.06,3.28,0.95,0.0,316.0,143,111,62,45,35,20,830.0,0.06,0.0001,32059.0,,,,
1834,2000,31106,1.5205,0.0257,2.9231,5.683,0.0059,0.05,4.0,0.95,0.0,320.0,148,108,64,46,34,20,819.0,0.07,0.0001,32048.0,,,,
1835,2000,31122,1.5891,0.0373,3.0372,5.574,0.0063,0.06,4.03,0.92,0.0,379.0,160,164,55,42,43,15,692.0,0.07,0.0001,32058.0,,,,
1836,2000,31139,1.5501,0.0323,2.9675,5.637,0.0069,0.06,4.06,0.94,0.0,336.0,151,142,43,45,42,13,780.0,0.09,0.0001,32060.0,,,,
1837,2000,31155,1.5955,0.0365,3.0496,5.599,0.0049,0.05,5.67,0.93,0.0,397.0,162,196,39,41,49,10,660.0,0.1,0.0001,32051.0,,,,
1838,2000,31172,1.5537,0.0388,2.9621,5.594,0.0055,0.05,6.23,0.94,0.0,354.0,138,172,44,39,49,12,741.0,0.09,0.0001,32070.0,,,,
1839,2000,31188,1.5798,0.0515,2.993,5.556,0.0068,0.06,3.86,0.94,0.0,442.0,155,215,72,35,49,16,593.0,0.07,0.0001,32055.0,,,,
1840,2000,31204,1.5993,0.0525,3.0249,5.502,0.0076,0.06,4.29,0.93,0.0,431.0,181,209,41,42,48,10,608.0,0.08,0.0001,32068.0,,,,
1841,2000,31221,1.6366,0.0481,3.1072,5.473,0.0083,0.07,3.63,0.91,0.0,457.0,203,210,44,44,46,10,574.0,0.09,0.0001,30945.0,,,,
1842,2000,31238,1.6742,0.0427,3.1938,5.458,0.0065,0.06,4.42,0.89,0.0,485.0,221,223,41,46,46,8,541.0,0.07,0.0001,32052.0,,,,
1843,2000,31254,1.6345,0.0348,3.1307,5.493,0.0075,0.07,3.83,0.91,0.0,460.0,205,216,39,45,47,8,570.0,0.07,0.0001,32066.0,,,,
1844,2000,31271,1.6622,0.0353,3.1823,5.439,0.0066,0.06,4.31,0.91,0.0,494.0,241,224,29,49,45,6,531.0,0.09,0.0001,32069.0,,,,
1845,2000,31287,1.6674,0.0303,3.2024,5.383,0.0075,0.06,5.03,0.91,0.0,560.0,268,255,37,48,46,7,468.0,0.09,0.0001,32119.0,,,,
1846,2000,31303,1.6325,0.0338,3.1287,5.457,0.0071,0.06,3.52,0.92,0.0,522.0,224,252,46,43,48,9,502.0,0.11,0.0001,32057.0,,,,
1847,2000,31320,1.6943,0.0242,3.2671,5.267,0.0068,0.06,4.71,0.91,0.0,588.0,264,300,24,45,51,4,446.0,0.11,0.0001,32063.0,,,,
1848,2000,31336,1.7057,0.026,3.2855,5.192,0.0071,0.06,4.65,0.92,0.0,619.0,269,320,30,43,52,5,423.0,0.08,0.0001,32110.0,,,,
1849,2000,31353,1.7181,0.0289,3.3041,5.161,0.0073,0.06,4.58,0.91,0.0,673.0,302,345,26,45,51,4,390.0,0.05,0.0001,32081.0,100,7,405,20
1850,2000,31384,1.6508,0.0319,3.1642,5.264,0.005,0.05,5.32,0.92,0.0,524.0,222,282,20,42,54,4,500.0,0.04,0.0001,32197.0,,,,
1851,2000,31401,1.6093,0.0235,3.0977,5.325,0.0066,0.06,4.1,0.92,0.0,461.0,203,236,22,44,51,5,569.0,0.05,0.0001,32059.0,,,,
1852,2000,31417,1.6259,0.02,3.1385,5.149,0.0067,0.06,5.3,0.91,0.0,499.0,198,262,39,40,53,8,525.0,0.05,0.0001,32055.0,,,,
1853,2000,31433,1.5702,0.0196,3.031,5.324,0.0062,0.05,4.29,0.92,0.0,494.0,211,225,58,43,46,12,531.0,0.05,0.0001,32103.0,,,,
1854,2000,31450,1.5769,0.0201,3.0434,5.329,0.0074,0.06,4.49,0.91,0.0,472.0,211,213,48,45,45,10,555.0,0.04,0.0001,32069.0,,,,
1855,2000,31466,1.5697,0.0147,3.0381,5.317,0.0081,0.06,4.2,0.9,0.0,469.0,210,217,42,45,46,9,559.0,0.03,0.0001,32057.0,,,,
1856,2000,31483,1.5619,0.012,3.0304,5.34,0.0065,0.06,3.76,0.89,0.0,443.0,171,217,55,39,49,12,592.0,0.04,0.0001,32048.0,,,,
1857,2000,31499,1.5629,0.0155,3.0267,5.356,0.0064,0.06,4.01,0.9,0.0,449.0,169,224,56,38,50,12,584.0,0.05,0.0001,32102.0,,,,
1858,2000,31516,1.5542,0.019,3.0038,5.359,0.0073,0.06,4.25,0.9,0.0,454.0,199,196,59,44,43,13,577.0,0.06,0.0001,32069.0,,,,
1859,2000,31532,1.6663,0.0296,3.2028,5.13,0.0084,0.07,3.57,0.88,0.0,643.0,267,311,65,42,48,10,408.0,0.05,0.0001,32080.0,,,,
1860,2000,31548,1.6374,0.0258,3.151,5.171,0.0061,0.06,4.51,0.89,0.0,579.0,258,276,45,45,48,8,453.0,0.05,0.0001,32065.0,,,,
1861,2000,31565,1.6139,0.0236,3.1103,5.242,0.0079,0.07,4.04,0.89,0.0,505.0,205,263,37,41,52,7,519.0,0.06,0.0001,30984.0,,,,
1862,2000,31582,1.5441,0.0203,2.976,5.403,0.0066,0.06,4.07,0.9,0.0,392.0,157,209,26,40,53,7,669.0,0.05,0.0001,32071.0,,,,
1863,2000,31598,1.5169,0.0285,2.9058,5.495,0.0057,0.05,5.02,0.9,0.0,374.0,159,175,40,43,47,11,701.0,0.04,0.0001,32091.0,,,,
1864,2000,31615,1.5788,0.0333,3.0213,5.4,0.0065,0.05,4.25,0.9,0.0,469.0,184,225,60,39,48,13,559.0,0.04,0.0001,32099.0,,,,
1865,2000,31631,1.641,0.0266,3.158,5.262,0.0072,0.06,5.67,0.92,0.0,582.0,213,276,93,37,47,16,450.0,0.05,0.0001,32089.0,,,,
1866,2000,31647,1.6824,0.0281,3.2375,5.109,0.0072,0.06,7.37,0.93,0.0,692.0,272,331,89,39,48,13,379.0,0.05,0.0001,32132.0,,,,
1867,2000,31664,1.6926,0.0312,3.2483,5.038,0.0075,0.06,4.82,0.93,0.0,711.0,317,342,52,45,48,7,369.0,0.06,0.0001,32150.0,,,,
1868,2000,31680,1.6834,0.0309,3.23,5.002,0.0072,0.06,6.46,0.94,0.0,688.0,330,313,45,48,45,7,381.0,0.05,0.0001,32144.0,,,,
1869,2000,31697,1.6784,0.0295,3.2232,5.069,0.0081,0.06,6.53,0.94,0.0,652.0,308,307,37,47,47,6,402.0,0.04,0.0001,32077.0,,,,
1870,2000,31713,1.6427,0.0193,3.1732,5.056,0.0064,0.05,8.15,0.94,0.0,577.0,240,284,53,42,49,9,454.0,0.03,0.0001,32089.0,,,,
1871,2000,31729,1.5944,0.0181,3.0787,5.123,0.0065,0.05,6.6,0.95,0.0,499.0,232,220,47,46,44,9,525.0,0.02,0.0001,32084.0,,,,
1872,2000,31746,1.6014,0.0129,3.1023,5.095,0.0058,0.05,10.2,0.95,0.0,461.0,194,226,41,42,49,9,569.0,0.03,0.0001,32159.0,,,,
1873,2000,31762,1.6057,0.0137,3.11,5.019,0.0084,0.06,11.01,0.95,0.0,522.0,214,253,55,41,48,11,502.0,0.02,0.0001,32107.0,,,,
1874,2000,31779,1.6322,0.0154,3.1581,5.019,0.0104,0.07,6.26,0.94,0.0,522.0,201,292,29,39,56,6,502.0,0.03,0.0001,32085.0,,,,
1875,2000,31795,1.6317,0.0152,3.1582,5.067,0.0103,0.07,7.48,0.94,0.0,547.0,204,310,33,37,57,6,479.0,0.03,0.0001,32079.0,,,,
1876,2000,31812,1.6826,0.0139,3.2599,4.923,0.0086,0.07,6.13,0.92,0.0,679.0,234,424,21,34,62,3,386.0,0.03,0.0001,32085.0,,,,
1877,2000,31828,1.6002,0.0034,3.1185,5.215,0.0082,0.07,4.7,0.93,0.0,536.0,178,337,21,33,63,4,489.0,0.02,0.0001,32081.0,,,,
1878,2000,31844,1.5791,-0.0007,3.0859,5.344,0.0083,0.06,4.46,0.94,0.0,489.0,190,282,17,39,58,3,536.0,0.02,0.0001,32080.0,,,,
1879,2000,31861,1.5662,0.0077,3.0435,5.417,0.0076,0.06,4.78,0.93,0.0,439.0,176,254,9,40,58,2,597.0,0.03,0.0001,32099.0,,,,
1880,2000,31877,1.6096,0.0108,3.1246,5.33,0.0073,0.06,5.91,0.92,0.0,458.0,221,219,18,48,48,4,572.0,0.03,0.0001,32091.0,,,,
1881,2000,31894,1.5927,0.007,3.097,5.329,0.0091,0.07,4.21,0.92,0.0,471.0,178,278,15,38,59,3,557.0,0.04,0.0001,30928.0,,,,
1882,2000,31911,1.5563,0.0064,3.0279,5.506,0.0078,0.06,4.68,0.91,0.0,352.0,140,199,13,40,57,4,745.0,0.05,0.0001,32124.0,,,,
1883,2000,31927,1.6036,0.0082,3.1171,5.398,0.0073,0.06,4.12,0.9,0.0,415.0,183,223,9,44,54,2,632.0,0.07,0.0001,32060.0,,,,
1884,2000,31943,1.6007,0.008,3.1117,5.341,0.0091,0.08,3.39,0.89,0.0,438.0,192,233,13,44,53,3,599.0,0.07,0.0001,32076.0,,,,
1885,2000,31960,1.5911,0.0038,3.1015,5.354,0.0103,0.08,3.43,0.89,0.0,432.0,186,235,11,43,54,3,607.0,0.06,0.0001,32066.0,,,,
1886,2000,31976,1.6043,0.0086,3.1177,5.326,0.0078,0.07,3.67,0.9,0.0,454.0,188,250,16,41,55,4,577.0,0.07,0.0001,32054.0,,,,
1887,2000,31993,1.5655,0.0155,3.0259,5.41,0.008,0.07,3.62,0.92,0.0,379.0,183,191,5,48,50,1,692.0,0.06,0.0001,32116.0,,,,
1888,2000,32009,1.5673,0.0135,3.0332,5.372,0.009,0.07,4.06,0.92,0.0,399.0,194,197,8,49,49,2,657.0,0.05,0.0001,32088.0,,,,
1889,2000,32025,1.5372,0.0109,2.979,5.476,0.0093,0.06,3.72,0.92,0.0,369.0,185,172,12,50,47,3,710.0,0.04,0.0001,32065.0,,,,
1890,2000,32042,1.591,0.0156,3.0764,5.336,0.0095,0.07,3.48,0.91,0.0,437.0,209,222,6,48,51,1,600.0,0.04,0.0001,32065.0,,,,
1891,2000,32058,1.5982,0.0067,3.1074,5.263,0.007,0.06,4.98,0.91,0.0,446.0,209,230,7,47,52,2,588.0,0.04,0.0001,32119.0,,,,
1892,2000,32075,1.5853,0.0065,3.083,5.327,0.0077,0.06,4.75,0.91,0.0,437.0,196,235,6,45,54,1,600.0,0.05,0.0001,32049.0,,,,
1893,2000,32091,1.6182,0.0071,3.1462,5.193,0.0086,0.07,3.42,0.9,0.0,493.0,221,272,0,45,55,0,532.0,0.05,0.0001,32064.0,,,,
1894,2000,32107,1.6257,0.0098,3.1561,5.191,0.0089,0.07,3.8,0.89,0.0,508.0,206,294,8,41,58,2,516.0,0.04,0.0001,32056.0,,,,
1895,2000,32124,1.6615,0.0128,3.2201,5.06,0.008,0.07,4.68,0.89,0.0,510.0,228,276,6,45,54,1,514.0,0.04,0.0001,32069.0,,,,
1896,2000,32140,1.6795,0.0118,3.2584,5.009,0.0089,0.07,3.98,0.89,0.0,637.0,316,314,7,50,49,1,412.0,0.03,0.0001,32039.0,,,,
1897,2000,32157,1.6287,0.014,3.1537,5.197,0.0078,0.06,4.37,0.91,0.0,493.0,226,264,3,46,54,1,532.0,0.02,0.0001,32117.0,,,,
1898,2000,32173,1.5924,0.0136,3.0821,5.238,0.0078,0.07,4.19,0.91,0.0,464.0,245,216,3,53,47,1,565.0,0.03,0.0001,32064.0,,,,
1899,2000,32190,1.6924,0.018,3.2719,5.068,0.0084,0.07,4.96,0.89,0.0,627.0,325,301,1,52,48,0,418.0,0.03,0.0001,32067.0,147,13,352,29
1900,2000,32221,1.7043,0.0142,3.3022,4.918,0.0088,0.08,5.74,0.89,0.0,650.0,332,314,4,51,48,1,403.0,0.04,0.0001,32188.0,,,,
1901,2000,32238,1.6282,0.017,3.1472,5.305,0.0092,0.06,4.15,0.88,0.0,467.0,243,223,1,52,48,0,561.0,0.03,0.0001,30901.0,,,,
1902,2000,32254,1.5792,0.0221,3.0405,5.456,0.0084,0.07,3.47,0.87,0.0,374.0,185,185,4,49,49,1,701.0,0.03,0.0001,32064.0,,,,
1903,2000,32271,1.5801,0.0139,3.0589,5.45,0.0077,0.06,3.61,0.88,0.0,373.0,181,186,6,49,50,2,703.0,0.03,0.0001,32065.0,,,,
1904,2000,32287,1.6246,0.0044,3.1652,5.288,0.0071,0.06,3.17,0.84,0.0,480.0,251,225,4,52,47,1,546.0,0.04,0.0001,32062.0,,,,
1905,2000,32304,1.5871,-0.0057,3.1114,5.34,0.0081,0.07,2.98,0.87,0.0,506.0,257,243,6,51,48,1,518.0,0.03,0.0001,32077.0,,,,
1906,2000,32320,1.5719,-0.0074,3.084,5.354,0.008,0.07,3.12,0.88,0.0,446.0,220,221,5,49,50,1,588.0,0.03,0.0001,32060.0,,,,
1907,2000,32336,1.5472,-0.0105,3.042,5.463,0.0074,0.06,3.21,0.87,0.0,458.0,223,226,9,49,49,2,572.0,0.03,0.0001,32067.0,,,,
1908,2000,32353,1.5232,-0.0118,2.9973,5.49,0.0068,0.05,3.36,0.87,0.0,415.0,198,202,15,48,49,4,632.0,0.03,0.0001,32069.0,,,,
1909,2000,32369,1.538,-0.0106,3.0255,5.491,0.0072,0.06,3.06,0.84,0.0,431.0,198,208,25,46,48,6,608.0,0.03,0.0001,32041.0,,,,
1910,2000,32386,1.5303,-0.0081,3.0036,5.457,0.0063,0.05,2.83,0.86,0.0,411.0,195,206,10,47,50,2,638.0,0.02,0.0001,32114.0,,,,
1911,2000,32402,1.5404,-0.0142,3.0368,5.464,0.0059,0.05,3.41,0.85,0.0,418.0,198,201,19,47,48,5,627.0,0.03,0.0001,32120.0,,,,
1912,2000,32418,1.4923,-0.0055,2.9241,5.607,0.0063,0.05,3.65,0.86,0.0,347.0,165,167,15,48,48,4,755.0,0.02,0.0001,32079.0,,,,
1913,2000,32435,1.4758,-0.0122,2.9077,5.617,0.0054,0.04,3.31,0.86,0.0,364.0,187,143,34,51,39,9,720.0,0.02,0.0001,32067.0,,,,
1914,2000,32451,1.485,-0.0102,2.9197,5.57,0.0061,0.05,3.64,0.85,0.0,332.0,156,154,22,47,46,7,790.0,0.03,0.0001,32110.0,,,,
1915,2000,32468,1.5223,-0.0019,2.9775,5.444,0.0078,0.06,3.28,0.84,0.0,422.0,185,196,41,44,46,10,621.0,0.03,0.0001,32158.0,,,,
1916,2000,32484,1.5394,0.0026,3.001,5.455,0.0071,0.05,3.48,0.86,0.0,421.0,213,188,20,51,45,5,623.0,0.03,0.0001,32149.0,,,,
1917,2000,32500,1.5999,0.0042,3.1184,5.282,0.0087,0.07,3.85,0.86,0.0,511.0,242,236,33,47,46,6,513.0,0.03,0.0001,32067.0,,,,
1918,2000,32517,1.5487,-0.0026,3.029,5.312,0.0073,0.06,3.5,0.88,0.0,442.0,232,181,29,52,41,7,593.0,0.03,0.0001,32039.0,,,,
1919,2000,32533,1.5915,0.0032,3.1017,5.219,0.0075,0.06,4.4,0.89,0.0,518.0,261,234,23,50,45,4,506.0,0.03,0.0001,32055.0,,,,
1920,2000,32550,1.5626,0.0016,3.0491,5.327,0.0064,0.05,3.88,0.88,0.0,505.0,251,221,33,50,44,7,519.0,0.03,0.0001,32064.0,,,,
1921,2000,32567,1.5263,0.0029,2.975,5.567,0.0059,0.04,3.96,0.88,0.0,389.0,166,188,35,43,48,9,674.0,0.03,0.0001,30938.0,,,,
1922,2000,32583,1.4914,0.0032,2.9066,5.714,0.0062,0.04,3.42,0.88,0.0,340.0,120,184,36,35,54,11,771.0,0.03,0.0001,32096.0,,,,
1923,2000,32599,1.479,0.0012,2.8859,5.637,0.007,0.05,3.1,0.88,0.0,378.0,152,177,49,40,47,13,694.0,0.03,0.0001,32083.0,,,,
1924,2000,32616,1.5622,-0.0004,3.0529,5.422,0.0084,0.06,3.68,0.87,0.0,459.0,187,233,39,41,51,8,571.0,0.04,0.0001,32085.0,,,,
1925,2000,32632,1.5766,0.0031,3.0766,5.333,0.0079,0.06,3.58,0.89,0.0,496.0,236,208,52,48,42,10,529.0,0.05,0.0001,32085.0,,,,
1926,2000,32649,1.5802,0.0003,3.0869,5.343,0.0067,0.05,3.4,0.87,0.0,518.0,207,283,28,40,55,5,506.0,0.03,0.0001,32084.0,,,,
1927,2000,32665,1.5385,0.0054,2.9932,5.389,0.0062,0.05,4.37,0.89,0.0,390.0,167,195,28,43,50,7,672.0,0.03,0.0001,32104.0,,,,
1928,2000,32682,1.5527,0.0075,3.0161,5.325,0.0066,0.05,5.6,0.89,0.0,462.0,197,226,39,43,49,8,567.0,0.03,0.0001,32093.0,,,,
1929,2000,32698,1.5244,0.0066,2.9617,5.344,0.0079,0.06,3.06,0.88,0.0,416.0,165,217,34,40,52,8,630.0,0.03,0.0001,32098.0,,,,
1930,2000,32714,1.5464,-0.0016,3.0229,5.361,0.0075,0.06,3.33,0.87,0.0,472.0,216,217,39,46,46,8,555.0,0.02,0.0001,32103.0,,,,
1931,2000,32731,1.5491,-0.0002,3.0251,5.32,0.0076,0.06,3.75,0.88,0.0,452.0,183,229,40,40,51,9,580.0,0.03,0.0001,32097.0,,,,
1932,2000,32747,1.6008,-0.0073,3.1418,5.141,0.0056,0.05,5.12,0.88,0.0,576.0,274,255,47,48,44,8,455.0,0.03,0.0001,32098.0,,,,
1933,2000,32764,1.6367,0.0042,3.1888,5.008,0.0076,0.06,4.79,0.9,0.0,588.0,262,292,34,45,50,6,446.0,0.02,0.0001,32097.0,,,,
1934,2000,32780,1.6249,0.0004,3.1718,5.013,0.0073,0.06,5.27,0.9,0.0,603.0,278,308,17,46,51,3,435.0,0.02,0.0001,32099.0,,,,
1935,2000,32796,1.5975,0.0063,3.1044,4.987,0.0059,0.05,5.91,0.93,0.0,520.0,233,275,12,45,53,2,504.0,0.02,0.0001,32091.0,,,,
1936,2000,32813,1.606,0.0125,3.1081,4.866,0.0057,0.05,6.36,0.93,0.0,548.0,265,266,17,48,49,3,478.0,0.03,0.0001,32112.0,,,,
1937,2000,32829,1.5521,0.0017,3.0232,4.981,0.0055,0.05,7.81,0.95,0.0,463.0,195,245,23,42,53,5,566.0,0.04,0.0001,32099.0,,,,
1938,2000,32845,1.5698,0.0136,3.0353,4.968,0.0071,0.06,6.69,0.95,0.0,477.0,229,217,31,48,45,6,550.0,0.02,0.0001,32164.0,,,,
1939,2000,32862,1.5978,0.0173,3.0842,4.956,0.0063,0.05,6.88,0.93,0.0,527.0,252,246,29,48,47,6,497.0,0.02,0.0001,32080.0,,,,
1940,2000,32878,1.5903,0.025,3.0537,5.001,0.0073,0.06,9.22,0.94,0.0,485.0,230,235,20,47,48,4,541.0,0.02,0.0001,32085.0,,,,
1941,2000,32895,1.5276,0.0217,2.9377,5.225,0.0062,0.05,7.23,0.93,0.0,357.0,150,183,24,42,51,7,734.0,0.02,0.0001,30968.0,,,,
1942,2000,32912,1.4192,0.0106,2.7455,5.585,0.0072,0.05,4.62,0.93,0.0,259.0,97,128,34,37,49,13,1012.0,0.01,0.0001,32061.0,,,,
1943,2000,32928,1.4033,0.0075,2.7213,5.657,0.0073,0.05,4.88,0.95,0.0,231.0,66,113,52,29,49,23,1135.0,0.01,0.0001,32072.0,,,,
1944,2000,32944,1.4418,0.0209,2.7691,5.541,0.0081,0.06,5.18,0.93,0.0,281.0,105,122,54,37,43,19,933.0,0.01,0.0001,32124.0,,,,
1945,2000,32961,1.4888,0.0238,2.8603,5.424,0.0086,0.06,4.35,0.92,0.0,369.0,137,144,88,37,39,24,710.0,0.01,0.0001,32051.0,,,,
1946,2000,32977,1.4959,0.0227,2.8743,5.325,0.0075,0.06,7.3,0.94,0.0,350.0,129,147,74,37,42,21,749.0,0.01,0.0001,32050.0,,,,
1947,2000,32994,1.5497,0.0258,2.9734,5.171,0.0093,0.07,8.56,0.92,0.0,392.0,172,175,45,44,45,11,669.0,0.01,0.0001,32140.0,,,,
1948,2000,33010,1.6591,0.0271,3.1884,5.04,0.0063,0.05,22.0,0.92,0.0,435.0,186,204,45,43,47,10,603.0,0.02,0.0001,32061.0,,,,
1949,2000,33027,1.597,0.0251,3.0693,5.072,0.0103,0.07,6.74,0.93,0.0,458.0,163,226,69,36,49,15,572.0,0.02,0.0001,32051.0,100,8,404,20
1950,2000,33058,1.5897,0.0171,3.0682,5.008,0.0073,0.06,9.6,0.94,0.0,416.0,190,193,33,46,46,8,630.0,0.01,0.0001,32182.0,,,,
1951,2000,33074,1.5491,0.0106,3.0021,5.102,0.0078,0.06,8.13,0.93,0.0,370.0,159,182,29,43,49,8,708.0,0.01,0.0001,32055.0,,,,
1952,2000,33091,1.5373,0.009,2.982,5.275,0.0074,0.06,7.55,0.92,0.0,349.0,151,164,34,43,47,10,751.0,0.01,0.0001,32058.0,,,,
1953,2000,33107,1.5472,0.0126,2.9957,5.229,0.007,0.06,8.01,0.92,0.0,390.0,183,154,53,47,39,14,672.0,0.01,0.0001,32038.0,,,,
1954,2000,33124,1.5207,0.0073,2.9542,5.434,0.0069,0.05,9.28,0.92,0.0,353.0,157,156,40,44,44,11,743.0,0.01,0.0001,32038.0,,,,
1955,2000,33140,1.4851,0.015,2.8702,5.562,0.007,0.05,6.36,0.93,0.0,309.0,125,139,45,40,45,15,848.0,0.01,0.0001,32047.0,,,,
1956,2000,33156,1.462,0.0147,2.8236,5.568,0.0071,0.05,5.57,0.93,0.0,277.0,106,131,40,38,47,14,946.0,0.01,0.0001,32040.0,,,,
1957,2000,33173,1.4838,0.0185,2.8598,5.551,0.0064,0.05,7.22,0.92,0.0,314.0,106,155,53,34,49,17,835.0,0.01,0.0001,32061.0,,,,
1958,2000,33189,1.4835,0.0307,2.8362,5.622,0.0104,0.07,4.16,0.93,0.0,349.0,108,179,62,31,51,18,751.0,0.01,0.0001,32071.0,,,,
1959,2000,33206,1.4782,0.0179,2.8497,5.534,0.0092,0.06,5.09,0.93,0.0,319.0,99,166,54,31,52,17,822.0,0.01,0.0001,32143.0,,,,
1960,2000,33222,1.4785,0.0249,2.8366,5.606,0.0087,0.05,7.41,0.93,0.0,307.0,89,162,56,29,53,18,854.0,0.01,0.0001,32075.0,,,,
1961,2000,33239,1.4797,0.0191,2.8523,5.536,0.0081,0.05,6.25,0.93,0.0,310.0,104,130,76,34,42,25,846.0,0.01,0.0001,30991.0,,,,
1962,2000,33255,1.4296,0.0203,2.7502,5.694,0.0088,0.05,5.04,0.91,0.0,251.0,83,113,55,33,45,22,1044.0,0.01,0.0001,32089.0,,,,
1963,2000,33272,1.4063,0.0093,2.7263,5.794,0.0082,0.05,3.74,0.92,0.0,198.0,76,68,54,38,34,27,1324.0,0.03,0.0001,32092.0,,,,
1964,2000,33288,1.4507,0.0102,2.816,5.639,0.0065,0.05,5.84,0.92,0.0,288.0,93,122,73,32,42,25,910.0,0.04,0.0001,32077.0,,,,
1965,2000,33305,1.4866,0.0156,2.873,5.597,0.008,0.05,5.17,0.92,0.0,309.0,138,117,54,45,38,17,848.0,0.03,0.0001,32062.0,,,,
1966,2000,33321,1.539,0.0135,2.9811,5.353,0.0085,0.06,5.78,0.91,0.0,370.0,153,163,54,41,44,15,708.0,0.02,0.0001,32082.0,,,,
1967,2000,33337,1.5558,0.0183,3.0023,5.318,0.0104,0.07,4.17,0.91,0.0,413.0,213,173,27,52,42,7,635.0,0.02,0.0001,32088.0,,,,
1968,2000,33354,1.5843,0.0158,3.0619,5.198,0.0087,0.07,4.45,0.91,0.0,437.0,238,181,18,54,41,4,600.0,0.03,0.0001,32131.0,,,,
1969,2000,33370,1.6111,0.0212,3.1054,5.18,0.0083,0.07,5.93,0.91,0.0,468.0,254,194,20,54,41,4,560.0,0.02,0.0001,32088.0,,,,
1970,2000,33387,1.626,0.0205,3.1355,5.233,0.009,0.06,8.34,0.91,0.0,472.0,236,225,11,50,48,2,555.0,0.02,0.0001,32082.0,,,,
1971,2000,33403,1.5921,0.029,3.0529,5.383,0.0085,0.06,4.92,0.92,0.0,463.0,222,229,12,48,49,3,566.0,0.02,0.0001,32081.0,,,,
1972,2000,33419,1.6113,0.0271,3.0938,5.313,0.0072,0.06,5.04,0.91,0.0,482.0,256,219,7,53,45,1,544.0,0.03,0.0001,32080.0,,,,
1973,2000,33436,1.6383,0.0159,3.1693,5.18,0.0077,0.06,6.28,0.9,0.0,504.0,282,211,11,56,42,2,520.0,0.03,0.0001,32101.0,,,,
1974,2000,33452,1.618,0.0173,3.1264,5.253,0.0082,0.06,5.54,0.9,0.0,482.0,236,240,6,49,50,1,544.0,0.03,0.0001,32109.0,,,,
1975,2000,33469,1.6198,0.0168,3.1311,5.252,0.008,0.06,4.73,0.9,0.0,460.0,228,224,8,50,49,2,570.0,0.03,0.0001,32079.0,,,,
1976,2000,33485,1.5981,0.0197,3.0817,5.285,0.0091,0.07,4.11,0.9,0.0,441.0,238,197,6,54,45,1,594.0,0.02,0.0001,32081.0,,,,
1977,2000,33501,1.5899,0.0062,3.0923,5.275,0.0094,0.07,5.65,0.91,0.0,454.0,210,231,13,46,51,3,577.0,0.02,0.0001,32130.0,,,,
1978,2000,33518,1.5882,0.0115,3.079,5.341,0.0091,0.07,10.42,0.92,0.0,453.0,223,220,10,49,49,2,579.0,0.03,0.0001,32094.0,,,,
1979,2000,33534,1.5167,0.0161,2.929,5.488,0.0076,0.05,4.67,0.94,0.0,355.0,168,173,14,47,49,4,738.0,0.03,0.0001,32075.0,,,,
1980,2000,33551,1.5735,0.0175,3.0388,5.37,0.0091,0.07,3.88,0.91,0.0,418.0,200,211,7,48,50,2,627.0,0.03,0.0001,32078.0,,,,
1981,2000,33568,1.5013,0.0152,2.9006,5.502,0.0098,0.07,3.16,0.93,0.0,341.0,182,149,10,53,44,3,769.0,0.04,0.0001,30972.0,,,,
1982,2000,33584,1.4894,0.0078,2.8949,5.458,0.0112,0.08,2.87,0.93,0.0,305.0,156,126,23,51,41,8,859.0,0.04,0.0001,32057.0,,,,
1983,2000,33600,1.5192,0.006,2.9581,5.54,0.0094,0.06,3.17,0.91,0.0,365.0,195,146,24,53,40,7,718.0,0.04,0.0001,32070.0,,,,
1984,2000,33617,1.558,0.013,3.02,5.469,0.0112,0.08,3.18,0.9,0.0,429.0,220,193,16,51,45,4,611.0,0.04,0.0001,32083.0,,,,
1985,2000,33633,1.5541,0.0118,3.0129,5.488,0.0084,0.06,3.64,0.91,0.0,410.0,192,204,14,47,50,3,639.0,0.02,0.0001,32071.0,,,,
1986,2000,33650,1.5411,0.0034,3.0036,5.504,0.0083,0.06,3.55,0.91,0.0,401.0,198,195,8,49,49,2,654.0,0.02,0.0001,32050.0,,,,
1987,2000,33666,1.576,-0.0002,3.08,5.405,0.0084,0.07,4.01,0.9,0.0,442.0,216,217,9,49,49,2,593.0,0.02,0.0001,32117.0,,,,
1988,2000,33682,1.6093,0.0147,3.1153,5.262,0.0096,0.07,3.64,0.91,0.0,445.0,193,246,6,43,55,1,589.0,0.01,0.0001,32117.0,,,,
1989,2000,33699,1.5963,0.0168,3.0855,5.339,0.0083,0.07,4.53,0.92,0.0,430.0,206,220,4,48,51,1,610.0,0.01,0.0001,32113.0,,,,
1990,2000,33715,1.6184,0.0202,3.1234,5.331,0.0078,0.07,4.33,0.91,0.0,441.0,192,243,6,44,55,1,594.0,0.02,0.0001,32081.0,,,,
1991,2000,33732,1.6166,0.0105,3.139,5.357,0.0076,0.06,4.59,0.91,0.0,468.0,234,232,2,50,50,0,560.0,0.03,0.0001,32068.0,,,,
1992,2000,33748,1.5724,0.0209,3.0309,5.515,0.0083,0.06,4.94,0.92,0.0,397.0,209,187,1,53,47,0,660.0,0.02,0.0001,32059.0,,,,
1993,2000,33764,1.6499,0.0269,3.1735,5.405,0.0076,0.06,6.4,0.91,0.0,484.0,222,257,5,46,53,1,542.0,0.02,0.0001,32071.0,,,,
1994,2000,33781,1.6958,0.0325,3.2536,5.317,0.0082,0.07,4.4,0.91,0.0,578.0,274,299,5,47,52,1,454.0,0.02,0.0001,32051.0,,,,
1995,2000,33797,1.7037,0.0287,3.2767,5.319,0.008,0.06,6.17,0.92,0.0,568.0,243,321,4,43,57,1,462.0,0.02,0.0001,32061.0,,,,
1996,2000,33814,1.7482,0.0222,3.3779,5.222,0.0075,0.06,9.3,0.92,0.0,654.0,284,367,3,43,56,0,401.0,0.03,0.0001,32072.0,,,,
1997,2000,33830,1.7682,0.028,3.4058,5.141,0.0094,0.07,7.35,0.92,0.0,679.0,265,408,6,39,60,1,386.0,0.03,0.0001,32075.0,,,,
1998,2000,33846,1.7203,0.0297,3.3062,5.181,0.0108,0.08,6.06,0.93,0.0,615.0,269,341,5,44,55,1,426.0,0.02,0.0001,32070.0,,,,
1999,2000,33863,1.6603,0.0229,3.2012,5.299,0.0085,0.07,6.88,0.93,0.0,531.0,200,324,7,38,61,1,494.0,0.02,0.0001,32046.0,142,11,359,28
2000,2000,33894,1.6678,0.0173,3.2266,5.204,0.0084,0.07,11.78,0.92,0.0,539.0,223,310,6,41,58,1,486.0,0.04,0.0001,32236.0,,,,
