iteration,total_iterations,elapsed_seconds,loss,pg_loss,vf_loss,entropy,approx_kl,clip_frac,grad_norm,explained_variance,reward,episodes,wins,losses,draws,win_pct,loss_pct,draw_pct,episode_length,cities,lr,sps,eval_wins,eval_losses,eval_draws,eval_win_pct
1,2000,141,1.4939,0.1063,2.4849,6.221,0.0981,0.54,1.41,0.17,0.0,22.0,9,13,0,41,59,0,11916.0,0.03,0.0001,5248.0,,,,
2,2000,166,1.4066,0.0087,2.5688,6.181,0.0356,0.41,1.32,0.02,0.0,98.0,52,46,0,53,47,0,2675.0,0.21,0.0001,21713.0,,,,
3,2000,182,1.3351,0.0064,2.462,6.326,0.0447,0.49,1.21,0.04,0.0,43.0,21,22,0,49,51,0,6096.0,0.45,0.0001,31961.0,,,,
4,2000,199,1.3059,0.0037,2.4291,6.451,0.0525,0.55,1.17,0.05,0.0,358.0,14,14,330,4,4,92,732.0,0.65,0.0001,31956.0,,,,
5,2000,215,1.3104,0.0271,2.3841,6.137,0.0302,0.37,1.13,0.32,0.0,28.0,3,7,18,11,25,64,9362.0,0.3,0.0001,31921.0,,,,
6,2000,232,1.2873,0.0026,2.406,6.344,0.0404,0.46,1.12,0.13,0.0,107.0,9,8,90,8,7,84,2450.0,0.53,0.0001,31910.0,,,,
7,2000,248,1.295,0.0002,2.4346,6.42,0.0364,0.46,1.14,0.07,0.0,70.0,17,12,41,24,17,59,3745.0,0.7,0.0001,31928.0,,,,
8,2000,265,1.2807,-0.0033,2.4204,6.422,0.0321,0.41,1.1,0.07,0.0,358.0,21,4,333,6,1,93,732.0,0.82,0.0001,31915.0,,,,
9,2000,281,1.3127,-0.0036,2.4734,6.146,0.0255,0.37,1.19,0.09,0.0,63.0,32,15,16,51,24,25,4161.0,0.52,0.0001,31919.0,,,,
10,2000,298,1.2964,-0.0036,2.4496,6.175,0.0232,0.36,1.18,0.05,0.0,110.0,34,5,71,31,5,65,2383.0,0.75,0.0001,31949.0,,,,
11,2000,314,1.2744,-0.0032,2.414,6.317,0.0298,0.42,1.12,0.06,0.0,74.0,19,3,52,26,4,70,3542.0,0.8,0.0001,32004.0,,,,
12,2000,331,1.2629,-0.0031,2.3988,6.396,0.0233,0.33,1.15,0.08,0.0,272.0,9,6,257,3,2,94,964.0,1.11,0.0001,31939.0,,,,
13,2000,347,1.2211,-0.036,2.3718,6.102,0.0176,0.27,1.01,0.42,0.0,64.0,2,3,59,3,5,92,4096.0,0.13,0.0001,31903.0,,,,
14,2000,364,1.2415,-0.012,2.3766,6.226,0.0274,0.33,1.01,0.21,0.0,110.0,4,2,104,4,2,95,2383.0,0.16,0.0001,31911.0,,,,
15,2000,380,1.2344,-0.0102,2.3683,6.421,0.0191,0.3,0.82,0.28,0.0,73.0,3,0,70,4,0,96,3591.0,0.22,0.0001,31956.0,,,,
16,2000,396,1.2496,-0.005,2.3875,6.454,0.0348,0.42,1.08,0.11,0.0,272.0,4,6,262,1,2,96,964.0,0.39,0.0001,31944.0,,,,
17,2000,413,1.2393,-0.0202,2.3858,6.109,0.0276,0.38,1.08,0.21,0.0,72.0,4,6,62,6,8,86,3641.0,0.03,0.0001,31935.0,,,,
18,2000,429,1.2614,-0.0055,2.4053,6.261,0.0334,0.43,1.1,0.08,0.0,122.0,8,9,105,7,7,86,2149.0,0.07,0.0001,31946.0,,,,
19,2000,446,1.2637,-0.003,2.41,6.428,0.028,0.39,1.1,0.05,0.0,86.0,8,11,67,9,13,78,3048.0,0.16,0.0001,31935.0,,,,
20,2000,462,1.2715,-0.0043,2.4281,6.389,0.0274,0.39,1.14,0.04,0.0,281.0,10,17,254,4,6,90,933.0,0.32,0.0001,31960.0,,,,
21,2000,479,1.3248,-0.009,2.5346,6.261,0.0186,0.3,1.22,0.03,0.0,125.0,31,45,49,25,36,39,2097.0,0.46,0.0001,30747.0,,,,
22,2000,496,1.4117,-0.0111,2.7162,6.238,0.0125,0.2,1.26,0.01,0.0,272.0,74,109,89,27,40,33,964.0,0.45,0.0001,31926.0,,,,
23,2000,512,1.4021,-0.0102,2.6984,6.263,0.0128,0.22,1.27,0.01,0.0,241.0,94,94,53,39,39,22,1088.0,0.42,0.0001,31996.0,,,,
24,2000,529,1.4227,-0.0075,2.7384,6.301,0.011,0.18,1.27,0.01,0.0,339.0,116,95,128,34,28,38,773.0,0.22,0.0001,31971.0,,,,
25,2000,545,1.4284,-0.0085,2.7525,6.291,0.0124,0.2,1.26,0.01,0.0,248.0,126,91,31,51,37,12,1057.0,0.15,0.0001,31975.0,,,,
26,2000,562,1.4445,-0.0088,2.783,6.246,0.0115,0.19,1.27,0.01,0.0,302.0,122,105,75,40,35,25,868.0,0.22,0.0001,31902.0,,,,
27,2000,578,1.4909,-0.0133,2.8832,6.15,0.012,0.2,1.25,0.0,0.0,364.0,162,128,74,45,35,20,720.0,0.26,0.0001,31941.0,,,,
28,2000,595,1.4723,-0.0123,2.8408,6.027,0.0124,0.21,1.28,0.0,0.0,350.0,155,124,71,44,35,20,749.0,0.33,0.0001,31934.0,,,,
29,2000,611,1.4603,-0.0109,2.8182,6.107,0.012,0.2,1.24,0.0,0.0,323.0,167,97,59,52,30,18,812.0,0.43,0.0001,31934.0,,,,
30,2000,628,1.3825,-0.0075,2.6613,6.234,0.013,0.22,1.22,0.0,0.0,218.0,120,47,51,55,22,23,1202.0,0.52,0.0001,31929.0,,,,
31,2000,644,1.3386,-0.0055,2.5719,6.237,0.0148,0.24,1.2,0.0,0.0,203.0,86,30,87,42,15,43,1291.0,0.58,0.0001,31928.0,,,,
32,2000,661,1.2825,-0.002,2.4546,6.253,0.0197,0.3,1.18,0.01,0.0,153.0,32,16,105,21,10,69,1713.0,0.55,0.0001,31939.0,,,,
33,2000,677,1.2909,-0.0011,2.4706,6.28,0.0267,0.33,1.18,0.01,0.0,161.0,33,19,109,20,12,68,1628.0,0.47,0.0001,31915.0,,,,
34,2000,694,1.2618,0.0004,2.4106,6.227,0.0247,0.37,1.16,0.01,0.0,142.0,7,16,119,5,11,84,1846.0,0.36,0.0001,31932.0,,,,
35,2000,710,1.2658,0.0008,2.4198,6.316,0.0222,0.36,1.16,0.01,0.0,146.0,4,23,119,3,16,82,1796.0,0.31,0.0001,31927.0,,,,
36,2000,727,1.2623,-0.0008,2.416,6.356,0.0186,0.3,1.15,0.01,0.0,135.0,5,19,111,4,14,82,1942.0,0.28,0.0001,31927.0,,,,
37,2000,743,1.2518,-0.0003,2.3961,6.414,0.022,0.32,1.09,0.02,0.0,117.0,2,13,102,2,11,87,2241.0,0.34,0.0001,31946.0,,,,
38,2000,760,1.2477,-0.0008,2.3894,6.385,0.0216,0.32,1.07,0.02,0.0,131.0,3,10,118,2,8,90,2001.0,0.4,0.0001,31914.0,,,,
39,2000,776,1.2459,-0.0012,2.3872,6.363,0.0244,0.37,1.06,0.02,0.0,143.0,4,7,132,3,5,92,1833.0,0.45,0.0001,31932.0,,,,
40,2000,793,1.2545,0.0003,2.3999,6.398,0.0307,0.38,1.08,0.01,0.0,142.0,12,5,125,8,4,88,1846.0,0.49,0.0001,31928.0,,,,
41,2000,810,1.2804,0.0003,2.4514,6.339,0.0186,0.3,1.18,0.0,0.0,152.0,21,18,113,14,12,74,1725.0,0.57,0.0001,30800.0,,,,
42,2000,826,1.2919,0.0001,2.4725,6.272,0.0173,0.28,1.2,0.0,0.0,171.0,16,31,124,9,18,73,1533.0,0.61,0.0001,31935.0,,,,
43,2000,843,1.2928,0.0002,2.474,6.268,0.0168,0.26,1.17,0.0,0.0,164.0,20,29,115,12,18,70,1598.0,0.57,0.0001,31927.0,,,,
44,2000,859,1.2844,-0.0012,2.4593,6.22,0.0146,0.24,1.19,0.0,0.0,145.0,9,35,101,6,24,70,1808.0,0.6,0.0001,32002.0,,,,
45,2000,876,1.2846,-0.0008,2.4609,6.283,0.0156,0.25,1.16,0.0,0.0,142.0,19,25,98,13,18,69,1846.0,0.7,0.0001,31946.0,,,,
46,2000,892,1.265,0.0004,2.4196,6.309,0.0161,0.25,1.15,0.0,0.0,141.0,12,12,117,9,9,83,1859.0,0.7,0.0001,31934.0,,,,
47,2000,909,1.2828,0.0003,2.4548,6.297,0.0148,0.23,1.16,0.0,0.0,156.0,18,21,117,12,13,75,1680.0,0.62,0.0001,31934.0,,,,
48,2000,925,1.2663,0.0003,2.4218,6.32,0.0155,0.27,1.18,0.0,0.0,134.0,9,17,108,7,13,81,1956.0,0.44,0.0001,31945.0,,,,
49,2000,942,1.2932,-0.0006,2.4775,6.302,0.0144,0.25,1.19,0.0,0.0,158.0,10,40,108,6,25,68,1659.0,0.34,0.0001,31928.0,57,245,210,11
50,2000,973,1.3022,0.0001,2.4945,6.267,0.0135,0.23,1.21,0.0,0.0,165.0,5,53,107,3,32,65,1589.0,0.33,0.0001,32153.0,,,,
51,2000,990,1.3692,-0.0013,2.6304,6.181,0.0117,0.19,1.24,0.0,0.0,233.0,16,112,105,7,48,45,1125.0,0.35,0.0001,31921.0,,,,
52,2000,1006,1.3758,-0.0017,2.6413,6.15,0.0121,0.2,1.24,0.02,0.0,225.0,18,117,90,8,52,40,1165.0,0.48,0.0001,31930.0,,,,
53,2000,1023,1.4153,-0.0015,2.7229,6.216,0.0091,0.14,1.38,0.07,0.0,278.0,47,142,89,17,51,32,943.0,0.6,0.0001,31932.0,,,,
54,2000,1039,1.5109,0.0036,2.8995,6.082,0.0087,0.13,1.75,0.5,0.0,309.0,84,173,52,27,56,17,848.0,0.7,0.0001,31913.0,,,,
55,2000,1055,1.4656,0.0025,2.8111,6.101,0.0077,0.09,2.48,0.72,0.0,282.0,106,105,71,38,37,25,930.0,0.79,0.0001,31998.0,,,,
56,2000,1072,1.4491,0.004,2.7765,6.059,0.0084,0.11,3.17,0.81,0.0,241.0,125,62,54,52,26,22,1088.0,0.82,0.0001,31913.0,,,,
57,2000,1088,1.4248,-0.0034,2.7442,6.08,0.0067,0.08,3.93,0.85,0.0,250.0,147,35,68,59,14,27,1049.0,0.86,0.0001,31970.0,,,,
58,2000,1105,1.4016,-0.0095,2.7113,6.079,0.0057,0.06,4.83,0.89,0.0,236.0,134,26,76,57,11,32,1111.0,0.89,0.0001,31917.0,,,,
59,2000,1121,1.3858,-0.0066,2.6723,6.047,0.0055,0.05,6.52,0.92,0.0,211.0,99,24,88,47,11,42,1242.0,0.94,0.0001,31972.0,,,,
60,2000,1138,1.3587,-0.0116,2.6321,6.036,0.0065,0.08,6.44,0.9,0.0,187.0,105,5,77,56,3,41,1402.0,1.09,0.0001,31911.0,,,,
61,2000,1155,1.3691,-0.0011,2.6326,6.083,0.0072,0.1,5.88,0.86,0.0,170.0,57,12,101,34,7,59,1542.0,1.19,0.0001,30756.0,,,,
62,2000,1171,1.3729,0.0014,2.6347,6.101,0.005,0.04,7.32,0.82,0.0,174.0,57,13,104,33,7,60,1507.0,1.19,0.0001,31894.0,,,,
63,2000,1188,1.3878,0.0059,2.6556,6.108,0.0067,0.07,7.52,0.78,0.0,191.0,66,24,101,35,13,53,1372.0,1.02,0.0001,31875.0,,,,
64,2000,1204,1.4017,0.0093,2.6769,6.163,0.0055,0.06,9.56,0.76,0.0,208.0,64,34,110,31,16,53,1260.0,0.74,0.0001,31948.0,,,,
65,2000,1221,1.3673,0.001,2.6233,6.173,0.0085,0.12,9.06,0.76,0.0,191.0,62,22,107,32,12,56,1372.0,0.59,0.0001,31888.0,,,,
66,2000,1237,1.374,0.0051,2.6297,6.251,0.0054,0.05,10.06,0.71,0.0,204.0,82,23,99,40,11,49,1285.0,0.49,0.0001,31964.0,,,,
67,2000,1254,1.3565,0.003,2.5967,6.198,0.0063,0.07,11.42,0.79,0.0,194.0,56,20,118,29,10,61,1351.0,0.39,0.0001,31969.0,,,,
68,2000,1270,1.346,0.0051,2.5699,6.175,0.0073,0.1,9.72,0.82,0.0,199.0,52,18,129,26,9,65,1317.0,0.31,0.0001,31890.0,,,,
69,2000,1287,1.3208,0.0112,2.5047,6.237,0.0066,0.08,10.25,0.95,0.0,120.0,16,8,96,13,7,80,2185.0,0.29,0.0001,31881.0,,,,
70,2000,1303,1.3444,0.0177,2.5395,6.244,0.0075,0.09,10.96,0.95,0.0,148.0,7,25,116,5,17,78,1771.0,0.32,0.0001,31967.0,,,,
71,2000,1320,1.3515,0.0154,2.5592,6.213,0.0096,0.14,5.96,0.94,0.0,169.0,11,28,130,7,17,77,1551.0,0.37,0.0001,31913.0,,,,
72,2000,1336,1.3549,0.0159,2.5669,6.183,0.009,0.12,5.63,0.94,0.0,185.0,16,36,133,9,19,72,1417.0,0.4,0.0001,31966.0,,,,
73,2000,1353,1.3588,0.0201,2.5675,6.208,0.0071,0.08,8.55,0.95,0.0,136.0,16,29,91,12,21,67,1928.0,0.43,0.0001,31884.0,,,,
74,2000,1369,1.3834,0.0074,2.6436,6.182,0.0069,0.08,8.97,0.93,0.0,192.0,24,60,108,12,31,56,1365.0,0.45,0.0001,31881.0,,,,
75,2000,1386,1.3927,0.0092,2.6588,6.15,0.0106,0.14,5.49,0.91,0.0,210.0,43,51,116,20,24,55,1248.0,0.39,0.0001,31887.0,,,,
76,2000,1402,1.3948,0.0032,2.677,6.108,0.0121,0.17,4.9,0.9,0.0,232.0,36,75,121,16,32,52,1130.0,0.34,0.0001,31893.0,,,,
77,2000,1419,1.371,-0.009,2.6526,6.091,0.0128,0.19,4.97,0.89,0.0,182.0,37,74,71,20,41,39,1440.0,0.33,0.0001,31886.0,,,,
78,2000,1435,1.3319,-0.0154,2.5874,6.085,0.0106,0.15,3.42,0.88,0.0,200.0,9,94,97,4,47,48,1311.0,0.34,0.0001,31884.0,,,,
79,2000,1452,1.3247,-0.0263,2.5948,6.029,0.0123,0.16,3.62,0.87,0.0,232.0,19,98,115,8,42,50,1130.0,0.36,0.0001,31980.0,,,,
80,2000,1468,1.3141,-0.0166,2.5541,6.007,0.0129,0.18,2.33,0.9,0.0,211.0,14,71,126,7,34,60,1242.0,0.35,0.0001,31870.0,,,,
81,2000,1485,1.2767,-0.0202,2.4849,6.1,0.0134,0.19,2.02,0.92,0.0,149.0,18,26,105,12,17,70,1759.0,0.31,0.0001,30833.0,,,,
82,2000,1502,1.2966,0.0044,2.4771,6.18,0.0146,0.22,2.33,0.9,0.0,146.0,27,9,110,18,6,75,1796.0,0.37,0.0001,31898.0,,,,
83,2000,1518,1.2938,0.006,2.4659,6.159,0.0134,0.21,1.57,0.9,0.0,163.0,30,5,128,18,3,79,1608.0,0.52,0.0001,31899.0,,,,
84,2000,1535,1.2868,0.0036,2.4533,6.16,0.012,0.18,1.77,0.93,0.0,155.0,15,13,127,10,8,82,1691.0,0.63,0.0001,31873.0,,,,
85,2000,1551,1.2852,0.0024,2.4517,6.17,0.0111,0.16,1.71,0.93,0.0,134.0,13,16,105,10,12,78,1956.0,0.57,0.0001,31866.0,,,,
86,2000,1568,1.309,0.0131,2.4814,6.151,0.0118,0.17,1.56,0.89,0.0,157.0,29,18,110,18,11,70,1670.0,0.59,0.0001,31917.0,,,,
87,2000,1584,1.3073,0.0155,2.4699,6.098,0.0139,0.22,1.35,0.89,0.0,168.0,28,16,124,17,10,74,1560.0,0.73,0.0001,31941.0,,,,
88,2000,1601,1.3496,0.0235,2.5427,6.072,0.0113,0.17,1.37,0.81,0.0,208.0,43,43,122,21,21,59,1260.0,0.83,0.0001,31996.0,,,,
89,2000,1617,1.3474,0.0203,2.5466,6.116,0.0119,0.19,1.3,0.78,0.0,200.0,49,45,106,24,22,53,1311.0,0.94,0.0001,31928.0,,,,
90,2000,1634,1.3558,0.0214,2.5624,6.099,0.0104,0.15,1.31,0.75,0.0,218.0,55,45,118,25,21,54,1202.0,1.05,0.0001,31948.0,,,,
91,2000,1650,1.3679,0.026,2.5782,6.097,0.009,0.13,1.34,0.74,0.0,218.0,52,57,109,24,26,50,1202.0,0.97,0.0001,31960.0,,,,
92,2000,1667,1.3531,0.0267,2.5472,6.099,0.0085,0.11,1.52,0.75,0.0,207.0,45,48,114,22,23,55,1266.0,0.82,0.0001,31986.0,,,,
93,2000,1683,1.3521,0.0215,2.5547,6.062,0.0104,0.16,1.45,0.76,0.0,203.0,45,45,113,22,22,56,1291.0,0.75,0.0001,31932.0,,,,
94,2000,1700,1.348,0.0233,2.5465,6.079,0.0115,0.18,1.41,0.71,0.0,188.0,57,34,97,30,18,52,1394.0,0.83,0.0001,31929.0,,,,
95,2000,1716,1.3536,0.0222,2.5588,6.008,0.0106,0.17,1.35,0.69,0.0,209.0,63,38,108,30,18,52,1254.0,0.81,0.0001,31938.0,,,,
96,2000,1733,1.397,0.0224,2.6455,5.886,0.0091,0.14,1.37,0.63,0.0,264.0,86,63,115,33,24,44,993.0,0.76,0.0001,31935.0,,,,
97,2000,1749,1.4365,0.0204,2.7277,5.802,0.0095,0.14,1.34,0.58,0.0,306.0,100,95,111,33,31,36,857.0,0.63,0.0001,31981.0,,,,
98,2000,1766,1.416,0.024,2.682,5.87,0.009,0.13,1.35,0.62,0.0,259.0,93,83,83,36,32,32,1012.0,0.54,0.0001,31927.0,,,,
99,2000,1782,1.4329,0.0223,2.7187,5.806,0.0094,0.14,1.48,0.62,0.0,307.0,92,113,102,30,37,33,854.0,0.48,0.0001,31945.0,42,231,239,8
100,2000,1813,1.4268,0.0237,2.7043,5.841,0.0089,0.13,1.42,0.65,0.0,307.0,81,116,110,26,38,36,854.0,0.34,0.0001,32078.0,,,,
101,2000,1831,1.3992,0.0334,2.6258,5.775,0.01,0.15,1.59,0.74,0.0,217.0,31,79,107,14,36,49,1208.0,0.28,0.0001,30815.0,,,,
102,2000,1847,1.3911,0.0337,2.611,5.815,0.0103,0.16,1.39,0.75,0.0,193.0,35,74,84,18,38,44,1358.0,0.3,0.0001,31867.0,,,,
103,2000,1863,1.3873,0.0327,2.6051,5.802,0.0101,0.15,1.38,0.75,0.0,214.0,40,67,107,19,31,50,1225.0,0.44,0.0001,31986.0,,,,
104,2000,1880,1.3828,0.0275,2.6086,5.843,0.01,0.16,1.42,0.74,0.0,208.0,28,85,95,13,41,46,1260.0,0.68,0.0001,31886.0,,,,
105,2000,1896,1.3827,0.0269,2.6105,5.815,0.0105,0.16,1.5,0.71,0.0,199.0,46,67,86,23,34,43,1317.0,0.87,0.0001,31957.0,,,,
106,2000,1913,1.4217,0.0266,2.6903,5.793,0.0099,0.15,1.38,0.61,0.0,253.0,62,101,90,25,40,36,1036.0,0.96,0.0001,31878.0,,,,
107,2000,1929,1.453,0.0258,2.753,5.641,0.0094,0.14,1.39,0.58,0.0,294.0,70,125,99,24,43,34,892.0,0.96,0.0001,31941.0,,,,
108,2000,1946,1.4666,0.0259,2.7791,5.565,0.0091,0.14,1.37,0.54,0.0,302.0,96,115,91,32,38,30,868.0,1.01,0.0001,31885.0,,,,
109,2000,1962,1.4521,0.0212,2.7613,5.587,0.0092,0.14,1.44,0.56,0.0,270.0,97,98,75,36,36,28,971.0,1.08,0.0001,31860.0,,,,
110,2000,1979,1.5261,0.0176,2.9146,5.452,0.0086,0.12,1.53,0.47,0.0,373.0,154,130,89,41,35,24,703.0,1.11,0.0001,31949.0,,,,
111,2000,1995,1.5718,0.0122,3.0157,5.381,0.0089,0.12,1.49,0.48,0.0,449.0,210,150,89,47,33,20,584.0,1.01,0.0001,31888.0,,,,
112,2000,2012,1.6653,0.01,3.2061,5.307,0.0093,0.13,1.53,0.52,0.0,567.0,315,170,82,56,30,14,462.0,0.84,0.0001,31866.0,,,,
113,2000,2028,1.6457,0.0138,3.1591,5.252,0.0089,0.12,1.9,0.57,0.0,518.0,294,158,66,57,31,13,506.0,0.77,0.0001,31875.0,,,,
114,2000,2045,1.6122,0.0137,3.0937,5.321,0.0086,0.12,2.3,0.66,0.0,459.0,257,146,56,56,32,12,571.0,0.82,0.0001,31858.0,,,,
115,2000,2061,1.5882,0.0072,3.0591,5.326,0.0091,0.12,2.16,0.72,0.0,447.0,249,137,61,56,31,14,586.0,0.84,0.0001,31856.0,,,,
116,2000,2078,1.5325,0.0035,2.9579,5.405,0.0096,0.13,2.53,0.78,0.0,382.0,233,88,61,61,23,16,686.0,0.98,0.0001,31869.0,,,,
117,2000,2094,1.5388,0.0021,2.9737,5.444,0.0089,0.12,2.77,0.78,0.0,408.0,236,90,82,58,22,20,643.0,0.97,0.0001,31862.0,,,,
118,2000,2111,1.4802,0.0001,2.8647,5.557,0.0083,0.11,2.9,0.81,0.0,333.0,172,88,73,52,26,22,787.0,0.96,0.0001,31861.0,,,,
119,2000,2127,1.4441,0.0034,2.788,5.59,0.0073,0.09,3.25,0.83,0.0,299.0,160,59,80,54,20,27,877.0,0.99,0.0001,31964.0,,,,
120,2000,2144,1.4206,0.0007,2.7493,5.657,0.0089,0.12,3.94,0.86,0.0,260.0,141,46,73,54,18,28,1008.0,1.07,0.0001,31865.0,,,,
121,2000,2161,1.4927,0.0053,2.8811,5.524,0.0081,0.11,3.48,0.82,0.0,307.0,154,45,108,50,15,35,854.0,1.07,0.0001,30786.0,,,,
122,2000,2178,1.4577,0.0189,2.7834,5.534,0.0082,0.11,4.92,0.88,0.0,246.0,112,41,93,46,17,38,1066.0,1.16,0.0001,31885.0,,,,
123,2000,2194,1.466,0.0198,2.7973,5.502,0.0075,0.1,4.62,0.87,0.0,281.0,128,62,91,46,22,32,933.0,1.13,0.0001,31909.0,,,,
124,2000,2211,1.4465,0.0245,2.752,5.572,0.0062,0.07,6.4,0.91,0.0,247.0,94,61,92,38,25,37,1061.0,1.16,0.0001,31901.0,,,,
125,2000,2227,1.5155,0.0317,2.8756,5.457,0.0049,0.05,7.85,0.88,0.0,319.0,127,76,116,40,24,36,822.0,1.11,0.0001,31922.0,,,,
126,2000,2243,1.5446,0.0411,2.9121,5.323,0.0089,0.12,3.34,0.88,0.0,337.0,144,100,93,43,30,28,778.0,1.05,0.0001,31908.0,,,,
127,2000,2260,1.5562,0.0388,2.9441,5.309,0.0103,0.14,3.49,0.9,0.0,357.0,152,105,100,43,29,28,734.0,0.82,0.0001,31875.0,,,,
128,2000,2276,1.5284,0.0347,2.8936,5.344,0.009,0.12,5.11,0.91,0.0,297.0,120,110,67,40,37,23,883.0,0.71,0.0001,31892.0,,,,
129,2000,2293,1.5285,0.0314,2.9028,5.383,0.0085,0.12,4.38,0.9,0.0,321.0,119,115,87,37,36,27,817.0,0.58,0.0001,31866.0,,,,
130,2000,2310,1.5149,0.0331,2.8709,5.355,0.0081,0.11,4.57,0.9,0.0,278.0,93,108,77,33,39,28,943.0,0.4,0.0001,31855.0,,,,
131,2000,2326,1.5168,0.0359,2.8689,5.394,0.0087,0.11,4.41,0.89,0.0,271.0,70,122,79,26,45,29,967.0,0.28,0.0001,31941.0,,,,
132,2000,2343,1.5235,0.0327,2.8902,5.349,0.0087,0.12,3.57,0.88,0.0,303.0,70,144,89,23,48,29,865.0,0.26,0.0001,31901.0,,,,
133,2000,2359,1.5553,0.0392,2.9394,5.296,0.0107,0.15,3.53,0.86,0.0,337.0,81,159,97,24,47,29,778.0,0.26,0.0001,31874.0,,,,
134,2000,2376,1.5678,0.0425,2.9561,5.261,0.0094,0.13,4.51,0.86,0.0,341.0,85,175,81,25,51,24,769.0,0.26,0.0001,31881.0,,,,
135,2000,2392,1.567,0.0404,2.956,5.235,0.009,0.12,4.75,0.88,0.0,337.0,75,187,75,22,55,22,778.0,0.3,0.0001,31861.0,,,,
136,2000,2409,1.6656,0.0477,3.1349,5.084,0.0094,0.13,3.88,0.85,0.0,454.0,92,283,79,20,62,17,577.0,0.33,0.0001,31880.0,,,,
137,2000,2425,1.6999,0.0476,3.2013,5.018,0.008,0.1,5.64,0.88,0.0,463.0,120,272,71,26,59,15,566.0,0.4,0.0001,31917.0,,,,
138,2000,2442,1.7013,0.0404,3.2169,4.998,0.0081,0.11,5.04,0.88,0.0,480.0,135,268,77,28,56,16,546.0,0.4,0.0001,31859.0,,,,
139,2000,2458,1.7104,0.0435,3.2272,4.928,0.0081,0.11,5.77,0.88,0.0,472.0,134,288,50,28,61,11,555.0,0.4,0.0001,31911.0,,,,
140,2000,2475,1.7035,0.033,3.2342,4.915,0.0076,0.1,8.41,0.92,0.0,436.0,133,244,59,31,56,14,601.0,0.45,0.0001,31857.0,,,,
141,2000,2492,1.6173,-0.002,3.1373,4.998,0.0076,0.1,7.02,0.93,0.0,339.0,107,171,61,32,50,18,773.0,0.46,0.0001,30695.0,,,,
142,2000,2508,1.5545,-0.0006,3.0165,5.296,0.0058,0.06,17.32,0.96,0.0,224.0,69,89,66,31,40,29,1170.0,0.5,0.0001,31831.0,,,,
143,2000,2525,1.5142,0.0033,2.9318,5.357,0.0079,0.1,14.81,0.96,0.0,236.0,82,79,75,35,33,32,1111.0,0.48,0.0001,31851.0,,,,
144,2000,2541,1.4601,0.0083,2.8129,5.469,0.0076,0.1,12.35,0.97,0.0,168.0,61,57,50,36,34,30,1560.0,0.57,0.0001,31839.0,,,,
145,2000,2558,1.4662,0.007,2.828,5.242,0.0097,0.13,7.16,0.95,0.0,300.0,78,85,137,26,28,46,874.0,0.62,0.0001,31851.0,,,,
146,2000,2574,1.5,0.0023,2.9018,5.254,0.0055,0.06,12.85,0.93,0.0,280.0,96,90,94,34,32,34,936.0,0.58,0.0001,31834.0,,,,
147,2000,2591,1.5019,0.0116,2.8854,5.326,0.0085,0.11,13.49,0.94,0.0,261.0,89,77,95,34,30,36,1004.0,0.49,0.0001,31842.0,,,,
148,2000,2607,1.4845,0.0181,2.8377,5.418,0.0093,0.12,13.03,0.95,0.0,209.0,69,82,58,33,39,28,1254.0,0.52,0.0001,31831.0,,,,
149,2000,2624,1.4676,0.0153,2.8091,5.401,0.0073,0.09,12.16,0.95,0.0,242.0,59,96,87,24,40,36,1083.0,0.55,0.0001,31835.0,150,203,159,29
150,2000,2655,1.4632,0.0262,2.7773,5.364,0.0107,0.15,9.59,0.95,0.0,231.0,64,73,94,28,32,41,1135.0,0.57,0.0001,32067.0,,,,
151,2000,2672,1.4647,0.0218,2.7878,5.314,0.0103,0.14,6.76,0.95,0.0,252.0,76,84,92,30,33,37,1040.0,0.65,0.0001,31847.0,,,,
152,2000,2688,1.4781,0.0239,2.8113,5.344,0.0089,0.12,8.15,0.96,0.0,229.0,82,67,80,36,29,35,1145.0,0.7,0.0001,31845.0,,,,
153,2000,2705,1.4353,0.0211,2.7295,5.351,0.013,0.19,5.55,0.96,0.0,224.0,67,56,101,30,25,45,1170.0,0.71,0.0001,31929.0,,,,
154,2000,2721,1.481,0.0258,2.815,5.276,0.0108,0.16,5.64,0.94,0.0,264.0,85,87,92,32,33,35,993.0,0.63,0.0001,31857.0,,,,
155,2000,2738,1.439,0.01,2.7627,5.382,0.0064,0.07,10.67,0.96,0.0,232.0,79,64,89,34,28,38,1130.0,0.73,0.0001,31885.0,,,,
156,2000,2754,1.4467,0.0193,2.7582,5.276,0.0104,0.14,6.13,0.96,0.0,241.0,93,55,93,39,23,39,1088.0,0.73,0.0001,31864.0,,,,
157,2000,2771,1.4854,0.0107,2.8514,5.178,0.0081,0.11,8.98,0.96,0.0,258.0,116,48,94,45,19,36,1016.0,0.73,0.0001,31925.0,,,,
158,2000,2787,1.5251,0.0103,2.9289,5.075,0.0084,0.11,7.99,0.95,0.0,338.0,147,90,101,43,27,30,776.0,0.64,0.0001,31890.0,,,,
159,2000,2804,1.4768,0.0079,2.8381,5.115,0.0103,0.14,7.71,0.96,0.0,274.0,119,72,83,43,26,30,957.0,0.56,0.0001,31950.0,,,,
160,2000,2820,1.4992,0.0175,2.8628,5.108,0.0116,0.16,7.13,0.96,0.0,281.0,120,73,88,43,26,31,933.0,0.63,0.0001,31874.0,,,,
161,2000,2837,1.5599,0.0463,2.9237,4.955,0.0103,0.15,6.04,0.96,0.0,284.0,114,87,83,40,31,29,923.0,0.69,0.0001,30823.0,,,,
162,2000,2854,1.5968,0.0523,2.9847,4.878,0.0118,0.17,5.04,0.95,0.0,386.0,153,116,117,40,30,30,679.0,0.81,0.0001,31876.0,,,,
163,2000,2870,1.6628,0.0555,3.1085,4.725,0.0112,0.16,5.9,0.94,0.0,440.0,192,162,86,44,37,20,596.0,0.84,0.0001,31878.0,,,,
164,2000,2887,1.7495,0.0607,3.2682,4.58,0.0111,0.16,4.61,0.92,0.0,606.0,309,217,80,51,36,13,433.0,0.81,0.0001,31878.0,,,,
165,2000,2903,1.8,0.0663,3.3547,4.398,0.0114,0.17,3.11,0.91,0.0,710.0,385,275,50,54,39,7,369.0,0.77,0.0001,31877.0,,,,
166,2000,2920,1.778,0.0592,3.3239,4.346,0.0106,0.15,3.38,0.93,0.0,669.0,342,283,44,51,42,7,392.0,0.73,0.0001,31877.0,,,,
167,2000,2936,1.7703,0.0522,3.3228,4.364,0.0103,0.14,3.23,0.93,0.0,704.0,372,289,43,53,41,6,372.0,0.68,0.0001,31866.0,,,,
168,2000,2953,1.7729,0.0508,3.3291,4.287,0.0111,0.16,3.16,0.92,0.0,769.0,421,302,46,55,39,6,341.0,0.55,0.0001,31865.0,,,,
169,2000,2969,1.726,0.0402,3.2555,4.3,0.0095,0.13,4.16,0.93,0.0,678.0,371,266,41,55,39,6,387.0,0.54,0.0001,31905.0,,,,
170,2000,2986,1.692,0.0285,3.2102,4.284,0.0095,0.13,3.7,0.94,0.0,669.0,349,277,43,52,41,6,392.0,0.53,0.0001,31853.0,,,,
171,2000,3002,1.6523,-0.0017,3.1939,4.43,0.0088,0.12,6.07,0.94,0.0,551.0,281,232,38,51,42,7,476.0,0.6,0.0001,31871.0,,,,
172,2000,3019,1.646,-0.0082,3.194,4.373,0.0094,0.13,4.53,0.94,0.0,588.0,306,229,53,52,39,9,446.0,0.64,0.0001,31876.0,,,,
173,2000,3035,1.665,-0.0063,3.2273,4.316,0.0098,0.14,4.2,0.94,0.0,579.0,281,254,44,49,44,8,453.0,0.66,0.0001,31877.0,,,,
174,2000,3052,1.6593,-0.0179,3.2402,4.295,0.0085,0.11,4.51,0.93,0.0,537.0,257,230,50,48,43,9,488.0,0.62,0.0001,31884.0,,,,
175,2000,3068,1.6471,-0.024,3.2264,4.216,0.0104,0.15,4.15,0.93,0.0,523.0,245,231,47,47,44,9,501.0,0.56,0.0001,31871.0,,,,
176,2000,3085,1.6215,-0.0336,3.1955,4.348,0.0089,0.12,5.06,0.94,0.0,475.0,211,210,54,44,44,11,552.0,0.59,0.0001,31940.0,,,,
177,2000,3101,1.6127,-0.0363,3.1838,4.342,0.0085,0.11,5.37,0.94,0.0,453.0,198,211,44,44,47,10,579.0,0.66,0.0001,31877.0,,,,
178,2000,3118,1.6408,-0.0177,3.2005,4.293,0.0102,0.14,4.33,0.93,0.0,494.0,182,256,56,37,52,11,531.0,0.72,0.0001,31879.0,,,,
179,2000,3134,1.669,-0.024,3.2653,4.122,0.0097,0.13,4.3,0.92,0.0,587.0,239,285,63,41,49,11,447.0,0.59,0.0001,31936.0,,,,
180,2000,3151,1.674,0.0002,3.2286,4.181,0.0097,0.13,4.13,0.92,0.0,537.0,242,249,46,45,46,9,488.0,0.47,0.0001,31947.0,,,,
181,2000,3168,1.8058,0.0292,3.4397,4.213,0.0109,0.15,4.55,0.87,0.0,450.0,213,186,51,47,41,11,583.0,0.49,0.0001,30749.0,,,,
182,2000,3184,1.7239,0.0044,3.3305,4.397,0.01,0.14,3.51,0.87,0.0,455.0,221,175,59,49,38,13,576.0,0.46,0.0001,31897.0,,,,
183,2000,3201,1.6696,-0.0107,3.2526,4.49,0.0088,0.12,4.93,0.89,0.0,439.0,218,155,66,50,35,15,597.0,0.49,0.0001,31902.0,,,,
184,2000,3218,1.652,-0.0007,3.1972,4.494,0.0096,0.14,3.87,0.88,0.0,423.0,211,155,57,50,37,13,620.0,0.56,0.0001,31878.0,,,,
185,2000,3234,1.6717,0.0007,3.2319,4.463,0.0086,0.12,3.57,0.88,0.0,465.0,215,208,42,46,45,9,564.0,0.61,0.0001,31874.0,,,,
186,2000,3251,1.6407,-0.0174,3.2047,4.455,0.0097,0.14,4.25,0.88,0.0,496.0,222,218,56,45,44,11,529.0,0.64,0.0001,31876.0,,,,
187,2000,3267,1.6485,-0.033,3.2501,4.381,0.0089,0.13,3.7,0.87,0.0,503.0,199,262,42,40,52,8,521.0,0.64,0.0001,31877.0,,,,
188,2000,3284,1.628,-0.0541,3.2464,4.245,0.0087,0.12,4.74,0.88,0.0,535.0,195,285,55,36,53,10,490.0,0.55,0.0001,31934.0,,,,
189,2000,3300,1.6239,-0.0648,3.2581,4.133,0.0082,0.11,5.13,0.88,0.0,576.0,217,317,42,38,55,7,455.0,0.49,0.0001,31874.0,,,,
190,2000,3317,1.5982,-0.0532,3.1843,4.175,0.0079,0.1,4.98,0.89,0.0,524.0,194,292,38,37,56,7,500.0,0.46,0.0001,31933.0,,,,
191,2000,3333,1.5673,-0.0483,3.1141,4.254,0.0076,0.1,5.81,0.9,0.0,439.0,160,241,38,36,55,9,597.0,0.49,0.0001,31866.0,,,,
192,2000,3350,1.5639,-0.0417,3.0995,4.431,0.0067,0.08,6.67,0.89,0.0,379.0,148,201,30,39,53,8,692.0,0.45,0.0001,31875.0,,,,
193,2000,3366,1.558,-0.0342,3.0769,4.514,0.0085,0.12,4.87,0.89,0.0,396.0,132,210,54,33,53,14,662.0,0.42,0.0001,31868.0,,,,
194,2000,3383,1.5583,-0.0262,3.0617,4.512,0.0083,0.11,5.44,0.91,0.0,377.0,132,205,40,35,54,11,695.0,0.38,0.0001,31874.0,,,,
195,2000,3399,1.6319,-0.0192,3.1944,4.438,0.0088,0.12,5.61,0.89,0.0,447.0,162,232,53,36,52,12,586.0,0.33,0.0001,31873.0,,,,
196,2000,3416,1.6205,-0.0143,3.1633,4.604,0.0078,0.1,6.98,0.88,0.0,414.0,147,223,44,36,54,11,633.0,0.33,0.0001,31881.0,,,,
197,2000,3432,1.6288,-0.005,3.1613,4.571,0.0087,0.12,6.46,0.89,0.0,458.0,130,268,60,28,59,13,572.0,0.4,0.0001,31873.0,,,,
198,2000,3449,1.6264,-0.0061,3.1587,4.644,0.0072,0.09,10.47,0.9,0.0,441.0,146,237,58,33,54,13,594.0,0.45,0.0001,31870.0,,,,
199,2000,3465,1.6067,-0.0015,3.1091,4.69,0.0091,0.12,6.38,0.91,0.0,413.0,150,201,62,36,49,15,635.0,0.62,0.0001,31876.0,171,176,165,33
200,2000,3497,1.6634,0.0048,3.2079,4.482,0.0103,0.14,5.13,0.91,0.0,517.0,183,258,76,35,50,15,507.0,0.66,0.0001,31998.0,,,,
201,2000,3514,1.6638,0.0004,3.223,4.38,0.0098,0.13,4.73,0.9,0.0,435.0,156,194,85,36,45,20,603.0,0.68,0.0001,30776.0,,,,
202,2000,3530,1.6092,-0.0022,3.117,4.366,0.0099,0.13,4.63,0.91,0.0,386.0,160,147,79,41,38,20,679.0,0.75,0.0001,31829.0,,,,
203,2000,3547,1.5975,-0.0139,3.1169,4.373,0.0101,0.14,4.27,0.93,0.0,400.0,205,137,58,51,34,14,655.0,0.73,0.0001,31876.0,,,,
204,2000,3563,1.5771,-0.0212,3.0927,4.414,0.0095,0.13,4.17,0.93,0.0,429.0,181,171,77,42,40,18,611.0,0.77,0.0001,31879.0,,,,
205,2000,3580,1.6046,-0.0419,3.1918,4.442,0.0113,0.16,3.33,0.91,0.0,515.0,205,219,91,40,43,18,509.0,0.66,0.0001,31857.0,,,,
206,2000,3596,1.6369,-0.0354,3.2428,4.491,0.0098,0.14,3.8,0.91,0.0,546.0,162,314,70,30,58,13,480.0,0.59,0.0001,31879.0,,,,
207,2000,3613,1.6444,-0.0286,3.2409,4.483,0.01,0.15,4.03,0.92,0.0,558.0,175,339,44,31,61,8,470.0,0.59,0.0001,31876.0,,,,
208,2000,3629,1.6557,-0.0294,3.2647,4.409,0.009,0.13,3.62,0.93,0.0,566.0,213,315,38,38,56,7,463.0,0.63,0.0001,31906.0,,,,
209,2000,3646,1.6817,-0.0259,3.3101,4.365,0.0084,0.11,4.54,0.93,0.0,621.0,265,304,52,43,49,8,422.0,0.66,0.0001,31889.0,,,,
210,2000,3662,1.6916,-0.0178,3.3125,4.209,0.01,0.14,3.47,0.94,0.0,642.0,322,267,53,50,42,8,408.0,0.67,0.0001,31929.0,,,,
211,2000,3679,1.71,-0.0204,3.354,4.217,0.009,0.12,4.3,0.93,0.0,680.0,346,274,60,51,40,9,386.0,0.62,0.0001,31868.0,,,,
212,2000,3695,1.6856,-0.0231,3.3092,4.231,0.0098,0.14,3.76,0.93,0.0,624.0,340,249,35,54,40,6,420.0,0.5,0.0001,31886.0,,,,
213,2000,3712,1.6938,-0.0278,3.3338,4.224,0.0095,0.13,4.32,0.93,0.0,609.0,283,291,35,46,48,6,430.0,0.47,0.0001,31882.0,,,,
214,2000,3728,1.6996,-0.0255,3.339,4.16,0.0095,0.13,4.93,0.94,0.0,615.0,277,319,19,45,52,3,426.0,0.42,0.0001,31878.0,,,,
215,2000,3745,1.71,-0.0124,3.3343,4.256,0.0085,0.11,5.98,0.95,0.0,593.0,264,311,18,45,52,3,442.0,0.37,0.0001,31918.0,,,,
216,2000,3761,1.7296,-0.0113,3.3712,4.227,0.0101,0.14,5.24,0.94,0.0,597.0,236,339,22,40,57,4,439.0,0.35,0.0001,31881.0,,,,
217,2000,3778,1.7268,0.0126,3.3174,4.211,0.0102,0.14,5.32,0.95,0.0,559.0,256,283,20,46,51,4,469.0,0.34,0.0001,31885.0,,,,
218,2000,3794,1.7205,0.0115,3.309,4.286,0.0103,0.14,5.71,0.95,0.0,557.0,224,312,21,40,56,4,471.0,0.34,0.0001,31871.0,,,,
219,2000,3811,1.7285,0.0209,3.3058,4.322,0.0095,0.13,6.07,0.96,0.0,564.0,254,294,16,45,52,3,465.0,0.33,0.0001,31890.0,,,,
220,2000,3827,1.7381,0.0093,3.3481,4.343,0.0088,0.11,8.13,0.96,0.0,579.0,247,318,14,43,55,2,453.0,0.3,0.0001,31916.0,,,,
221,2000,3844,1.7668,-0.0051,3.4408,4.682,0.0087,0.11,7.63,0.94,0.0,506.0,184,302,20,36,60,4,518.0,0.23,0.0001,30747.0,,,,
222,2000,3861,1.6931,-0.0242,3.3338,4.945,0.0078,0.09,15.51,0.95,0.0,426.0,142,268,16,33,63,4,615.0,0.21,0.0001,31872.0,,,,
223,2000,3877,1.7082,-0.0299,3.375,4.895,0.005,0.04,19.12,0.95,0.0,455.0,148,284,23,33,62,5,576.0,0.24,0.0001,31883.0,,,,
224,2000,3894,1.742,-0.0269,3.4341,4.711,0.0068,0.08,11.47,0.95,0.0,598.0,210,369,19,35,62,3,438.0,0.31,0.0001,31900.0,,,,
225,2000,3910,1.7882,-0.0229,3.5194,4.424,0.0126,0.17,5.08,0.93,0.0,859.0,304,479,76,35,56,9,305.0,0.28,0.0001,31863.0,,,,
226,2000,3927,1.8202,-0.0156,3.5648,4.225,0.0138,0.19,3.3,0.93,0.0,1028.0,368,608,52,36,59,5,255.0,0.26,0.0001,31875.0,,,,
227,2000,3943,1.8623,-0.0112,3.6397,4.207,0.0131,0.18,2.84,0.93,0.0,1152.0,456,654,42,40,57,4,228.0,0.27,0.0001,31911.0,,,,
228,2000,3960,1.878,0.0092,3.6269,4.132,0.0122,0.17,3.04,0.94,0.0,1231.0,505,696,30,41,57,2,213.0,0.23,0.0001,31867.0,,,,
229,2000,3976,1.8564,0.0154,3.5734,4.162,0.0118,0.16,3.35,0.94,0.0,1233.0,510,681,42,41,55,3,213.0,0.24,0.0001,31937.0,,,,
230,2000,3993,1.8379,0.0009,3.5601,4.082,0.0107,0.15,4.04,0.94,0.0,1099.0,416,655,28,38,60,3,239.0,0.24,0.0001,31882.0,,,,
231,2000,4009,1.8465,0.0202,3.5372,4.063,0.0105,0.14,4.05,0.95,0.0,1030.0,413,591,26,40,57,3,255.0,0.31,0.0001,31883.0,,,,
232,2000,4026,1.8466,0.0277,3.5204,4.038,0.0102,0.13,5.0,0.95,0.0,903.0,382,491,30,42,54,3,290.0,0.34,0.0001,31878.0,,,,
233,2000,4042,1.8835,0.0274,3.5936,3.973,0.009,0.12,7.19,0.95,0.0,896.0,335,532,29,37,59,3,293.0,0.38,0.0001,31871.0,,,,
234,2000,4059,1.882,0.0242,3.597,3.943,0.0105,0.14,5.94,0.95,0.0,906.0,325,543,38,36,60,4,289.0,0.41,0.0001,31928.0,,,,
235,2000,4075,1.882,0.0292,3.5869,4.019,0.0098,0.13,7.51,0.95,0.0,798.0,299,468,31,37,59,4,329.0,0.43,0.0001,31890.0,,,,
236,2000,4092,1.907,0.036,3.6236,4.018,0.0099,0.13,8.91,0.95,0.0,765.0,312,428,25,41,56,3,343.0,0.48,0.0001,31872.0,,,,
237,2000,4108,1.8579,0.0226,3.5523,4.03,0.0092,0.11,10.7,0.95,0.0,642.0,306,310,26,48,48,4,408.0,0.56,0.0001,31931.0,,,,
238,2000,4125,1.8334,0.0116,3.5249,3.996,0.0086,0.11,9.92,0.95,0.0,601.0,278,291,32,46,48,5,436.0,0.55,0.0001,31932.0,,,,
239,2000,4141,1.8434,0.0237,3.5209,3.901,0.0087,0.11,11.88,0.95,0.0,644.0,277,319,48,43,50,7,407.0,0.54,0.0001,31883.0,,,,
240,2000,4158,1.9124,0.0362,3.6289,3.699,0.0107,0.13,13.99,0.95,0.0,747.0,336,371,40,45,50,5,351.0,0.46,0.0001,31876.0,,,,
241,2000,4175,1.9914,0.0379,3.7911,4.078,0.0158,0.19,5.0,0.91,0.0,862.0,362,476,24,42,55,3,304.0,0.38,0.0001,30777.0,,,,
242,2000,4191,1.8481,-0.0101,3.6046,4.215,0.0124,0.16,5.88,0.93,0.0,700.0,317,349,34,45,50,5,374.0,0.42,0.0001,31893.0,,,,
243,2000,4208,1.7905,-0.035,3.532,3.96,0.0104,0.14,11.62,0.93,0.0,615.0,310,284,21,50,46,3,426.0,0.35,0.0001,31930.0,,,,
244,2000,4224,1.8114,-0.015,3.5321,3.817,0.0096,0.12,9.75,0.93,0.0,667.0,292,355,20,44,53,3,393.0,0.28,0.0001,31910.0,,,,
245,2000,4241,1.7874,-0.0101,3.4765,3.872,0.0088,0.11,11.2,0.93,0.0,728.0,318,379,31,44,52,4,360.0,0.31,0.0001,31906.0,,,,
246,2000,4257,1.7972,0.0089,3.4561,3.813,0.011,0.14,9.08,0.93,0.0,730.0,307,386,37,42,53,5,359.0,0.41,0.0001,31898.0,,,,
247,2000,4274,1.8362,0.0149,3.523,3.781,0.0065,0.08,15.44,0.94,0.0,829.0,322,441,66,39,53,8,316.0,0.34,0.0001,31892.0,,,,
248,2000,4290,1.8637,-0.0033,3.6116,3.728,0.0098,0.12,13.41,0.94,0.0,981.0,434,497,50,44,51,5,267.0,0.27,0.0001,31901.0,,,,
249,2000,4307,1.9141,0.0168,3.6694,3.624,0.0107,0.14,14.89,0.95,0.0,892.0,412,458,22,46,51,2,294.0,0.23,0.0001,31896.0,285,65,162,56
250,2000,4338,1.928,0.011,3.706,3.462,0.01,0.13,16.4,0.95,0.0,878.0,428,435,15,49,50,2,299.0,0.19,0.0001,32123.0,,,,
251,2000,4355,1.9507,0.0004,3.7691,3.279,0.0101,0.13,20.14,0.95,0.0,929.0,450,470,9,48,51,1,282.0,0.14,0.0001,31897.0,,,,
252,2000,4371,1.928,0.0134,3.7004,3.359,0.0124,0.16,15.5,0.95,0.0,941.0,451,480,10,48,51,1,279.0,0.12,0.0001,31900.0,,,,
253,2000,4388,1.9081,0.0401,3.6063,3.27,0.0098,0.13,15.02,0.95,0.0,858.0,427,424,7,50,49,1,306.0,0.1,0.0001,31918.0,,,,
254,2000,4404,1.9572,0.0363,3.7143,3.373,0.0118,0.15,19.2,0.95,0.0,880.0,454,421,5,52,48,1,298.0,0.11,0.0001,31906.0,,,,
255,2000,4421,1.9731,0.0607,3.6999,3.44,0.0087,0.11,16.2,0.95,0.0,909.0,463,439,7,51,48,1,288.0,0.12,0.0001,31915.0,,,,
256,2000,4437,2.0061,0.0726,3.7427,3.464,0.0132,0.17,13.29,0.94,0.0,874.0,482,385,7,55,44,1,300.0,0.12,0.0001,31960.0,,,,
257,2000,4454,1.9848,0.0816,3.6844,3.537,0.0141,0.18,9.69,0.94,0.0,834.0,446,380,8,53,46,1,314.0,0.11,0.0001,31926.0,,,,
258,2000,4470,2.0039,0.0935,3.6978,3.513,0.0153,0.2,8.3,0.94,0.0,829.0,487,333,9,59,40,1,316.0,0.09,0.0001,31899.0,,,,
259,2000,4487,2.0261,0.099,3.7317,3.534,0.0138,0.18,10.1,0.94,0.0,824.0,432,385,7,52,47,1,318.0,0.09,0.0001,31969.0,,,,
260,2000,4503,1.9972,0.0762,3.7206,3.584,0.0103,0.14,12.52,0.94,0.0,841.0,447,385,9,53,46,1,312.0,0.07,0.0001,31902.0,,,,
261,2000,4520,2.0597,0.0678,3.8685,3.925,0.0129,0.17,8.33,0.91,0.0,836.0,394,435,7,47,52,1,314.0,0.09,0.0001,30777.0,,,,
262,2000,4537,1.9906,0.058,3.7491,3.942,0.016,0.21,5.45,0.9,0.0,816.0,360,447,9,44,55,1,321.0,0.08,0.0001,31854.0,,,,
263,2000,4553,1.9901,0.0538,3.7533,3.824,0.0139,0.18,9.78,0.9,0.0,809.0,366,438,5,45,54,1,324.0,0.09,0.0001,31858.0,,,,
264,2000,4570,1.9216,0.0457,3.6327,3.824,0.0136,0.17,8.0,0.92,0.0,782.0,366,406,10,47,52,1,335.0,0.14,0.0001,31944.0,,,,
265,2000,4586,1.9653,0.0538,3.7013,3.701,0.0121,0.16,12.11,0.92,0.0,851.0,404,432,15,47,51,2,308.0,0.18,0.0001,31862.0,,,,
266,2000,4603,1.9423,0.0454,3.6713,3.664,0.0118,0.15,12.13,0.92,0.0,818.0,383,421,14,47,51,2,320.0,0.17,0.0001,31867.0,,,,
267,2000,4619,1.932,0.0541,3.6329,3.615,0.0108,0.14,12.5,0.92,0.0,703.0,298,394,11,42,56,2,373.0,0.16,0.0001,31900.0,,,,
268,2000,4636,1.8935,0.0409,3.5816,3.643,0.0091,0.12,16.48,0.93,0.0,674.0,287,374,13,43,55,2,389.0,0.17,0.0001,31903.0,,,,
269,2000,4652,1.8779,0.0434,3.5461,3.695,0.0117,0.15,12.09,0.93,0.0,664.0,282,371,11,42,56,2,395.0,0.2,0.0001,31893.0,,,,
270,2000,4669,1.9058,0.044,3.6002,3.723,0.0119,0.15,11.48,0.94,0.0,700.0,275,408,17,39,58,2,374.0,0.21,0.0001,31903.0,,,,
271,2000,4685,1.9092,0.0316,3.6306,3.601,0.0106,0.14,14.15,0.94,0.0,714.0,290,411,13,41,58,2,367.0,0.17,0.0001,31898.0,,,,
272,2000,4702,1.9105,0.0223,3.6517,3.582,0.0097,0.12,18.28,0.94,0.0,784.0,324,440,20,41,56,3,334.0,0.15,0.0001,31890.0,,,,
273,2000,4718,1.9395,0.0344,3.683,3.476,0.0112,0.14,21.44,0.94,0.0,742.0,310,419,13,42,56,2,353.0,0.14,0.0001,31899.0,,,,
274,2000,4735,1.9362,0.0578,3.6298,3.469,0.0142,0.18,13.24,0.94,0.0,737.0,315,412,10,43,56,1,356.0,0.12,0.0001,31878.0,,,,
275,2000,4752,1.9694,0.0416,3.7272,3.387,0.0106,0.13,22.75,0.94,0.0,807.0,365,424,18,45,53,2,325.0,0.12,0.0001,31903.0,,,,
276,2000,4768,1.9845,0.0326,3.7767,3.408,0.0136,0.17,16.96,0.95,0.0,874.0,356,500,18,41,57,2,300.0,0.1,0.0001,31886.0,,,,
277,2000,4785,1.9351,0.0168,3.7099,3.43,0.0118,0.15,18.25,0.95,0.0,858.0,388,461,9,45,54,1,306.0,0.09,0.0001,31881.0,,,,
278,2000,4801,1.9786,0.0156,3.7986,3.449,0.0091,0.11,30.25,0.95,0.0,947.0,453,487,7,48,51,1,277.0,0.08,0.0001,31898.0,,,,
279,2000,4818,1.9555,0.0011,3.7828,3.474,0.0125,0.16,21.07,0.95,0.0,998.0,493,501,4,49,50,0,263.0,0.06,0.0001,31955.0,,,,
280,2000,4834,2.0338,0.0657,3.809,3.45,0.0088,0.11,27.82,0.95,0.0,939.0,467,469,3,50,50,0,279.0,0.05,0.0001,31893.0,,,,
281,2000,4851,2.0278,0.0226,3.8874,3.642,0.0164,0.2,13.27,0.92,0.0,1026.0,553,469,4,54,46,0,256.0,0.04,0.0001,30755.0,,,,
282,2000,4868,2.0528,0.048,3.8875,3.686,0.0172,0.21,12.34,0.9,0.0,1081.0,598,478,5,55,44,0,243.0,0.08,0.0001,31901.0,,,,
283,2000,4884,1.9904,0.0203,3.8158,3.557,0.0139,0.18,13.29,0.91,0.0,1100.0,571,527,2,52,48,0,238.0,0.05,0.0001,31875.0,,,,
284,2000,4901,1.9769,0.0225,3.7842,3.584,0.013,0.16,12.95,0.92,0.0,1081.0,500,577,4,46,53,0,243.0,0.05,0.0001,31938.0,,,,
285,2000,4917,1.9423,0.006,3.7475,3.574,0.0101,0.13,19.89,0.93,0.0,1002.0,459,519,24,46,52,2,262.0,0.04,0.0001,31931.0,,,,
286,2000,4934,1.9548,0.0208,3.7436,3.612,0.0109,0.14,21.88,0.94,0.0,1029.0,498,509,22,48,49,2,255.0,0.05,0.0001,31942.0,,,,
287,2000,4950,1.9237,-0.0081,3.7398,3.611,0.0105,0.14,17.24,0.94,0.0,1197.0,544,616,37,45,51,3,219.0,0.06,0.0001,31910.0,,,,
288,2000,4967,1.9211,-0.0145,3.7473,3.55,0.0114,0.14,18.2,0.95,0.0,1146.0,548,582,16,48,51,1,229.0,0.04,0.0001,31864.0,,,,
289,2000,4983,1.9767,-0.0001,3.8266,3.405,0.0087,0.11,26.39,0.95,0.0,1166.0,551,595,20,47,51,2,225.0,0.02,0.0001,31892.0,,,,
290,2000,5000,2.0199,0.0554,3.8005,3.368,0.0118,0.15,25.27,0.96,0.0,1088.0,559,518,11,51,48,1,241.0,0.03,0.0001,31915.0,,,,
291,2000,5016,2.0105,0.0692,3.7532,3.34,0.0104,0.13,20.18,0.95,0.0,1126.0,608,506,12,54,45,1,233.0,0.04,0.0001,31869.0,,,,
292,2000,5033,2.0196,0.0631,3.7802,3.221,0.0138,0.17,19.69,0.95,0.0,1060.0,563,492,5,53,46,0,247.0,0.04,0.0001,31943.0,,,,
293,2000,5049,2.0063,0.0627,3.7537,3.221,0.0056,0.06,32.85,0.95,0.0,1010.0,552,452,6,55,45,1,260.0,0.05,0.0001,31885.0,,,,
294,2000,5066,2.0265,0.0278,3.864,3.21,0.0098,0.12,30.63,0.95,0.0,1088.0,605,481,2,56,44,0,241.0,0.05,0.0001,31880.0,,,,
295,2000,5082,1.9727,0.0259,3.7588,3.14,0.0123,0.15,28.67,0.95,0.0,1014.0,551,461,2,54,45,0,259.0,0.06,0.0001,31861.0,,,,
296,2000,5099,1.9763,0.0115,3.7973,3.232,0.0079,0.1,32.36,0.95,0.0,1063.0,559,500,4,53,47,0,247.0,0.08,0.0001,31870.0,,,,
297,2000,5115,2.0002,-0.0184,3.9049,3.214,0.0152,0.17,29.9,0.94,0.0,1057.0,521,533,3,49,50,0,248.0,0.06,0.0001,31871.0,,,,
298,2000,5132,1.9254,-0.0318,3.7813,3.21,0.0056,0.07,33.86,0.95,0.0,1067.0,559,506,2,52,47,0,246.0,0.09,0.0001,31930.0,,,,
299,2000,5148,2.0266,0.0144,3.8933,3.266,0.012,0.14,27.91,0.95,0.0,1038.0,528,504,6,51,49,1,253.0,0.12,0.0001,31863.0,383,50,79,75
300,2000,5274,2.0422,0.0197,3.9271,3.855,0.037,0.32,5.37,0.84,0.0,709.0,420,289,0,59,41,0,370.0,0.02,0.0001,4744.0,,,,
301,2000,5291,2.0127,0.0367,3.8222,3.201,0.0191,0.22,19.62,0.88,0.0,931.0,380,551,0,41,59,0,282.0,0.03,0.0001,30753.0,,,,
302,2000,5308,2.0004,-0.017,3.9098,3.391,0.0208,0.23,14.6,0.89,0.0,1119.0,482,637,0,43,57,0,234.0,0.06,0.0001,31929.0,,,,
303,2000,5324,2.0404,-0.0019,3.9604,3.379,0.0187,0.22,12.15,0.9,0.0,1236.0,696,533,7,56,43,1,212.0,0.08,0.0001,31914.0,,,,
304,2000,5341,1.9763,-0.0233,3.8721,3.221,0.0183,0.21,11.59,0.9,0.0,1233.0,741,486,6,60,39,0,213.0,0.04,0.0001,31846.0,,,,
305,2000,5357,1.9688,-0.0621,3.9361,3.346,0.0133,0.17,20.4,0.91,0.0,1273.0,673,598,2,53,47,0,206.0,0.04,0.0001,31915.0,,,,
306,2000,5374,2.0451,0.0395,3.8819,3.282,0.0112,0.14,24.23,0.9,0.0,1075.0,498,572,5,46,53,0,244.0,0.09,0.0001,31844.0,,,,
307,2000,5390,1.8718,-0.0341,3.6836,3.363,0.0084,0.11,34.31,0.92,0.0,842.0,404,414,24,48,49,3,311.0,0.14,0.0001,31854.0,,,,
308,2000,5407,1.9045,-0.03,3.7429,3.467,0.0099,0.12,23.81,0.93,0.0,842.0,462,373,7,55,44,1,311.0,0.19,0.0001,31853.0,,,,
309,2000,5423,1.9117,-0.0255,3.7475,3.475,0.0129,0.15,21.15,0.92,0.0,929.0,568,358,3,61,39,0,282.0,0.19,0.0001,31843.0,,,,
310,2000,5440,1.936,-0.0468,3.8403,3.585,0.011,0.13,25.13,0.92,0.0,1038.0,634,402,2,61,39,0,253.0,0.16,0.0001,31919.0,,,,
311,2000,5456,1.9291,-0.0375,3.8076,3.557,0.0141,0.16,17.84,0.92,0.0,1143.0,705,436,2,62,38,0,229.0,0.12,0.0001,31841.0,,,,
312,2000,5473,1.9651,-0.0344,3.8732,3.532,0.0178,0.18,21.72,0.93,0.0,1144.0,689,446,9,60,39,1,229.0,0.15,0.0001,31863.0,,,,
313,2000,5489,1.9344,-0.0288,3.7983,3.412,0.0126,0.15,20.08,0.93,0.0,1153.0,656,485,12,57,42,1,227.0,0.12,0.0001,31859.0,,,,
314,2000,5506,1.995,0.0073,3.8459,3.331,0.0129,0.14,22.41,0.92,0.0,1219.0,751,466,2,62,38,0,215.0,0.1,0.0001,31840.0,,,,
315,2000,5522,2.0511,0.0145,3.9448,3.34,0.0157,0.18,17.86,0.92,0.0,1264.0,752,506,6,59,40,0,207.0,0.09,0.0001,31925.0,,,,
316,2000,5539,2.0776,0.0468,3.9349,3.404,0.0191,0.21,14.85,0.91,0.0,1221.0,673,546,2,55,45,0,215.0,0.07,0.0001,31859.0,,,,
317,2000,5555,2.0432,0.0096,3.9423,3.489,0.0178,0.19,14.85,0.91,0.0,1233.0,667,561,5,54,45,0,213.0,0.04,0.0001,31850.0,,,,
318,2000,5572,2.0158,0.0468,3.8148,3.592,0.0167,0.18,9.69,0.91,0.0,1174.0,573,593,8,49,51,1,223.0,0.03,0.0001,31853.0,,,,
319,2000,5588,1.9918,0.0302,3.7973,3.5,0.0152,0.18,13.57,0.92,0.0,1084.0,468,609,7,43,56,1,242.0,0.04,0.0001,31933.0,,,,
320,2000,5605,1.9135,-0.0072,3.713,3.364,0.0112,0.14,18.09,0.94,0.0,896.0,395,494,7,44,55,1,293.0,0.05,0.0001,31834.0,,,,
321,2000,5622,2.0148,0.0355,3.8371,3.737,0.0193,0.21,9.28,0.91,0.0,851.0,484,356,11,57,42,1,308.0,0.08,0.0001,30727.0,,,,
322,2000,5639,1.8329,-0.0023,3.5487,3.607,0.0157,0.18,10.46,0.94,0.0,636.0,402,213,21,63,33,3,412.0,0.17,0.0001,31858.0,,,,
323,2000,5655,1.7559,-0.0137,3.4178,3.607,0.0131,0.16,10.96,0.95,0.0,513.0,295,185,33,58,36,6,511.0,0.13,0.0001,31856.0,,,,
324,2000,5672,1.7453,-0.0087,3.3872,3.554,0.0147,0.17,12.69,0.96,0.0,515.0,274,203,38,53,39,7,509.0,0.16,0.0001,31927.0,,,,
325,2000,5688,1.7905,-0.0077,3.4758,3.619,0.0102,0.12,23.38,0.96,0.0,639.0,334,252,53,52,39,8,410.0,0.13,0.0001,31850.0,,,,
326,2000,5705,1.839,0.0097,3.5367,3.434,0.0112,0.13,18.78,0.95,0.0,703.0,351,294,58,50,42,8,373.0,0.09,0.0001,31884.0,,,,
327,2000,5721,1.7854,-0.0554,3.5584,3.456,0.0119,0.15,17.36,0.95,0.0,759.0,398,326,35,52,43,5,345.0,0.07,0.0001,31893.0,,,,
328,2000,5738,1.7884,-0.0349,3.5233,3.488,0.009,0.11,19.91,0.95,0.0,798.0,416,352,30,52,44,4,329.0,0.06,0.0001,31844.0,,,,
329,2000,5754,1.8235,-0.0381,3.6014,3.477,0.0072,0.09,22.86,0.95,0.0,883.0,473,388,22,54,44,2,297.0,0.04,0.0001,31836.0,,,,
330,2000,5771,1.8429,-0.0116,3.5841,3.384,0.0118,0.14,22.73,0.95,0.0,779.0,397,365,17,51,47,2,337.0,0.04,0.0001,31850.0,,,,
331,2000,5787,1.8798,0.0024,3.6306,3.466,0.0101,0.12,29.87,0.95,0.0,851.0,422,420,9,50,49,1,308.0,0.04,0.0001,31850.0,,,,
332,2000,5804,1.9238,0.0099,3.7042,3.513,0.0128,0.15,21.57,0.95,0.0,926.0,458,459,9,49,50,1,283.0,0.04,0.0001,31844.0,,,,
333,2000,5820,1.9601,0.0092,3.777,3.432,0.0137,0.15,17.53,0.94,0.0,1024.0,525,488,11,51,48,1,256.0,0.04,0.0001,31843.0,,,,
334,2000,5837,1.9679,0.0056,3.7959,3.234,0.0137,0.16,15.44,0.94,0.0,1096.0,565,525,6,52,48,1,239.0,0.04,0.0001,31850.0,,,,
335,2000,5853,1.9298,-0.0105,3.7534,3.291,0.0135,0.15,18.23,0.95,0.0,1058.0,556,491,11,53,46,1,248.0,0.03,0.0001,31834.0,,,,
336,2000,5870,1.9495,-0.0058,3.7832,3.289,0.0132,0.15,15.95,0.95,0.0,1105.0,612,487,6,55,44,1,237.0,0.03,0.0001,31898.0,,,,
337,2000,5886,1.9992,0.0157,3.8408,3.358,0.0146,0.16,16.92,0.95,0.0,1127.0,650,472,5,58,42,0,233.0,0.04,0.0001,31845.0,,,,
338,2000,5903,1.9927,0.035,3.7886,3.351,0.0133,0.16,18.24,0.95,0.0,1111.0,588,518,5,53,47,0,236.0,0.04,0.0001,31840.0,,,,
339,2000,5919,1.9933,0.0495,3.7619,3.361,0.0161,0.18,15.1,0.95,0.0,1130.0,664,463,3,59,41,0,232.0,0.04,0.0001,31853.0,,,,
340,2000,5936,2.0195,0.035,3.8437,3.403,0.0138,0.16,17.94,0.95,0.0,1110.0,642,464,4,58,42,0,236.0,0.05,0.0001,31855.0,,,,
341,2000,5953,2.1174,0.0299,4.057,3.871,0.0193,0.2,9.88,0.89,0.0,1310.0,754,549,7,58,42,1,200.0,0.06,0.0001,30767.0,,,,
342,2000,5969,2.0863,0.0291,3.995,3.756,0.0138,0.16,12.78,0.88,0.0,1319.0,670,643,6,51,49,0,199.0,0.05,0.0001,31901.0,,,,
343,2000,5986,2.0809,0.0436,3.9568,3.841,0.0168,0.19,11.24,0.89,0.0,1321.0,667,652,2,50,49,0,198.0,0.04,0.0001,31907.0,,,,
344,2000,6002,2.0676,0.0457,3.9258,3.9,0.0136,0.16,14.69,0.9,0.0,1308.0,672,633,3,51,48,0,200.0,0.05,0.0001,31887.0,,,,
345,2000,6019,2.0628,0.0354,3.9338,3.748,0.0125,0.14,18.0,0.92,0.0,1298.0,630,662,6,49,51,0,202.0,0.03,0.0001,31882.0,,,,
346,2000,6035,2.0791,0.0542,3.9307,3.87,0.0128,0.15,14.41,0.91,0.0,1262.0,596,664,2,47,53,0,208.0,0.05,0.0001,31869.0,,,,
347,2000,6052,2.0065,0.0191,3.8542,3.774,0.0095,0.11,18.35,0.93,0.0,1165.0,539,623,3,46,53,0,225.0,0.06,0.0001,31875.0,,,,
348,2000,6068,2.0275,0.0052,3.9227,3.702,0.0098,0.11,22.84,0.93,0.0,1126.0,534,590,2,47,52,0,233.0,0.05,0.0001,31878.0,,,,
349,2000,6085,2.0146,0.023,3.8605,3.652,0.0137,0.15,18.98,0.93,0.0,1100.0,521,574,5,47,52,0,238.0,0.05,0.0001,31883.0,294,33,185,57
350,2000,6127,2.0096,0.0243,3.8472,3.614,0.0111,0.13,15.63,0.93,0.0,1092.0,558,531,3,51,49,0,240.0,0.05,0.0001,32047.0,,,,
351,2000,6143,1.9504,0.0062,3.7672,3.708,0.0105,0.12,15.79,0.94,0.0,1052.0,527,525,0,50,50,0,249.0,0.04,0.0001,31901.0,,,,
352,2000,6160,1.9817,0.0107,3.8226,3.8,0.0128,0.15,15.24,0.93,0.0,1053.0,565,487,1,54,46,0,249.0,0.05,0.0001,31900.0,,,,
353,2000,6176,1.976,0.0101,3.8146,3.924,0.0127,0.15,14.05,0.92,0.0,1083.0,574,507,2,53,47,0,242.0,0.07,0.0001,31883.0,,,,
354,2000,6193,2.0055,0.0017,3.8892,3.916,0.0139,0.16,18.35,0.92,0.0,1079.0,544,534,1,50,49,0,243.0,0.06,0.0001,31885.0,,,,
355,2000,6209,1.9298,-0.0282,3.7988,3.963,0.0138,0.15,17.21,0.92,0.0,1025.0,535,488,2,52,48,0,256.0,0.06,0.0001,31953.0,,,,
356,2000,6226,1.9538,0.0017,3.7888,4.099,0.014,0.16,14.41,0.93,0.0,1012.0,513,496,3,51,49,0,259.0,0.06,0.0001,31879.0,,,,
357,2000,6242,1.9399,-0.0398,3.8431,4.026,0.0132,0.15,18.87,0.92,0.0,1039.0,487,549,3,47,53,0,252.0,0.07,0.0001,31881.0,,,,
358,2000,6259,1.9233,-0.0277,3.7845,3.947,0.0109,0.12,14.44,0.93,0.0,1017.0,514,499,4,51,49,0,258.0,0.07,0.0001,31888.0,,,,
359,2000,6275,1.9994,0.0194,3.8431,3.996,0.0127,0.14,22.33,0.91,0.0,1050.0,487,554,9,46,53,1,250.0,0.07,0.0001,31885.0,,,,
360,2000,6292,1.9898,0.0052,3.8528,4.054,0.01,0.11,24.54,0.92,0.0,1026.0,464,561,1,45,55,0,256.0,0.05,0.0001,31865.0,,,,
361,2000,6309,1.9892,-0.0005,3.8672,4.337,0.0119,0.13,16.93,0.91,0.0,1025.0,491,530,4,48,52,0,256.0,0.06,0.0001,30714.0,,,,
362,2000,6326,1.9941,0.0316,3.8105,4.136,0.0149,0.16,16.3,0.91,0.0,973.0,494,476,3,51,49,0,269.0,0.08,0.0001,31841.0,,,,
363,2000,6342,1.931,0.0226,3.7033,4.178,0.0109,0.12,22.44,0.91,0.0,855.0,425,428,2,50,50,0,307.0,0.11,0.0001,31852.0,,,,
364,2000,6359,1.864,0.0191,3.5798,4.437,0.0133,0.14,12.26,0.92,0.0,799.0,413,384,2,52,48,0,328.0,0.15,0.0001,31853.0,,,,
365,2000,6375,1.8599,0.0378,3.533,4.36,0.014,0.16,12.55,0.92,0.0,717.0,330,378,9,46,53,1,366.0,0.2,0.0001,31856.0,,,,
366,2000,6392,1.8884,0.0263,3.6116,4.289,0.0112,0.13,17.0,0.92,0.0,827.0,401,405,21,48,49,3,317.0,0.2,0.0001,31844.0,,,,
367,2000,6408,1.8537,0.0261,3.5431,4.321,0.0113,0.13,16.77,0.93,0.0,755.0,388,359,8,51,48,1,347.0,0.2,0.0001,31906.0,,,,
368,2000,6425,1.8603,0.026,3.5572,4.38,0.012,0.14,15.24,0.93,0.0,764.0,363,396,5,48,52,1,343.0,0.19,0.0001,31840.0,,,,
369,2000,6441,1.8476,0.0144,3.5573,4.517,0.0093,0.11,15.53,0.93,0.0,741.0,378,352,11,51,48,1,354.0,0.16,0.0001,31836.0,,,,
370,2000,6458,1.8366,0.0285,3.5082,4.671,0.0137,0.15,9.6,0.93,0.0,769.0,398,352,19,52,46,2,341.0,0.11,0.0001,31847.0,,,,
371,2000,6474,1.761,0.0173,3.3806,4.693,0.0132,0.14,8.73,0.94,0.0,657.0,353,295,9,54,45,1,399.0,0.08,0.0001,31848.0,,,,
372,2000,6491,1.8393,0.0247,3.5204,4.534,0.01,0.11,16.71,0.93,0.0,715.0,355,352,8,50,49,1,367.0,0.09,0.0001,31851.0,,,,
373,2000,6507,1.8173,0.0104,3.5055,4.588,0.0103,0.12,15.28,0.94,0.0,700.0,367,328,5,52,47,1,374.0,0.06,0.0001,31890.0,,,,
374,2000,6524,1.8183,0.0127,3.5003,4.354,0.0101,0.11,20.39,0.94,0.0,671.0,342,319,10,51,48,1,391.0,0.05,0.0001,31834.0,,,,
375,2000,6540,1.8138,0.016,3.4869,4.482,0.0125,0.14,14.74,0.94,0.0,699.0,374,317,8,54,45,1,375.0,0.05,0.0001,31844.0,,,,
376,2000,6557,1.8271,0.0229,3.5,4.508,0.0116,0.13,16.2,0.94,0.0,741.0,393,339,9,53,46,1,354.0,0.05,0.0001,31841.0,,,,
377,2000,6573,1.8143,0.0247,3.4733,4.67,0.0141,0.14,17.12,0.95,0.0,671.0,368,285,18,55,42,3,391.0,0.05,0.0001,31843.0,,,,
378,2000,6590,1.8349,0.0181,3.5281,4.649,0.0135,0.14,14.44,0.94,0.0,739.0,388,335,16,53,45,2,355.0,0.05,0.0001,31862.0,,,,
379,2000,6606,1.862,0.0271,3.56,4.381,0.0125,0.14,18.53,0.95,0.0,732.0,364,353,15,50,48,2,358.0,0.08,0.0001,31843.0,,,,
380,2000,6623,1.8354,0.0268,3.5115,4.487,0.013,0.14,13.93,0.95,0.0,739.0,359,356,24,49,48,3,355.0,0.06,0.0001,31831.0,,,,
381,2000,6640,1.989,0.0185,3.8314,4.305,0.0135,0.15,17.12,0.92,0.0,890.0,403,473,14,45,53,2,295.0,0.07,0.0001,30724.0,,,,
382,2000,6657,1.9647,0.024,3.7728,4.305,0.0161,0.18,10.59,0.92,0.0,923.0,428,474,21,46,51,2,284.0,0.06,0.0001,31853.0,,,,
383,2000,6673,1.9201,0.005,3.7197,4.197,0.0138,0.15,13.73,0.93,0.0,944.0,441,490,13,47,52,1,278.0,0.08,0.0001,31898.0,,,,
384,2000,6690,1.9054,0.0151,3.6721,4.361,0.0128,0.14,11.08,0.93,0.0,879.0,390,471,18,44,54,2,298.0,0.13,0.0001,31910.0,,,,
385,2000,6706,1.9707,0.0432,3.7463,4.326,0.0124,0.15,10.97,0.92,0.0,947.0,453,479,15,48,51,2,277.0,0.15,0.0001,31866.0,,,,
386,2000,6723,1.933,0.0374,3.6814,4.307,0.0106,0.13,16.37,0.93,0.0,903.0,420,474,9,47,52,1,290.0,0.15,0.0001,31836.0,,,,
387,2000,6739,1.9584,0.0298,3.747,4.217,0.0093,0.11,19.6,0.93,0.0,911.0,443,449,19,49,49,2,288.0,0.11,0.0001,31878.0,,,,
388,2000,6756,1.9119,0.0459,3.6191,4.126,0.0115,0.13,15.45,0.93,0.0,891.0,401,485,5,45,54,1,294.0,0.09,0.0001,31867.0,,,,
389,2000,6772,1.8967,0.0373,3.6052,4.124,0.0081,0.09,24.34,0.94,0.0,811.0,388,420,3,48,52,0,323.0,0.08,0.0001,31864.0,,,,
390,2000,6789,1.8986,0.0358,3.6143,4.326,0.0097,0.11,14.76,0.94,0.0,834.0,382,443,9,46,53,1,314.0,0.07,0.0001,31861.0,,,,
391,2000,6805,1.9233,0.0393,3.6543,4.178,0.007,0.08,31.49,0.93,0.0,808.0,379,422,7,47,52,1,324.0,0.06,0.0001,31860.0,,,,
392,2000,6822,1.917,0.0546,3.6124,4.345,0.0093,0.1,25.73,0.94,0.0,759.0,391,365,3,52,48,0,345.0,0.05,0.0001,31872.0,,,,
393,2000,6838,1.8802,0.0322,3.5837,4.328,0.0077,0.09,21.15,0.93,0.0,742.0,368,368,6,50,50,1,353.0,0.05,0.0001,31856.0,,,,
394,2000,6855,1.8637,0.0431,3.5283,4.298,0.0087,0.09,29.46,0.94,0.0,733.0,392,333,8,53,45,1,358.0,0.03,0.0001,31905.0,,,,
395,2000,6871,1.8589,0.0583,3.4879,4.322,0.0101,0.11,26.0,0.94,0.0,679.0,343,333,3,51,49,0,386.0,0.03,0.0001,31864.0,,,,
396,2000,6888,1.8945,0.0473,3.582,4.319,0.0095,0.1,25.1,0.94,0.0,735.0,379,346,10,52,47,1,357.0,0.02,0.0001,31861.0,,,,
397,2000,6904,1.8786,0.0477,3.5478,4.259,0.0101,0.1,28.18,0.94,0.0,706.0,377,321,8,53,45,1,371.0,0.03,0.0001,31870.0,,,,
398,2000,6921,1.9478,0.048,3.6821,3.934,0.0123,0.13,28.07,0.94,0.0,822.0,432,383,7,53,47,1,319.0,0.04,0.0001,31865.0,,,,
399,2000,6937,1.9273,0.0764,3.5852,4.02,0.0132,0.13,26.72,0.94,0.0,794.0,428,360,6,54,45,1,330.0,0.03,0.0001,31867.0,313,73,126,61
400,2000,7056,1.8166,0.0583,3.4105,5.014,0.0134,0.12,20.07,0.92,0.0,329.0,175,154,0,53,47,0,797.0,0.01,0.0001,5062.0,,,,
401,2000,7073,1.8022,0.0722,3.3547,4.813,0.0169,0.16,10.1,0.89,0.0,395.0,212,183,0,54,46,0,664.0,0.14,0.0001,30728.0,,,,
402,2000,7090,1.7574,0.0517,3.2994,4.368,0.0158,0.15,21.84,0.93,0.0,444.0,243,201,0,55,45,0,590.0,0.13,0.0001,31874.0,,,,
403,2000,7106,1.6449,0.0377,3.1085,4.845,0.0121,0.12,26.6,0.94,0.0,298.0,172,114,12,58,38,4,880.0,0.05,0.0001,31867.0,,,,
404,2000,7123,1.6056,0.0331,3.049,5.307,0.0121,0.14,12.28,0.93,0.0,236.0,102,127,7,43,54,3,1111.0,0.03,0.0001,31879.0,,,,
405,2000,7139,1.6167,0.0276,3.0836,5.286,0.0174,0.2,6.95,0.93,0.0,326.0,172,135,19,53,41,6,804.0,0.06,0.0001,31865.0,,,,
406,2000,7156,1.6507,0.0292,3.1471,5.128,0.0179,0.19,5.38,0.92,0.0,427.0,218,167,42,51,39,10,614.0,0.07,0.0001,31878.0,,,,
407,2000,7172,1.7091,0.0273,3.262,4.856,0.0185,0.19,6.77,0.9,0.0,567.0,316,220,31,56,39,5,462.0,0.06,0.0001,31846.0,,,,
408,2000,7189,1.7674,0.0271,3.3718,4.542,0.0111,0.12,12.82,0.92,0.0,588.0,271,305,12,46,52,2,446.0,0.07,0.0001,31847.0,,,,
409,2000,7205,1.7541,0.0383,3.3215,4.596,0.0137,0.13,13.78,0.94,0.0,587.0,270,313,4,46,53,1,447.0,0.09,0.0001,31857.0,,,,
410,2000,7222,1.7741,0.0334,3.3731,4.631,0.0105,0.11,12.25,0.94,0.0,651.0,305,341,5,47,52,1,403.0,0.09,0.0001,31846.0,,,,
411,2000,7238,1.7406,0.0195,3.3355,4.662,0.0099,0.11,12.01,0.94,0.0,613.0,316,292,5,52,48,1,428.0,0.05,0.0001,31839.0,,,,
412,2000,7255,1.7644,0.0332,3.3562,4.642,0.01,0.11,13.21,0.93,0.0,624.0,364,256,4,58,41,1,420.0,0.02,0.0001,31848.0,,,,
413,2000,7271,1.6931,0.0267,3.2298,4.852,0.0137,0.15,8.29,0.93,0.0,525.0,301,221,3,57,42,1,499.0,0.02,0.0001,31863.0,,,,
414,2000,7288,1.629,0.0206,3.1177,5.166,0.0116,0.13,6.51,0.94,0.0,385.0,216,164,5,56,43,1,681.0,0.03,0.0001,31845.0,,,,
415,2000,7304,1.6536,0.0139,3.1807,5.135,0.0098,0.11,10.13,0.95,0.0,420.0,221,190,9,53,45,2,624.0,0.07,0.0001,31854.0,,,,
416,2000,7321,1.6949,-0.004,3.2988,5.123,0.0104,0.12,9.39,0.95,0.0,551.0,273,265,13,50,48,2,476.0,0.07,0.0001,31885.0,,,,
417,2000,7338,1.7768,0.0076,3.4382,4.929,0.011,0.12,9.04,0.93,0.0,665.0,356,289,20,54,43,3,394.0,0.05,0.0001,31835.0,,,,
418,2000,7354,1.7873,-0.0131,3.4985,4.77,0.0091,0.11,11.65,0.93,0.0,689.0,334,342,13,48,50,2,380.0,0.05,0.0001,31902.0,,,,
419,2000,7370,1.8048,-0.0032,3.5136,4.786,0.011,0.13,8.84,0.94,0.0,735.0,367,365,3,50,50,0,357.0,0.07,0.0001,31897.0,,,,
420,2000,7387,1.8939,0.0218,3.6411,4.577,0.0094,0.11,12.81,0.94,0.0,867.0,392,466,9,45,54,1,302.0,0.06,0.0001,31903.0,,,,
421,2000,7404,1.8831,0.0396,3.5853,4.728,0.0136,0.15,10.16,0.95,0.0,702.0,349,344,9,50,49,1,373.0,0.08,0.0001,30739.0,,,,
422,2000,7421,1.7867,0.0183,3.4362,4.867,0.0116,0.14,6.76,0.95,0.0,553.0,269,276,8,49,50,1,474.0,0.1,0.0001,31884.0,,,,
423,2000,7437,1.8064,0.0352,3.4416,4.83,0.0123,0.14,5.62,0.94,0.0,624.0,271,350,3,43,56,0,420.0,0.1,0.0001,31930.0,,,,
424,2000,7454,1.8703,0.0467,3.5451,4.625,0.0131,0.16,5.06,0.92,0.0,677.0,301,369,7,44,55,1,387.0,0.06,0.0001,31874.0,,,,
425,2000,7470,1.8987,0.0406,3.6122,4.451,0.0128,0.15,6.31,0.91,0.0,772.0,379,393,0,49,51,0,340.0,0.05,0.0001,31866.0,,,,
426,2000,7487,1.8996,0.0521,3.5899,4.38,0.0129,0.15,5.55,0.92,0.0,770.0,359,408,3,47,53,0,340.0,0.04,0.0001,31861.0,,,,
427,2000,7503,1.8518,0.0238,3.5512,4.479,0.0103,0.12,8.46,0.93,0.0,717.0,328,385,4,46,54,1,366.0,0.04,0.0001,31872.0,,,,
428,2000,7520,1.8217,0.0478,3.4429,4.537,0.0119,0.14,6.34,0.94,0.0,641.0,313,325,3,49,51,0,409.0,0.04,0.0001,31901.0,,,,
429,2000,7536,1.857,0.0211,3.5634,4.291,0.0104,0.12,12.52,0.94,0.0,797.0,387,399,11,49,50,1,329.0,0.05,0.0001,31864.0,,,,
430,2000,7553,1.8531,0.0066,3.5813,4.088,0.008,0.09,21.77,0.95,0.0,876.0,478,382,16,55,44,2,299.0,0.05,0.0001,31876.0,,,,
431,2000,7569,1.8242,0.009,3.5166,4.035,0.0085,0.09,24.41,0.95,0.0,797.0,422,357,18,53,45,2,329.0,0.04,0.0001,31878.0,,,,
432,2000,7586,1.7868,-0.0124,3.4862,4.192,0.0074,0.08,30.08,0.94,0.0,749.0,417,327,5,56,44,1,350.0,0.02,0.0001,31873.0,,,,
433,2000,7602,1.7842,-0.0179,3.4909,4.099,0.0075,0.09,26.67,0.94,0.0,696.0,329,355,12,47,51,2,377.0,0.03,0.0001,31860.0,,,,
434,2000,7619,1.7597,-0.0153,3.4405,4.361,0.0124,0.13,16.75,0.94,0.0,707.0,319,385,3,45,54,0,371.0,0.04,0.0001,31870.0,,,,
435,2000,7635,1.8025,-0.0032,3.5016,4.304,0.0105,0.11,18.97,0.94,0.0,714.0,313,395,6,44,55,1,367.0,0.08,0.0001,31919.0,,,,
436,2000,7652,1.8427,-0.0071,3.5886,4.167,0.0096,0.11,22.39,0.95,0.0,798.0,354,439,5,44,55,1,329.0,0.12,0.0001,31871.0,,,,
437,2000,7668,1.7929,-0.0079,3.4946,4.496,0.0097,0.11,20.71,0.95,0.0,750.0,301,442,7,40,59,1,350.0,0.16,0.0001,31877.0,,,,
438,2000,7685,1.7399,-0.0082,3.3946,4.852,0.0077,0.09,14.34,0.95,0.0,674.0,286,379,9,42,56,1,389.0,0.21,0.0001,31878.0,,,,
439,2000,7701,1.7788,-0.0029,3.4575,4.54,0.0065,0.07,23.95,0.95,0.0,639.0,302,323,14,47,51,2,410.0,0.25,0.0001,31866.0,,,,
440,2000,7718,1.8351,-0.002,3.569,4.631,0.0083,0.09,27.54,0.95,0.0,664.0,316,326,22,48,49,3,395.0,0.25,0.0001,31851.0,,,,
441,2000,7735,1.7852,-0.0149,3.4988,4.92,0.013,0.12,15.89,0.92,0.0,678.0,342,306,30,50,45,4,387.0,0.2,0.0001,30724.0,,,,
442,2000,7751,1.6768,-0.004,3.2641,5.295,0.0111,0.11,14.32,0.93,0.0,476.0,211,245,20,44,51,4,551.0,0.15,0.0001,31840.0,,,,
443,2000,7768,1.6285,-0.0373,3.2326,5.108,0.0124,0.12,11.17,0.93,0.0,474.0,256,199,19,54,42,4,553.0,0.09,0.0001,31905.0,,,,
444,2000,7784,1.6092,-0.0376,3.1942,5.048,0.0142,0.13,10.76,0.93,0.0,556.0,338,201,17,61,36,3,471.0,0.06,0.0001,31922.0,,,,
445,2000,7801,1.5352,-0.0321,3.0377,5.35,0.0142,0.13,6.45,0.94,0.0,442.0,285,148,9,64,33,2,593.0,0.03,0.0001,31848.0,,,,
446,2000,7818,1.5891,-0.0188,3.1208,5.453,0.0146,0.14,6.35,0.92,0.0,454.0,256,188,10,56,41,2,577.0,0.03,0.0001,31847.0,,,,
447,2000,7834,1.5705,-0.0358,3.1165,5.3,0.0122,0.12,8.97,0.94,0.0,381.0,218,156,7,57,41,2,688.0,0.04,0.0001,31842.0,,,,
448,2000,7851,1.6601,-0.0245,3.2696,4.955,0.0114,0.12,11.54,0.94,0.0,476.0,233,229,14,49,48,3,551.0,0.04,0.0001,31838.0,,,,
449,2000,7867,1.7663,-0.0358,3.5008,4.579,0.0105,0.12,17.79,0.92,0.0,614.0,293,304,17,48,50,3,427.0,0.02,0.0001,31854.0,138,46,328,27
450,2000,7908,1.8206,-0.0283,3.5928,4.397,0.0089,0.1,23.52,0.92,0.0,660.0,289,347,24,44,53,4,397.0,0.03,0.0001,31986.0,,,,
451,2000,7925,1.8046,-0.0034,3.5112,4.414,0.0152,0.16,10.06,0.93,0.0,657.0,246,403,8,37,61,1,399.0,0.03,0.0001,31939.0,,,,
452,2000,7941,1.9096,-0.0108,3.7364,4.376,0.0135,0.15,16.39,0.91,0.0,778.0,287,487,4,37,63,1,337.0,0.04,0.0001,31843.0,,,,
453,2000,7958,1.9275,0.0019,3.7441,4.233,0.0142,0.16,11.68,0.91,0.0,920.0,368,551,1,40,60,0,285.0,0.04,0.0001,31852.0,,,,
454,2000,7974,2.0087,0.0029,3.9009,4.037,0.0132,0.15,19.73,0.91,0.0,1046.0,520,523,3,50,50,0,251.0,0.04,0.0001,31841.0,,,,
455,2000,7991,1.9528,-0.0107,3.8137,3.83,0.0154,0.16,10.61,0.92,0.0,1092.0,529,558,5,48,51,0,240.0,0.02,0.0001,31846.0,,,,
456,2000,8007,1.9781,-0.0101,3.8627,3.782,0.0123,0.14,15.89,0.93,0.0,998.0,474,524,0,47,53,0,263.0,0.01,0.0001,31852.0,,,,
457,2000,8024,1.9561,0.0126,3.7726,3.741,0.0138,0.15,12.66,0.93,0.0,1013.0,476,536,1,47,53,0,259.0,0.02,0.0001,31827.0,,,,
458,2000,8040,1.9471,-0.0006,3.7824,3.883,0.014,0.15,15.45,0.93,0.0,1068.0,464,603,1,43,56,0,245.0,0.01,0.0001,31840.0,,,,
459,2000,8057,1.9322,0.0159,3.7218,4.029,0.018,0.16,10.65,0.93,0.0,1067.0,465,602,0,44,56,0,246.0,0.01,0.0001,31846.0,,,,
460,2000,8074,1.9855,0.035,3.7898,3.955,0.0141,0.16,13.07,0.92,0.0,1118.0,489,628,1,44,56,0,234.0,0.01,0.0001,31854.0,,,,
461,2000,8091,1.9663,0.0239,3.7731,4.028,0.0129,0.13,16.74,0.92,0.0,1021.0,470,551,0,46,54,0,257.0,0.01,0.0001,30717.0,,,,
462,2000,8107,1.8552,-0.0142,3.6282,4.143,0.0091,0.09,19.85,0.93,0.0,891.0,457,434,0,51,49,0,294.0,0.01,0.0001,31881.0,,,,
463,2000,8124,1.7543,0.0069,3.3859,4.351,0.0123,0.12,17.43,0.94,0.0,708.0,381,327,0,54,46,0,370.0,0.02,0.0001,31964.0,,,,
464,2000,8140,1.8043,-0.0033,3.5086,4.393,0.0133,0.13,11.53,0.92,0.0,794.0,407,386,1,51,49,0,330.0,0.02,0.0001,31931.0,,,,
465,2000,8157,1.8717,-0.0121,3.6589,4.205,0.0142,0.14,13.97,0.91,0.0,913.0,494,419,0,54,46,0,287.0,0.03,0.0001,31880.0,,,,
466,2000,8173,1.911,-0.017,3.7448,4.039,0.0124,0.13,16.77,0.9,0.0,1017.0,531,486,0,52,48,0,258.0,0.01,0.0001,31899.0,,,,
467,2000,8190,1.8809,-0.0532,3.7556,3.99,0.0086,0.09,25.02,0.92,0.0,1043.0,487,554,2,47,53,0,251.0,0.01,0.0001,31951.0,,,,
468,2000,8206,1.7887,-0.0489,3.5656,4.384,0.0084,0.08,32.34,0.94,0.0,687.0,303,383,1,44,56,0,382.0,0.01,0.0001,31880.0,,,,
469,2000,8223,1.7904,-0.025,3.5245,4.569,0.0102,0.1,26.07,0.93,0.0,643.0,278,364,1,43,57,0,408.0,0.01,0.0001,31944.0,,,,
470,2000,8239,1.84,0.0216,3.5305,4.508,0.0125,0.12,16.75,0.93,0.0,696.0,348,347,1,50,50,0,377.0,0.02,0.0001,31885.0,,,,
471,2000,8256,1.8506,0.0097,3.5734,4.324,0.014,0.14,14.68,0.92,0.0,752.0,359,392,1,48,52,0,349.0,0.03,0.0001,31948.0,,,,
472,2000,8272,1.8489,0.0105,3.5676,4.305,0.0104,0.11,21.65,0.92,0.0,692.0,341,350,1,49,51,0,379.0,0.01,0.0001,31884.0,,,,
473,2000,8289,1.8731,0.0244,3.5887,4.302,0.0143,0.14,14.92,0.91,0.0,727.0,370,356,1,51,49,0,361.0,0.01,0.0001,31897.0,,,,
474,2000,8305,1.8601,0.0104,3.5901,4.28,0.0147,0.14,20.15,0.91,0.0,737.0,371,366,0,50,50,0,356.0,0.01,0.0001,31949.0,,,,
475,2000,8321,1.8319,0.0217,3.513,4.523,0.0125,0.12,22.28,0.9,0.0,630.0,330,299,1,52,47,0,416.0,0.02,0.0001,31891.0,,,,
476,2000,8338,1.7962,0.0124,3.4629,4.672,0.0113,0.11,18.61,0.9,0.0,632.0,326,306,0,52,48,0,415.0,0.02,0.0001,31889.0,,,,
477,2000,8354,1.8701,0.0317,3.5728,4.661,0.0143,0.14,18.36,0.88,0.0,660.0,349,311,0,53,47,0,397.0,0.05,0.0001,31903.0,,,,
478,2000,8371,1.9356,0.0532,3.6577,4.379,0.0149,0.15,14.95,0.89,0.0,846.0,394,450,2,47,53,0,310.0,0.07,0.0001,31890.0,,,,
479,2000,8387,1.9783,0.0656,3.7158,4.215,0.0167,0.16,14.94,0.9,0.0,889.0,402,486,1,45,55,0,295.0,0.09,0.0001,31916.0,,,,
480,2000,8404,2.0041,0.0957,3.7066,4.253,0.0102,0.1,32.4,0.91,0.0,844.0,350,492,2,41,58,0,311.0,0.07,0.0001,31882.0,,,,
481,2000,8421,2.0089,0.0349,3.8396,4.292,0.0064,0.07,27.0,0.88,0.0,970.0,431,539,0,44,56,0,270.0,0.06,0.0001,30737.0,,,,
482,2000,8438,2.0288,0.0472,3.8547,4.271,0.017,0.16,15.24,0.86,0.0,1014.0,530,481,3,52,47,0,259.0,0.06,0.0001,31874.0,,,,
483,2000,8454,1.8648,0.0355,3.5515,4.443,0.0154,0.15,13.25,0.9,0.0,737.0,412,324,1,56,44,0,356.0,0.07,0.0001,31847.0,,,,
484,2000,8471,1.7574,0.0255,3.3597,4.706,0.0131,0.13,10.8,0.92,0.0,532.0,280,251,1,53,47,0,493.0,0.07,0.0001,31872.0,,,,
485,2000,8487,1.7352,0.027,3.3173,5.121,0.0094,0.1,14.72,0.93,0.0,359.0,178,177,4,50,49,1,730.0,0.06,0.0001,31843.0,,,,
486,2000,8504,1.6171,0.0229,3.0901,5.157,0.0143,0.14,7.24,0.93,0.0,362.0,175,186,1,48,51,0,724.0,0.05,0.0001,31831.0,,,,
487,2000,8520,1.5555,0.0232,2.9678,5.319,0.0132,0.13,7.35,0.94,0.0,290.0,141,143,6,49,49,2,904.0,0.04,0.0001,31916.0,,,,
488,2000,8537,1.5993,0.0169,3.0702,5.366,0.0093,0.09,15.36,0.94,0.0,288.0,140,142,6,49,49,2,910.0,0.03,0.0001,31887.0,,,,
489,2000,8553,1.5475,0.0192,2.9625,5.401,0.0142,0.13,5.45,0.93,0.0,282.0,146,124,12,52,44,4,930.0,0.03,0.0001,31873.0,,,,
490,2000,8570,1.5039,0.0255,2.8637,5.537,0.0109,0.1,6.68,0.95,0.0,237.0,121,109,7,51,46,3,1106.0,0.02,0.0001,31874.0,,,,
491,2000,8586,1.5242,0.0145,2.927,5.553,0.011,0.11,9.03,0.94,0.0,239.0,107,126,6,45,53,3,1097.0,0.04,0.0001,31884.0,,,,
492,2000,8603,1.5554,0.0211,2.9768,5.406,0.0114,0.11,6.71,0.94,0.0,314.0,163,126,25,52,40,8,835.0,0.06,0.0001,31839.0,,,,
493,2000,8619,1.5032,0.008,2.8975,5.399,0.0103,0.1,6.58,0.95,0.0,274.0,132,116,26,48,42,9,957.0,0.05,0.0001,31859.0,,,,
494,2000,8636,1.4897,0.0095,2.8687,5.533,0.0111,0.11,5.74,0.94,0.0,286.0,139,120,27,49,42,9,917.0,0.04,0.0001,31899.0,,,,
495,2000,8652,1.4416,0.0117,2.7701,5.681,0.0083,0.08,7.96,0.95,0.0,228.0,115,83,30,50,36,13,1150.0,0.04,0.0001,31849.0,,,,
496,2000,8669,1.5011,0.0043,2.9041,5.498,0.0073,0.07,9.11,0.93,0.0,314.0,150,110,54,48,35,17,835.0,0.03,0.0001,31929.0,,,,
497,2000,8685,1.5043,0.0151,2.8876,5.513,0.0106,0.1,6.7,0.94,0.0,299.0,167,99,33,56,33,11,877.0,0.02,0.0001,31852.0,,,,
498,2000,8702,1.4717,0.0039,2.8465,5.641,0.0081,0.08,7.99,0.93,0.0,257.0,117,104,36,46,40,14,1020.0,0.01,0.0001,31857.0,,,,
499,2000,8718,1.5337,0.0124,2.9514,5.498,0.0103,0.09,6.05,0.92,0.0,325.0,175,124,26,54,38,8,807.0,0.02,0.0001,31944.0,134,46,332,26
500,2000,8750,1.5404,0.0064,2.9747,5.352,0.0094,0.09,7.19,0.92,0.0,351.0,188,138,25,54,39,7,747.0,0.02,0.0001,32044.0,,,,
501,2000,8767,1.5975,0.0107,3.0789,5.34,0.0094,0.09,7.75,0.88,0.0,382.0,200,159,23,52,42,6,686.0,0.01,0.0001,30801.0,,,,
502,2000,8783,1.5762,0.0092,3.039,5.255,0.0084,0.08,11.14,0.9,0.0,360.0,176,159,25,49,44,7,728.0,0.01,0.0001,31921.0,,,,
503,2000,8800,1.6841,0.0133,3.2446,5.088,0.0115,0.11,9.13,0.87,0.0,492.0,254,228,10,52,46,2,533.0,0.02,0.0001,31858.0,,,,
504,2000,8816,1.7872,0.0203,3.4315,4.618,0.0116,0.12,12.68,0.89,0.0,603.0,287,309,7,48,51,1,435.0,0.03,0.0001,31849.0,,,,
505,2000,8833,1.8858,0.0045,3.6562,4.274,0.0066,0.07,25.89,0.89,0.0,771.0,423,345,3,55,45,0,340.0,0.03,0.0001,31908.0,,,,
506,2000,8849,1.9156,0.0318,3.6555,3.99,0.01,0.1,33.69,0.92,0.0,755.0,384,370,1,51,49,0,347.0,0.02,0.0001,31846.0,,,,
507,2000,8866,1.8712,0.0312,3.5687,4.084,0.0098,0.1,29.59,0.93,0.0,690.0,378,309,3,55,45,0,380.0,0.02,0.0001,31843.0,,,,
508,2000,8882,1.8613,0.0336,3.5432,4.04,0.008,0.08,30.34,0.93,0.0,714.0,427,287,0,60,40,0,367.0,0.01,0.0001,31846.0,,,,
509,2000,8899,1.7751,0.052,3.3344,4.211,0.0089,0.09,39.8,0.94,0.0,494.0,284,209,1,57,42,0,531.0,0.01,0.0001,31840.0,,,,
510,2000,8916,1.7774,0.0339,3.3754,4.109,0.0051,0.05,36.6,0.92,0.0,507.0,253,253,1,50,50,0,517.0,0.01,0.0001,31849.0,,,,
511,2000,8932,1.7968,0.0342,3.4155,4.149,0.0069,0.08,31.71,0.93,0.0,539.0,268,271,0,50,50,0,486.0,0.02,0.0001,31861.0,,,,
512,2000,8949,1.8567,0.0363,3.5279,3.874,0.0131,0.14,25.89,0.92,0.0,610.0,311,299,0,51,49,0,430.0,0.02,0.0001,31829.0,,,,
513,2000,8965,1.8562,0.0545,3.4894,3.806,0.0103,0.11,27.65,0.93,0.0,625.0,314,306,5,50,49,1,419.0,0.02,0.0001,31848.0,,,,
514,2000,8982,1.8746,0.0481,3.5389,3.736,0.0125,0.13,26.16,0.94,0.0,673.0,290,380,3,43,56,0,390.0,0.03,0.0001,31895.0,,,,
515,2000,8998,1.8332,0.0259,3.4997,3.716,0.0103,0.11,30.09,0.93,0.0,638.0,297,337,4,47,53,1,411.0,0.03,0.0001,31861.0,,,,
516,2000,9015,1.7925,0.0431,3.3871,3.93,0.0161,0.16,18.95,0.93,0.0,580.0,258,322,0,44,56,0,452.0,0.02,0.0001,31947.0,,,,
517,2000,9031,1.7837,0.0467,3.3672,4.291,0.0184,0.17,15.25,0.92,0.0,622.0,274,347,1,44,56,0,421.0,0.04,0.0001,31858.0,,,,
518,2000,9048,1.7543,0.0431,3.3158,4.276,0.0148,0.15,13.96,0.92,0.0,556.0,262,293,1,47,53,0,471.0,0.07,0.0001,31848.0,,,,
519,2000,9064,1.79,0.0368,3.4023,4.433,0.0167,0.16,13.9,0.89,0.0,609.0,321,286,2,53,47,0,430.0,0.07,0.0001,31851.0,,,,
520,2000,9081,1.8505,0.03,3.5329,4.098,0.0134,0.14,18.7,0.89,0.0,715.0,412,302,1,58,42,0,367.0,0.07,0.0001,31862.0,,,,
521,2000,9098,1.9125,0.0184,3.6843,4.38,0.0126,0.14,15.6,0.87,0.0,784.0,391,390,3,50,50,0,334.0,0.05,0.0001,30809.0,,,,
522,2000,9114,1.8437,0.0268,3.529,4.391,0.0126,0.13,19.28,0.9,0.0,685.0,345,334,6,50,49,1,383.0,0.09,0.0001,31982.0,,,,
523,2000,9131,1.8299,0.0334,3.4866,4.288,0.0142,0.14,15.7,0.9,0.0,685.0,331,351,3,48,51,0,383.0,0.08,0.0001,31874.0,,,,
524,2000,9147,1.9261,0.0348,3.6709,3.802,0.0144,0.15,16.42,0.9,0.0,822.0,403,403,16,49,49,2,319.0,0.05,0.0001,31839.0,,,,
525,2000,9164,1.9923,0.0275,3.8148,3.574,0.0156,0.16,14.63,0.91,0.0,1027.0,526,500,1,51,49,0,255.0,0.04,0.0001,31845.0,,,,
526,2000,9180,1.9386,-0.0082,3.7738,3.24,0.0144,0.15,23.45,0.93,0.0,982.0,557,425,0,57,43,0,267.0,0.03,0.0001,31862.0,,,,
527,2000,9197,1.9219,-0.0265,3.7751,3.14,0.0106,0.12,33.88,0.94,0.0,981.0,505,476,0,51,49,0,267.0,0.02,0.0001,31853.0,,,,
528,2000,9213,1.8857,-0.0354,3.7208,3.233,0.0077,0.09,33.16,0.94,0.0,935.0,531,404,0,57,43,0,280.0,0.02,0.0001,31853.0,,,,
529,2000,9230,1.8077,-0.0338,3.564,3.505,0.0071,0.08,39.59,0.95,0.0,756.0,404,350,2,53,46,0,347.0,0.02,0.0001,31854.0,,,,
530,2000,9246,1.7353,-0.0375,3.4278,3.659,0.0115,0.11,36.68,0.94,0.0,666.0,355,311,0,53,47,0,394.0,0.01,0.0001,31844.0,,,,
531,2000,9263,1.6436,-0.0559,3.2826,3.873,0.0073,0.07,60.81,0.95,0.0,496.0,257,239,0,52,48,0,529.0,0.01,0.0001,31859.0,,,,
532,2000,9279,1.6701,-0.0233,3.2808,4.53,0.0114,0.1,32.4,0.92,0.0,480.0,239,239,2,50,50,0,546.0,0.02,0.0001,31842.0,,,,
533,2000,9296,1.7024,-0.0245,3.346,4.325,0.0092,0.09,36.29,0.92,0.0,517.0,264,252,1,51,49,0,507.0,0.02,0.0001,31852.0,,,,
534,2000,9312,1.7147,-0.0287,3.3764,4.143,0.0116,0.11,42.74,0.92,0.0,533.0,303,230,0,57,43,0,492.0,0.02,0.0001,31848.0,,,,
535,2000,9329,1.7853,-0.0203,3.5035,4.304,0.0109,0.11,40.12,0.92,0.0,606.0,345,260,1,57,43,0,433.0,0.02,0.0001,31861.0,,,,
536,2000,9345,1.8155,-0.0109,3.5446,4.198,0.0183,0.15,24.8,0.91,0.0,819.0,532,286,1,65,35,0,320.0,0.02,0.0001,31849.0,,,,
537,2000,9362,1.7627,-0.0064,3.4311,4.295,0.013,0.12,23.29,0.92,0.0,644.0,427,217,0,66,34,0,407.0,0.02,0.0001,31863.0,,,,
538,2000,9378,1.8136,0.0033,3.51,3.996,0.0133,0.13,24.45,0.91,0.0,668.0,435,230,3,65,34,0,392.0,0.03,0.0001,31909.0,,,,
539,2000,9395,1.8679,0.0153,3.5925,3.815,0.0178,0.17,17.68,0.91,0.0,726.0,427,293,6,59,40,1,361.0,0.06,0.0001,31861.0,,,,
540,2000,9412,1.9762,0.0333,3.7686,3.501,0.0158,0.16,26.31,0.91,0.0,914.0,568,337,9,62,37,1,287.0,0.08,0.0001,31847.0,,,,
541,2000,9429,2.038,0.0453,3.8732,3.714,0.0178,0.18,16.69,0.88,0.0,1040.0,554,475,11,53,46,1,252.0,0.07,0.0001,30704.0,,,,
542,2000,9445,2.008,0.0112,3.8855,3.897,0.0206,0.21,9.88,0.86,0.0,1140.0,590,542,8,52,48,1,230.0,0.05,0.0001,31862.0,,,,
543,2000,9462,1.9619,0.0038,3.8076,3.949,0.0203,0.2,8.14,0.87,0.0,1275.0,682,585,8,53,46,1,206.0,0.05,0.0001,31875.0,,,,
544,2000,9478,1.9741,0.0336,3.7707,3.878,0.0175,0.18,7.48,0.89,0.0,1151.0,646,502,3,56,44,0,228.0,0.08,0.0001,31904.0,,,,
545,2000,9495,1.9978,0.0554,3.7751,3.922,0.0111,0.12,12.06,0.9,0.0,1144.0,576,560,8,50,49,1,229.0,0.08,0.0001,31863.0,,,,
546,2000,9511,1.9721,0.0269,3.7781,3.741,0.0137,0.15,13.44,0.91,0.0,1058.0,539,513,6,51,48,1,248.0,0.07,0.0001,31858.0,,,,
547,2000,9528,1.8859,0.0142,3.6331,3.975,0.0107,0.12,15.45,0.92,0.0,859.0,415,440,4,48,51,0,305.0,0.06,0.0001,31860.0,,,,
548,2000,9544,1.8554,0.0094,3.5778,3.752,0.007,0.08,27.47,0.93,0.0,820.0,437,375,8,53,46,1,320.0,0.06,0.0001,31917.0,,,,
549,2000,9561,1.8449,0.0323,3.5078,3.599,0.0065,0.07,37.2,0.95,0.0,784.0,448,331,5,57,42,1,334.0,0.08,0.0001,31923.0,197,19,296,38
550,2000,9592,1.8567,0.0165,3.5692,3.941,0.0088,0.09,28.5,0.94,0.0,849.0,476,362,11,56,43,1,309.0,0.12,0.0001,32009.0,,,,
551,2000,9609,1.9234,0.0147,3.7061,3.847,0.0107,0.11,24.28,0.94,0.0,940.0,487,436,17,52,46,2,279.0,0.11,0.0001,31925.0,,,,
552,2000,9625,1.9329,0.0216,3.7099,3.781,0.0112,0.12,30.1,0.94,0.0,969.0,523,437,9,54,45,1,271.0,0.08,0.0001,31871.0,,,,
553,2000,9642,1.9039,0.0269,3.6411,3.802,0.0109,0.11,25.22,0.94,0.0,879.0,425,447,7,48,51,1,298.0,0.06,0.0001,31845.0,,,,
554,2000,9658,1.8836,0.0169,3.6222,3.916,0.0107,0.12,25.05,0.94,0.0,868.0,404,461,3,47,53,0,302.0,0.05,0.0001,31863.0,,,,
555,2000,9675,1.8964,0.0519,3.5768,3.91,0.0089,0.1,25.18,0.94,0.0,768.0,341,424,3,44,55,0,341.0,0.03,0.0001,31937.0,,,,
556,2000,9691,1.8238,0.0166,3.5031,4.002,0.0101,0.1,30.53,0.94,0.0,717.0,304,407,6,42,57,1,366.0,0.03,0.0001,31855.0,,,,
557,2000,9708,1.8531,0.045,3.5041,3.914,0.0086,0.09,35.6,0.93,0.0,709.0,336,368,5,47,52,1,370.0,0.03,0.0001,31850.0,,,,
558,2000,9724,1.9181,0.0658,3.5933,3.955,0.0087,0.09,49.85,0.93,0.0,742.0,355,380,7,48,51,1,353.0,0.03,0.0001,31927.0,,,,
559,2000,9741,1.8838,0.0515,3.5526,3.857,0.0151,0.15,26.72,0.92,0.0,764.0,336,401,27,44,52,4,343.0,0.03,0.0001,31870.0,,,,
560,2000,9757,1.9387,0.0009,3.762,3.662,0.0128,0.13,30.34,0.92,0.0,951.0,433,497,21,46,52,2,276.0,0.02,0.0001,31841.0,,,,
561,2000,9774,2.0554,-0.0001,4.001,3.935,0.0198,0.19,17.36,0.88,0.0,968.0,462,486,20,48,50,2,271.0,0.03,0.0001,30703.0,,,,
562,2000,9791,2.0139,0.0358,3.8465,3.808,0.0246,0.23,7.11,0.86,0.0,1081.0,543,525,13,50,49,1,243.0,0.05,0.0001,31850.0,,,,
563,2000,9807,1.9699,0.0504,3.7295,3.843,0.0203,0.2,8.19,0.89,0.0,955.0,423,520,12,44,54,1,274.0,0.07,0.0001,31844.0,,,,
564,2000,9824,1.9425,0.024,3.7261,3.818,0.0161,0.16,12.8,0.9,0.0,977.0,420,551,6,43,56,1,268.0,0.07,0.0001,31875.0,,,,
565,2000,9840,1.8358,-0.0089,3.5779,3.885,0.0164,0.17,14.14,0.92,0.0,764.0,318,442,4,42,58,1,343.0,0.06,0.0001,31853.0,,,,
566,2000,9857,1.7403,-0.0103,3.3908,4.115,0.0121,0.12,22.8,0.92,0.0,619.0,239,378,2,39,61,0,423.0,0.05,0.0001,31857.0,,,,
567,2000,9874,1.636,-0.0004,3.1698,4.724,0.0135,0.11,19.04,0.92,0.0,416.0,176,233,7,42,56,2,630.0,0.05,0.0001,31857.0,,,,
568,2000,9890,1.5563,-0.0011,3.0157,4.998,0.0136,0.1,17.11,0.95,0.0,299.0,133,149,17,44,50,6,877.0,0.08,0.0001,31861.0,,,,
569,2000,9907,1.5259,0.0063,2.9424,5.201,0.0129,0.11,13.77,0.94,0.0,271.0,121,120,30,45,44,11,967.0,0.09,0.0001,31909.0,,,,
570,2000,9923,1.5491,0.0065,2.9885,5.024,0.0126,0.11,11.45,0.94,0.0,350.0,131,167,52,37,48,15,749.0,0.08,0.0001,31858.0,,,,
571,2000,9940,1.5661,0.0048,3.0235,4.848,0.0116,0.11,14.48,0.93,0.0,381.0,165,170,46,43,45,12,688.0,0.08,0.0001,31859.0,,,,
572,2000,9956,1.6215,0.0207,3.1007,4.67,0.0147,0.13,19.01,0.94,0.0,415.0,181,192,42,44,46,10,632.0,0.09,0.0001,31913.0,,,,
573,2000,9973,1.6701,0.0079,3.2217,4.475,0.0116,0.12,17.8,0.93,0.0,438.0,198,195,45,45,45,10,599.0,0.08,0.0001,31852.0,,,,
574,2000,9989,1.6281,0.0182,3.1179,4.548,0.0127,0.12,15.46,0.94,0.0,419.0,155,217,47,37,52,11,626.0,0.06,0.0001,31869.0,,,,
575,2000,10006,1.5646,0.0164,2.9953,4.703,0.0076,0.08,28.28,0.95,0.0,321.0,114,176,31,36,55,10,817.0,0.06,0.0001,31878.0,,,,
576,2000,10022,1.6004,0.0235,3.0543,4.78,0.0114,0.1,16.18,0.94,0.0,373.0,136,189,48,36,51,13,703.0,0.06,0.0001,31929.0,,,,
577,2000,10039,1.6013,0.0216,3.058,4.677,0.0128,0.12,14.48,0.94,0.0,377.0,131,206,40,35,55,11,695.0,0.06,0.0001,31867.0,,,,
578,2000,10055,1.6293,0.0315,3.0968,4.646,0.0139,0.13,10.97,0.94,0.0,456.0,158,232,66,35,51,14,575.0,0.07,0.0001,31932.0,,,,
579,2000,10072,1.6453,0.0368,3.1162,4.671,0.0136,0.12,14.94,0.93,0.0,405.0,159,199,47,39,49,12,647.0,0.05,0.0001,31863.0,,,,
580,2000,10088,1.6913,0.0294,3.2213,4.536,0.0142,0.14,16.12,0.93,0.0,496.0,180,271,45,36,55,9,529.0,0.04,0.0001,31929.0,,,,
581,2000,10105,1.7234,0.0326,3.2776,4.457,0.014,0.14,14.69,0.91,0.0,505.0,200,258,47,40,51,9,519.0,0.04,0.0001,30771.0,,,,
582,2000,10122,1.7323,0.0233,3.3147,4.477,0.0094,0.1,16.4,0.91,0.0,544.0,247,227,70,45,42,13,482.0,0.03,0.0001,31916.0,,,,
583,2000,10138,1.7999,0.0194,3.4537,4.156,0.0107,0.11,18.7,0.9,0.0,651.0,276,338,37,42,52,6,403.0,0.02,0.0001,31901.0,,,,
584,2000,10155,1.8192,0.015,3.4986,4.045,0.0124,0.13,19.26,0.91,0.0,707.0,281,378,48,40,53,7,371.0,0.02,0.0001,31950.0,,,,
585,2000,10171,1.8141,0.0147,3.4885,3.951,0.0133,0.13,21.02,0.92,0.0,715.0,292,394,29,41,55,4,367.0,0.01,0.0001,31928.0,,,,
586,2000,10188,1.784,0.0477,3.36,3.949,0.0135,0.12,30.5,0.92,0.0,527.0,229,287,11,43,54,2,497.0,0.02,0.0001,31874.0,,,,
587,2000,10204,1.6644,0.0114,3.1982,4.329,0.0099,0.09,30.72,0.94,0.0,426.0,206,209,11,48,49,3,615.0,0.02,0.0001,31919.0,,,,
588,2000,10221,1.6399,0.0299,3.1168,4.439,0.0071,0.07,45.86,0.95,0.0,373.0,175,164,34,47,44,9,703.0,0.01,0.0001,31944.0,,,,
589,2000,10237,1.5579,0.0112,2.9929,4.746,0.0066,0.06,27.24,0.96,0.0,352.0,165,157,30,47,45,9,745.0,0.01,0.0001,31888.0,,,,
590,2000,10254,1.5937,0.0089,3.0707,4.713,0.0051,0.05,38.23,0.95,0.0,361.0,151,157,53,42,43,15,726.0,0.01,0.0001,31895.0,,,,
591,2000,10270,1.6171,0.0031,3.127,4.576,0.0083,0.07,28.02,0.95,0.0,428.0,177,202,49,41,47,11,612.0,0.0,0.0001,31883.0,,,,
592,2000,10287,1.6335,0.0044,3.1554,4.519,0.0128,0.12,20.4,0.95,0.0,515.0,232,230,53,45,45,10,509.0,0.01,0.0001,31882.0,,,,
593,2000,10303,1.6163,0.0049,3.1223,4.669,0.0166,0.12,18.48,0.94,0.0,445.0,205,191,49,46,43,11,589.0,0.01,0.0001,31957.0,,,,
594,2000,10319,1.5215,0.0062,2.9316,4.889,0.0118,0.09,24.08,0.96,0.0,298.0,122,120,56,41,40,19,880.0,0.01,0.0001,31892.0,,,,
595,2000,10336,1.4933,0.0043,2.8829,5.25,0.0102,0.08,26.02,0.96,0.0,217.0,78,90,49,36,41,23,1208.0,0.01,0.0001,31949.0,,,,
596,2000,10352,1.4991,0.0016,2.9023,5.393,0.0131,0.11,13.3,0.96,0.0,255.0,107,103,45,42,40,18,1028.0,0.01,0.0001,31946.0,,,,
597,2000,10369,1.533,0.0149,2.9437,5.29,0.0158,0.12,11.81,0.95,0.0,311.0,119,134,58,38,43,19,843.0,0.01,0.0001,31890.0,,,,
598,2000,10385,1.5215,-0.0023,2.956,5.286,0.0113,0.11,11.09,0.95,0.0,313.0,109,141,63,35,45,20,838.0,0.01,0.0001,31873.0,,,,
599,2000,10402,1.5487,0.0058,2.9937,5.235,0.0108,0.1,13.23,0.95,0.0,347.0,134,148,65,39,43,19,755.0,0.01,0.0001,31950.0,166,28,318,32
600,2000,10433,1.5495,0.0149,2.9771,5.438,0.0119,0.1,9.9,0.93,0.0,327.0,145,141,41,44,43,13,802.0,0.02,0.0001,32032.0,,,,
601,2000,10451,1.5117,0.0039,2.9265,5.584,0.0096,0.08,14.53,0.94,0.0,269.0,107,121,41,40,45,15,975.0,0.02,0.0001,30746.0,,,,
602,2000,10467,1.4826,-0.0007,2.8778,5.624,0.0115,0.08,13.5,0.95,0.0,250.0,90,109,51,36,44,20,1049.0,0.02,0.0001,31860.0,,,,
603,2000,10484,1.4727,0.0053,2.8478,5.66,0.0109,0.09,9.75,0.95,0.0,231.0,80,102,49,35,44,21,1135.0,0.02,0.0001,31869.0,,,,
604,2000,10500,1.5107,0.0045,2.9252,5.554,0.0121,0.1,13.68,0.94,0.0,257.0,82,99,76,32,39,30,1020.0,0.03,0.0001,31940.0,,,,
605,2000,10517,1.4705,0.0067,2.8371,5.424,0.0115,0.1,9.8,0.95,0.0,262.0,78,103,81,30,39,31,1001.0,0.04,0.0001,31881.0,,,,
606,2000,10533,1.4374,0.0068,2.771,5.481,0.0122,0.1,10.0,0.96,0.0,235.0,64,86,85,27,37,36,1116.0,0.02,0.0001,31936.0,,,,
607,2000,10550,1.4529,0.0079,2.7992,5.338,0.0115,0.1,8.52,0.95,0.0,253.0,61,118,74,24,47,29,1036.0,0.03,0.0001,31947.0,,,,
608,2000,10566,1.5449,0.018,2.9613,5.173,0.0104,0.09,12.19,0.94,0.0,328.0,109,145,74,33,44,23,799.0,0.02,0.0001,31943.0,,,,
609,2000,10582,1.4634,0.0133,2.8107,5.395,0.0081,0.07,14.57,0.96,0.0,258.0,85,94,79,33,36,31,1016.0,0.01,0.0001,31880.0,,,,
610,2000,10599,1.48,0.0181,2.8361,5.452,0.0094,0.08,12.7,0.96,0.0,256.0,74,108,74,29,42,29,1024.0,0.02,0.0001,31873.0,,,,
611,2000,10615,1.4453,0.0241,2.7542,5.393,0.0099,0.09,8.4,0.97,0.0,204.0,73,69,62,36,34,30,1285.0,0.03,0.0001,31880.0,,,,
612,2000,10632,1.4449,0.0066,2.7915,5.458,0.0111,0.09,12.85,0.96,0.0,254.0,66,101,87,26,40,34,1032.0,0.03,0.0001,31937.0,,,,
613,2000,10648,1.463,0.0127,2.8144,5.471,0.0083,0.07,12.03,0.96,0.0,254.0,72,89,93,28,35,37,1032.0,0.03,0.0001,31948.0,,,,
614,2000,10665,1.5108,0.0191,2.8923,5.312,0.0099,0.07,19.23,0.95,0.0,284.0,88,111,85,31,39,30,923.0,0.04,0.0001,31886.0,,,,
615,2000,10681,1.5506,0.032,2.9446,5.286,0.0083,0.07,14.74,0.95,0.0,276.0,90,142,44,33,51,16,950.0,0.03,0.0001,31884.0,,,,
616,2000,10698,1.6074,0.0398,3.0436,5.191,0.0109,0.09,19.05,0.94,0.0,339.0,138,131,70,41,39,21,773.0,0.04,0.0001,31918.0,,,,
617,2000,10714,1.5968,0.0397,3.0213,5.13,0.0083,0.07,19.63,0.95,0.0,332.0,131,151,50,39,45,15,790.0,0.03,0.0001,31937.0,,,,
618,2000,10731,1.6084,0.0552,3.0173,5.259,0.0108,0.1,11.72,0.93,0.0,330.0,135,134,61,41,41,18,794.0,0.03,0.0001,31943.0,,,,
619,2000,10747,1.5813,0.0475,2.9765,5.247,0.0091,0.08,17.92,0.93,0.0,298.0,126,117,55,42,39,18,880.0,0.04,0.0001,31876.0,,,,
620,2000,10764,1.5768,0.0397,2.9796,4.99,0.0065,0.06,19.1,0.92,0.0,320.0,121,136,63,38,42,20,819.0,0.04,0.0001,31866.0,,,,
621,2000,10781,1.5994,0.0587,2.9898,5.329,0.0101,0.09,18.95,0.92,0.0,315.0,124,129,62,39,41,20,832.0,0.04,0.0001,30735.0,,,,
622,2000,10797,1.5984,0.0535,3.0008,5.299,0.011,0.11,9.19,0.92,0.0,353.0,146,134,73,41,38,21,743.0,0.03,0.0001,31878.0,,,,
623,2000,10814,1.6543,0.0662,3.0862,5.082,0.0124,0.11,11.65,0.91,0.0,386.0,177,135,74,46,35,19,679.0,0.03,0.0001,31849.0,,,,
624,2000,10830,1.6107,0.0558,3.0204,5.254,0.0091,0.09,15.32,0.91,0.0,320.0,132,119,69,41,37,22,819.0,0.04,0.0001,31913.0,,,,
625,2000,10847,1.5978,0.06,2.9857,5.376,0.0119,0.1,15.12,0.89,0.0,319.0,152,101,66,48,32,21,822.0,0.03,0.0001,31921.0,,,,
626,2000,10863,1.5743,0.0558,2.9465,5.337,0.0109,0.1,11.89,0.9,0.0,322.0,157,92,73,49,29,23,814.0,0.04,0.0001,31937.0,,,,
627,2000,10880,1.5595,0.0479,2.931,5.302,0.0096,0.09,13.72,0.91,0.0,302.0,133,96,73,44,32,24,868.0,0.05,0.0001,31868.0,,,,
628,2000,10896,1.6096,0.0633,2.9974,5.051,0.0078,0.07,19.13,0.91,0.0,346.0,160,112,74,46,32,21,758.0,0.05,0.0001,31865.0,,,,
629,2000,10913,1.6031,0.0679,2.9782,5.188,0.0126,0.12,11.78,0.9,0.0,329.0,150,112,67,46,34,20,797.0,0.03,0.0001,31873.0,,,,
630,2000,10929,1.6471,0.0623,3.0725,4.772,0.0122,0.11,12.03,0.89,0.0,382.0,205,120,57,54,31,15,686.0,0.02,0.0001,31920.0,,,,
631,2000,10946,1.6285,0.0617,3.0392,4.9,0.0104,0.11,13.66,0.91,0.0,354.0,166,130,58,47,37,16,741.0,0.02,0.0001,31874.0,,,,
632,2000,10962,1.6632,0.0558,3.1203,4.941,0.012,0.12,12.8,0.9,0.0,425.0,206,157,62,48,37,15,617.0,0.03,0.0001,31849.0,,,,
633,2000,10979,1.6704,0.0587,3.13,4.974,0.0115,0.12,9.35,0.9,0.0,476.0,261,166,49,55,35,10,551.0,0.02,0.0001,31856.0,,,,
634,2000,10996,1.7315,0.0571,3.2529,4.71,0.0106,0.11,12.68,0.9,0.0,531.0,262,220,49,49,41,9,494.0,0.01,0.0001,31842.0,,,,
635,2000,11012,1.7336,0.0468,3.2759,4.618,0.0097,0.1,15.47,0.92,0.0,535.0,282,205,48,53,38,9,490.0,0.02,0.0001,31895.0,,,,
636,2000,11029,1.8193,0.054,3.4318,4.497,0.0107,0.1,17.69,0.91,0.0,687.0,360,288,39,52,42,6,382.0,0.02,0.0001,31869.0,,,,
637,2000,11045,1.8573,0.0659,3.4788,4.189,0.0109,0.11,22.44,0.92,0.0,682.0,381,271,30,56,40,4,384.0,0.02,0.0001,31863.0,,,,
638,2000,11062,1.8699,0.0599,3.5153,4.111,0.0126,0.12,14.63,0.92,0.0,828.0,450,346,32,54,42,4,317.0,0.02,0.0001,31850.0,,,,
639,2000,11078,1.8102,0.0486,3.4192,4.251,0.0097,0.1,22.61,0.93,0.0,670.0,356,295,19,53,44,3,391.0,0.03,0.0001,31845.0,,,,
640,2000,11095,1.8295,0.0508,3.4529,4.194,0.0108,0.11,26.04,0.93,0.0,727.0,371,338,18,51,46,2,361.0,0.02,0.0001,31885.0,,,,
641,2000,11112,1.8335,0.0571,3.4493,4.218,0.0132,0.13,18.16,0.93,0.0,641.0,325,286,30,51,45,5,409.0,0.01,0.0001,30716.0,,,,
642,2000,11128,1.8485,0.046,3.5009,4.123,0.0092,0.1,19.94,0.91,0.0,627.0,309,292,26,49,47,4,418.0,0.02,0.0001,31863.0,,,,
643,2000,11145,1.8526,0.03,3.5365,3.821,0.0107,0.11,25.5,0.92,0.0,699.0,318,350,31,45,50,4,375.0,0.02,0.0001,31886.0,,,,
644,2000,11161,1.8578,0.0548,3.4989,3.983,0.0067,0.07,34.08,0.92,0.0,659.0,304,326,29,46,49,4,398.0,0.02,0.0001,31875.0,,,,
645,2000,11178,1.7633,0.0393,3.3433,4.121,0.0098,0.1,35.49,0.93,0.0,548.0,239,287,22,44,52,4,478.0,0.02,0.0001,31883.0,,,,
646,2000,11194,1.6812,0.0349,3.191,4.387,0.0121,0.11,20.31,0.94,0.0,414.0,189,199,26,46,48,6,633.0,0.02,0.0001,31872.0,,,,
647,2000,11211,1.6641,0.0364,3.1546,4.454,0.0112,0.11,16.59,0.94,0.0,436.0,188,200,48,43,46,11,601.0,0.02,0.0001,31877.0,,,,
648,2000,11227,1.7265,0.028,3.2964,4.327,0.0104,0.1,22.35,0.92,0.0,532.0,215,251,66,40,47,12,493.0,0.02,0.0001,31893.0,,,,
649,2000,11244,1.667,0.0239,3.1846,4.437,0.0089,0.09,18.75,0.93,0.0,465.0,218,196,51,47,42,11,564.0,0.03,0.0001,31894.0,204,20,288,40
650,2000,11275,1.6523,0.0179,3.1677,4.397,0.0124,0.11,18.73,0.93,0.0,454.0,187,210,57,41,46,13,577.0,0.02,0.0001,32008.0,,,,
651,2000,11292,1.598,0.0302,3.0361,4.631,0.0152,0.12,22.37,0.95,0.0,338.0,146,142,50,43,42,15,776.0,0.02,0.0001,31884.0,,,,
652,2000,11308,1.4983,0.0078,2.8881,4.961,0.0075,0.07,20.7,0.96,0.0,256.0,84,103,69,33,40,27,1024.0,0.02,0.0001,31871.0,,,,
653,2000,11325,1.4671,0.0229,2.7983,5.209,0.0128,0.1,12.0,0.96,0.0,241.0,77,84,80,32,35,33,1088.0,0.02,0.0001,31886.0,,,,
654,2000,11341,1.4701,0.0226,2.8074,5.261,0.0124,0.1,12.01,0.95,0.0,267.0,94,93,80,35,35,30,982.0,0.02,0.0001,31850.0,,,,
655,2000,11358,1.5572,0.0136,2.9954,4.684,0.0074,0.07,23.55,0.95,0.0,369.0,127,145,97,34,39,26,710.0,0.01,0.0001,31872.0,,,,
656,2000,11374,1.5883,0.0087,3.0626,4.591,0.0119,0.11,20.32,0.94,0.0,435.0,168,173,94,39,40,22,603.0,0.01,0.0001,31890.0,,,,
657,2000,11391,1.554,0.0176,2.9772,4.621,0.0105,0.09,20.82,0.95,0.0,375.0,139,161,75,37,43,20,699.0,0.01,0.0001,31891.0,,,,
658,2000,11407,1.5135,0.0151,2.9027,4.91,0.0092,0.08,16.63,0.95,0.0,316.0,123,132,61,39,42,19,830.0,0.01,0.0001,31875.0,,,,
659,2000,11424,1.538,0.0241,2.9339,4.882,0.0111,0.09,25.22,0.95,0.0,265.0,90,111,64,34,42,24,989.0,0.01,0.0001,31938.0,,,,
660,2000,11440,1.5666,0.0244,2.9891,4.645,0.0102,0.09,21.44,0.94,0.0,358.0,149,133,76,42,37,21,732.0,0.02,0.0001,31857.0,,,,
661,2000,11458,1.6489,0.0408,3.1171,4.517,0.0101,0.09,33.17,0.94,0.0,396.0,144,168,84,36,42,21,662.0,0.02,0.0001,30748.0,,,,
662,2000,11474,1.6383,0.0337,3.1084,4.63,0.0166,0.12,21.88,0.93,0.0,425.0,166,181,78,39,43,18,617.0,0.03,0.0001,31948.0,,,,
663,2000,11491,1.6688,0.0392,3.1585,4.611,0.0151,0.12,15.49,0.91,0.0,419.0,177,190,52,42,45,12,626.0,0.04,0.0001,31978.0,,,,
664,2000,11507,1.6327,0.0335,3.101,4.728,0.0148,0.13,11.85,0.92,0.0,475.0,222,192,61,47,40,13,552.0,0.06,0.0001,31888.0,,,,
665,2000,11524,1.6592,0.0275,3.1648,4.66,0.0142,0.13,12.19,0.91,0.0,432.0,217,169,46,50,39,11,607.0,0.11,0.0001,31918.0,,,,
666,2000,11540,1.6985,0.0218,3.2548,4.639,0.0126,0.12,12.6,0.89,0.0,527.0,227,249,51,43,47,10,497.0,0.11,0.0001,31881.0,,,,
667,2000,11557,1.6562,0.0166,3.1835,4.804,0.0133,0.12,10.45,0.89,0.0,460.0,214,203,43,47,44,9,570.0,0.12,0.0001,31922.0,,,,
668,2000,11573,1.6115,0.0192,3.0925,5.09,0.0144,0.13,10.67,0.89,0.0,424.0,181,186,57,43,44,13,618.0,0.11,0.0001,31889.0,,,,
669,2000,11590,1.5862,0.007,3.0638,4.929,0.011,0.1,9.51,0.9,0.0,439.0,169,209,61,38,48,14,597.0,0.07,0.0001,31906.0,,,,
670,2000,11606,1.516,-0.0007,2.9414,5.137,0.0079,0.07,14.66,0.92,0.0,317.0,120,139,58,38,44,18,827.0,0.05,0.0001,31897.0,,,,
671,2000,11623,1.491,0.0127,2.8677,5.463,0.0129,0.11,6.51,0.91,0.0,293.0,92,153,48,31,52,16,895.0,0.05,0.0001,31901.0,,,,
672,2000,11639,1.4804,0.0035,2.8642,5.354,0.009,0.08,11.88,0.91,0.0,273.0,115,108,50,42,40,18,960.0,0.04,0.0001,31898.0,,,,
673,2000,11656,1.4512,0.009,2.7979,5.455,0.0111,0.08,6.81,0.92,0.0,252.0,86,95,71,34,38,28,1040.0,0.04,0.0001,31871.0,,,,
674,2000,11672,1.4153,0.0024,2.7417,5.591,0.0112,0.07,7.29,0.93,0.0,239.0,76,91,72,32,38,30,1097.0,0.04,0.0001,31892.0,,,,
675,2000,11689,1.4417,-0.0031,2.8032,5.507,0.0108,0.09,8.69,0.92,0.0,263.0,83,118,62,32,45,24,997.0,0.03,0.0001,31881.0,,,,
676,2000,11705,1.437,-0.005,2.7969,5.557,0.0081,0.06,9.03,0.91,0.0,257.0,94,99,64,37,39,25,1020.0,0.03,0.0001,31870.0,,,,
677,2000,11722,1.4313,0.0017,2.7712,5.574,0.0078,0.06,8.13,0.92,0.0,249.0,105,89,55,42,36,22,1053.0,0.04,0.0001,31898.0,,,,
678,2000,11738,1.483,0.0109,2.8546,5.407,0.0112,0.08,6.73,0.91,0.0,290.0,114,117,59,39,40,20,904.0,0.05,0.0001,31892.0,,,,
679,2000,11755,1.4225,0.0011,2.7558,5.534,0.0068,0.05,10.6,0.94,0.0,224.0,81,80,63,36,36,28,1170.0,0.05,0.0001,31893.0,,,,
680,2000,11771,1.399,0.0048,2.7041,5.704,0.0082,0.05,7.64,0.95,0.0,220.0,75,77,68,34,35,31,1192.0,0.07,0.0001,31875.0,,,,
681,2000,11788,1.4961,0.0046,2.8908,5.367,0.006,0.05,21.98,0.92,0.0,256.0,112,83,61,44,32,24,1024.0,0.08,0.0001,30750.0,,,,
682,2000,11805,1.4681,0.0133,2.8221,5.613,0.0067,0.06,9.99,0.92,0.0,280.0,109,109,62,39,39,22,936.0,0.05,0.0001,31873.0,,,,
683,2000,11821,1.5015,0.0134,2.8868,5.466,0.0068,0.05,14.82,0.92,0.0,267.0,103,114,50,39,43,19,982.0,0.05,0.0001,31884.0,,,,
684,2000,11838,1.4833,0.0046,2.8669,5.384,0.008,0.06,13.27,0.92,0.0,267.0,97,129,41,36,48,15,982.0,0.06,0.0001,31935.0,,,,
685,2000,11854,1.4714,0.0167,2.8217,5.601,0.0081,0.06,8.25,0.94,0.0,221.0,101,86,34,46,39,15,1186.0,0.07,0.0001,31889.0,,,,
686,2000,11871,1.468,0.0115,2.8248,5.597,0.008,0.06,11.0,0.93,0.0,245.0,94,117,34,38,48,14,1070.0,0.08,0.0001,31881.0,,,,
687,2000,11887,1.449,0.0125,2.7861,5.727,0.0063,0.05,13.17,0.94,0.0,218.0,83,107,28,38,49,13,1202.0,0.06,0.0001,31879.0,,,,
688,2000,11904,1.4334,0.012,2.7562,5.726,0.0085,0.07,7.36,0.92,0.0,209.0,75,82,52,36,39,25,1254.0,0.04,0.0001,31884.0,,,,
689,2000,11920,1.4506,0.0065,2.8002,5.598,0.01,0.07,8.74,0.91,0.0,255.0,108,105,42,42,41,16,1028.0,0.03,0.0001,31887.0,,,,
690,2000,11937,1.4904,0.0084,2.875,5.501,0.0081,0.06,9.8,0.92,0.0,269.0,93,134,42,35,50,16,975.0,0.03,0.0001,31898.0,,,,
691,2000,11953,1.4959,0.0119,2.8779,5.399,0.0076,0.06,11.94,0.93,0.0,275.0,138,102,35,50,37,13,953.0,0.02,0.0001,31881.0,,,,
692,2000,11970,1.4799,0.0214,2.8283,5.428,0.0112,0.07,9.56,0.93,0.0,256.0,109,108,39,43,42,15,1024.0,0.02,0.0001,31871.0,,,,
693,2000,11986,1.447,0.0246,2.7555,5.538,0.0073,0.05,11.37,0.95,0.0,187.0,72,87,28,39,47,15,1402.0,0.02,0.0001,31875.0,,,,
694,2000,12003,1.4719,0.0151,2.8266,5.539,0.0087,0.06,10.02,0.93,0.0,260.0,95,112,53,37,43,20,1008.0,0.02,0.0001,31890.0,,,,
695,2000,12019,1.4544,0.0125,2.7966,5.465,0.0061,0.05,11.51,0.94,0.0,236.0,89,96,51,38,41,22,1111.0,0.03,0.0001,31940.0,,,,
696,2000,12036,1.4229,0.0181,2.7232,5.58,0.0072,0.05,9.69,0.95,0.0,230.0,83,86,61,36,37,27,1140.0,0.03,0.0001,31953.0,,,,
697,2000,12052,1.4364,0.0176,2.7498,5.562,0.0072,0.06,11.95,0.95,0.0,189.0,68,75,46,36,40,24,1387.0,0.03,0.0001,31914.0,,,,
698,2000,12069,1.4451,0.0157,2.7739,5.53,0.01,0.08,13.73,0.95,0.0,219.0,70,94,55,32,43,25,1197.0,0.03,0.0001,31876.0,,,,
699,2000,12085,1.4385,0.0156,2.76,5.474,0.0077,0.06,9.91,0.94,0.0,242.0,76,93,73,31,38,30,1083.0,0.02,0.0001,31893.0,173,9,330,34
700,2000,12117,1.4379,0.0235,2.7435,5.552,0.0103,0.09,5.38,0.95,0.0,238.0,94,81,63,39,34,26,1101.0,0.03,0.0001,32099.0,,,,
701,2000,12134,1.4765,0.0162,2.8317,5.282,0.0078,0.07,10.99,0.94,0.0,273.0,99,122,52,36,45,19,960.0,0.04,0.0001,30716.0,,,,
702,2000,12150,1.5091,0.0167,2.8973,5.336,0.0083,0.07,9.28,0.93,0.0,308.0,113,134,61,37,44,20,851.0,0.04,0.0001,31954.0,,,,
703,2000,12167,1.5762,0.0193,3.0246,5.107,0.0096,0.08,8.64,0.91,0.0,359.0,144,158,57,40,44,16,730.0,0.03,0.0001,31840.0,,,,
704,2000,12183,1.5096,0.0204,2.8897,5.278,0.0098,0.09,6.22,0.92,0.0,302.0,137,117,48,45,39,16,868.0,0.02,0.0001,31926.0,,,,
705,2000,12200,1.4865,0.008,2.8708,5.498,0.0097,0.09,6.54,0.93,0.0,248.0,114,96,38,46,39,15,1057.0,0.03,0.0001,31859.0,,,,
706,2000,12216,1.5266,0.0109,2.9433,5.41,0.01,0.09,6.75,0.92,0.0,284.0,137,120,27,48,42,10,923.0,0.04,0.0001,31950.0,,,,
707,2000,12233,1.5049,0.0084,2.9059,5.469,0.0093,0.08,7.06,0.92,0.0,288.0,117,135,36,41,47,12,910.0,0.05,0.0001,31877.0,,,,
708,2000,12249,1.5236,0.0084,2.9425,5.37,0.0094,0.09,4.67,0.92,0.0,320.0,144,133,43,45,42,13,819.0,0.04,0.0001,31975.0,,,,
709,2000,12266,1.5059,-0.0003,2.9239,5.295,0.0081,0.08,8.39,0.93,0.0,286.0,114,134,38,40,47,13,917.0,0.04,0.0001,31937.0,,,,
710,2000,12282,1.5662,0.0096,3.0228,5.211,0.0087,0.08,11.07,0.92,0.0,322.0,140,145,37,43,45,11,814.0,0.04,0.0001,31910.0,,,,
711,2000,12299,1.5888,0.0133,3.0584,5.062,0.0091,0.08,8.74,0.92,0.0,365.0,163,180,22,45,49,6,718.0,0.04,0.0001,31851.0,,,,
712,2000,12315,1.5862,0.0107,3.0561,4.839,0.0102,0.09,7.87,0.92,0.0,402.0,168,202,32,42,50,8,652.0,0.03,0.0001,31903.0,,,,
713,2000,12332,1.6108,0.0128,3.0998,4.754,0.0088,0.09,14.4,0.93,0.0,397.0,179,196,22,45,49,6,660.0,0.02,0.0001,31933.0,,,,
714,2000,12348,1.6661,0.0197,3.1954,4.588,0.0089,0.09,16.81,0.93,0.0,421.0,178,222,21,42,53,5,623.0,0.04,0.0001,31858.0,,,,
715,2000,12365,1.6346,0.0122,3.1456,4.513,0.0075,0.08,16.87,0.92,0.0,397.0,194,183,20,49,46,5,660.0,0.05,0.0001,31846.0,,,,
716,2000,12381,1.6219,0.019,3.1101,4.789,0.0072,0.07,12.7,0.92,0.0,418.0,176,210,32,42,50,8,627.0,0.04,0.0001,31869.0,,,,
717,2000,12398,1.6054,0.0234,3.0662,4.678,0.0088,0.09,18.54,0.91,0.0,363.0,168,172,23,46,47,6,722.0,0.04,0.0001,31857.0,,,,
718,2000,12414,1.6073,0.0206,3.0759,4.589,0.0082,0.08,15.93,0.92,0.0,364.0,154,176,34,42,48,9,720.0,0.03,0.0001,31857.0,,,,
719,2000,12431,1.5891,0.0125,3.0572,4.71,0.0092,0.09,18.73,0.92,0.0,348.0,160,142,46,46,41,13,753.0,0.03,0.0001,31852.0,,,,
720,2000,12447,1.6176,0.0177,3.1028,4.639,0.0084,0.08,15.06,0.92,0.0,424.0,173,180,71,41,42,17,618.0,0.04,0.0001,31846.0,,,,
721,2000,12465,1.7544,0.0315,3.3451,4.395,0.0107,0.1,16.84,0.89,0.0,547.0,251,252,44,46,46,8,479.0,0.04,0.0001,30749.0,,,,
722,2000,12481,1.8437,0.0271,3.5312,4.254,0.0046,0.04,26.7,0.89,0.0,679.0,299,359,21,44,53,3,386.0,0.04,0.0001,31963.0,,,,
723,2000,12498,1.8184,0.018,3.499,4.277,0.0071,0.07,18.89,0.91,0.0,696.0,324,333,39,47,48,6,377.0,0.04,0.0001,31883.0,,,,
724,2000,12514,1.7541,0.001,3.4043,4.296,0.0086,0.09,20.81,0.92,0.0,585.0,290,275,20,50,47,3,448.0,0.05,0.0001,31840.0,,,,
725,2000,12531,1.6576,0.0025,3.2126,4.678,0.0091,0.09,14.76,0.91,0.0,469.0,205,243,21,44,52,4,559.0,0.05,0.0001,31828.0,,,,
726,2000,12547,1.6198,0.0001,3.1418,4.73,0.005,0.05,21.36,0.91,0.0,407.0,203,189,15,50,46,4,644.0,0.06,0.0001,31846.0,,,,
727,2000,12564,1.5907,-0.0124,3.1108,4.854,0.0079,0.08,14.54,0.9,0.0,411.0,208,180,23,51,44,6,638.0,0.06,0.0001,31928.0,,,,
728,2000,12580,1.6134,-0.0028,3.1386,4.891,0.0107,0.1,10.78,0.89,0.0,416.0,191,201,24,46,48,6,630.0,0.05,0.0001,31843.0,,,,
729,2000,12597,1.6057,-0.0,3.1184,4.975,0.0089,0.08,8.9,0.89,0.0,405.0,222,166,17,55,41,4,647.0,0.04,0.0001,31852.0,,,,
730,2000,12613,1.513,-0.0001,2.9362,5.327,0.013,0.11,5.97,0.9,0.0,298.0,133,144,21,45,48,7,880.0,0.04,0.0001,31862.0,,,,
731,2000,12630,1.4372,0.006,2.7762,5.668,0.0101,0.09,4.77,0.91,0.0,248.0,99,111,38,40,45,15,1057.0,0.04,0.0001,31842.0,,,,
732,2000,12646,1.4053,0.0008,2.7249,5.879,0.011,0.09,5.28,0.9,0.0,209.0,76,90,43,36,43,21,1254.0,0.03,0.0001,31916.0,,,,
733,2000,12663,1.4159,0.0005,2.7447,5.737,0.009,0.07,6.06,0.92,0.0,199.0,78,77,44,39,39,22,1317.0,0.02,0.0001,31834.0,,,,
734,2000,12679,1.3758,-0.0,2.6679,5.866,0.0088,0.07,4.67,0.92,0.0,220.0,60,83,77,27,38,35,1192.0,0.02,0.0001,31904.0,,,,
735,2000,12696,1.3307,-0.0063,2.5912,5.999,0.0092,0.06,4.28,0.94,0.0,195.0,47,55,93,24,28,48,1344.0,0.02,0.0001,31918.0,,,,
736,2000,12712,1.3506,0.0018,2.6146,5.957,0.0082,0.06,5.16,0.93,0.0,185.0,56,47,82,30,25,44,1417.0,0.02,0.0001,31941.0,,,,
737,2000,12729,1.3451,-0.0022,2.6111,5.898,0.0084,0.06,5.17,0.94,0.0,180.0,55,40,85,31,22,47,1456.0,0.02,0.0001,31936.0,,,,
738,2000,12745,1.3288,-0.0052,2.586,5.932,0.0097,0.08,4.25,0.93,0.0,209.0,64,44,101,31,21,48,1254.0,0.01,0.0001,31946.0,,,,
739,2000,12762,1.3441,-0.0007,2.6041,5.779,0.0059,0.04,10.56,0.94,0.0,182.0,46,47,89,25,26,49,1440.0,0.01,0.0001,31930.0,,,,
740,2000,12778,1.3118,0.0006,2.5378,5.932,0.007,0.04,5.69,0.94,0.0,187.0,66,24,97,35,13,52,1402.0,0.01,0.0001,31865.0,,,,
741,2000,12795,1.3968,0.0072,2.691,5.623,0.0063,0.04,8.74,0.91,0.0,218.0,55,59,104,25,27,48,1202.0,0.01,0.0001,30730.0,,,,
742,2000,12812,1.4071,-0.0037,2.7307,5.367,0.0057,0.04,11.66,0.91,0.0,289.0,70,94,125,24,33,43,907.0,0.01,0.0001,31923.0,,,,
743,2000,12828,1.3707,0.0045,2.6446,5.701,0.0065,0.04,7.49,0.92,0.0,206.0,49,75,82,24,36,40,1273.0,0.01,0.0001,31876.0,,,,
744,2000,12845,1.4012,0.0059,2.7,5.472,0.0062,0.04,9.52,0.92,0.0,237.0,58,83,96,24,35,41,1106.0,0.03,0.0001,31873.0,,,,
745,2000,12861,1.4094,-0.001,2.7317,5.401,0.0061,0.05,13.48,0.92,0.0,260.0,95,77,88,37,30,34,1008.0,0.04,0.0001,31895.0,,,,
746,2000,12878,1.4354,0.0107,2.762,5.365,0.0091,0.07,7.49,0.91,0.0,335.0,112,100,123,33,30,37,783.0,0.03,0.0001,31885.0,,,,
747,2000,12894,1.4142,0.0072,2.7255,5.317,0.0094,0.07,8.52,0.92,0.0,267.0,99,87,81,37,33,30,982.0,0.01,0.0001,31886.0,,,,
748,2000,12911,1.423,0.0004,2.7565,5.151,0.0074,0.06,8.01,0.93,0.0,284.0,107,78,99,38,27,35,923.0,0.01,0.0001,31883.0,,,,
749,2000,12927,1.3901,-0.0005,2.6933,5.322,0.0088,0.07,8.51,0.93,0.0,256.0,85,86,85,33,34,33,1024.0,0.02,0.0001,31893.0,153,15,344,30
750,2000,12959,1.4059,-0.008,2.7402,5.239,0.0064,0.05,7.97,0.92,0.0,297.0,103,88,106,35,30,36,883.0,0.02,0.0001,32100.0,,,,
751,2000,12975,1.3701,-0.0057,2.6649,5.453,0.0088,0.07,6.93,0.93,0.0,232.0,81,58,93,35,25,40,1130.0,0.03,0.0001,31879.0,,,,
752,2000,12992,1.415,-0.0009,2.7444,5.232,0.0088,0.07,9.38,0.93,0.0,267.0,78,91,98,29,34,37,982.0,0.03,0.0001,31872.0,,,,
753,2000,13008,1.4492,-0.0046,2.8146,4.891,0.0083,0.08,12.36,0.92,0.0,301.0,119,90,92,40,30,31,871.0,0.03,0.0001,31883.0,,,,
754,2000,13025,1.4385,-0.0104,2.8056,4.87,0.0071,0.06,15.22,0.93,0.0,288.0,89,98,101,31,34,35,910.0,0.03,0.0001,31938.0,,,,
755,2000,13041,1.4944,-0.0036,2.903,4.808,0.0075,0.07,13.01,0.91,0.0,336.0,136,111,89,40,33,26,780.0,0.03,0.0001,31883.0,,,,
756,2000,13058,1.6124,-0.0103,3.1472,4.314,0.0053,0.05,26.88,0.92,0.0,416.0,169,173,74,41,42,18,630.0,0.04,0.0001,31873.0,,,,
757,2000,13074,1.614,-0.0101,3.1503,4.245,0.0061,0.06,17.94,0.92,0.0,468.0,215,185,68,46,40,15,560.0,0.06,0.0001,31873.0,,,,
758,2000,13091,1.644,-0.0077,3.2098,4.384,0.0084,0.09,14.4,0.91,0.0,481.0,209,208,64,43,43,13,545.0,0.05,0.0001,31950.0,,,,
759,2000,13107,1.6644,-0.0058,3.2439,4.303,0.0066,0.07,17.24,0.92,0.0,468.0,232,202,34,50,43,7,560.0,0.07,0.0001,31878.0,,,,
760,2000,13124,1.705,0.0022,3.3097,4.311,0.0098,0.11,11.07,0.92,0.0,552.0,250,265,37,45,48,7,475.0,0.07,0.0001,31873.0,,,,
761,2000,13141,1.7876,0.005,3.4651,4.186,0.0084,0.08,16.96,0.91,0.0,604.0,263,322,19,44,53,3,434.0,0.06,0.0001,30759.0,,,,
762,2000,13158,1.6723,-0.0015,3.2518,4.576,0.0089,0.08,17.32,0.92,0.0,476.0,212,243,21,45,51,4,551.0,0.04,0.0001,31874.0,,,,
763,2000,13174,1.6674,0.0072,3.2267,4.834,0.0065,0.07,15.14,0.9,0.0,470.0,236,221,13,50,47,3,558.0,0.03,0.0001,31877.0,,,,
764,2000,13191,1.6422,0.002,3.1884,4.92,0.0083,0.08,15.18,0.9,0.0,434.0,232,187,15,53,43,3,604.0,0.03,0.0001,31865.0,,,,
765,2000,13207,1.6485,0.0141,3.1792,4.847,0.0112,0.1,13.65,0.91,0.0,450.0,179,223,48,40,50,11,583.0,0.04,0.0001,31879.0,,,,
766,2000,13224,1.6129,0.0074,3.122,4.974,0.0098,0.1,11.65,0.91,0.0,417.0,176,206,35,42,49,8,629.0,0.05,0.0001,31867.0,,,,
767,2000,13240,1.6024,0.0091,3.0943,4.785,0.0087,0.09,21.67,0.92,0.0,374.0,163,162,49,44,43,13,701.0,0.04,0.0001,31868.0,,,,
768,2000,13257,1.5219,0.0153,2.9243,5.097,0.0098,0.09,11.2,0.94,0.0,343.0,145,142,56,42,41,16,764.0,0.03,0.0001,31928.0,,,,
769,2000,13273,1.5425,0.0163,2.9659,5.119,0.0083,0.08,10.98,0.92,0.0,398.0,182,137,79,46,34,20,659.0,0.02,0.0001,31881.0,,,,
770,2000,13290,1.5111,0.0237,2.8861,5.102,0.0092,0.08,8.93,0.91,0.0,355.0,151,129,75,43,36,21,738.0,0.01,0.0001,31877.0,,,,
771,2000,13306,1.4971,0.0185,2.8683,5.231,0.0097,0.09,9.89,0.9,0.0,311.0,131,116,64,42,37,21,843.0,0.01,0.0001,31903.0,,,,
772,2000,13323,1.5759,0.0244,3.0132,4.935,0.0107,0.1,8.92,0.89,0.0,387.0,158,164,65,41,42,17,677.0,0.03,0.0001,31851.0,,,,
773,2000,13339,1.5508,0.022,2.9691,4.995,0.0127,0.11,7.99,0.91,0.0,414.0,174,149,91,42,36,22,633.0,0.04,0.0001,31857.0,,,,
774,2000,13356,1.5747,0.0081,3.0461,4.979,0.008,0.07,15.63,0.91,0.0,410.0,164,166,80,40,40,20,639.0,0.03,0.0001,31856.0,,,,
775,2000,13372,1.5308,0.0102,2.951,5.001,0.0096,0.09,12.4,0.92,0.0,335.0,138,143,54,41,43,16,783.0,0.03,0.0001,31875.0,,,,
776,2000,13389,1.4698,0.0029,2.847,5.263,0.009,0.08,8.33,0.93,0.0,290.0,130,113,47,45,39,16,904.0,0.03,0.0001,31848.0,,,,
777,2000,13405,1.4492,0.0105,2.7921,5.434,0.0105,0.1,8.68,0.93,0.0,272.0,109,100,63,40,37,23,964.0,0.04,0.0001,31888.0,,,,
778,2000,13422,1.3961,0.0056,2.6965,5.664,0.0108,0.08,7.78,0.94,0.0,207.0,75,66,66,36,32,32,1266.0,0.04,0.0001,31919.0,,,,
779,2000,13438,1.3638,0.0096,2.625,5.739,0.0111,0.08,5.53,0.94,0.0,180.0,40,72,68,22,40,38,1456.0,0.04,0.0001,31861.0,,,,
780,2000,13455,1.3856,0.0083,2.6725,5.661,0.0095,0.07,4.77,0.93,0.0,247.0,80,71,96,32,29,39,1061.0,0.03,0.0001,31859.0,,,,
781,2000,13472,1.3961,0.0091,2.6885,5.585,0.0096,0.08,6.5,0.93,0.0,245.0,69,60,116,28,24,47,1070.0,0.01,0.0001,30732.0,,,,
782,2000,13488,1.356,0.0067,2.6153,5.752,0.0087,0.07,4.76,0.94,0.0,205.0,54,58,93,26,28,45,1279.0,0.03,0.0001,31855.0,,,,
783,2000,13505,1.3314,0.0035,2.5718,5.918,0.0083,0.07,6.67,0.94,0.0,166.0,41,45,80,25,27,48,1579.0,0.02,0.0001,31860.0,,,,
784,2000,13521,1.3023,-0.0003,2.5242,6.006,0.0085,0.06,5.17,0.93,0.0,169.0,41,25,103,24,15,61,1551.0,0.02,0.0001,31845.0,,,,
785,2000,13538,1.3146,-0.0006,2.5514,6.017,0.0076,0.05,5.15,0.9,0.0,169.0,41,35,93,24,21,55,1551.0,0.02,0.0001,31905.0,,,,
786,2000,13554,1.3299,0.0043,2.5724,5.972,0.0102,0.07,3.81,0.91,0.0,193.0,54,43,96,28,22,50,1358.0,0.02,0.0001,31872.0,,,,
787,2000,13571,1.271,0.0067,2.4508,6.08,0.008,0.06,2.98,0.96,0.0,148.0,25,21,102,17,14,69,1771.0,0.01,0.0001,31864.0,,,,
788,2000,13587,1.2762,0.0046,2.4645,6.088,0.0069,0.04,4.45,0.95,0.0,132.0,12,10,110,9,8,83,1986.0,0.01,0.0001,31872.0,,,,
789,2000,13604,1.2703,0.012,2.4391,6.053,0.0088,0.04,3.55,0.96,0.0,139.0,15,7,117,11,5,84,1886.0,0.01,0.0001,31916.0,,,,
790,2000,13620,1.3032,0.0166,2.4927,5.97,0.0062,0.03,6.42,0.94,0.0,174.0,27,15,132,16,9,76,1507.0,0.0,0.0001,31852.0,,,,
791,2000,13637,1.3203,0.0293,2.5002,6.017,0.0067,0.04,4.27,0.95,0.0,177.0,30,20,127,17,11,72,1481.0,0.01,0.0001,31909.0,,,,
792,2000,13653,1.316,0.0198,2.5101,5.962,0.0071,0.05,4.57,0.94,0.0,156.0,31,17,108,20,11,69,1680.0,0.01,0.0001,31872.0,,,,
793,2000,13670,1.3136,0.0154,2.5143,5.979,0.006,0.04,3.72,0.95,0.0,172.0,35,31,106,20,18,62,1524.0,0.01,0.0001,31863.0,,,,
794,2000,13686,1.3701,0.0211,2.6142,5.768,0.0051,0.04,6.45,0.94,0.0,204.0,50,34,120,25,17,59,1285.0,0.02,0.0001,31867.0,,,,
795,2000,13703,1.4778,0.0227,2.8223,5.276,0.0048,0.05,11.48,0.92,0.0,297.0,86,95,116,29,32,39,883.0,0.02,0.0001,31860.0,,,,
796,2000,13719,1.4268,0.0254,2.7159,5.447,0.0062,0.06,7.9,0.92,0.0,232.0,76,72,84,33,31,36,1130.0,0.02,0.0001,31864.0,,,,
797,2000,13736,1.4081,0.0237,2.685,5.629,0.0075,0.06,6.38,0.91,0.0,221.0,75,67,79,34,30,36,1186.0,0.02,0.0001,31857.0,,,,
798,2000,13752,1.4132,0.0243,2.6958,5.666,0.0078,0.07,6.01,0.91,0.0,215.0,56,65,94,26,30,44,1219.0,0.03,0.0001,31862.0,,,,
799,2000,13769,1.4258,0.0144,2.7404,5.599,0.0075,0.06,9.75,0.9,0.0,263.0,75,64,124,29,24,47,997.0,0.03,0.0001,31870.0,140,21,351,27
800,2000,13800,1.3713,0.0087,2.6439,5.781,0.0058,0.05,5.28,0.92,0.0,206.0,64,58,84,31,28,41,1273.0,0.03,0.0001,31990.0,,,,
801,2000,13818,1.3359,0.0187,2.5547,5.982,0.0099,0.07,2.85,0.93,0.0,180.0,48,38,94,27,21,52,1456.0,0.02,0.0001,30794.0,,,,
802,2000,13834,1.3215,0.0178,2.5287,6.024,0.0091,0.07,2.44,0.93,0.0,155.0,30,27,98,19,17,63,1691.0,0.02,0.0001,31964.0,,,,
803,2000,13851,1.3433,0.0181,2.5747,5.899,0.0085,0.07,2.56,0.93,0.0,219.0,40,43,136,18,20,62,1197.0,0.03,0.0001,31898.0,,,,
804,2000,13867,1.3132,0.0053,2.5406,5.969,0.0057,0.04,3.17,0.95,0.0,158.0,27,34,97,17,22,61,1659.0,0.02,0.0001,31892.0,,,,
805,2000,13884,1.313,0.0053,2.5386,5.892,0.0062,0.04,3.48,0.95,0.0,190.0,37,35,118,19,18,62,1380.0,0.01,0.0001,31890.0,,,,
806,2000,13900,1.3487,-0.0012,2.6214,5.835,0.0077,0.06,2.74,0.92,0.0,207.0,71,38,98,34,18,47,1266.0,0.01,0.0001,31921.0,,,,
807,2000,13916,1.3992,-0.0035,2.7285,5.667,0.0066,0.06,4.44,0.92,0.0,300.0,98,65,137,33,22,46,874.0,0.02,0.0001,31954.0,,,,
808,2000,13933,1.4127,-0.0104,2.7666,5.478,0.0073,0.07,3.62,0.92,0.0,263.0,96,76,91,37,29,35,997.0,0.02,0.0001,31865.0,,,,
809,2000,13950,1.4337,-0.0016,2.7925,5.469,0.0077,0.07,3.86,0.93,0.0,299.0,98,99,102,33,33,34,877.0,0.03,0.0001,31889.0,,,,
810,2000,13966,1.4783,-0.0014,2.8804,5.347,0.0067,0.07,4.6,0.93,0.0,321.0,133,109,79,41,34,25,817.0,0.03,0.0001,31895.0,,,,
811,2000,13983,1.5413,0.0008,3.0014,5.047,0.0053,0.06,6.75,0.93,0.0,366.0,135,122,109,37,33,30,716.0,0.03,0.0001,31882.0,,,,
812,2000,13999,1.5055,0.0039,2.923,5.132,0.005,0.05,8.31,0.94,0.0,325.0,137,110,78,42,34,24,807.0,0.04,0.0001,31946.0,,,,
813,2000,14016,1.4769,0.0022,2.8701,5.353,0.0063,0.06,7.45,0.93,0.0,285.0,116,100,69,41,35,24,920.0,0.03,0.0001,31895.0,,,,
814,2000,14032,1.4164,0.0007,2.7539,5.476,0.0051,0.05,5.68,0.94,0.0,209.0,66,73,70,32,35,33,1254.0,0.02,0.0001,31896.0,,,,
815,2000,14049,1.43,-0.0028,2.7902,5.474,0.0068,0.07,6.28,0.94,0.0,289.0,97,105,87,34,36,30,907.0,0.03,0.0001,31875.0,,,,
816,2000,14065,1.5253,-0.0031,2.9805,5.158,0.0072,0.08,5.51,0.92,0.0,384.0,144,137,103,38,36,27,683.0,0.03,0.0001,31964.0,,,,
817,2000,14082,1.5716,-0.0012,3.0683,5.075,0.0074,0.08,5.95,0.92,0.0,464.0,195,168,101,42,36,22,565.0,0.03,0.0001,31872.0,,,,
818,2000,14098,1.629,0.0108,3.1534,4.977,0.0074,0.08,7.66,0.93,0.0,432.0,183,192,57,42,44,13,607.0,0.04,0.0001,31867.0,,,,
819,2000,14115,1.6549,0.0143,3.1986,4.818,0.0078,0.09,6.56,0.93,0.0,527.0,232,228,67,44,43,13,497.0,0.05,0.0001,31876.0,,,,
820,2000,14131,1.6515,0.0148,3.1913,4.99,0.0068,0.07,6.56,0.94,0.0,475.0,188,241,46,40,51,10,552.0,0.06,0.0001,31879.0,,,,
821,2000,14148,1.7368,0.0386,3.3134,4.975,0.0066,0.07,10.33,0.93,0.0,540.0,286,195,59,53,36,11,485.0,0.08,0.0001,30749.0,,,,
822,2000,14165,1.7163,0.0339,3.2808,5.108,0.0073,0.07,8.85,0.94,0.0,547.0,301,202,44,55,37,8,479.0,0.09,0.0001,31862.0,,,,
823,2000,14181,1.6485,0.0371,3.1412,5.265,0.0082,0.09,5.72,0.94,0.0,467.0,231,178,58,49,38,12,561.0,0.08,0.0001,31961.0,,,,
824,2000,14198,1.6655,0.0326,3.1843,5.218,0.0062,0.07,9.64,0.93,0.0,488.0,228,206,54,47,42,11,537.0,0.06,0.0001,31887.0,,,,
825,2000,14214,1.692,0.0258,3.2458,5.05,0.0048,0.05,13.0,0.93,0.0,514.0,265,207,42,52,40,8,510.0,0.05,0.0001,31891.0,,,,
826,2000,14231,1.6554,0.0239,3.1789,5.211,0.0068,0.07,10.29,0.93,0.0,496.0,241,204,51,49,41,10,529.0,0.05,0.0001,31883.0,,,,
827,2000,14247,1.6156,0.0268,3.0943,5.386,0.0049,0.05,11.12,0.94,0.0,396.0,196,164,36,49,41,9,662.0,0.04,0.0001,31885.0,,,,
828,2000,14264,1.6595,0.025,3.1852,5.295,0.0057,0.06,11.43,0.93,0.0,427.0,218,170,39,51,40,9,614.0,0.05,0.0001,31914.0,,,,
829,2000,14280,1.6949,0.0175,3.27,5.095,0.0079,0.09,8.59,0.93,0.0,508.0,251,215,42,49,42,8,516.0,0.04,0.0001,31929.0,,,,
830,2000,14297,1.7503,0.0197,3.3742,4.933,0.0063,0.07,18.91,0.93,0.0,554.0,258,249,47,47,45,8,473.0,0.04,0.0001,31895.0,,,,
831,2000,14313,1.7753,0.0246,3.4148,4.922,0.0073,0.08,11.81,0.93,0.0,595.0,291,259,45,49,44,8,441.0,0.05,0.0001,31912.0,,,,
832,2000,14330,1.7929,0.0214,3.4551,4.795,0.0085,0.09,13.53,0.93,0.0,559.0,273,254,32,49,45,6,469.0,0.05,0.0001,31869.0,,,,
833,2000,14346,1.6817,0.0262,3.227,5.139,0.0079,0.08,7.51,0.95,0.0,460.0,216,211,33,47,46,7,570.0,0.06,0.0001,31865.0,,,,
834,2000,14363,1.6166,0.0218,3.1066,5.3,0.0076,0.08,7.16,0.95,0.0,347.0,135,180,32,39,52,9,755.0,0.07,0.0001,31881.0,,,,
835,2000,14379,1.5675,0.0075,3.0372,5.328,0.0072,0.07,9.85,0.96,0.0,323.0,123,160,40,38,50,12,812.0,0.1,0.0001,31881.0,,,,
836,2000,14396,1.5654,0.021,3.0072,5.39,0.0072,0.07,11.18,0.96,0.0,339.0,151,135,53,45,40,16,773.0,0.08,0.0001,31938.0,,,,
837,2000,14412,1.5593,0.0053,3.025,5.257,0.0073,0.07,10.8,0.96,0.0,384.0,152,178,54,40,46,14,683.0,0.07,0.0001,31869.0,,,,
838,2000,14429,1.5658,0.0002,3.0489,5.211,0.0052,0.05,15.66,0.96,0.0,382.0,168,152,62,44,40,16,686.0,0.07,0.0001,31877.0,,,,
839,2000,14445,1.5366,0.0007,2.9916,5.361,0.0073,0.07,12.53,0.96,0.0,384.0,155,162,67,40,42,17,683.0,0.07,0.0001,31871.0,,,,
840,2000,14462,1.5199,0.0039,2.9506,5.453,0.0057,0.06,13.73,0.96,0.0,335.0,135,148,52,40,44,16,783.0,0.05,0.0001,31885.0,,,,
841,2000,14479,1.5187,-0.008,2.9766,5.481,0.0076,0.07,10.42,0.95,0.0,373.0,152,137,84,41,37,23,703.0,0.03,0.0001,30754.0,,,,
842,2000,14495,1.5372,-0.0013,2.999,5.506,0.0068,0.06,11.12,0.95,0.0,351.0,154,132,65,44,38,19,747.0,0.03,0.0001,31868.0,,,,
843,2000,14512,1.6099,-0.0115,3.1649,5.343,0.0088,0.08,10.19,0.94,0.0,456.0,185,187,84,41,41,18,575.0,0.04,0.0001,31883.0,,,,
844,2000,14528,1.6673,-0.0151,3.2833,5.16,0.0087,0.09,9.91,0.94,0.0,544.0,236,237,71,43,44,13,482.0,0.03,0.0001,31880.0,,,,
845,2000,14545,1.6803,-0.0179,3.3086,5.018,0.008,0.08,11.59,0.93,0.0,517.0,234,262,21,45,51,4,507.0,0.04,0.0001,31870.0,,,,
846,2000,14561,1.7478,-0.0114,3.4294,4.861,0.0077,0.08,17.26,0.93,0.0,579.0,258,299,22,45,52,4,453.0,0.03,0.0001,31857.0,,,,
847,2000,14578,1.7607,0.0029,3.4274,4.839,0.0115,0.12,7.96,0.93,0.0,626.0,268,331,27,43,53,4,419.0,0.02,0.0001,31864.0,,,,
848,2000,14594,1.7298,-0.0081,3.3878,4.956,0.0084,0.09,8.67,0.92,0.0,587.0,248,321,18,42,55,3,447.0,0.04,0.0001,31865.0,,,,
849,2000,14611,1.7856,0.0033,3.4743,4.791,0.0078,0.08,12.85,0.92,0.0,581.0,242,324,15,42,56,3,451.0,0.04,0.0001,31853.0,174,12,326,34
850,2000,14642,1.8249,0.009,3.5405,4.674,0.008,0.08,20.3,0.92,0.0,595.0,247,336,12,42,56,2,441.0,0.04,0.0001,31989.0,,,,
851,2000,14659,1.752,0.011,3.3937,4.958,0.0087,0.09,13.53,0.93,0.0,550.0,220,312,18,40,57,3,477.0,0.03,0.0001,31853.0,,,,
852,2000,14676,1.7564,0.0093,3.4073,5.047,0.0092,0.09,14.72,0.93,0.0,491.0,211,260,20,43,53,4,534.0,0.04,0.0001,31863.0,,,,
853,2000,14692,1.6976,0.0083,3.2944,5.131,0.008,0.08,8.97,0.93,0.0,487.0,214,241,32,44,49,7,538.0,0.04,0.0001,31854.0,,,,
854,2000,14709,1.7232,0.0105,3.3412,5.201,0.0089,0.09,7.04,0.92,0.0,518.0,203,287,28,39,55,5,506.0,0.03,0.0001,31855.0,,,,
855,2000,14725,1.7842,0.0097,3.4637,4.954,0.0076,0.08,10.27,0.92,0.0,603.0,280,284,39,46,47,6,435.0,0.03,0.0001,31872.0,,,,
856,2000,14742,1.8194,0.0194,3.5113,4.856,0.0092,0.1,11.39,0.91,0.0,693.0,332,340,21,48,49,3,378.0,0.03,0.0001,31853.0,,,,
857,2000,14758,1.8569,0.0273,3.5687,4.646,0.0089,0.1,11.1,0.9,0.0,736.0,382,327,27,52,44,4,356.0,0.04,0.0001,31919.0,,,,
858,2000,14775,1.8772,0.0324,3.5973,4.548,0.0087,0.09,12.6,0.9,0.0,764.0,418,327,19,55,43,2,343.0,0.04,0.0001,31842.0,,,,
859,2000,14791,1.8669,0.0283,3.5865,4.645,0.0086,0.09,11.21,0.91,0.0,808.0,406,380,22,50,47,3,324.0,0.03,0.0001,31851.0,,,,
860,2000,14808,1.7851,0.0257,3.4298,4.848,0.0072,0.08,11.41,0.92,0.0,610.0,342,257,11,56,42,2,430.0,0.04,0.0001,31873.0,,,,
861,2000,14825,1.8191,0.0247,3.4998,4.829,0.0073,0.08,14.42,0.91,0.0,667.0,341,300,26,51,45,4,393.0,0.04,0.0001,30756.0,,,,
862,2000,14841,1.8075,0.0206,3.4861,4.802,0.0084,0.09,10.08,0.91,0.0,645.0,289,316,40,45,49,6,406.0,0.04,0.0001,31886.0,,,,
863,2000,14858,1.7949,0.0301,3.4394,4.739,0.0085,0.09,12.57,0.93,0.0,597.0,275,291,31,46,49,5,439.0,0.03,0.0001,31859.0,,,,
864,2000,14874,1.7309,0.0287,3.3147,4.854,0.0092,0.1,10.19,0.93,0.0,582.0,272,272,38,47,47,7,450.0,0.02,0.0001,31858.0,,,,
865,2000,14891,1.7036,0.0265,3.2673,5.019,0.0123,0.11,8.12,0.93,0.0,565.0,244,270,51,43,48,9,464.0,0.02,0.0001,31891.0,,,,
866,2000,14907,1.6492,0.0186,3.1726,4.974,0.0096,0.1,7.32,0.95,0.0,453.0,176,233,44,39,51,10,579.0,0.03,0.0001,31868.0,,,,
867,2000,14924,1.6789,0.0084,3.2497,4.826,0.0108,0.11,12.69,0.94,0.0,503.0,214,229,60,43,46,12,521.0,0.04,0.0001,31886.0,,,,
868,2000,14940,1.6618,0.0057,3.2238,4.934,0.0082,0.08,9.76,0.94,0.0,536.0,246,223,67,46,42,12,489.0,0.05,0.0001,31878.0,,,,
869,2000,14957,1.6624,0.0118,3.2147,5.071,0.0082,0.08,7.89,0.93,0.0,518.0,223,225,70,43,43,14,506.0,0.02,0.0001,31839.0,,,,
870,2000,14973,1.7443,0.014,3.3713,4.805,0.011,0.11,8.26,0.93,0.0,593.0,253,288,52,43,49,9,442.0,0.03,0.0001,31833.0,,,,
871,2000,14990,1.7715,0.0118,3.4283,4.781,0.0102,0.1,8.4,0.92,0.0,688.0,279,357,52,41,52,8,381.0,0.04,0.0001,31815.0,,,,
872,2000,15006,1.8477,0.0094,3.5829,4.512,0.0098,0.1,9.84,0.91,0.0,775.0,329,398,48,42,51,6,338.0,0.05,0.0001,31861.0,,,,
873,2000,15023,1.8815,0.0093,3.6476,4.317,0.0099,0.1,13.55,0.92,0.0,812.0,362,424,26,45,52,3,323.0,0.05,0.0001,31827.0,,,,
874,2000,15040,1.9195,0.0169,3.7098,4.372,0.0105,0.11,8.96,0.9,0.0,992.0,458,517,17,46,52,2,264.0,0.05,0.0001,31828.0,,,,
875,2000,15056,1.9569,0.0154,3.7864,4.228,0.0113,0.12,9.48,0.9,0.0,1043.0,508,516,19,49,49,2,251.0,0.04,0.0001,31822.0,,,,
876,2000,15073,1.9489,-0.0043,3.8098,4.256,0.0118,0.11,8.57,0.9,0.0,1089.0,549,524,16,50,48,1,241.0,0.03,0.0001,31820.0,,,,
877,2000,15089,1.9512,0.0067,3.7922,4.276,0.0106,0.11,12.81,0.9,0.0,1095.0,497,584,14,45,53,1,239.0,0.03,0.0001,31894.0,,,,
878,2000,15106,1.8921,-0.0007,3.6879,4.214,0.0116,0.12,12.35,0.92,0.0,959.0,435,511,13,45,53,1,273.0,0.04,0.0001,31830.0,,,,
879,2000,15122,1.8563,-0.0034,3.6208,4.189,0.0088,0.09,12.05,0.92,0.0,899.0,426,458,15,47,51,2,292.0,0.03,0.0001,31889.0,,,,
880,2000,15139,1.8082,0.0013,3.5163,4.356,0.0092,0.09,12.58,0.92,0.0,831.0,413,397,21,50,48,3,315.0,0.02,0.0001,31832.0,,,,
881,2000,15156,1.8068,-0.0084,3.5331,4.414,0.0082,0.09,17.34,0.91,0.0,672.0,327,309,36,49,46,5,390.0,0.02,0.0001,30775.0,,,,
882,2000,15172,1.8039,-0.0177,3.5458,4.327,0.0101,0.1,14.91,0.91,0.0,683.0,344,302,37,50,44,5,384.0,0.03,0.0001,31880.0,,,,
883,2000,15189,1.7813,-0.0208,3.5052,4.229,0.011,0.11,11.88,0.91,0.0,737.0,373,320,44,51,43,6,356.0,0.03,0.0001,31857.0,,,,
884,2000,15205,1.8195,-0.0124,3.5668,4.378,0.0086,0.09,11.63,0.9,0.0,775.0,361,374,40,47,48,5,338.0,0.04,0.0001,31871.0,,,,
885,2000,15222,1.7992,-0.0108,3.5223,4.321,0.0094,0.09,15.44,0.91,0.0,759.0,333,395,31,44,52,4,345.0,0.04,0.0001,31878.0,,,,
886,2000,15238,1.837,-0.0087,3.5966,4.409,0.0118,0.12,13.0,0.89,0.0,825.0,378,414,33,46,50,4,318.0,0.04,0.0001,31863.0,,,,
887,2000,15255,1.8278,0.0017,3.5584,4.48,0.01,0.1,12.25,0.9,0.0,794.0,341,418,35,43,53,4,330.0,0.04,0.0001,31861.0,,,,
888,2000,15271,1.8239,0.0076,3.5388,4.547,0.0116,0.11,12.7,0.9,0.0,796.0,362,399,35,45,50,4,329.0,0.05,0.0001,31866.0,,,,
889,2000,15288,1.8374,0.0066,3.5676,4.491,0.0103,0.1,9.95,0.89,0.0,797.0,382,394,21,48,49,3,329.0,0.04,0.0001,31932.0,,,,
890,2000,15304,1.8275,0.0142,3.5298,4.321,0.0095,0.1,11.61,0.9,0.0,732.0,358,358,16,49,49,2,358.0,0.05,0.0001,31956.0,,,,
891,2000,15321,1.8276,0.023,3.5131,4.35,0.0099,0.1,11.29,0.9,0.0,767.0,350,398,19,46,52,2,342.0,0.04,0.0001,31867.0,,,,
892,2000,15337,1.8288,0.0138,3.5359,4.457,0.0094,0.1,14.24,0.9,0.0,731.0,362,347,22,50,47,3,359.0,0.04,0.0001,31923.0,,,,
893,2000,15354,1.8375,0.0261,3.5269,4.314,0.0085,0.09,15.83,0.9,0.0,732.0,377,339,16,52,46,2,358.0,0.04,0.0001,31857.0,,,,
894,2000,15370,1.8693,0.027,3.5873,4.212,0.0106,0.11,12.74,0.9,0.0,769.0,402,355,12,52,46,2,341.0,0.04,0.0001,31848.0,,,,
895,2000,15387,1.8648,0.0297,3.5743,4.29,0.0115,0.11,10.01,0.9,0.0,846.0,441,376,29,52,44,3,310.0,0.03,0.0001,31923.0,,,,
896,2000,15403,1.8388,0.0277,3.5277,4.423,0.0102,0.11,10.74,0.9,0.0,768.0,410,346,12,53,45,2,341.0,0.02,0.0001,31858.0,,,,
897,2000,15420,1.8643,0.0299,3.5734,4.368,0.0097,0.1,15.4,0.89,0.0,761.0,407,343,11,53,45,1,344.0,0.03,0.0001,31877.0,,,,
898,2000,15436,1.842,0.0362,3.5164,4.445,0.0119,0.12,9.88,0.9,0.0,705.0,362,330,13,51,47,2,372.0,0.04,0.0001,31873.0,,,,
899,2000,15453,1.8489,0.0213,3.559,4.309,0.0131,0.12,10.96,0.9,0.0,801.0,415,372,14,52,46,2,327.0,0.04,0.0001,31879.0,204,14,294,40
900,2000,15484,1.8521,0.0145,3.5778,4.215,0.0106,0.1,11.03,0.9,0.0,776.0,395,361,20,51,47,3,338.0,0.03,0.0001,32054.0,,,,
901,2000,15501,1.8981,0.0332,3.6322,4.245,0.0119,0.12,9.3,0.88,0.0,794.0,388,389,17,49,49,2,330.0,0.04,0.0001,30753.0,,,,
902,2000,15518,1.8358,0.0349,3.5062,4.435,0.0142,0.13,6.05,0.87,0.0,755.0,383,358,14,51,47,2,347.0,0.04,0.0001,31882.0,,,,
903,2000,15534,1.8551,0.0214,3.5712,4.386,0.0124,0.12,8.15,0.87,0.0,776.0,399,370,7,51,48,1,338.0,0.07,0.0001,31870.0,,,,
904,2000,15551,1.8394,0.0276,3.5278,4.392,0.0122,0.12,7.7,0.88,0.0,787.0,410,371,6,52,47,1,333.0,0.09,0.0001,31859.0,,,,
905,2000,15567,1.8703,0.027,3.5895,4.3,0.0111,0.11,8.09,0.87,0.0,864.0,441,400,23,51,46,3,303.0,0.11,0.0001,31926.0,,,,
906,2000,15584,1.8908,0.0265,3.63,4.152,0.0111,0.11,9.82,0.88,0.0,865.0,463,380,22,54,44,3,303.0,0.14,0.0001,31934.0,,,,
907,2000,15600,1.9317,0.0271,3.7103,4.045,0.0119,0.12,7.71,0.88,0.0,965.0,515,434,16,53,45,2,272.0,0.13,0.0001,31860.0,,,,
908,2000,15617,1.8825,0.0392,3.5892,4.174,0.0137,0.13,7.72,0.9,0.0,864.0,457,393,14,53,45,2,303.0,0.1,0.0001,31859.0,,,,
909,2000,15633,1.7923,0.0224,3.4465,4.476,0.0134,0.12,7.08,0.9,0.0,636.0,334,281,21,53,44,3,412.0,0.13,0.0001,31914.0,,,,
910,2000,15650,1.7511,0.0227,3.3647,4.564,0.0129,0.13,7.27,0.9,0.0,610.0,307,277,26,50,45,4,430.0,0.17,0.0001,31862.0,,,,
911,2000,15667,1.7525,0.0152,3.3811,4.386,0.0121,0.12,8.4,0.9,0.0,640.0,304,300,36,48,47,6,410.0,0.16,0.0001,31870.0,,,,
912,2000,15683,1.7341,0.012,3.3515,4.439,0.0095,0.1,10.44,0.91,0.0,601.0,281,268,52,47,45,9,436.0,0.13,0.0001,31889.0,,,,
913,2000,15700,1.7634,0.0171,3.3982,4.407,0.014,0.13,6.97,0.91,0.0,649.0,328,281,40,51,43,6,404.0,0.1,0.0001,31891.0,,,,
914,2000,15716,1.8032,0.0172,3.4775,4.337,0.0116,0.11,9.57,0.91,0.0,733.0,362,330,41,49,45,6,358.0,0.09,0.0001,31871.0,,,,
915,2000,15733,1.776,0.0149,3.4296,4.495,0.0116,0.11,8.81,0.92,0.0,720.0,373,302,45,52,42,6,364.0,0.08,0.0001,31847.0,,,,
916,2000,15749,1.7799,0.0099,3.4457,4.409,0.0115,0.11,8.01,0.92,0.0,755.0,394,337,24,52,45,3,347.0,0.05,0.0001,31938.0,,,,
917,2000,15766,1.7655,0.0033,3.4294,4.445,0.0113,0.11,13.08,0.92,0.0,719.0,372,319,28,52,44,4,365.0,0.06,0.0001,31936.0,,,,
918,2000,15782,1.7281,0.0006,3.3615,4.547,0.0128,0.11,11.4,0.93,0.0,658.0,329,287,42,50,44,6,398.0,0.05,0.0001,31873.0,,,,
919,2000,15799,1.6936,0.0004,3.2915,4.614,0.0081,0.07,16.8,0.93,0.0,590.0,278,277,35,47,47,6,444.0,0.04,0.0001,31926.0,,,,
920,2000,15815,1.6768,-0.0046,3.2685,4.639,0.0099,0.08,16.92,0.93,0.0,524.0,254,236,34,48,45,6,500.0,0.05,0.0001,31925.0,,,,
921,2000,15832,1.6536,0.0098,3.197,4.948,0.0093,0.08,9.91,0.91,0.0,462.0,208,218,36,45,47,8,567.0,0.05,0.0001,30738.0,,,,
922,2000,15849,1.6317,0.0122,3.1497,4.978,0.0114,0.09,12.88,0.91,0.0,419.0,183,182,54,44,43,13,626.0,0.04,0.0001,31862.0,,,,
923,2000,15865,1.6199,0.0168,3.1164,5.047,0.0136,0.11,9.35,0.9,0.0,433.0,185,200,48,43,46,11,605.0,0.04,0.0001,31912.0,,,,
924,2000,15882,1.5415,0.0155,2.9635,5.148,0.0116,0.09,8.04,0.91,0.0,365.0,156,168,41,43,46,11,718.0,0.02,0.0001,31912.0,,,,
925,2000,15898,1.5068,0.0136,2.8989,5.322,0.014,0.09,6.22,0.91,0.0,303.0,138,139,26,46,46,9,865.0,0.03,0.0001,31912.0,,,,
926,2000,15915,1.5396,0.0017,2.9855,4.959,0.0125,0.09,8.39,0.91,0.0,325.0,127,174,24,39,54,7,807.0,0.03,0.0001,31910.0,,,,
927,2000,15931,1.557,0.0037,3.0152,4.894,0.012,0.09,7.21,0.91,0.0,332.0,141,162,29,42,49,9,790.0,0.04,0.0001,31911.0,,,,
928,2000,15948,1.5762,0.002,3.0541,4.694,0.0143,0.11,7.28,0.9,0.0,351.0,159,169,23,45,48,7,747.0,0.05,0.0001,31917.0,,,,
929,2000,15964,1.5366,0.0043,2.9706,4.697,0.0129,0.11,6.5,0.92,0.0,321.0,115,171,35,36,53,11,817.0,0.05,0.0001,31911.0,,,,
930,2000,15981,1.614,0.0026,3.1247,4.282,0.0103,0.09,8.68,0.91,0.0,366.0,134,198,34,37,54,9,716.0,0.09,0.0001,31905.0,,,,
931,2000,15997,1.685,0.0062,3.263,4.462,0.0093,0.09,11.34,0.9,0.0,476.0,203,241,32,43,51,7,551.0,0.08,0.0001,31922.0,,,,
932,2000,16014,1.668,0.0065,3.2302,4.617,0.0098,0.09,13.95,0.91,0.0,433.0,167,242,24,39,56,6,605.0,0.07,0.0001,31911.0,,,,
933,2000,16030,1.6659,0.0072,3.2224,4.608,0.007,0.06,24.58,0.92,0.0,376.0,180,185,11,48,49,3,697.0,0.08,0.0001,31894.0,,,,
934,2000,16047,1.6115,0.0087,3.1118,4.628,0.0069,0.07,13.57,0.93,0.0,371.0,170,186,15,46,50,4,707.0,0.09,0.0001,31901.0,,,,
935,2000,16063,1.6723,0.0106,3.2297,4.654,0.0101,0.09,13.21,0.92,0.0,426.0,179,234,13,42,55,3,615.0,0.1,0.0001,31926.0,,,,
936,2000,16080,1.789,0.0183,3.4458,4.306,0.0094,0.09,16.95,0.9,0.0,586.0,275,289,22,47,49,4,447.0,0.1,0.0001,31968.0,,,,
937,2000,16096,1.8053,0.0323,3.4481,4.2,0.0096,0.09,13.96,0.92,0.0,592.0,250,326,16,42,55,3,443.0,0.09,0.0001,31918.0,,,,
938,2000,16113,1.7924,0.033,3.4204,4.205,0.0132,0.11,17.78,0.91,0.0,607.0,312,280,15,51,46,2,432.0,0.08,0.0001,31922.0,,,,
939,2000,16129,1.7236,0.0258,3.2986,4.343,0.0095,0.09,15.73,0.93,0.0,537.0,263,263,11,49,49,2,488.0,0.05,0.0001,31965.0,,,,
940,2000,16146,1.8066,0.0362,3.4417,4.097,0.0106,0.09,16.64,0.91,0.0,610.0,295,298,17,48,49,3,430.0,0.07,0.0001,31925.0,,,,
941,2000,16163,1.8594,0.0248,3.57,4.149,0.0133,0.11,19.07,0.9,0.0,668.0,313,346,9,47,52,1,392.0,0.06,0.0001,30729.0,,,,
942,2000,16179,1.7578,0.0351,3.3502,4.519,0.0142,0.12,13.52,0.92,0.0,520.0,253,263,4,49,51,1,504.0,0.04,0.0001,31891.0,,,,
943,2000,16196,1.7303,0.0224,3.3195,4.413,0.012,0.1,15.04,0.91,0.0,526.0,253,268,5,48,51,1,498.0,0.03,0.0001,31921.0,,,,
944,2000,16212,1.6965,0.0291,3.2362,4.31,0.0141,0.12,14.98,0.92,0.0,442.0,207,229,6,47,52,1,593.0,0.02,0.0001,31914.0,,,,
945,2000,16229,1.6891,0.0291,3.2214,4.253,0.0119,0.11,10.51,0.92,0.0,459.0,214,222,23,47,48,5,571.0,0.04,0.0001,31927.0,,,,
946,2000,16245,1.6988,0.0283,3.2436,4.289,0.0116,0.1,18.87,0.92,0.0,464.0,236,197,31,51,42,7,565.0,0.04,0.0001,31871.0,,,,
947,2000,16262,1.6866,0.0265,3.2209,4.203,0.0081,0.07,17.28,0.91,0.0,473.0,222,235,16,47,50,3,554.0,0.02,0.0001,31887.0,,,,
948,2000,16278,1.6502,0.0248,3.1548,4.408,0.007,0.07,13.59,0.91,0.0,430.0,202,203,25,47,47,6,610.0,0.03,0.0001,31924.0,,,,
949,2000,16295,1.8109,0.0352,3.4518,4.024,0.013,0.13,15.14,0.89,0.0,602.0,290,295,17,48,49,3,435.0,0.02,0.0001,31874.0,254,3,255,50
950,2000,16326,1.8052,0.0342,3.4417,3.942,0.0111,0.11,14.43,0.91,0.0,632.0,303,310,19,48,49,3,415.0,0.03,0.0001,32086.0,,,,
951,2000,16343,1.8126,0.0279,3.4696,4.053,0.0095,0.09,19.46,0.92,0.0,646.0,314,320,12,49,50,2,406.0,0.02,0.0001,31871.0,,,,
952,2000,16359,1.8396,0.0288,3.5216,4.024,0.0095,0.09,15.63,0.9,0.0,735.0,398,322,15,54,44,2,357.0,0.03,0.0001,31859.0,,,,
953,2000,16376,1.8739,0.0272,3.5928,3.95,0.0107,0.1,18.6,0.9,0.0,761.0,384,364,13,50,48,2,344.0,0.03,0.0001,31907.0,,,,
954,2000,16392,1.9143,0.0293,3.6683,3.836,0.0101,0.1,14.61,0.9,0.0,839.0,405,428,6,48,51,1,312.0,0.03,0.0001,31916.0,,,,
955,2000,16409,1.8917,0.032,3.6187,3.86,0.0127,0.13,12.35,0.91,0.0,868.0,409,451,8,47,52,1,302.0,0.03,0.0001,31862.0,,,,
956,2000,16425,1.8079,0.0199,3.4779,4.14,0.0123,0.12,15.52,0.91,0.0,671.0,317,345,9,47,51,1,391.0,0.02,0.0001,31909.0,,,,
957,2000,16442,1.7594,0.0211,3.3778,4.169,0.0131,0.12,11.51,0.91,0.0,600.0,310,285,5,52,48,1,437.0,0.03,0.0001,31901.0,,,,
958,2000,16458,1.803,0.0195,3.4682,4.106,0.0123,0.12,17.6,0.9,0.0,666.0,309,348,9,46,52,1,394.0,0.03,0.0001,31920.0,,,,
959,2000,16475,1.832,0.0269,3.5094,3.897,0.0136,0.13,10.85,0.89,0.0,753.0,361,383,9,48,51,1,348.0,0.02,0.0001,31870.0,,,,
960,2000,16491,1.8818,0.0227,3.6156,3.766,0.0085,0.09,20.31,0.91,0.0,795.0,409,381,5,51,48,1,330.0,0.02,0.0001,31885.0,,,,
961,2000,16508,1.7796,0.0288,3.4029,4.176,0.0136,0.12,11.66,0.89,0.0,648.0,299,345,4,46,53,1,405.0,0.04,0.0001,30757.0,,,,
962,2000,16525,1.7005,0.0281,3.2485,4.462,0.0144,0.12,9.57,0.9,0.0,500.0,222,272,6,44,54,1,524.0,0.05,0.0001,31889.0,,,,
963,2000,16541,1.6714,0.026,3.1946,4.457,0.015,0.12,13.79,0.91,0.0,479.0,235,237,7,49,49,1,547.0,0.06,0.0001,31880.0,,,,
964,2000,16558,1.7569,0.0311,3.3537,4.303,0.0114,0.11,15.07,0.9,0.0,593.0,267,319,7,45,54,1,442.0,0.05,0.0001,31885.0,,,,
965,2000,16574,1.7608,0.0287,3.3645,4.198,0.011,0.1,16.54,0.9,0.0,583.0,272,301,10,47,52,2,450.0,0.04,0.0001,31874.0,,,,
966,2000,16591,1.7628,0.0194,3.3852,4.018,0.0076,0.08,20.29,0.9,0.0,651.0,279,357,15,43,55,2,403.0,0.03,0.0001,31874.0,,,,
967,2000,16607,1.7529,0.028,3.3486,4.041,0.0108,0.1,20.43,0.91,0.0,622.0,309,303,10,50,49,2,421.0,0.03,0.0001,31874.0,,,,
968,2000,16624,1.7011,0.0199,3.2628,4.184,0.0088,0.08,17.18,0.92,0.0,526.0,268,244,14,51,46,3,498.0,0.03,0.0001,31932.0,,,,
969,2000,16640,1.7404,0.0263,3.3288,4.188,0.0119,0.11,16.47,0.91,0.0,564.0,273,280,11,48,50,2,465.0,0.03,0.0001,31917.0,,,,
970,2000,16657,1.729,0.0214,3.3144,4.071,0.0103,0.1,14.73,0.91,0.0,567.0,303,247,17,53,44,3,462.0,0.04,0.0001,31862.0,,,,
971,2000,16673,1.7335,0.03,3.3065,4.09,0.0112,0.1,17.95,0.92,0.0,585.0,283,288,14,48,49,2,448.0,0.04,0.0001,31864.0,,,,
972,2000,16690,1.7324,0.0192,3.3257,4.088,0.0087,0.09,25.11,0.93,0.0,530.0,248,274,8,47,52,2,495.0,0.05,0.0001,31852.0,,,,
973,2000,16706,1.6682,0.0254,3.1867,4.276,0.0126,0.11,16.92,0.93,0.0,463.0,229,229,5,49,49,1,566.0,0.04,0.0001,31910.0,,,,
974,2000,16723,1.6534,0.0167,3.1745,4.273,0.0107,0.09,13.84,0.92,0.0,466.0,210,245,11,45,53,2,563.0,0.04,0.0001,31866.0,,,,
975,2000,16739,1.6871,0.0176,3.2405,4.246,0.0126,0.11,13.43,0.92,0.0,553.0,236,309,8,43,56,1,474.0,0.05,0.0001,31866.0,,,,
976,2000,16756,1.6449,0.0133,3.1675,4.461,0.0128,0.11,11.72,0.93,0.0,505.0,277,218,10,55,43,2,519.0,0.05,0.0001,31909.0,,,,
977,2000,16772,1.6652,0.0108,3.2137,4.524,0.0105,0.09,11.49,0.92,0.0,513.0,258,248,7,50,48,1,511.0,0.04,0.0001,31858.0,,,,
978,2000,16789,1.7142,0.0135,3.3035,4.27,0.0124,0.1,14.64,0.92,0.0,547.0,269,271,7,49,50,1,479.0,0.05,0.0001,31857.0,,,,
979,2000,16805,1.6778,0.0082,3.2429,4.385,0.0142,0.12,9.66,0.93,0.0,535.0,286,246,3,53,46,1,490.0,0.05,0.0001,31906.0,,,,
980,2000,16822,1.6524,0.0133,3.1818,4.387,0.0144,0.12,7.82,0.93,0.0,486.0,245,233,8,50,48,2,539.0,0.06,0.0001,31851.0,,,,
981,2000,16839,1.6747,0.0004,3.2536,4.513,0.0115,0.1,13.52,0.91,0.0,427.0,215,200,12,50,47,3,614.0,0.06,0.0001,30777.0,,,,
982,2000,16855,1.5896,0.0029,3.0822,4.841,0.0149,0.11,6.42,0.91,0.0,371.0,172,185,14,46,50,4,707.0,0.06,0.0001,31880.0,,,,
983,2000,16872,1.6695,0.0068,3.2285,4.251,0.0149,0.13,7.56,0.9,0.0,477.0,223,237,17,47,50,4,550.0,0.07,0.0001,31868.0,,,,
984,2000,16888,1.6524,0.0024,3.2043,4.341,0.0094,0.09,7.35,0.9,0.0,481.0,221,246,14,46,51,3,545.0,0.04,0.0001,31942.0,,,,
985,2000,16905,1.6592,0.0096,3.203,4.353,0.0135,0.12,4.81,0.9,0.0,505.0,245,231,29,49,46,6,519.0,0.04,0.0001,31941.0,,,,
986,2000,16921,1.6222,0.0137,3.124,4.646,0.0143,0.11,5.27,0.9,0.0,441.0,223,201,17,51,46,4,594.0,0.04,0.0001,31876.0,,,,
987,2000,16938,1.6165,0.018,3.1028,4.583,0.0128,0.11,4.55,0.9,0.0,426.0,217,189,20,51,44,5,615.0,0.04,0.0001,31927.0,,,,
988,2000,16954,1.6779,0.0135,3.2334,4.47,0.012,0.11,5.29,0.88,0.0,492.0,249,233,10,51,47,2,533.0,0.02,0.0001,31872.0,,,,
989,2000,16971,1.7244,0.0277,3.2999,4.514,0.0132,0.12,4.17,0.89,0.0,570.0,261,285,24,46,50,4,460.0,0.04,0.0001,31870.0,,,,
990,2000,16987,1.6557,0.0152,3.1881,4.646,0.01,0.1,5.37,0.91,0.0,478.0,211,249,18,44,52,4,548.0,0.04,0.0001,31857.0,,,,
991,2000,17004,1.6058,0.0088,3.1014,4.705,0.0075,0.07,5.43,0.91,0.0,415.0,208,188,19,50,45,5,632.0,0.03,0.0001,31873.0,,,,
992,2000,17020,1.6038,0.007,3.1022,4.765,0.0092,0.09,4.25,0.91,0.0,406.0,168,219,19,41,54,5,646.0,0.03,0.0001,31864.0,,,,
993,2000,17037,1.6222,0.0057,3.141,4.712,0.0091,0.09,5.27,0.91,0.0,463.0,227,213,23,49,46,5,566.0,0.05,0.0001,31935.0,,,,
994,2000,17053,1.6676,0.0089,3.2234,4.525,0.0092,0.08,6.57,0.91,0.0,479.0,216,245,18,45,51,4,547.0,0.04,0.0001,31870.0,,,,
995,2000,17070,1.6468,0.0107,3.1801,4.677,0.0074,0.07,7.37,0.92,0.0,476.0,243,220,13,51,46,3,551.0,0.03,0.0001,31947.0,,,,
996,2000,17086,1.6251,0.0125,3.1344,4.758,0.0085,0.08,6.58,0.91,0.0,439.0,204,216,19,46,49,4,597.0,0.04,0.0001,31865.0,,,,
997,2000,17103,1.6288,0.0155,3.1343,4.665,0.0085,0.08,6.73,0.91,0.0,407.0,191,198,18,47,49,4,644.0,0.04,0.0001,31928.0,,,,
998,2000,17119,1.6523,0.0235,3.1657,4.689,0.0092,0.09,4.6,0.9,0.0,439.0,205,220,14,47,50,3,597.0,0.03,0.0001,31870.0,,,,
999,2000,17136,1.6944,0.0235,3.2495,4.616,0.0086,0.08,6.38,0.9,0.0,531.0,244,257,30,46,48,6,494.0,0.04,0.0001,31929.0,262,6,244,51
1000,2000,17167,1.7065,0.0348,3.252,4.662,0.0093,0.09,8.02,0.9,0.0,517.0,269,224,24,52,43,5,507.0,0.03,0.0001,32005.0,,,,
1001,2000,17185,1.7017,0.0309,3.2494,4.669,0.0102,0.09,6.91,0.89,0.0,473.0,235,223,15,50,47,3,554.0,0.04,0.0001,30726.0,,,,
1002,2000,17202,1.6411,0.0165,3.1572,4.714,0.0073,0.07,10.56,0.91,0.0,394.0,215,164,15,55,42,4,665.0,0.04,0.0001,31847.0,,,,
