iteration,total_iterations,elapsed_seconds,loss,pg_loss,vf_loss,entropy,approx_kl,clip_frac,grad_norm,explained_variance,reward,episodes,wins,losses,draws,win_pct,loss_pct,draw_pct,episode_length,cities,lr,sps,eval_wins,eval_losses,eval_draws,eval_win_pct
1,2000,140,1.4552,0.0483,2.5205,6.233,0.0994,0.55,1.49,0.01,0.0,38.0,15,23,0,39,61,0,6899.0,0.04,0.0001,5262.0,,,,
2,2000,166,1.3999,0.012,2.5346,6.186,0.0478,0.47,1.23,0.0,0.0,77.0,43,34,0,56,44,0,3404.0,0.24,0.0001,21679.0,,,,
3,2000,182,1.3855,0.0084,2.5445,6.175,0.0358,0.43,1.26,0.0,0.0,84.0,49,35,0,58,42,0,3121.0,0.5,0.0001,31931.0,,,,
4,2000,199,1.3742,0.0076,2.5395,6.209,0.0356,0.42,1.25,0.0,0.0,397.0,56,24,317,14,6,80,660.0,0.77,0.0001,31930.0,,,,
5,2000,215,1.4222,0.0051,2.6418,5.978,0.0291,0.37,1.24,0.0,0.0,165.0,134,16,15,81,10,9,1589.0,0.41,0.0001,31984.0,,,,
6,2000,232,1.3556,0.0034,2.524,6.018,0.0277,0.41,1.2,0.0,0.0,111.0,67,16,28,60,14,25,2362.0,0.68,0.0001,31973.0,,,,
7,2000,248,1.3389,0.0042,2.5014,6.125,0.033,0.42,1.25,0.0,0.0,96.0,58,7,31,60,7,32,2731.0,0.9,0.0001,31906.0,,,,
8,2000,265,1.3175,0.0054,2.4647,6.231,0.0297,0.42,1.23,0.0,0.0,199.0,38,8,153,19,4,77,1317.0,1.11,0.0001,31916.0,,,,
9,2000,281,1.3046,0.003,2.4443,5.988,0.0481,0.46,1.15,0.0,0.0,162.0,23,17,122,14,10,75,1618.0,0.59,0.0001,31969.0,,,,
10,2000,298,1.3007,0.0045,2.4384,6.055,0.0365,0.45,1.19,0.0,0.0,111.0,23,12,76,21,11,68,2362.0,0.39,0.0001,31917.0,,,,
11,2000,314,1.3072,0.0069,2.4531,6.209,0.046,0.46,1.25,0.0,0.0,118.0,14,27,77,12,23,65,2222.0,0.32,0.0001,31941.0,,,,
12,2000,331,1.306,0.0053,2.4591,6.301,0.0284,0.39,1.21,0.01,0.0,176.0,15,28,133,9,16,76,1489.0,0.4,0.0001,31896.0,,,,
13,2000,347,1.302,0.0046,2.4529,6.15,0.0353,0.46,1.14,0.02,0.0,157.0,10,29,118,6,18,75,1670.0,0.27,0.0001,31989.0,,,,
14,2000,363,1.3142,0.0068,2.4804,6.267,0.0306,0.41,1.16,0.02,0.0,135.0,15,35,85,11,26,63,1942.0,0.33,0.0001,31951.0,,,,
15,2000,380,1.342,0.0044,2.5403,6.179,0.0203,0.31,1.2,0.01,0.0,178.0,36,47,95,20,26,53,1473.0,0.46,0.0001,32019.0,,,,
16,2000,396,1.3816,0.0035,2.6241,6.179,0.0164,0.26,1.25,0.01,0.0,269.0,78,61,130,29,23,48,975.0,0.65,0.0001,31930.0,,,,
17,2000,413,1.4296,0.0032,2.7142,5.977,0.0159,0.26,1.26,0.0,0.0,327.0,89,108,130,27,33,40,802.0,0.6,0.0001,32004.0,,,,
18,2000,429,1.4789,0.0023,2.8093,5.844,0.0122,0.2,1.32,0.0,0.0,354.0,144,115,95,41,32,27,741.0,0.35,0.0001,31938.0,,,,
19,2000,446,1.4015,0.0019,2.6593,5.863,0.0141,0.24,1.27,0.0,0.0,229.0,97,64,68,42,28,30,1145.0,0.35,0.0001,31944.0,,,,
20,2000,462,1.401,0.0009,2.6671,6.06,0.0136,0.23,1.25,0.01,0.0,290.0,98,71,121,34,24,42,904.0,0.37,0.0001,31942.0,,,,
21,2000,479,1.3933,0.0022,2.6472,5.968,0.0127,0.21,1.24,0.0,0.0,218.0,81,65,72,37,30,33,1202.0,0.14,0.0001,30742.0,,,,
22,2000,496,1.3028,0.0037,2.4728,6.21,0.0189,0.32,1.18,0.02,0.0,147.0,33,20,94,22,14,64,1783.0,0.18,0.0001,31975.0,,,,
23,2000,512,1.2859,0.005,2.4384,6.236,0.0224,0.35,1.19,0.03,0.0,119.0,21,11,87,18,9,73,2203.0,0.23,0.0001,32010.0,,,,
24,2000,529,1.2792,0.0052,2.4262,6.172,0.0235,0.35,1.2,0.03,0.0,141.0,15,11,115,11,8,82,1859.0,0.45,0.0001,31956.0,,,,
25,2000,545,1.2959,0.0032,2.462,6.065,0.0179,0.31,1.19,0.02,0.0,183.0,26,18,139,14,10,76,1432.0,0.53,0.0001,31952.0,,,,
26,2000,562,1.3033,0.0024,2.4806,6.144,0.0176,0.29,1.16,0.01,0.0,176.0,40,15,121,23,9,69,1489.0,0.55,0.0001,31954.0,,,,
27,2000,578,1.3474,0.0033,2.5644,6.037,0.0137,0.23,1.23,0.01,0.0,207.0,77,27,103,37,13,50,1266.0,0.61,0.0001,32008.0,,,,
28,2000,595,1.3698,0.0002,2.618,6.071,0.0142,0.25,1.23,0.0,0.0,249.0,93,46,110,37,18,44,1053.0,0.66,0.0001,31947.0,,,,
29,2000,611,1.3877,0.0005,2.6501,5.996,0.013,0.22,1.25,0.0,0.0,286.0,107,44,135,37,15,47,917.0,0.68,0.0001,32006.0,,,,
30,2000,628,1.3684,0.0009,2.612,6.034,0.0133,0.23,1.28,0.0,0.0,224.0,107,27,90,48,12,40,1170.0,0.69,0.0001,31938.0,,,,
31,2000,644,1.364,0.0006,2.6069,6.09,0.0127,0.21,1.24,0.01,0.0,200.0,101,30,69,50,15,34,1311.0,0.81,0.0001,31932.0,,,,
32,2000,661,1.3403,0.001,2.5623,6.183,0.0142,0.25,1.23,0.01,0.0,195.0,77,29,89,39,15,46,1344.0,0.96,0.0001,31989.0,,,,
33,2000,677,1.358,0.0024,2.5941,6.152,0.0141,0.23,1.24,0.01,0.0,251.0,99,22,130,39,9,52,1044.0,0.93,0.0001,31927.0,,,,
34,2000,694,1.3454,0.0021,2.5683,6.123,0.0123,0.21,1.26,0.01,0.0,199.0,86,15,98,43,8,49,1317.0,0.78,0.0001,31954.0,,,,
35,2000,710,1.334,0.0008,2.5492,6.16,0.0162,0.27,1.23,0.02,0.0,170.0,69,16,85,41,9,50,1542.0,0.74,0.0001,31979.0,,,,
36,2000,727,1.3041,0.0021,2.4894,6.206,0.0162,0.28,1.24,0.02,0.0,151.0,46,11,94,30,7,62,1736.0,0.63,0.0001,31947.0,,,,
37,2000,743,1.2952,0.0024,2.4707,6.18,0.0184,0.29,1.19,0.02,0.0,153.0,35,14,104,23,9,68,1713.0,0.56,0.0001,31936.0,,,,
38,2000,760,1.286,0.0033,2.4519,6.196,0.0207,0.31,1.2,0.02,0.0,146.0,27,11,108,18,8,74,1796.0,0.52,0.0001,31955.0,,,,
39,2000,776,1.2746,0.0022,2.4329,6.201,0.0236,0.38,1.16,0.02,0.0,148.0,24,6,118,16,4,80,1771.0,0.44,0.0001,31938.0,,,,
40,2000,793,1.2876,0.0037,2.4541,6.108,0.0164,0.28,1.17,0.02,0.0,148.0,33,8,107,22,5,72,1771.0,0.37,0.0001,31951.0,,,,
41,2000,810,1.2834,0.0029,2.4481,6.163,0.0167,0.3,1.16,0.04,0.0,152.0,28,9,115,18,6,76,1725.0,0.41,0.0001,30776.0,,,,
42,2000,826,1.2689,0.0049,2.4121,6.141,0.0186,0.27,1.15,0.08,0.0,134.0,18,3,113,13,2,84,1956.0,0.53,0.0001,31928.0,,,,
43,2000,843,1.2834,0.0041,2.442,6.109,0.0163,0.27,1.17,0.05,0.0,147.0,29,5,113,20,3,77,1783.0,0.69,0.0001,31918.0,,,,
44,2000,859,1.2824,0.0024,2.4431,6.056,0.0167,0.29,1.14,0.04,0.0,141.0,28,8,105,20,6,74,1859.0,0.73,0.0001,31908.0,,,,
45,2000,876,1.2908,0.0011,2.4641,6.047,0.0149,0.26,1.2,0.04,0.0,163.0,40,6,117,25,4,72,1608.0,0.71,0.0001,31917.0,,,,
46,2000,892,1.3093,0.0031,2.4999,6.104,0.0136,0.24,1.23,0.03,0.0,161.0,50,12,99,31,7,61,1628.0,0.67,0.0001,31912.0,,,,
47,2000,909,1.2847,0.0025,2.4539,6.15,0.0148,0.24,1.18,0.05,0.0,139.0,39,3,97,28,2,70,1886.0,0.62,0.0001,31926.0,,,,
48,2000,925,1.2792,0.0002,2.4494,6.105,0.0169,0.28,1.18,0.05,0.0,130.0,31,7,92,24,5,71,2016.0,0.59,0.0001,31907.0,,,,
49,2000,942,1.2756,0.0022,2.4424,6.205,0.0171,0.28,1.19,0.08,0.0,154.0,23,11,120,15,7,78,1702.0,0.56,0.0001,31978.0,37,249,226,7
50,2000,973,1.2776,0.0023,2.448,6.196,0.016,0.27,1.24,0.1,0.0,146.0,27,12,107,18,8,73,1796.0,0.48,0.0001,32133.0,,,,
51,2000,990,1.2656,-0.0057,2.45,6.382,0.016,0.29,1.38,0.43,0.0,133.0,11,23,99,8,17,74,1971.0,0.42,0.0001,31932.0,,,,
52,2000,1006,1.2638,-0.0032,2.4427,6.421,0.0129,0.23,1.41,0.51,0.0,131.0,9,26,96,7,20,73,2001.0,0.42,0.0001,31913.0,,,,
53,2000,1023,1.2533,-0.0021,2.4219,6.414,0.0116,0.2,1.48,0.73,0.0,148.0,5,17,126,3,11,85,1771.0,0.48,0.0001,31956.0,,,,
54,2000,1039,1.2601,0.0024,2.426,6.436,0.0117,0.19,1.36,0.72,0.0,148.0,8,17,123,5,11,83,1771.0,0.55,0.0001,31917.0,,,,
55,2000,1056,1.2614,0.0003,2.432,6.419,0.0133,0.24,1.23,0.73,0.0,137.0,9,20,108,7,15,79,1913.0,0.54,0.0001,31907.0,,,,
56,2000,1072,1.2687,0.0005,2.4463,6.4,0.0116,0.18,1.31,0.76,0.0,141.0,7,27,107,5,19,76,1859.0,0.56,0.0001,31900.0,,,,
57,2000,1089,1.2698,-0.0015,2.454,6.313,0.012,0.2,1.31,0.79,0.0,157.0,19,18,120,12,11,76,1670.0,0.64,0.0001,31966.0,,,,
58,2000,1105,1.2522,-0.0064,2.4302,6.352,0.011,0.19,1.44,0.88,0.0,136.0,16,7,113,12,5,83,1928.0,0.66,0.0001,31960.0,,,,
59,2000,1122,1.2609,-0.0041,2.441,6.3,0.0103,0.15,1.43,0.88,0.0,142.0,23,7,112,16,5,79,1846.0,0.72,0.0001,31917.0,,,,
60,2000,1138,1.2918,-0.0061,2.5035,6.229,0.0097,0.16,1.4,0.83,0.0,176.0,49,13,114,28,7,65,1489.0,0.86,0.0001,31912.0,,,,
61,2000,1155,1.3669,-0.0109,2.6676,6.193,0.0085,0.12,1.85,0.72,0.0,258.0,75,60,123,29,23,48,1016.0,0.85,0.0001,30859.0,,,,
62,2000,1172,1.3915,-0.0096,2.7113,6.219,0.0081,0.12,1.76,0.68,0.0,277.0,85,91,101,31,33,36,946.0,0.74,0.0001,31944.0,,,,
63,2000,1188,1.378,-0.0059,2.676,6.214,0.0079,0.11,1.6,0.61,0.0,241.0,74,89,78,31,37,32,1088.0,0.76,0.0001,31964.0,,,,
64,2000,1205,1.3255,-0.0044,2.5725,6.273,0.0098,0.15,1.56,0.68,0.0,217.0,54,56,107,25,26,49,1208.0,1.03,0.0001,31948.0,,,,
65,2000,1221,1.2788,-0.0026,2.4875,6.332,0.0084,0.13,2.0,0.84,0.0,131.0,22,29,80,17,22,61,2001.0,1.38,0.0001,31965.0,,,,
66,2000,1238,1.2696,-0.0086,2.4916,6.323,0.01,0.16,1.55,0.85,0.0,170.0,37,15,118,22,9,69,1542.0,1.47,0.0001,32011.0,,,,
67,2000,1254,1.293,-0.0124,2.5408,6.222,0.0119,0.2,1.38,0.79,0.0,201.0,52,23,126,26,11,63,1304.0,1.21,0.0001,31974.0,,,,
68,2000,1270,1.31,-0.0118,2.5689,6.188,0.0105,0.17,1.37,0.71,0.0,223.0,68,22,133,30,10,60,1176.0,0.75,0.0001,32000.0,,,,
69,2000,1287,1.3024,-0.0112,2.5406,6.285,0.0096,0.15,1.64,0.72,0.0,150.0,60,17,73,40,11,49,1748.0,0.38,0.0001,32015.0,,,,
70,2000,1303,1.2967,-0.0093,2.5307,6.31,0.0103,0.17,1.45,0.72,0.0,163.0,46,29,88,28,18,54,1608.0,0.36,0.0001,31957.0,,,,
71,2000,1320,1.2946,-0.0077,2.5254,6.223,0.0089,0.14,1.46,0.73,0.0,182.0,31,39,112,17,21,62,1440.0,0.35,0.0001,31947.0,,,,
72,2000,1336,1.3084,-0.0063,2.5453,6.204,0.0086,0.13,1.37,0.67,0.0,207.0,22,64,121,11,31,58,1266.0,0.38,0.0001,31968.0,,,,
73,2000,1353,1.3169,-0.0075,2.5626,6.17,0.0089,0.13,1.38,0.63,0.0,212.0,28,74,110,13,35,52,1237.0,0.5,0.0001,31958.0,,,,
74,2000,1369,1.346,-0.0071,2.6167,6.177,0.0096,0.15,1.44,0.62,0.0,239.0,44,83,112,18,35,47,1097.0,0.8,0.0001,32019.0,,,,
75,2000,1386,1.3277,-0.0008,2.5636,6.157,0.0082,0.11,1.4,0.69,0.0,196.0,35,63,98,18,32,50,1337.0,1.06,0.0001,31962.0,,,,
76,2000,1402,1.3427,0.0012,2.5884,6.134,0.0087,0.13,1.47,0.69,0.0,224.0,45,70,109,20,31,49,1170.0,1.25,0.0001,31947.0,,,,
77,2000,1419,1.3607,0.0065,2.6111,6.053,0.0091,0.14,1.51,0.74,0.0,215.0,47,71,97,22,33,45,1219.0,1.33,0.0001,32004.0,,,,
78,2000,1435,1.3451,0.0098,2.5758,6.132,0.0093,0.14,1.88,0.82,0.0,191.0,33,60,98,17,31,51,1372.0,1.34,0.0001,31941.0,,,,
79,2000,1452,1.3733,0.0038,2.6445,6.084,0.0086,0.13,1.79,0.79,0.0,209.0,49,73,87,23,35,42,1254.0,1.19,0.0001,31963.0,,,,
80,2000,1468,1.3894,0.0013,2.6842,6.069,0.0082,0.12,1.86,0.74,0.0,268.0,64,93,111,24,35,41,978.0,0.98,0.0001,31950.0,,,,
81,2000,1485,1.3935,-0.0058,2.7064,5.964,0.0101,0.15,1.59,0.71,0.0,254.0,96,61,97,38,24,38,1032.0,0.78,0.0001,30758.0,,,,
82,2000,1502,1.3698,-0.0076,2.6613,5.993,0.0088,0.12,1.63,0.74,0.0,214.0,84,51,79,39,24,37,1225.0,0.7,0.0001,31881.0,,,,
83,2000,1518,1.3285,-0.0099,2.5874,6.012,0.0088,0.13,1.85,0.79,0.0,191.0,66,34,91,35,18,48,1372.0,0.69,0.0001,31932.0,,,,
84,2000,1535,1.2981,-0.0074,2.525,6.027,0.0089,0.13,1.76,0.84,0.0,160.0,42,25,93,26,16,58,1638.0,0.72,0.0001,31856.0,,,,
85,2000,1551,1.3463,-0.0112,2.6269,5.973,0.0075,0.11,1.7,0.76,0.0,222.0,53,64,105,24,29,47,1181.0,0.84,0.0001,31865.0,,,,
86,2000,1568,1.4308,-0.0106,2.7899,5.8,0.0082,0.11,1.63,0.68,0.0,328.0,105,109,114,32,33,35,799.0,0.83,0.0001,31861.0,,,,
87,2000,1584,1.4642,-0.0123,2.8577,5.756,0.009,0.13,1.71,0.65,0.0,369.0,129,125,115,35,34,31,710.0,0.66,0.0001,31866.0,,,,
88,2000,1601,1.4871,-0.0108,2.8984,5.727,0.0086,0.13,1.69,0.68,0.0,369.0,125,155,89,34,42,24,710.0,0.5,0.0001,31858.0,,,,
89,2000,1617,1.4671,-0.0077,2.851,5.819,0.0084,0.12,1.93,0.78,0.0,304.0,99,147,58,33,48,19,862.0,0.42,0.0001,31902.0,,,,
90,2000,1634,1.4162,-0.0042,2.7447,5.886,0.0076,0.1,2.12,0.85,0.0,246.0,82,100,64,33,41,26,1066.0,0.42,0.0001,31877.0,,,,
91,2000,1650,1.4291,-0.0027,2.7678,5.917,0.0074,0.1,3.35,0.87,0.0,258.0,100,101,57,39,39,22,1016.0,0.52,0.0001,31879.0,,,,
92,2000,1667,1.4425,-0.0101,2.81,5.897,0.0084,0.11,2.74,0.87,0.0,294.0,124,88,82,42,30,28,892.0,0.62,0.0001,31876.0,,,,
93,2000,1683,1.4654,-0.0044,2.8436,5.86,0.0066,0.08,3.22,0.83,0.0,323.0,141,92,90,44,28,28,812.0,0.6,0.0001,31930.0,,,,
94,2000,1700,1.4618,-0.007,2.8414,5.871,0.0076,0.1,2.45,0.84,0.0,303.0,125,105,73,41,35,24,865.0,0.57,0.0001,31860.0,,,,
95,2000,1716,1.4292,-0.0061,2.776,5.913,0.0061,0.06,3.8,0.87,0.0,267.0,108,83,76,40,31,28,982.0,0.6,0.0001,31926.0,,,,
96,2000,1733,1.3985,-0.0141,2.7336,5.98,0.006,0.07,4.29,0.89,0.0,253.0,86,81,86,34,32,34,1036.0,0.65,0.0001,31856.0,,,,
97,2000,1749,1.3963,-0.0118,2.7244,5.97,0.0071,0.09,3.55,0.9,0.0,264.0,90,70,104,34,27,39,993.0,0.64,0.0001,31863.0,,,,
98,2000,1766,1.4055,-0.012,2.7421,5.948,0.0068,0.09,3.71,0.87,0.0,309.0,96,107,106,31,35,34,848.0,0.63,0.0001,31951.0,,,,
99,2000,1782,1.3977,-0.015,2.7314,5.976,0.0075,0.1,3.36,0.88,0.0,276.0,75,104,97,27,38,35,950.0,0.6,0.0001,31861.0,69,238,205,13
100,2000,1814,1.3816,-0.0138,2.6976,6.06,0.0075,0.1,4.3,0.89,0.0,252.0,76,80,96,30,32,38,1040.0,0.57,0.0001,32094.0,,,,
101,2000,1831,1.3667,-0.016,2.6765,6.019,0.0077,0.1,3.75,0.93,0.0,198.0,51,62,85,26,31,43,1324.0,0.6,0.0001,30767.0,,,,
102,2000,1847,1.3857,-0.0115,2.7052,5.964,0.0085,0.12,3.93,0.9,0.0,247.0,49,97,101,20,39,41,1061.0,0.63,0.0001,31916.0,,,,
103,2000,1864,1.359,-0.0146,2.6574,6.002,0.0064,0.08,7.54,0.92,0.0,211.0,45,73,93,21,35,44,1242.0,0.65,0.0001,31971.0,,,,
104,2000,1880,1.3671,-0.0125,2.6717,6.032,0.0046,0.04,7.23,0.9,0.0,233.0,44,91,98,19,39,42,1125.0,0.75,0.0001,31900.0,,,,
105,2000,1897,1.3868,-0.0178,2.7241,5.987,0.0073,0.09,5.1,0.88,0.0,273.0,42,121,110,15,44,40,960.0,0.87,0.0001,31917.0,,,,
106,2000,1913,1.3912,-0.0198,2.7345,5.937,0.0075,0.09,4.61,0.87,0.0,308.0,60,124,124,19,40,40,851.0,0.88,0.0001,31983.0,,,,
107,2000,1930,1.3643,-0.0173,2.6756,5.945,0.0065,0.07,4.2,0.9,0.0,251.0,54,87,110,22,35,44,1044.0,0.91,0.0001,31908.0,,,,
108,2000,1946,1.3834,-0.0215,2.7202,5.911,0.0068,0.08,8.07,0.92,0.0,256.0,35,109,112,14,43,44,1024.0,0.93,0.0001,31929.0,,,,
109,2000,1963,1.3145,-0.0228,2.5829,5.961,0.0072,0.08,5.85,0.95,0.0,179.0,28,60,91,16,34,51,1464.0,0.95,0.0001,31975.0,,,,
110,2000,1979,1.3405,-0.0222,2.634,5.946,0.0069,0.08,8.6,0.96,0.0,217.0,24,68,125,11,31,58,1208.0,0.92,0.0001,31915.0,,,,
111,2000,1996,1.316,-0.0181,2.5781,5.947,0.0073,0.09,5.2,0.96,0.0,191.0,36,52,103,19,27,54,1372.0,0.89,0.0001,31924.0,,,,
112,2000,2012,1.3576,-0.0107,2.6448,5.945,0.0094,0.13,8.81,0.96,0.0,203.0,34,48,121,17,24,60,1291.0,0.76,0.0001,31922.0,,,,
113,2000,2028,1.3187,-0.0212,2.5885,5.976,0.0073,0.1,7.43,0.97,0.0,147.0,39,21,87,27,14,59,1783.0,0.72,0.0001,31909.0,,,,
114,2000,2045,1.319,-0.0198,2.5845,5.936,0.0077,0.11,4.95,0.96,0.0,169.0,49,16,104,29,9,62,1551.0,0.69,0.0001,31906.0,,,,
115,2000,2061,1.343,-0.0215,2.6355,5.889,0.006,0.06,8.05,0.95,0.0,170.0,46,29,95,27,17,56,1542.0,0.76,0.0001,31959.0,,,,
116,2000,2078,1.3335,-0.0244,2.6192,5.788,0.0091,0.13,4.44,0.94,0.0,195.0,39,41,115,20,21,59,1344.0,0.83,0.0001,31926.0,,,,
117,2000,2094,1.3893,-0.0188,2.7191,5.708,0.0085,0.12,6.08,0.91,0.0,207.0,46,76,85,22,37,41,1266.0,0.85,0.0001,31903.0,,,,
118,2000,2111,1.3943,-0.0217,2.7362,5.666,0.0088,0.12,4.37,0.88,0.0,228.0,54,80,94,24,35,41,1150.0,0.78,0.0001,31906.0,,,,
119,2000,2127,1.4015,-0.0183,2.7435,5.67,0.009,0.13,4.69,0.86,0.0,198.0,43,92,63,22,46,32,1324.0,0.8,0.0001,31900.0,,,,
120,2000,2144,1.4052,-0.0203,2.7556,5.644,0.0088,0.13,5.4,0.85,0.0,212.0,37,98,77,17,46,36,1237.0,0.87,0.0001,31909.0,,,,
121,2000,2161,1.4579,-0.0048,2.8286,5.551,0.0104,0.16,2.83,0.8,0.0,268.0,74,120,74,28,45,28,978.0,0.81,0.0001,30795.0,,,,
122,2000,2177,1.4602,-0.0007,2.8257,5.572,0.0097,0.15,3.51,0.81,0.0,285.0,91,111,83,32,39,29,920.0,0.73,0.0001,31901.0,,,,
123,2000,2194,1.4678,0.0007,2.8394,5.524,0.0088,0.13,3.66,0.84,0.0,268.0,98,104,66,37,39,25,978.0,0.56,0.0001,31902.0,,,,
124,2000,2210,1.43,-0.0028,2.7718,5.596,0.0093,0.14,3.59,0.87,0.0,236.0,64,88,84,27,37,36,1111.0,0.45,0.0001,31897.0,,,,
125,2000,2227,1.4335,-0.006,2.7841,5.614,0.0062,0.07,7.53,0.89,0.0,215.0,55,87,73,26,40,34,1219.0,0.35,0.0001,31897.0,,,,
126,2000,2243,1.4361,-0.0051,2.7878,5.599,0.0076,0.1,6.92,0.89,0.0,232.0,46,94,92,20,41,40,1130.0,0.36,0.0001,31907.0,,,,
127,2000,2260,1.4019,-0.0088,2.727,5.582,0.0079,0.1,5.99,0.89,0.0,220.0,34,95,91,15,43,41,1192.0,0.36,0.0001,31890.0,,,,
128,2000,2276,1.3694,-0.0138,2.6723,5.625,0.0078,0.11,5.78,0.93,0.0,177.0,22,57,98,12,32,55,1481.0,0.37,0.0001,31915.0,,,,
129,2000,2293,1.3584,-0.0109,2.6456,5.72,0.0085,0.11,8.49,0.96,0.0,144.0,16,42,86,11,29,60,1820.0,0.34,0.0001,31897.0,,,,
130,2000,2309,1.3573,-0.0146,2.6493,5.694,0.0072,0.09,9.05,0.95,0.0,156.0,18,39,99,12,25,63,1680.0,0.34,0.0001,31883.0,,,,
131,2000,2326,1.3246,-0.0061,2.5664,5.643,0.0089,0.13,3.97,0.95,0.0,171.0,27,17,127,16,10,74,1533.0,0.4,0.0001,31891.0,,,,
132,2000,2342,1.3064,-0.0081,2.5348,5.681,0.0085,0.11,3.92,0.95,0.0,147.0,29,16,102,20,11,69,1783.0,0.46,0.0001,31882.0,,,,
133,2000,2359,1.3103,-0.0035,2.5348,5.644,0.0102,0.15,3.08,0.94,0.0,160.0,38,16,106,24,10,66,1638.0,0.54,0.0001,31882.0,,,,
134,2000,2375,1.3518,0.0021,2.6041,5.548,0.0112,0.17,3.39,0.93,0.0,189.0,54,23,112,29,12,59,1387.0,0.61,0.0001,31881.0,,,,
135,2000,2392,1.3675,-0.0029,2.6452,5.49,0.01,0.14,3.05,0.91,0.0,208.0,57,44,107,27,21,51,1260.0,0.64,0.0001,31892.0,,,,
136,2000,2408,1.3793,-0.0019,2.6668,5.351,0.0125,0.19,2.27,0.89,0.0,215.0,46,72,97,21,33,45,1219.0,0.68,0.0001,31878.0,,,,
137,2000,2425,1.4201,-0.0131,2.7684,5.203,0.0093,0.13,3.42,0.85,0.0,248.0,76,91,81,31,37,33,1057.0,0.71,0.0001,31885.0,,,,
138,2000,2441,1.4039,-0.0121,2.7324,5.161,0.01,0.15,3.3,0.86,0.0,239.0,57,90,92,24,38,38,1097.0,0.78,0.0001,31927.0,,,,
139,2000,2458,1.4402,-0.0161,2.8127,5.088,0.0106,0.15,2.8,0.84,0.0,276.0,67,123,86,24,45,31,950.0,0.84,0.0001,31874.0,,,,
140,2000,2474,1.4392,-0.0206,2.8185,5.147,0.0092,0.13,3.65,0.85,0.0,271.0,62,130,79,23,48,29,967.0,0.93,0.0001,31892.0,,,,
141,2000,2492,1.4356,-0.0355,2.8397,5.097,0.0091,0.13,3.69,0.82,0.0,265.0,88,93,84,33,35,32,989.0,1.01,0.0001,30741.0,,,,
142,2000,2508,1.397,-0.0275,2.7503,5.28,0.0085,0.12,4.04,0.86,0.0,190.0,58,67,65,31,35,34,1380.0,0.95,0.0001,31939.0,,,,
143,2000,2525,1.3485,-0.0306,2.6617,5.478,0.0083,0.11,3.97,0.92,0.0,173.0,55,37,81,32,21,47,1515.0,1.09,0.0001,31867.0,,,,
144,2000,2541,1.3169,-0.0269,2.5939,5.507,0.0089,0.13,3.24,0.93,0.0,167.0,42,39,86,25,23,51,1570.0,1.23,0.0001,31867.0,,,,
145,2000,2558,1.3997,-0.0053,2.7165,5.226,0.0105,0.15,2.54,0.89,0.0,292.0,92,69,131,32,24,45,898.0,1.42,0.0001,31867.0,,,,
146,2000,2574,1.4577,-0.0036,2.8229,4.837,0.0107,0.15,2.86,0.86,0.0,341.0,125,104,112,37,30,33,769.0,1.22,0.0001,31917.0,,,,
147,2000,2591,1.4914,0.0031,2.8766,4.885,0.0088,0.12,3.17,0.85,0.0,371.0,164,100,107,44,27,29,707.0,1.22,0.0001,31911.0,,,,
148,2000,2607,1.5193,0.0003,2.9368,4.807,0.0099,0.15,3.1,0.84,0.0,404.0,158,161,85,39,40,21,649.0,1.16,0.0001,31925.0,,,,
149,2000,2624,1.5009,-0.0064,2.9119,4.868,0.0099,0.14,2.91,0.87,0.0,353.0,129,152,72,37,43,20,743.0,1.32,0.0001,31887.0,86,177,249,17
150,2000,2655,1.5117,0.0011,2.9216,4.836,0.0101,0.14,2.43,0.88,0.0,404.0,143,176,85,35,44,21,649.0,1.29,0.0001,31997.0,,,,
151,2000,2672,1.5135,0.0011,2.9272,4.96,0.0083,0.11,4.24,0.91,0.0,369.0,118,182,69,32,49,19,710.0,1.35,0.0001,31918.0,,,,
152,2000,2688,1.4939,-0.003,2.8959,4.889,0.0081,0.11,3.4,0.91,0.0,422.0,120,223,79,28,53,19,621.0,1.25,0.0001,31942.0,,,,
153,2000,2705,1.5071,-0.007,2.9281,4.797,0.0085,0.11,3.5,0.93,0.0,436.0,113,253,70,26,58,16,601.0,1.3,0.0001,31879.0,,,,
154,2000,2721,1.4933,-0.0096,2.9093,4.866,0.007,0.08,5.01,0.94,0.0,396.0,109,207,80,28,52,20,662.0,1.19,0.0001,31880.0,,,,
155,2000,2738,1.4447,-0.0246,2.8445,5.082,0.0063,0.07,6.9,0.95,0.0,290.0,69,165,56,24,57,19,904.0,1.34,0.0001,31878.0,,,,
156,2000,2754,1.4178,-0.0246,2.7968,5.134,0.0066,0.08,5.42,0.95,0.0,287.0,57,142,88,20,49,31,913.0,1.45,0.0001,31918.0,,,,
157,2000,2771,1.4045,-0.0278,2.7809,5.321,0.0068,0.08,6.31,0.96,0.0,293.0,62,141,90,21,48,31,895.0,1.49,0.0001,31867.0,,,,
158,2000,2787,1.4119,-0.025,2.7894,5.362,0.0079,0.1,7.69,0.95,0.0,267.0,56,115,96,21,43,36,982.0,1.45,0.0001,31935.0,,,,
159,2000,2804,1.4254,-0.0215,2.8071,5.411,0.0083,0.11,6.71,0.95,0.0,285.0,72,132,81,25,46,28,920.0,1.4,0.0001,31886.0,,,,
160,2000,2820,1.4123,-0.0124,2.7625,5.371,0.0087,0.1,6.68,0.95,0.0,256.0,63,100,93,25,39,36,1024.0,1.44,0.0001,31935.0,,,,
161,2000,2837,1.4453,-0.0158,2.8425,5.346,0.0082,0.11,7.24,0.92,0.0,248.0,74,74,100,30,30,40,1057.0,1.47,0.0001,30809.0,,,,
162,2000,2854,1.4405,-0.0107,2.8148,5.201,0.0084,0.11,6.54,0.93,0.0,251.0,74,77,100,29,31,40,1044.0,1.34,0.0001,31876.0,,,,
163,2000,2870,1.4989,-0.0116,2.9305,5.166,0.0075,0.09,8.0,0.89,0.0,308.0,92,116,100,30,38,32,851.0,1.0,0.0001,31934.0,,,,
164,2000,2887,1.3995,-0.0166,2.7469,5.326,0.0072,0.08,6.47,0.91,0.0,257.0,57,98,102,22,38,40,1020.0,0.6,0.0001,31951.0,,,,
165,2000,2903,1.4328,-0.0171,2.8086,5.25,0.0094,0.13,6.11,0.9,0.0,289.0,77,117,95,27,40,33,907.0,0.34,0.0001,31867.0,,,,
166,2000,2920,1.4585,-0.0124,2.8536,5.266,0.0106,0.14,7.2,0.89,0.0,300.0,75,129,96,25,43,32,874.0,0.32,0.0001,31880.0,,,,
167,2000,2936,1.4409,-0.0006,2.7954,5.274,0.0114,0.16,3.62,0.9,0.0,306.0,53,146,107,17,48,35,857.0,0.45,0.0001,31927.0,,,,
168,2000,2953,1.4331,-0.0053,2.7898,5.35,0.0092,0.12,4.83,0.92,0.0,278.0,39,133,106,14,48,38,943.0,0.64,0.0001,31930.0,,,,
169,2000,2969,1.454,-0.0081,2.8358,5.445,0.0079,0.1,6.99,0.91,0.0,268.0,16,170,82,6,63,31,978.0,0.78,0.0001,31857.0,,,,
170,2000,2986,1.4451,-0.0025,2.8064,5.413,0.0084,0.11,5.29,0.92,0.0,260.0,23,157,80,9,60,31,1008.0,0.98,0.0001,31887.0,,,,
171,2000,3002,1.458,0.0079,2.8083,5.378,0.0068,0.08,8.29,0.94,0.0,240.0,23,136,81,10,57,34,1092.0,1.11,0.0001,31887.0,,,,
172,2000,3019,1.4681,0.0149,2.8109,5.279,0.008,0.1,6.12,0.93,0.0,246.0,36,128,82,15,52,33,1066.0,1.16,0.0001,31932.0,,,,
173,2000,3035,1.4558,0.0262,2.7666,5.249,0.0088,0.11,5.46,0.92,0.0,223.0,38,113,72,17,51,32,1176.0,1.15,0.0001,31933.0,,,,
174,2000,3052,1.4416,0.0136,2.7641,5.233,0.0098,0.13,3.79,0.91,0.0,263.0,47,123,93,18,47,35,997.0,0.97,0.0001,31863.0,,,,
175,2000,3068,1.4806,0.0184,2.8314,4.995,0.0108,0.15,3.85,0.91,0.0,326.0,94,131,101,29,40,31,804.0,0.9,0.0001,31866.0,,,,
176,2000,3085,1.4908,0.0245,2.8381,4.865,0.0098,0.14,2.89,0.9,0.0,370.0,120,148,102,32,40,28,708.0,0.76,0.0001,31949.0,,,,
177,2000,3101,1.5606,0.0352,2.9551,4.741,0.011,0.16,2.98,0.88,0.0,483.0,160,225,98,33,47,20,543.0,0.71,0.0001,31890.0,,,,
178,2000,3118,1.5597,0.028,2.9653,4.673,0.0102,0.15,2.26,0.87,0.0,458.0,163,210,85,36,46,19,572.0,0.67,0.0001,31879.0,,,,
179,2000,3134,1.571,0.0237,2.996,4.664,0.0092,0.13,2.63,0.88,0.0,476.0,179,207,90,38,43,19,551.0,0.67,0.0001,31873.0,,,,
180,2000,3151,1.6023,0.0292,3.0444,4.598,0.0093,0.13,2.87,0.88,0.0,479.0,184,216,79,38,45,16,547.0,0.69,0.0001,31952.0,,,,
181,2000,3168,1.5998,-0.0073,3.1135,4.628,0.0087,0.12,2.65,0.84,0.0,406.0,129,206,71,32,51,17,646.0,0.73,0.0001,30789.0,,,,
182,2000,3184,1.5787,-0.0175,3.0904,4.684,0.0092,0.13,2.42,0.84,0.0,439.0,105,249,85,24,57,19,597.0,0.65,0.0001,31932.0,,,,
183,2000,3201,1.5654,-0.0213,3.0742,4.736,0.0093,0.13,2.9,0.85,0.0,434.0,97,272,65,22,63,15,604.0,0.61,0.0001,31872.0,,,,
184,2000,3217,1.5874,-0.0332,3.1422,4.706,0.0082,0.11,3.09,0.86,0.0,465.0,119,285,61,26,61,13,564.0,0.54,0.0001,31867.0,,,,
185,2000,3234,1.6076,-0.0479,3.2084,4.591,0.0085,0.11,2.71,0.88,0.0,532.0,152,337,43,29,63,8,493.0,0.52,0.0001,31919.0,,,,
186,2000,3250,1.6303,-0.0489,3.2539,4.459,0.0078,0.1,2.71,0.89,0.0,646.0,201,383,62,31,59,10,406.0,0.49,0.0001,31923.0,,,,
187,2000,3267,1.6536,-0.044,3.2887,4.424,0.0083,0.11,2.68,0.9,0.0,655.0,257,355,43,39,54,7,400.0,0.49,0.0001,31965.0,,,,
188,2000,3283,1.682,-0.0465,3.3509,4.497,0.0084,0.11,2.86,0.91,0.0,647.0,304,311,32,47,48,5,405.0,0.45,0.0001,31920.0,,,,
189,2000,3300,1.6652,-0.0488,3.3215,4.472,0.0082,0.11,3.7,0.91,0.0,602.0,338,241,23,56,40,4,435.0,0.49,0.0001,31923.0,,,,
190,2000,3317,1.6353,-0.0567,3.2813,4.499,0.0081,0.11,3.31,0.91,0.0,572.0,342,185,45,60,32,8,458.0,0.54,0.0001,31909.0,,,,
191,2000,3333,1.5977,-0.0435,3.1813,4.694,0.0072,0.09,4.79,0.93,0.0,437.0,263,139,35,60,32,8,600.0,0.63,0.0001,31910.0,,,,
192,2000,3350,1.5792,-0.0521,3.165,4.908,0.0052,0.05,8.41,0.94,0.0,376.0,208,134,34,55,36,9,697.0,0.77,0.0001,31904.0,,,,
193,2000,3366,1.5759,-0.0473,3.1544,4.992,0.0065,0.07,8.31,0.93,0.0,381.0,186,136,59,49,36,15,688.0,0.92,0.0001,31963.0,,,,
194,2000,3383,1.5899,-0.0269,3.1447,5.009,0.0058,0.07,8.31,0.92,0.0,364.0,153,130,81,42,36,22,720.0,0.97,0.0001,31912.0,,,,
195,2000,3399,1.5843,-0.0246,3.1227,4.808,0.0082,0.11,6.12,0.9,0.0,401.0,204,112,85,51,28,21,654.0,0.93,0.0001,31929.0,,,,
196,2000,3415,1.6127,-0.0238,3.1746,4.851,0.0073,0.09,6.05,0.89,0.0,404.0,225,126,53,56,31,13,649.0,0.94,0.0001,31920.0,,,,
197,2000,3432,1.6499,-0.0111,3.2228,4.781,0.0082,0.11,6.25,0.89,0.0,437.0,224,144,69,51,33,16,600.0,0.97,0.0001,31903.0,,,,
198,2000,3448,1.6892,-0.0039,3.2862,4.787,0.0091,0.12,5.4,0.87,0.0,508.0,270,176,62,53,35,12,516.0,0.94,0.0001,31959.0,,,,
199,2000,3465,1.7204,-0.0027,3.3461,4.784,0.0091,0.12,5.48,0.88,0.0,541.0,248,228,65,46,42,12,485.0,0.9,0.0001,31913.0,174,162,176,34
200,2000,3496,1.7549,0.0068,3.3972,4.777,0.0095,0.13,4.59,0.88,0.0,612.0,287,259,66,47,42,11,428.0,0.81,0.0001,32038.0,,,,
201,2000,3514,1.7746,0.0276,3.393,4.683,0.01,0.14,4.26,0.88,0.0,399.0,199,155,45,50,39,11,657.0,0.67,0.0001,30808.0,,,,
202,2000,3530,1.6581,0.0219,3.1764,4.991,0.0074,0.09,6.56,0.91,0.0,290.0,131,104,55,45,36,19,904.0,0.63,0.0001,32000.0,,,,
203,2000,3546,1.5921,0.0113,3.0668,5.131,0.0072,0.09,8.0,0.91,0.0,250.0,144,65,41,58,26,16,1049.0,0.57,0.0001,32009.0,,,,
204,2000,3563,1.5993,0.0197,3.0635,5.158,0.0073,0.09,9.28,0.92,0.0,235.0,115,77,43,49,33,18,1116.0,0.68,0.0001,32006.0,,,,
205,2000,3579,1.569,0.019,3.0042,5.068,0.0088,0.12,6.57,0.91,0.0,330.0,114,94,122,35,28,37,794.0,0.71,0.0001,31993.0,,,,
206,2000,3596,1.5834,0.019,3.0295,4.855,0.0099,0.14,3.93,0.9,0.0,367.0,156,109,102,43,30,28,714.0,0.61,0.0001,31951.0,,,,
207,2000,3612,1.5868,0.0073,3.061,4.917,0.0094,0.13,4.53,0.88,0.0,368.0,183,115,70,50,31,19,712.0,0.56,0.0001,31946.0,,,,
208,2000,3629,1.5594,0.0055,3.0141,5.04,0.0088,0.12,5.57,0.89,0.0,301.0,133,117,51,44,39,17,871.0,0.58,0.0001,31957.0,,,,
209,2000,3645,1.5927,0.0114,3.0661,4.95,0.0084,0.11,4.7,0.89,0.0,395.0,175,144,76,44,36,19,664.0,0.64,0.0001,31954.0,,,,
210,2000,3662,1.6503,0.005,3.1925,4.8,0.009,0.13,4.75,0.89,0.0,486.0,223,179,84,46,37,17,539.0,0.66,0.0001,31949.0,,,,
211,2000,3678,1.7491,0.0066,3.3839,4.65,0.011,0.16,3.24,0.86,0.0,683.0,320,275,88,47,40,13,384.0,0.56,0.0001,31949.0,,,,
212,2000,3695,1.7755,0.0028,3.4423,4.585,0.0107,0.15,3.09,0.86,0.0,691.0,317,329,45,46,48,7,379.0,0.47,0.0001,31949.0,,,,
213,2000,3711,1.7861,-0.0022,3.4741,4.629,0.0107,0.15,2.85,0.87,0.0,759.0,348,362,49,46,48,6,345.0,0.5,0.0001,32007.0,,,,
214,2000,3727,1.8158,0.0039,3.5191,4.561,0.01,0.14,2.85,0.88,0.0,845.0,445,366,34,53,43,4,310.0,0.56,0.0001,31933.0,,,,
215,2000,3744,1.8331,0.0041,3.5529,4.522,0.0101,0.14,2.64,0.89,0.0,911.0,456,400,55,50,44,6,288.0,0.45,0.0001,31963.0,,,,
216,2000,3760,1.8461,-0.0031,3.592,4.447,0.0106,0.15,2.71,0.89,0.0,979.0,490,445,44,50,45,4,268.0,0.35,0.0001,31980.0,,,,
217,2000,3777,1.8172,-0.0142,3.5587,4.57,0.0094,0.13,3.03,0.91,0.0,920.0,480,408,32,52,44,3,285.0,0.33,0.0001,31963.0,,,,
218,2000,3793,1.8344,-0.0101,3.584,4.535,0.0098,0.13,3.05,0.92,0.0,1000.0,544,431,25,54,43,2,262.0,0.28,0.0001,31976.0,,,,
219,2000,3810,1.8209,-0.0219,3.5786,4.448,0.0096,0.13,3.37,0.92,0.0,946.0,497,424,25,53,45,3,277.0,0.29,0.0001,31960.0,,,,
220,2000,3826,1.8029,-0.009,3.5156,4.409,0.0097,0.13,3.47,0.93,0.0,877.0,467,389,21,53,44,2,299.0,0.28,0.0001,31934.0,,,,
221,2000,3843,1.8131,-0.0374,3.5958,4.447,0.0085,0.11,3.73,0.88,0.0,605.0,306,273,26,51,45,4,433.0,0.3,0.0001,30786.0,,,,
222,2000,3860,1.7033,-0.0468,3.3989,4.813,0.0063,0.07,8.47,0.93,0.0,383.0,187,173,23,49,45,6,684.0,0.5,0.0001,31891.0,,,,
223,2000,3876,1.671,-0.042,3.3245,4.793,0.0074,0.09,7.44,0.92,0.0,422.0,211,179,32,50,42,8,621.0,0.56,0.0001,31878.0,,,,
224,2000,3893,1.6359,-0.0261,3.224,4.788,0.0079,0.1,6.93,0.93,0.0,380.0,167,183,30,44,48,8,690.0,0.66,0.0001,31873.0,,,,
225,2000,3909,1.6401,-0.023,3.2311,4.722,0.0079,0.1,7.28,0.93,0.0,479.0,194,193,92,41,40,19,547.0,0.69,0.0001,31863.0,,,,
226,2000,3926,1.7169,0.0004,3.3338,4.562,0.0106,0.14,4.28,0.93,0.0,595.0,270,261,64,45,44,11,441.0,0.62,0.0001,31876.0,,,,
227,2000,3942,1.7433,0.0061,3.3694,4.389,0.0112,0.15,3.96,0.92,0.0,664.0,298,310,56,45,47,8,395.0,0.5,0.0001,31931.0,,,,
228,2000,3959,1.7243,-0.0025,3.3498,4.522,0.01,0.14,4.94,0.92,0.0,612.0,303,273,36,50,45,6,428.0,0.43,0.0001,31878.0,,,,
229,2000,3975,1.7771,0.017,3.4176,4.579,0.01,0.13,4.69,0.91,0.0,665.0,300,323,42,45,49,6,394.0,0.4,0.0001,31881.0,,,,
230,2000,3992,1.7623,0.003,3.4161,4.643,0.011,0.15,3.99,0.91,0.0,653.0,330,299,24,51,46,4,401.0,0.42,0.0001,31887.0,,,,
231,2000,4008,1.8112,0.0102,3.4999,4.57,0.0106,0.14,4.6,0.91,0.0,723.0,354,321,48,49,44,7,363.0,0.36,0.0001,31885.0,,,,
232,2000,4025,1.8042,0.0105,3.4835,4.563,0.0098,0.13,4.26,0.91,0.0,753.0,393,326,34,52,43,5,348.0,0.37,0.0001,31944.0,,,,
233,2000,4042,1.815,0.0153,3.497,4.606,0.01,0.13,4.44,0.91,0.0,790.0,439,319,32,56,40,4,332.0,0.37,0.0001,31888.0,,,,
234,2000,4058,1.8231,0.0177,3.5068,4.542,0.0103,0.14,3.93,0.92,0.0,805.0,484,300,21,60,37,3,326.0,0.34,0.0001,31877.0,,,,
235,2000,4074,1.8094,0.0166,3.4812,4.581,0.0109,0.15,4.43,0.93,0.0,776.0,468,287,21,60,37,3,338.0,0.36,0.0001,31946.0,,,,
236,2000,4091,1.792,0.0047,3.4706,4.554,0.011,0.15,3.95,0.93,0.0,749.0,425,292,32,57,39,4,350.0,0.33,0.0001,31873.0,,,,
237,2000,4108,1.76,-0.0245,3.4659,4.65,0.0091,0.12,6.22,0.94,0.0,687.0,373,289,25,54,42,4,382.0,0.28,0.0001,31880.0,,,,
238,2000,4124,1.7714,-0.0148,3.4697,4.599,0.0097,0.13,4.71,0.93,0.0,750.0,378,336,36,50,45,5,350.0,0.27,0.0001,31937.0,,,,
239,2000,4140,1.8067,-0.0165,3.5415,4.51,0.011,0.15,4.87,0.92,0.0,840.0,411,383,46,49,46,5,312.0,0.23,0.0001,31952.0,,,,
240,2000,4157,1.7978,-0.0104,3.5118,4.478,0.0107,0.14,4.03,0.93,0.0,894.0,445,410,39,50,46,4,293.0,0.19,0.0001,31883.0,,,,
241,2000,4174,1.9317,-0.0026,3.7633,4.577,0.0142,0.18,3.7,0.89,0.0,779.0,412,339,28,53,44,4,337.0,0.22,0.0001,30850.0,,,,
242,2000,4191,1.8149,-0.0029,3.5308,4.621,0.0105,0.14,5.02,0.92,0.0,618.0,299,279,40,48,45,6,424.0,0.32,0.0001,31957.0,,,,
243,2000,4207,1.7543,-0.0029,3.411,4.611,0.0113,0.15,5.4,0.93,0.0,552.0,280,233,39,51,42,7,475.0,0.39,0.0001,31917.0,,,,
244,2000,4224,1.7584,0.0034,3.4049,4.56,0.0097,0.13,6.19,0.93,0.0,526.0,263,238,25,50,45,5,498.0,0.48,0.0001,31933.0,,,,
245,2000,4240,1.7804,0.014,3.4277,4.509,0.0119,0.16,4.99,0.93,0.0,622.0,304,270,48,49,43,8,421.0,0.46,0.0001,31918.0,,,,
246,2000,4256,1.7936,0.0053,3.473,4.465,0.0123,0.16,5.83,0.93,0.0,705.0,323,327,55,46,46,8,372.0,0.38,0.0001,31981.0,,,,
247,2000,4273,1.8581,0.01,3.587,4.265,0.012,0.16,6.28,0.92,0.0,803.0,399,365,39,50,45,5,326.0,0.31,0.0001,31965.0,,,,
248,2000,4289,1.8634,0.0168,3.5837,4.29,0.0124,0.16,6.22,0.92,0.0,827.0,350,447,30,42,54,4,317.0,0.25,0.0001,31910.0,,,,
249,2000,4306,1.8185,0.0058,3.5181,4.317,0.0128,0.16,6.25,0.93,0.0,806.0,358,401,47,44,50,6,325.0,0.23,0.0001,31923.0,338,64,110,66
250,2000,4430,1.9078,-0.0108,3.7313,4.53,0.0196,0.21,3.54,0.89,0.0,833.0,207,626,0,25,75,0,315.0,0.14,0.0001,4824.0,,,,
251,2000,4446,1.7444,-0.0082,3.4038,4.799,0.0129,0.18,7.49,0.95,0.0,398.0,170,228,0,43,57,0,659.0,0.6,0.0001,31921.0,,,,
252,2000,4463,1.6394,-0.0034,3.1857,4.941,0.0135,0.18,5.79,0.96,0.0,306.0,165,141,0,54,46,0,857.0,0.77,0.0001,31883.0,,,,
253,2000,4479,1.6429,-0.019,3.2244,4.901,0.0131,0.18,6.78,0.95,0.0,428.0,216,165,47,50,39,11,612.0,0.86,0.0001,31911.0,,,,
254,2000,4496,1.6874,-0.0186,3.3157,4.703,0.0147,0.19,4.43,0.93,0.0,575.0,239,275,61,42,48,11,456.0,0.61,0.0001,31939.0,,,,
255,2000,4512,1.8064,0.0019,3.508,4.636,0.0136,0.18,5.46,0.88,0.0,712.0,313,323,76,44,45,11,368.0,0.34,0.0001,31905.0,,,,
256,2000,4529,1.8234,0.0094,3.5231,4.512,0.0122,0.16,6.62,0.88,0.0,696.0,309,347,40,44,50,6,377.0,0.26,0.0001,31936.0,,,,
257,2000,4545,1.808,0.012,3.484,4.442,0.01,0.13,10.63,0.9,0.0,684.0,284,366,34,42,54,5,383.0,0.27,0.0001,31928.0,,,,
258,2000,4562,1.8407,0.0191,3.5317,4.366,0.0087,0.11,14.0,0.92,0.0,632.0,261,313,58,41,50,9,415.0,0.22,0.0001,31894.0,,,,
259,2000,4578,1.8343,0.0224,3.5141,4.364,0.0086,0.11,13.18,0.91,0.0,645.0,276,331,38,43,51,6,406.0,0.23,0.0001,31873.0,,,,
260,2000,4595,1.7907,0.0229,3.4254,4.386,0.0091,0.12,13.03,0.92,0.0,583.0,239,296,48,41,51,8,450.0,0.25,0.0001,31889.0,,,,
261,2000,4612,1.8128,0.0029,3.512,4.471,0.013,0.16,6.72,0.88,0.0,565.0,180,342,43,32,61,8,464.0,0.24,0.0001,30728.0,,,,
262,2000,4628,1.7401,-0.0177,3.4105,4.598,0.0136,0.18,5.67,0.86,0.0,538.0,164,327,47,30,61,9,487.0,0.26,0.0001,31884.0,,,,
263,2000,4645,1.7886,-0.0042,3.4802,4.614,0.012,0.16,7.68,0.81,0.0,642.0,226,376,40,35,59,6,408.0,0.28,0.0001,31915.0,,,,
264,2000,4661,1.8224,-0.01,3.5538,4.4,0.0129,0.17,8.9,0.82,0.0,725.0,261,420,44,36,58,6,362.0,0.28,0.0001,31864.0,,,,
265,2000,4678,1.837,-0.0113,3.5862,4.288,0.0106,0.13,12.97,0.86,0.0,769.0,317,424,28,41,55,4,341.0,0.23,0.0001,31859.0,,,,
266,2000,4694,1.8536,0.0141,3.5669,4.316,0.0127,0.16,12.18,0.89,0.0,803.0,402,379,22,50,47,3,326.0,0.26,0.0001,31944.0,,,,
267,2000,4711,1.8386,0.0229,3.5172,4.238,0.01,0.13,15.39,0.92,0.0,698.0,389,282,27,56,40,4,376.0,0.29,0.0001,31941.0,,,,
268,2000,4727,1.8339,0.0378,3.4756,4.129,0.0112,0.14,17.63,0.92,0.0,725.0,393,305,27,54,42,4,362.0,0.35,0.0001,31892.0,,,,
269,2000,4744,1.8353,0.0462,3.4592,4.095,0.0081,0.1,20.52,0.94,0.0,674.0,377,276,21,56,41,3,389.0,0.38,0.0001,31846.0,,,,
270,2000,4760,1.8282,0.0406,3.456,4.041,0.0105,0.13,15.23,0.94,0.0,788.0,476,273,39,60,35,5,333.0,0.37,0.0001,31874.0,,,,
271,2000,4777,1.8798,0.0648,3.5093,4.0,0.0087,0.11,20.69,0.95,0.0,789.0,446,304,39,57,39,5,332.0,0.32,0.0001,31913.0,,,,
272,2000,4793,1.8332,0.0526,3.4399,4.019,0.0085,0.11,16.8,0.95,0.0,782.0,488,267,27,62,34,3,335.0,0.26,0.0001,31861.0,,,,
273,2000,4810,1.8373,0.0527,3.4527,4.207,0.0087,0.11,14.87,0.94,0.0,721.0,398,293,30,55,41,4,364.0,0.26,0.0001,31864.0,,,,
274,2000,4826,1.8097,0.0531,3.3972,4.232,0.0153,0.18,11.61,0.94,0.0,693.0,366,286,41,53,41,6,378.0,0.22,0.0001,31959.0,,,,
275,2000,4843,1.7972,0.0503,3.3782,4.214,0.0148,0.18,11.61,0.95,0.0,678.0,345,287,46,51,42,7,387.0,0.17,0.0001,31872.0,,,,
276,2000,4859,1.8083,0.0449,3.4132,4.234,0.0141,0.17,14.09,0.94,0.0,659.0,297,298,64,45,45,10,398.0,0.17,0.0001,31942.0,,,,
277,2000,4876,1.8295,0.0399,3.465,4.197,0.0131,0.16,16.14,0.93,0.0,743.0,313,364,66,42,49,9,353.0,0.12,0.0001,31835.0,,,,
278,2000,4892,1.8181,0.0478,3.4298,4.283,0.0138,0.17,13.39,0.93,0.0,726.0,319,356,51,44,49,7,361.0,0.1,0.0001,31834.0,,,,
279,2000,4909,1.8181,0.0341,3.4599,4.419,0.0143,0.18,10.59,0.93,0.0,672.0,289,327,56,43,49,8,390.0,0.1,0.0001,31940.0,,,,
280,2000,4925,1.8409,0.0108,3.5488,4.276,0.0156,0.19,9.86,0.93,0.0,837.0,286,493,58,34,59,7,313.0,0.08,0.0001,31848.0,,,,
281,2000,4942,1.9219,0.0435,3.6501,4.457,0.0174,0.2,6.57,0.92,0.0,713.0,291,367,55,41,51,8,368.0,0.1,0.0001,30741.0,,,,
282,2000,4959,1.8119,0.0254,3.469,4.598,0.014,0.18,6.98,0.95,0.0,548.0,282,220,46,51,40,8,478.0,0.15,0.0001,31873.0,,,,
283,2000,4975,1.7841,0.014,3.4368,4.596,0.0139,0.17,6.61,0.95,0.0,555.0,256,252,47,46,45,8,472.0,0.24,0.0001,31846.0,,,,
284,2000,4992,1.7919,0.0046,3.4673,4.508,0.0134,0.17,6.99,0.94,0.0,611.0,270,311,30,44,51,5,429.0,0.38,0.0001,31917.0,,,,
285,2000,5008,1.8066,0.0,3.5058,4.422,0.0116,0.14,8.92,0.94,0.0,729.0,329,336,64,45,46,9,360.0,0.44,0.0001,31932.0,,,,
286,2000,5025,1.8206,-0.0028,3.5408,4.381,0.0124,0.15,8.79,0.93,0.0,766.0,379,348,39,49,45,5,342.0,0.35,0.0001,31869.0,,,,
287,2000,5041,1.8242,-0.0093,3.5601,4.396,0.0144,0.18,6.22,0.93,0.0,761.0,377,360,24,50,47,3,344.0,0.28,0.0001,31884.0,,,,
288,2000,5058,1.8439,-0.0188,3.6198,4.461,0.0098,0.13,9.77,0.93,0.0,781.0,398,361,22,51,46,3,336.0,0.29,0.0001,31868.0,,,,
289,2000,5074,1.8421,-0.0069,3.5914,4.414,0.0114,0.15,7.55,0.94,0.0,779.0,385,382,12,49,49,2,337.0,0.32,0.0001,31851.0,,,,
290,2000,5091,1.845,-0.0048,3.593,4.402,0.0103,0.14,9.75,0.95,0.0,787.0,415,351,21,53,45,3,333.0,0.32,0.0001,31870.0,,,,
291,2000,5107,1.8301,-0.0113,3.5773,4.4,0.0119,0.15,7.88,0.95,0.0,756.0,391,343,22,52,45,3,347.0,0.34,0.0001,31847.0,,,,
292,2000,5124,1.8396,-0.0188,3.6085,4.316,0.0124,0.16,10.07,0.95,0.0,754.0,425,305,24,56,40,3,348.0,0.33,0.0001,31922.0,,,,
293,2000,5140,1.8243,-0.0304,3.5987,4.205,0.0114,0.15,12.15,0.94,0.0,717.0,389,307,21,54,43,3,366.0,0.36,0.0001,31898.0,,,,
294,2000,5157,1.848,-0.03,3.6448,4.182,0.0107,0.14,14.16,0.94,0.0,766.0,408,338,20,53,44,3,342.0,0.36,0.0001,31850.0,,,,
295,2000,5173,1.8532,-0.0237,3.6399,4.09,0.0101,0.13,17.54,0.95,0.0,794.0,465,310,19,59,39,2,330.0,0.33,0.0001,31865.0,,,,
296,2000,5190,1.9144,0.0019,3.7091,4.028,0.0124,0.16,13.74,0.94,0.0,897.0,516,357,24,58,40,3,292.0,0.26,0.0001,31932.0,,,,
297,2000,5206,1.9367,0.0142,3.7275,3.967,0.0108,0.13,19.27,0.94,0.0,908.0,522,365,21,57,40,2,289.0,0.2,0.0001,31921.0,,,,
298,2000,5223,1.9798,0.0417,3.758,3.975,0.0097,0.12,24.66,0.94,0.0,1053.0,630,403,20,60,38,2,249.0,0.14,0.0001,31962.0,,,,
299,2000,5239,2.0004,0.0588,3.7643,3.939,0.006,0.07,25.08,0.94,0.0,1108.0,612,485,11,55,44,1,237.0,0.09,0.0001,31890.0,247,44,221,48
300,2000,5281,2.0485,0.0681,3.8403,3.857,0.0081,0.1,29.74,0.94,0.0,1112.0,614,486,12,55,44,1,236.0,0.08,0.0001,32063.0,,,,
301,2000,5298,2.0696,0.0211,3.9811,4.105,0.0177,0.19,14.72,0.91,0.0,1069.0,495,568,6,46,53,1,245.0,0.08,0.0001,30785.0,,,,
302,2000,5314,2.0555,0.0663,3.8615,3.999,0.0186,0.2,13.97,0.91,0.0,988.0,418,561,9,42,57,1,265.0,0.09,0.0001,31965.0,,,,
303,2000,5331,2.0077,0.0569,3.7836,3.985,0.0113,0.13,15.31,0.92,0.0,987.0,445,534,8,45,54,1,266.0,0.09,0.0001,31873.0,,,,
304,2000,5347,1.998,0.06,3.7596,4.034,0.017,0.18,15.23,0.93,0.0,872.0,417,446,9,48,51,1,301.0,0.12,0.0001,31950.0,,,,
305,2000,5364,1.9699,0.055,3.7128,3.915,0.0119,0.15,15.88,0.94,0.0,826.0,387,414,25,47,50,3,317.0,0.14,0.0001,31848.0,,,,
306,2000,5380,1.9347,0.0537,3.6465,4.019,0.0171,0.2,15.9,0.95,0.0,810.0,394,389,27,49,48,3,324.0,0.14,0.0001,31855.0,,,,
307,2000,5397,1.9004,0.0357,3.6145,4.035,0.0091,0.11,15.6,0.95,0.0,747.0,387,338,22,52,45,3,351.0,0.19,0.0001,31870.0,,,,
308,2000,5413,1.9199,0.0515,3.6223,4.112,0.0193,0.21,16.24,0.95,0.0,762.0,364,368,30,48,48,4,344.0,0.2,0.0001,31883.0,,,,
309,2000,5430,1.8972,0.0411,3.6,4.2,0.0132,0.16,16.46,0.95,0.0,773.0,362,386,25,47,50,3,339.0,0.21,0.0001,31871.0,,,,
310,2000,5446,1.9698,0.0651,3.6949,4.008,0.0168,0.2,14.69,0.94,0.0,893.0,391,469,33,44,53,4,294.0,0.16,0.0001,31861.0,,,,
311,2000,5463,1.9842,0.0676,3.7189,4.02,0.0143,0.18,14.57,0.94,0.0,928.0,424,488,16,46,53,2,282.0,0.16,0.0001,31887.0,,,,
312,2000,5479,1.9642,0.0436,3.7252,3.969,0.0109,0.14,13.99,0.94,0.0,899.0,386,500,13,43,56,1,292.0,0.13,0.0001,31885.0,,,,
313,2000,5496,1.9781,0.0442,3.7546,4.153,0.0127,0.16,14.64,0.94,0.0,954.0,418,524,12,44,55,1,275.0,0.13,0.0001,31940.0,,,,
314,2000,5512,1.932,0.0314,3.6885,4.189,0.0153,0.18,12.66,0.94,0.0,951.0,424,517,10,45,54,1,276.0,0.09,0.0001,31940.0,,,,
315,2000,5529,1.9114,0.0046,3.7021,4.183,0.0139,0.17,12.7,0.94,0.0,927.0,425,491,11,46,53,1,283.0,0.1,0.0001,31903.0,,,,
316,2000,5545,1.9352,0.0079,3.744,4.217,0.0146,0.18,11.96,0.94,0.0,929.0,435,482,12,47,52,1,282.0,0.13,0.0001,31880.0,,,,
317,2000,5562,1.9422,-0.0092,3.7908,4.103,0.0131,0.16,12.05,0.93,0.0,1000.0,490,502,8,49,50,1,262.0,0.14,0.0001,31871.0,,,,
318,2000,5578,1.9446,-0.0129,3.804,4.156,0.0154,0.18,11.67,0.93,0.0,1030.0,517,500,13,50,49,1,255.0,0.13,0.0001,31933.0,,,,
319,2000,5595,1.9475,-0.0143,3.8115,4.13,0.0116,0.14,15.84,0.94,0.0,1012.0,480,521,11,47,51,1,259.0,0.14,0.0001,31885.0,,,,
320,2000,5611,1.9455,0.0045,3.7672,3.997,0.0124,0.15,12.99,0.94,0.0,1000.0,472,518,10,47,52,1,262.0,0.15,0.0001,31871.0,,,,
321,2000,5628,2.0041,-0.0054,3.905,4.104,0.0142,0.17,13.04,0.92,0.0,950.0,490,454,6,52,48,1,276.0,0.15,0.0001,30786.0,,,,
322,2000,5645,1.9338,0.0093,3.7363,4.155,0.0171,0.21,9.86,0.93,0.0,831.0,418,398,15,50,48,2,315.0,0.16,0.0001,31878.0,,,,
323,2000,5661,1.9604,0.0174,3.7706,4.074,0.0125,0.16,11.95,0.93,0.0,837.0,405,421,11,48,50,1,313.0,0.12,0.0001,31866.0,,,,
324,2000,5678,1.9344,0.0189,3.7164,4.076,0.0146,0.18,10.28,0.93,0.0,876.0,417,454,5,48,52,1,299.0,0.13,0.0001,31860.0,,,,
325,2000,5694,1.9406,0.0275,3.7119,4.007,0.0161,0.19,8.75,0.93,0.0,873.0,431,426,16,49,49,2,300.0,0.12,0.0001,31844.0,,,,
326,2000,5711,1.9732,0.0247,3.7822,3.981,0.0118,0.15,11.18,0.92,0.0,862.0,413,439,10,48,51,1,304.0,0.1,0.0001,31850.0,,,,
327,2000,5728,1.9954,0.0371,3.8005,3.939,0.0132,0.16,12.12,0.92,0.0,973.0,479,487,7,49,50,1,269.0,0.1,0.0001,31841.0,,,,
328,2000,5744,1.988,0.044,3.7739,3.954,0.0141,0.17,10.54,0.92,0.0,953.0,474,465,14,50,49,1,275.0,0.09,0.0001,31855.0,,,,
329,2000,5761,2.0036,0.0492,3.7931,3.915,0.0143,0.17,11.25,0.9,0.0,974.0,461,505,8,47,52,1,269.0,0.07,0.0001,31848.0,,,,
330,2000,5777,2.0043,0.0543,3.7836,3.846,0.0158,0.19,10.24,0.91,0.0,980.0,486,491,3,50,50,0,267.0,0.06,0.0001,31859.0,,,,
331,2000,5794,1.9901,0.0535,3.7575,3.87,0.0125,0.16,11.31,0.92,0.0,1030.0,484,540,6,47,52,1,255.0,0.08,0.0001,31940.0,,,,
332,2000,5810,2.011,0.0691,3.768,3.83,0.0123,0.15,15.37,0.93,0.0,1010.0,516,489,5,51,48,0,260.0,0.08,0.0001,31894.0,,,,
333,2000,5827,2.031,0.0687,3.8109,4.02,0.0117,0.14,14.0,0.92,0.0,1020.0,537,475,8,53,47,1,257.0,0.07,0.0001,31857.0,,,,
334,2000,5843,2.0052,0.0604,3.775,4.021,0.0117,0.14,17.01,0.92,0.0,1028.0,505,517,6,49,50,1,255.0,0.08,0.0001,31873.0,,,,
335,2000,5860,1.9753,0.0395,3.7567,4.015,0.0092,0.11,17.61,0.93,0.0,984.0,491,487,6,50,49,1,266.0,0.11,0.0001,31860.0,,,,
336,2000,5876,1.9716,0.0474,3.734,4.042,0.0123,0.15,14.72,0.94,0.0,976.0,521,446,9,53,46,1,269.0,0.12,0.0001,31830.0,,,,
337,2000,5893,1.9532,0.031,3.7301,4.118,0.0126,0.15,18.4,0.94,0.0,928.0,496,429,3,53,46,0,282.0,0.1,0.0001,31847.0,,,,
338,2000,5909,1.9606,0.075,3.6566,4.136,0.0081,0.09,19.12,0.94,0.0,908.0,491,410,7,54,45,1,289.0,0.08,0.0001,31845.0,,,,
339,2000,5926,1.9813,0.0698,3.7052,3.933,0.0131,0.15,14.94,0.94,0.0,939.0,474,457,8,50,49,1,279.0,0.06,0.0001,31844.0,,,,
340,2000,5942,1.9162,0.0229,3.6718,4.124,0.0079,0.09,22.29,0.95,0.0,869.0,439,416,14,51,48,2,302.0,0.06,0.0001,31833.0,,,,
341,2000,5959,1.9814,0.0231,3.8012,4.094,0.0099,0.11,19.23,0.93,0.0,879.0,404,463,12,46,53,1,298.0,0.05,0.0001,30712.0,,,,
342,2000,5976,1.9608,0.0523,3.7012,4.123,0.0163,0.18,15.2,0.93,0.0,851.0,358,479,14,42,56,2,308.0,0.04,0.0001,31902.0,,,,
343,2000,5992,1.9538,0.042,3.7075,4.024,0.0144,0.16,13.13,0.92,0.0,911.0,400,500,11,44,55,1,288.0,0.05,0.0001,31853.0,,,,
344,2000,6009,1.9767,0.0476,3.7404,3.885,0.0156,0.17,19.51,0.91,0.0,941.0,436,488,17,46,52,2,279.0,0.03,0.0001,31867.0,,,,
345,2000,6025,1.9804,0.0309,3.779,3.811,0.0127,0.15,17.75,0.9,0.0,979.0,394,584,1,40,60,0,268.0,0.02,0.0001,31861.0,,,,
346,2000,6042,1.9379,0.0429,3.6723,3.997,0.0064,0.07,23.34,0.91,0.0,891.0,402,488,1,45,55,0,294.0,0.02,0.0001,31882.0,,,,
347,2000,6058,1.8973,0.0379,3.6007,3.993,0.0063,0.07,22.9,0.92,0.0,788.0,380,407,1,48,52,0,333.0,0.02,0.0001,31954.0,,,,
348,2000,6075,1.9637,0.0423,3.7237,3.921,0.0138,0.15,16.89,0.92,0.0,879.0,412,467,0,47,53,0,298.0,0.02,0.0001,31908.0,,,,
349,2000,6091,1.9833,0.0265,3.7917,3.765,0.0101,0.11,24.61,0.92,0.0,866.0,390,475,1,45,55,0,303.0,0.03,0.0001,31893.0,275,39,198,54
350,2000,6123,1.9336,0.0251,3.6965,3.919,0.0112,0.12,29.22,0.92,0.0,809.0,343,463,3,42,57,0,324.0,0.03,0.0001,31985.0,,,,
351,2000,6139,1.9028,0.009,3.6687,4.011,0.0159,0.16,19.96,0.92,0.0,798.0,387,409,2,48,51,0,329.0,0.04,0.0001,31886.0,,,,
352,2000,6156,1.8604,-0.0071,3.6176,4.087,0.0181,0.18,20.84,0.91,0.0,795.0,383,410,2,48,52,0,330.0,0.04,0.0001,31882.0,,,,
353,2000,6172,1.8094,-0.0208,3.546,4.325,0.0166,0.16,13.24,0.9,0.0,717.0,365,351,1,51,49,0,366.0,0.07,0.0001,31895.0,,,,
354,2000,6189,1.7767,-0.0207,3.4816,4.412,0.0214,0.2,11.0,0.91,0.0,691.0,347,344,0,50,50,0,379.0,0.07,0.0001,31896.0,,,,
355,2000,6205,1.8,-0.0357,3.558,4.362,0.0185,0.17,13.03,0.9,0.0,689.0,357,328,4,52,48,1,380.0,0.07,0.0001,31904.0,,,,
356,2000,6222,1.7295,-0.0283,3.4037,4.487,0.0139,0.15,13.62,0.91,0.0,601.0,328,271,2,55,45,0,436.0,0.06,0.0001,31900.0,,,,
357,2000,6238,1.7534,-0.036,3.4685,4.507,0.0153,0.16,11.61,0.9,0.0,645.0,328,313,4,51,49,1,406.0,0.06,0.0001,31897.0,,,,
358,2000,6255,1.721,-0.0252,3.3816,4.532,0.0156,0.16,9.98,0.9,0.0,583.0,330,252,1,57,43,0,450.0,0.05,0.0001,31893.0,,,,
359,2000,6271,1.7373,-0.01,3.3836,4.599,0.014,0.14,13.56,0.9,0.0,563.0,281,280,2,50,50,0,466.0,0.06,0.0001,31871.0,,,,
360,2000,6288,1.757,-0.0109,3.4232,4.432,0.0076,0.08,19.21,0.91,0.0,574.0,306,266,2,53,46,0,457.0,0.06,0.0001,31884.0,,,,
361,2000,6305,1.7999,-0.0062,3.4973,4.255,0.0161,0.16,13.5,0.9,0.0,601.0,339,257,5,56,43,1,436.0,0.06,0.0001,30821.0,,,,
362,2000,6321,1.7808,-0.0218,3.4901,4.213,0.0141,0.15,16.25,0.91,0.0,601.0,340,255,6,57,42,1,436.0,0.05,0.0001,31857.0,,,,
363,2000,6338,1.7535,-0.0008,3.3935,4.149,0.0147,0.16,13.89,0.92,0.0,511.0,253,250,8,50,49,2,513.0,0.07,0.0001,31864.0,,,,
364,2000,6354,1.7407,-0.0153,3.3939,4.026,0.012,0.13,22.62,0.92,0.0,483.0,224,253,6,46,52,1,543.0,0.1,0.0001,31845.0,,,,
365,2000,6371,1.7823,-0.0175,3.4828,4.066,0.0084,0.09,40.21,0.93,0.0,540.0,261,263,16,48,49,3,485.0,0.13,0.0001,31843.0,,,,
366,2000,6388,1.7521,-0.0069,3.4008,4.08,0.0098,0.11,26.0,0.92,0.0,561.0,290,253,18,52,45,3,467.0,0.08,0.0001,31851.0,,,,
367,2000,6404,1.7221,-0.0074,3.3453,4.289,0.0121,0.13,16.7,0.93,0.0,526.0,267,238,21,51,45,4,498.0,0.06,0.0001,31848.0,,,,
368,2000,6421,1.6893,-0.0172,3.2996,4.373,0.0096,0.1,24.3,0.93,0.0,486.0,250,219,17,51,45,3,539.0,0.08,0.0001,31846.0,,,,
369,2000,6437,1.683,-0.0139,3.2839,4.589,0.0146,0.15,13.33,0.93,0.0,450.0,239,199,12,53,44,3,583.0,0.1,0.0001,31840.0,,,,
370,2000,6454,1.7119,-0.0054,3.3214,4.34,0.0167,0.17,21.11,0.92,0.0,477.0,252,210,15,53,44,3,550.0,0.08,0.0001,31862.0,,,,
371,2000,6470,1.7063,0.0047,3.2915,4.341,0.015,0.15,17.42,0.93,0.0,471.0,248,203,20,53,43,4,557.0,0.1,0.0001,31858.0,,,,
372,2000,6487,1.6793,0.0002,3.2465,4.35,0.018,0.18,12.27,0.93,0.0,483.0,260,205,18,54,42,4,543.0,0.08,0.0001,31866.0,,,,
373,2000,6503,1.6468,-0.0042,3.1923,4.643,0.0141,0.15,14.66,0.94,0.0,393.0,225,154,14,57,39,4,667.0,0.08,0.0001,31874.0,,,,
374,2000,6520,1.627,-0.0184,3.1825,4.669,0.0146,0.15,11.62,0.93,0.0,439.0,239,176,24,54,40,5,597.0,0.11,0.0001,31859.0,,,,
375,2000,6536,1.6519,-0.0111,3.2158,4.525,0.0134,0.15,12.66,0.94,0.0,428.0,232,183,13,54,43,3,612.0,0.13,0.0001,31872.0,,,,
376,2000,6553,1.6683,-0.0101,3.2472,4.489,0.0136,0.15,11.2,0.94,0.0,477.0,255,199,23,53,42,5,550.0,0.16,0.0001,31855.0,,,,
377,2000,6569,1.6493,-0.0149,3.2196,4.568,0.0138,0.15,11.07,0.94,0.0,460.0,254,190,16,55,41,3,570.0,0.18,0.0001,31871.0,,,,
378,2000,6586,1.7278,-0.0047,3.3555,4.497,0.0133,0.15,12.89,0.94,0.0,533.0,281,228,24,53,43,5,492.0,0.21,0.0001,31860.0,,,,
379,2000,6602,1.7113,-0.0169,3.3487,4.533,0.0142,0.16,10.63,0.94,0.0,562.0,295,237,30,52,42,5,466.0,0.21,0.0001,31946.0,,,,
380,2000,6619,1.7388,-0.0302,3.4283,4.418,0.0097,0.11,14.11,0.94,0.0,630.0,356,255,19,57,40,3,416.0,0.13,0.0001,31898.0,,,,
381,2000,6636,1.8453,-0.0076,3.6008,4.629,0.015,0.17,10.06,0.91,0.0,688.0,381,291,16,55,42,2,381.0,0.16,0.0001,30777.0,,,,
382,2000,6652,1.8456,0.0056,3.5774,4.741,0.0182,0.2,7.23,0.9,0.0,695.0,389,292,14,56,42,2,377.0,0.21,0.0001,31950.0,,,,
383,2000,6669,1.8101,-0.0012,3.5191,4.65,0.0166,0.18,6.48,0.9,0.0,612.0,311,280,21,51,46,3,428.0,0.17,0.0001,31922.0,,,,
384,2000,6685,1.7543,-0.0097,3.4234,4.611,0.0169,0.18,5.7,0.92,0.0,560.0,274,263,23,49,47,4,468.0,0.11,0.0001,31962.0,,,,
385,2000,6702,1.753,-0.0101,3.4186,4.47,0.0151,0.16,7.77,0.92,0.0,582.0,318,255,9,55,44,2,450.0,0.07,0.0001,31944.0,,,,
386,2000,6718,1.7665,0.0084,3.4061,4.343,0.0134,0.14,8.54,0.93,0.0,548.0,312,225,11,57,41,2,478.0,0.07,0.0001,31905.0,,,,
387,2000,6735,1.8114,0.0086,3.4928,4.145,0.0128,0.13,15.08,0.93,0.0,615.0,355,249,11,58,40,2,426.0,0.04,0.0001,31896.0,,,,
388,2000,6751,1.8644,0.0344,3.5473,4.114,0.0134,0.15,10.94,0.92,0.0,748.0,454,286,8,61,38,1,350.0,0.03,0.0001,31933.0,,,,
389,2000,6768,1.8572,0.0396,3.5228,4.086,0.0128,0.14,10.46,0.93,0.0,707.0,411,281,15,58,40,2,371.0,0.03,0.0001,31921.0,,,,
390,2000,6784,1.8243,0.0306,3.4748,4.121,0.0117,0.14,10.79,0.93,0.0,646.0,359,276,11,56,43,2,406.0,0.04,0.0001,31971.0,,,,
391,2000,6801,1.8319,0.0252,3.5013,4.216,0.0105,0.12,10.36,0.94,0.0,634.0,373,257,4,59,41,1,413.0,0.05,0.0001,31909.0,,,,
392,2000,6817,1.7731,0.0247,3.3845,4.284,0.0108,0.12,13.45,0.94,0.0,566.0,317,244,5,56,43,1,463.0,0.07,0.0001,31878.0,,,,
393,2000,6834,1.757,0.017,3.3673,4.247,0.0092,0.1,14.75,0.94,0.0,487.0,271,209,7,56,43,1,538.0,0.06,0.0001,31900.0,,,,
394,2000,6850,1.7865,0.0176,3.4235,4.145,0.011,0.12,17.63,0.93,0.0,533.0,278,246,9,52,46,2,492.0,0.06,0.0001,31902.0,,,,
395,2000,6867,1.8308,0.0218,3.5007,3.941,0.0091,0.11,23.19,0.93,0.0,552.0,294,254,4,53,46,1,475.0,0.05,0.0001,31884.0,,,,
396,2000,6883,1.8278,0.0234,3.4927,3.958,0.0106,0.12,23.23,0.94,0.0,582.0,320,254,8,55,44,1,450.0,0.04,0.0001,31902.0,,,,
397,2000,6900,1.8153,0.0117,3.4908,3.951,0.0116,0.13,17.34,0.93,0.0,608.0,323,281,4,53,46,1,431.0,0.03,0.0001,31909.0,,,,
398,2000,6916,1.7749,0.0117,3.41,4.011,0.0102,0.11,19.21,0.94,0.0,533.0,294,237,2,55,44,0,492.0,0.04,0.0001,31950.0,,,,
399,2000,6933,1.8221,0.0159,3.4937,3.9,0.0106,0.12,29.92,0.94,0.0,576.0,282,291,3,49,51,1,455.0,0.06,0.0001,31905.0,306,17,189,60
400,2000,6964,1.8094,0.023,3.4531,3.84,0.0118,0.13,19.11,0.94,0.0,541.0,282,254,5,52,47,1,485.0,0.06,0.0001,32111.0,,,,
401,2000,6981,1.8594,0.0171,3.5669,4.042,0.0084,0.09,26.68,0.93,0.0,630.0,324,298,8,51,47,1,416.0,0.05,0.0001,30772.0,,,,
402,2000,6998,1.728,0.0308,3.2788,4.283,0.0092,0.1,24.49,0.94,0.0,427.0,206,218,3,48,51,1,614.0,0.06,0.0001,31894.0,,,,
403,2000,7014,1.6898,-0.0012,3.2677,4.304,0.0105,0.11,23.05,0.93,0.0,455.0,213,231,11,47,51,2,576.0,0.07,0.0001,31880.0,,,,
404,2000,7031,1.743,-0.0044,3.3768,4.037,0.0108,0.12,26.14,0.94,0.0,473.0,234,231,8,49,49,2,554.0,0.09,0.0001,31894.0,,,,
405,2000,7047,1.7948,0.0071,3.4546,3.783,0.0069,0.07,34.7,0.94,0.0,621.0,324,265,32,52,43,5,422.0,0.08,0.0001,31956.0,,,,
406,2000,7063,1.8827,0.0293,3.584,3.622,0.0098,0.1,43.0,0.95,0.0,670.0,359,282,29,54,42,4,391.0,0.04,0.0001,31893.0,,,,
407,2000,7080,1.8741,0.0083,3.6046,3.486,0.0113,0.11,39.11,0.95,0.0,673.0,323,338,12,48,50,2,390.0,0.04,0.0001,31930.0,,,,
408,2000,7096,1.7736,0.017,3.3896,3.649,0.0138,0.12,29.93,0.95,0.0,613.0,288,309,16,47,50,3,428.0,0.04,0.0001,31954.0,,,,
409,2000,7113,1.77,0.0009,3.4181,3.756,0.0166,0.15,31.54,0.94,0.0,577.0,281,270,26,49,47,5,454.0,0.06,0.0001,31884.0,,,,
410,2000,7129,1.8156,0.0206,3.4704,3.857,0.0156,0.14,34.64,0.94,0.0,596.0,288,285,23,48,48,4,440.0,0.08,0.0001,31898.0,,,,
411,2000,7146,1.7547,0.0264,3.3345,3.756,0.018,0.16,34.21,0.95,0.0,482.0,231,226,25,48,47,5,544.0,0.09,0.0001,31871.0,,,,
412,2000,7162,1.67,0.0143,3.1936,4.019,0.0101,0.1,29.37,0.95,0.0,466.0,190,240,36,41,52,8,563.0,0.1,0.0001,31868.0,,,,
413,2000,7179,1.6775,0.0241,3.1872,4.059,0.0143,0.14,25.07,0.96,0.0,457.0,211,224,22,46,49,5,574.0,0.07,0.0001,31885.0,,,,
414,2000,7195,1.6996,0.0283,3.226,4.257,0.0189,0.13,33.09,0.95,0.0,391.0,179,197,15,46,50,4,670.0,0.06,0.0001,31945.0,,,,
415,2000,7212,1.6893,0.0127,3.2413,4.45,0.0124,0.12,25.81,0.95,0.0,418.0,190,192,36,45,46,9,627.0,0.05,0.0001,31873.0,,,,
416,2000,7228,1.6496,0.0125,3.1646,4.584,0.0148,0.15,15.99,0.95,0.0,403.0,194,191,18,48,47,4,650.0,0.06,0.0001,31889.0,,,,
417,2000,7245,1.6574,0.0008,3.2,4.363,0.0152,0.13,16.84,0.95,0.0,432.0,213,202,17,49,47,4,607.0,0.07,0.0001,31885.0,,,,
418,2000,7261,1.6026,0.0015,3.0922,4.673,0.0134,0.12,20.08,0.95,0.0,337.0,178,140,19,53,42,6,778.0,0.06,0.0001,31909.0,,,,
419,2000,7278,1.5856,0.0014,3.062,4.786,0.0143,0.13,18.42,0.94,0.0,302.0,149,137,16,49,45,5,868.0,0.06,0.0001,31882.0,,,,
420,2000,7294,1.6073,0.0062,3.0948,4.766,0.0163,0.16,19.51,0.93,0.0,328.0,152,158,18,46,48,5,799.0,0.07,0.0001,31887.0,,,,
421,2000,7312,1.7173,0.0237,3.2791,4.576,0.0209,0.17,18.62,0.91,0.0,418.0,203,175,40,49,42,10,627.0,0.07,0.0001,30743.0,,,,
422,2000,7328,1.6465,0.0195,3.1465,4.705,0.0191,0.17,13.34,0.92,0.0,335.0,155,155,25,46,46,7,783.0,0.07,0.0001,31915.0,,,,
423,2000,7345,1.6212,0.0218,3.0933,4.762,0.0143,0.15,17.23,0.92,0.0,320.0,148,145,27,46,45,8,819.0,0.07,0.0001,31868.0,,,,
424,2000,7361,1.5925,0.0251,3.0279,4.82,0.0195,0.19,13.76,0.92,0.0,288.0,131,127,30,45,44,10,910.0,0.09,0.0001,31873.0,,,,
425,2000,7378,1.5389,0.0142,2.9435,4.865,0.0135,0.15,14.76,0.93,0.0,239.0,105,93,41,44,39,17,1097.0,0.1,0.0001,31919.0,,,,
426,2000,7394,1.5342,0.0167,2.9289,4.858,0.0116,0.13,17.53,0.94,0.0,234.0,100,87,47,43,37,20,1120.0,0.06,0.0001,31902.0,,,,
427,2000,7411,1.5896,0.0234,3.0256,4.679,0.0136,0.15,14.87,0.91,0.0,293.0,142,108,43,48,37,15,895.0,0.06,0.0001,31879.0,,,,
428,2000,7427,1.6153,0.0236,3.0764,4.581,0.014,0.15,18.97,0.92,0.0,351.0,151,116,84,43,33,24,747.0,0.04,0.0001,31884.0,,,,
429,2000,7444,1.6456,0.0356,3.1103,4.326,0.0098,0.11,31.62,0.92,0.0,376.0,162,151,63,43,40,17,697.0,0.04,0.0001,31865.0,,,,
430,2000,7460,1.6734,0.0389,3.1567,4.21,0.0122,0.13,24.64,0.93,0.0,388.0,183,169,36,47,44,9,676.0,0.06,0.0001,31861.0,,,,
431,2000,7477,1.6982,0.046,3.1911,4.077,0.0057,0.06,42.38,0.93,0.0,412.0,182,194,36,44,47,9,636.0,0.08,0.0001,31899.0,,,,
432,2000,7493,1.7415,0.0377,3.2931,4.072,0.0075,0.08,47.5,0.94,0.0,427.0,177,209,41,41,49,10,614.0,0.08,0.0001,31868.0,,,,
433,2000,7510,1.6907,0.0458,3.1785,4.208,0.0104,0.12,25.37,0.95,0.0,406.0,183,207,16,45,51,4,646.0,0.08,0.0001,31873.0,,,,
434,2000,7526,1.6967,0.045,3.1936,4.285,0.0113,0.12,31.66,0.95,0.0,379.0,183,171,25,48,45,7,692.0,0.12,0.0001,31860.0,,,,
435,2000,7543,1.651,0.038,3.1182,4.403,0.0147,0.15,23.09,0.95,0.0,357.0,159,176,22,45,49,6,734.0,0.1,0.0001,31902.0,,,,
436,2000,7559,1.692,0.0303,3.2152,4.251,0.0176,0.18,21.95,0.94,0.0,407.0,176,190,41,43,47,10,644.0,0.11,0.0001,31868.0,,,,
437,2000,7576,1.7338,0.0368,3.2871,4.248,0.0219,0.22,16.4,0.94,0.0,443.0,204,203,36,46,46,8,592.0,0.15,0.0001,31856.0,,,,
438,2000,7592,1.7761,0.0284,3.3833,3.852,0.0176,0.19,20.65,0.94,0.0,496.0,211,248,37,43,50,7,529.0,0.16,0.0001,31868.0,,,,
439,2000,7609,1.786,0.0131,3.4377,4.02,0.0185,0.2,15.51,0.93,0.0,584.0,255,290,39,44,50,7,449.0,0.17,0.0001,31869.0,,,,
440,2000,7625,1.8214,0.0111,3.5053,3.604,0.0169,0.19,18.16,0.93,0.0,578.0,269,276,33,47,48,6,454.0,0.15,0.0001,31866.0,,,,
441,2000,7642,1.9746,0.0175,3.7982,3.593,0.0138,0.16,18.34,0.91,0.0,840.0,404,398,38,48,47,5,312.0,0.13,0.0001,30755.0,,,,
442,2000,7659,2.0116,0.0223,3.8642,3.59,0.0187,0.2,10.25,0.91,0.0,1078.0,506,542,30,47,50,3,243.0,0.1,0.0001,31891.0,,,,
443,2000,7675,1.995,-0.0084,3.892,3.557,0.0142,0.17,12.26,0.91,0.0,1262.0,613,624,25,49,49,2,208.0,0.06,0.0001,31896.0,,,,
444,2000,7692,2.0278,0.017,3.9069,3.516,0.0138,0.16,13.94,0.92,0.0,1221.0,621,584,16,51,48,1,215.0,0.03,0.0001,31887.0,,,,
445,2000,7708,1.9779,-0.0109,3.8618,3.491,0.0138,0.17,14.48,0.92,0.0,1183.0,583,594,6,49,50,1,222.0,0.03,0.0001,31889.0,,,,
446,2000,7725,1.971,0.0032,3.8192,3.492,0.013,0.15,15.12,0.93,0.0,1191.0,656,534,1,55,45,0,220.0,0.03,0.0001,31929.0,,,,
447,2000,7741,1.9941,0.0101,3.8525,3.517,0.0128,0.16,14.93,0.93,0.0,1131.0,599,524,8,53,46,1,232.0,0.03,0.0001,31888.0,,,,
448,2000,7758,1.9453,-0.0228,3.8211,3.573,0.0088,0.11,17.57,0.94,0.0,1141.0,579,558,4,51,49,0,230.0,0.02,0.0001,31876.0,,,,
449,2000,7774,1.9521,0.0037,3.7826,3.636,0.0138,0.17,11.86,0.94,0.0,1139.0,544,594,1,48,52,0,230.0,0.04,0.0001,31894.0,330,14,168,64
450,2000,7893,1.9555,-0.0198,3.8475,4.104,0.0164,0.21,6.74,0.89,0.0,681.0,298,383,0,44,56,0,385.0,0.03,0.0001,5070.0,,,,
451,2000,7909,1.7808,-0.0174,3.4887,4.024,0.013,0.17,6.97,0.95,0.0,720.0,304,416,0,42,58,0,364.0,0.24,0.0001,31850.0,,,,
452,2000,7926,1.8098,-0.0268,3.5668,4.031,0.0131,0.16,7.13,0.95,0.0,865.0,413,452,0,48,52,0,303.0,0.32,0.0001,31860.0,,,,
453,2000,7942,1.9268,0.0043,3.7349,3.864,0.011,0.13,18.82,0.93,0.0,881.0,447,424,10,51,48,1,298.0,0.38,0.0001,31897.0,,,,
454,2000,7959,1.9343,-0.005,3.7636,3.503,0.0112,0.12,21.1,0.93,0.0,1201.0,543,604,54,45,50,4,218.0,0.17,0.0001,31961.0,,,,
455,2000,7975,1.9552,0.0075,3.7767,3.43,0.0108,0.12,22.6,0.94,0.0,1233.0,605,617,11,49,50,1,213.0,0.07,0.0001,31896.0,,,,
456,2000,7992,2.0499,0.0756,3.8268,3.29,0.0094,0.11,25.51,0.93,0.0,1222.0,605,614,3,50,50,0,215.0,0.03,0.0001,31946.0,,,,
457,2000,8008,1.9935,0.0328,3.8008,3.359,0.0059,0.07,29.16,0.93,0.0,1108.0,528,577,3,48,52,0,237.0,0.02,0.0001,31919.0,,,,
458,2000,8025,2.0028,0.0638,3.7586,3.394,0.009,0.11,24.7,0.93,0.0,991.0,473,518,0,48,52,0,265.0,0.01,0.0001,31883.0,,,,
459,2000,8041,2.1057,0.1277,3.8393,3.505,0.0144,0.16,19.51,0.91,0.0,1002.0,419,583,0,42,58,0,262.0,0.01,0.0001,31876.0,,,,
460,2000,8058,2.0948,0.127,3.8197,3.508,0.0145,0.17,15.97,0.91,0.0,998.0,440,558,0,44,56,0,263.0,0.02,0.0001,31879.0,,,,
461,2000,8075,2.0831,0.0882,3.876,3.602,0.0138,0.16,13.39,0.89,0.0,1074.0,501,573,0,47,53,0,244.0,0.02,0.0001,30702.0,,,,
462,2000,8092,2.0691,0.096,3.8295,3.445,0.0116,0.14,18.27,0.91,0.0,1106.0,554,550,2,50,50,0,237.0,0.04,0.0001,31921.0,,,,
463,2000,8108,2.0813,0.0894,3.8627,3.294,0.0095,0.11,28.72,0.92,0.0,1101.0,562,538,1,51,49,0,238.0,0.05,0.0001,31954.0,,,,
464,2000,8125,2.0004,0.0443,3.7904,3.25,0.0077,0.09,38.72,0.94,0.0,1013.0,526,485,2,52,48,0,259.0,0.04,0.0001,31907.0,,,,
465,2000,8141,1.9429,-0.0146,3.7888,3.093,0.0089,0.09,44.67,0.94,0.0,1007.0,567,435,5,56,43,0,260.0,0.02,0.0001,31862.0,,,,
466,2000,8158,1.884,-0.0041,3.6509,3.123,0.0081,0.09,48.73,0.94,0.0,917.0,468,448,1,51,49,0,286.0,0.01,0.0001,31941.0,,,,
467,2000,8174,1.8955,-0.0085,3.6868,3.308,0.0118,0.12,36.22,0.94,0.0,928.0,496,431,1,53,46,0,282.0,0.01,0.0001,31927.0,,,,
468,2000,8191,1.8809,-0.0178,3.679,3.472,0.0132,0.14,21.61,0.94,0.0,994.0,504,489,1,51,49,0,264.0,0.01,0.0001,31935.0,,,,
469,2000,8207,1.9152,-0.0066,3.7254,3.401,0.0116,0.13,21.4,0.94,0.0,1101.0,581,517,3,53,47,0,238.0,0.03,0.0001,31862.0,,,,
470,2000,8224,1.9669,0.0019,3.8095,3.296,0.0142,0.15,23.92,0.93,0.0,1069.0,541,526,2,51,49,0,245.0,0.03,0.0001,31910.0,,,,
471,2000,8240,1.982,0.0287,3.7863,3.325,0.0186,0.18,17.82,0.93,0.0,1079.0,586,492,1,54,46,0,243.0,0.04,0.0001,31963.0,,,,
472,2000,8256,1.922,0.0234,3.6742,3.267,0.0085,0.1,32.25,0.94,0.0,906.0,445,455,6,49,50,1,289.0,0.04,0.0001,31952.0,,,,
473,2000,8273,1.9454,0.0586,3.6491,3.224,0.0161,0.15,35.87,0.95,0.0,747.0,384,356,7,51,48,1,351.0,0.05,0.0001,31870.0,,,,
474,2000,8290,1.8479,0.0665,3.4343,3.134,0.0121,0.12,26.1,0.96,0.0,617.0,313,293,11,51,47,2,425.0,0.09,0.0001,31845.0,,,,
475,2000,8306,1.7829,0.0183,3.4051,3.428,0.0109,0.12,33.93,0.95,0.0,572.0,287,264,21,50,46,4,458.0,0.13,0.0001,31962.0,,,,
476,2000,8322,1.7147,-0.0016,3.3076,3.447,0.0109,0.12,22.42,0.96,0.0,531.0,270,237,24,51,45,5,494.0,0.16,0.0001,31880.0,,,,
477,2000,8339,1.754,0.0164,3.3524,3.509,0.012,0.13,34.38,0.96,0.0,502.0,228,239,35,45,48,7,522.0,0.21,0.0001,31941.0,,,,
478,2000,8355,1.8038,0.0015,3.4839,3.605,0.0122,0.12,40.22,0.97,0.0,587.0,292,266,29,50,45,5,447.0,0.24,0.0001,31875.0,,,,
479,2000,8372,1.8023,0.0185,3.4481,3.447,0.0094,0.11,29.45,0.96,0.0,667.0,297,346,24,45,52,4,393.0,0.22,0.0001,31945.0,,,,
480,2000,8388,1.8457,-0.0078,3.5886,3.534,0.0086,0.09,38.4,0.96,0.0,764.0,364,358,42,48,47,5,343.0,0.16,0.0001,31885.0,,,,
481,2000,8406,1.9314,0.0377,3.6732,3.785,0.02,0.19,20.01,0.94,0.0,792.0,411,354,27,52,45,3,331.0,0.09,0.0001,30741.0,,,,
482,2000,8422,1.9083,0.0007,3.7004,3.687,0.0165,0.16,27.49,0.93,0.0,854.0,448,380,26,52,44,3,307.0,0.08,0.0001,31878.0,,,,
483,2000,8439,1.9683,0.0353,3.7493,3.524,0.0163,0.17,20.67,0.92,0.0,1009.0,505,482,22,50,48,2,260.0,0.05,0.0001,31883.0,,,,
484,2000,8455,1.9526,0.0038,3.7801,3.475,0.0218,0.2,17.07,0.92,0.0,955.0,467,477,11,49,50,1,274.0,0.03,0.0001,31911.0,,,,
485,2000,8472,1.9373,0.0698,3.6173,3.472,0.0147,0.16,18.65,0.94,0.0,877.0,368,505,4,42,58,0,299.0,0.02,0.0001,31883.0,,,,
486,2000,8488,1.94,0.03,3.7036,3.635,0.014,0.14,30.73,0.93,0.0,867.0,362,500,5,42,58,1,302.0,0.02,0.0001,31873.0,,,,
487,2000,8505,1.9204,0.0547,3.6135,3.518,0.0146,0.15,25.78,0.93,0.0,907.0,366,529,12,40,58,1,289.0,0.02,0.0001,31903.0,,,,
488,2000,8521,1.9234,0.0475,3.6349,3.575,0.0061,0.07,31.43,0.94,0.0,937.0,351,558,28,37,60,3,280.0,0.02,0.0001,31900.0,,,,
489,2000,8538,1.9856,0.0796,3.6933,3.449,0.0147,0.16,26.7,0.94,0.0,992.0,376,593,23,38,60,2,264.0,0.02,0.0001,31876.0,,,,
490,2000,8554,1.9621,0.0564,3.6955,3.571,0.0111,0.13,19.51,0.94,0.0,953.0,370,567,16,39,59,2,275.0,0.02,0.0001,31904.0,,,,
491,2000,8570,1.9564,0.0405,3.7137,3.479,0.0113,0.13,28.27,0.95,0.0,897.0,368,512,17,41,57,2,292.0,0.03,0.0001,31947.0,,,,
492,2000,8587,1.9383,0.0151,3.7266,3.471,0.0142,0.15,25.02,0.95,0.0,972.0,430,525,17,44,54,2,270.0,0.04,0.0001,31901.0,,,,
493,2000,8603,1.9278,0.0143,3.7067,3.424,0.0108,0.12,29.98,0.95,0.0,956.0,414,535,7,43,56,1,274.0,0.04,0.0001,31915.0,,,,
494,2000,8620,1.9445,0.0012,3.7657,3.355,0.0133,0.14,30.45,0.95,0.0,1001.0,497,496,8,50,50,1,262.0,0.02,0.0001,31892.0,,,,
495,2000,8636,1.9059,-0.0293,3.7531,3.564,0.0148,0.15,24.88,0.95,0.0,986.0,464,516,6,47,52,1,266.0,0.03,0.0001,31948.0,,,,
496,2000,8653,1.8182,-0.0284,3.5761,3.672,0.016,0.16,23.25,0.96,0.0,861.0,422,433,6,49,50,1,304.0,0.03,0.0001,31906.0,,,,
497,2000,8669,1.7571,-0.0452,3.49,3.839,0.0182,0.16,28.69,0.96,0.0,752.0,346,401,5,46,53,1,349.0,0.04,0.0001,31901.0,,,,
498,2000,8686,1.6939,-0.0639,3.4017,3.971,0.0143,0.14,26.35,0.96,0.0,642.0,306,323,13,48,50,2,408.0,0.02,0.0001,31894.0,,,,
499,2000,8702,1.6587,-0.0596,3.325,4.149,0.0112,0.11,29.54,0.96,0.0,555.0,271,266,18,49,48,3,472.0,0.02,0.0001,31922.0,146,25,341,29
500,2000,8743,1.6457,-0.0434,3.2664,4.149,0.0147,0.13,24.93,0.96,0.0,512.0,238,261,13,46,51,3,512.0,0.03,0.0001,32059.0,,,,
501,2000,8760,1.7364,-0.0388,3.4373,4.026,0.0112,0.11,39.71,0.95,0.0,537.0,250,253,34,47,47,6,488.0,0.05,0.0001,30706.0,,,,
502,2000,8777,1.7665,-0.0496,3.5246,4.259,0.0146,0.14,20.86,0.94,0.0,657.0,319,299,39,49,46,6,399.0,0.05,0.0001,31867.0,,,,
503,2000,8794,1.616,-0.0428,3.2116,4.51,0.0131,0.12,19.34,0.95,0.0,493.0,269,190,34,55,39,7,532.0,0.05,0.0001,31870.0,,,,
504,2000,8810,1.5638,-0.0216,3.0682,4.807,0.0151,0.13,13.32,0.96,0.0,379.0,185,158,36,49,42,9,692.0,0.03,0.0001,31906.0,,,,
505,2000,8826,1.6527,-0.0191,3.2374,4.539,0.0135,0.12,14.85,0.93,0.0,440.0,195,229,16,44,52,4,596.0,0.05,0.0001,31869.0,,,,
506,2000,8843,1.7235,0.0005,3.3382,4.344,0.015,0.14,16.76,0.93,0.0,561.0,263,263,35,47,47,6,467.0,0.06,0.0001,31882.0,,,,
507,2000,8859,1.7985,0.0071,3.4729,4.106,0.0169,0.16,26.98,0.94,0.0,594.0,311,249,34,52,42,6,441.0,0.06,0.0001,31884.0,,,,
508,2000,8876,1.7819,0.0011,3.4529,4.192,0.0126,0.13,20.06,0.93,0.0,629.0,307,296,26,49,47,4,417.0,0.07,0.0001,31888.0,,,,
509,2000,8892,1.8322,0.0115,3.5326,4.191,0.0175,0.18,14.17,0.94,0.0,696.0,351,315,30,50,45,4,377.0,0.09,0.0001,31883.0,,,,
510,2000,8909,1.8188,-0.0008,3.5289,4.066,0.0154,0.16,15.28,0.94,0.0,724.0,348,346,30,48,48,4,362.0,0.07,0.0001,31892.0,,,,
511,2000,8925,1.8805,-0.0074,3.6615,3.75,0.0138,0.15,17.07,0.94,0.0,826.0,397,409,20,48,50,2,317.0,0.07,0.0001,31870.0,,,,
512,2000,8942,1.9156,-0.0306,3.7776,3.654,0.0161,0.17,15.11,0.93,0.0,976.0,482,472,22,49,48,2,269.0,0.07,0.0001,31877.0,,,,
513,2000,8958,1.9349,-0.0272,3.8099,3.692,0.0162,0.17,12.97,0.93,0.0,1048.0,538,494,16,51,47,2,250.0,0.07,0.0001,31863.0,,,,
514,2000,8975,1.9038,-0.0195,3.7317,3.695,0.0156,0.17,12.45,0.94,0.0,913.0,493,409,11,54,45,1,287.0,0.08,0.0001,31931.0,,,,
515,2000,8991,1.8992,-0.0309,3.7474,3.76,0.0144,0.16,13.34,0.93,0.0,1053.0,552,496,5,52,47,0,249.0,0.07,0.0001,31869.0,,,,
516,2000,9008,1.8657,-0.0553,3.7269,3.642,0.0111,0.13,17.8,0.94,0.0,1020.0,540,476,4,53,47,0,257.0,0.09,0.0001,31878.0,,,,
517,2000,9024,1.89,-0.0524,3.7699,3.651,0.0118,0.14,16.18,0.93,0.0,1098.0,598,498,2,54,45,0,239.0,0.07,0.0001,31879.0,,,,
518,2000,9041,1.9151,-0.0401,3.7955,3.622,0.0121,0.14,17.79,0.93,0.0,1109.0,618,484,7,56,44,1,236.0,0.05,0.0001,31872.0,,,,
519,2000,9057,1.8765,-0.0346,3.709,3.749,0.0135,0.15,16.67,0.94,0.0,1105.0,610,491,4,55,44,0,237.0,0.03,0.0001,31926.0,,,,
520,2000,9074,1.9282,-0.0041,3.7499,3.712,0.0129,0.14,17.79,0.94,0.0,1150.0,652,496,2,57,43,0,228.0,0.03,0.0001,31939.0,,,,
521,2000,9091,1.9932,0.0133,3.8504,3.945,0.0155,0.17,12.72,0.92,0.0,941.0,491,448,2,52,48,0,279.0,0.05,0.0001,30719.0,,,,
522,2000,9108,1.9556,-0.0129,3.829,3.98,0.0138,0.16,16.72,0.92,0.0,914.0,431,477,6,47,52,1,287.0,0.07,0.0001,31855.0,,,,
523,2000,9124,1.9396,0.0502,3.6687,3.919,0.0137,0.15,9.26,0.91,0.0,890.0,448,441,1,50,50,0,295.0,0.07,0.0001,31886.0,,,,
524,2000,9141,1.9842,0.0662,3.7245,3.794,0.0109,0.13,15.04,0.92,0.0,950.0,433,512,5,46,54,1,276.0,0.08,0.0001,31853.0,,,,
525,2000,9157,1.9889,0.074,3.7185,3.737,0.0116,0.13,15.34,0.93,0.0,1000.0,468,522,10,47,52,1,262.0,0.09,0.0001,31874.0,,,,
526,2000,9174,2.0027,0.0475,3.7972,3.572,0.0136,0.16,9.63,0.93,0.0,1076.0,507,564,5,47,52,0,244.0,0.09,0.0001,31892.0,,,,
527,2000,9190,1.9942,0.0369,3.8008,3.576,0.013,0.15,12.17,0.93,0.0,1156.0,548,602,6,47,52,1,227.0,0.07,0.0001,31889.0,,,,
528,2000,9207,1.9894,0.0381,3.7902,3.616,0.017,0.19,7.74,0.93,0.0,1158.0,592,562,4,51,49,0,226.0,0.05,0.0001,31940.0,,,,
529,2000,9223,1.9749,0.0368,3.7643,3.702,0.0136,0.15,9.65,0.93,0.0,1162.0,601,560,1,52,48,0,226.0,0.05,0.0001,31869.0,,,,
530,2000,9240,2.0264,0.0293,3.8828,3.706,0.0143,0.16,8.5,0.93,0.0,1221.0,628,592,1,51,48,0,215.0,0.04,0.0001,31868.0,,,,
531,2000,9256,1.9777,0.0099,3.8236,3.673,0.0153,0.17,7.12,0.93,0.0,1227.0,629,597,1,51,49,0,214.0,0.02,0.0001,31877.0,,,,
532,2000,9273,1.9715,0.0188,3.7924,3.608,0.0144,0.15,11.59,0.93,0.0,1257.0,643,613,1,51,49,0,209.0,0.02,0.0001,31889.0,,,,
533,2000,9289,1.9833,0.0138,3.8264,3.606,0.0114,0.13,9.52,0.92,0.0,1322.0,671,649,2,51,49,0,198.0,0.01,0.0001,31889.0,,,,
534,2000,9306,1.9843,0.0112,3.8334,3.582,0.012,0.14,10.22,0.93,0.0,1300.0,672,628,0,52,48,0,202.0,0.01,0.0001,31878.0,,,,
535,2000,9322,1.9463,0.0055,3.7693,3.651,0.0137,0.16,9.92,0.93,0.0,1218.0,614,601,3,50,49,0,215.0,0.01,0.0001,31882.0,,,,
536,2000,9339,1.9196,0.0251,3.6784,3.837,0.0133,0.15,8.58,0.93,0.0,1088.0,603,483,2,55,44,0,241.0,0.02,0.0001,31889.0,,,,
537,2000,9355,1.9162,0.0104,3.7003,3.787,0.0103,0.12,11.55,0.93,0.0,973.0,535,438,0,55,45,0,269.0,0.03,0.0001,31950.0,,,,
538,2000,9372,1.9064,0.0153,3.6722,3.801,0.0119,0.14,11.98,0.93,0.0,952.0,539,407,6,57,43,1,275.0,0.04,0.0001,31861.0,,,,
539,2000,9388,1.8716,0.0052,3.625,4.024,0.0121,0.14,9.87,0.93,0.0,919.0,498,420,1,54,46,0,285.0,0.03,0.0001,31880.0,,,,
540,2000,9405,1.9545,0.0267,3.7429,3.644,0.0124,0.14,9.38,0.92,0.0,1028.0,547,480,1,53,47,0,255.0,0.04,0.0001,31894.0,,,,
541,2000,9422,1.9899,0.0222,3.8278,3.988,0.0134,0.15,7.85,0.89,0.0,1075.0,554,520,1,52,48,0,244.0,0.03,0.0001,30705.0,,,,
542,2000,9438,1.9154,0.0118,3.7006,4.134,0.0116,0.13,9.04,0.89,0.0,854.0,460,392,2,54,46,0,307.0,0.03,0.0001,31836.0,,,,
543,2000,9455,1.8985,0.0324,3.6246,4.119,0.0128,0.14,11.65,0.9,0.0,798.0,410,386,2,51,48,0,329.0,0.03,0.0001,31860.0,,,,
544,2000,9471,1.8731,0.0135,3.6123,4.174,0.0104,0.12,8.66,0.91,0.0,785.0,419,363,3,53,46,0,334.0,0.02,0.0001,31851.0,,,,
545,2000,9488,1.8431,0.0181,3.5449,4.288,0.0122,0.14,6.3,0.91,0.0,785.0,441,343,1,56,44,0,334.0,0.02,0.0001,31849.0,,,,
546,2000,9504,1.8777,0.017,3.6156,4.233,0.0136,0.14,9.16,0.91,0.0,826.0,472,351,3,57,42,0,317.0,0.01,0.0001,31847.0,,,,
547,2000,9521,1.9118,0.0313,3.6528,4.076,0.011,0.12,8.55,0.91,0.0,895.0,499,395,1,56,44,0,293.0,0.02,0.0001,31911.0,,,,
548,2000,9537,1.9362,0.0111,3.7391,3.818,0.0108,0.12,12.05,0.92,0.0,981.0,546,433,2,56,44,0,267.0,0.03,0.0001,31862.0,,,,
549,2000,9554,1.9618,-0.0053,3.8238,3.88,0.0099,0.11,14.23,0.91,0.0,1018.0,563,454,1,55,45,0,258.0,0.02,0.0001,31853.0,212,28,272,41
550,2000,9585,1.9376,0.0005,3.7626,3.824,0.0131,0.15,7.6,0.9,0.0,1007.0,534,472,1,53,47,0,260.0,0.02,0.0001,31993.0,,,,
551,2000,9602,1.9188,0.0038,3.7188,3.84,0.0122,0.14,8.09,0.91,0.0,990.0,523,466,1,53,47,0,265.0,0.02,0.0001,31845.0,,,,
552,2000,9618,1.9167,-0.0135,3.7478,3.736,0.012,0.14,7.47,0.9,0.0,994.0,551,441,2,55,44,0,264.0,0.03,0.0001,31855.0,,,,
553,2000,9635,1.9654,-0.0019,3.8229,3.776,0.0126,0.14,7.81,0.89,0.0,1161.0,662,499,0,57,43,0,226.0,0.03,0.0001,31841.0,,,,
554,2000,9652,2.0041,0.0004,3.8955,3.712,0.0112,0.13,12.31,0.89,0.0,1195.0,687,507,1,57,42,0,219.0,0.02,0.0001,31838.0,,,,
555,2000,9668,2.0613,0.0463,3.9172,3.625,0.0148,0.16,6.37,0.89,0.0,1353.0,791,561,1,58,41,0,194.0,0.02,0.0001,31825.0,,,,
556,2000,9685,2.0106,0.0229,3.8629,3.669,0.0136,0.15,6.48,0.89,0.0,1339.0,775,562,2,58,42,0,196.0,0.01,0.0001,31842.0,,,,
557,2000,9701,2.0296,0.03,3.8877,3.706,0.0141,0.16,4.94,0.89,0.0,1333.0,765,568,0,57,43,0,197.0,0.02,0.0001,31876.0,,,,
558,2000,9718,1.9399,0.0057,3.7571,3.864,0.0101,0.11,12.96,0.91,0.0,1093.0,578,515,0,53,47,0,240.0,0.01,0.0001,31901.0,,,,
559,2000,9734,1.9386,-0.004,3.7748,3.917,0.0122,0.13,9.41,0.9,0.0,1095.0,567,527,1,52,48,0,239.0,0.01,0.0001,31844.0,,,,
560,2000,9751,1.9504,0.0198,3.7487,3.775,0.0139,0.15,9.73,0.9,0.0,1030.0,548,481,1,53,47,0,255.0,0.01,0.0001,31850.0,,,,
561,2000,9768,1.9893,0.0203,3.8283,3.976,0.0105,0.12,12.69,0.88,0.0,1006.0,518,488,0,51,49,0,261.0,0.02,0.0001,30726.0,,,,
562,2000,9784,1.9794,0.0096,3.8298,3.955,0.0128,0.14,9.3,0.88,0.0,1067.0,532,534,1,50,50,0,246.0,0.02,0.0001,31856.0,,,,
563,2000,9801,1.97,0.0232,3.7819,3.834,0.0159,0.17,8.12,0.89,0.0,1058.0,581,476,1,55,45,0,248.0,0.03,0.0001,31863.0,,,,
564,2000,9817,1.95,0.0146,3.7567,3.634,0.0133,0.15,9.06,0.9,0.0,1030.0,578,449,3,56,44,0,255.0,0.04,0.0001,31919.0,,,,
565,2000,9834,1.9623,0.0113,3.7862,3.464,0.0143,0.16,7.11,0.92,0.0,1089.0,582,504,3,53,46,0,241.0,0.03,0.0001,31861.0,,,,
566,2000,9850,1.9825,0.0297,3.7868,3.268,0.014,0.15,9.91,0.91,0.0,1052.0,563,489,0,54,46,0,249.0,0.02,0.0001,31931.0,,,,
567,2000,9867,1.9341,0.0278,3.6955,3.444,0.0128,0.14,7.83,0.92,0.0,1045.0,536,509,0,51,49,0,251.0,0.02,0.0001,31860.0,,,,
568,2000,9883,1.9585,0.0439,3.7123,3.423,0.0122,0.14,10.25,0.92,0.0,1063.0,550,513,0,52,48,0,247.0,0.01,0.0001,31926.0,,,,
569,2000,9900,1.9883,0.0457,3.7666,3.379,0.0142,0.15,15.24,0.93,0.0,995.0,498,497,0,50,50,0,263.0,0.02,0.0001,31862.0,,,,
570,2000,9916,1.8758,0.0107,3.6112,3.394,0.0116,0.12,11.21,0.94,0.0,937.0,490,447,0,52,48,0,280.0,0.03,0.0001,31843.0,,,,
571,2000,9933,1.8772,0.0239,3.5897,3.55,0.0138,0.14,12.92,0.94,0.0,904.0,464,439,1,51,49,0,290.0,0.02,0.0001,31963.0,,,,
572,2000,9949,1.8877,0.0272,3.6044,3.531,0.0113,0.12,13.91,0.94,0.0,849.0,407,442,0,48,52,0,309.0,0.03,0.0001,31915.0,,,,
573,2000,9966,1.827,0.0152,3.5079,3.654,0.0133,0.13,13.81,0.94,0.0,777.0,410,366,1,53,47,0,337.0,0.02,0.0001,31899.0,,,,
574,2000,9982,1.8569,0.0176,3.5637,3.705,0.0129,0.14,11.17,0.93,0.0,821.0,404,416,1,49,51,0,319.0,0.02,0.0001,31912.0,,,,
575,2000,9999,1.8976,0.0201,3.6368,3.436,0.0108,0.12,19.68,0.93,0.0,831.0,411,419,1,49,50,0,315.0,0.02,0.0001,31914.0,,,,
576,2000,10015,1.8763,0.017,3.5999,3.429,0.0115,0.11,23.87,0.94,0.0,824.0,368,456,0,45,55,0,318.0,0.02,0.0001,31902.0,,,,
577,2000,10032,1.8571,0.0087,3.5797,3.542,0.0112,0.12,20.16,0.94,0.0,822.0,392,429,1,48,52,0,319.0,0.02,0.0001,31925.0,,,,
578,2000,10048,1.8419,0.0053,3.558,3.687,0.0097,0.1,16.51,0.93,0.0,808.0,378,430,0,47,53,0,324.0,0.01,0.0001,31905.0,,,,
579,2000,10065,1.8403,0.0232,3.5172,3.569,0.012,0.12,21.11,0.94,0.0,777.0,363,414,0,47,53,0,337.0,0.01,0.0001,31898.0,,,,
580,2000,10081,1.8764,0.0039,3.6254,3.416,0.009,0.1,35.43,0.94,0.0,828.0,410,418,0,50,50,0,317.0,0.01,0.0001,31917.0,,,,
581,2000,10098,1.8818,0.0404,3.5668,3.649,0.0156,0.14,18.14,0.93,0.0,760.0,349,410,1,46,54,0,345.0,0.01,0.0001,30784.0,,,,
582,2000,10115,1.8842,0.0373,3.5817,3.882,0.0167,0.16,14.26,0.91,0.0,846.0,408,436,2,48,52,0,310.0,0.02,0.0001,31879.0,,,,
583,2000,10131,1.8643,0.0299,3.5544,3.741,0.015,0.15,12.32,0.92,0.0,801.0,371,428,2,46,53,0,327.0,0.03,0.0001,31885.0,,,,
584,2000,10148,1.8341,0.0074,3.5389,3.783,0.0098,0.1,31.56,0.92,0.0,743.0,344,395,4,46,53,1,353.0,0.03,0.0001,31883.0,,,,
585,2000,10164,1.8158,0.0161,3.485,3.776,0.0118,0.12,24.62,0.92,0.0,749.0,346,402,1,46,54,0,350.0,0.03,0.0001,31887.0,,,,
586,2000,10181,1.8618,0.0195,3.5703,3.796,0.0148,0.14,22.79,0.92,0.0,781.0,346,434,1,44,56,0,336.0,0.02,0.0001,31944.0,,,,
587,2000,10197,1.8052,0.018,3.4612,3.926,0.0078,0.09,50.15,0.93,0.0,663.0,312,351,0,47,53,0,395.0,0.03,0.0001,31933.0,,,,
588,2000,10214,1.8171,0.0182,3.485,3.946,0.0127,0.12,24.1,0.93,0.0,706.0,328,374,4,46,53,1,371.0,0.04,0.0001,31934.0,,,,
589,2000,10230,1.8412,0.0163,3.5356,3.816,0.0134,0.13,24.38,0.93,0.0,730.0,314,414,2,43,57,0,359.0,0.04,0.0001,31878.0,,,,
590,2000,10247,1.8819,0.0125,3.6243,3.729,0.0164,0.14,23.53,0.92,0.0,816.0,356,456,4,44,56,0,321.0,0.04,0.0001,31889.0,,,,
591,2000,10263,1.8723,0.0287,3.5727,3.765,0.0179,0.15,15.54,0.92,0.0,804.0,312,491,1,39,61,0,326.0,0.03,0.0001,31891.0,,,,
592,2000,10280,1.8583,0.0211,3.5623,3.929,0.0174,0.15,30.86,0.94,0.0,709.0,316,390,3,45,55,0,370.0,0.03,0.0001,31952.0,,,,
593,2000,10296,1.8095,0.0166,3.475,4.093,0.0157,0.13,14.06,0.93,0.0,730.0,358,370,2,49,51,0,359.0,0.02,0.0001,31902.0,,,,
594,2000,10313,1.8046,0.0375,3.4237,4.121,0.0187,0.16,13.08,0.93,0.0,647.0,254,392,1,39,61,0,405.0,0.03,0.0001,31890.0,,,,
595,2000,10329,1.8017,0.0215,3.4497,4.07,0.0159,0.14,14.57,0.93,0.0,708.0,299,409,0,42,58,0,370.0,0.03,0.0001,31893.0,,,,
596,2000,10346,1.8652,0.014,3.5884,3.787,0.0167,0.15,13.28,0.92,0.0,793.0,342,449,2,43,57,0,331.0,0.04,0.0001,31892.0,,,,
597,2000,10362,1.8405,-0.0015,3.5703,3.772,0.0137,0.13,10.1,0.93,0.0,883.0,357,523,3,40,59,0,297.0,0.04,0.0001,31894.0,,,,
598,2000,10379,1.8656,-0.0126,3.6412,3.686,0.0152,0.14,13.6,0.92,0.0,933.0,400,532,1,43,57,0,281.0,0.02,0.0001,31934.0,,,,
599,2000,10395,1.8709,0.0024,3.6219,3.665,0.0178,0.16,12.98,0.92,0.0,900.0,407,492,1,45,55,0,291.0,0.03,0.0001,31899.0,237,13,262,46
600,2000,10427,1.8538,-0.0153,3.6229,3.673,0.0094,0.1,20.8,0.93,0.0,932.0,389,543,0,42,58,0,281.0,0.03,0.0001,32033.0,,,,
601,2000,10444,1.9034,0.0025,3.6895,3.825,0.02,0.17,9.19,0.89,0.0,893.0,442,451,0,49,51,0,294.0,0.03,0.0001,30730.0,,,,
602,2000,10460,1.9051,0.0079,3.6822,3.779,0.0249,0.21,6.94,0.9,0.0,987.0,456,529,2,46,54,0,266.0,0.03,0.0001,31822.0,,,,
603,2000,10477,1.889,-0.0151,3.694,3.641,0.0165,0.16,6.55,0.91,0.0,1133.0,516,617,0,46,54,0,231.0,0.03,0.0001,31920.0,,,,
604,2000,10493,1.8967,-0.0055,3.6907,3.662,0.018,0.17,5.98,0.91,0.0,1118.0,482,635,1,43,57,0,234.0,0.05,0.0001,31944.0,,,,
605,2000,10510,1.8602,-0.0035,3.6162,3.897,0.0165,0.16,6.29,0.92,0.0,1035.0,440,590,5,43,57,0,253.0,0.07,0.0001,31853.0,,,,
606,2000,10526,1.8712,0.0117,3.607,3.815,0.0127,0.14,7.08,0.92,0.0,958.0,411,542,5,43,57,1,274.0,0.08,0.0001,31866.0,,,,
607,2000,10543,1.9031,0.0259,3.6421,3.747,0.0149,0.15,8.05,0.92,0.0,922.0,414,506,2,45,55,0,284.0,0.06,0.0001,31919.0,,,,
608,2000,10559,1.8904,0.0269,3.6129,3.592,0.0117,0.13,8.05,0.92,0.0,952.0,423,525,4,44,55,0,275.0,0.04,0.0001,31847.0,,,,
609,2000,10576,1.9007,0.0317,3.6254,3.669,0.0147,0.16,6.02,0.92,0.0,909.0,440,469,0,48,52,0,288.0,0.04,0.0001,31838.0,,,,
610,2000,10593,1.8781,0.0408,3.5619,3.697,0.0151,0.16,6.51,0.93,0.0,848.0,398,449,1,47,53,0,309.0,0.06,0.0001,31865.0,,,,
611,2000,10609,1.8903,0.0282,3.613,3.793,0.0131,0.14,8.1,0.92,0.0,853.0,411,438,4,48,51,0,307.0,0.07,0.0001,31850.0,,,,
612,2000,10626,1.8585,0.009,3.5903,3.928,0.0135,0.15,7.32,0.92,0.0,863.0,388,471,4,45,55,0,304.0,0.05,0.0001,31837.0,,,,
613,2000,10642,1.9157,-0.0039,3.729,3.772,0.0139,0.15,7.55,0.91,0.0,1034.0,492,538,4,48,52,0,254.0,0.04,0.0001,31905.0,,,,
614,2000,10659,1.925,0.0075,3.7249,3.784,0.0119,0.13,5.95,0.91,0.0,1067.0,534,528,5,50,49,0,246.0,0.04,0.0001,31843.0,,,,
615,2000,10675,1.9156,0.0067,3.7076,3.815,0.0138,0.15,4.66,0.91,0.0,1133.0,558,573,2,49,51,0,231.0,0.04,0.0001,31849.0,,,,
616,2000,10692,1.8765,-0.0094,3.6618,3.84,0.0131,0.14,6.37,0.93,0.0,1160.0,621,535,4,54,46,0,226.0,0.02,0.0001,31863.0,,,,
617,2000,10708,1.8631,-0.0219,3.6594,3.829,0.01,0.11,8.65,0.93,0.0,1042.0,528,514,0,51,49,0,252.0,0.04,0.0001,31861.0,,,,
618,2000,10725,1.8695,-0.0069,3.6418,3.816,0.0106,0.12,13.42,0.93,0.0,997.0,473,521,3,47,52,0,263.0,0.02,0.0001,31842.0,,,,
619,2000,10741,1.8589,-0.005,3.6193,3.988,0.0111,0.12,8.47,0.93,0.0,1030.0,478,551,1,46,53,0,255.0,0.01,0.0001,31857.0,,,,
620,2000,10758,1.8289,-0.0126,3.5748,4.011,0.0115,0.12,8.38,0.94,0.0,942.0,450,492,0,48,52,0,278.0,0.01,0.0001,31846.0,,,,
621,2000,10775,1.8837,-0.0105,3.6808,4.054,0.0143,0.14,5.57,0.91,0.0,931.0,400,531,0,43,57,0,282.0,0.01,0.0001,30793.0,,,,
622,2000,10791,1.822,-0.0013,3.5401,4.176,0.0124,0.13,5.72,0.91,0.0,772.0,358,413,1,46,53,0,340.0,0.02,0.0001,31873.0,,,,
623,2000,10808,1.8261,-0.0182,3.5834,4.288,0.0117,0.12,7.3,0.9,0.0,796.0,410,386,0,52,48,0,329.0,0.05,0.0001,31928.0,,,,
624,2000,10824,1.7826,-0.015,3.4893,4.24,0.0104,0.11,7.3,0.92,0.0,731.0,383,345,3,52,47,0,359.0,0.06,0.0001,31841.0,,,,
625,2000,10841,1.8025,-0.0035,3.5069,4.311,0.0106,0.11,7.84,0.91,0.0,716.0,378,328,10,53,46,1,366.0,0.1,0.0001,31846.0,,,,
626,2000,10857,1.7822,-0.0032,3.4657,4.274,0.0113,0.12,7.45,0.91,0.0,675.0,315,349,11,47,52,2,388.0,0.11,0.0001,31850.0,,,,
627,2000,10874,1.7621,0.0009,3.4171,4.221,0.0108,0.12,6.82,0.91,0.0,689.0,329,342,18,48,50,3,380.0,0.11,0.0001,31841.0,,,,
628,2000,10890,1.7699,0.0009,3.4346,4.385,0.0107,0.11,7.79,0.9,0.0,654.0,313,326,15,48,50,2,401.0,0.1,0.0001,31916.0,,,,
629,2000,10907,1.8698,0.024,3.5826,3.936,0.0116,0.13,8.27,0.89,0.0,818.0,376,432,10,46,53,1,320.0,0.09,0.0001,31812.0,,,,
630,2000,10923,1.844,0.0191,3.5415,3.989,0.0121,0.13,8.77,0.9,0.0,782.0,389,384,9,50,49,1,335.0,0.08,0.0001,31910.0,,,,
631,2000,10940,1.8152,0.0156,3.4929,4.211,0.0105,0.11,13.86,0.9,0.0,659.0,313,337,9,47,51,1,398.0,0.06,0.0001,31913.0,,,,
632,2000,10956,1.7856,-0.005,3.4755,4.229,0.0108,0.11,10.87,0.89,0.0,685.0,332,351,2,48,51,0,383.0,0.06,0.0001,31911.0,,,,
633,2000,10973,1.7884,-0.0025,3.476,4.185,0.0147,0.14,5.95,0.89,0.0,763.0,376,384,3,49,50,0,344.0,0.09,0.0001,31816.0,,,,
634,2000,10989,1.8495,0.0062,3.5783,3.967,0.013,0.14,9.87,0.9,0.0,795.0,384,405,6,48,51,1,330.0,0.11,0.0001,31920.0,,,,
635,2000,11006,1.8843,0.0152,3.628,3.85,0.0136,0.13,11.72,0.89,0.0,905.0,428,471,6,47,52,1,290.0,0.07,0.0001,31914.0,,,,
636,2000,11022,1.8789,0.0029,3.6399,3.708,0.0114,0.11,21.32,0.91,0.0,902.0,451,449,2,50,50,0,291.0,0.06,0.0001,31910.0,,,,
637,2000,11039,1.7671,-0.0158,3.4559,3.9,0.0114,0.11,9.07,0.92,0.0,864.0,431,426,7,50,49,1,303.0,0.04,0.0001,31900.0,,,,
638,2000,11055,1.7694,-0.002,3.4339,3.992,0.0114,0.11,12.99,0.92,0.0,761.0,378,377,6,50,50,1,344.0,0.03,0.0001,31849.0,,,,
639,2000,11072,1.6981,-0.0082,3.3025,3.921,0.0126,0.12,10.6,0.93,0.0,702.0,333,350,19,47,50,3,373.0,0.03,0.0001,31823.0,,,,
640,2000,11088,1.713,0.0021,3.3086,3.9,0.0076,0.08,25.45,0.93,0.0,594.0,267,296,31,45,50,5,441.0,0.02,0.0001,31835.0,,,,
641,2000,11105,1.6567,-0.0223,3.252,4.355,0.0085,0.08,27.5,0.93,0.0,492.0,229,230,33,47,47,7,533.0,0.01,0.0001,30762.0,,,,
642,2000,11122,1.5998,-0.035,3.1669,4.523,0.0075,0.08,25.25,0.91,0.0,423.0,189,192,42,45,45,10,620.0,0.02,0.0001,31937.0,,,,
643,2000,11138,1.6769,-0.0305,3.3142,4.591,0.0122,0.12,10.0,0.87,0.0,564.0,274,248,42,49,44,7,465.0,0.04,0.0001,31875.0,,,,
644,2000,11155,1.7215,-0.0047,3.3506,4.4,0.0167,0.15,7.41,0.88,0.0,650.0,326,296,28,50,46,4,403.0,0.06,0.0001,31871.0,,,,
645,2000,11171,1.7503,0.0082,3.3832,4.508,0.0158,0.15,9.04,0.87,0.0,687.0,363,320,4,53,47,1,382.0,0.06,0.0001,31876.0,,,,
646,2000,11188,1.755,0.0137,3.3805,4.477,0.0119,0.12,7.12,0.89,0.0,675.0,356,314,5,53,47,1,388.0,0.04,0.0001,31944.0,,,,
647,2000,11204,1.7554,-0.0068,3.4223,4.48,0.0131,0.13,6.07,0.89,0.0,682.0,346,331,5,51,49,1,384.0,0.03,0.0001,31939.0,,,,
648,2000,11221,1.7067,0.0044,3.303,4.559,0.0147,0.14,6.45,0.9,0.0,610.0,310,295,5,51,48,1,430.0,0.02,0.0001,31929.0,,,,
649,2000,11237,1.7188,0.004,3.3277,4.503,0.013,0.13,7.75,0.89,0.0,629.0,295,323,11,47,51,2,417.0,0.04,0.0001,31860.0,180,14,318,35
650,2000,11269,1.7159,-0.0033,3.3355,4.455,0.0109,0.11,8.17,0.9,0.0,635.0,310,322,3,49,51,0,413.0,0.03,0.0001,32009.0,,,,
651,2000,11285,1.7198,-0.003,3.3415,4.332,0.0138,0.13,5.96,0.9,0.0,668.0,299,359,10,45,54,1,392.0,0.04,0.0001,31935.0,,,,
652,2000,11302,1.8046,-0.0037,3.5114,4.24,0.0124,0.12,7.88,0.9,0.0,772.0,336,435,1,44,56,0,340.0,0.03,0.0001,31853.0,,,,
653,2000,11318,1.7809,-0.0192,3.4946,4.204,0.0116,0.12,7.61,0.9,0.0,781.0,347,424,10,44,54,1,336.0,0.03,0.0001,31928.0,,,,
654,2000,11335,1.7818,-0.0191,3.4949,4.119,0.0123,0.13,8.44,0.9,0.0,748.0,340,403,5,45,54,1,350.0,0.02,0.0001,31841.0,,,,
655,2000,11351,1.7782,-0.0122,3.4745,4.17,0.0114,0.11,8.32,0.91,0.0,725.0,341,378,6,47,52,1,362.0,0.02,0.0001,31860.0,,,,
656,2000,11368,1.7364,-0.0053,3.3783,4.299,0.0112,0.11,7.96,0.92,0.0,649.0,305,342,2,47,53,0,404.0,0.02,0.0001,31872.0,,,,
657,2000,11384,1.6966,-0.0101,3.3108,4.447,0.0106,0.11,8.1,0.92,0.0,608.0,326,277,5,54,46,1,431.0,0.02,0.0001,31866.0,,,,
658,2000,11401,1.6533,-0.0116,3.2264,4.462,0.0095,0.1,9.43,0.93,0.0,516.0,290,223,3,56,43,1,508.0,0.03,0.0001,31866.0,,,,
659,2000,11417,1.6331,-0.0039,3.1717,4.551,0.0112,0.12,6.74,0.92,0.0,492.0,223,263,6,45,53,1,533.0,0.02,0.0001,31911.0,,,,
660,2000,11434,1.7007,0.0058,3.2874,4.462,0.0112,0.12,7.14,0.91,0.0,548.0,254,286,8,46,52,1,478.0,0.03,0.0001,31861.0,,,,
661,2000,11451,1.729,0.0214,3.3141,4.571,0.0131,0.12,7.19,0.9,0.0,572.0,343,227,2,60,40,0,458.0,0.03,0.0001,30777.0,,,,
662,2000,11467,1.6353,0.0048,3.1616,4.705,0.0091,0.1,7.72,0.9,0.0,408.0,237,168,3,58,41,1,643.0,0.03,0.0001,31964.0,,,,
663,2000,11484,1.6389,0.0092,3.1614,4.798,0.0107,0.1,13.31,0.88,0.0,407.0,230,174,3,57,43,1,644.0,0.01,0.0001,31916.0,,,,
664,2000,11500,1.6595,0.0185,3.1851,4.817,0.0103,0.1,10.61,0.9,0.0,380.0,187,189,4,49,50,1,690.0,0.03,0.0001,31958.0,,,,
665,2000,11517,1.6467,0.0258,3.1457,4.802,0.0099,0.1,10.26,0.91,0.0,416.0,212,181,23,51,44,6,630.0,0.02,0.0001,31907.0,,,,
666,2000,11533,1.6042,0.0295,3.0535,4.888,0.0092,0.09,9.02,0.92,0.0,346.0,164,158,24,47,46,7,758.0,0.02,0.0001,31910.0,,,,
667,2000,11550,1.5908,0.0316,3.0242,4.971,0.0114,0.11,8.63,0.92,0.0,345.0,178,138,29,52,40,8,760.0,0.02,0.0001,31884.0,,,,
668,2000,11566,1.5948,0.0433,3.0069,4.871,0.0138,0.12,6.81,0.92,0.0,341.0,171,148,22,50,43,6,769.0,0.02,0.0001,31869.0,,,,
669,2000,11583,1.6208,0.0386,3.068,4.736,0.0139,0.13,5.06,0.92,0.0,394.0,189,179,26,48,45,7,665.0,0.02,0.0001,31867.0,,,,
670,2000,11599,1.606,0.026,3.0635,4.82,0.0113,0.11,6.52,0.92,0.0,438.0,216,200,22,49,46,5,599.0,0.02,0.0001,31857.0,,,,
671,2000,11616,1.5992,0.0257,3.0535,4.963,0.0104,0.1,6.42,0.92,0.0,409.0,201,179,29,49,44,7,641.0,0.03,0.0001,31862.0,,,,
672,2000,11633,1.5877,0.0281,3.0271,5.173,0.0113,0.11,7.5,0.92,0.0,363.0,175,170,18,48,47,5,722.0,0.02,0.0001,31880.0,,,,
673,2000,11649,1.5611,0.0149,3.0021,5.316,0.0057,0.05,16.64,0.94,0.0,298.0,117,162,19,39,54,6,880.0,0.02,0.0001,31866.0,,,,
674,2000,11666,1.5534,0.0168,2.9821,5.32,0.0087,0.07,10.48,0.93,0.0,307.0,129,159,19,42,52,6,854.0,0.02,0.0001,31945.0,,,,
675,2000,11682,1.5658,0.0157,3.0103,5.345,0.0094,0.08,9.18,0.92,0.0,356.0,146,183,27,41,51,8,736.0,0.02,0.0001,31870.0,,,,
676,2000,11699,1.587,0.0099,3.0659,5.283,0.0106,0.09,8.79,0.92,0.0,380.0,167,167,46,44,44,12,690.0,0.03,0.0001,31874.0,,,,
677,2000,11715,1.5806,0.0161,3.0421,5.39,0.012,0.1,5.95,0.91,0.0,416.0,183,184,49,44,44,12,630.0,0.03,0.0001,31862.0,,,,
678,2000,11732,1.5967,0.0159,3.072,5.345,0.0109,0.1,7.04,0.91,0.0,402.0,198,186,18,49,46,4,652.0,0.03,0.0001,31881.0,,,,
679,2000,11748,1.7085,0.0221,3.2805,5.027,0.0127,0.12,5.6,0.88,0.0,540.0,265,257,18,49,48,3,485.0,0.04,0.0001,31936.0,,,,
680,2000,11764,1.7837,0.0171,3.4375,4.771,0.0153,0.14,6.08,0.88,0.0,749.0,338,396,15,45,53,2,350.0,0.05,0.0001,31940.0,,,,
681,2000,11782,1.8263,0.0182,3.5216,4.814,0.0144,0.13,5.0,0.87,0.0,737.0,332,390,15,45,53,2,356.0,0.04,0.0001,30734.0,,,,
682,2000,11798,1.8542,0.0085,3.5943,4.585,0.0142,0.14,5.52,0.87,0.0,786.0,374,402,10,48,51,1,334.0,0.05,0.0001,31909.0,,,,
683,2000,11815,1.8466,-0.0048,3.604,4.483,0.0121,0.13,6.72,0.87,0.0,801.0,337,459,5,42,57,1,327.0,0.06,0.0001,31861.0,,,,
684,2000,11831,1.8196,-0.01,3.5608,4.554,0.0129,0.13,4.85,0.89,0.0,810.0,422,381,7,52,47,1,324.0,0.07,0.0001,31866.0,,,,
685,2000,11848,1.7909,-0.017,3.5164,4.445,0.0131,0.14,4.94,0.89,0.0,778.0,407,364,7,52,47,1,337.0,0.06,0.0001,31867.0,,,,
686,2000,11864,1.792,-0.0201,3.5253,4.526,0.0109,0.11,7.19,0.89,0.0,802.0,447,353,2,56,44,0,327.0,0.05,0.0001,31877.0,,,,
687,2000,11881,1.7842,-0.0144,3.4976,4.488,0.0111,0.11,9.59,0.91,0.0,760.0,416,339,5,55,45,1,345.0,0.05,0.0001,31915.0,,,,
688,2000,11897,1.7409,-0.0063,3.3971,4.717,0.0093,0.09,10.28,0.9,0.0,686.0,350,328,8,51,48,1,382.0,0.06,0.0001,31851.0,,,,
689,2000,11914,1.7048,-0.0058,3.3241,4.775,0.0113,0.11,20.76,0.91,0.0,575.0,298,268,9,52,47,2,456.0,0.05,0.0001,31842.0,,,,
690,2000,11930,1.7003,-0.0109,3.3245,4.714,0.008,0.08,16.88,0.91,0.0,631.0,319,304,8,51,48,1,415.0,0.06,0.0001,31928.0,,,,
691,2000,11947,1.7197,-0.0006,3.3436,4.772,0.0074,0.07,12.64,0.9,0.0,623.0,304,308,11,49,49,2,421.0,0.06,0.0001,31872.0,,,,
692,2000,11963,1.7804,0.0017,3.4604,4.759,0.0081,0.08,17.69,0.9,0.0,702.0,363,317,22,52,45,3,373.0,0.05,0.0001,31874.0,,,,
693,2000,11980,1.7534,0.0085,3.393,4.714,0.0131,0.12,7.48,0.89,0.0,715.0,374,324,17,52,45,2,367.0,0.03,0.0001,31900.0,,,,
694,2000,11996,1.77,0.0111,3.4202,4.743,0.0112,0.1,18.65,0.92,0.0,626.0,318,298,10,51,48,2,419.0,0.03,0.0001,31881.0,,,,
695,2000,12013,1.7549,0.0053,3.4007,4.684,0.0093,0.09,14.18,0.92,0.0,638.0,309,318,11,48,50,2,411.0,0.03,0.0001,31876.0,,,,
696,2000,12029,1.7534,0.0137,3.3812,4.697,0.0107,0.1,20.03,0.92,0.0,649.0,352,288,9,54,44,1,404.0,0.03,0.0001,31880.0,,,,
697,2000,12046,1.7467,0.0134,3.3689,4.72,0.0099,0.09,13.16,0.92,0.0,687.0,377,303,7,55,44,1,382.0,0.04,0.0001,31879.0,,,,
698,2000,12062,1.7136,0.0127,3.3045,4.764,0.0106,0.1,14.62,0.92,0.0,630.0,337,276,17,53,44,3,416.0,0.04,0.0001,31910.0,,,,
699,2000,12079,1.7267,0.0099,3.3353,4.695,0.0072,0.07,23.46,0.92,0.0,604.0,312,273,19,52,45,3,434.0,0.03,0.0001,31911.0,224,19,269,44
700,2000,12110,1.6959,0.0215,3.2524,4.907,0.0104,0.09,15.44,0.93,0.0,543.0,260,274,9,48,50,2,483.0,0.03,0.0001,32011.0,,,,
701,2000,12127,1.6563,0.0134,3.1916,5.073,0.0084,0.08,19.82,0.92,0.0,426.0,186,217,23,44,51,5,615.0,0.04,0.0001,30737.0,,,,
702,2000,12144,1.5868,0.0142,3.0552,5.295,0.0097,0.09,11.43,0.93,0.0,372.0,178,156,38,48,42,10,705.0,0.04,0.0001,31893.0,,,,
703,2000,12160,1.5931,0.0168,3.0634,5.278,0.0119,0.1,8.81,0.92,0.0,391.0,181,178,32,46,46,8,670.0,0.04,0.0001,31961.0,,,,
704,2000,12177,1.5662,0.025,2.9945,5.369,0.0131,0.11,6.28,0.92,0.0,359.0,160,157,42,45,44,12,730.0,0.04,0.0001,31900.0,,,,
705,2000,12193,1.5989,0.0265,3.0551,5.324,0.0111,0.09,10.43,0.92,0.0,359.0,167,147,45,47,41,13,730.0,0.04,0.0001,31887.0,,,,
706,2000,12210,1.6065,0.0273,3.0682,5.376,0.0125,0.1,7.62,0.9,0.0,388.0,197,163,28,51,42,7,676.0,0.04,0.0001,31883.0,,,,
707,2000,12226,1.5309,0.0281,2.9172,5.586,0.0102,0.08,6.3,0.92,0.0,299.0,141,127,31,47,42,10,877.0,0.05,0.0001,31961.0,,,,
708,2000,12243,1.5234,0.0319,2.8966,5.726,0.0107,0.07,8.9,0.92,0.0,263.0,120,108,35,46,41,13,997.0,0.06,0.0001,31925.0,,,,
709,2000,12259,1.5919,0.0292,3.0376,5.543,0.0093,0.08,7.09,0.89,0.0,368.0,171,151,46,46,41,12,712.0,0.05,0.0001,31893.0,,,,
710,2000,12276,1.641,0.0338,3.1238,5.261,0.0118,0.1,6.31,0.9,0.0,482.0,222,203,57,46,42,12,544.0,0.05,0.0001,31926.0,,,,
711,2000,12292,1.6991,0.0289,3.2468,4.992,0.011,0.1,8.61,0.89,0.0,548.0,279,232,37,51,42,7,478.0,0.06,0.0001,31931.0,,,,
712,2000,12309,1.7508,0.0248,3.3567,4.832,0.0119,0.12,7.95,0.87,0.0,639.0,316,295,28,49,46,4,410.0,0.06,0.0001,31861.0,,,,
713,2000,12325,1.7624,0.021,3.386,4.696,0.0116,0.12,7.06,0.88,0.0,673.0,358,301,14,53,45,2,390.0,0.07,0.0001,31872.0,,,,
714,2000,12342,1.7546,0.0128,3.3882,4.772,0.0111,0.11,6.05,0.88,0.0,684.0,363,296,25,53,43,4,383.0,0.06,0.0001,31874.0,,,,
715,2000,12358,1.7678,0.0031,3.4337,4.76,0.0125,0.12,7.38,0.88,0.0,730.0,377,339,14,52,46,2,359.0,0.05,0.0001,31951.0,,,,
716,2000,12375,1.7803,-0.001,3.4663,4.707,0.0105,0.11,7.7,0.89,0.0,755.0,382,363,10,51,48,1,347.0,0.04,0.0001,31880.0,,,,
717,2000,12391,1.8014,0.0088,3.4885,4.706,0.0097,0.1,8.84,0.89,0.0,691.0,349,335,7,51,48,1,379.0,0.04,0.0001,31884.0,,,,
718,2000,12408,1.783,0.0052,3.4586,4.701,0.0092,0.09,10.43,0.9,0.0,677.0,373,293,11,55,43,2,387.0,0.03,0.0001,31866.0,,,,
719,2000,12424,1.7432,0.0015,3.388,4.812,0.0132,0.12,6.83,0.9,0.0,692.0,388,295,9,56,43,1,379.0,0.04,0.0001,31881.0,,,,
720,2000,12441,1.7069,-0.013,3.3452,4.918,0.0101,0.1,11.95,0.91,0.0,628.0,328,295,5,52,47,1,417.0,0.04,0.0001,31933.0,,,,
721,2000,12458,1.7486,-0.0229,3.4485,4.879,0.0133,0.12,7.02,0.89,0.0,705.0,338,362,5,48,51,1,372.0,0.03,0.0001,30732.0,,,,
722,2000,12474,1.7592,-0.0365,3.4962,4.812,0.0124,0.12,11.45,0.88,0.0,736.0,323,411,2,44,56,0,356.0,0.03,0.0001,31877.0,,,,
723,2000,12491,1.748,-0.0396,3.479,4.683,0.0145,0.13,4.62,0.9,0.0,848.0,419,424,5,49,50,1,309.0,0.03,0.0001,31908.0,,,,
724,2000,12507,1.7922,-0.0309,3.5505,4.735,0.0116,0.11,7.77,0.89,0.0,928.0,458,466,4,49,50,0,282.0,0.04,0.0001,31919.0,,,,
725,2000,12524,1.8094,-0.0218,3.5664,4.705,0.0104,0.11,6.27,0.9,0.0,951.0,500,439,12,53,46,1,276.0,0.03,0.0001,31826.0,,,,
726,2000,12540,1.7505,-0.0393,3.4845,4.787,0.0095,0.09,9.1,0.91,0.0,876.0,462,405,9,53,46,1,299.0,0.02,0.0001,31834.0,,,,
727,2000,12557,1.7425,-0.0274,3.4451,4.838,0.0093,0.09,7.25,0.91,0.0,790.0,435,351,4,55,44,1,332.0,0.02,0.0001,31840.0,,,,
728,2000,12574,1.7316,-0.0182,3.4045,4.793,0.0093,0.1,7.7,0.91,0.0,707.0,412,286,9,58,40,1,371.0,0.03,0.0001,31851.0,,,,
729,2000,12590,1.7461,-0.0237,3.4447,4.778,0.0093,0.1,7.38,0.9,0.0,723.0,409,308,6,57,43,1,363.0,0.02,0.0001,31825.0,,,,
730,2000,12607,1.7207,-0.0116,3.3697,4.808,0.0094,0.1,7.03,0.91,0.0,642.0,349,287,6,54,45,1,408.0,0.02,0.0001,31844.0,,,,
731,2000,12623,1.6952,-0.0107,3.3172,4.839,0.0104,0.1,6.79,0.9,0.0,623.0,361,258,4,58,41,1,421.0,0.02,0.0001,31890.0,,,,
732,2000,12640,1.7265,-0.0075,3.373,4.775,0.0112,0.11,7.21,0.89,0.0,654.0,342,307,5,52,47,1,401.0,0.03,0.0001,31842.0,,,,
733,2000,12656,1.6753,-0.0148,3.2871,4.912,0.0095,0.09,9.37,0.9,0.0,541.0,271,262,8,50,48,1,485.0,0.05,0.0001,31844.0,,,,
734,2000,12673,1.6725,-0.008,3.2686,4.894,0.0132,0.12,5.48,0.88,0.0,579.0,274,281,24,47,49,4,453.0,0.04,0.0001,31850.0,,,,
735,2000,12689,1.7106,-0.0032,3.3332,4.812,0.0109,0.1,9.91,0.88,0.0,618.0,307,301,10,50,49,2,424.0,0.04,0.0001,31896.0,,,,
736,2000,12706,1.7946,0.005,3.4829,4.585,0.0133,0.13,5.47,0.85,0.0,778.0,388,380,10,50,49,1,337.0,0.04,0.0001,31836.0,,,,
737,2000,12722,1.8294,0.009,3.5446,4.583,0.01,0.1,8.69,0.86,0.0,783.0,390,385,8,50,49,1,335.0,0.05,0.0001,31909.0,,,,
738,2000,12739,1.7958,0.0077,3.4811,4.695,0.0125,0.12,5.42,0.86,0.0,735.0,353,367,15,48,50,2,357.0,0.03,0.0001,31922.0,,,,
739,2000,12755,1.7687,-0.0061,3.4536,4.632,0.0114,0.11,7.28,0.89,0.0,739.0,381,348,10,52,47,1,355.0,0.03,0.0001,31842.0,,,,
740,2000,12772,1.7896,-0.004,3.4901,4.56,0.012,0.11,7.45,0.88,0.0,764.0,351,402,11,46,53,1,343.0,0.04,0.0001,31886.0,,,,
741,2000,12789,1.8186,0.0044,3.5322,4.652,0.0119,0.12,7.83,0.89,0.0,739.0,376,347,16,51,47,2,355.0,0.04,0.0001,30748.0,,,,
742,2000,12805,1.7267,0.0017,3.3559,4.837,0.0099,0.1,10.01,0.9,0.0,597.0,291,283,23,49,47,4,439.0,0.04,0.0001,31878.0,,,,
743,2000,12822,1.7389,-0.0001,3.3849,4.897,0.0116,0.11,7.59,0.89,0.0,587.0,309,265,13,53,45,2,447.0,0.04,0.0001,31872.0,,,,
744,2000,12839,1.7686,-0.0048,3.4521,4.773,0.0124,0.12,6.15,0.87,0.0,640.0,330,301,9,52,47,1,410.0,0.05,0.0001,31880.0,,,,
745,2000,12855,1.7997,0.0026,3.4991,4.75,0.0114,0.11,9.14,0.89,0.0,783.0,397,369,17,51,47,2,335.0,0.06,0.0001,31864.0,,,,
746,2000,12872,1.8001,-0.0021,3.5081,4.648,0.0135,0.12,5.92,0.88,0.0,798.0,395,393,10,49,49,1,329.0,0.05,0.0001,31878.0,,,,
747,2000,12888,1.8319,-0.0107,3.5876,4.427,0.0126,0.12,5.64,0.88,0.0,882.0,422,440,20,48,50,2,297.0,0.04,0.0001,31871.0,,,,
748,2000,12905,1.8336,-0.0097,3.5887,4.385,0.0129,0.13,5.28,0.88,0.0,947.0,460,476,11,49,50,1,277.0,0.04,0.0001,31874.0,,,,
749,2000,12921,1.8934,0.0078,3.6736,4.402,0.0127,0.13,4.53,0.87,0.0,1043.0,499,538,6,48,52,1,251.0,0.04,0.0001,31882.0,256,7,249,50
750,2000,12953,1.8533,0.0051,3.5977,4.367,0.0113,0.12,4.96,0.89,0.0,992.0,494,495,3,50,50,0,264.0,0.04,0.0001,32000.0,,,,
751,2000,12969,1.882,0.0021,3.66,4.279,0.0116,0.12,6.2,0.89,0.0,1037.0,483,554,0,47,53,0,253.0,0.05,0.0001,31875.0,,,,
752,2000,12986,1.9087,-0.005,3.7265,4.22,0.01,0.1,7.7,0.89,0.0,1128.0,513,615,0,45,55,0,232.0,0.03,0.0001,31934.0,,,,
753,2000,13002,1.915,0.0134,3.7016,4.189,0.0096,0.1,8.71,0.9,0.0,1096.0,523,572,1,48,52,0,239.0,0.03,0.0001,31871.0,,,,
754,2000,13019,1.8613,-0.0081,3.6382,4.287,0.0071,0.08,9.4,0.9,0.0,1012.0,460,552,0,45,55,0,259.0,0.02,0.0001,31866.0,,,,
755,2000,13035,1.8813,0.0101,3.6413,4.243,0.0099,0.1,8.2,0.9,0.0,986.0,488,498,0,49,51,0,266.0,0.02,0.0001,31922.0,,,,
756,2000,13052,1.8915,0.0397,3.6025,4.203,0.0164,0.14,7.87,0.9,0.0,944.0,454,489,1,48,52,0,278.0,0.02,0.0001,31870.0,,,,
757,2000,13068,1.857,0.0232,3.5662,4.232,0.0094,0.09,11.05,0.91,0.0,886.0,412,473,1,47,53,0,296.0,0.03,0.0001,31866.0,,,,
758,2000,13085,1.8326,0.0134,3.536,4.187,0.0104,0.1,11.18,0.91,0.0,796.0,353,442,1,44,56,0,329.0,0.03,0.0001,31922.0,,,,
759,2000,13101,1.753,0.0118,3.3817,4.382,0.0112,0.1,8.67,0.92,0.0,678.0,296,381,1,44,56,0,387.0,0.03,0.0001,31877.0,,,,
760,2000,13118,1.7733,0.0268,3.3934,4.472,0.0114,0.11,9.46,0.92,0.0,697.0,306,387,4,44,56,1,376.0,0.04,0.0001,31867.0,,,,
761,2000,13135,1.828,0.0443,3.4686,4.515,0.0123,0.11,6.68,0.88,0.0,661.0,356,301,4,54,46,1,397.0,0.05,0.0001,30731.0,,,,
762,2000,13151,1.7224,0.0515,3.2477,4.927,0.0138,0.12,6.74,0.9,0.0,493.0,255,233,5,52,47,1,532.0,0.04,0.0001,31849.0,,,,
763,2000,13168,1.7138,0.0343,3.2669,5.11,0.01,0.09,9.11,0.91,0.0,430.0,223,197,10,52,46,2,610.0,0.03,0.0001,31857.0,,,,
764,2000,13184,1.6824,0.0415,3.1864,4.772,0.014,0.13,5.68,0.9,0.0,469.0,262,186,21,56,40,4,559.0,0.02,0.0001,31827.0,,,,
765,2000,13201,1.7565,0.0374,3.34,4.479,0.0143,0.14,6.8,0.89,0.0,591.0,300,283,8,51,48,1,444.0,0.03,0.0001,31832.0,,,,
766,2000,13217,1.7982,0.0323,3.4311,4.205,0.0148,0.14,5.84,0.88,0.0,682.0,322,347,13,47,51,2,384.0,0.02,0.0001,31915.0,,,,
767,2000,13234,1.7815,0.0195,3.4256,4.375,0.0144,0.14,5.88,0.9,0.0,715.0,336,368,11,47,51,2,367.0,0.02,0.0001,31828.0,,,,
768,2000,13250,1.803,0.0146,3.4755,4.204,0.0102,0.11,9.18,0.9,0.0,734.0,356,370,8,49,50,1,357.0,0.01,0.0001,31908.0,,,,
769,2000,13267,1.8529,0.0269,3.5516,4.236,0.0132,0.13,6.25,0.88,0.0,850.0,407,437,6,48,51,1,308.0,0.02,0.0001,31853.0,,,,
770,2000,13283,1.8685,0.0318,3.5738,4.301,0.0117,0.12,8.02,0.89,0.0,836.0,406,414,16,49,50,2,314.0,0.01,0.0001,31843.0,,,,
771,2000,13300,1.829,0.0284,3.502,4.408,0.0093,0.1,11.5,0.9,0.0,797.0,393,396,8,49,50,1,329.0,0.01,0.0001,31810.0,,,,
772,2000,13316,1.7681,0.0318,3.3749,4.568,0.0111,0.11,9.44,0.92,0.0,681.0,322,348,11,47,51,2,385.0,0.01,0.0001,31844.0,,,,
773,2000,13333,1.7405,0.0264,3.3313,4.678,0.0095,0.09,9.65,0.92,0.0,610.0,296,305,9,49,50,1,430.0,0.01,0.0001,31831.0,,,,
774,2000,13350,1.7553,0.0357,3.3425,4.641,0.0108,0.1,13.61,0.93,0.0,614.0,271,324,19,44,53,3,427.0,0.01,0.0001,31835.0,,,,
775,2000,13366,1.7692,0.0272,3.3844,4.405,0.0103,0.1,13.84,0.92,0.0,640.0,309,319,12,48,50,2,410.0,0.02,0.0001,31841.0,,,,
776,2000,13383,1.6946,0.0213,3.2486,4.616,0.0111,0.1,17.03,0.94,0.0,532.0,258,265,9,48,50,2,493.0,0.02,0.0001,31847.0,,,,
777,2000,13399,1.6718,0.0217,3.2051,4.826,0.0083,0.08,13.13,0.93,0.0,450.0,222,211,17,49,47,4,583.0,0.01,0.0001,31928.0,,,,
778,2000,13416,1.6182,0.0183,3.104,4.828,0.0077,0.07,14.45,0.94,0.0,417.0,180,217,20,43,52,5,629.0,0.01,0.0001,31923.0,,,,
779,2000,13432,1.64,0.022,3.141,4.832,0.0104,0.09,13.33,0.93,0.0,438.0,204,206,28,47,47,6,599.0,0.02,0.0001,31851.0,,,,
780,2000,13449,1.6326,0.029,3.1145,4.885,0.0118,0.1,13.74,0.93,0.0,451.0,203,194,54,45,43,12,581.0,0.01,0.0001,31837.0,,,,
781,2000,13466,1.6551,0.021,3.176,4.943,0.0116,0.09,10.83,0.91,0.0,482.0,205,229,48,43,48,10,544.0,0.03,0.0001,30744.0,,,,
782,2000,13482,1.722,0.0245,3.3008,4.736,0.0153,0.13,7.06,0.89,0.0,609.0,295,269,45,48,44,7,430.0,0.04,0.0001,31969.0,,,,
783,2000,13499,1.8386,0.0202,3.5393,4.438,0.0138,0.12,7.83,0.87,0.0,800.0,346,402,52,43,50,6,328.0,0.04,0.0001,31877.0,,,,
784,2000,13515,1.8832,0.0162,3.6355,4.313,0.0149,0.14,5.94,0.86,0.0,1013.0,453,507,53,45,50,5,259.0,0.02,0.0001,31883.0,,,,
785,2000,13532,1.8552,0.012,3.5863,4.316,0.0148,0.13,4.82,0.89,0.0,980.0,432,535,13,44,55,1,267.0,0.02,0.0001,31886.0,,,,
786,2000,13548,1.8857,0.0279,3.6145,4.257,0.0124,0.12,7.75,0.89,0.0,935.0,441,480,14,47,51,1,280.0,0.02,0.0001,31951.0,,,,
787,2000,13565,1.8372,0.0148,3.5448,4.342,0.0108,0.11,8.97,0.89,0.0,879.0,426,435,18,48,49,2,298.0,0.03,0.0001,31959.0,,,,
788,2000,13581,1.8067,0.0219,3.4702,4.444,0.0113,0.11,12.24,0.9,0.0,765.0,377,377,11,49,49,1,343.0,0.02,0.0001,31884.0,,,,
789,2000,13598,1.7893,0.0256,3.428,4.475,0.0137,0.12,11.82,0.9,0.0,750.0,366,364,20,49,49,3,350.0,0.02,0.0001,31873.0,,,,
790,2000,13614,1.766,0.0316,3.3699,4.528,0.0109,0.1,8.6,0.9,0.0,761.0,369,369,23,48,48,3,344.0,0.02,0.0001,31895.0,,,,
791,2000,13631,1.8213,0.035,3.4732,4.45,0.0111,0.1,10.57,0.89,0.0,779.0,341,403,35,44,52,4,337.0,0.02,0.0001,31969.0,,,,
792,2000,13647,1.8386,0.041,3.4968,4.509,0.0107,0.1,11.99,0.9,0.0,842.0,376,444,22,45,53,3,311.0,0.03,0.0001,31883.0,,,,
793,2000,13664,1.7817,0.0339,3.3979,4.575,0.0115,0.11,7.29,0.91,0.0,752.0,349,383,20,46,51,3,349.0,0.03,0.0001,31948.0,,,,
794,2000,13680,1.7781,0.0393,3.3805,4.649,0.0111,0.1,7.34,0.9,0.0,731.0,344,373,14,47,51,2,359.0,0.03,0.0001,31964.0,,,,
795,2000,13697,1.7159,0.038,3.2617,4.9,0.0125,0.1,6.89,0.91,0.0,619.0,285,325,9,46,53,1,423.0,0.03,0.0001,31873.0,,,,
796,2000,13713,1.6663,0.0255,3.1902,5.112,0.0123,0.1,9.62,0.91,0.0,562.0,258,284,20,46,51,4,466.0,0.02,0.0001,31881.0,,,,
797,2000,13730,1.6359,0.0258,3.1298,5.207,0.0102,0.08,10.98,0.93,0.0,439.0,197,222,20,45,51,5,597.0,0.02,0.0001,31972.0,,,,
798,2000,13746,1.62,0.0263,3.0964,5.011,0.0093,0.08,9.24,0.93,0.0,424.0,176,210,38,42,50,9,618.0,0.02,0.0001,31935.0,,,,
799,2000,13763,1.63,0.0263,3.1191,5.179,0.0091,0.07,15.48,0.93,0.0,512.0,204,254,54,40,50,11,512.0,0.02,0.0001,31890.0,245,10,257,48
800,2000,13794,1.5906,0.0275,3.0388,5.102,0.0123,0.1,7.85,0.93,0.0,469.0,188,228,53,40,49,11,559.0,0.01,0.0001,32101.0,,,,
801,2000,13811,1.5592,0.0169,2.9989,5.208,0.0117,0.09,6.1,0.93,0.0,418.0,178,173,67,43,41,16,627.0,0.01,0.0001,30708.0,,,,
802,2000,13828,1.5355,0.0094,2.9655,5.233,0.0105,0.08,9.47,0.94,0.0,341.0,151,141,49,44,41,14,769.0,0.02,0.0001,31863.0,,,,
803,2000,13844,1.5865,0.0125,3.062,5.131,0.0128,0.1,5.4,0.93,0.0,449.0,218,161,70,49,36,16,584.0,0.03,0.0001,31867.0,,,,
804,2000,13861,1.595,0.0022,3.0979,4.991,0.0121,0.11,6.29,0.93,0.0,474.0,225,187,62,47,39,13,553.0,0.04,0.0001,31898.0,,,,
805,2000,13877,1.634,0.0087,3.1627,4.892,0.0134,0.12,4.33,0.9,0.0,549.0,246,234,69,45,43,13,477.0,0.04,0.0001,31942.0,,,,
806,2000,13894,1.7124,0.0142,3.3038,4.705,0.0125,0.12,4.89,0.88,0.0,662.0,293,322,47,44,49,7,396.0,0.04,0.0001,31872.0,,,,
807,2000,13910,1.6979,0.0098,3.283,4.688,0.0115,0.11,5.55,0.9,0.0,605.0,275,278,52,45,46,9,433.0,0.04,0.0001,31870.0,,,,
808,2000,13927,1.7306,0.0194,3.3282,4.659,0.0121,0.12,5.47,0.9,0.0,689.0,313,342,34,45,50,5,380.0,0.05,0.0001,31875.0,,,,
809,2000,13943,1.7539,0.0165,3.3803,4.592,0.0105,0.11,5.46,0.9,0.0,773.0,362,366,45,47,47,6,339.0,0.04,0.0001,31881.0,,,,
810,2000,13960,1.7438,0.0226,3.3486,4.683,0.0123,0.11,5.14,0.91,0.0,744.0,341,364,39,46,49,5,352.0,0.03,0.0001,31898.0,,,,
811,2000,13976,1.7212,0.0115,3.326,4.706,0.0104,0.1,8.55,0.92,0.0,657.0,306,321,30,47,49,5,399.0,0.03,0.0001,31944.0,,,,
812,2000,13993,1.6814,0.004,3.2614,4.829,0.0094,0.09,6.78,0.92,0.0,596.0,272,307,17,46,52,3,440.0,0.03,0.0001,31891.0,,,,
813,2000,14009,1.6884,0.0118,3.2615,4.861,0.0118,0.1,6.05,0.93,0.0,666.0,303,321,42,45,48,6,394.0,0.03,0.0001,31900.0,,,,
814,2000,14026,1.6868,0.0095,3.2633,4.861,0.011,0.1,7.59,0.93,0.0,619.0,271,293,55,44,47,9,423.0,0.01,0.0001,31885.0,,,,
815,2000,14042,1.6448,0.0128,3.1745,4.995,0.0098,0.09,6.1,0.94,0.0,571.0,247,270,54,43,47,9,459.0,0.02,0.0001,31883.0,,,,
816,2000,14059,1.5717,-0.0037,3.0638,5.264,0.0056,0.05,10.63,0.95,0.0,428.0,197,186,45,46,43,11,612.0,0.02,0.0001,31954.0,,,,
817,2000,14075,1.5477,0.0114,2.9886,5.471,0.0075,0.06,8.51,0.96,0.0,393.0,167,173,53,42,44,13,667.0,0.02,0.0001,31874.0,,,,
818,2000,14092,1.576,0.015,3.0371,5.309,0.0097,0.07,6.95,0.95,0.0,456.0,188,190,78,41,42,17,575.0,0.03,0.0001,31884.0,,,,
819,2000,14108,1.6488,0.0146,3.1804,5.04,0.011,0.09,6.09,0.93,0.0,591.0,215,294,82,36,50,14,444.0,0.04,0.0001,31900.0,,,,
820,2000,14125,1.6767,0.0122,3.2408,4.888,0.0112,0.1,5.94,0.93,0.0,662.0,268,313,81,40,47,12,396.0,0.03,0.0001,31885.0,,,,
821,2000,14142,1.7054,0.008,3.3038,4.835,0.0111,0.1,9.99,0.93,0.0,583.0,233,289,61,40,50,10,450.0,0.02,0.0001,30729.0,,,,
822,2000,14158,1.6685,0.0108,3.2247,4.916,0.0096,0.09,13.49,0.94,0.0,540.0,257,231,52,48,43,10,485.0,0.03,0.0001,31840.0,,,,
823,2000,14175,1.59,0.0107,3.0712,5.118,0.0103,0.09,4.97,0.94,0.0,489.0,208,223,58,43,46,12,536.0,0.02,0.0001,31860.0,,,,
824,2000,14191,1.5898,-0.0025,3.0986,5.11,0.0111,0.1,5.86,0.94,0.0,472.0,205,215,52,43,46,11,555.0,0.02,0.0001,31869.0,,,,
825,2000,14208,1.5501,-0.0021,3.022,5.233,0.0119,0.1,4.98,0.95,0.0,459.0,209,178,72,46,39,16,571.0,0.03,0.0001,31865.0,,,,
826,2000,14224,1.6007,-0.0031,3.1235,5.097,0.0126,0.11,4.54,0.93,0.0,537.0,218,252,67,41,47,12,488.0,0.04,0.0001,31884.0,,,,
827,2000,14241,1.626,-0.0087,3.1826,4.922,0.0122,0.1,4.9,0.93,0.0,541.0,262,221,58,48,41,11,485.0,0.02,0.0001,31925.0,,,,
828,2000,14257,1.6077,-0.0153,3.1608,5.044,0.008,0.07,6.45,0.94,0.0,523.0,239,225,59,46,43,11,501.0,0.03,0.0001,31910.0,,,,
829,2000,14274,1.6558,-0.0155,3.2567,4.888,0.0105,0.09,5.73,0.93,0.0,625.0,282,275,68,45,44,11,419.0,0.03,0.0001,31878.0,,,,
830,2000,14290,1.7204,-0.008,3.3656,4.723,0.0104,0.1,8.67,0.93,0.0,669.0,305,318,46,46,48,7,392.0,0.01,0.0001,31917.0,,,,
831,2000,14307,1.6758,-0.0142,3.2901,4.794,0.0084,0.08,8.52,0.94,0.0,629.0,310,265,54,49,42,9,417.0,0.01,0.0001,31902.0,,,,
832,2000,14323,1.6923,-0.0187,3.3304,4.785,0.0069,0.07,13.85,0.94,0.0,620.0,317,269,34,51,43,5,423.0,0.02,0.0001,31906.0,,,,
833,2000,14340,1.6585,-0.0078,3.2413,4.84,0.0109,0.1,8.76,0.94,0.0,590.0,302,253,35,51,43,6,444.0,0.02,0.0001,31920.0,,,,
834,2000,14356,1.6852,-0.0158,3.3102,4.781,0.0109,0.1,8.41,0.93,0.0,640.0,326,264,50,51,41,8,410.0,0.02,0.0001,31857.0,,,,
835,2000,14373,1.7027,-0.0067,3.3266,4.731,0.0096,0.09,8.96,0.93,0.0,671.0,353,264,54,53,39,8,391.0,0.02,0.0001,31921.0,,,,
836,2000,14389,1.7342,0.0028,3.3692,4.727,0.0122,0.1,7.78,0.93,0.0,725.0,378,297,50,52,41,7,362.0,0.02,0.0001,31864.0,,,,
837,2000,14406,1.7816,-0.0016,3.4716,4.572,0.0102,0.09,10.61,0.93,0.0,819.0,429,352,38,52,43,5,320.0,0.02,0.0001,31862.0,,,,
838,2000,14422,1.8113,0.0085,3.5085,4.521,0.012,0.1,9.08,0.93,0.0,860.0,469,370,21,55,43,2,305.0,0.02,0.0001,31875.0,,,,
839,2000,14439,1.8114,0.0123,3.5005,4.47,0.0131,0.11,7.97,0.93,0.0,865.0,453,390,22,52,45,3,303.0,0.02,0.0001,31869.0,,,,
840,2000,14455,1.8439,0.0297,3.5309,4.499,0.0115,0.1,10.97,0.93,0.0,862.0,483,363,16,56,42,2,304.0,0.02,0.0001,31865.0,,,,
841,2000,14472,1.843,0.0134,3.5649,4.601,0.0148,0.12,5.89,0.91,0.0,824.0,370,434,20,45,53,2,318.0,0.02,0.0001,30817.0,,,,
842,2000,14489,1.8636,0.022,3.5907,4.714,0.0139,0.12,8.76,0.9,0.0,913.0,388,497,28,42,54,3,287.0,0.02,0.0001,31875.0,,,,
843,2000,14505,1.8508,0.0286,3.5485,4.518,0.0135,0.11,7.66,0.91,0.0,872.0,358,495,19,41,57,2,301.0,0.03,0.0001,31862.0,,,,
844,2000,14522,1.8167,0.0246,3.4875,4.471,0.0119,0.11,8.47,0.92,0.0,821.0,349,460,12,43,56,1,319.0,0.06,0.0001,31871.0,,,,
845,2000,14538,1.8942,0.0218,3.647,4.399,0.0102,0.09,24.15,0.92,0.0,908.0,400,489,19,44,54,2,289.0,0.04,0.0001,31886.0,,,,
846,2000,14555,1.8509,0.0479,3.5079,4.42,0.0116,0.11,9.75,0.93,0.0,958.0,425,524,9,44,55,1,274.0,0.04,0.0001,31878.0,,,,
847,2000,14571,1.8303,0.0423,3.478,4.436,0.0115,0.1,11.78,0.93,0.0,864.0,411,441,12,48,51,1,303.0,0.04,0.0001,31875.0,,,,
848,2000,14588,1.8402,0.0279,3.5258,4.409,0.0095,0.09,14.58,0.92,0.0,813.0,379,421,13,47,52,2,322.0,0.04,0.0001,31957.0,,,,
849,2000,14604,1.8427,0.0296,3.5266,4.334,0.009,0.09,18.28,0.93,0.0,843.0,378,447,18,45,53,2,311.0,0.04,0.0001,31871.0,286,9,217,56
850,2000,14636,1.8084,0.0194,3.4791,4.392,0.0115,0.1,13.23,0.93,0.0,829.0,381,433,15,46,52,2,316.0,0.04,0.0001,32015.0,,,,
851,2000,14652,1.8307,0.0232,3.5172,4.469,0.0132,0.11,22.24,0.92,0.0,810.0,379,415,16,47,51,2,324.0,0.04,0.0001,31931.0,,,,
852,2000,14669,1.8123,0.0431,3.439,4.368,0.0124,0.11,14.22,0.94,0.0,708.0,316,372,20,45,53,3,370.0,0.03,0.0001,31852.0,,,,
853,2000,14685,1.7844,0.0245,3.4211,4.379,0.0131,0.11,10.16,0.94,0.0,767.0,342,409,16,45,53,2,342.0,0.04,0.0001,31853.0,,,,
854,2000,14702,1.7877,0.0142,3.4481,4.374,0.0134,0.12,9.88,0.93,0.0,816.0,390,403,23,48,49,3,321.0,0.02,0.0001,31843.0,,,,
855,2000,14718,1.8419,0.0038,3.5767,4.246,0.0149,0.13,8.68,0.92,0.0,1002.0,464,494,44,46,49,4,262.0,0.03,0.0001,31843.0,,,,
856,2000,14735,1.9093,0.0041,3.7087,4.024,0.0126,0.12,14.65,0.92,0.0,1136.0,557,564,15,49,50,1,231.0,0.03,0.0001,31844.0,,,,
857,2000,14752,1.8983,-0.0271,3.7492,4.035,0.0135,0.13,13.7,0.92,0.0,1189.0,598,582,9,50,49,1,220.0,0.02,0.0001,31836.0,,,,
858,2000,14768,1.9774,0.0321,3.7875,3.91,0.0155,0.13,8.31,0.92,0.0,1309.0,683,623,3,52,48,0,200.0,0.01,0.0001,31856.0,,,,
859,2000,14785,1.9446,0.0297,3.7271,3.925,0.0163,0.14,6.88,0.92,0.0,1280.0,647,631,2,51,49,0,205.0,0.01,0.0001,31849.0,,,,
860,2000,14801,1.9499,0.0263,3.7444,3.92,0.0155,0.14,7.82,0.92,0.0,1218.0,575,641,2,47,53,0,215.0,0.02,0.0001,31922.0,,,,
861,2000,14818,1.9792,0.0348,3.7888,4.081,0.0153,0.14,9.47,0.89,0.0,1212.0,669,538,5,55,44,0,216.0,0.02,0.0001,30723.0,,,,
862,2000,14835,1.8939,0.0346,3.6208,4.301,0.0167,0.15,6.27,0.89,0.0,1023.0,583,439,1,57,43,0,256.0,0.04,0.0001,31867.0,,,,
863,2000,14851,1.8333,0.0194,3.531,4.4,0.015,0.13,9.22,0.9,0.0,846.0,473,369,4,56,44,0,310.0,0.03,0.0001,31934.0,,,,
864,2000,14868,1.7939,0.0186,3.454,4.432,0.0152,0.13,6.08,0.9,0.0,837.0,437,391,9,52,47,1,313.0,0.04,0.0001,31869.0,,,,
865,2000,14884,1.8139,0.0169,3.4971,4.429,0.0148,0.13,7.09,0.9,0.0,896.0,474,412,10,53,46,1,293.0,0.04,0.0001,31867.0,,,,
866,2000,14901,1.7656,0.0114,3.4125,4.525,0.0121,0.11,6.34,0.91,0.0,872.0,470,383,19,54,44,2,301.0,0.03,0.0001,31871.0,,,,
867,2000,14917,1.7673,0.0137,3.412,4.583,0.0134,0.12,5.77,0.91,0.0,822.0,454,348,20,55,42,2,319.0,0.03,0.0001,31881.0,,,,
868,2000,14934,1.7437,0.0195,3.3532,4.598,0.0133,0.12,5.92,0.92,0.0,787.0,403,367,17,51,47,2,333.0,0.03,0.0001,31936.0,,,,
869,2000,14950,1.7607,0.0203,3.3856,4.575,0.0134,0.12,5.96,0.91,0.0,867.0,455,394,18,52,45,2,302.0,0.02,0.0001,31905.0,,,,
870,2000,14967,1.7291,0.0187,3.3255,4.605,0.0109,0.09,10.35,0.93,0.0,781.0,388,365,28,50,47,4,336.0,0.02,0.0001,31875.0,,,,
871,2000,14983,1.7034,0.0139,3.2851,4.665,0.0114,0.1,8.73,0.93,0.0,764.0,360,363,41,47,48,5,343.0,0.02,0.0001,31888.0,,,,
872,2000,15000,1.7183,0.0208,3.2993,4.563,0.0108,0.1,6.28,0.93,0.0,778.0,401,332,45,52,43,6,337.0,0.02,0.0001,31875.0,,,,
873,2000,15016,1.705,0.0297,3.2553,4.591,0.0117,0.1,7.14,0.93,0.0,705.0,312,358,35,44,51,5,372.0,0.01,0.0001,31867.0,,,,
874,2000,15033,1.724,0.0324,3.2877,4.566,0.0116,0.1,7.76,0.93,0.0,715.0,353,313,49,49,44,7,367.0,0.02,0.0001,31877.0,,,,
875,2000,15049,1.7409,0.0322,3.3203,4.418,0.0121,0.1,10.71,0.94,0.0,724.0,351,321,52,48,44,7,362.0,0.02,0.0001,31875.0,,,,
876,2000,15066,1.761,0.0276,3.3693,4.312,0.0117,0.1,10.43,0.93,0.0,810.0,340,412,58,42,51,7,324.0,0.03,0.0001,31909.0,,,,
877,2000,15082,1.7409,0.0273,3.3304,4.381,0.013,0.11,8.15,0.94,0.0,761.0,356,359,46,47,47,6,344.0,0.02,0.0001,31872.0,,,,
878,2000,15099,1.733,0.0218,3.3271,4.536,0.0126,0.11,9.53,0.93,0.0,743.0,350,356,37,47,48,5,353.0,0.03,0.0001,31918.0,,,,
879,2000,15115,1.7332,0.0264,3.319,4.58,0.0112,0.09,10.89,0.93,0.0,681.0,322,331,28,47,49,4,385.0,0.04,0.0001,31851.0,,,,
880,2000,15132,1.7172,0.017,3.305,4.557,0.0115,0.1,10.93,0.94,0.0,645.0,310,308,27,48,48,4,406.0,0.05,0.0001,31915.0,,,,
881,2000,15149,1.7227,0.0102,3.333,4.842,0.0096,0.08,20.87,0.91,0.0,573.0,258,262,53,45,46,9,457.0,0.06,0.0001,30780.0,,,,
882,2000,15165,1.5992,0.0121,3.087,5.28,0.0106,0.09,20.72,0.94,0.0,341.0,162,142,37,48,42,11,769.0,0.05,0.0001,31862.0,,,,
883,2000,15182,1.4941,0.0105,2.8821,5.483,0.014,0.11,3.84,0.93,0.0,305.0,115,147,43,38,48,14,859.0,0.06,0.0001,31967.0,,,,
884,2000,15198,1.6035,0.0041,3.1117,5.228,0.0145,0.12,12.24,0.91,0.0,422.0,189,191,42,45,45,10,621.0,0.06,0.0001,31879.0,,,,
885,2000,15215,1.6531,0.0002,3.2163,5.059,0.01,0.09,9.98,0.91,0.0,465.0,195,233,37,42,50,8,564.0,0.02,0.0001,31883.0,,,,
886,2000,15231,1.6195,0.0016,3.146,5.056,0.011,0.09,7.75,0.91,0.0,528.0,216,261,51,41,49,10,496.0,0.01,0.0001,31885.0,,,,
887,2000,15248,1.6581,0.0125,3.2018,5.051,0.0125,0.11,6.34,0.9,0.0,581.0,252,296,33,43,51,6,451.0,0.01,0.0001,31876.0,,,,
888,2000,15264,1.674,0.0265,3.205,5.057,0.0122,0.1,10.08,0.92,0.0,547.0,247,280,20,45,51,4,479.0,0.01,0.0001,31882.0,,,,
889,2000,15281,1.7087,0.0235,3.2808,5.071,0.0106,0.09,13.8,0.91,0.0,581.0,267,294,20,46,51,3,451.0,0.02,0.0001,31927.0,,,,
890,2000,15297,1.8227,0.0334,3.4861,4.822,0.0074,0.07,15.99,0.91,0.0,767.0,367,387,13,48,50,2,342.0,0.02,0.0001,31949.0,,,,
891,2000,15314,1.812,0.0528,3.4258,4.786,0.0121,0.11,9.61,0.91,0.0,813.0,383,404,26,47,50,3,322.0,0.02,0.0001,31887.0,,,,
892,2000,15330,1.897,0.0582,3.5832,4.645,0.0085,0.08,16.52,0.91,0.0,895.0,446,431,18,50,48,2,293.0,0.02,0.0001,31852.0,,,,
893,2000,15347,1.8902,0.0762,3.5336,4.6,0.0135,0.12,7.76,0.9,0.0,956.0,454,490,12,47,51,1,274.0,0.02,0.0001,31877.0,,,,
894,2000,15363,1.9118,0.056,3.6159,4.473,0.0146,0.12,7.79,0.89,0.0,1007.0,502,493,12,50,49,1,260.0,0.03,0.0001,31860.0,,,,
895,2000,15380,1.914,0.0481,3.6355,4.424,0.0123,0.11,9.85,0.9,0.0,1004.0,485,509,10,48,51,1,261.0,0.03,0.0001,31932.0,,,,
896,2000,15396,1.9351,0.0622,3.6486,4.393,0.0132,0.11,10.21,0.91,0.0,1016.0,499,508,9,49,50,1,258.0,0.03,0.0001,31885.0,,,,
897,2000,15413,1.8766,0.0518,3.5535,4.509,0.0118,0.1,15.52,0.92,0.0,873.0,421,444,8,48,51,1,300.0,0.02,0.0001,31858.0,,,,
898,2000,15429,1.7814,0.0352,3.3972,4.622,0.0114,0.11,10.04,0.93,0.0,715.0,345,367,3,48,51,0,367.0,0.02,0.0001,31892.0,,,,
899,2000,15446,1.7552,0.0366,3.3441,4.771,0.0128,0.11,9.08,0.92,0.0,663.0,312,348,3,47,52,0,395.0,0.03,0.0001,31894.0,282,8,222,55
900,2000,15477,1.7213,0.0265,3.2974,4.837,0.0116,0.1,12.65,0.92,0.0,619.0,293,321,5,47,52,1,423.0,0.03,0.0001,32002.0,,,,
901,2000,15494,1.7093,0.0377,3.2546,5.111,0.0139,0.11,7.39,0.91,0.0,578.0,328,238,12,57,41,2,454.0,0.03,0.0001,30789.0,,,,
902,2000,15511,1.6582,0.032,3.1651,5.24,0.0111,0.09,5.82,0.91,0.0,480.0,259,208,13,54,43,3,546.0,0.02,0.0001,31910.0,,,,
903,2000,15527,1.6736,0.0313,3.1982,5.27,0.0116,0.1,6.49,0.91,0.0,543.0,297,224,22,55,41,4,483.0,0.04,0.0001,31892.0,,,,
904,2000,15544,1.6615,0.0354,3.1656,5.314,0.0112,0.1,5.31,0.92,0.0,478.0,252,200,26,53,42,5,548.0,0.04,0.0001,31926.0,,,,
905,2000,15560,1.6838,0.0306,3.2188,5.207,0.0099,0.09,8.6,0.92,0.0,527.0,278,225,24,53,43,5,497.0,0.03,0.0001,31914.0,,,,
906,2000,15577,1.6175,0.0266,3.0953,5.34,0.0092,0.08,7.57,0.93,0.0,435.0,225,189,21,52,43,5,603.0,0.04,0.0001,31907.0,,,,
907,2000,15593,1.5232,0.0269,2.9091,5.667,0.0077,0.06,7.13,0.95,0.0,291.0,139,132,20,48,45,7,901.0,0.04,0.0001,31920.0,,,,
908,2000,15610,1.5189,0.0149,2.9247,5.65,0.0078,0.06,7.34,0.93,0.0,331.0,164,128,39,50,39,12,792.0,0.04,0.0001,31902.0,,,,
909,2000,15626,1.5127,0.0177,2.9067,5.653,0.0103,0.08,5.28,0.93,0.0,329.0,152,139,38,46,42,12,797.0,0.05,0.0001,31909.0,,,,
910,2000,15643,1.5547,0.0179,2.9897,5.59,0.009,0.07,6.64,0.93,0.0,358.0,153,164,41,43,46,11,732.0,0.04,0.0001,31905.0,,,,
911,2000,15659,1.5376,0.017,2.9577,5.552,0.01,0.08,4.9,0.93,0.0,356.0,169,152,35,47,43,10,736.0,0.04,0.0001,31900.0,,,,
912,2000,15676,1.5503,0.0168,2.9842,5.527,0.0125,0.09,6.17,0.93,0.0,363.0,173,157,33,48,43,9,722.0,0.04,0.0001,31890.0,,,,
913,2000,15692,1.5185,0.0179,2.9194,5.67,0.0084,0.06,6.58,0.95,0.0,304.0,138,131,35,45,43,12,862.0,0.05,0.0001,31904.0,,,,
914,2000,15709,1.4807,0.0157,2.8495,5.788,0.0107,0.07,5.43,0.96,0.0,278.0,124,120,34,45,43,12,943.0,0.03,0.0001,31896.0,,,,
915,2000,15725,1.4681,0.0127,2.8305,5.781,0.0076,0.05,6.49,0.96,0.0,251.0,119,99,33,47,39,13,1044.0,0.04,0.0001,31901.0,,,,
916,2000,15742,1.4906,0.0045,2.893,5.711,0.0065,0.05,10.79,0.96,0.0,300.0,137,114,49,46,38,16,874.0,0.04,0.0001,31904.0,,,,
917,2000,15758,1.499,0.0114,2.8972,5.792,0.0095,0.06,6.44,0.96,0.0,307.0,132,120,55,43,39,18,854.0,0.04,0.0001,31906.0,,,,
918,2000,15775,1.5377,0.0045,2.9866,5.711,0.0085,0.07,7.93,0.96,0.0,324.0,135,144,45,42,44,14,809.0,0.03,0.0001,31933.0,,,,
919,2000,15791,1.6053,0.0069,3.1131,5.475,0.0115,0.09,7.3,0.95,0.0,437.0,225,183,29,51,42,7,600.0,0.03,0.0001,31941.0,,,,
920,2000,15808,1.7552,0.0081,3.4063,5.047,0.0102,0.09,13.34,0.93,0.0,660.0,354,283,23,54,43,3,397.0,0.03,0.0001,31889.0,,,,
921,2000,15825,1.8418,-0.0074,3.6098,4.994,0.0127,0.11,13.08,0.92,0.0,816.0,397,400,19,49,49,2,321.0,0.04,0.0001,30732.0,,,,
922,2000,15842,1.7844,0.0012,3.4784,5.059,0.0133,0.11,6.19,0.92,0.0,785.0,384,393,8,49,50,1,334.0,0.07,0.0001,31880.0,,,,
923,2000,15858,1.8097,0.013,3.5039,4.98,0.0129,0.11,6.57,0.92,0.0,858.0,440,408,10,51,48,1,306.0,0.05,0.0001,31875.0,,,,
924,2000,15875,1.8328,0.0226,3.5305,4.928,0.0136,0.11,6.91,0.91,0.0,886.0,448,431,7,51,49,1,296.0,0.03,0.0001,31906.0,,,,
925,2000,15891,1.7727,-0.0031,3.4613,4.927,0.0118,0.11,6.15,0.92,0.0,837.0,404,433,0,48,52,0,313.0,0.04,0.0001,31871.0,,,,
926,2000,15908,1.7552,-0.0047,3.4295,4.915,0.0113,0.1,5.92,0.93,0.0,806.0,419,384,3,52,48,0,325.0,0.04,0.0001,31894.0,,,,
927,2000,15924,1.7484,0.0103,3.388,5.086,0.0117,0.1,5.22,0.93,0.0,741.0,349,388,4,47,52,1,354.0,0.03,0.0001,31875.0,,,,
928,2000,15941,1.7894,0.0069,3.4739,4.83,0.0117,0.1,6.95,0.92,0.0,824.0,378,445,1,46,54,0,318.0,0.03,0.0001,31900.0,,,,
929,2000,15957,1.7487,0.0003,3.4066,4.884,0.0085,0.09,8.99,0.93,0.0,743.0,357,386,0,48,52,0,353.0,0.04,0.0001,31890.0,,,,
930,2000,15974,1.7729,0.0032,3.4484,4.789,0.0117,0.11,5.93,0.93,0.0,807.0,356,450,1,44,56,0,325.0,0.04,0.0001,31915.0,,,,
931,2000,15990,1.8044,0.0147,3.4878,4.711,0.012,0.11,5.51,0.92,0.0,779.0,374,404,1,48,52,0,337.0,0.05,0.0001,31881.0,,,,
932,2000,16007,1.805,0.0256,3.4674,4.763,0.0143,0.13,4.46,0.91,0.0,799.0,371,427,1,46,53,0,328.0,0.04,0.0001,31925.0,,,,
933,2000,16023,1.7786,-0.0015,3.4685,4.748,0.0107,0.1,6.03,0.91,0.0,788.0,372,412,4,47,52,1,333.0,0.04,0.0001,31878.0,,,,
934,2000,16040,1.7384,0.0067,3.3731,4.873,0.0114,0.11,4.61,0.92,0.0,798.0,413,380,5,52,48,1,329.0,0.06,0.0001,31878.0,,,,
935,2000,16056,1.7764,0.0069,3.4481,4.81,0.0108,0.1,6.48,0.92,0.0,792.0,369,420,3,47,53,0,331.0,0.04,0.0001,31876.0,,,,
936,2000,16073,1.783,0.0099,3.4551,4.838,0.0121,0.1,6.59,0.92,0.0,807.0,357,449,1,44,56,0,325.0,0.05,0.0001,31866.0,,,,
937,2000,16089,1.8073,0.0152,3.4926,4.742,0.0107,0.1,5.26,0.91,0.0,846.0,375,466,5,44,55,1,310.0,0.04,0.0001,31918.0,,,,
938,2000,16106,1.8032,0.0118,3.4891,4.599,0.0111,0.1,6.08,0.92,0.0,828.0,373,451,4,45,54,0,317.0,0.04,0.0001,31881.0,,,,
939,2000,16122,1.7868,0.0132,3.4539,4.621,0.0106,0.1,6.87,0.92,0.0,803.0,395,406,2,49,51,0,326.0,0.02,0.0001,31920.0,,,,
940,2000,16139,1.7968,0.0207,3.4582,4.594,0.0114,0.1,6.78,0.92,0.0,786.0,382,402,2,49,51,0,334.0,0.02,0.0001,31880.0,,,,
941,2000,16156,1.8309,0.0052,3.5575,4.504,0.0111,0.11,6.13,0.91,0.0,831.0,352,477,2,42,57,0,315.0,0.02,0.0001,30782.0,,,,
942,2000,16172,1.8202,-0.0078,3.562,4.466,0.0116,0.11,5.88,0.91,0.0,863.0,380,479,4,44,56,0,304.0,0.04,0.0001,31970.0,,,,
943,2000,16189,1.7574,-0.0065,3.4356,4.649,0.0109,0.11,5.4,0.92,0.0,720.0,346,371,3,48,52,0,364.0,0.05,0.0001,31979.0,,,,
944,2000,16205,1.7206,0.0021,3.3451,4.702,0.01,0.1,7.53,0.93,0.0,616.0,291,319,6,47,52,1,426.0,0.05,0.0001,31915.0,,,,
945,2000,16222,1.6865,-0.0001,3.281,4.659,0.0108,0.1,7.13,0.94,0.0,573.0,289,275,9,50,48,2,457.0,0.06,0.0001,31913.0,,,,
946,2000,16238,1.7353,0.0125,3.3548,4.697,0.0124,0.11,5.3,0.93,0.0,678.0,306,355,17,45,52,3,387.0,0.04,0.0001,31907.0,,,,
947,2000,16255,1.7664,0.0077,3.4255,4.671,0.0106,0.1,6.76,0.93,0.0,780.0,359,411,10,46,53,1,336.0,0.04,0.0001,31919.0,,,,
948,2000,16271,1.7453,0.0109,3.378,4.712,0.0111,0.1,4.89,0.93,0.0,764.0,334,413,17,44,54,2,343.0,0.03,0.0001,31985.0,,,,
949,2000,16288,1.6951,0.0159,3.2689,4.886,0.0098,0.09,6.14,0.94,0.0,614.0,246,355,13,40,58,2,427.0,0.02,0.0001,31875.0,,,,
